[LN1      ] [pipeline] [info] Running in CPU mode
[LN2      ] [chunk_20_pipeline_main.py] [info] [running] Starting Stock Analysis Pipeline
[LN3      ] [chunk_20_pipeline_main.py] [info]    Data path: for_train_x_2025_10_24_clean.csv
[LN4      ] [chunk_20_pipeline_main.py] [info]    Dataset shape: 6,727,216 rows x 23 columns (937.4 MB)
[LN5      ] [chunk_20_pipeline_main.py] [info] date,Market_Cap,52W_Low,Prev_Close,Price,Volume,52W_High,Perf_YTD,Perf_Year,SMA200,Perf_Half_Y,Avg_Volume,Perf_Quarter,SMA50,Perf_Month,SMA20,ATR,RSI_14,Perf_Week,Rel_Volume,Change,ChangeY,Ticker_id
[LN6      ] [chunk_20_pipeline_main.py] [info] 20251023,41800000000.0,96.43,145.87,147.46,1210044.0,153.84,9.77,7.82,19.5,37.79,1660000.0,22.7,13.74,18.56,6.35,3.53,73.97,4.51,0.73,1.09,0.39,0
[LN7      ] [chunk_20_pipeline_main.py] [info] 20251023,41210000.0,1.23,1.34,1.36,65395.0,9.42,-83.02,-83.75,-58.1,-46.03,233070.0,-47.29,-8.91,-9.33,-3.73,0.08,41.13,1.49,0.28,1.49,2.94,5922
[LN8      ] [chunk_20_pipeline_main.py] [info] 20220301,37970000000.0,17.3,130.36,131.93,2634067.0,-26.53,-17.36,6.7,-13.15,-25.35,1930000.0,-14.01,-7.93,-3.74,-3.32,4.46,43.16,1.1,1.36,1.2,0.93,0
[LN9      ] [chunk_20_pipeline_main.py] [info] 20220301,0.0,0.92,9.88,9.88,0.0,-11.39,-1.3,0.0,-3.31,-1.89,1130.0,-1.1,-1.36,-2.18,-0.88,0.05,39.18,-0.5,0.44,0.0,0.0,12541
[LN10     ] [chunk_20_pipeline_main.py] [info]    Sampling: size=184408, enabled=True, forced=True
[LN11     ] [chunk_20_pipeline_main.py] [info]    hyperparameter_optimization: trials=5, continue_until_target=False, epochs_per_trial=5, stagnation_threshold=50
[LN12     ] [chunk_20_pipeline_main.py] [info]    Label_Thresholds: 20.0 to 0.0 (3 thresholds)
   [feature] Winsorized 21 features at 2/95 percentiles
   [feature] Log-transformed 4 skewed features
   [feature] Added 3 ratio features
   [feature] Total features: 21 -> 24
[LN13     ] [chunk_16_phase_1_setup.py] [info] Data loaded: 184408 samples, 24 features
[LN14     ] [chunk_02_utils_logging.py] [info] [date] Temporal Coverage:  Date range: 20250910 to 20251023  Unique dates: 32  Total samples: 184408
[LN15     ] [chunk_16_phase_1_setup.py] [info] Target Distribution (ChangeY):
[LN16     ] [chunk_16_phase_1_setup.py] [info]    Min: -99.75 | Max: 32500.00 | Mean: 0.05
[LN17     ] [chunk_16_phase_1_setup.py] [info]    Median: 0.00 | Std: 15.36
[LN18     ] [chunk_16_phase_1_setup.py] [warning] sanity check: Extreme target values detected (max=32500.00)
[LN19     ] [chunk_16_phase_1_setup.py] [info] [class] Class Distribution (LABEL_THRESHOLD=20.0):
[LN20     ] [chunk_16_phase_1_setup.py] [info]   Total samples: 6,727,216
[LN21     ] [chunk_16_phase_1_setup.py] [info]   Signal cases: 25,902 (0.4%)
[LN22     ] [chunk_16_phase_1_setup.py] [info]   Normal cases: 6,701,314 (99.6%)
[LN23     ] [chunk_16_phase_1_setup.py] [info]   Imbalance ratio: 258.7:1
[LN24     ] [chunk_16_phase_1_setup.py] [info] [class] Class Distribution (LABEL_THRESHOLD=10.0):
[LN25     ] [chunk_16_phase_1_setup.py] [info]   Total samples: 6,727,216
[LN26     ] [chunk_16_phase_1_setup.py] [info]   Signal cases: 106,942 (1.6%)
[LN27     ] [chunk_16_phase_1_setup.py] [info]   Normal cases: 6,620,274 (98.4%)
[LN28     ] [chunk_16_phase_1_setup.py] [info]   Imbalance ratio: 61.9:1
[LN29     ] [chunk_16_phase_1_setup.py] [info] [class] Class Distribution (LABEL_THRESHOLD= 0.0):
[LN30     ] [chunk_16_phase_1_setup.py] [info]   Total samples: 6,727,216
[LN31     ] [chunk_16_phase_1_setup.py] [info]   Signal cases: 3,465,261 (51.5%)
[LN32     ] [chunk_16_phase_1_setup.py] [info]   Normal cases: 3,261,955 (48.5%)
[LN33     ] [chunk_16_phase_1_setup.py] [info]   Imbalance ratio: 1.1:1
[LN34     ] [chunk_16_phase_1_setup.py] [info] [class] Class Distribution (LABEL_THRESHOLD=20.0):
[LN35     ] [chunk_16_phase_1_setup.py] [info]   Total samples: 184,408
[LN36     ] [chunk_16_phase_1_setup.py] [info]   Signal cases: 1,078 (0.6%)
[LN37     ] [chunk_16_phase_1_setup.py] [info]   Normal cases: 183,330 (99.4%)
[LN38     ] [chunk_16_phase_1_setup.py] [info]   Imbalance ratio: 170.1:1
[LN39     ] [chunk_16_phase_1_setup.py] [info] [class] Class Distribution (LABEL_THRESHOLD=10.0):
[LN40     ] [chunk_16_phase_1_setup.py] [info]   Total samples: 184,408
[LN41     ] [chunk_16_phase_1_setup.py] [info]   Signal cases: 4,028 (2.2%)
[LN42     ] [chunk_16_phase_1_setup.py] [info]   Normal cases: 180,380 (97.8%)
[LN43     ] [chunk_16_phase_1_setup.py] [info]   Imbalance ratio: 44.8:1
[LN44     ] [chunk_16_phase_1_setup.py] [info] [class] Class Distribution (LABEL_THRESHOLD= 0.0):
[LN45     ] [chunk_16_phase_1_setup.py] [info]   Total samples: 184,408
[LN46     ] [chunk_16_phase_1_setup.py] [info]   Signal cases: 96,187 (52.2%)
[LN47     ] [chunk_16_phase_1_setup.py] [info]   Normal cases: 88,221 (47.8%)
[LN48     ] [chunk_16_phase_1_setup.py] [info]   Imbalance ratio: 1.1:1
[stat] Feature Quality Analysis:
  feature_0: μ=20.270, σ=2.478, skew=-0.106, kurt=-0.713, missing=0.0%
  feature_1: μ=2.379, σ=1.348, skew=0.259, kurt=-0.927, missing=0.0%
  feature_2: μ=36.193, σ=52.535, skew=2.043, kurt=3.225, missing=0.0%
  feature_3: μ=36.227, σ=52.569, skew=2.042, kurt=3.223, missing=0.0%
  feature_4: μ=12.594, σ=2.152, skew=-0.670, kurt=0.341, missing=0.0%
  feature_5: μ=3.207, σ=1.222, skew=0.264, kurt=-0.775, missing=0.0%
  feature_6: μ=2972.375, σ=1704.246, skew=-0.017, kurt=-1.229, missing=0.0%
  feature_7: μ=3.275, σ=45.811, skew=0.552, kurt=0.543, missing=0.0%
  feature_8: μ=6.125, σ=52.192, skew=0.874, kurt=1.054, missing=0.0%
  feature_9: μ=3.303, σ=29.850, skew=-0.076, kurt=0.801, missing=0.0%
  feature_10: μ=19.520, σ=48.693, skew=1.011, kurt=1.161, missing=0.0%
  feature_11: μ=1474551.399, σ=2209805.429, skew=2.109, kurt=3.583, missing=0.0%
  feature_12: μ=6.974, σ=28.842, skew=0.560, kurt=0.808, missing=0.0%
  feature_13: μ=1.741, σ=13.285, skew=0.092, kurt=1.096, missing=0.0%
  feature_14: μ=2.399, σ=15.021, skew=0.604, kurt=0.992, missing=0.0%
  feature_15: μ=0.318, σ=7.468, skew=0.142, kurt=0.955, missing=0.0%
  feature_16: μ=1.129, σ=1.495, skew=1.937, kurt=2.866, missing=0.0%
  feature_17: μ=50.697, σ=11.752, skew=-0.019, kurt=-0.567, missing=0.0%
  feature_18: μ=0.012, σ=6.545, skew=-0.030, kurt=1.012, missing=0.0%
  feature_19: μ=0.898, σ=0.590, skew=0.986, kurt=0.741, missing=0.0%
  feature_20: μ=-0.020, σ=2.992, skew=-0.320, kurt=0.985, missing=0.0%
  feature_21: μ=8.349, σ=9.509, skew=1.779, kurt=2.865, missing=0.0%
  feature_22: μ=0.000, σ=0.000, skew=3.626, kurt=15.282, missing=0.0%
  feature_23: μ=10.603, σ=11.410, skew=4.996, kurt=163.562, missing=0.0%
[LN49     ] [chunk_16_phase_1_setup.py] [info] Data concentration: 184408 samples retained
[LN50     ] [chunk_16_phase_1_setup.py] [info] Data preprocessing complete: 24 features
[LN51     ] [chunk_16_phase_1_setup.py] [info]   Feature names (24): ['Market_Cap', '52W_Low', 'Prev_Close', 'Price', 'Volume', '52W_High', 'Ticker_id', 'Perf_YTD', 'Perf_Year', 'SMA200', 'Perf_Half_Y', 'Avg_Volume', 'Perf_Quarter', 'SMA50', 'Perf_Month', 'SMA20', 'ATR', 'RSI_14', 'Perf_Week', 'Rel_Volume', 'Change', 'Price_to_52W_High', 'Volume_to_Avg_Volume', 'Price_to_52W_Low']
[LN52     ] [chunk_16_phase_1_setup.py] [info] [data split] Summary:
[LN53     ] [chunk_16_phase_1_setup.py] [info]   Total: 184,408 samples, 32 dates
[LN54     ] [chunk_16_phase_1_setup.py] [info]   train: 119,310 samples (64.7%), dates < 20251009
[LN55     ] [chunk_16_phase_1_setup.py] [info]   validation: 53,254 samples (28.9%), dates >= 20251009
[LN56     ] [chunk_16_phase_1_setup.py] [info]   Inference: 11,844 samples (6.4%), date(s) = [20251022 20251023]
[LN57     ] [chunk_17_phase_3_temporal.py] [info] Processing 184408 samples with temporal weighting
[LN58     ] [chunk_17_phase_3_temporal.py] [info] Extracted 9 temporal features
[LN59     ] [chunk_17_phase_3_temporal.py] [info] Temporal weights: min=1.000, max=10.000, mean=5.815
[LN60     ] [chunk_XX_phase_feature_analysis_a.py] [info] Phase Xa: Raw Feature Importance Analysis - Starting
[LN61     ] [chunk_XX_phase_feature_analysis_a.py] [info] Subsampling 184408 -> 100000 for feature analysis
[LN62     ] [chunk_XX_phase_feature_analysis_a.py] [info] Analyzing 24 raw features on 100000 samples
[LN63     ] [chunk_XX_feature_importance.py] [info] Starting 6-method feature importance analysis
[LN64     ] [chunk_XX_feature_importance.py] [info] Features: 24, Samples: 100000
[LN65     ] [chunk_XX_feature_importance.py] [info]   method=1 method_total=6 method_name=Statistical_Correlation label_threshold=20.0 signal_rate=0.006010 kept=19 kept_total=24 duration=2.9 Change=0.038873 SMA20=0.029064 Perf_Half_Y=0.027145 Perf_Week=0.025326 Market_Cap=0.022936 Perf_YTD=0.022405 SMA50=0.021675 Perf_Month=0.019955 Perf_Year=0.017525 SMA200=0.015957 Volume=0.014913 Price_to_52W_High=0.012989 Avg_Volume=0.012834 Prev_Close=0.011758 Rel_Volume=0.010800 Price=0.010739 Price_to_52W_Low=0.010269 52W_Low=0.008274 52W_High=0.004372
[LN66     ] [chunk_XX_feature_importance.py] [info]   method=2 method_total=6 method_name=Tree_Based_Importance label_threshold=20.0 signal_rate=0.006010 kept=19 kept_total=24 duration=90.4 Price_to_52W_High=0.070073 52W_Low=0.068314 Rel_Volume=0.066749 Perf_Week=0.062517 Volume=0.062410 Market_Cap=0.058348 Change=0.053253 Prev_Close=0.045351 Price_to_52W_Low=0.044892 SMA20=0.040512 Perf_Half_Y=0.036889 Avg_Volume=0.035458 Perf_Month=0.033617 SMA50=0.031961 Perf_Year=0.030958 Perf_YTD=0.028899 Price=0.028162 52W_High=0.026819 SMA200=0.026719
[LN67     ] [chunk_XX_feature_importance.py] [info]   method=3 method_total=6 method_name=Permutation_Importance label_threshold=20.0 signal_rate=0.006010 kept=19 kept_total=24 baseline_auc=0.4932 duration=58.5 Perf_YTD=0.000128 SMA200=0.000120 Perf_Month=0.000084 SMA20=0.000079 Perf_Year=0.000078 SMA50=0.000070 Perf_Week=0.000055 Perf_Half_Y=0.000038 Change=0.000030 Price_to_52W_High=0.000027 52W_Low=0.000010 Volume=0.000003 Price_to_52W_Low=0.000003 52W_High=0.000000 Market_Cap=0.000000 Prev_Close=0.000000 Avg_Volume=0.000000 Price=0.000000 Rel_Volume=0.000000
[LN68     ] [chunk_XX_feature_importance.py] [info]   method=4 method_total=6 method_name=Neural_Weight_Analysis label_threshold=20.0 signal_rate=0.006010 kept=19 kept_total=24 duration=4.8 52W_Low=0.182429 Volume=0.165924 Market_Cap=0.160312 Rel_Volume=0.158017 Perf_Year=0.147791 SMA200=0.144595 Perf_Month=0.143922 52W_High=0.142962 Price_to_52W_High=0.141305 Price=0.141083 SMA20=0.140147 Perf_Half_Y=0.139797 Prev_Close=0.139546 Perf_YTD=0.132275 Change=0.131951 Price_to_52W_Low=0.128319 Perf_Week=0.124104 SMA50=0.123553 Avg_Volume=0.061481
[LN69     ] [chunk_XX_feature_importance.py] [info]   method=5 method_total=6 method_name=SHAP_Values label_threshold=20.0 signal_rate=0.006010 kept=19 kept_total=24 duration=12.2 Avg_Volume=0.000000 Perf_Half_Y=0.000000 Perf_YTD=0.000000 SMA200=0.000000 Perf_Year=0.000000 Prev_Close=0.000000 SMA50=0.000000 Perf_Month=0.000000 SMA20=0.000000 Perf_Week=0.000000 Price=0.000000 Change=0.000000 Price_to_52W_Low=0.000000 52W_High=0.000000 Market_Cap=0.000000 Volume=0.000000 52W_Low=0.000000 Rel_Volume=0.000000 Price_to_52W_High=0.000000
[LN70     ] [chunk_XX_feature_importance.py] [info]   method=6 method_total=6 method_name=Ablation_Study label_threshold=20.0 signal_rate=0.006010 kept=19 kept_total=24 duration=107.9 52W_Low=0.838143 SMA20=0.787285 SMA50=0.785099 Price_to_52W_High=0.780663 Prev_Close=0.773906 Perf_Week=0.773132 Price=0.769834 Market_Cap=0.766997 Perf_Month=0.759332 Change=0.752373 SMA200=0.690700 Perf_Half_Y=0.685061 Rel_Volume=0.683577 52W_High=0.671986 Perf_YTD=0.670634 Price_to_52W_Low=0.654400 Perf_Year=0.557817 Avg_Volume=0.481687 Volume=0.388953
[LN71     ] [chunk_XX_feature_importance.py] [info]   consolidated_ranking label_threshold=20.0 signal_rate=0.006010 kept=19 kept_total=24 rank=1 52W_Low=10.00 rank=2 Perf_Half_Y=11.00 rank=3 Price_to_52W_High=11.67 rank=4 Market_Cap=12.58 rank=5 Perf_Month=13.67 rank=6 Prev_Close=13.75 rank=7 SMA20=13.83 rank=8 Perf_Week=15.50 rank=9 SMA200=16.00 rank=9 Volume=16.00 rank=11 SMA50=16.50 rank=12 Change=16.67 rank=13 Perf_YTD=16.83 rank=14 Price=16.92 rank=15 Perf_Year=17.17 rank=16 Avg_Volume=17.92 rank=17 Rel_Volume=18.42 rank=19 Price_to_52W_Low=18.83 rank=19 52W_High=18.83
[LN72     ] [chunk_XX_feature_importance.py] [info]   consolidated_pruning label_threshold=20.0 signal_rate=0.006010 pruned=5 pruned_total=24 rank=19 Perf_Quarter=18.83 rank=21 RSI_14=20.50 rank=22 ATR=22.00 rank=23 Ticker_id=22.67 rank=24 Volume_to_Avg_Volume=23.92
[LN73     ] [chunk_XX_feature_importance.py] [info]   method=1 method_total=6 method_name=Statistical_Correlation label_threshold=10.0 signal_rate=0.021820 kept=19 kept_total=24 duration=2.3 Change=0.038873 SMA20=0.029064 Perf_Half_Y=0.027145 Perf_Week=0.025326 RSI_14=0.024932 Market_Cap=0.022936 Perf_YTD=0.022405 SMA50=0.021675 Perf_Month=0.019955 Perf_Year=0.017525 Volume=0.014913 Price_to_52W_High=0.012989 Avg_Volume=0.012834 Prev_Close=0.011758 Rel_Volume=0.010800 Price=0.010739 Price_to_52W_Low=0.010269 52W_Low=0.008274 Perf_Quarter=0.006780
[LN74     ] [chunk_XX_feature_importance.py] [info]   method=2 method_total=6 method_name=Tree_Based_Importance label_threshold=10.0 signal_rate=0.021820 kept=19 kept_total=24 duration=81.1 52W_Low=0.138357 Change=0.079618 Perf_Week=0.063773 SMA20=0.059042 Price_to_52W_High=0.057823 SMA50=0.046441 Volume=0.045782 Rel_Volume=0.044570 Market_Cap=0.040232 Perf_Month=0.038582 Price_to_52W_Low=0.038377 Prev_Close=0.035893 Price=0.030295 RSI_14=0.030062 Perf_Year=0.030052 Perf_Half_Y=0.027868 Perf_Quarter=0.027146 Perf_YTD=0.025546 Avg_Volume=0.021955
[LN75     ] [chunk_XX_feature_importance.py] [info]   method=3 method_total=6 method_name=Permutation_Importance label_threshold=10.0 signal_rate=0.021820 kept=19 kept_total=24 baseline_auc=0.4864 duration=57.0 Perf_YTD=0.001347 Perf_Quarter=0.000851 Price=0.000663 SMA50=0.000487 Prev_Close=0.000460 Price_to_52W_High=0.000134 SMA20=0.000104 RSI_14=0.000048 Perf_Week=0.000043 Change=0.000020 Price_to_52W_Low=0.000016 52W_Low=0.000011 Perf_Year=0.000002 Rel_Volume=0.000001 Perf_Month=0.000000 Perf_Half_Y=0.000000 Avg_Volume=0.000000 Market_Cap=0.000000 Volume=0.000000
[LN76     ] [chunk_XX_feature_importance.py] [info]   method=4 method_total=6 method_name=Neural_Weight_Analysis label_threshold=10.0 signal_rate=0.021820 kept=19 kept_total=24 duration=4.4 Price=0.169728 Rel_Volume=0.168765 Perf_Month=0.166609 Market_Cap=0.161584 52W_Low=0.159616 Price_to_52W_Low=0.157272 RSI_14=0.155092 Volume=0.150767 Perf_Half_Y=0.147368 Perf_Quarter=0.144468 Price_to_52W_High=0.140634 SMA50=0.132032 SMA20=0.127128 Change=0.124850 Perf_Week=0.121938 Perf_YTD=0.118391 Perf_Year=0.114957 Prev_Close=0.114431 Avg_Volume=0.054566
[LN77     ] [chunk_XX_feature_importance.py] [info]   method=5 method_total=6 method_name=SHAP_Values label_threshold=10.0 signal_rate=0.021820 kept=19 kept_total=24 duration=13.8 Avg_Volume=0.000000 Perf_Year=0.000000 Perf_YTD=0.000000 Prev_Close=0.000000 Price=0.000000 Perf_Month=0.000000 RSI_14=0.000000 Perf_Half_Y=0.000000 SMA20=0.000000 SMA50=0.000000 Perf_Quarter=0.000000 Perf_Week=0.000000 Price_to_52W_Low=0.000000 Price_to_52W_High=0.000000 Market_Cap=0.000000 Volume=0.000000 52W_Low=0.000000 Change=0.000000 Rel_Volume=0.000000
[LN78     ] [chunk_XX_feature_importance.py] [info]   method=6 method_total=6 method_name=Ablation_Study label_threshold=10.0 signal_rate=0.021820 kept=19 kept_total=24 duration=104.7 52W_Low=0.795823 Change=0.758884 Perf_Week=0.751088 Price_to_52W_High=0.743239 Prev_Close=0.741269 Perf_Month=0.738465 Price=0.738437 SMA20=0.735371 SMA50=0.718939 Perf_Quarter=0.717412 Market_Cap=0.715697 Perf_Half_Y=0.715248 Perf_YTD=0.706452 Perf_Year=0.692133 Rel_Volume=0.643992 Price_to_52W_Low=0.641502 Volume=0.585203 Avg_Volume=0.455333 RSI_14=0.414149
[LN79     ] [chunk_XX_feature_importance.py] [info]   consolidated_ranking label_threshold=10.0 signal_rate=0.021820 kept=19 kept_total=24 rank=1 Price=9.83 rank=2 52W_Low=10.33 rank=3 Price_to_52W_High=10.67 rank=4 Prev_Close=12.83 rank=5 Market_Cap=13.25 rank=6 Perf_Month=13.58 rank=7 Perf_Half_Y=14.08 rank=8 SMA20=15.00 rank=8 SMA50=15.00 rank=10 Perf_Week=15.17 rank=11 Change=15.67 rank=12 Price_to_52W_Low=16.33 rank=13 Perf_Quarter=16.50 rank=14 Volume=17.25 rank=15 Perf_YTD=17.33 rank=16 RSI_14=18.33 rank=16 Rel_Volume=18.33 rank=18 Avg_Volume=19.25 rank=19 Perf_Year=19.33
[LN80     ] [chunk_XX_feature_importance.py] [info]   consolidated_pruning label_threshold=10.0 signal_rate=0.021820 pruned=5 pruned_total=24 rank=20 52W_High=20.25 rank=21 Volume_to_Avg_Volume=21.92 rank=21 SMA200=21.92 rank=23 ATR=23.25 rank=24 Ticker_id=24.58
[LN81     ] [chunk_XX_feature_importance.py] [info]   method=1 method_total=6 method_name=Statistical_Correlation label_threshold=0.0 signal_rate=0.520600 kept=19 kept_total=24 duration=2.3 Change=0.038873 SMA20=0.029064 Perf_Half_Y=0.027145 RSI_14=0.024932 Market_Cap=0.022936 Perf_YTD=0.022405 SMA50=0.021675 Perf_Month=0.019955 SMA200=0.015957 Volume=0.014913 Price_to_52W_High=0.012989 Avg_Volume=0.012834 Prev_Close=0.011758 Rel_Volume=0.010800 Price=0.010739 Price_to_52W_Low=0.010269 52W_Low=0.008274 Perf_Quarter=0.006780 ATR=0.004425
[LN82     ] [chunk_XX_feature_importance.py] [info]   method=2 method_total=6 method_name=Tree_Based_Importance label_threshold=0.0 signal_rate=0.520600 kept=19 kept_total=24 duration=80.5 Change=0.120119 ATR=0.076927 Volume=0.067702 Rel_Volume=0.067190 SMA20=0.048458 Market_Cap=0.041054 Perf_Half_Y=0.040651 SMA50=0.039701 Price_to_52W_Low=0.038714 RSI_14=0.038237 Perf_Month=0.036462 Perf_YTD=0.035392 Perf_Quarter=0.031254 SMA200=0.030755 52W_Low=0.030660 Price_to_52W_High=0.028421 Avg_Volume=0.027925 Prev_Close=0.023917 Price=0.021690
[LN83     ] [chunk_XX_feature_importance.py] [info]   method=3 method_total=6 method_name=Permutation_Importance label_threshold=0.0 signal_rate=0.520600 kept=19 kept_total=24 baseline_auc=0.5125 duration=56.2 Avg_Volume=0.013333 Perf_YTD=0.000014 Perf_Quarter=0.000008 Perf_Half_Y=0.000008 SMA200=0.000001 Change=0.000000 Volume=0.000000 52W_Low=0.000000 Prev_Close=0.000000 Price=0.000000 SMA50=0.000000 Perf_Month=0.000000 Market_Cap=0.000000 SMA20=0.000000 ATR=0.000000 RSI_14=0.000000 Rel_Volume=0.000000 Price_to_52W_High=0.000000 Price_to_52W_Low=0.000000
[LN84     ] [chunk_XX_feature_importance.py] [info]   method=4 method_total=6 method_name=Neural_Weight_Analysis label_threshold=0.0 signal_rate=0.520600 kept=19 kept_total=24 duration=4.5 Perf_Month=0.151129 52W_Low=0.147419 RSI_14=0.145217 Price_to_52W_Low=0.143631 SMA20=0.142393 ATR=0.139276 Volume=0.138987 Market_Cap=0.137004 Price_to_52W_High=0.136026 Prev_Close=0.135974 Rel_Volume=0.135719 SMA50=0.133744 Avg_Volume=0.130507 Change=0.129810 Price=0.128613 Perf_YTD=0.126740 SMA200=0.125661 Perf_Half_Y=0.121146 Perf_Quarter=0.121078
[LN85     ] [chunk_XX_feature_importance.py] [info]   method=5 method_total=6 method_name=SHAP_Values label_threshold=0.0 signal_rate=0.520600 kept=19 kept_total=24 duration=13.8 Avg_Volume=0.022617 Perf_Half_Y=0.000068 SMA200=0.000057 Prev_Close=0.000053 Perf_Month=0.000034 Price=0.000030 Perf_YTD=0.000025 Perf_Quarter=0.000024 SMA20=0.000020 RSI_14=0.000014 Change=0.000012 Market_Cap=0.000008 SMA50=0.000008 Volume=0.000007 Price_to_52W_High=0.000006 Rel_Volume=0.000005 Price_to_52W_Low=0.000004 ATR=0.000002 52W_Low=0.000001
[LN86     ] [chunk_XX_feature_importance.py] [info]   method=6 method_total=6 method_name=Ablation_Study label_threshold=0.0 signal_rate=0.520600 kept=19 kept_total=24 duration=104.0 Change=0.533362 SMA20=0.522537 ATR=0.519955 SMA50=0.515398 Perf_Month=0.514951 Volume=0.514014 Perf_YTD=0.513783 SMA200=0.513716 Price_to_52W_Low=0.513512 Rel_Volume=0.513449 Price_to_52W_High=0.511961 Avg_Volume=0.511696 Perf_Half_Y=0.510773 Prev_Close=0.510584 52W_Low=0.510362 RSI_14=0.508612 Market_Cap=0.507509 Perf_Quarter=0.500496 Price=0.491172
[LN87     ] [chunk_XX_feature_importance.py] [info]   consolidated_ranking label_threshold=0.0 signal_rate=0.520600 kept=19 kept_total=24 rank=1 Perf_Half_Y=11.50 rank=2 Volume=12.33 rank=3 Change=12.83 rank=4 Perf_Month=12.92 rank=5 Avg_Volume=13.00 rank=6 SMA20=14.08 rank=7 Market_Cap=14.42 rank=8 Perf_YTD=15.83 rank=9 Price_to_52W_High=15.92 rank=10 Price_to_52W_Low=16.25 rank=10 Prev_Close=16.25 rank=12 52W_Low=16.42 rank=13 SMA200=16.83 rank=14 SMA50=17.08 rank=15 ATR=17.75 rank=16 Rel_Volume=18.08 rank=17 RSI_14=18.25 rank=18 Price=19.08 rank=19 Perf_Quarter=19.33
[LN88     ] [chunk_XX_feature_importance.py] [info]   consolidated_pruning label_threshold=0.0 signal_rate=0.520600 pruned=5 pruned_total=24 rank=20 Perf_Week=19.42 rank=21 52W_High=19.58 rank=22 Perf_Year=20.08 rank=23 Volume_to_Avg_Volume=21.25 rank=24 Ticker_id=21.50
[LN89     ] [chunk_XX_feature_importance.py] [info] cross_threshold always_pruned=Ticker_id ,Volume_to_Avg_Volume
[LN90     ] [chunk_XX_feature_importance.py] [info] cross_threshold never_pruned=52W_Low ,Avg_Volume ,Change ,Market_Cap ,Perf_Half_Y ,Perf_Month ,Perf_YTD ,Prev_Close ,Price ,Price_to_52W_High ,Price_to_52W_Low ,Rel_Volume ,SMA20 ,SMA50 ,Volume
[LN91     ] [chunk_XX_feature_importance.py] [info] cross_threshold borderline=52W_High:2 ,ATR:2 ,Perf_Quarter:1 ,Perf_Week:1 ,Perf_Year:1 ,RSI_14:1 ,SMA200:1
[LN92     ] [chunk_XX_feature_importance.py] [info] Computing feature correlation matrix
[LN93     ] [chunk_XX_feature_importance.py] [info] total time: 801.5s (13.4 min)
[LN94     ] [chunk_XX_feature_importance.py] [info] features: 24 total -> 19 kept, 5 pruned
[LN95     ] [chunk_XX_feature_importance.py] [info] dropped: ['Ticker_id', 'Perf_Quarter', 'ATR', 'RSI_14', 'Volume_to_Avg_Volume']
[LN96     ] [chunk_XX_feature_importance.py] [info] FEATURE IMPORTANCE ANALYSIS REPORT

Original features: 24 | After pruning: 19 | Dropped: 5
runtime_total=13.4min correlation=2.9s tree=90.4s permutation=58.5s neural=4.8s shap=12.2s ablation=107.9s

Dropped features: ['Ticker_id', 'Perf_Quarter', 'ATR', 'RSI_14', 'Volume_to_Avg_Volume']
Kept features: ['52W_Low', 'Perf_Half_Y', 'Price_to_52W_High', 'Market_Cap', 'Perf_Month', 'Prev_Close', 'SMA20', 'Perf_Week', 'SMA200', 'Volume', 'SMA50', 'Change', 'Perf_YTD', 'Price', 'Perf_Year', 'Avg_Volume', 'Rel_Volume', 'Price_to_52W_Low', '52W_High']
CONSOLIDATED RANKING (1 = most important)
             feature  mean_rank  consolidated_rank
             52W_Low  10.000000                1.0
         Perf_Half_Y  11.000000                2.0
   Price_to_52W_High  11.666667                3.0
          Market_Cap  12.583333                4.0
          Perf_Month  13.666667                5.0
          Prev_Close  13.750000                6.0
               SMA20  13.833333                7.0
           Perf_Week  15.500000                8.0
              SMA200  16.000000                9.5
              Volume  16.000000                9.5
               SMA50  16.500000               11.0
              Change  16.666667               12.0
            Perf_YTD  16.833333               13.0
               Price  16.916667               14.0
           Perf_Year  17.166667               15.0
          Avg_Volume  17.916667               16.0
          Rel_Volume  18.416667               17.0
    Price_to_52W_Low  18.833333               19.0
            52W_High  18.833333               19.0
        Perf_Quarter  18.833333               19.0
              RSI_14  20.500000               21.0
                 ATR  22.000000               22.0
           Ticker_id  22.666667               23.0
Volume_to_Avg_Volume  23.916667               24.0
FEATURE IMPORTANCE RANKING PER METHOD
Spearman Correlation:
               feature  rank  spearman_abs
         Perf_Half_Y  17.0      0.027145
          Market_Cap  19.0      0.022936
   Price_to_52W_High  19.0      0.012989
             52W_Low  22.0      0.008274
          Prev_Close  26.0      0.011758
          Avg_Volume  27.0      0.012834
               Price  28.0      0.010739
              Volume  31.0      0.014913
            52W_High  32.0      0.004372
          Perf_Month  36.0      0.019955
    Price_to_52W_Low  36.0      0.010269
Volume_to_Avg_Volume  38.0      0.012448
              Change  40.0      0.038873
               SMA50  43.0      0.021675
               SMA20  43.0      0.029064
           Perf_Week  43.0      0.025326
            Perf_YTD  45.0      0.022405
          Rel_Volume  46.0      0.010800
        Perf_Quarter  46.0      0.006780
           Perf_Year  47.0      0.017525
              RSI_14  47.0      0.024932
              SMA200  47.0      0.015957
                 ATR  56.0      0.004425
           Ticker_id  66.0      0.002948

Tree Importance (Random Forest + Gradient Boosting):
               feature  rank  combined_importance
   Price_to_52W_High   1.0             0.070073
             52W_Low   2.0             0.068314
          Rel_Volume   3.0             0.066749
           Perf_Week   4.0             0.062517
              Volume   5.0             0.062410
          Market_Cap   6.0             0.058348
              Change   7.0             0.053253
          Prev_Close   8.0             0.045351
    Price_to_52W_Low   9.0             0.044892
               SMA20  10.0             0.040512
         Perf_Half_Y  11.0             0.036889
          Avg_Volume  12.0             0.035458
              RSI_14  13.0             0.034572
                 ATR  14.0             0.034214
          Perf_Month  15.0             0.033617
               SMA50  16.0             0.031961
           Perf_Year  17.0             0.030958
            Perf_YTD  18.0             0.028899
Volume_to_Avg_Volume  19.0             0.028384
               Price  20.0             0.028162
        Perf_Quarter  21.0             0.027543
            52W_High  22.0             0.026819
              SMA200  23.0             0.026719
           Ticker_id  24.0             0.023387

Permutation Importance:
               feature  rank
           Ticker_id   1.0
            Perf_YTD   2.0
              SMA200   3.0
          Perf_Month   4.0
               SMA20   5.0
           Perf_Year   6.0
               SMA50   7.0
           Perf_Week   8.0
         Perf_Half_Y   9.0
        Perf_Quarter  10.0
              Change  11.0
              RSI_14  12.0
   Price_to_52W_High  13.0
             52W_Low  14.0
              Volume  15.0
    Price_to_52W_Low  16.0
                 ATR  17.0
            52W_High  18.0
          Market_Cap  21.5
          Prev_Close  21.5
          Avg_Volume  21.5
               Price  21.5
          Rel_Volume  21.5
Volume_to_Avg_Volume  21.5

Neural Weight Magnitude:
               feature  rank
             52W_Low   1.0
              Volume   2.0
          Market_Cap   3.0
          Rel_Volume   4.0
                 ATR   5.0
           Perf_Year   6.0
              SMA200   7.0
          Perf_Month   8.0
            52W_High   9.0
   Price_to_52W_High  10.0
               Price  11.0
               SMA20  12.0
         Perf_Half_Y  13.0
          Prev_Close  14.0
              RSI_14  15.0
            Perf_YTD  16.0
              Change  17.0
        Perf_Quarter  18.0
    Price_to_52W_Low  19.0
           Perf_Week  20.0
               SMA50  21.0
           Ticker_id  22.0
Volume_to_Avg_Volume  23.0
          Avg_Volume  24.0

SHAP Values:
               feature  rank  mean_abs_shap
          Avg_Volume   1.0   4.353111e-17
           Ticker_id   2.0   5.611314e-18
         Perf_Half_Y   3.0   5.932107e-19
            Perf_YTD   4.0   3.801925e-19
              SMA200   5.0   3.764136e-19
        Perf_Quarter   6.0   2.267621e-19
           Perf_Year   7.0   2.054549e-19
          Prev_Close   8.0   1.864504e-19
               SMA50   9.0   1.824134e-19
          Perf_Month  10.0   1.561575e-19
               SMA20  11.0   1.415635e-19
           Perf_Week  12.0   8.556583e-20
              RSI_14  13.0   4.008945e-20
               Price  14.0   2.679358e-20
              Change  15.0   2.374091e-20
    Price_to_52W_Low  16.0   1.740611e-20
            52W_High  17.0   1.394704e-20
          Market_Cap  18.0   1.201077e-20
              Volume  19.0   5.575884e-21
             52W_Low  20.0   4.339552e-21
                 ATR  21.0   3.970394e-21
          Rel_Volume  22.0   2.861305e-21
   Price_to_52W_High  23.0   1.831340e-21
Volume_to_Avg_Volume  24.0   1.296163e-23

Ablation Study (AUC):
               feature  rank      auc
             52W_Low   1.0 0.838143
               SMA20   2.0 0.787285
               SMA50   3.0 0.785099
   Price_to_52W_High   4.0 0.780663
          Prev_Close   5.0 0.773906
           Perf_Week   6.0 0.773132
               Price   7.0 0.769834
          Market_Cap   8.0 0.766997
          Perf_Month   9.0 0.759332
              Change  10.0 0.752373
              SMA200  11.0 0.690700
        Perf_Quarter  12.0 0.688065
         Perf_Half_Y  13.0 0.685061
          Rel_Volume  14.0 0.683577
            52W_High  15.0 0.671986
            Perf_YTD  16.0 0.670634
    Price_to_52W_Low  17.0 0.654400
Volume_to_Avg_Volume  18.0 0.592516
                 ATR  19.0 0.574277
           Perf_Year  20.0 0.557817
           Ticker_id  21.0 0.491735
          Avg_Volume  22.0 0.481687
              RSI_14  23.0 0.398401
              Volume  24.0 0.388953
[LN97     ] [chunk_XX_feature_importance.py] [info] Report saved to ./feature_importance_report.txt
[LN98     ] [chunk_XX_feature_importance.py] [info] Consolidated ranking saved to ./feature_importance_report.csv
[LN99     ] [chunk_XX_feature_importance.py] [info] Metadata saved to ./feature_importance_report_meta.json
[LN100    ] [chunk_XX_phase_feature_analysis_a.py] [info] complete: 24 raw features (per-threshold pruning stored)
[LN101    ] [chunk_XX_phase_feature_analysis_a.py] [info]   First threshold (20.0): 19 kept
[LN102    ] [chunk_20_pipeline_main.py] [info] [skip] Phase Xa: Raw Feature Importance validation skipped (no validator)
[LN103    ] [chunk_18_phase_4_ensemble.py] [info] Target column: ChangeY
[LN104    ] [chunk_18_phase_4_ensemble.py] [info] Features (24): ['Market_Cap', '52W_Low', 'Prev_Close', 'Price', 'Volume', '52W_High', 'Ticker_id', 'Perf_YTD', 'Perf_Year', 'SMA200', 'Perf_Half_Y', 'Avg_Volume', 'Perf_Quarter', 'SMA50', 'Perf_Month', 'SMA20', 'ATR', 'RSI_14', 'Perf_Week', 'Rel_Volume', 'Change', 'Price_to_52W_High', 'Volume_to_Avg_Volume', 'Price_to_52W_Low']
[LN105    ] [chunk_18_phase_4_ensemble.py] [info] Per-threshold feature pruning loaded for 3 thresholds
[LN106    ] [chunk_18_phase_4_ensemble.py] [info] Training ensemble on 184408 samples
[LN107    ] [chunk_18_phase_4_ensemble.py] [info] Date split: 32 total, top 2 held out (TOP_DATES_HELD_OUT=2)
[LN108    ] [chunk_18_phase_4_ensemble.py] [info]   Remaining dates: 30 (after excluding top 2)
[LN109    ] [chunk_18_phase_4_ensemble.py] [info]   Validation split: 30% = 9 dates
[LN110    ] [chunk_18_phase_4_ensemble.py] [info]   Training split: 70% = 21 dates
[LN111    ] [chunk_18_phase_4_ensemble.py] [info] Training set: 119,310 rows, 21 unique dates
[LN112    ] [chunk_18_phase_4_ensemble.py] [info] Validation set: 53,254 rows, 9 unique dates
[LN113    ] [chunk_18_phase_4_ensemble.py] [info] [stat] split ratio: train=70.0% | validation=30.0%
[LN114    ] [chunk_18_phase_4_ensemble.py] [info] [stat] Class Distribution at Label Thresholds (20.0 to 0.0, step -10.0):
[LN115    ] [chunk_18_phase_4_ensemble.py] [info]    LABEL_THRESHOLD= 20.0: train_positives=689 ( 0.58%) | validation_positives=336 ( 0.63%) [ok]
[LN116    ] [chunk_18_phase_4_ensemble.py] [info]    LABEL_THRESHOLD= 10.0: train_positives=2,554 ( 2.14%) | validation_positives=1,197 ( 2.25%) [ok]
[LN117    ] [chunk_18_phase_4_ensemble.py] [info]    LABEL_THRESHOLD=  0.0: train_positives=59,721 (50.06%) | validation_positives=28,774 (54.03%) [ok]
[LN118    ] [chunk_18_phase_4_ensemble.py] [info] [section 1] [baseline] Training 9 architectures
[LN119    ] [chunk_18_phase_4_ensemble.py] [info] [section 1] [baseline] Testing 3 thresholds per architecture (20.0 to 0.0, step -10.0)
[LN120    ] [chunk_18_phase_4_ensemble.py] [info] [section 1] [CATBOOST] [baseline] LABEL_THRESHOLD=20.0,
[LN121    ] [chunk_18_phase_4_ensemble.py] [info] [section 1] [CATBOOST] [baseline] predictions: mean=0.0083, std=0.0278, min=0.0000, max=0.8865
[LN122    ] [chunk_18_phase_4_ensemble.py] [info] [section 1] [CATBOOST] [baseline]  cumulative binary_split_predictions (1%) ≤ 0.0000, (5%) ≤ 0.0001, (10%) ≤ 0.0002, (25%) ≤ 0.0003, (50%) ≤ 0.0010, (75%) ≤ 0.0050, (90%) ≤ 0.0191, (95%) ≤ 0.0381, (99%) ≤ 0.1157, max=0.8865 binary_split_predictions distribution: 83% ≤ 0.01, 90% ≤ 0.02, 96% ≤ 0.05, 99% ≤ 0.1, 100% ≤ 0.2, 100% ≤ 0.5, 0% ≥ 0.50
[LN123    ] [chunk_18_phase_4_ensemble.py] [info] [section 1] [CATBOOST] [baseline] prediction_binary_split=0.50, VALIDATION predictions at LABEL_THRESHOLD=20.0: 0.04%
[LN124    ] [chunk_18_phase_4_ensemble.py] [info] [section 1] [CATBOOST] [baseline] LABEL_THRESHOLD=20.0,
[LN125    ] [chunk_18_phase_4_ensemble.py] [info] [section 1] [CATBOOST] [baseline] VALIDATION_PRECISION=0.0000 VALIDATION_TRUE_POSITIVES=0 VALIDATION_TRUE_NEGATIVES=52897 validation_false_positives=21 validation_false_negatives=336 validation_max_prediction=0.8865 validation_mean_prediction=0.0083 validation_recall=0.0000 validation_f1=0.0000 validation_auc=0.8475 validation_specificity=0.9996 validation_false_positive_rate=0.0004 validation_f2=0.0000 validation_mcc=-0.0016 validation_prauc=0.0309 validation_balanced_accuracy=0.4998 validation_brier=0.0067 validation_kappa=-0.0007 validation_informedness=-0.0004 validation_markedness=-0.0004 validation_gini=0.6950 validation_optimal_threshold=0.0048 validation_standard_deviation_prediction=0.0278 validation_percentage_above_threshold=0.04
[LN126    ] [chunk_18_phase_4_ensemble.py] [info] [section 1] [CATBOOST] [baseline] prediction_binary_split=0.50 loss=binary_crossentropy, lr=0.001
[LN127    ] [chunk_12_evaluation_evaluator.py] [info] [CATBOOST] label_threshold=20.0 train_below_prediction_binary_split=118,621 train_above_prediction_binary_split=689 train_positive_found=true val_below_prediction_binary_split=52,918 val_above_prediction_binary_split=336 val_positive_found=true
[LN128    ] [chunk_12_evaluation_evaluator.py] [info] [reject] threshold=20.0 action=skipped reason=insufficient_positive_predictions positive_predictions=21 minimum_positive_required=53
[LN129    ] [chunk_12_evaluation_evaluator.py] [info] [CATBOOST] label_threshold=10.0 train_below_prediction_binary_split=116,756 train_above_prediction_binary_split=2,554 train_positive_found=true val_below_prediction_binary_split=52,057 val_above_prediction_binary_split=1,197 val_positive_found=true
[LN130    ] [chunk_12_evaluation_evaluator.py] [info] [CATBOOST] [diagnostic] LABEL_THRESHOLD=10.0 train_precision=0.8588 train_true_positives=1886 train_true_negatives=116446 train_false_positives=310 train_false_negatives=668 train_max_prediction=0.9623 train_mean_prediction=0.0694 train_recall=0.7384 train_f1=0.7941 train_auc=0.9832 train_specificity=0.9973 train_false_positive_rate=0.0027 train_f2=0.7597 train_mcc=0.7923 train_prauc=0.8497 train_balanced_accuracy=0.8679 train_brier=0.0145 train_kappa=0.7899 train_informedness=0.7358 train_markedness=0.8562 train_gini=0.9665 train_optimal_threshold=0.2376 train_standard_deviation_prediction=0.1192 train_percentage_above_threshold=1.84
[LN131    ] [chunk_12_evaluation_evaluator.py] [info] [CATBOOST] [diagnostic] LABEL_THRESHOLD=10.0 VALIDATION_PRECISION=0.1451 VALIDATION_TRUE_POSITIVES=47 VALIDATION_TRUE_NEGATIVES=51780 validation_false_positives=277 validation_false_negatives=1150 validation_max_prediction=0.9335 validation_mean_prediction=0.0570 validation_recall=0.0393 validation_f1=0.0618 validation_auc=0.8245 validation_specificity=0.9947 validation_false_positive_rate=0.0053 validation_f2=0.0460 validation_mcc=0.0647 validation_prauc=0.0805 validation_balanced_accuracy=0.5170 validation_brier=0.0268 validation_kappa=0.0527 validation_informedness=0.0339 validation_markedness=0.1397 validation_gini=0.6490 validation_optimal_threshold=0.0444 validation_standard_deviation_prediction=0.0924 validation_percentage_above_threshold=0.61
[LN132    ] [chunk_12_evaluation_evaluator.py] [info] [CATBOOST] label_threshold=0.0 train_below_prediction_binary_split=59,589 train_above_prediction_binary_split=59,721 train_positive_found=true val_below_prediction_binary_split=24,480 val_above_prediction_binary_split=28,774 val_positive_found=true
[LN133    ] [chunk_12_evaluation_evaluator.py] [info] [CATBOOST] [diagnostic] LABEL_THRESHOLD=0.0 train_precision=0.6701 train_true_positives=39330 train_true_negatives=40229 train_false_positives=19360 train_false_negatives=20391 train_max_prediction=0.9877 train_mean_prediction=0.5003 train_recall=0.6586 train_f1=0.6643 train_auc=0.7380 train_specificity=0.6751 train_false_positive_rate=0.3249 train_f2=0.6608 train_mcc=0.3337 train_prauc=0.7385 train_balanced_accuracy=0.6668 train_brier=0.2184 train_kappa=0.3337 train_informedness=0.3337 train_markedness=0.3452 train_gini=0.4761 train_optimal_threshold=0.4974 train_standard_deviation_prediction=0.1049 train_percentage_above_threshold=49.19
[LN134    ] [chunk_12_evaluation_evaluator.py] [info] [CATBOOST] [diagnostic] LABEL_THRESHOLD=0.0 VALIDATION_PRECISION=0.5240 VALIDATION_TRUE_POSITIVES=10846 VALIDATION_TRUE_NEGATIVES=14627 validation_false_positives=9853 validation_false_negatives=17928 validation_max_prediction=0.9853 validation_mean_prediction=0.4726 validation_recall=0.3769 validation_f1=0.4385 validation_auc=0.4800 validation_specificity=0.5975 validation_false_positive_rate=0.4025 validation_f2=0.3994 validation_mcc=-0.0261 validation_prauc=0.5486 validation_balanced_accuracy=0.4872 validation_brier=0.2705 validation_kappa=-0.0249 validation_informedness=-0.0256 validation_markedness=0.1215 validation_gini=0.0000 validation_optimal_threshold=0.6581 validation_standard_deviation_prediction=0.1249 validation_percentage_above_threshold=38.87
[LN135    ] [chunk_18_phase_4_ensemble.py] [info] [section 1] [CATBOOST] [label_threshold_optimal]  cumulative binary_split_predictions (1%) ≤ 0.2116, (5%) ≤ 0.2851, (10%) ≤ 0.3218, (25%) ≤ 0.3851, (50%) ≤ 0.4632, (75%) ≤ 0.5524, (90%) ≤ 0.6362, (95%) ≤ 0.6873, (99%) ≤ 0.8056, max=0.9853 binary_split_predictions distribution: 0% ≤ 0.01, 0% ≤ 0.02, 0% ≤ 0.05, 0% ≤ 0.1, 1% ≤ 0.2, 61% ≤ 0.5, 39% ≥ 0.50
[LN136    ] [chunk_18_phase_4_ensemble.py] [info] [section 1] [CATBOOST] [label_threshold_optimal] LABEL_THRESHOLD=0.0
[LN137    ] [chunk_18_phase_4_ensemble.py] [info] [section 1] [CATBOOST] [label_threshold_optimal] train_precision=0.6701 train_true_positives=39330 train_true_negatives=40229 train_false_positives=19360 train_false_negatives=20391 train_max_prediction=0.9877 train_mean_prediction=0.5003 train_recall=0.6586 train_f1=0.6643 train_auc=0.7380 train_specificity=0.6751 train_false_positive_rate=0.3249 train_f2=0.6608 train_mcc=0.3337 train_prauc=0.7385 train_balanced_accuracy=0.6668 train_brier=0.2184 train_kappa=0.3337 train_informedness=0.3337 train_markedness=0.3452 train_gini=0.4761 train_optimal_threshold=0.4974 train_standard_deviation_prediction=0.1049 train_percentage_above_threshold=49.19
[LN138    ] [chunk_18_phase_4_ensemble.py] [info] [section 1] [CATBOOST] [label_threshold_optimal] VALIDATION_PRECISION=0.5240 VALIDATION_TRUE_POSITIVES=10846 VALIDATION_TRUE_NEGATIVES=14627 validation_false_positives=9853 validation_false_negatives=17928 validation_max_prediction=0.9853 validation_mean_prediction=0.4726 validation_recall=0.3769 validation_f1=0.4385 validation_auc=0.4800 validation_specificity=0.5975 validation_false_positive_rate=0.4025 validation_f2=0.3994 validation_mcc=-0.0261 validation_prauc=0.5486 validation_balanced_accuracy=0.4872 validation_brier=0.2705 validation_kappa=-0.0249 validation_informedness=-0.0256 validation_markedness=0.1215 validation_gini=0.0000 validation_optimal_threshold=0.6581 validation_standard_deviation_prediction=0.1249 validation_percentage_above_threshold=38.87
[LN139    ] [chunk_18_phase_4_ensemble.py] [info] [section 1] [CATBOOST] [label_threshold_optimal] prediction_binary_split=0.50
[LN140    ] [chunk_21_hyperparam_optimizer.py] [info] [section 2] [CATBOOST] [hyperparameter_optimization search] Running Bayesian optimization (5 trials)...
[LN141    ] [chunk_21_hyperparam_optimizer.py] [info] [section 2] [CATBOOST] [hyperparameter_optimization search baseline] LABEL_THRESHOLD=0.0
[LN142    ] [chunk_21_hyperparam_optimizer.py] [info] [section 2] [CATBOOST] [hyperparameter_optimization search baseline] VALIDATION_PRECISION=0.5279 VALIDATION_TRUE_POSITIVES=10418 VALIDATION_TRUE_NEGATIVES=15165 validation_false_positives=9315 validation_false_negatives=18356 validation_max_prediction=0.9451 validation_mean_prediction=0.4684 validation_recall=0.3621 validation_f1=0.4295 validation_auc=0.4817 validation_specificity=0.6195 validation_false_positive_rate=0.3805 validation_f2=0.3863 validation_mcc=-0.0190 validation_prauc=0.5504 validation_balanced_accuracy=0.4908 validation_brier=0.2689 validation_kappa=-0.0180 validation_informedness=-0.0185 validation_markedness=0.1474 validation_gini=0.0000 validation_optimal_threshold=0.6662 validation_standard_deviation_prediction=0.1192 validation_percentage_above_threshold=37.05
[LN143    ] [chunk_21_hyperparam_optimizer.py] [info] [section 2] [CATBOOST] [hyperparameter_optimization search baseline] TRIAL 1/5: iterations=500, depth=5, learning_rate=0.1, auto_class_weights=SqrtBalanced, l2_leaf_reg=7
[LN144    ] [chunk_21_hyperparam_optimizer.py] [info] [section 2] [CATBOOST] [hyperparameter_optimization search baseline] LABEL_THRESHOLD=0.0
[LN145    ] [chunk_21_hyperparam_optimizer.py] [info] [section 2] [CATBOOST] [hyperparameter_optimization search baseline] VALIDATION_PRECISION=0.5286 VALIDATION_TRUE_POSITIVES=10817 VALIDATION_TRUE_NEGATIVES=14834 validation_false_positives=9646 validation_false_negatives=17957 validation_max_prediction=0.9684 validation_mean_prediction=0.4732 validation_recall=0.3759 validation_f1=0.4394 validation_auc=0.4821 validation_specificity=0.6060 validation_false_positive_rate=0.3940 validation_f2=0.3990 validation_mcc=-0.0186 validation_prauc=0.5488 validation_balanced_accuracy=0.4909 validation_brier=0.2676 validation_kappa=-0.0177 validation_informedness=-0.0181 validation_markedness=0.1346 validation_gini=0.0000 validation_optimal_threshold=0.6675 validation_standard_deviation_prediction=0.1167 validation_percentage_above_threshold=38.43
[LN146    ] [chunk_21_hyperparam_optimizer.py] [info] [section 2] [CATBOOST] [hyperparameter_optimization search baseline] TRIAL 2/5: iterations=300, depth=6, learning_rate=0.1, auto_class_weights=SqrtBalanced, l2_leaf_reg=1
[LN147    ] [chunk_21_hyperparam_optimizer.py] [info] [section 2] [CATBOOST] [hyperparameter_optimization search baseline] LABEL_THRESHOLD=0.0
[LN148    ] [chunk_21_hyperparam_optimizer.py] [info] [section 2] [CATBOOST] [hyperparameter_optimization search baseline] VALIDATION_PRECISION=0.5264 VALIDATION_TRUE_POSITIVES=10642 VALIDATION_TRUE_NEGATIVES=14905 validation_false_positives=9575 validation_false_negatives=18132 validation_max_prediction=0.9751 validation_mean_prediction=0.4711 validation_recall=0.3698 validation_f1=0.4344 validation_auc=0.4807 validation_specificity=0.6089 validation_false_positive_rate=0.3911 validation_f2=0.3932 validation_mcc=-0.0219 validation_prauc=0.5484 validation_balanced_accuracy=0.4894 validation_brier=0.2693 validation_kappa=-0.0207 validation_informedness=-0.0213 validation_markedness=0.1353 validation_gini=0.0000 validation_optimal_threshold=0.6561 validation_standard_deviation_prediction=0.1208 validation_percentage_above_threshold=37.96
[LN149    ] [chunk_21_hyperparam_optimizer.py] [info] [section 2] [CATBOOST] [hyperparameter_optimization search baseline] TRIAL 3/5: iterations=500, depth=6, learning_rate=0.08, auto_class_weights=SqrtBalanced, l2_leaf_reg=3
[LN150    ] [chunk_21_hyperparam_optimizer.py] [info] [section 2] [CATBOOST] [hyperparameter_optimization search baseline] LABEL_THRESHOLD=0.0
[LN151    ] [chunk_21_hyperparam_optimizer.py] [info] [section 2] [CATBOOST] [hyperparameter_optimization search baseline] VALIDATION_PRECISION=0.5228 VALIDATION_TRUE_POSITIVES=10421 VALIDATION_TRUE_NEGATIVES=14969 validation_false_positives=9511 validation_false_negatives=18353 validation_max_prediction=0.9411 validation_mean_prediction=0.4707 validation_recall=0.3622 validation_f1=0.4279 validation_auc=0.4797 validation_specificity=0.6115 validation_false_positive_rate=0.3885 validation_f2=0.3859 validation_mcc=-0.0271 validation_prauc=0.5485 validation_balanced_accuracy=0.4868 validation_brier=0.2675 validation_kappa=-0.0257 validation_informedness=-0.0264 validation_markedness=0.1343 validation_gini=0.0000 validation_optimal_threshold=0.6739 validation_standard_deviation_prediction=0.1129 validation_percentage_above_threshold=37.43
[LN152    ] [chunk_21_hyperparam_optimizer.py] [info] [section 2] [CATBOOST] [hyperparameter_optimization search baseline] TRIAL 4/5: iterations=400, depth=5, learning_rate=0.1, auto_class_weights=Balanced, l2_leaf_reg=7
[LN153    ] [chunk_21_hyperparam_optimizer.py] [info] [section 2] [CATBOOST] [hyperparameter_optimization search baseline] LABEL_THRESHOLD=0.0
[LN154    ] [chunk_21_hyperparam_optimizer.py] [info] [section 2] [CATBOOST] [hyperparameter_optimization search baseline] VALIDATION_PRECISION=0.5147 VALIDATION_TRUE_POSITIVES=10656 VALIDATION_TRUE_NEGATIVES=14434 validation_false_positives=10046 validation_false_negatives=18118 validation_max_prediction=0.8286 validation_mean_prediction=0.4881 validation_recall=0.3703 validation_f1=0.4308 validation_auc=0.4691 validation_specificity=0.5896 validation_false_positive_rate=0.4104 validation_f2=0.3923 validation_mcc=-0.0409 validation_prauc=0.5413 validation_balanced_accuracy=0.4800 validation_brier=0.2568 validation_kappa=-0.0391 validation_informedness=-0.0400 validation_markedness=0.1044 validation_gini=0.0000 validation_optimal_threshold=0.6153 validation_standard_deviation_prediction=0.0649 validation_percentage_above_threshold=38.87
[LN155    ] [chunk_21_hyperparam_optimizer.py] [info] [section 2] [CATBOOST] [hyperparameter_optimization search baseline] TRIAL 5/5: iterations=300, depth=4, learning_rate=0.03, auto_class_weights=SqrtBalanced, l2_leaf_reg=3
[LN156    ] [chunk_21_hyperparam_optimizer.py] [info] [section 2] [CATBOOST] [best trial] LABEL_THRESHOLD=0.0
[LN157    ] [chunk_21_hyperparam_optimizer.py] [info] [section 2] [CATBOOST] [best trial] VALIDATION_PRECISION=0.5286 VALIDATION_TRUE_POSITIVES=10817 VALIDATION_TRUE_NEGATIVES=14834 validation_false_positives=9646 validation_false_negatives=17957 validation_max_prediction=0.9684 validation_mean_prediction=0.4732 validation_recall=0.3759 validation_f1=0.4394 validation_auc=0.4821 validation_specificity=0.6060 validation_false_positive_rate=0.3940 validation_f2=0.3990 validation_mcc=-0.0186 validation_prauc=0.5488 validation_balanced_accuracy=0.4909 validation_brier=0.2676 validation_kappa=-0.0177 validation_informedness=-0.0181 validation_markedness=0.1346 validation_gini=0.0000 validation_optimal_threshold=0.6675 validation_standard_deviation_prediction=0.1167 validation_percentage_above_threshold=38.43
[LN158    ] [chunk_21_hyperparam_optimizer.py] [info] [section 2] [CATBOOST] [best trial] iterations=300, depth=6, learning_rate=0.1, auto_class_weights=SqrtBalanced, l2_leaf_reg=1
[LN159    ] [chunk_18_phase_4_ensemble.py] [info]    [diagnostic-hyperparameter_optimization]  cumulative binary_split_predictions (1%) ≤ 0.2211, (5%) ≤ 0.2977, (10%) ≤ 0.3338, (25%) ≤ 0.3939, (50%) ≤ 0.4663, (75%) ≤ 0.5454, (90%) ≤ 0.6186, (95%) ≤ 0.6665, (99%) ≤ 0.8088, max=0.9684 binary_split_predictions distribution: 0% ≤ 0.01, 0% ≤ 0.02, 0% ≤ 0.05, 0% ≤ 0.1, 1% ≤ 0.2, 62% ≤ 0.5, 38% ≥ 0.50
[LN160    ] [chunk_18_phase_4_ensemble.py] [info]    hyperparameter_optimization improved: 0.5286 > 0.5240
[LN161    ] [chunk_18_phase_4_ensemble.py] [info] [section 3] [CATBOOST] [HYPERPARAMETER_OPTIMIZATION] LABEL_THRESHOLD=0.0,
[LN162    ] [chunk_18_phase_4_ensemble.py] [info] [section 3] [CATBOOST] [HYPERPARAMETER_OPTIMIZATION] VALIDATION_PRECISION=0.5286 VALIDATION_TRUE_POSITIVES=10817 VALIDATION_TRUE_NEGATIVES=14834 validation_false_positives=9646 validation_false_negatives=17957 validation_max_prediction=0.9684 validation_mean_prediction=0.4732 validation_recall=0.3759 validation_f1=0.4394 validation_auc=0.4821 validation_specificity=0.6060 validation_false_positive_rate=0.3940 validation_f2=0.3990 validation_mcc=-0.0186 validation_prauc=0.5488 validation_balanced_accuracy=0.4909 validation_brier=0.2676 validation_kappa=-0.0177 validation_informedness=-0.0181 validation_markedness=0.1346 validation_gini=0.0000 validation_optimal_threshold=0.6675 validation_standard_deviation_prediction=0.1167 validation_percentage_above_threshold=38.43
[LN163    ] [chunk_18_phase_4_ensemble.py] [info] [section 3] [CATBOOST] [HYPERPARAMETER_OPTIMIZATION] prediction_binary_split=0.50 hyperparams=(loss=binary_crossentropy lr=0.1 dropout=0.1 alpha=0.0 gamma=0.0 latent_dim=0) improved=True {'iterations': 300, 'depth': 6, 'learning_rate': 0.1, 'auto_class_weights': 'SqrtBalanced', 'l2_leaf_reg': 1}
[LN164    ] [chunk_18_phase_4_ensemble.py] [info]    Running post hyperparameter_optimization threshold search for CatBoost...
[LN165    ] [chunk_12_evaluation_evaluator.py] [info] [CATBOOST] label_threshold=20.0 train_below_prediction_binary_split=118,621 train_above_prediction_binary_split=689 train_positive_found=true val_below_prediction_binary_split=52,918 val_above_prediction_binary_split=336 val_positive_found=true
[LN166    ] [chunk_12_evaluation_evaluator.py] [info] [CATBOOST] [reject] skipping LABEL_THRESHOLD=20.0: pos_pred_ratio=60.35% outside [0%, 60%]
[LN167    ] [chunk_12_evaluation_evaluator.py] [info] [CATBOOST] label_threshold=10.0 train_below_prediction_binary_split=116,756 train_above_prediction_binary_split=2,554 train_positive_found=true val_below_prediction_binary_split=52,057 val_above_prediction_binary_split=1,197 val_positive_found=true
[LN168    ] [chunk_12_evaluation_evaluator.py] [info] [CATBOOST] [reject] skipping LABEL_THRESHOLD=10.0: validation_precision=0.0293 <= baseline+0.0100=0.0325
[LN169    ] [chunk_12_evaluation_evaluator.py] [info] [CATBOOST] label_threshold=0.0 train_below_prediction_binary_split=59,589 train_above_prediction_binary_split=59,721 train_positive_found=true val_below_prediction_binary_split=24,480 val_above_prediction_binary_split=28,774 val_positive_found=true
[LN170    ] [chunk_12_evaluation_evaluator.py] [info] [CATBOOST] [diagnostic] LABEL_THRESHOLD=0.0 train_precision=0.6182 train_true_positives=35984 train_true_negatives=37361 train_false_positives=22228 train_false_negatives=23737 train_max_prediction=0.9832 train_mean_prediction=0.5003 train_recall=0.6025 train_f1=0.6102 train_auc=0.6677 train_specificity=0.6270 train_false_positive_rate=0.3730 train_f2=0.6056 train_mcc=0.2296 train_prauc=0.6680 train_balanced_accuracy=0.6148 train_brier=0.2307 train_kappa=0.2295 train_informedness=0.2295 train_markedness=0.2451 train_gini=0.3355 train_optimal_threshold=0.5083 train_standard_deviation_prediction=0.0946 train_percentage_above_threshold=48.79
[LN171    ] [chunk_12_evaluation_evaluator.py] [info] [CATBOOST] [diagnostic] LABEL_THRESHOLD=0.0 VALIDATION_PRECISION=0.5286 VALIDATION_TRUE_POSITIVES=10817 VALIDATION_TRUE_NEGATIVES=14834 validation_false_positives=9646 validation_false_negatives=17957 validation_max_prediction=0.9684 validation_mean_prediction=0.4732 validation_recall=0.3759 validation_f1=0.4394 validation_auc=0.4821 validation_specificity=0.6060 validation_false_positive_rate=0.3940 validation_f2=0.3990 validation_mcc=-0.0186 validation_prauc=0.5488 validation_balanced_accuracy=0.4909 validation_brier=0.2676 validation_kappa=-0.0177 validation_informedness=-0.0181 validation_markedness=0.1346 validation_gini=0.0000 validation_optimal_threshold=0.6675 validation_standard_deviation_prediction=0.1167 validation_percentage_above_threshold=38.43
[LN172    ] [chunk_18_phase_4_ensemble.py] [info]    hyperparameter_optimization model threshold search: LABEL_THRESHOLD=0.0, VALIDATION_PRECISION=0.5286
[LN173    ] [chunk_18_phase_4_ensemble.py] [info]    post hyperparameter_optimization threshold search: LABEL_THRESHOLD=0.0, VALIDATION_PRECISION=0.5286
[LN174    ] [chunk_18_phase_4_ensemble.py] [info]    post hyperparameter_optimization no improvement: keeping LABEL_THRESHOLD=0.0
[LN175    ] [chunk_18_phase_4_ensemble.py] [info] [section 4] [CATBOOST] [post hyperparameter_optimization] [diagnostic]  cumulative binary_split_predictions (1%) ≤ 0.2211, (5%) ≤ 0.2977, (10%) ≤ 0.3338, (25%) ≤ 0.3939, (50%) ≤ 0.4663, (75%) ≤ 0.5454, (90%) ≤ 0.6186, (95%) ≤ 0.6665, (99%) ≤ 0.8088, max=0.9684 binary_split_predictions distribution: 0% ≤ 0.01, 0% ≤ 0.02, 0% ≤ 0.05, 0% ≤ 0.1, 1% ≤ 0.2, 62% ≤ 0.5, 38% ≥ 0.50
[LN176    ] [chunk_18_phase_4_ensemble.py] [info] [section 4] [CATBOOST] [post hyperparameter_optimization] LABEL_THRESHOLD=0.0,
[LN177    ] [chunk_18_phase_4_ensemble.py] [info] [section 4] [CATBOOST] [post hyperparameter_optimization] VALIDATION_PRECISION=0.5286 VALIDATION_TRUE_POSITIVES=10817 VALIDATION_TRUE_NEGATIVES=14834 validation_false_positives=9646 validation_false_negatives=17957 validation_max_prediction=0.9684 validation_mean_prediction=0.4732 validation_recall=0.3759 validation_f1=0.4394 validation_auc=0.4821 validation_specificity=0.6060 validation_false_positive_rate=0.3940 validation_f2=0.3990 validation_mcc=-0.0186 validation_prauc=0.5488 validation_balanced_accuracy=0.4909 validation_brier=0.2676 validation_kappa=-0.0177 validation_informedness=-0.0181 validation_markedness=0.1346 validation_gini=0.0000 validation_optimal_threshold=0.6675 validation_standard_deviation_prediction=0.1167 validation_percentage_above_threshold=38.43
[LN178    ] [chunk_18_phase_4_ensemble.py] [info] [section 4] [CATBOOST] [post hyperparameter_optimization] prediction_binary_split=0.50 hyperparams=(loss=binary_crossentropy lr=0.1 dropout=0.0 alpha=1.0 gamma=1.0 latent_dim=64) source=section3
[LN179    ] [chunk_18_phase_4_ensemble.py] [info]    Using Hyperparameter_Optimized model directly (no change to Label_Threshold)
[LN180    ] [chunk_18_phase_4_ensemble.py] [info]    Train predictions: mean=0.5003, std=0.0946, min=0.0711, max=0.9832
[LN181    ] [chunk_18_phase_4_ensemble.py] [info]    validation predictions:   mean=0.4732, std=0.1167, min=0.0485, max=0.9684
[LN182    ] [chunk_18_phase_4_ensemble.py] [info] [section 5] [CATBOOST] [final] [diagnostic] Train  cumulative binary_split_predictions (1%) ≤ 0.2680, (5%) ≤ 0.3578, (10%) ≤ 0.3932, (25%) ≤ 0.4451, (50%) ≤ 0.4979, (75%) ≤ 0.5495, (90%) ≤ 0.6042, (95%) ≤ 0.6473, (99%) ≤ 0.8056, max=0.9832 binary_split_predictions distribution: 0% ≤ 0.01, 0% ≤ 0.02, 0% ≤ 0.05, 0% ≤ 0.1, 0% ≤ 0.2, 51% ≤ 0.5, 49% ≥ 0.50
[LN183    ] [chunk_18_phase_4_ensemble.py] [info] [section 5] [CATBOOST] [final] [diagnostic] validation    cumulative binary_split_predictions (1%) ≤ 0.2211, (5%) ≤ 0.2977, (10%) ≤ 0.3338, (25%) ≤ 0.3939, (50%) ≤ 0.4663, (75%) ≤ 0.5454, (90%) ≤ 0.6186, (95%) ≤ 0.6665, (99%) ≤ 0.8088, max=0.9684 binary_split_predictions distribution: 0% ≤ 0.01, 0% ≤ 0.02, 0% ≤ 0.05, 0% ≤ 0.1, 1% ≤ 0.2, 62% ≤ 0.5, 38% ≥ 0.50
[LN184    ] [chunk_18_phase_4_ensemble.py] [info]    Train predictions: 48.79% positive predictions (58,212 / 119,310)
[LN185    ] [chunk_18_phase_4_ensemble.py] [info]    validation predictions:   38.43% positive predictions (20,463 / 53,254)
[LN186    ] [chunk_18_phase_4_ensemble.py] [info]    [info] Section 4 all rejected - using Section 3 results for Section 5
[LN187    ] [chunk_18_phase_4_ensemble.py] [info]    [diagnostic] prediction_buckets: 0-10:320, 10-20:2479, 20-30:11578, 30-40:18399, 40-50:13524, 50-60:5177, 60-70:1186, 70-80:378, 80-90:198, 90-100:0
[LN188    ] [chunk_18_phase_4_ensemble.py] [info] [section 5] [CATBOOST] [final] LABEL_THRESHOLD=0.0,
[LN189    ] [chunk_18_phase_4_ensemble.py] [info] [section 5] [CATBOOST] [final] train_precision=0.6182 train_true_positives=35984 train_true_negatives=37361 train_false_positives=22228 train_false_negatives=23737 train_max_prediction=0.9832 train_mean_prediction=0.5003 train_recall=0.6025 train_f1=0.6102 train_auc=0.6677 train_specificity=0.6270 train_false_positive_rate=0.3730 train_f2=0.6056 train_mcc=0.2296 train_prauc=0.6680 train_balanced_accuracy=0.6148 train_standard_deviation_prediction=0.0946 train_percentage_above_threshold=48.79 train_brier=0.2307 train_kappa=0.2295 train_informedness=0.2295 train_markedness=0.2451 train_gini=0.3355 train_optimal_threshold=0.5083
[LN190    ] [chunk_18_phase_4_ensemble.py] [info] [section 5] [CATBOOST] [final] VALIDATION_PRECISION=0.5286 VALIDATION_TRUE_POSITIVES=10817 VALIDATION_TRUE_NEGATIVES=14834 validation_false_positives=9646 validation_false_negatives=17957 validation_max_prediction=0.9684 validation_mean_prediction=0.4732 validation_recall=0.3759 validation_f1=0.4394 validation_auc=0.4821 validation_specificity=0.6060 validation_false_positive_rate=0.3940 validation_f2=0.3990 validation_mcc=-0.0186 validation_prauc=0.5488 validation_balanced_accuracy=0.4909 validation_brier=0.2676 validation_kappa=-0.0177 validation_informedness=-0.0181 validation_markedness=0.1346 validation_gini=0.0000 validation_optimal_threshold=0.6675 validation_standard_deviation_prediction=0.1167 validation_percentage_above_threshold=38.43
[LN191    ] [chunk_18_phase_4_ensemble.py] [info] [section 5] [CATBOOST] [final] prediction_binary_split=0.50 hyperparams=(loss=binary_crossentropy lr=0.1 dropout=0.0 alpha=1.0 gamma=1.0 latent_dim=64) (using HPO model directly)
[LN192    ] [chunk_18_phase_4_ensemble.py] [info]    CatBoost loss=binary_crossentropy pred_threshold=0.5 epochs=3
[LN193    ] [chunk_18_phase_4_ensemble.py] [info]    [CatBoost] hyperparameter_optimization: learning_rate=0.1
[LN194    ] [chunk_18_phase_4_ensemble.py] [info]    CatBoost training time: 49.9s
[LN195    ] [chunk_18_phase_4_ensemble.py] [info] [pass] CatBoost trained successfully
[LN196    ] [chunk_18_phase_4_ensemble.py] [info] [section 1] [LIGHTGBM] [baseline] LABEL_THRESHOLD=20.0,
[LN197    ] [chunk_18_phase_4_ensemble.py] [info] [section 1] [LIGHTGBM] [baseline] predictions: mean=0.0049, std=0.0330, min=0.0000, max=0.9780
[LN198    ] [chunk_18_phase_4_ensemble.py] [info] [section 1] [LIGHTGBM] [baseline]  cumulative binary_split_predictions (1%) ≤ 0.0000, (5%) ≤ 0.0000, (10%) ≤ 0.0000, (25%) ≤ 0.0000, (50%) ≤ 0.0000, (75%) ≤ 0.0004, (90%) ≤ 0.0041, (95%) ≤ 0.0141, (99%) ≤ 0.1060, max=0.9780 binary_split_predictions distribution: 94% ≤ 0.01, 96% ≤ 0.02, 98% ≤ 0.05, 99% ≤ 0.1, 100% ≤ 0.2, 100% ≤ 0.5, 0% ≥ 0.50
[LN199    ] [chunk_18_phase_4_ensemble.py] [info] [section 1] [LIGHTGBM] [baseline] prediction_binary_split=0.50, VALIDATION predictions at LABEL_THRESHOLD=20.0: 0.11%
[LN200    ] [chunk_18_phase_4_ensemble.py] [info] [section 1] [LIGHTGBM] [baseline] LABEL_THRESHOLD=20.0,
[LN201    ] [chunk_18_phase_4_ensemble.py] [info] [section 1] [LIGHTGBM] [baseline] VALIDATION_PRECISION=0.0167 VALIDATION_TRUE_POSITIVES=1 VALIDATION_TRUE_NEGATIVES=52859 validation_false_positives=59 validation_false_negatives=335 validation_max_prediction=0.9780 validation_mean_prediction=0.0049 validation_recall=0.0030 validation_f1=0.0051 validation_auc=0.8646 validation_specificity=0.9989 validation_false_positive_rate=0.0011 validation_f2=0.0036 validation_mcc=0.0044 validation_prauc=0.0367 validation_balanced_accuracy=0.5009 validation_brier=0.0070 validation_kappa=0.0031 validation_informedness=0.0019 validation_markedness=0.0156 validation_gini=0.7293 validation_optimal_threshold=0.0006 validation_standard_deviation_prediction=0.0330 validation_percentage_above_threshold=0.11
[LN202    ] [chunk_18_phase_4_ensemble.py] [info] [section 1] [LIGHTGBM] [baseline] prediction_binary_split=0.50 loss=binary_crossentropy, lr=0.001
[LN203    ] [chunk_12_evaluation_evaluator.py] [info] [LIGHTGBM] label_threshold=20.0 train_below_prediction_binary_split=118,621 train_above_prediction_binary_split=689 train_positive_found=true val_below_prediction_binary_split=52,918 val_above_prediction_binary_split=336 val_positive_found=true
[LN204    ] [chunk_12_evaluation_evaluator.py] [info] [LIGHTGBM] [diagnostic] LABEL_THRESHOLD=20.0 train_precision=0.9018 train_true_positives=689 train_true_negatives=118546 train_false_positives=75 train_false_negatives=0 train_max_prediction=0.9992 train_mean_prediction=0.0102 train_recall=1.0000 train_f1=0.9484 train_auc=1.0000 train_specificity=0.9994 train_false_positive_rate=0.0006 train_f2=0.9787 train_mcc=0.9493 train_prauc=0.9998 train_balanced_accuracy=0.9997 train_brier=0.0008 train_kappa=0.9481 train_informedness=0.9994 train_markedness=0.9012 train_gini=1.0000 train_optimal_threshold=0.9033 train_standard_deviation_prediction=0.0800 train_percentage_above_threshold=0.64
[LN205    ] [chunk_12_evaluation_evaluator.py] [info] [LIGHTGBM] [diagnostic] LABEL_THRESHOLD=20.0 VALIDATION_PRECISION=0.0167 VALIDATION_TRUE_POSITIVES=1 VALIDATION_TRUE_NEGATIVES=52859 validation_false_positives=59 validation_false_negatives=335 validation_max_prediction=0.9780 validation_mean_prediction=0.0049 validation_recall=0.0030 validation_f1=0.0051 validation_auc=0.8646 validation_specificity=0.9989 validation_false_positive_rate=0.0011 validation_f2=0.0036 validation_mcc=0.0044 validation_prauc=0.0367 validation_balanced_accuracy=0.5009 validation_brier=0.0070 validation_kappa=0.0031 validation_informedness=0.0019 validation_markedness=0.0156 validation_gini=0.7293 validation_optimal_threshold=0.0006 validation_standard_deviation_prediction=0.0330 validation_percentage_above_threshold=0.11
[LN206    ] [chunk_12_evaluation_evaluator.py] [info] [LIGHTGBM] label_threshold=10.0 train_below_prediction_binary_split=116,756 train_above_prediction_binary_split=2,554 train_positive_found=true val_below_prediction_binary_split=52,057 val_above_prediction_binary_split=1,197 val_positive_found=true
[LN207    ] [chunk_12_evaluation_evaluator.py] [info] [LIGHTGBM] [diagnostic] LABEL_THRESHOLD=10.0 train_precision=0.5533 train_true_positives=2554 train_true_negatives=114694 train_false_positives=2062 train_false_negatives=0 train_max_prediction=0.9946 train_mean_prediction=0.0769 train_recall=1.0000 train_f1=0.7124 train_auc=0.9999 train_specificity=0.9823 train_false_positive_rate=0.0177 train_f2=0.8610 train_mcc=0.7372 train_prauc=0.9923 train_balanced_accuracy=0.9912 train_brier=0.0173 train_kappa=0.7043 train_informedness=0.9823 train_markedness=0.5356 train_gini=0.9998 train_optimal_threshold=0.7895 train_standard_deviation_prediction=0.1742 train_percentage_above_threshold=3.87
[LN208    ] [chunk_12_evaluation_evaluator.py] [info] [LIGHTGBM] [diagnostic] LABEL_THRESHOLD=10.0 VALIDATION_PRECISION=0.1046 VALIDATION_TRUE_POSITIVES=160 VALIDATION_TRUE_NEGATIVES=50688 validation_false_positives=1369 validation_false_negatives=1037 validation_max_prediction=0.9815 validation_mean_prediction=0.0609 validation_recall=0.1337 validation_f1=0.1174 validation_auc=0.8328 validation_specificity=0.9737 validation_false_positive_rate=0.0263 validation_f2=0.1266 validation_mcc=0.0953 validation_prauc=0.0846 validation_balanced_accuracy=0.5537 validation_brier=0.0351 validation_kappa=0.0946 validation_informedness=0.1074 validation_markedness=0.0783 validation_gini=0.6657 validation_optimal_threshold=0.0165 validation_standard_deviation_prediction=0.1374 validation_percentage_above_threshold=2.87
[LN209    ] [chunk_12_evaluation_evaluator.py] [info] [LIGHTGBM] label_threshold=0.0 train_below_prediction_binary_split=59,589 train_above_prediction_binary_split=59,721 train_positive_found=true val_below_prediction_binary_split=24,480 val_above_prediction_binary_split=28,774 val_positive_found=true
[LN210    ] [chunk_12_evaluation_evaluator.py] [info] [LIGHTGBM] [diagnostic] LABEL_THRESHOLD=0.0 train_precision=0.7879 train_true_positives=46079 train_true_negatives=47184 train_false_positives=12405 train_false_negatives=13642 train_max_prediction=0.9960 train_mean_prediction=0.5001 train_recall=0.7716 train_f1=0.7796 train_auc=0.8643 train_specificity=0.7918 train_false_positive_rate=0.2082 train_f2=0.7748 train_mcc=0.5635 train_prauc=0.8627 train_balanced_accuracy=0.7817 train_brier=0.1832 train_kappa=0.5634 train_informedness=0.5634 train_markedness=0.5797 train_gini=0.7286 train_optimal_threshold=0.5004 train_standard_deviation_prediction=0.1465 train_percentage_above_threshold=49.02
[LN211    ] [chunk_12_evaluation_evaluator.py] [info] [LIGHTGBM] [diagnostic] LABEL_THRESHOLD=0.0 VALIDATION_PRECISION=0.5319 VALIDATION_TRUE_POSITIVES=10185 VALIDATION_TRUE_NEGATIVES=15517 validation_false_positives=8963 validation_false_negatives=18589 validation_max_prediction=0.9800 validation_mean_prediction=0.4418 validation_recall=0.3540 validation_f1=0.4251 validation_auc=0.4842 validation_specificity=0.6339 validation_false_positive_rate=0.3661 validation_f2=0.3793 validation_mcc=-0.0126 validation_prauc=0.5510 validation_balanced_accuracy=0.4939 validation_brier=0.2889 validation_kappa=-0.0118 validation_informedness=-0.0122 validation_markedness=0.1658 validation_gini=0.0000 validation_optimal_threshold=0.6985 validation_standard_deviation_prediction=0.1684 validation_percentage_above_threshold=35.96
[LN212    ] [chunk_18_phase_4_ensemble.py] [info] [section 1] [LIGHTGBM] [label_threshold_optimal]  cumulative binary_split_predictions (1%) ≤ 0.1142, (5%) ≤ 0.1771, (10%) ≤ 0.2233, (25%) ≤ 0.3172, (50%) ≤ 0.4352, (75%) ≤ 0.5581, (90%) ≤ 0.6661, (95%) ≤ 0.7301, (99%) ≤ 0.8486, max=0.9800 binary_split_predictions distribution: 0% ≤ 0.01, 0% ≤ 0.02, 0% ≤ 0.05, 1% ≤ 0.1, 7% ≤ 0.2, 64% ≤ 0.5, 36% ≥ 0.50
[LN213    ] [chunk_18_phase_4_ensemble.py] [info] [section 1] [LIGHTGBM] [label_threshold_optimal] LABEL_THRESHOLD=0.0
[LN214    ] [chunk_18_phase_4_ensemble.py] [info] [section 1] [LIGHTGBM] [label_threshold_optimal] train_precision=0.7879 train_true_positives=46079 train_true_negatives=47184 train_false_positives=12405 train_false_negatives=13642 train_max_prediction=0.9960 train_mean_prediction=0.5001 train_recall=0.7716 train_f1=0.7796 train_auc=0.8643 train_specificity=0.7918 train_false_positive_rate=0.2082 train_f2=0.7748 train_mcc=0.5635 train_prauc=0.8627 train_balanced_accuracy=0.7817 train_brier=0.1832 train_kappa=0.5634 train_informedness=0.5634 train_markedness=0.5797 train_gini=0.7286 train_optimal_threshold=0.5004 train_standard_deviation_prediction=0.1465 train_percentage_above_threshold=49.02
[LN215    ] [chunk_18_phase_4_ensemble.py] [info] [section 1] [LIGHTGBM] [label_threshold_optimal] VALIDATION_PRECISION=0.5319 VALIDATION_TRUE_POSITIVES=10185 VALIDATION_TRUE_NEGATIVES=15517 validation_false_positives=8963 validation_false_negatives=18589 validation_max_prediction=0.9800 validation_mean_prediction=0.4418 validation_recall=0.3540 validation_f1=0.4251 validation_auc=0.4842 validation_specificity=0.6339 validation_false_positive_rate=0.3661 validation_f2=0.3793 validation_mcc=-0.0126 validation_prauc=0.5510 validation_balanced_accuracy=0.4939 validation_brier=0.2889 validation_kappa=-0.0118 validation_informedness=-0.0122 validation_markedness=0.1658 validation_gini=0.0000 validation_optimal_threshold=0.6985 validation_standard_deviation_prediction=0.1684 validation_percentage_above_threshold=35.96
[LN216    ] [chunk_18_phase_4_ensemble.py] [info] [section 1] [LIGHTGBM] [label_threshold_optimal] prediction_binary_split=0.50
[LN217    ] [chunk_21_hyperparam_optimizer.py] [info] [section 2] [LIGHTGBM] [hyperparameter_optimization search] Running Bayesian optimization (5 trials)...
[LN218    ] [chunk_21_hyperparam_optimizer.py] [info] [section 2] [LIGHTGBM] [hyperparameter_optimization search baseline] LABEL_THRESHOLD=0.0
[LN219    ] [chunk_21_hyperparam_optimizer.py] [info] [section 2] [LIGHTGBM] [hyperparameter_optimization search baseline] VALIDATION_PRECISION=0.5323 VALIDATION_TRUE_POSITIVES=9966 VALIDATION_TRUE_NEGATIVES=15722 validation_false_positives=8758 validation_false_negatives=18808 validation_max_prediction=0.9772 validation_mean_prediction=0.4455 validation_recall=0.3464 validation_f1=0.4196 validation_auc=0.4830 validation_specificity=0.6422 validation_false_positive_rate=0.3578 validation_f2=0.3724 validation_mcc=-0.0119 validation_prauc=0.5533 validation_balanced_accuracy=0.4943 validation_brier=0.2823 validation_kappa=-0.0111 validation_informedness=-0.0114 validation_markedness=0.1745 validation_gini=0.0000 validation_optimal_threshold=0.6762 validation_standard_deviation_prediction=0.1514 validation_percentage_above_threshold=35.16
[LN220    ] [chunk_21_hyperparam_optimizer.py] [info] [section 2] [LIGHTGBM] [hyperparameter_optimization search baseline] TRIAL 1/5: n_estimators=800, num_leaves=127, learning_rate=0.05, min_child_samples=200, reg_alpha=0.1, reg_lambda=5.0, subsample=0.6, colsample_bytree=0.8, min_split_gain=0.1
[LN221    ] [chunk_21_hyperparam_optimizer.py] [info] [section 2] [LIGHTGBM] [hyperparameter_optimization search baseline] LABEL_THRESHOLD=0.0
[LN222    ] [chunk_21_hyperparam_optimizer.py] [info] [section 2] [LIGHTGBM] [hyperparameter_optimization search baseline] VALIDATION_PRECISION=0.5241 VALIDATION_TRUE_POSITIVES=10391 VALIDATION_TRUE_NEGATIVES=15043 validation_false_positives=9437 validation_false_negatives=18383 validation_max_prediction=0.9383 validation_mean_prediction=0.4627 validation_recall=0.3611 validation_f1=0.4276 validation_auc=0.4789 validation_specificity=0.6145 validation_false_positive_rate=0.3855 validation_f2=0.3851 validation_mcc=-0.0251 validation_prauc=0.5509 validation_balanced_accuracy=0.4878 validation_brier=0.2696 validation_kappa=-0.0237 validation_informedness=-0.0244 validation_markedness=0.1386 validation_gini=0.0000 validation_optimal_threshold=0.6599 validation_standard_deviation_prediction=0.1158 validation_percentage_above_threshold=37.23
[LN223    ] [chunk_21_hyperparam_optimizer.py] [info] [section 2] [LIGHTGBM] [hyperparameter_optimization search baseline] TRIAL 2/5: n_estimators=300, num_leaves=127, learning_rate=0.03, min_child_samples=200, reg_alpha=1.0, reg_lambda=5.0, subsample=0.8, colsample_bytree=0.8, min_split_gain=0.0
[LN224    ] [chunk_21_hyperparam_optimizer.py] [info] [section 2] [LIGHTGBM] [hyperparameter_optimization search baseline] LABEL_THRESHOLD=0.0
[LN225    ] [chunk_21_hyperparam_optimizer.py] [info] [section 2] [LIGHTGBM] [hyperparameter_optimization search baseline] VALIDATION_PRECISION=0.5257 VALIDATION_TRUE_POSITIVES=10022 VALIDATION_TRUE_NEGATIVES=15438 validation_false_positives=9042 validation_false_negatives=18752 validation_max_prediction=0.9542 validation_mean_prediction=0.4553 validation_recall=0.3483 validation_f1=0.4190 validation_auc=0.4815 validation_specificity=0.6306 validation_false_positive_rate=0.3694 validation_f2=0.3735 validation_mcc=-0.0219 validation_prauc=0.5515 validation_balanced_accuracy=0.4895 validation_brier=0.2734 validation_kappa=-0.0205 validation_informedness=-0.0211 validation_markedness=0.1563 validation_gini=0.0000 validation_optimal_threshold=0.6609 validation_standard_deviation_prediction=0.1283 validation_percentage_above_threshold=35.80
[LN226    ] [chunk_21_hyperparam_optimizer.py] [info] [section 2] [LIGHTGBM] [hyperparameter_optimization search baseline] TRIAL 3/5: n_estimators=800, num_leaves=31, learning_rate=0.03, min_child_samples=50, reg_alpha=0.5, reg_lambda=1.0, subsample=0.7, colsample_bytree=1.0, min_split_gain=0.0
[LN227    ] [chunk_21_hyperparam_optimizer.py] [info] [section 2] [LIGHTGBM] [hyperparameter_optimization search baseline] LABEL_THRESHOLD=0.0
[LN228    ] [chunk_21_hyperparam_optimizer.py] [info] [section 2] [LIGHTGBM] [hyperparameter_optimization search baseline] VALIDATION_PRECISION=0.5254 VALIDATION_TRUE_POSITIVES=10044 VALIDATION_TRUE_NEGATIVES=15406 validation_false_positives=9074 validation_false_negatives=18730 validation_max_prediction=0.9555 validation_mean_prediction=0.4571 validation_recall=0.3491 validation_f1=0.4194 validation_auc=0.4824 validation_specificity=0.6293 validation_false_positive_rate=0.3707 validation_f2=0.3742 validation_mcc=-0.0224 validation_prauc=0.5512 validation_balanced_accuracy=0.4892 validation_brier=0.2727 validation_kappa=-0.0210 validation_informedness=-0.0216 validation_markedness=0.1547 validation_gini=0.0000 validation_optimal_threshold=0.6729 validation_standard_deviation_prediction=0.1265 validation_percentage_above_threshold=35.90
[LN229    ] [chunk_21_hyperparam_optimizer.py] [info] [section 2] [LIGHTGBM] [hyperparameter_optimization search baseline] TRIAL 4/5: n_estimators=300, num_leaves=31, learning_rate=0.08, min_child_samples=100, reg_alpha=0.5, reg_lambda=0.5, subsample=0.6, colsample_bytree=0.8, min_split_gain=0.0
[LN230    ] [chunk_21_hyperparam_optimizer.py] [info] [section 2] [LIGHTGBM] [hyperparameter_optimization search baseline] LABEL_THRESHOLD=0.0
[LN231    ] [chunk_21_hyperparam_optimizer.py] [info] [section 2] [LIGHTGBM] [hyperparameter_optimization search baseline] VALIDATION_PRECISION=0.5295 VALIDATION_TRUE_POSITIVES=10244 VALIDATION_TRUE_NEGATIVES=15378 validation_false_positives=9102 validation_false_negatives=18530 validation_max_prediction=0.9713 validation_mean_prediction=0.4497 validation_recall=0.3560 validation_f1=0.4258 validation_auc=0.4858 validation_specificity=0.6282 validation_false_positive_rate=0.3718 validation_f2=0.3810 validation_mcc=-0.0164 validation_prauc=0.5533 validation_balanced_accuracy=0.4921 validation_brier=0.2819 validation_kappa=-0.0154 validation_informedness=-0.0158 validation_markedness=0.1577 validation_gini=0.0000 validation_optimal_threshold=0.7087 validation_standard_deviation_prediction=0.1549 validation_percentage_above_threshold=36.33
[LN232    ] [chunk_21_hyperparam_optimizer.py] [info] [section 2] [LIGHTGBM] [hyperparameter_optimization search baseline] TRIAL 5/5: n_estimators=300, num_leaves=127, learning_rate=0.08, min_child_samples=50, reg_alpha=0.1, reg_lambda=1.0, subsample=0.6, colsample_bytree=1.0, min_split_gain=0.01
[LN233    ] [chunk_21_hyperparam_optimizer.py] [info] [section 2] [LIGHTGBM] [best trial] LABEL_THRESHOLD=0.0
[LN234    ] [chunk_21_hyperparam_optimizer.py] [info] [section 2] [LIGHTGBM] [best trial] VALIDATION_PRECISION=0.5323 VALIDATION_TRUE_POSITIVES=9966 VALIDATION_TRUE_NEGATIVES=15722 validation_false_positives=8758 validation_false_negatives=18808 validation_max_prediction=0.9772 validation_mean_prediction=0.4455 validation_recall=0.3464 validation_f1=0.4196 validation_auc=0.4830 validation_specificity=0.6422 validation_false_positive_rate=0.3578 validation_f2=0.3724 validation_mcc=-0.0119 validation_prauc=0.5533 validation_balanced_accuracy=0.4943 validation_brier=0.2823 validation_kappa=-0.0111 validation_informedness=-0.0114 validation_markedness=0.1745 validation_gini=0.0000 validation_optimal_threshold=0.6762 validation_standard_deviation_prediction=0.1514 validation_percentage_above_threshold=35.16
[LN235    ] [chunk_21_hyperparam_optimizer.py] [info] [section 2] [LIGHTGBM] [best trial] n_estimators=800, num_leaves=127, learning_rate=0.05, min_child_samples=200, reg_alpha=0.1, reg_lambda=5.0, subsample=0.6, colsample_bytree=0.8, min_split_gain=0.1
[LN236    ] [chunk_18_phase_4_ensemble.py] [info]    [diagnostic-hyperparameter_optimization]  cumulative binary_split_predictions (1%) ≤ 0.1405, (5%) ≤ 0.2076, (10%) ≤ 0.2506, (25%) ≤ 0.3362, (50%) ≤ 0.4400, (75%) ≤ 0.5473, (90%) ≤ 0.6438, (95%) ≤ 0.6994, (99%) ≤ 0.8256, max=0.9772 binary_split_predictions distribution: 0% ≤ 0.01, 0% ≤ 0.02, 0% ≤ 0.05, 0% ≤ 0.1, 4% ≤ 0.2, 65% ≤ 0.5, 35% ≥ 0.50
[LN237    ] [chunk_18_phase_4_ensemble.py] [info]    hyperparameter_optimization improved: 0.5323 > 0.5319
[LN238    ] [chunk_18_phase_4_ensemble.py] [info] [section 3] [LIGHTGBM] [HYPERPARAMETER_OPTIMIZATION] LABEL_THRESHOLD=0.0,
[LN239    ] [chunk_18_phase_4_ensemble.py] [info] [section 3] [LIGHTGBM] [HYPERPARAMETER_OPTIMIZATION] VALIDATION_PRECISION=0.5323 VALIDATION_TRUE_POSITIVES=9966 VALIDATION_TRUE_NEGATIVES=15722 validation_false_positives=8758 validation_false_negatives=18808 validation_max_prediction=0.9772 validation_mean_prediction=0.4455 validation_recall=0.3464 validation_f1=0.4196 validation_auc=0.4830 validation_specificity=0.6422 validation_false_positive_rate=0.3578 validation_f2=0.3724 validation_mcc=-0.0119 validation_prauc=0.5533 validation_balanced_accuracy=0.4943 validation_brier=0.2823 validation_kappa=-0.0111 validation_informedness=-0.0114 validation_markedness=0.1745 validation_gini=0.0000 validation_optimal_threshold=0.6762 validation_standard_deviation_prediction=0.1514 validation_percentage_above_threshold=35.16
[LN240    ] [chunk_18_phase_4_ensemble.py] [info] [section 3] [LIGHTGBM] [HYPERPARAMETER_OPTIMIZATION] prediction_binary_split=0.50 hyperparams=(loss=binary_crossentropy lr=0.05 dropout=0.1 alpha=0.0 gamma=0.0 latent_dim=0) improved=True {'n_estimators': 800, 'num_leaves': 127, 'learning_rate': 0.05, 'min_child_samples': 200, 'reg_alpha': 0.1, 'reg_lambda': 5.0, 'subsample': 0.6, 'colsample_bytree': 0.8, 'min_split_gain': 0.1}
[LN241    ] [chunk_18_phase_4_ensemble.py] [info]    Running post hyperparameter_optimization threshold search for LightGBM...
[LN242    ] [chunk_12_evaluation_evaluator.py] [info] [LIGHTGBM] label_threshold=20.0 train_below_prediction_binary_split=118,621 train_above_prediction_binary_split=689 train_positive_found=true val_below_prediction_binary_split=52,918 val_above_prediction_binary_split=336 val_positive_found=true
[LN243    ] [chunk_12_evaluation_evaluator.py] [info] [LIGHTGBM] [reject] skipping LABEL_THRESHOLD=20.0: validation_precision=0.0125 <= baseline+0.0100=0.0163
[LN244    ] [chunk_12_evaluation_evaluator.py] [info] [LIGHTGBM] label_threshold=10.0 train_below_prediction_binary_split=116,756 train_above_prediction_binary_split=2,554 train_positive_found=true val_below_prediction_binary_split=52,057 val_above_prediction_binary_split=1,197 val_positive_found=true
[LN245    ] [chunk_12_evaluation_evaluator.py] [info] [LIGHTGBM] [reject] skipping LABEL_THRESHOLD=10.0: validation_precision=0.0311 <= baseline+0.0100=0.0325
[LN246    ] [chunk_12_evaluation_evaluator.py] [info] [LIGHTGBM] label_threshold=0.0 train_below_prediction_binary_split=59,589 train_above_prediction_binary_split=59,721 train_positive_found=true val_below_prediction_binary_split=24,480 val_above_prediction_binary_split=28,774 val_positive_found=true
[LN247    ] [chunk_12_evaluation_evaluator.py] [info] [LIGHTGBM] [diagnostic] LABEL_THRESHOLD=0.0 train_precision=0.7219 train_true_positives=42111 train_true_negatives=43365 train_false_positives=16224 train_false_negatives=17610 train_max_prediction=0.9893 train_mean_prediction=0.5001 train_recall=0.7051 train_f1=0.7134 train_auc=0.7917 train_specificity=0.7277 train_false_positive_rate=0.2723 train_f2=0.7084 train_mcc=0.4330 train_prauc=0.7874 train_balanced_accuracy=0.7164 train_brier=0.2042 train_kappa=0.4329 train_informedness=0.4329 train_markedness=0.4496 train_gini=0.5834 train_optimal_threshold=0.4976 train_standard_deviation_prediction=0.1273 train_percentage_above_threshold=48.89
[LN248    ] [chunk_12_evaluation_evaluator.py] [info] [LIGHTGBM] [diagnostic] LABEL_THRESHOLD=0.0 VALIDATION_PRECISION=0.5323 VALIDATION_TRUE_POSITIVES=9966 VALIDATION_TRUE_NEGATIVES=15722 validation_false_positives=8758 validation_false_negatives=18808 validation_max_prediction=0.9772 validation_mean_prediction=0.4455 validation_recall=0.3464 validation_f1=0.4196 validation_auc=0.4830 validation_specificity=0.6422 validation_false_positive_rate=0.3578 validation_f2=0.3724 validation_mcc=-0.0119 validation_prauc=0.5533 validation_balanced_accuracy=0.4943 validation_brier=0.2823 validation_kappa=-0.0111 validation_informedness=-0.0114 validation_markedness=0.1745 validation_gini=0.0000 validation_optimal_threshold=0.6762 validation_standard_deviation_prediction=0.1514 validation_percentage_above_threshold=35.16
[LN249    ] [chunk_18_phase_4_ensemble.py] [info]    hyperparameter_optimization model threshold search: LABEL_THRESHOLD=0.0, VALIDATION_PRECISION=0.5323
[LN250    ] [chunk_18_phase_4_ensemble.py] [info]    post hyperparameter_optimization threshold search: LABEL_THRESHOLD=0.0, VALIDATION_PRECISION=0.5323
[LN251    ] [chunk_18_phase_4_ensemble.py] [info]    post hyperparameter_optimization no improvement: keeping LABEL_THRESHOLD=0.0
[LN252    ] [chunk_18_phase_4_ensemble.py] [info] [section 4] [LIGHTGBM] [post hyperparameter_optimization] [diagnostic]  cumulative binary_split_predictions (1%) ≤ 0.1405, (5%) ≤ 0.2076, (10%) ≤ 0.2506, (25%) ≤ 0.3362, (50%) ≤ 0.4400, (75%) ≤ 0.5473, (90%) ≤ 0.6438, (95%) ≤ 0.6994, (99%) ≤ 0.8256, max=0.9772 binary_split_predictions distribution: 0% ≤ 0.01, 0% ≤ 0.02, 0% ≤ 0.05, 0% ≤ 0.1, 4% ≤ 0.2, 65% ≤ 0.5, 35% ≥ 0.50
[LN253    ] [chunk_18_phase_4_ensemble.py] [info] [section 4] [LIGHTGBM] [post hyperparameter_optimization] LABEL_THRESHOLD=0.0,
[LN254    ] [chunk_18_phase_4_ensemble.py] [info] [section 4] [LIGHTGBM] [post hyperparameter_optimization] VALIDATION_PRECISION=0.5323 VALIDATION_TRUE_POSITIVES=9966 VALIDATION_TRUE_NEGATIVES=15722 validation_false_positives=8758 validation_false_negatives=18808 validation_max_prediction=0.9772 validation_mean_prediction=0.4455 validation_recall=0.3464 validation_f1=0.4196 validation_auc=0.4830 validation_specificity=0.6422 validation_false_positive_rate=0.3578 validation_f2=0.3724 validation_mcc=-0.0119 validation_prauc=0.5533 validation_balanced_accuracy=0.4943 validation_brier=0.2823 validation_kappa=-0.0111 validation_informedness=-0.0114 validation_markedness=0.1745 validation_gini=0.0000 validation_optimal_threshold=0.6762 validation_standard_deviation_prediction=0.1514 validation_percentage_above_threshold=35.16
[LN255    ] [chunk_18_phase_4_ensemble.py] [info] [section 4] [LIGHTGBM] [post hyperparameter_optimization] prediction_binary_split=0.50 hyperparams=(loss=binary_crossentropy lr=0.05 dropout=0.0 alpha=1.0 gamma=1.0 latent_dim=64) source=section3
[LN256    ] [chunk_18_phase_4_ensemble.py] [info]    Using Hyperparameter_Optimized model directly (no change to Label_Threshold)
[LN257    ] [chunk_18_phase_4_ensemble.py] [info]    Train predictions: mean=0.5001, std=0.1273, min=0.0542, max=0.9893
[LN258    ] [chunk_18_phase_4_ensemble.py] [info]    validation predictions:   mean=0.4455, std=0.1514, min=0.0706, max=0.9772
[LN259    ] [chunk_18_phase_4_ensemble.py] [info] [section 5] [LIGHTGBM] [final] [diagnostic] Train  cumulative binary_split_predictions (1%) ≤ 0.1965, (5%) ≤ 0.2985, (10%) ≤ 0.3456, (25%) ≤ 0.4198, (50%) ≤ 0.4970, (75%) ≤ 0.5755, (90%) ≤ 0.6551, (95%) ≤ 0.7105, (99%) ≤ 0.8580, max=0.9893 binary_split_predictions distribution: 0% ≤ 0.01, 0% ≤ 0.02, 0% ≤ 0.05, 0% ≤ 0.1, 1% ≤ 0.2, 51% ≤ 0.5, 49% ≥ 0.50
[LN260    ] [chunk_18_phase_4_ensemble.py] [info] [section 5] [LIGHTGBM] [final] [diagnostic] validation    cumulative binary_split_predictions (1%) ≤ 0.1405, (5%) ≤ 0.2076, (10%) ≤ 0.2506, (25%) ≤ 0.3362, (50%) ≤ 0.4400, (75%) ≤ 0.5473, (90%) ≤ 0.6438, (95%) ≤ 0.6994, (99%) ≤ 0.8256, max=0.9772 binary_split_predictions distribution: 0% ≤ 0.01, 0% ≤ 0.02, 0% ≤ 0.05, 0% ≤ 0.1, 4% ≤ 0.2, 65% ≤ 0.5, 35% ≥ 0.50
[LN261    ] [chunk_18_phase_4_ensemble.py] [info]    Train predictions: 48.89% positive predictions (58,335 / 119,310)
[LN262    ] [chunk_18_phase_4_ensemble.py] [info]    validation predictions:   35.16% positive predictions (18,724 / 53,254)
[LN263    ] [chunk_18_phase_4_ensemble.py] [info]    [info] Section 4 all rejected - using Section 3 results for Section 5
[LN264    ] [chunk_18_phase_4_ensemble.py] [info]    [diagnostic] prediction_buckets: 0-10:2248, 10-20:7235, 20-30:11657, 30-40:13338, 40-50:10391, 50-60:5688, 60-70:1911, 70-80:497, 80-90:237, 90-100:0
[LN265    ] [chunk_18_phase_4_ensemble.py] [info] [section 5] [LIGHTGBM] [final] LABEL_THRESHOLD=0.0,
[LN266    ] [chunk_18_phase_4_ensemble.py] [info] [section 5] [LIGHTGBM] [final] train_precision=0.7219 train_true_positives=42111 train_true_negatives=43365 train_false_positives=16224 train_false_negatives=17610 train_max_prediction=0.9893 train_mean_prediction=0.5001 train_recall=0.7051 train_f1=0.7134 train_auc=0.7917 train_specificity=0.7277 train_false_positive_rate=0.2723 train_f2=0.7084 train_mcc=0.4330 train_prauc=0.7874 train_balanced_accuracy=0.7164 train_standard_deviation_prediction=0.1273 train_percentage_above_threshold=48.89 train_brier=0.2042 train_kappa=0.4329 train_informedness=0.4329 train_markedness=0.4496 train_gini=0.5834 train_optimal_threshold=0.4976
[LN267    ] [chunk_18_phase_4_ensemble.py] [info] [section 5] [LIGHTGBM] [final] VALIDATION_PRECISION=0.5323 VALIDATION_TRUE_POSITIVES=9966 VALIDATION_TRUE_NEGATIVES=15722 validation_false_positives=8758 validation_false_negatives=18808 validation_max_prediction=0.9772 validation_mean_prediction=0.4455 validation_recall=0.3464 validation_f1=0.4196 validation_auc=0.4830 validation_specificity=0.6422 validation_false_positive_rate=0.3578 validation_f2=0.3724 validation_mcc=-0.0119 validation_prauc=0.5533 validation_balanced_accuracy=0.4943 validation_brier=0.2823 validation_kappa=-0.0111 validation_informedness=-0.0114 validation_markedness=0.1745 validation_gini=0.0000 validation_optimal_threshold=0.6762 validation_standard_deviation_prediction=0.1514 validation_percentage_above_threshold=35.16
[LN268    ] [chunk_18_phase_4_ensemble.py] [info] [section 5] [LIGHTGBM] [final] prediction_binary_split=0.50 hyperparams=(loss=binary_crossentropy lr=0.05 dropout=0.0 alpha=1.0 gamma=1.0 latent_dim=64) (using HPO model directly)
[LN269    ] [chunk_18_phase_4_ensemble.py] [info]    LightGBM loss=binary_crossentropy pred_threshold=0.5 epochs=3
[LN270    ] [chunk_18_phase_4_ensemble.py] [info]    [LightGBM] hyperparameter_optimization: learning_rate=0.05
[LN271    ] [chunk_18_phase_4_ensemble.py] [info]    LightGBM training time: 26.3s
[LN272    ] [chunk_18_phase_4_ensemble.py] [info] [pass] LightGBM trained successfully
[LN273    ] [chunk_18_phase_4_ensemble.py] [info] [section 1] [XGBOOST] [baseline] LABEL_THRESHOLD=20.0,
[LN274    ] [chunk_18_phase_4_ensemble.py] [info] [section 1] [XGBOOST] [baseline] predictions: mean=0.0036, std=0.0197, min=0.0000, max=0.7741
[LN275    ] [chunk_18_phase_4_ensemble.py] [info] [section 1] [XGBOOST] [baseline]  cumulative binary_split_predictions (1%) ≤ 0.0000, (5%) ≤ 0.0000, (10%) ≤ 0.0000, (25%) ≤ 0.0000, (50%) ≤ 0.0001, (75%) ≤ 0.0011, (90%) ≤ 0.0060, (95%) ≤ 0.0142, (99%) ≤ 0.0626, max=0.7741 binary_split_predictions distribution: 93% ≤ 0.01, 96% ≤ 0.02, 99% ≤ 0.05, 99% ≤ 0.1, 100% ≤ 0.2, 100% ≤ 0.5, 0% ≥ 0.50
[LN276    ] [chunk_18_phase_4_ensemble.py] [info] [section 1] [XGBOOST] [baseline] prediction_binary_split=0.50, VALIDATION predictions at LABEL_THRESHOLD=20.0: 0.03%
[LN277    ] [chunk_18_phase_4_ensemble.py] [info] [section 1] [XGBOOST] [baseline] LABEL_THRESHOLD=20.0,
[LN278    ] [chunk_18_phase_4_ensemble.py] [info] [section 1] [XGBOOST] [baseline] VALIDATION_PRECISION=0.0667 VALIDATION_TRUE_POSITIVES=1 VALIDATION_TRUE_NEGATIVES=52904 validation_false_positives=14 validation_false_negatives=335 validation_max_prediction=0.7741 validation_mean_prediction=0.0036 validation_recall=0.0030 validation_f1=0.0057 validation_auc=0.8608 validation_specificity=0.9997 validation_false_positive_rate=0.0003 validation_f2=0.0037 validation_mcc=0.0128 validation_prauc=0.0319 validation_balanced_accuracy=0.5014 validation_brier=0.0065 validation_kappa=0.0052 validation_informedness=0.0027 validation_markedness=0.0664 validation_gini=0.7217 validation_optimal_threshold=0.0006 validation_standard_deviation_prediction=0.0197 validation_percentage_above_threshold=0.03
[LN279    ] [chunk_18_phase_4_ensemble.py] [info] [section 1] [XGBOOST] [baseline] prediction_binary_split=0.50 loss=binary_crossentropy, lr=0.001
[LN280    ] [chunk_12_evaluation_evaluator.py] [info] [XGBOOST] label_threshold=20.0 train_below_prediction_binary_split=118,621 train_above_prediction_binary_split=689 train_positive_found=true val_below_prediction_binary_split=52,918 val_above_prediction_binary_split=336 val_positive_found=true
[LN281    ] [chunk_12_evaluation_evaluator.py] [info] [XGBOOST] [diagnostic] LABEL_THRESHOLD=20.0 train_precision=0.7929 train_true_positives=689 train_true_negatives=118441 train_false_positives=180 train_false_negatives=0 train_max_prediction=0.9995 train_mean_prediction=0.0173 train_recall=1.0000 train_f1=0.8845 train_auc=1.0000 train_specificity=0.9985 train_false_positive_rate=0.0015 train_f2=0.9503 train_mcc=0.8898 train_prauc=0.9998 train_balanced_accuracy=0.9992 train_brier=0.0021 train_kappa=0.8837 train_informedness=0.9985 train_markedness=0.7913 train_gini=1.0000 train_optimal_threshold=0.8258 train_standard_deviation_prediction=0.0863 train_percentage_above_threshold=0.73
[LN282    ] [chunk_12_evaluation_evaluator.py] [info] [XGBOOST] [diagnostic] LABEL_THRESHOLD=20.0 VALIDATION_PRECISION=0.0896 VALIDATION_TRUE_POSITIVES=6 VALIDATION_TRUE_NEGATIVES=52857 validation_false_positives=61 validation_false_negatives=330 validation_max_prediction=0.9025 validation_mean_prediction=0.0076 validation_recall=0.0179 validation_f1=0.0298 validation_auc=0.8249 validation_specificity=0.9988 validation_false_positive_rate=0.0012 validation_f2=0.0213 validation_mcc=0.0373 validation_prauc=0.0269 validation_balanced_accuracy=0.5084 validation_brier=0.0072 validation_kappa=0.0277 validation_informedness=0.0167 validation_markedness=0.0884 validation_gini=0.6499 validation_optimal_threshold=0.0010 validation_standard_deviation_prediction=0.0362 validation_percentage_above_threshold=0.13
[LN283    ] [chunk_12_evaluation_evaluator.py] [info] [XGBOOST] label_threshold=10.0 train_below_prediction_binary_split=116,756 train_above_prediction_binary_split=2,554 train_positive_found=true val_below_prediction_binary_split=52,057 val_above_prediction_binary_split=1,197 val_positive_found=true
[LN284    ] [chunk_12_evaluation_evaluator.py] [info] [XGBOOST] [diagnostic] LABEL_THRESHOLD=10.0 train_precision=0.3158 train_true_positives=2554 train_true_negatives=111222 train_false_positives=5534 train_false_negatives=0 train_max_prediction=0.9984 train_mean_prediction=0.1108 train_recall=1.0000 train_f1=0.4800 train_auc=0.9999 train_specificity=0.9526 train_false_positive_rate=0.0474 train_f2=0.6977 train_mcc=0.5485 train_prauc=0.9960 train_balanced_accuracy=0.9763 train_brier=0.0357 train_kappa=0.4625 train_informedness=0.9526 train_markedness=0.2684 train_gini=0.9998 train_optimal_threshold=0.9186 train_standard_deviation_prediction=0.2100 train_percentage_above_threshold=6.78
[LN285    ] [chunk_12_evaluation_evaluator.py] [info] [XGBOOST] [diagnostic] LABEL_THRESHOLD=10.0 VALIDATION_PRECISION=0.0807 VALIDATION_TRUE_POSITIVES=158 VALIDATION_TRUE_NEGATIVES=50258 validation_false_positives=1799 validation_false_negatives=1039 validation_max_prediction=0.9893 validation_mean_prediction=0.0709 validation_recall=0.1320 validation_f1=0.1002 validation_auc=0.7847 validation_specificity=0.9654 validation_false_positive_rate=0.0346 validation_f2=0.1171 validation_mcc=0.0768 validation_prauc=0.0645 validation_balanced_accuracy=0.5487 validation_brier=0.0420 validation_kappa=0.0744 validation_informedness=0.0974 validation_markedness=0.0462 validation_gini=0.5693 validation_optimal_threshold=0.0187 validation_standard_deviation_prediction=0.1542 validation_percentage_above_threshold=3.67
[LN286    ] [chunk_12_evaluation_evaluator.py] [info] [XGBOOST] label_threshold=0.0 train_below_prediction_binary_split=59,589 train_above_prediction_binary_split=59,721 train_positive_found=true val_below_prediction_binary_split=24,480 val_above_prediction_binary_split=28,774 val_positive_found=true
[LN287    ] [chunk_12_evaluation_evaluator.py] [info] [XGBOOST] [reject] skipping LABEL_THRESHOLD=0.0: pos_pred_ratio=96.60% outside [0%, 60%]
[LN288    ] [chunk_18_phase_4_ensemble.py] [info] [section 1] [XGBOOST] [label_threshold_optimal]  cumulative binary_split_predictions (1%) ≤ 0.0000, (5%) ≤ 0.0000, (10%) ≤ 0.0000, (25%) ≤ 0.0001, (50%) ≤ 0.0003, (75%) ≤ 0.0020, (90%) ≤ 0.0121, (95%) ≤ 0.0305, (99%) ≤ 0.1471, max=0.9025 binary_split_predictions distribution: 89% ≤ 0.01, 93% ≤ 0.02, 97% ≤ 0.05, 98% ≤ 0.1, 99% ≤ 0.2, 100% ≤ 0.5, 0% ≥ 0.50
[LN289    ] [chunk_18_phase_4_ensemble.py] [info] [section 1] [XGBOOST] [label_threshold_optimal] LABEL_THRESHOLD=20.0
[LN290    ] [chunk_18_phase_4_ensemble.py] [info] [section 1] [XGBOOST] [label_threshold_optimal] train_precision=0.7929 train_true_positives=689 train_true_negatives=118441 train_false_positives=180 train_false_negatives=0 train_max_prediction=0.9995 train_mean_prediction=0.0173 train_recall=1.0000 train_f1=0.8845 train_auc=1.0000 train_specificity=0.9985 train_false_positive_rate=0.0015 train_f2=0.9503 train_mcc=0.8898 train_prauc=0.9998 train_balanced_accuracy=0.9992 train_brier=0.0021 train_kappa=0.8837 train_informedness=0.9985 train_markedness=0.7913 train_gini=1.0000 train_optimal_threshold=0.8258 train_standard_deviation_prediction=0.0863 train_percentage_above_threshold=0.73
[LN291    ] [chunk_18_phase_4_ensemble.py] [info] [section 1] [XGBOOST] [label_threshold_optimal] VALIDATION_PRECISION=0.0896 VALIDATION_TRUE_POSITIVES=6 VALIDATION_TRUE_NEGATIVES=52857 validation_false_positives=61 validation_false_negatives=330 validation_max_prediction=0.9025 validation_mean_prediction=0.0076 validation_recall=0.0179 validation_f1=0.0298 validation_auc=0.8249 validation_specificity=0.9988 validation_false_positive_rate=0.0012 validation_f2=0.0213 validation_mcc=0.0373 validation_prauc=0.0269 validation_balanced_accuracy=0.5084 validation_brier=0.0072 validation_kappa=0.0277 validation_informedness=0.0167 validation_markedness=0.0884 validation_gini=0.6499 validation_optimal_threshold=0.0010 validation_standard_deviation_prediction=0.0362 validation_percentage_above_threshold=0.13
[LN292    ] [chunk_18_phase_4_ensemble.py] [info] [section 1] [XGBOOST] [label_threshold_optimal] prediction_binary_split=0.50
[LN293    ] [chunk_21_hyperparam_optimizer.py] [info] [section 2] [XGBOOST] [hyperparameter_optimization search] Running Bayesian optimization (5 trials)...
[LN294    ] [chunk_21_hyperparam_optimizer.py] [info] [section 2] [XGBOOST] [hyperparameter_optimization search baseline] LABEL_THRESHOLD=20.0
[LN295    ] [chunk_21_hyperparam_optimizer.py] [info] [section 2] [XGBOOST] [hyperparameter_optimization search baseline] VALIDATION_PRECISION=0.0624 VALIDATION_TRUE_POSITIVES=87 VALIDATION_TRUE_NEGATIVES=51610 validation_false_positives=1308 validation_false_negatives=249 validation_max_prediction=0.9917 validation_mean_prediction=0.0460 validation_recall=0.2589 validation_f1=0.1005 validation_auc=0.8837 validation_specificity=0.9753 validation_false_positive_rate=0.0247 validation_f2=0.1588 validation_mcc=0.1161 validation_prauc=0.0436 validation_balanced_accuracy=0.6171 validation_brier=0.0219 validation_kappa=0.0913 validation_informedness=0.2342 validation_markedness=0.0376 validation_gini=0.7675 validation_optimal_threshold=0.0269 validation_standard_deviation_prediction=0.1310 validation_percentage_above_threshold=2.62
[LN296    ] [chunk_21_hyperparam_optimizer.py] [info] [section 2] [XGBOOST] [hyperparameter_optimization search baseline] TRIAL 1/5: n_estimators=300, max_depth=7, learning_rate=0.1, scale_pos_weight=400, min_child_weight=100, reg_alpha=1.0, reg_lambda=10.0, subsample=0.7, colsample_bytree=1.0, gamma=0
[LN297    ] [chunk_21_hyperparam_optimizer.py] [info] [section 2] [XGBOOST] [hyperparameter_optimization search baseline] LABEL_THRESHOLD=20.0
[LN298    ] [chunk_21_hyperparam_optimizer.py] [info] [section 2] [XGBOOST] [hyperparameter_optimization search baseline] VALIDATION_PRECISION=0.0230 VALIDATION_TRUE_POSITIVES=291 VALIDATION_TRUE_NEGATIVES=40569 validation_false_positives=12349 validation_false_negatives=45 validation_max_prediction=0.9789 validation_mean_prediction=0.2453 validation_recall=0.8661 validation_f1=0.0449 validation_auc=0.8996 validation_specificity=0.7666 validation_false_positive_rate=0.2334 validation_f2=0.1040 validation_mcc=0.1178 validation_prauc=0.0536 validation_balanced_accuracy=0.8164 validation_brier=0.1464 validation_kappa=0.0330 validation_informedness=0.6327 validation_markedness=-0.2103 validation_gini=0.7991 validation_optimal_threshold=0.6819 validation_standard_deviation_prediction=0.2992 validation_percentage_above_threshold=23.74
[LN299    ] [chunk_21_hyperparam_optimizer.py] [info] [section 2] [XGBOOST] [hyperparameter_optimization search baseline] TRIAL 2/5: n_estimators=100, max_depth=3, learning_rate=0.1, scale_pos_weight=400, min_child_weight=200, reg_alpha=0.1, reg_lambda=1.0, subsample=0.8, colsample_bytree=0.5, gamma=0
[LN300    ] [chunk_21_hyperparam_optimizer.py] [info] [section 2] [XGBOOST] [hyperparameter_optimization search baseline] LABEL_THRESHOLD=20.0
[LN301    ] [chunk_21_hyperparam_optimizer.py] [info] [section 2] [XGBOOST] [hyperparameter_optimization search baseline] VALIDATION_PRECISION=0.0267 VALIDATION_TRUE_POSITIVES=232 VALIDATION_TRUE_NEGATIVES=44458 validation_false_positives=8460 validation_false_negatives=104 validation_max_prediction=0.9759 validation_mean_prediction=0.1852 validation_recall=0.6905 validation_f1=0.0514 validation_auc=0.8650 validation_specificity=0.8401 validation_false_positive_rate=0.1599 validation_f2=0.1156 validation_mcc=0.1137 validation_prauc=0.0353 validation_balanced_accuracy=0.7653 validation_brier=0.0996 validation_kappa=0.0397 validation_informedness=0.5306 validation_markedness=-0.1332 validation_gini=0.7299 validation_optimal_threshold=0.1560 validation_standard_deviation_prediction=0.2580 validation_percentage_above_threshold=16.32
[LN302    ] [chunk_21_hyperparam_optimizer.py] [info] [section 2] [XGBOOST] [hyperparameter_optimization search baseline] TRIAL 3/5: n_estimators=500, max_depth=3, learning_rate=0.03, scale_pos_weight=400, min_child_weight=10, reg_alpha=0.5, reg_lambda=5.0, subsample=0.8, colsample_bytree=1.0, gamma=0.1
[LN303    ] [chunk_21_hyperparam_optimizer.py] [info] [section 2] [XGBOOST] [hyperparameter_optimization search baseline] LABEL_THRESHOLD=20.0
[LN304    ] [chunk_21_hyperparam_optimizer.py] [info] [section 2] [XGBOOST] [hyperparameter_optimization search baseline] VALIDATION_PRECISION=0.0211 VALIDATION_TRUE_POSITIVES=293 VALIDATION_TRUE_NEGATIVES=39335 validation_false_positives=13583 validation_false_negatives=43 validation_max_prediction=0.9554 validation_mean_prediction=0.2743 validation_recall=0.8720 validation_f1=0.0412 validation_auc=0.8870 validation_specificity=0.7433 validation_false_positive_rate=0.2567 validation_f2=0.0963 validation_mcc=0.1110 validation_prauc=0.0465 validation_balanced_accuracy=0.8077 validation_brier=0.1636 validation_kappa=0.0293 validation_informedness=0.6153 validation_markedness=-0.2356 validation_gini=0.7739 validation_optimal_threshold=0.5718 validation_standard_deviation_prediction=0.3027 validation_percentage_above_threshold=26.06
[LN305    ] [chunk_21_hyperparam_optimizer.py] [info] [section 2] [XGBOOST] [hyperparameter_optimization search baseline] TRIAL 4/5: n_estimators=100, max_depth=3, learning_rate=0.05, scale_pos_weight=400, min_child_weight=10, reg_alpha=0.5, reg_lambda=10.0, subsample=0.8, colsample_bytree=0.7, gamma=0
[LN306    ] [chunk_21_hyperparam_optimizer.py] [info] [section 2] [XGBOOST] [hyperparameter_optimization search baseline] LABEL_THRESHOLD=20.0
[LN307    ] [chunk_21_hyperparam_optimizer.py] [info] [section 2] [XGBOOST] [hyperparameter_optimization search baseline] VALIDATION_PRECISION=0.0354 VALIDATION_TRUE_POSITIVES=250 VALIDATION_TRUE_NEGATIVES=46110 validation_false_positives=6808 validation_false_negatives=86 validation_max_prediction=0.9517 validation_mean_prediction=0.1902 validation_recall=0.7440 validation_f1=0.0676 validation_auc=0.8968 validation_specificity=0.8713 validation_false_positive_rate=0.1287 validation_f2=0.1488 validation_mcc=0.1437 validation_prauc=0.0513 validation_balanced_accuracy=0.8077 validation_brier=0.0828 validation_kappa=0.0563 validation_informedness=0.6154 validation_markedness=-0.0932 validation_gini=0.7936 validation_optimal_threshold=0.3040 validation_standard_deviation_prediction=0.2190 validation_percentage_above_threshold=13.25
[LN308    ] [chunk_21_hyperparam_optimizer.py] [info] [section 2] [XGBOOST] [hyperparameter_optimization search baseline] TRIAL 5/5: n_estimators=300, max_depth=7, learning_rate=0.01, scale_pos_weight=200, min_child_weight=50, reg_alpha=1.0, reg_lambda=1.0, subsample=0.6, colsample_bytree=0.5, gamma=0.1
[LN309    ] [chunk_21_hyperparam_optimizer.py] [info] [section 2] [XGBOOST] [best trial] LABEL_THRESHOLD=20.0
[LN310    ] [chunk_21_hyperparam_optimizer.py] [info] [section 2] [XGBOOST] [best trial] VALIDATION_PRECISION=0.0624 VALIDATION_TRUE_POSITIVES=87 VALIDATION_TRUE_NEGATIVES=51610 validation_false_positives=1308 validation_false_negatives=249 validation_max_prediction=0.9917 validation_mean_prediction=0.0460 validation_recall=0.2589 validation_f1=0.1005 validation_auc=0.8837 validation_specificity=0.9753 validation_false_positive_rate=0.0247 validation_f2=0.1588 validation_mcc=0.1161 validation_prauc=0.0436 validation_balanced_accuracy=0.6171 validation_brier=0.0219 validation_kappa=0.0913 validation_informedness=0.2342 validation_markedness=0.0376 validation_gini=0.7675 validation_optimal_threshold=0.0269 validation_standard_deviation_prediction=0.1310 validation_percentage_above_threshold=2.62
[LN311    ] [chunk_21_hyperparam_optimizer.py] [info] [section 2] [XGBOOST] [best trial] n_estimators=300, max_depth=7, learning_rate=0.1, scale_pos_weight=400, min_child_weight=100, reg_alpha=1.0, reg_lambda=10.0, subsample=0.7, colsample_bytree=1.0, gamma=0
[LN312    ] [chunk_18_phase_4_ensemble.py] [info]    [diagnostic-hyperparameter_optimization]  cumulative binary_split_predictions (1%) ≤ 0.0001, (5%) ≤ 0.0002, (10%) ≤ 0.0003, (25%) ≤ 0.0006, (50%) ≤ 0.0021, (75%) ≤ 0.0172, (90%) ≤ 0.1149, (95%) ≤ 0.2869, (99%) ≤ 0.7501, max=0.9917 binary_split_predictions distribution: 69% ≤ 0.01, 76% ≤ 0.02, 84% ≤ 0.05, 89% ≤ 0.1, 93% ≤ 0.2, 97% ≤ 0.5, 3% ≥ 0.50
[LN313    ] [chunk_18_phase_4_ensemble.py] [info]    hyperparameter_optimization did NOT improve: 0.0624 <= 0.0896 - using pre hyperparameter_optimization model
[LN314    ] [chunk_18_phase_4_ensemble.py] [info] [section 3] [XGBOOST] [PRE-HYPERPARAMETER_OPTIMIZATION] LABEL_THRESHOLD=20.0,
[LN315    ] [chunk_18_phase_4_ensemble.py] [info] [section 3] [XGBOOST] [PRE-HYPERPARAMETER_OPTIMIZATION] VALIDATION_PRECISION=0.0896 VALIDATION_TRUE_POSITIVES=6 VALIDATION_TRUE_NEGATIVES=52857 validation_false_positives=61 validation_false_negatives=330 validation_max_prediction=0.9025 validation_mean_prediction=0.0076 validation_recall=0.0179 validation_f1=0.0298 validation_auc=0.8249 validation_specificity=0.9988 validation_false_positive_rate=0.0012 validation_f2=0.0213 validation_mcc=0.0373 validation_prauc=0.0269 validation_balanced_accuracy=0.5084 validation_brier=0.0072 validation_kappa=0.0277 validation_informedness=0.0167 validation_markedness=0.0884 validation_gini=0.6499 validation_optimal_threshold=0.0010 validation_standard_deviation_prediction=0.0362 validation_percentage_above_threshold=0.13
[LN316    ] [chunk_18_phase_4_ensemble.py] [info] [section 3] [XGBOOST] [PRE-HYPERPARAMETER_OPTIMIZATION] prediction_binary_split=0.50 hyperparams=(loss=binary_crossentropy lr=0.1 dropout=0.1 alpha=0.0 gamma=0 latent_dim=0) improved=False {'n_estimators': 300, 'max_depth': 7, 'learning_rate': 0.1, 'scale_pos_weight': 400, 'min_child_weight': 100, 'reg_alpha': 1.0, 'reg_lambda': 10.0, 'subsample': 0.7, 'colsample_bytree': 1.0, 'gamma': 0}
[LN317    ] [chunk_18_phase_4_ensemble.py] [info]    Running post hyperparameter_optimization threshold search for XGBoost...
[LN318    ] [chunk_12_evaluation_evaluator.py] [info] [XGBOOST] label_threshold=20.0 train_below_prediction_binary_split=118,621 train_above_prediction_binary_split=689 train_positive_found=true val_below_prediction_binary_split=52,918 val_above_prediction_binary_split=336 val_positive_found=true
[LN319    ] [chunk_12_evaluation_evaluator.py] [info] [XGBOOST] [diagnostic] LABEL_THRESHOLD=20.0 train_precision=0.7929 train_true_positives=689 train_true_negatives=118441 train_false_positives=180 train_false_negatives=0 train_max_prediction=0.9995 train_mean_prediction=0.0173 train_recall=1.0000 train_f1=0.8845 train_auc=1.0000 train_specificity=0.9985 train_false_positive_rate=0.0015 train_f2=0.9503 train_mcc=0.8898 train_prauc=0.9998 train_balanced_accuracy=0.9992 train_brier=0.0021 train_kappa=0.8837 train_informedness=0.9985 train_markedness=0.7913 train_gini=1.0000 train_optimal_threshold=0.8258 train_standard_deviation_prediction=0.0863 train_percentage_above_threshold=0.73
[LN320    ] [chunk_12_evaluation_evaluator.py] [info] [XGBOOST] [diagnostic] LABEL_THRESHOLD=20.0 VALIDATION_PRECISION=0.0896 VALIDATION_TRUE_POSITIVES=6 VALIDATION_TRUE_NEGATIVES=52857 validation_false_positives=61 validation_false_negatives=330 validation_max_prediction=0.9025 validation_mean_prediction=0.0076 validation_recall=0.0179 validation_f1=0.0298 validation_auc=0.8249 validation_specificity=0.9988 validation_false_positive_rate=0.0012 validation_f2=0.0213 validation_mcc=0.0373 validation_prauc=0.0269 validation_balanced_accuracy=0.5084 validation_brier=0.0072 validation_kappa=0.0277 validation_informedness=0.0167 validation_markedness=0.0884 validation_gini=0.6499 validation_optimal_threshold=0.0010 validation_standard_deviation_prediction=0.0362 validation_percentage_above_threshold=0.13
[LN321    ] [chunk_12_evaluation_evaluator.py] [info] [XGBOOST] label_threshold=10.0 train_below_prediction_binary_split=116,756 train_above_prediction_binary_split=2,554 train_positive_found=true val_below_prediction_binary_split=52,057 val_above_prediction_binary_split=1,197 val_positive_found=true
[LN322    ] [chunk_12_evaluation_evaluator.py] [info] [reject] threshold=10.0 action=skipped reason=insufficient_positive_predictions positive_predictions=0 minimum_positive_required=53
[LN323    ] [chunk_12_evaluation_evaluator.py] [info] [XGBOOST] label_threshold=0.0 train_below_prediction_binary_split=59,589 train_above_prediction_binary_split=59,721 train_positive_found=true val_below_prediction_binary_split=24,480 val_above_prediction_binary_split=28,774 val_positive_found=true
[LN324    ] [chunk_12_evaluation_evaluator.py] [info] [reject] threshold=0.0 action=skipped reason=insufficient_positive_predictions positive_predictions=0 minimum_positive_required=53
[LN325    ] [chunk_18_phase_4_ensemble.py] [info]    hyperparameter_optimization model threshold search: LABEL_THRESHOLD=20.0, VALIDATION_PRECISION=0.0624
[LN326    ] [chunk_18_phase_4_ensemble.py] [info]    post hyperparameter_optimization threshold search: LABEL_THRESHOLD=20.0, VALIDATION_PRECISION=0.0896
[LN327    ] [chunk_18_phase_4_ensemble.py] [info]    post hyperparameter_optimization no improvement: keeping LABEL_THRESHOLD=20.0
[LN328    ] [chunk_18_phase_4_ensemble.py] [info] [section 4] [XGBOOST] [post hyperparameter_optimization] [diagnostic]  cumulative binary_split_predictions (1%) ≤ 0.0000, (5%) ≤ 0.0000, (10%) ≤ 0.0000, (25%) ≤ 0.0001, (50%) ≤ 0.0003, (75%) ≤ 0.0020, (90%) ≤ 0.0121, (95%) ≤ 0.0305, (99%) ≤ 0.1471, max=0.9025 binary_split_predictions distribution: 89% ≤ 0.01, 93% ≤ 0.02, 97% ≤ 0.05, 98% ≤ 0.1, 99% ≤ 0.2, 100% ≤ 0.5, 0% ≥ 0.50
[LN329    ] [chunk_18_phase_4_ensemble.py] [info] [section 4] [XGBOOST] [post hyperparameter_optimization] LABEL_THRESHOLD=20.0,
[LN330    ] [chunk_18_phase_4_ensemble.py] [info] [section 4] [XGBOOST] [post hyperparameter_optimization] VALIDATION_PRECISION=0.0896 VALIDATION_TRUE_POSITIVES=6 VALIDATION_TRUE_NEGATIVES=52857 validation_false_positives=61 validation_false_negatives=330 validation_max_prediction=0.9025 validation_mean_prediction=0.0076 validation_recall=0.0179 validation_f1=0.0298 validation_auc=0.8249 validation_specificity=0.9988 validation_false_positive_rate=0.0012 validation_f2=0.0213 validation_mcc=0.0373 validation_prauc=0.0269 validation_balanced_accuracy=0.5084 validation_brier=0.0072 validation_kappa=0.0277 validation_informedness=0.0167 validation_markedness=0.0884 validation_gini=0.6499 validation_optimal_threshold=0.0010 validation_standard_deviation_prediction=0.0362 validation_percentage_above_threshold=0.13
[LN331    ] [chunk_18_phase_4_ensemble.py] [info] [section 4] [XGBOOST] [post hyperparameter_optimization] prediction_binary_split=0.50 hyperparams=(loss=binary_crossentropy lr=0.1 dropout=0.0 alpha=1.0 gamma=0 latent_dim=64) source=section3
[LN332    ] [chunk_18_phase_4_ensemble.py] [info]    Using threshold-optimized model (HPO did not improve)
[LN333    ] [chunk_18_phase_4_ensemble.py] [info]    Train predictions: mean=0.0173, std=0.0863, min=0.0000, max=0.9995
[LN334    ] [chunk_18_phase_4_ensemble.py] [info]    validation predictions:   mean=0.0076, std=0.0362, min=0.0000, max=0.9025
[LN335    ] [chunk_18_phase_4_ensemble.py] [info] [section 5] [XGBOOST] [final] [diagnostic] Train  cumulative binary_split_predictions (1%) ≤ 0.0000, (5%) ≤ 0.0000, (10%) ≤ 0.0000, (25%) ≤ 0.0001, (50%) ≤ 0.0007, (75%) ≤ 0.0052, (90%) ≤ 0.0258, (95%) ≤ 0.0605, (99%) ≤ 0.3180, max=0.9995 binary_split_predictions distribution: 82% ≤ 0.01, 88% ≤ 0.02, 94% ≤ 0.05, 97% ≤ 0.1, 98% ≤ 0.2, 99% ≤ 0.5, 1% ≥ 0.50
[LN336    ] [chunk_18_phase_4_ensemble.py] [info] [section 5] [XGBOOST] [final] [diagnostic] validation    cumulative binary_split_predictions (1%) ≤ 0.0000, (5%) ≤ 0.0000, (10%) ≤ 0.0000, (25%) ≤ 0.0001, (50%) ≤ 0.0003, (75%) ≤ 0.0020, (90%) ≤ 0.0121, (95%) ≤ 0.0305, (99%) ≤ 0.1471, max=0.9025 binary_split_predictions distribution: 89% ≤ 0.01, 93% ≤ 0.02, 97% ≤ 0.05, 98% ≤ 0.1, 99% ≤ 0.2, 100% ≤ 0.5, 0% ≥ 0.50
[LN337    ] [chunk_18_phase_4_ensemble.py] [info]    Train predictions: 0.73% positive predictions (869 / 119,310)
[LN338    ] [chunk_18_phase_4_ensemble.py] [info]    validation predictions:   0.13% positive predictions (67 / 53,254)
[LN339    ] [chunk_18_phase_4_ensemble.py] [info]    [info] Section 4 all rejected - using Section 3 results for Section 5
[LN340    ] [chunk_18_phase_4_ensemble.py] [info]    [diagnostic] prediction_buckets: 0-10:505, 10-20:161, 20-30:69, 30-40:49, 40-50:35, 50-60:14, 60-70:9, 70-80:8, 80-90:1, 90-100:0
[LN341    ] [chunk_18_phase_4_ensemble.py] [info] [section 5] [XGBOOST] [final] LABEL_THRESHOLD=20.0,
[LN342    ] [chunk_18_phase_4_ensemble.py] [info] [section 5] [XGBOOST] [final] train_precision=0.7929 train_true_positives=689 train_true_negatives=118441 train_false_positives=180 train_false_negatives=0 train_max_prediction=0.9995 train_mean_prediction=0.0173 train_recall=1.0000 train_f1=0.8845 train_auc=1.0000 train_specificity=0.9985 train_false_positive_rate=0.0015 train_f2=0.9503 train_mcc=0.8898 train_prauc=0.9998 train_balanced_accuracy=0.9992 train_standard_deviation_prediction=0.0863 train_percentage_above_threshold=0.73 train_brier=0.0021 train_kappa=0.8837 train_informedness=0.9985 train_markedness=0.7913 train_gini=1.0000 train_optimal_threshold=0.8258
[LN343    ] [chunk_18_phase_4_ensemble.py] [info] [section 5] [XGBOOST] [final] VALIDATION_PRECISION=0.0896 VALIDATION_TRUE_POSITIVES=6 VALIDATION_TRUE_NEGATIVES=52857 validation_false_positives=61 validation_false_negatives=330 validation_max_prediction=0.9025 validation_mean_prediction=0.0076 validation_recall=0.0179 validation_f1=0.0298 validation_auc=0.8249 validation_specificity=0.9988 validation_false_positive_rate=0.0012 validation_f2=0.0213 validation_mcc=0.0373 validation_prauc=0.0269 validation_balanced_accuracy=0.5084 validation_brier=0.0072 validation_kappa=0.0277 validation_informedness=0.0167 validation_markedness=0.0884 validation_gini=0.6499 validation_optimal_threshold=0.0010 validation_standard_deviation_prediction=0.0362 validation_percentage_above_threshold=0.13
[LN344    ] [chunk_18_phase_4_ensemble.py] [info] [section 5] [XGBOOST] [final] prediction_binary_split=0.50 hyperparams=(loss=binary_crossentropy lr=0.1 dropout=0.0 alpha=1.0 gamma=0 latent_dim=64) (using HPO model directly)
[LN345    ] [chunk_18_phase_4_ensemble.py] [info]    XGBoost loss=binary_crossentropy pred_threshold=0.5 epochs=3
[LN346    ] [chunk_18_phase_4_ensemble.py] [info]    [XGBoost] hyperparameter_optimization: learning_rate=0.1, gamma=0
[LN347    ] [chunk_18_phase_4_ensemble.py] [info]    XGBoost training time: 22.3s
[LN348    ] [chunk_18_phase_4_ensemble.py] [info] [pass] XGBoost trained successfully
[LN349    ] [chunk_18_phase_4_ensemble.py] [info] [section 1] [DENSE] [baseline] LABEL_THRESHOLD=20.0,
[LN350    ] [chunk_18_phase_4_ensemble.py] [info] [section 1] [DENSE] [baseline] predictions: mean=0.0303, std=0.0102, min=0.0028, max=0.0435
[LN351    ] [chunk_18_phase_4_ensemble.py] [info] [section 1] [DENSE] [baseline]  cumulative binary_split_predictions (1%) ≤ 0.0029, (5%) ≤ 0.0033, (10%) ≤ 0.0119, (25%) ≤ 0.0316, (50%) ≤ 0.0328, (75%) ≤ 0.0360, (90%) ≤ 0.0392, (95%) ≤ 0.0416, (99%) ≤ 0.0433, max=0.0435 binary_split_predictions distribution: 9% ≤ 0.01, 15% ≤ 0.02, 100% ≤ 0.05, 100% ≤ 0.1, 100% ≤ 0.2, 100% ≤ 0.5, 0% ≥ 0.50
[LN352    ] [chunk_18_phase_4_ensemble.py] [info] [section 1] [DENSE] [baseline] prediction_binary_split=0.50, VALIDATION predictions at LABEL_THRESHOLD=20.0: 0.00%
[LN353    ] [chunk_18_phase_4_ensemble.py] [warning] [section 1] [DENSE] [baseline] [warning] No predictions >= 0.5!
[LN354    ] [chunk_18_phase_4_ensemble.py] [info] [section 1] [DENSE] [baseline] LABEL_THRESHOLD=20.0,
[LN355    ] [chunk_18_phase_4_ensemble.py] [info] [section 1] [DENSE] [baseline] VALIDATION_PRECISION=0.0000 VALIDATION_TRUE_POSITIVES=0 VALIDATION_TRUE_NEGATIVES=52918 validation_false_positives=0 validation_false_negatives=336 validation_max_prediction=0.0435 validation_mean_prediction=0.0303 validation_recall=0.0000 validation_f1=0.0000 validation_auc=0.4396 validation_specificity=1.0000 validation_false_positive_rate=0.0000 validation_f2=0.0000 validation_mcc=0.0000 validation_prauc=0.0064 validation_balanced_accuracy=0.5000 validation_brier=0.0070 validation_kappa=0.0000 validation_informedness=0.0000 validation_markedness=1.0000 validation_gini=0.0000 validation_optimal_threshold=0.0421 validation_standard_deviation_prediction=0.0102 validation_percentage_above_threshold=0.00
[LN356    ] [chunk_18_phase_4_ensemble.py] [info] [section 1] [DENSE] [baseline] prediction_binary_split=0.50 loss=binary_crossentropy, lr=0.001
[LN357    ] [chunk_12_evaluation_evaluator.py] [info] [DENSE] label_threshold=20.0 train_below_prediction_binary_split=118,621 train_above_prediction_binary_split=689 train_positive_found=true val_below_prediction_binary_split=52,918 val_above_prediction_binary_split=336 val_positive_found=true
[LN358    ] [chunk_12_evaluation_evaluator.py] [info] [DENSE] [reject] skipping LABEL_THRESHOLD=20.0: pos_pred_ratio=0.05% outside [0%, 60%]
[LN359    ] [chunk_12_evaluation_evaluator.py] [info] [DENSE] label_threshold=10.0 train_below_prediction_binary_split=116,756 train_above_prediction_binary_split=2,554 train_positive_found=true val_below_prediction_binary_split=52,057 val_above_prediction_binary_split=1,197 val_positive_found=true
[LN360    ] [chunk_12_evaluation_evaluator.py] [info] [DENSE] [reject] skipping LABEL_THRESHOLD=10.0: pos_pred_ratio=0.07% outside [0%, 60%]
[LN361    ] [chunk_12_evaluation_evaluator.py] [info] [DENSE] label_threshold=0.0 train_below_prediction_binary_split=59,589 train_above_prediction_binary_split=59,721 train_positive_found=true val_below_prediction_binary_split=24,480 val_above_prediction_binary_split=28,774 val_positive_found=true
[LN362    ] [chunk_12_evaluation_evaluator.py] [info] [DENSE] [reject] skipping LABEL_THRESHOLD=0.0: validation_precision=0.5191 <= baseline+0.0200=0.5200
[LN363    ] [chunk_18_phase_4_ensemble.py] [warning] [section 1] [DENSE] [label_threshold_optimal] [warning] All label thresholds rejected — using baseline metrics at 20.0
[LN364    ] [chunk_18_phase_4_ensemble.py] [info] [section 1] [DENSE] [label_threshold_optimal] LABEL_THRESHOLD=20.0
[LN365    ] [chunk_18_phase_4_ensemble.py] [info] [section 1] [DENSE] [label_threshold_optimal] train_precision=0.0000 train_true_positives=0 train_true_negatives=52918 train_false_positives=0 train_false_negatives=336 train_max_prediction=0.0435 train_mean_prediction=0.0303 train_recall=0.0000 train_f1=0.0000 train_auc=0.4396 train_specificity=1.0000 train_false_positive_rate=0.0000 train_f2=0.0000 train_mcc=0.0000 train_prauc=0.0064 train_balanced_accuracy=0.5000 train_brier=0.0070 train_kappa=0.0000 train_informedness=0.0000 train_markedness=1.0000 train_gini=0.0000 train_optimal_threshold=0.0421 train_standard_deviation_prediction=0.0102 train_percentage_above_threshold=0.00
[LN366    ] [chunk_18_phase_4_ensemble.py] [info] [section 1] [DENSE] [label_threshold_optimal] VALIDATION_PRECISION=0.0000 VALIDATION_TRUE_POSITIVES=0 VALIDATION_TRUE_NEGATIVES=52918 validation_false_positives=0 validation_false_negatives=336 validation_max_prediction=0.0435 validation_mean_prediction=0.0303 validation_recall=0.0000 validation_f1=0.0000 validation_auc=0.4396 validation_specificity=1.0000 validation_false_positive_rate=0.0000 validation_f2=0.0000 validation_mcc=0.0000 validation_prauc=0.0064 validation_balanced_accuracy=0.5000 validation_brier=0.0070 validation_kappa=0.0000 validation_informedness=0.0000 validation_markedness=1.0000 validation_gini=0.0000 validation_optimal_threshold=0.0421 validation_standard_deviation_prediction=0.0102 validation_percentage_above_threshold=0.00
[LN367    ] [chunk_18_phase_4_ensemble.py] [info] [section 1] [DENSE] [label_threshold_optimal] prediction_binary_split=0.50
[LN368    ] [chunk_21_hyperparam_optimizer.py] [info] [section 2] [DENSE] [hyperparameter_optimization search] Running Bayesian optimization (5 trials)...
[LN369    ] [chunk_21_hyperparam_optimizer.py] [info] [section 2] [DENSE] [hyperparameter_optimization search baseline] LABEL_THRESHOLD=20.0
[LN370    ] [chunk_21_hyperparam_optimizer.py] [info] [section 2] [DENSE] [hyperparameter_optimization search baseline] VALIDATION_PRECISION=0.0476 VALIDATION_TRUE_POSITIVES=1 VALIDATION_TRUE_NEGATIVES=52898 validation_false_positives=20 validation_false_negatives=335 validation_max_prediction=0.9998 validation_mean_prediction=0.0241 validation_recall=0.0030 validation_f1=0.0056 validation_auc=0.8648 validation_specificity=0.9996 validation_false_positive_rate=0.0004 validation_f2=0.0037 validation_mcc=0.0104 validation_prauc=0.0495 validation_balanced_accuracy=0.5013 validation_brier=0.0075 validation_kappa=0.0049 validation_informedness=0.0026 validation_markedness=0.0472 validation_gini=0.7295 validation_optimal_threshold=0.0262 validation_standard_deviation_prediction=0.0446 validation_percentage_above_threshold=0.04
[LN371    ] [chunk_21_hyperparam_optimizer.py] [info] [section 2] [DENSE] [hyperparameter_optimization search baseline] TRIAL 1/5: units=128, layers=2, dropout=0.2, learning_rate=0.0003, epochs=20, loss_function=focal_loss, alpha=0.75, gamma=2.0, batch_size=128, activation=selu
[LN372    ] [chunk_21_hyperparam_optimizer.py] [info] [section 2] [DENSE] [hyperparameter_optimization search baseline] LABEL_THRESHOLD=20.0
[LN373    ] [chunk_21_hyperparam_optimizer.py] [info] [section 2] [DENSE] [hyperparameter_optimization search baseline] VALIDATION_PRECISION=0.0223 VALIDATION_TRUE_POSITIVES=306 VALIDATION_TRUE_NEGATIVES=39482 validation_false_positives=13436 validation_false_negatives=30 validation_max_prediction=1.0000 validation_mean_prediction=0.2751 validation_recall=0.9107 validation_f1=0.0435 validation_auc=0.9046 validation_specificity=0.7461 validation_false_positive_rate=0.2539 validation_f2=0.1014 validation_mcc=0.1189 validation_prauc=0.0607 validation_balanced_accuracy=0.8284 validation_brier=0.1664 validation_kappa=0.0315 validation_informedness=0.6568 validation_markedness=-0.2316 validation_gini=0.8093 validation_optimal_threshold=0.6243 validation_standard_deviation_prediction=0.3076 validation_percentage_above_threshold=25.80
[LN374    ] [chunk_21_hyperparam_optimizer.py] [info] [section 2] [DENSE] [hyperparameter_optimization search baseline] TRIAL 2/5: units=64, layers=3, dropout=0.4, learning_rate=0.0001, epochs=30, loss_function=binary_crossentropy, alpha=0.25, gamma=2.0, batch_size=32, activation=selu
[LN375    ] [chunk_21_hyperparam_optimizer.py] [info] [section 2] [DENSE] [hyperparameter_optimization search baseline] LABEL_THRESHOLD=20.0
[LN376    ] [chunk_21_hyperparam_optimizer.py] [info] [section 2] [DENSE] [hyperparameter_optimization search baseline] VALIDATION_PRECISION=0.0854 VALIDATION_TRUE_POSITIVES=7 VALIDATION_TRUE_NEGATIVES=52843 validation_false_positives=75 validation_false_negatives=329 validation_max_prediction=0.8307 validation_mean_prediction=0.0367 validation_recall=0.0208 validation_f1=0.0335 validation_auc=0.8992 validation_specificity=0.9986 validation_false_positive_rate=0.0014 validation_f2=0.0245 validation_mcc=0.0392 validation_prauc=0.0579 validation_balanced_accuracy=0.5097 validation_brier=0.0096 validation_kappa=0.0311 validation_informedness=0.0194 validation_markedness=0.0839 validation_gini=0.7984 validation_optimal_threshold=0.0392 validation_standard_deviation_prediction=0.0644 validation_percentage_above_threshold=0.15
[LN377    ] [chunk_21_hyperparam_optimizer.py] [info] [section 2] [DENSE] [hyperparameter_optimization search baseline] TRIAL 3/5: units=256, layers=2, dropout=0.4, learning_rate=0.0005, epochs=40, loss_function=focal_loss, alpha=1.25, gamma=2.5, batch_size=128, activation=leaky_relu
[LN378    ] [chunk_21_hyperparam_optimizer.py] [info] [section 2] [DENSE] [hyperparameter_optimization search baseline] LABEL_THRESHOLD=20.0
[LN379    ] [chunk_21_hyperparam_optimizer.py] [info] [section 2] [DENSE] [hyperparameter_optimization search baseline] VALIDATION_PRECISION=0.0229 VALIDATION_TRUE_POSITIVES=309 VALIDATION_TRUE_NEGATIVES=39746 validation_false_positives=13172 validation_false_negatives=27 validation_max_prediction=1.0000 validation_mean_prediction=0.2648 validation_recall=0.9196 validation_f1=0.0447 validation_auc=0.9086 validation_specificity=0.7511 validation_false_positive_rate=0.2489 validation_f2=0.1042 validation_mcc=0.1221 validation_prauc=0.0677 validation_balanced_accuracy=0.8354 validation_brier=0.1613 validation_kappa=0.0328 validation_informedness=0.6707 validation_markedness=-0.2260 validation_gini=0.8171 validation_optimal_threshold=0.5224 validation_standard_deviation_prediction=0.3084 validation_percentage_above_threshold=25.31
[LN380    ] [chunk_21_hyperparam_optimizer.py] [info] [section 2] [DENSE] [hyperparameter_optimization search baseline] TRIAL 4/5: units=512, layers=4, dropout=0.2, learning_rate=0.0003, epochs=15, loss_function=binary_crossentropy, alpha=1.0, gamma=2.0, batch_size=128, activation=leaky_relu
[LN381    ] [chunk_21_hyperparam_optimizer.py] [info] [section 2] [DENSE] [hyperparameter_optimization search baseline] LABEL_THRESHOLD=20.0
[LN382    ] [chunk_21_hyperparam_optimizer.py] [info] [section 2] [DENSE] [hyperparameter_optimization search baseline] VALIDATION_PRECISION=0.0483 VALIDATION_TRUE_POSITIVES=7 VALIDATION_TRUE_NEGATIVES=52780 validation_false_positives=138 validation_false_negatives=329 validation_max_prediction=1.0000 validation_mean_prediction=0.0755 validation_recall=0.0208 validation_f1=0.0291 validation_auc=0.8680 validation_specificity=0.9974 validation_false_positive_rate=0.0026 validation_f2=0.0235 validation_mcc=0.0277 validation_prauc=0.0432 validation_balanced_accuracy=0.5091 validation_brier=0.0148 validation_kappa=0.0254 validation_informedness=0.0182 validation_markedness=0.0457 validation_gini=0.7360 validation_optimal_threshold=0.0810 validation_standard_deviation_prediction=0.0740 validation_percentage_above_threshold=0.27
[LN383    ] [chunk_21_hyperparam_optimizer.py] [info] [section 2] [DENSE] [hyperparameter_optimization search baseline] TRIAL 5/5: units=1024, layers=3, dropout=0.1, learning_rate=0.0001, epochs=20, loss_function=focal_loss, alpha=0.75, gamma=4.0, batch_size=256, activation=leaky_relu
[LN384    ] [chunk_21_hyperparam_optimizer.py] [info] [section 2] [DENSE] [best trial] LABEL_THRESHOLD=20.0
[LN385    ] [chunk_21_hyperparam_optimizer.py] [info] [section 2] [DENSE] [best trial] VALIDATION_PRECISION=0.0854 VALIDATION_TRUE_POSITIVES=7 VALIDATION_TRUE_NEGATIVES=52843 validation_false_positives=75 validation_false_negatives=329 validation_max_prediction=0.8307 validation_mean_prediction=0.0367 validation_recall=0.0208 validation_f1=0.0335 validation_auc=0.8992 validation_specificity=0.9986 validation_false_positive_rate=0.0014 validation_f2=0.0245 validation_mcc=0.0392 validation_prauc=0.0579 validation_balanced_accuracy=0.5097 validation_brier=0.0096 validation_kappa=0.0311 validation_informedness=0.0194 validation_markedness=0.0839 validation_gini=0.7984 validation_optimal_threshold=0.0392 validation_standard_deviation_prediction=0.0644 validation_percentage_above_threshold=0.15
[LN386    ] [chunk_21_hyperparam_optimizer.py] [info] [section 2] [DENSE] [best trial] units=256, layers=2, dropout=0.4, learning_rate=0.0005, epochs=40, loss_function=focal_loss, alpha=1.25, gamma=2.5, batch_size=128, activation=leaky_relu
[LN387    ] [chunk_18_phase_4_ensemble.py] [info]    [diagnostic-hyperparameter_optimization]  cumulative binary_split_predictions (1%) ≤ 0.0004, (5%) ≤ 0.0007, (10%) ≤ 0.0016, (25%) ≤ 0.0048, (50%) ≤ 0.0108, (75%) ≤ 0.0376, (90%) ≤ 0.1056, (95%) ≤ 0.1660, (99%) ≤ 0.3229, max=0.8307 binary_split_predictions distribution: 48% ≤ 0.01, 63% ≤ 0.02, 80% ≤ 0.05, 89% ≤ 0.1, 97% ≤ 0.2, 100% ≤ 0.5, 0% ≥ 0.50
[LN388    ] [chunk_18_phase_4_ensemble.py] [info]    hyperparameter_optimization improved: 0.0854 > 0.0000
[LN389    ] [chunk_18_phase_4_ensemble.py] [info] [section 3] [DENSE] [HYPERPARAMETER_OPTIMIZATION] LABEL_THRESHOLD=20.0,
[LN390    ] [chunk_18_phase_4_ensemble.py] [info] [section 3] [DENSE] [HYPERPARAMETER_OPTIMIZATION] VALIDATION_PRECISION=0.0854 VALIDATION_TRUE_POSITIVES=7 VALIDATION_TRUE_NEGATIVES=52843 validation_false_positives=75 validation_false_negatives=329 validation_max_prediction=0.8307 validation_mean_prediction=0.0367 validation_recall=0.0208 validation_f1=0.0335 validation_auc=0.8992 validation_specificity=0.9986 validation_false_positive_rate=0.0014 validation_f2=0.0245 validation_mcc=0.0392 validation_prauc=0.0579 validation_balanced_accuracy=0.5097 validation_brier=0.0096 validation_kappa=0.0311 validation_informedness=0.0194 validation_markedness=0.0839 validation_gini=0.7984 validation_optimal_threshold=0.0392 validation_standard_deviation_prediction=0.0644 validation_percentage_above_threshold=0.15
[LN391    ] [chunk_18_phase_4_ensemble.py] [info] [section 3] [DENSE] [HYPERPARAMETER_OPTIMIZATION] prediction_binary_split=0.50 hyperparams=(loss=focal_loss lr=0.0005 dropout=0.4 alpha=1.25 gamma=2.5 latent_dim=0) improved=True {'units': 256, 'layers': 2, 'dropout': 0.4, 'learning_rate': 0.0005, 'epochs': 40, 'loss_function': 'focal_loss', 'alpha': 1.25, 'gamma': 2.5, 'batch_size': 128, 'activation': 'leaky_relu'}
[LN392    ] [chunk_18_phase_4_ensemble.py] [info]    Running post hyperparameter_optimization threshold search for Dense...
[LN393    ] [chunk_12_evaluation_evaluator.py] [info] [DENSE] label_threshold=20.0 train_below_prediction_binary_split=118,621 train_above_prediction_binary_split=689 train_positive_found=true val_below_prediction_binary_split=52,918 val_above_prediction_binary_split=336 val_positive_found=true
[LN394    ] [chunk_12_evaluation_evaluator.py] [info] [DENSE] [diagnostic] LABEL_THRESHOLD=20.0 train_precision=0.1579 train_true_positives=6 train_true_negatives=118589 train_false_positives=32 train_false_negatives=683 train_max_prediction=0.7889 train_mean_prediction=0.0390 train_recall=0.0087 train_f1=0.0165 train_auc=0.8818 train_specificity=0.9997 train_false_positive_rate=0.0003 train_f2=0.0107 train_mcc=0.0358 train_prauc=0.0554 train_balanced_accuracy=0.5042 train_brier=0.0079 train_kappa=0.0159 train_informedness=0.0084 train_markedness=0.1576 train_gini=0.7637 train_optimal_threshold=0.0569 train_standard_deviation_prediction=0.0472 train_percentage_above_threshold=0.03
[LN395    ] [chunk_12_evaluation_evaluator.py] [info] [DENSE] [diagnostic] LABEL_THRESHOLD=20.0 VALIDATION_PRECISION=0.0854 VALIDATION_TRUE_POSITIVES=7 VALIDATION_TRUE_NEGATIVES=52843 validation_false_positives=75 validation_false_negatives=329 validation_max_prediction=0.8307 validation_mean_prediction=0.0367 validation_recall=0.0208 validation_f1=0.0335 validation_auc=0.8992 validation_specificity=0.9986 validation_false_positive_rate=0.0014 validation_f2=0.0245 validation_mcc=0.0392 validation_prauc=0.0579 validation_balanced_accuracy=0.5097 validation_brier=0.0096 validation_kappa=0.0311 validation_informedness=0.0194 validation_markedness=0.0839 validation_gini=0.7984 validation_optimal_threshold=0.0392 validation_standard_deviation_prediction=0.0644 validation_percentage_above_threshold=0.15
[LN396    ] [chunk_12_evaluation_evaluator.py] [info] [DENSE] label_threshold=10.0 train_below_prediction_binary_split=116,756 train_above_prediction_binary_split=2,554 train_positive_found=true val_below_prediction_binary_split=52,057 val_above_prediction_binary_split=1,197 val_positive_found=true
[LN397    ] [chunk_12_evaluation_evaluator.py] [info] [DENSE] [diagnostic] LABEL_THRESHOLD=10.0 train_precision=0.1619 train_true_positives=17 train_true_negatives=116668 train_false_positives=88 train_false_negatives=2537 train_max_prediction=0.7917 train_mean_prediction=0.0369 train_recall=0.0067 train_f1=0.0128 train_auc=0.7545 train_specificity=0.9992 train_false_positive_rate=0.0008 train_f2=0.0082 train_mcc=0.0288 train_prauc=0.0613 train_balanced_accuracy=0.5030 train_brier=0.0214 train_kappa=0.0111 train_informedness=0.0059 train_markedness=0.1612 train_gini=0.5090 train_optimal_threshold=0.0387 train_standard_deviation_prediction=0.0432 train_percentage_above_threshold=0.09
[LN398    ] [chunk_12_evaluation_evaluator.py] [info] [DENSE] [diagnostic] LABEL_THRESHOLD=10.0 VALIDATION_PRECISION=0.1660 VALIDATION_TRUE_POSITIVES=39 VALIDATION_TRUE_NEGATIVES=51861 validation_false_positives=196 validation_false_negatives=1158 validation_max_prediction=0.7988 validation_mean_prediction=0.0537 validation_recall=0.0326 validation_f1=0.0545 validation_auc=0.7037 validation_specificity=0.9962 validation_false_positive_rate=0.0038 validation_f2=0.0388 validation_mcc=0.0644 validation_prauc=0.0652 validation_balanced_accuracy=0.5144 validation_brier=0.0255 validation_kappa=0.0474 validation_informedness=0.0288 validation_markedness=0.1622 validation_gini=0.4075 validation_optimal_threshold=0.0425 validation_standard_deviation_prediction=0.0740 validation_percentage_above_threshold=0.44
[LN399    ] [chunk_12_evaluation_evaluator.py] [info] [DENSE] label_threshold=0.0 train_below_prediction_binary_split=59,589 train_above_prediction_binary_split=59,721 train_positive_found=true val_below_prediction_binary_split=24,480 val_above_prediction_binary_split=28,774 val_positive_found=true
[LN400    ] [chunk_12_evaluation_evaluator.py] [info] [DENSE] [reject] skipping LABEL_THRESHOLD=0.0: validation_precision=0.4659 <= baseline+0.0200=0.5200
[LN401    ] [chunk_18_phase_4_ensemble.py] [info]    hyperparameter_optimization model threshold search: LABEL_THRESHOLD=20.0, VALIDATION_PRECISION=0.0854
[LN402    ] [chunk_18_phase_4_ensemble.py] [info]    post hyperparameter_optimization threshold search: LABEL_THRESHOLD=10.0, VALIDATION_PRECISION=0.1660
[LN403    ] [chunk_18_phase_4_ensemble.py] [info]    post hyperparameter_optimization improved: using LABEL_THRESHOLD=10.0
[LN404    ] [chunk_18_phase_4_ensemble.py] [info] [section 4] [DENSE] [post hyperparameter_optimization] [diagnostic]  cumulative binary_split_predictions (1%) ≤ 0.0002, (5%) ≤ 0.0006, (10%) ≤ 0.0025, (25%) ≤ 0.0133, (50%) ≤ 0.0292, (75%) ≤ 0.0635, (90%) ≤ 0.1306, (95%) ≤ 0.1907, (99%) ≤ 0.3729, max=0.7988 binary_split_predictions distribution: 20% ≤ 0.01, 35% ≤ 0.02, 68% ≤ 0.05, 85% ≤ 0.1, 95% ≤ 0.2, 100% ≤ 0.5, 0% ≥ 0.50
[LN405    ] [chunk_18_phase_4_ensemble.py] [info] [section 4] [DENSE] [post hyperparameter_optimization] LABEL_THRESHOLD=10.0,
[LN406    ] [chunk_18_phase_4_ensemble.py] [info] [section 4] [DENSE] [post hyperparameter_optimization] VALIDATION_PRECISION=0.1660 VALIDATION_TRUE_POSITIVES=39 VALIDATION_TRUE_NEGATIVES=51861 validation_false_positives=196 validation_false_negatives=1158 validation_max_prediction=0.7988 validation_mean_prediction=0.0537 validation_recall=0.0326 validation_f1=0.0545 validation_auc=0.7037 validation_specificity=0.9961 validation_false_positive_rate=0.0039 validation_f2=0.0855 validation_mcc=0.0913 validation_prauc=0.0392 validation_balanced_accuracy=0.5382 validation_brier=0.0128 validation_kappa=0.0898 validation_informedness=0.0764 validation_markedness=0.1110 validation_gini=0.4285 validation_optimal_threshold=0.0688 validation_standard_deviation_prediction=0.0740 validation_percentage_above_threshold=0.44
[LN407    ] [chunk_18_phase_4_ensemble.py] [info] [section 4] [DENSE] [post hyperparameter_optimization] prediction_binary_split=0.50 hyperparams=(loss=focal_loss lr=0.0005 dropout=0.4 alpha=1.25 gamma=2.5 latent_dim=64) source=section4
[LN408    ] [chunk_18_phase_4_ensemble.py] [info]    Using post-HPO model at LABEL_THRESHOLD=10.0 (post_hpo_prec=0.1660 > hpo=0.0854, pre_hpo=0.0000)
[LN409    ] [chunk_18_phase_4_ensemble.py] [info]    Train predictions: mean=0.0369, std=0.0432, min=0.0001, max=0.7917
[LN410    ] [chunk_18_phase_4_ensemble.py] [info]    validation predictions:   mean=0.0537, std=0.0740, min=0.0001, max=0.7988
[LN411    ] [chunk_18_phase_4_ensemble.py] [info] [section 5] [DENSE] [final] [diagnostic] Train  cumulative binary_split_predictions (1%) ≤ 0.0005, (5%) ≤ 0.0024, (10%) ≤ 0.0045, (25%) ≤ 0.0135, (50%) ≤ 0.0273, (75%) ≤ 0.0458, (90%) ≤ 0.0724, (95%) ≤ 0.0971, (99%) ≤ 0.2143, max=0.7917 binary_split_predictions distribution: 20% ≤ 0.01, 36% ≤ 0.02, 79% ≤ 0.05, 95% ≤ 0.1, 99% ≤ 0.2, 100% ≤ 0.5, 0% ≥ 0.50
[LN412    ] [chunk_18_phase_4_ensemble.py] [info] [section 5] [DENSE] [final] [diagnostic] validation    cumulative binary_split_predictions (1%) ≤ 0.0002, (5%) ≤ 0.0006, (10%) ≤ 0.0025, (25%) ≤ 0.0133, (50%) ≤ 0.0292, (75%) ≤ 0.0635, (90%) ≤ 0.1306, (95%) ≤ 0.1907, (99%) ≤ 0.3729, max=0.7988 binary_split_predictions distribution: 20% ≤ 0.01, 35% ≤ 0.02, 68% ≤ 0.05, 85% ≤ 0.1, 95% ≤ 0.2, 100% ≤ 0.5, 0% ≥ 0.50
[LN413    ] [chunk_18_phase_4_ensemble.py] [info]    Train predictions: 0.09% positive predictions (105 / 119,310)
[LN414    ] [chunk_18_phase_4_ensemble.py] [info]    validation predictions:   0.44% positive predictions (235 / 53,254)
[LN415    ] [chunk_18_phase_4_ensemble.py] [info]    [diagnostic] prediction_buckets: 0-10:5344, 10-20:1471, 20-30:527, 30-40:191, 40-50:151, 50-60:55, 60-70:29, 70-80:0, 80-90:0, 90-100:0
[LN416    ] [chunk_18_phase_4_ensemble.py] [info] [section 5] [DENSE] [final] LABEL_THRESHOLD=10.0,
[LN417    ] [chunk_18_phase_4_ensemble.py] [info] [section 5] [DENSE] [final] train_precision=0.1619 train_true_positives=17 train_true_negatives=116668 train_false_positives=88 train_false_negatives=2537 train_max_prediction=0.7917 train_mean_prediction=0.0369 train_recall=0.0067 train_f1=0.0128 train_auc=0.7545 train_specificity=0.9992 train_false_positive_rate=0.0008 train_f2=0.0082 train_mcc=0.0288 train_prauc=0.0613 train_balanced_accuracy=0.5030 train_standard_deviation_prediction=0.0432 train_percentage_above_threshold=0.09 train_brier=0.0214 train_kappa=0.0111 train_informedness=0.0059 train_markedness=0.1612 train_gini=0.5090 train_optimal_threshold=0.0387
[LN418    ] [chunk_18_phase_4_ensemble.py] [info] [section 5] [DENSE] [final] VALIDATION_PRECISION=0.1660 VALIDATION_TRUE_POSITIVES=39 VALIDATION_TRUE_NEGATIVES=51861 validation_false_positives=196 validation_false_negatives=1158 validation_max_prediction=0.7988 validation_mean_prediction=0.0537 validation_recall=0.0326 validation_f1=0.0545 validation_auc=0.7037 validation_specificity=0.9962 validation_false_positive_rate=0.0038 validation_f2=0.0388 validation_mcc=0.0644 validation_prauc=0.0652 validation_balanced_accuracy=0.5144 validation_brier=0.0255 validation_kappa=0.0474 validation_informedness=0.0288 validation_markedness=0.1622 validation_gini=0.4075 validation_optimal_threshold=0.0425 validation_standard_deviation_prediction=0.0740 validation_percentage_above_threshold=0.44
[LN419    ] [chunk_18_phase_4_ensemble.py] [info] [section 5] [DENSE] [final] prediction_binary_split=0.50 hyperparams=(loss=focal_loss lr=0.0005 dropout=0.4 alpha=1.25 gamma=2.5 latent_dim=64) (using HPO model directly)
[LN420    ] [chunk_18_phase_4_ensemble.py] [info]    Dense loss=focal_loss pred_threshold=0.5 epochs=40
[LN421    ] [chunk_18_phase_4_ensemble.py] [info]    [Dense] hyperparameter_optimization: units=256, layers=2, dropout=0.4, learning_rate=0.0005, alpha=1.25, gamma=2.5
[LN422    ] [chunk_18_phase_4_ensemble.py] [info]    Dense training time: 374.1s
[LN423    ] [chunk_18_phase_4_ensemble.py] [info] [pass] Dense trained successfully
[LN424    ] [chunk_18_phase_4_ensemble.py] [info] [section 1] [CNN] [baseline] LABEL_THRESHOLD=20.0,
[LN425    ] [chunk_18_phase_4_ensemble.py] [info] [section 1] [CNN] [baseline] predictions: mean=0.0466, std=0.0550, min=0.0077, max=0.3737
[LN426    ] [chunk_18_phase_4_ensemble.py] [info] [section 1] [CNN] [baseline]  cumulative binary_split_predictions (1%) ≤ 0.0080, (5%) ≤ 0.0085, (10%) ≤ 0.0097, (25%) ≤ 0.0121, (50%) ≤ 0.0192, (75%) ≤ 0.0631, (90%) ≤ 0.1221, (95%) ≤ 0.1491, (99%) ≤ 0.2716, max=0.3737 binary_split_predictions distribution: 11% ≤ 0.01, 52% ≤ 0.02, 69% ≤ 0.05, 86% ≤ 0.1, 97% ≤ 0.2, 100% ≤ 0.5, 0% ≥ 0.50
[LN427    ] [chunk_18_phase_4_ensemble.py] [info] [section 1] [CNN] [baseline] prediction_binary_split=0.50, VALIDATION predictions at LABEL_THRESHOLD=20.0: 0.00%
[LN428    ] [chunk_18_phase_4_ensemble.py] [warning] [section 1] [CNN] [baseline] [warning] No predictions >= 0.5!
[LN429    ] [chunk_18_phase_4_ensemble.py] [info] [section 1] [CNN] [baseline] LABEL_THRESHOLD=20.0,
[LN430    ] [chunk_18_phase_4_ensemble.py] [info] [section 1] [CNN] [baseline] VALIDATION_PRECISION=0.0000 VALIDATION_TRUE_POSITIVES=0 VALIDATION_TRUE_NEGATIVES=52918 validation_false_positives=0 validation_false_negatives=336 validation_max_prediction=0.3737 validation_mean_prediction=0.0466 validation_recall=0.0000 validation_f1=0.0000 validation_auc=0.6333 validation_specificity=1.0000 validation_false_positive_rate=0.0000 validation_f2=0.0000 validation_mcc=0.0000 validation_prauc=0.0114 validation_balanced_accuracy=0.5000 validation_brier=0.0105 validation_kappa=0.0000 validation_informedness=0.0000 validation_markedness=1.0000 validation_gini=0.2666 validation_optimal_threshold=0.0567 validation_standard_deviation_prediction=0.0550 validation_percentage_above_threshold=0.00
[LN431    ] [chunk_18_phase_4_ensemble.py] [info] [section 1] [CNN] [baseline] prediction_binary_split=0.50 loss=binary_crossentropy, lr=0.001
[LN432    ] [chunk_12_evaluation_evaluator.py] [info] [CNN] label_threshold=20.0 train_below_prediction_binary_split=118,621 train_above_prediction_binary_split=689 train_positive_found=true val_below_prediction_binary_split=52,918 val_above_prediction_binary_split=336 val_positive_found=true
[LN433    ] [chunk_12_evaluation_evaluator.py] [info] [reject] threshold=20.0 action=skipped reason=insufficient_positive_predictions positive_predictions=0 minimum_positive_required=5
[LN434    ] [chunk_12_evaluation_evaluator.py] [info] [CNN] label_threshold=10.0 train_below_prediction_binary_split=116,756 train_above_prediction_binary_split=2,554 train_positive_found=true val_below_prediction_binary_split=52,057 val_above_prediction_binary_split=1,197 val_positive_found=true
[LN435    ] [chunk_12_evaluation_evaluator.py] [info] [reject] threshold=10.0 action=skipped reason=insufficient_positive_predictions positive_predictions=0 minimum_positive_required=5
[LN436    ] [chunk_12_evaluation_evaluator.py] [info] [CNN] label_threshold=0.0 train_below_prediction_binary_split=59,589 train_above_prediction_binary_split=59,721 train_positive_found=true val_below_prediction_binary_split=24,480 val_above_prediction_binary_split=28,774 val_positive_found=true
[LN437    ] [chunk_12_evaluation_evaluator.py] [info] [CNN] [reject] skipping LABEL_THRESHOLD=0.0: validation_precision=0.5186 <= baseline+0.0200=0.5200
[LN438    ] [chunk_18_phase_4_ensemble.py] [warning] [section 1] [CNN] [label_threshold_optimal] [warning] All label thresholds rejected — using baseline metrics at 20.0
[LN439    ] [chunk_18_phase_4_ensemble.py] [info] [section 1] [CNN] [label_threshold_optimal] LABEL_THRESHOLD=20.0
[LN440    ] [chunk_18_phase_4_ensemble.py] [info] [section 1] [CNN] [label_threshold_optimal] train_precision=0.0000 train_true_positives=0 train_true_negatives=52918 train_false_positives=0 train_false_negatives=336 train_max_prediction=0.3737 train_mean_prediction=0.0466 train_recall=0.0000 train_f1=0.0000 train_auc=0.6333 train_specificity=1.0000 train_false_positive_rate=0.0000 train_f2=0.0000 train_mcc=0.0000 train_prauc=0.0114 train_balanced_accuracy=0.5000 train_brier=0.0105 train_kappa=0.0000 train_informedness=0.0000 train_markedness=1.0000 train_gini=0.2666 train_optimal_threshold=0.0567 train_standard_deviation_prediction=0.0550 train_percentage_above_threshold=0.00
[LN441    ] [chunk_18_phase_4_ensemble.py] [info] [section 1] [CNN] [label_threshold_optimal] VALIDATION_PRECISION=0.0000 VALIDATION_TRUE_POSITIVES=0 VALIDATION_TRUE_NEGATIVES=52918 validation_false_positives=0 validation_false_negatives=336 validation_max_prediction=0.3737 validation_mean_prediction=0.0466 validation_recall=0.0000 validation_f1=0.0000 validation_auc=0.6333 validation_specificity=1.0000 validation_false_positive_rate=0.0000 validation_f2=0.0000 validation_mcc=0.0000 validation_prauc=0.0114 validation_balanced_accuracy=0.5000 validation_brier=0.0105 validation_kappa=0.0000 validation_informedness=0.0000 validation_markedness=1.0000 validation_gini=0.2666 validation_optimal_threshold=0.0567 validation_standard_deviation_prediction=0.0550 validation_percentage_above_threshold=0.00
[LN442    ] [chunk_18_phase_4_ensemble.py] [info] [section 1] [CNN] [label_threshold_optimal] prediction_binary_split=0.50
[LN443    ] [chunk_21_hyperparam_optimizer.py] [info] [section 2] [CNN] [hyperparameter_optimization search] Running Bayesian optimization (5 trials)...
[LN444    ] [chunk_21_hyperparam_optimizer.py] [info] [section 2] [CNN] [hyperparameter_optimization search baseline] LABEL_THRESHOLD=20.0
[LN445    ] [chunk_21_hyperparam_optimizer.py] [info] [section 2] [CNN] [hyperparameter_optimization search baseline] VALIDATION_PRECISION=0.0204 VALIDATION_TRUE_POSITIVES=283 VALIDATION_TRUE_NEGATIVES=39307 validation_false_positives=13611 validation_false_negatives=53 validation_max_prediction=0.9840 validation_mean_prediction=0.2105 validation_recall=0.8423 validation_f1=0.0398 validation_auc=0.8731 validation_specificity=0.7428 validation_false_positive_rate=0.2572 validation_f2=0.0929 validation_mcc=0.1055 validation_prauc=0.0412 validation_balanced_accuracy=0.7925 validation_brier=0.1135 validation_kappa=0.0278 validation_informedness=0.5851 validation_markedness=-0.2368 validation_gini=0.7461 validation_optimal_threshold=0.5272 validation_standard_deviation_prediction=0.2653 validation_percentage_above_threshold=26.09
[LN446    ] [chunk_21_hyperparam_optimizer.py] [info] [section 2] [CNN] [hyperparameter_optimization search baseline] TRIAL 1/5: loss_function=binary_crossentropy, filters=64, kernel_size=11, dropout=0.1, learning_rate=0.002, epochs=80, alpha=0.5, gamma=3.0, layers=2, pooling=none
[LN447    ] [chunk_21_hyperparam_optimizer.py] [info] [section 2] [CNN] [hyperparameter_optimization search baseline] LABEL_THRESHOLD=20.0
[LN448    ] [chunk_21_hyperparam_optimizer.py] [info] [section 2] [CNN] [hyperparameter_optimization search baseline] VALIDATION_PRECISION=0.0213 VALIDATION_TRUE_POSITIVES=302 VALIDATION_TRUE_NEGATIVES=39058 validation_false_positives=13860 validation_false_negatives=34 validation_max_prediction=1.0000 validation_mean_prediction=0.2357 validation_recall=0.8988 validation_f1=0.0417 validation_auc=0.8962 validation_specificity=0.7381 validation_false_positive_rate=0.2619 validation_f2=0.0974 validation_mcc=0.1141 validation_prauc=0.0593 validation_balanced_accuracy=0.8184 validation_brier=0.1436 validation_kappa=0.0297 validation_informedness=0.6369 validation_markedness=-0.2406 validation_gini=0.7924 validation_optimal_threshold=0.5807 validation_standard_deviation_prediction=0.3017 validation_percentage_above_threshold=26.59
[LN449    ] [chunk_21_hyperparam_optimizer.py] [info] [section 2] [CNN] [hyperparameter_optimization search baseline] TRIAL 2/5: loss_function=binary_crossentropy, filters=512, kernel_size=7, dropout=0.05, learning_rate=0.0005, epochs=80, alpha=0.5, gamma=3.0, layers=1, pooling=avg
[LN450    ] [chunk_21_hyperparam_optimizer.py] [info] [section 2] [CNN] [hyperparameter_optimization search baseline] LABEL_THRESHOLD=20.0
[LN451    ] [chunk_21_hyperparam_optimizer.py] [info] [section 2] [CNN] [hyperparameter_optimization search baseline] VALIDATION_PRECISION=0.0000 VALIDATION_TRUE_POSITIVES=0 VALIDATION_TRUE_NEGATIVES=52918 validation_false_positives=0 validation_false_negatives=336 validation_max_prediction=0.0835 validation_mean_prediction=0.0497 validation_recall=0.0000 validation_f1=0.0000 validation_auc=0.7688 validation_specificity=1.0000 validation_false_positive_rate=0.0000 validation_f2=0.0000 validation_mcc=0.0000 validation_prauc=0.0169 validation_balanced_accuracy=0.5000 validation_brier=0.0083 validation_kappa=0.0000 validation_informedness=0.0000 validation_markedness=1.0000 validation_gini=0.5376 validation_optimal_threshold=0.0587 validation_standard_deviation_prediction=0.0187 validation_percentage_above_threshold=0.00
[LN452    ] [chunk_21_hyperparam_optimizer.py] [info] [section 2] [CNN] [hyperparameter_optimization search baseline] TRIAL 3/5: loss_function=focal_loss, filters=512, kernel_size=11, dropout=0.2, learning_rate=0.01, epochs=100, alpha=1.0, gamma=2.0, layers=3, pooling=none
[LN453    ] [chunk_21_hyperparam_optimizer.py] [info] [section 2] [CNN] [hyperparameter_optimization search baseline] LABEL_THRESHOLD=20.0
[LN454    ] [chunk_21_hyperparam_optimizer.py] [info] [section 2] [CNN] [hyperparameter_optimization search baseline] VALIDATION_PRECISION=0.0000 VALIDATION_TRUE_POSITIVES=0 VALIDATION_TRUE_NEGATIVES=52917 validation_false_positives=1 validation_false_negatives=336 validation_max_prediction=0.9834 validation_mean_prediction=0.0457 validation_recall=0.0000 validation_f1=0.0000 validation_auc=0.8971 validation_specificity=1.0000 validation_false_positive_rate=0.0000 validation_f2=0.0000 validation_mcc=-0.0003 validation_prauc=0.0587 validation_balanced_accuracy=0.5000 validation_brier=0.0104 validation_kappa=-0.0000 validation_informedness=-0.0000 validation_markedness=-0.0000 validation_gini=0.7942 validation_optimal_threshold=0.1148 validation_standard_deviation_prediction=0.0637 validation_percentage_above_threshold=0.00
[LN455    ] [chunk_21_hyperparam_optimizer.py] [info] [section 2] [CNN] [hyperparameter_optimization search baseline] TRIAL 4/5: loss_function=focal_loss, filters=512, kernel_size=11, dropout=0.1, learning_rate=0.002, epochs=100, alpha=1.0, gamma=2.5, layers=2, pooling=none
[LN456    ] [chunk_21_hyperparam_optimizer.py] [info] [section 2] [CNN] [hyperparameter_optimization search baseline] LABEL_THRESHOLD=20.0
[LN457    ] [chunk_21_hyperparam_optimizer.py] [info] [section 2] [CNN] [hyperparameter_optimization search baseline] VALIDATION_PRECISION=0.0000 VALIDATION_TRUE_POSITIVES=0 VALIDATION_TRUE_NEGATIVES=52918 validation_false_positives=0 validation_false_negatives=336 validation_max_prediction=0.2637 validation_mean_prediction=0.0487 validation_recall=0.0000 validation_f1=0.0000 validation_auc=0.8553 validation_specificity=1.0000 validation_false_positive_rate=0.0000 validation_f2=0.0000 validation_mcc=0.0000 validation_prauc=0.0251 validation_balanced_accuracy=0.5000 validation_brier=0.0126 validation_kappa=0.0000 validation_informedness=0.0000 validation_markedness=1.0000 validation_gini=0.7107 validation_optimal_threshold=0.0397 validation_standard_deviation_prediction=0.0775 validation_percentage_above_threshold=0.00
[LN458    ] [chunk_21_hyperparam_optimizer.py] [info] [section 2] [CNN] [hyperparameter_optimization search baseline] TRIAL 5/5: loss_function=focal_loss, filters=64, kernel_size=3, dropout=0.05, learning_rate=0.002, epochs=50, alpha=0.25, gamma=3.0, layers=1, pooling=avg
[LN459    ] [chunk_21_hyperparam_optimizer.py] [info] [section 2] [CNN] [best trial] LABEL_THRESHOLD=20.0
[LN460    ] [chunk_21_hyperparam_optimizer.py] [info] [section 2] [CNN] [best trial] VALIDATION_PRECISION=0.0213 VALIDATION_TRUE_POSITIVES=302 VALIDATION_TRUE_NEGATIVES=39058 validation_false_positives=13860 validation_false_negatives=34 validation_max_prediction=1.0000 validation_mean_prediction=0.2357 validation_recall=0.8988 validation_f1=0.0417 validation_auc=0.8962 validation_specificity=0.7381 validation_false_positive_rate=0.2619 validation_f2=0.0974 validation_mcc=0.1141 validation_prauc=0.0593 validation_balanced_accuracy=0.8184 validation_brier=0.1436 validation_kappa=0.0297 validation_informedness=0.6369 validation_markedness=-0.2406 validation_gini=0.7924 validation_optimal_threshold=0.5807 validation_standard_deviation_prediction=0.3017 validation_percentage_above_threshold=26.59
[LN461    ] [chunk_21_hyperparam_optimizer.py] [info] [section 2] [CNN] [best trial] loss_function=binary_crossentropy, filters=512, kernel_size=7, dropout=0.05, learning_rate=0.0005, epochs=80, alpha=0.5, gamma=3.0, layers=1, pooling=avg
[LN462    ] [chunk_18_phase_4_ensemble.py] [info]    [diagnostic-hyperparameter_optimization]  cumulative binary_split_predictions (1%) ≤ 0.0000, (5%) ≤ 0.0002, (10%) ≤ 0.0004, (25%) ≤ 0.0019, (50%) ≤ 0.0257, (75%) ≤ 0.5252, (90%) ≤ 0.7294, (95%) ≤ 0.8050, (99%) ≤ 0.8897, max=1.0000 binary_split_predictions distribution: 43% ≤ 0.01, 48% ≤ 0.02, 54% ≤ 0.05, 58% ≤ 0.1, 63% ≤ 0.2, 73% ≤ 0.5, 27% ≥ 0.50
[LN463    ] [chunk_18_phase_4_ensemble.py] [info]    hyperparameter_optimization improved: 0.0213 > 0.0000
[LN464    ] [chunk_18_phase_4_ensemble.py] [info] [section 3] [CNN] [HYPERPARAMETER_OPTIMIZATION] LABEL_THRESHOLD=20.0,
[LN465    ] [chunk_18_phase_4_ensemble.py] [info] [section 3] [CNN] [HYPERPARAMETER_OPTIMIZATION] VALIDATION_PRECISION=0.0213 VALIDATION_TRUE_POSITIVES=302 VALIDATION_TRUE_NEGATIVES=39058 validation_false_positives=13860 validation_false_negatives=34 validation_max_prediction=1.0000 validation_mean_prediction=0.2357 validation_recall=0.8988 validation_f1=0.0417 validation_auc=0.8962 validation_specificity=0.7381 validation_false_positive_rate=0.2619 validation_f2=0.0974 validation_mcc=0.1141 validation_prauc=0.0593 validation_balanced_accuracy=0.8184 validation_brier=0.1436 validation_kappa=0.0297 validation_informedness=0.6369 validation_markedness=-0.2406 validation_gini=0.7924 validation_optimal_threshold=0.5807 validation_standard_deviation_prediction=0.3017 validation_percentage_above_threshold=26.59
[LN466    ] [chunk_18_phase_4_ensemble.py] [info] [section 3] [CNN] [HYPERPARAMETER_OPTIMIZATION] prediction_binary_split=0.50 hyperparams=(loss=binary_crossentropy lr=0.0005 dropout=0.05 alpha=0.5 gamma=3.0 latent_dim=0) improved=True {'loss_function': 'binary_crossentropy', 'filters': 512, 'kernel_size': 7, 'dropout': 0.05, 'learning_rate': 0.0005, 'epochs': 80, 'alpha': 0.5, 'gamma': 3.0, 'layers': 1, 'pooling': 'avg'}
[LN467    ] [chunk_18_phase_4_ensemble.py] [info]    Running post hyperparameter_optimization threshold search for CNN...
[LN468    ] [chunk_12_evaluation_evaluator.py] [info] [CNN] label_threshold=20.0 train_below_prediction_binary_split=118,621 train_above_prediction_binary_split=689 train_positive_found=true val_below_prediction_binary_split=52,918 val_above_prediction_binary_split=336 val_positive_found=true
[LN469    ] [chunk_12_evaluation_evaluator.py] [info] [CNN] [reject] skipping LABEL_THRESHOLD=20.0: validation_precision=0.0213 <= baseline+0.0200=0.0263
[LN470    ] [chunk_12_evaluation_evaluator.py] [info] [CNN] label_threshold=10.0 train_below_prediction_binary_split=116,756 train_above_prediction_binary_split=2,554 train_positive_found=true val_below_prediction_binary_split=52,057 val_above_prediction_binary_split=1,197 val_positive_found=true
[LN471    ] [chunk_12_evaluation_evaluator.py] [info] [CNN] [reject] skipping LABEL_THRESHOLD=10.0: validation_precision=0.0367 <= baseline+0.0200=0.0425
[LN472    ] [chunk_12_evaluation_evaluator.py] [info] [CNN] label_threshold=0.0 train_below_prediction_binary_split=59,589 train_above_prediction_binary_split=59,721 train_positive_found=true val_below_prediction_binary_split=24,480 val_above_prediction_binary_split=28,774 val_positive_found=true
[LN473    ] [chunk_12_evaluation_evaluator.py] [info] [CNN] [reject] skipping LABEL_THRESHOLD=0.0: pos_pred_ratio=64.26% outside [0%, 60%]
[LN474    ] [chunk_18_phase_4_ensemble.py] [info]    hyperparameter_optimization model threshold search: LABEL_THRESHOLD=20.0, VALIDATION_PRECISION=0.0213
[LN475    ] [chunk_18_phase_4_ensemble.py] [info]    post hyperparameter_optimization threshold search: LABEL_THRESHOLD=20.0, VALIDATION_PRECISION=0.0000
[LN476    ] [chunk_18_phase_4_ensemble.py] [info]    post hyperparameter_optimization no improvement: keeping LABEL_THRESHOLD=20.0
[LN477    ] [chunk_18_phase_4_ensemble.py] [info] [section 4] [CNN] [post hyperparameter_optimization] [diagnostic]  cumulative binary_split_predictions (1%) ≤ 0.0000, (5%) ≤ 0.0002, (10%) ≤ 0.0004, (25%) ≤ 0.0019, (50%) ≤ 0.0257, (75%) ≤ 0.5252, (90%) ≤ 0.7294, (95%) ≤ 0.8050, (99%) ≤ 0.8897, max=1.0000 binary_split_predictions distribution: 43% ≤ 0.01, 48% ≤ 0.02, 54% ≤ 0.05, 58% ≤ 0.1, 63% ≤ 0.2, 73% ≤ 0.5, 27% ≥ 0.50
[LN478    ] [chunk_18_phase_4_ensemble.py] [info] [section 4] [CNN] [post hyperparameter_optimization] LABEL_THRESHOLD=20.0,
[LN479    ] [chunk_18_phase_4_ensemble.py] [info] [section 4] [CNN] [post hyperparameter_optimization] VALIDATION_PRECISION=0.0213 VALIDATION_TRUE_POSITIVES=302 VALIDATION_TRUE_NEGATIVES=39058 validation_false_positives=13860 validation_false_negatives=34 validation_max_prediction=1.0000 validation_mean_prediction=0.2357 validation_recall=0.8988 validation_f1=0.0417 validation_auc=0.8962 validation_specificity=0.7381 validation_false_positive_rate=0.2619 validation_f2=0.0974 validation_mcc=0.1141 validation_prauc=0.0593 validation_balanced_accuracy=0.8184 validation_brier=0.1436 validation_kappa=0.0297 validation_informedness=0.6369 validation_markedness=-0.2406 validation_gini=0.7924 validation_optimal_threshold=0.5807 validation_standard_deviation_prediction=0.3017 validation_percentage_above_threshold=26.59
[LN480    ] [chunk_18_phase_4_ensemble.py] [info] [section 4] [CNN] [post hyperparameter_optimization] prediction_binary_split=0.50 hyperparams=(loss=binary_crossentropy lr=0.0005 dropout=0.05 alpha=0.5 gamma=3.0 latent_dim=64) source=section3
[LN481    ] [chunk_18_phase_4_ensemble.py] [info]    Using Hyperparameter_Optimized model directly (no change to Label_Threshold)
[LN482    ] [chunk_18_phase_4_ensemble.py] [info]    Train predictions: mean=0.2394, std=0.2812, min=0.0000, max=0.9978
[LN483    ] [chunk_18_phase_4_ensemble.py] [info]    validation predictions:   mean=0.2357, std=0.3017, min=0.0000, max=1.0000
[LN484    ] [chunk_18_phase_4_ensemble.py] [info] [section 5] [CNN] [final] [diagnostic] Train  cumulative binary_split_predictions (1%) ≤ 0.0001, (5%) ≤ 0.0007, (10%) ≤ 0.0012, (25%) ≤ 0.0037, (50%) ≤ 0.0512, (75%) ≤ 0.5269, (90%) ≤ 0.6666, (95%) ≤ 0.7324, (99%) ≤ 0.8405, max=0.9978 binary_split_predictions distribution: 36% ≤ 0.01, 43% ≤ 0.02, 50% ≤ 0.05, 55% ≤ 0.1, 60% ≤ 0.2, 72% ≤ 0.5, 28% ≥ 0.50
[LN485    ] [chunk_18_phase_4_ensemble.py] [info] [section 5] [CNN] [final] [diagnostic] validation    cumulative binary_split_predictions (1%) ≤ 0.0000, (5%) ≤ 0.0002, (10%) ≤ 0.0004, (25%) ≤ 0.0019, (50%) ≤ 0.0257, (75%) ≤ 0.5252, (90%) ≤ 0.7294, (95%) ≤ 0.8050, (99%) ≤ 0.8897, max=1.0000 binary_split_predictions distribution: 43% ≤ 0.01, 48% ≤ 0.02, 54% ≤ 0.05, 58% ≤ 0.1, 63% ≤ 0.2, 73% ≤ 0.5, 27% ≥ 0.50
[LN486    ] [chunk_18_phase_4_ensemble.py] [info]    Train predictions: 27.79% positive predictions (33,155 / 119,310)
[LN487    ] [chunk_18_phase_4_ensemble.py] [info]    validation predictions:   26.59% positive predictions (14,162 / 53,254)
[LN488    ] [chunk_18_phase_4_ensemble.py] [info]    [info] Section 4 all rejected - using Section 3 results for Section 5
[LN489    ] [chunk_18_phase_4_ensemble.py] [info]    [diagnostic] prediction_buckets: 0-10:2291, 10-20:1742, 20-30:1576, 30-40:2404, 40-50:3673, 50-60:3992, 60-70:3672, 70-80:2429, 80-90:396, 90-100:0
[LN490    ] [chunk_18_phase_4_ensemble.py] [info] [section 5] [CNN] [final] LABEL_THRESHOLD=20.0,
[LN491    ] [chunk_18_phase_4_ensemble.py] [info] [section 5] [CNN] [final] train_precision=0.0191 train_true_positives=632 train_true_negatives=86098 train_false_positives=32523 train_false_negatives=57 train_max_prediction=0.9978 train_mean_prediction=0.2394 train_recall=0.9173 train_f1=0.0373 train_auc=0.8978 train_specificity=0.7258 train_false_positive_rate=0.2742 train_f2=0.0880 train_mcc=0.1088 train_prauc=0.0555 train_balanced_accuracy=0.8215 train_standard_deviation_prediction=0.2812 train_percentage_above_threshold=27.79 train_brier=0.1342 train_kappa=0.0263 train_informedness=0.6431 train_markedness=-0.2551 train_gini=0.7956 train_optimal_threshold=0.5120
[LN492    ] [chunk_18_phase_4_ensemble.py] [info] [section 5] [CNN] [final] VALIDATION_PRECISION=0.0213 VALIDATION_TRUE_POSITIVES=302 VALIDATION_TRUE_NEGATIVES=39058 validation_false_positives=13860 validation_false_negatives=34 validation_max_prediction=1.0000 validation_mean_prediction=0.2357 validation_recall=0.8988 validation_f1=0.0417 validation_auc=0.8962 validation_specificity=0.7381 validation_false_positive_rate=0.2619 validation_f2=0.0974 validation_mcc=0.1141 validation_prauc=0.0593 validation_balanced_accuracy=0.8184 validation_brier=0.1436 validation_kappa=0.0297 validation_informedness=0.6369 validation_markedness=-0.2406 validation_gini=0.7924 validation_optimal_threshold=0.5807 validation_standard_deviation_prediction=0.3017 validation_percentage_above_threshold=26.59
[LN493    ] [chunk_18_phase_4_ensemble.py] [info] [section 5] [CNN] [final] prediction_binary_split=0.50 hyperparams=(loss=binary_crossentropy lr=0.0005 dropout=0.05 alpha=0.5 gamma=3.0 latent_dim=64) (using HPO model directly)
[LN494    ] [chunk_18_phase_4_ensemble.py] [info]    CNN loss=binary_crossentropy pred_threshold=0.5 epochs=80
[LN495    ] [chunk_18_phase_4_ensemble.py] [info]    [CNN] hyperparameter_optimization: filters=512, kernel_size=7, dropout=0.05, learning_rate=0.0005, alpha=0.5, gamma=3.0, layers=1
[LN496    ] [chunk_18_phase_4_ensemble.py] [info]    CNN training time: 2214.5s
[LN497    ] [chunk_18_phase_4_ensemble.py] [info] [pass] CNN trained successfully
[LN498    ] [chunk_18_phase_4_ensemble.py] [info] [section 1] [RNN] [baseline] LABEL_THRESHOLD=20.0,
[LN499    ] [chunk_18_phase_4_ensemble.py] [info] [section 1] [RNN] [baseline] predictions: mean=0.0404, std=0.0466, min=0.0065, max=0.3031
[LN500    ] [chunk_18_phase_4_ensemble.py] [info] [section 1] [RNN] [baseline]  cumulative binary_split_predictions (1%) ≤ 0.0077, (5%) ≤ 0.0088, (10%) ≤ 0.0099, (25%) ≤ 0.0139, (50%) ≤ 0.0200, (75%) ≤ 0.0458, (90%) ≤ 0.1036, (95%) ≤ 0.1445, (99%) ≤ 0.2319, max=0.3031 binary_split_predictions distribution: 10% ≤ 0.01, 50% ≤ 0.02, 77% ≤ 0.05, 89% ≤ 0.1, 98% ≤ 0.2, 100% ≤ 0.5, 0% ≥ 0.50
[LN501    ] [chunk_18_phase_4_ensemble.py] [info] [section 1] [RNN] [baseline] prediction_binary_split=0.50, VALIDATION predictions at LABEL_THRESHOLD=20.0: 0.00%
[LN502    ] [chunk_18_phase_4_ensemble.py] [warning] [section 1] [RNN] [baseline] [warning] No predictions >= 0.5!
[LN503    ] [chunk_18_phase_4_ensemble.py] [info] [section 1] [RNN] [baseline] LABEL_THRESHOLD=20.0,
[LN504    ] [chunk_18_phase_4_ensemble.py] [info] [section 1] [RNN] [baseline] VALIDATION_PRECISION=0.0000 VALIDATION_TRUE_POSITIVES=0 VALIDATION_TRUE_NEGATIVES=52918 validation_false_positives=0 validation_false_negatives=336 validation_max_prediction=0.3031 validation_mean_prediction=0.0404 validation_recall=0.0000 validation_f1=0.0000 validation_auc=0.8551 validation_specificity=1.0000 validation_false_positive_rate=0.0000 validation_f2=0.0000 validation_mcc=0.0000 validation_prauc=0.0337 validation_balanced_accuracy=0.5000 validation_brier=0.0087 validation_kappa=0.0000 validation_informedness=0.0000 validation_markedness=1.0000 validation_gini=0.7101 validation_optimal_threshold=0.0395 validation_standard_deviation_prediction=0.0466 validation_percentage_above_threshold=0.00
[LN505    ] [chunk_18_phase_4_ensemble.py] [info] [section 1] [RNN] [baseline] prediction_binary_split=0.50 loss=binary_crossentropy, lr=0.001
[LN506    ] [chunk_12_evaluation_evaluator.py] [info] [RNN] label_threshold=20.0 train_below_prediction_binary_split=118,621 train_above_prediction_binary_split=689 train_positive_found=true val_below_prediction_binary_split=52,918 val_above_prediction_binary_split=336 val_positive_found=true
[LN507    ] [chunk_12_evaluation_evaluator.py] [info] [reject] threshold=20.0 action=skipped reason=insufficient_positive_predictions positive_predictions=0 minimum_positive_required=5
[LN508    ] [chunk_12_evaluation_evaluator.py] [info] [RNN] label_threshold=10.0 train_below_prediction_binary_split=116,756 train_above_prediction_binary_split=2,554 train_positive_found=true val_below_prediction_binary_split=52,057 val_above_prediction_binary_split=1,197 val_positive_found=true
[LN509    ] [chunk_12_evaluation_evaluator.py] [info] [reject] threshold=10.0 action=skipped reason=insufficient_positive_predictions positive_predictions=0 minimum_positive_required=5
[LN510    ] [chunk_12_evaluation_evaluator.py] [info] [RNN] label_threshold=0.0 train_below_prediction_binary_split=59,589 train_above_prediction_binary_split=59,721 train_positive_found=true val_below_prediction_binary_split=24,480 val_above_prediction_binary_split=28,774 val_positive_found=true
[LN511    ] [chunk_12_evaluation_evaluator.py] [info] [RNN] [diagnostic] LABEL_THRESHOLD=0.0 train_precision=0.5534 train_true_positives=27560 train_true_negatives=37350 train_false_positives=22239 train_false_negatives=32161 train_max_prediction=0.6641 train_mean_prediction=0.4864 train_recall=0.4615 train_f1=0.5033 train_auc=0.5653 train_specificity=0.6268 train_false_positive_rate=0.3732 train_f2=0.4773 train_mcc=0.0895 train_prauc=0.5584 train_balanced_accuracy=0.5441 train_brier=0.2469 train_kappa=0.0883 train_informedness=0.0883 train_markedness=0.1802 train_gini=0.1307 train_optimal_threshold=0.4785 train_standard_deviation_prediction=0.0501 train_percentage_above_threshold=41.74
[LN512    ] [chunk_12_evaluation_evaluator.py] [info] [RNN] [diagnostic] LABEL_THRESHOLD=0.0 VALIDATION_PRECISION=0.5301 VALIDATION_TRUE_POSITIVES=13059 VALIDATION_TRUE_NEGATIVES=12904 validation_false_positives=11576 validation_false_negatives=15715 validation_max_prediction=0.6114 validation_mean_prediction=0.4927 validation_recall=0.4538 validation_f1=0.4890 validation_auc=0.4807 validation_specificity=0.5271 validation_false_positive_rate=0.4729 validation_f2=0.4673 validation_mcc=-0.0190 validation_prauc=0.5332 validation_balanced_accuracy=0.4905 validation_brier=0.2543 validation_kappa=-0.0188 validation_informedness=-0.0190 validation_markedness=0.0572 validation_gini=0.0000 validation_optimal_threshold=0.5800 validation_standard_deviation_prediction=0.0461 validation_percentage_above_threshold=46.26
[LN513    ] [chunk_18_phase_4_ensemble.py] [info] [section 1] [RNN] [label_threshold_optimal]  cumulative binary_split_predictions (1%) ≤ 0.4090, (5%) ≤ 0.4217, (10%) ≤ 0.4306, (25%) ≤ 0.4519, (50%) ≤ 0.4940, (75%) ≤ 0.5325, (90%) ≤ 0.5530, (95%) ≤ 0.5626, (99%) ≤ 0.5800, max=0.6114 binary_split_predictions distribution: 0% ≤ 0.01, 0% ≤ 0.02, 0% ≤ 0.05, 0% ≤ 0.1, 0% ≤ 0.2, 54% ≤ 0.5, 46% ≥ 0.50
[LN514    ] [chunk_18_phase_4_ensemble.py] [info] [section 1] [RNN] [label_threshold_optimal] LABEL_THRESHOLD=0.0
[LN515    ] [chunk_18_phase_4_ensemble.py] [info] [section 1] [RNN] [label_threshold_optimal] train_precision=0.5534 train_true_positives=27560 train_true_negatives=37350 train_false_positives=22239 train_false_negatives=32161 train_max_prediction=0.6641 train_mean_prediction=0.4864 train_recall=0.4615 train_f1=0.5033 train_auc=0.5653 train_specificity=0.6268 train_false_positive_rate=0.3732 train_f2=0.4773 train_mcc=0.0895 train_prauc=0.5584 train_balanced_accuracy=0.5441 train_brier=0.2469 train_kappa=0.0883 train_informedness=0.0883 train_markedness=0.1802 train_gini=0.1307 train_optimal_threshold=0.4785 train_standard_deviation_prediction=0.0501 train_percentage_above_threshold=41.74
[LN516    ] [chunk_18_phase_4_ensemble.py] [info] [section 1] [RNN] [label_threshold_optimal] VALIDATION_PRECISION=0.5301 VALIDATION_TRUE_POSITIVES=13059 VALIDATION_TRUE_NEGATIVES=12904 validation_false_positives=11576 validation_false_negatives=15715 validation_max_prediction=0.6114 validation_mean_prediction=0.4927 validation_recall=0.4538 validation_f1=0.4890 validation_auc=0.4807 validation_specificity=0.5271 validation_false_positive_rate=0.4729 validation_f2=0.4673 validation_mcc=-0.0190 validation_prauc=0.5332 validation_balanced_accuracy=0.4905 validation_brier=0.2543 validation_kappa=-0.0188 validation_informedness=-0.0190 validation_markedness=0.0572 validation_gini=0.0000 validation_optimal_threshold=0.5800 validation_standard_deviation_prediction=0.0461 validation_percentage_above_threshold=46.26
[LN517    ] [chunk_18_phase_4_ensemble.py] [info] [section 1] [RNN] [label_threshold_optimal] prediction_binary_split=0.50
[LN518    ] [chunk_21_hyperparam_optimizer.py] [info] [section 2] [RNN] [hyperparameter_optimization search] Running Bayesian optimization (5 trials)...
[LN519    ] [chunk_21_hyperparam_optimizer.py] [info] [section 2] [RNN] [hyperparameter_optimization search baseline] LABEL_THRESHOLD=0.0
[LN520    ] [chunk_21_hyperparam_optimizer.py] [info] [section 2] [RNN] [hyperparameter_optimization search baseline] VALIDATION_PRECISION=0.5522 VALIDATION_TRUE_POSITIVES=8897 VALIDATION_TRUE_NEGATIVES=17266 validation_false_positives=7214 validation_false_negatives=19877 validation_max_prediction=0.6833 validation_mean_prediction=0.4967 validation_recall=0.3092 validation_f1=0.3964 validation_auc=0.5062 validation_specificity=0.7053 validation_false_positive_rate=0.2947 validation_f2=0.3390 validation_mcc=0.0157 validation_prauc=0.5501 validation_balanced_accuracy=0.5073 validation_brier=0.2509 validation_kappa=0.0140 validation_informedness=0.0145 validation_markedness=0.2575 validation_gini=0.0123 validation_optimal_threshold=0.5372 validation_standard_deviation_prediction=0.0389 validation_percentage_above_threshold=30.25
[LN521    ] [chunk_21_hyperparam_optimizer.py] [info] [section 2] [RNN] [hyperparameter_optimization search baseline] TRIAL 1/5: loss_function=binary_crossentropy, units=64, dropout=0.0, learning_rate=0.001, epochs=30, alpha=0.25, gamma=3.5, layers=1
[LN522    ] [chunk_21_hyperparam_optimizer.py] [info] [section 2] [RNN] [hyperparameter_optimization search baseline] LABEL_THRESHOLD=0.0
[LN523    ] [chunk_21_hyperparam_optimizer.py] [info] [section 2] [RNN] [hyperparameter_optimization search baseline] VALIDATION_PRECISION=0.5403 VALIDATION_TRUE_POSITIVES=28774 VALIDATION_TRUE_NEGATIVES=0 validation_false_positives=24480 validation_false_negatives=0 validation_max_prediction=0.5038 validation_mean_prediction=0.5037 validation_recall=1.0000 validation_f1=0.7016 validation_auc=0.5000 validation_specificity=0.0000 validation_false_positive_rate=1.0000 validation_f2=0.8546 validation_mcc=0.0000 validation_prauc=0.5403 validation_balanced_accuracy=0.5000 validation_brier=0.2497 validation_kappa=0.0000 validation_informedness=0.0000 validation_markedness=-0.4597 validation_gini=0.0001 validation_optimal_threshold=0.5037 validation_standard_deviation_prediction=0.0000 validation_percentage_above_threshold=100.00
[LN524    ] [chunk_21_hyperparam_optimizer.py] [info] [section 2] [RNN] [hyperparameter_optimization search baseline] TRIAL 2/5: loss_function=binary_crossentropy, units=64, dropout=0.0, learning_rate=0.005, epochs=50, alpha=1.25, gamma=2.0, layers=2
[LN525    ] [chunk_21_hyperparam_optimizer.py] [info] [section 2] [RNN] [hyperparameter_optimization search baseline] LABEL_THRESHOLD=0.0
[LN526    ] [chunk_21_hyperparam_optimizer.py] [info] [section 2] [RNN] [hyperparameter_optimization search baseline] VALIDATION_PRECISION=0.5363 VALIDATION_TRUE_POSITIVES=17558 VALIDATION_TRUE_NEGATIVES=9298 validation_false_positives=15182 validation_false_negatives=11216 validation_max_prediction=0.6054 validation_mean_prediction=0.5096 validation_recall=0.6102 validation_f1=0.5709 validation_auc=0.4942 validation_specificity=0.3798 validation_false_positive_rate=0.6202 validation_f2=0.5938 validation_mcc=-0.0102 validation_prauc=0.5364 validation_balanced_accuracy=0.4950 validation_brier=0.2500 validation_kappa=-0.0101 validation_informedness=-0.0100 validation_markedness=-0.0839 validation_gini=0.0000 validation_optimal_threshold=0.4862 validation_standard_deviation_prediction=0.0221 validation_percentage_above_threshold=61.48
[LN527    ] [chunk_21_hyperparam_optimizer.py] [info] [section 2] [RNN] [hyperparameter_optimization search baseline] TRIAL 3/5: loss_function=binary_crossentropy, units=256, dropout=0.05, learning_rate=0.002, epochs=50, alpha=1.0, gamma=3.0, layers=1
[LN528    ] [chunk_21_hyperparam_optimizer.py] [info] [section 2] [RNN] [hyperparameter_optimization search baseline] LABEL_THRESHOLD=0.0
[LN529    ] [chunk_21_hyperparam_optimizer.py] [info] [section 2] [RNN] [hyperparameter_optimization search baseline] VALIDATION_PRECISION=0.5172 VALIDATION_TRUE_POSITIVES=11480 VALIDATION_TRUE_NEGATIVES=13762 validation_false_positives=10718 validation_false_negatives=17294 validation_max_prediction=0.6172 validation_mean_prediction=0.5025 validation_recall=0.3990 validation_f1=0.4504 validation_auc=0.4749 validation_specificity=0.5622 validation_false_positive_rate=0.4378 validation_f2=0.4181 validation_mcc=-0.0393 validation_prauc=0.5161 validation_balanced_accuracy=0.4806 validation_brier=0.2509 validation_kappa=-0.0381 validation_informedness=-0.0389 validation_markedness=0.0793 validation_gini=0.0000 validation_optimal_threshold=0.4869 validation_standard_deviation_prediction=0.0161 validation_percentage_above_threshold=41.68
[LN530    ] [chunk_21_hyperparam_optimizer.py] [info] [section 2] [RNN] [hyperparameter_optimization search baseline] TRIAL 4/5: loss_function=binary_crossentropy, units=256, dropout=0.1, learning_rate=0.001, epochs=50, alpha=1.0, gamma=2.0, layers=1
[LN531    ] [chunk_21_hyperparam_optimizer.py] [info] [section 2] [RNN] [hyperparameter_optimization search baseline] LABEL_THRESHOLD=0.0
[LN532    ] [chunk_21_hyperparam_optimizer.py] [info] [section 2] [RNN] [hyperparameter_optimization search baseline] VALIDATION_PRECISION=0.5402 VALIDATION_TRUE_POSITIVES=27514 VALIDATION_TRUE_NEGATIVES=1065 validation_false_positives=23415 validation_false_negatives=1260 validation_max_prediction=0.5519 validation_mean_prediction=0.5145 validation_recall=0.9562 validation_f1=0.6904 validation_auc=0.4694 validation_specificity=0.0435 validation_false_positive_rate=0.9565 validation_f2=0.8286 validation_mcc=-0.0007 validation_prauc=0.5113 validation_balanced_accuracy=0.4999 validation_brier=0.2494 validation_kappa=-0.0003 validation_informedness=-0.0003 validation_markedness=-0.4163 validation_gini=0.0000 validation_optimal_threshold=0.4946 validation_standard_deviation_prediction=0.0075 validation_percentage_above_threshold=95.63
[LN533    ] [chunk_21_hyperparam_optimizer.py] [info] [section 2] [RNN] [hyperparameter_optimization search baseline] TRIAL 5/5: loss_function=binary_crossentropy, units=256, dropout=0.1, learning_rate=0.005, epochs=50, alpha=0.75, gamma=2.0, layers=2
[LN534    ] [chunk_21_hyperparam_optimizer.py] [info] [section 2] [RNN] [best trial] LABEL_THRESHOLD=0.0
[LN535    ] [chunk_21_hyperparam_optimizer.py] [info] [section 2] [RNN] [best trial] VALIDATION_PRECISION=0.5522 VALIDATION_TRUE_POSITIVES=8897 VALIDATION_TRUE_NEGATIVES=17266 validation_false_positives=7214 validation_false_negatives=19877 validation_max_prediction=0.6833 validation_mean_prediction=0.4967 validation_recall=0.3092 validation_f1=0.3964 validation_auc=0.5062 validation_specificity=0.7053 validation_false_positive_rate=0.2947 validation_f2=0.3390 validation_mcc=0.0157 validation_prauc=0.5501 validation_balanced_accuracy=0.5073 validation_brier=0.2509 validation_kappa=0.0140 validation_informedness=0.0145 validation_markedness=0.2575 validation_gini=0.0123 validation_optimal_threshold=0.5372 validation_standard_deviation_prediction=0.0389 validation_percentage_above_threshold=30.25
[LN536    ] [chunk_21_hyperparam_optimizer.py] [info] [section 2] [RNN] [best trial] loss_function=binary_crossentropy, units=64, dropout=0.0, learning_rate=0.001, epochs=30, alpha=0.25, gamma=3.5, layers=1
[LN537    ] [chunk_18_phase_4_ensemble.py] [info]    [diagnostic-hyperparameter_optimization]  cumulative binary_split_predictions (1%) ≤ 0.4485, (5%) ≤ 0.4575, (10%) ≤ 0.4621, (25%) ≤ 0.4711, (50%) ≤ 0.4854, (75%) ≤ 0.5076, (90%) ≤ 0.5516, (95%) ≤ 0.5832, (99%) ≤ 0.6366, max=0.6833 binary_split_predictions distribution: 0% ≤ 0.01, 0% ≤ 0.02, 0% ≤ 0.05, 0% ≤ 0.1, 0% ≤ 0.2, 70% ≤ 0.5, 30% ≥ 0.50
[LN538    ] [chunk_18_phase_4_ensemble.py] [info]    hyperparameter_optimization improved: 0.5522 > 0.5301
[LN539    ] [chunk_18_phase_4_ensemble.py] [info] [section 3] [RNN] [HYPERPARAMETER_OPTIMIZATION] LABEL_THRESHOLD=0.0,
[LN540    ] [chunk_18_phase_4_ensemble.py] [info] [section 3] [RNN] [HYPERPARAMETER_OPTIMIZATION] VALIDATION_PRECISION=0.5522 VALIDATION_TRUE_POSITIVES=8897 VALIDATION_TRUE_NEGATIVES=17266 validation_false_positives=7214 validation_false_negatives=19877 validation_max_prediction=0.6833 validation_mean_prediction=0.4967 validation_recall=0.3092 validation_f1=0.3964 validation_auc=0.5062 validation_specificity=0.7053 validation_false_positive_rate=0.2947 validation_f2=0.3390 validation_mcc=0.0157 validation_prauc=0.5501 validation_balanced_accuracy=0.5073 validation_brier=0.2509 validation_kappa=0.0140 validation_informedness=0.0145 validation_markedness=0.2575 validation_gini=0.0123 validation_optimal_threshold=0.5372 validation_standard_deviation_prediction=0.0389 validation_percentage_above_threshold=30.25
[LN541    ] [chunk_18_phase_4_ensemble.py] [info] [section 3] [RNN] [HYPERPARAMETER_OPTIMIZATION] prediction_binary_split=0.50 hyperparams=(loss=binary_crossentropy lr=0.001 dropout=0.0 alpha=0.25 gamma=3.5 latent_dim=0) improved=True {'loss_function': 'binary_crossentropy', 'units': 64, 'dropout': 0.0, 'learning_rate': 0.001, 'epochs': 30, 'alpha': 0.25, 'gamma': 3.5, 'layers': 1}
[LN542    ] [chunk_18_phase_4_ensemble.py] [info]    Running post hyperparameter_optimization threshold search for RNN...
[LN543    ] [chunk_12_evaluation_evaluator.py] [info] [RNN] label_threshold=20.0 train_below_prediction_binary_split=118,621 train_above_prediction_binary_split=689 train_positive_found=true val_below_prediction_binary_split=52,918 val_above_prediction_binary_split=336 val_positive_found=true
[LN544    ] [chunk_12_evaluation_evaluator.py] [info] [RNN] [reject] skipping LABEL_THRESHOLD=20.0: validation_precision=0.0211 <= baseline+0.0200=0.0263
[LN545    ] [chunk_12_evaluation_evaluator.py] [info] [RNN] label_threshold=10.0 train_below_prediction_binary_split=116,756 train_above_prediction_binary_split=2,554 train_positive_found=true val_below_prediction_binary_split=52,057 val_above_prediction_binary_split=1,197 val_positive_found=true
[LN546    ] [chunk_12_evaluation_evaluator.py] [info] [RNN] [diagnostic] LABEL_THRESHOLD=10.0 train_precision=0.0327 train_true_positives=2071 train_true_negatives=55425 train_false_positives=61331 train_false_negatives=483 train_max_prediction=0.6749 train_mean_prediction=0.5254 train_recall=0.8109 train_f1=0.0628 train_auc=0.7038 train_specificity=0.4747 train_false_positive_rate=0.5253 train_f2=0.1407 train_mcc=0.0828 train_prauc=0.0471 train_balanced_accuracy=0.6428 train_brier=0.2771 train_kappa=0.0226 train_informedness=0.2856 train_markedness=-0.4926 train_gini=0.4076 train_optimal_threshold=0.4944 train_standard_deviation_prediction=0.0641 train_percentage_above_threshold=53.14
[LN547    ] [chunk_12_evaluation_evaluator.py] [info] [RNN] [diagnostic] LABEL_THRESHOLD=10.0 VALIDATION_PRECISION=0.0580 VALIDATION_TRUE_POSITIVES=597 VALIDATION_TRUE_NEGATIVES=42354 validation_false_positives=9703 validation_false_negatives=600 validation_max_prediction=0.6516 validation_mean_prediction=0.4843 validation_recall=0.4987 validation_f1=0.1039 validation_auc=0.7010 validation_specificity=0.8136 validation_false_positive_rate=0.1864 validation_f2=0.1978 validation_mcc=0.1172 validation_prauc=0.0544 validation_balanced_accuracy=0.6562 validation_brier=0.2354 validation_kappa=0.0662 validation_informedness=0.3124 validation_markedness=-0.1284 validation_gini=0.4021 validation_optimal_threshold=0.4854 validation_standard_deviation_prediction=0.0365 validation_percentage_above_threshold=19.34
[LN548    ] [chunk_12_evaluation_evaluator.py] [info] [RNN] label_threshold=0.0 train_below_prediction_binary_split=59,589 train_above_prediction_binary_split=59,721 train_positive_found=true val_below_prediction_binary_split=24,480 val_above_prediction_binary_split=28,774 val_positive_found=true
[LN549    ] [chunk_12_evaluation_evaluator.py] [info] [RNN] [diagnostic] LABEL_THRESHOLD=0.0 train_precision=0.5406 train_true_positives=26285 train_true_negatives=37248 train_false_positives=22341 train_false_negatives=33436 train_max_prediction=0.6794 train_mean_prediction=0.5023 train_recall=0.4401 train_f1=0.4852 train_auc=0.5452 train_specificity=0.6251 train_false_positive_rate=0.3749 train_f2=0.4571 train_mcc=0.0664 train_prauc=0.5371 train_balanced_accuracy=0.5326 train_brier=0.2486 train_kappa=0.0652 train_informedness=0.0652 train_markedness=0.1656 train_gini=0.0904 train_optimal_threshold=0.4977 train_standard_deviation_prediction=0.0399 train_percentage_above_threshold=40.76
[LN550    ] [chunk_12_evaluation_evaluator.py] [info] [RNN] [diagnostic] LABEL_THRESHOLD=0.0 VALIDATION_PRECISION=0.5522 VALIDATION_TRUE_POSITIVES=8897 VALIDATION_TRUE_NEGATIVES=17266 validation_false_positives=7214 validation_false_negatives=19877 validation_max_prediction=0.6833 validation_mean_prediction=0.4967 validation_recall=0.3092 validation_f1=0.3964 validation_auc=0.5062 validation_specificity=0.7053 validation_false_positive_rate=0.2947 validation_f2=0.3390 validation_mcc=0.0157 validation_prauc=0.5501 validation_balanced_accuracy=0.5073 validation_brier=0.2509 validation_kappa=0.0140 validation_informedness=0.0145 validation_markedness=0.2575 validation_gini=0.0123 validation_optimal_threshold=0.5372 validation_standard_deviation_prediction=0.0389 validation_percentage_above_threshold=30.25
[LN551    ] [chunk_18_phase_4_ensemble.py] [info]    hyperparameter_optimization model threshold search: LABEL_THRESHOLD=0.0, VALIDATION_PRECISION=0.5522
[LN552    ] [chunk_18_phase_4_ensemble.py] [info]    post hyperparameter_optimization threshold search: LABEL_THRESHOLD=0.0, VALIDATION_PRECISION=0.5522
[LN553    ] [chunk_18_phase_4_ensemble.py] [info]    post hyperparameter_optimization no improvement: keeping LABEL_THRESHOLD=0.0
[LN554    ] [chunk_18_phase_4_ensemble.py] [info] [section 4] [RNN] [post hyperparameter_optimization] [diagnostic]  cumulative binary_split_predictions (1%) ≤ 0.4485, (5%) ≤ 0.4575, (10%) ≤ 0.4621, (25%) ≤ 0.4711, (50%) ≤ 0.4854, (75%) ≤ 0.5076, (90%) ≤ 0.5516, (95%) ≤ 0.5832, (99%) ≤ 0.6366, max=0.6833 binary_split_predictions distribution: 0% ≤ 0.01, 0% ≤ 0.02, 0% ≤ 0.05, 0% ≤ 0.1, 0% ≤ 0.2, 70% ≤ 0.5, 30% ≥ 0.50
[LN555    ] [chunk_18_phase_4_ensemble.py] [info] [section 4] [RNN] [post hyperparameter_optimization] LABEL_THRESHOLD=0.0,
[LN556    ] [chunk_18_phase_4_ensemble.py] [info] [section 4] [RNN] [post hyperparameter_optimization] VALIDATION_PRECISION=0.5522 VALIDATION_TRUE_POSITIVES=8897 VALIDATION_TRUE_NEGATIVES=17266 validation_false_positives=7214 validation_false_negatives=19877 validation_max_prediction=0.6833 validation_mean_prediction=0.4967 validation_recall=0.3092 validation_f1=0.3964 validation_auc=0.5062 validation_specificity=0.7053 validation_false_positive_rate=0.2947 validation_f2=0.3390 validation_mcc=0.0157 validation_prauc=0.5501 validation_balanced_accuracy=0.5073 validation_brier=0.2509 validation_kappa=0.0140 validation_informedness=0.0145 validation_markedness=0.2575 validation_gini=0.0123 validation_optimal_threshold=0.5372 validation_standard_deviation_prediction=0.0389 validation_percentage_above_threshold=30.25
[LN557    ] [chunk_18_phase_4_ensemble.py] [info] [section 4] [RNN] [post hyperparameter_optimization] prediction_binary_split=0.50 hyperparams=(loss=binary_crossentropy lr=0.001 dropout=0.0 alpha=0.25 gamma=3.5 latent_dim=64) source=section3
[LN558    ] [chunk_18_phase_4_ensemble.py] [info]    Using Hyperparameter_Optimized model directly (no change to Label_Threshold)
[LN559    ] [chunk_18_phase_4_ensemble.py] [info]    Train predictions: mean=0.5023, std=0.0399, min=0.4314, max=0.6794
[LN560    ] [chunk_18_phase_4_ensemble.py] [info]    validation predictions:   mean=0.4967, std=0.0389, min=0.4323, max=0.6833
[LN561    ] [chunk_18_phase_4_ensemble.py] [info] [section 5] [RNN] [final] [diagnostic] Train  cumulative binary_split_predictions (1%) ≤ 0.4499, (5%) ≤ 0.4582, (10%) ≤ 0.4629, (25%) ≤ 0.4728, (50%) ≤ 0.4910, (75%) ≤ 0.5225, (90%) ≤ 0.5584, (95%) ≤ 0.5857, (99%) ≤ 0.6300, max=0.6794 binary_split_predictions distribution: 0% ≤ 0.01, 0% ≤ 0.02, 0% ≤ 0.05, 0% ≤ 0.1, 0% ≤ 0.2, 59% ≤ 0.5, 41% ≥ 0.50
[LN562    ] [chunk_18_phase_4_ensemble.py] [info] [section 5] [RNN] [final] [diagnostic] validation    cumulative binary_split_predictions (1%) ≤ 0.4485, (5%) ≤ 0.4575, (10%) ≤ 0.4621, (25%) ≤ 0.4711, (50%) ≤ 0.4854, (75%) ≤ 0.5076, (90%) ≤ 0.5516, (95%) ≤ 0.5832, (99%) ≤ 0.6366, max=0.6833 binary_split_predictions distribution: 0% ≤ 0.01, 0% ≤ 0.02, 0% ≤ 0.05, 0% ≤ 0.1, 0% ≤ 0.2, 70% ≤ 0.5, 30% ≥ 0.50
[LN563    ] [chunk_18_phase_4_ensemble.py] [info]    Train predictions: 40.76% positive predictions (48,626 / 119,310)
[LN564    ] [chunk_18_phase_4_ensemble.py] [info]    validation predictions:   30.25% positive predictions (16,111 / 53,254)
[LN565    ] [chunk_18_phase_4_ensemble.py] [info]    [info] Section 4 all rejected - using Section 3 results for Section 5
[LN566    ] [chunk_18_phase_4_ensemble.py] [info]    [diagnostic] prediction_buckets: 0-10:0, 10-20:0, 20-30:0, 30-40:37143, 40-50:14258, 50-60:1853, 60-70:0, 70-80:0, 80-90:0, 90-100:0
[LN567    ] [chunk_18_phase_4_ensemble.py] [info] [section 5] [RNN] [final] LABEL_THRESHOLD=0.0,
[LN568    ] [chunk_18_phase_4_ensemble.py] [info] [section 5] [RNN] [final] train_precision=0.5406 train_true_positives=26285 train_true_negatives=37248 train_false_positives=22341 train_false_negatives=33436 train_max_prediction=0.6794 train_mean_prediction=0.5023 train_recall=0.4401 train_f1=0.4852 train_auc=0.5452 train_specificity=0.6251 train_false_positive_rate=0.3749 train_f2=0.4571 train_mcc=0.0664 train_prauc=0.5371 train_balanced_accuracy=0.5326 train_standard_deviation_prediction=0.0399 train_percentage_above_threshold=40.76 train_brier=0.2486 train_kappa=0.0652 train_informedness=0.0652 train_markedness=0.1656 train_gini=0.0904 train_optimal_threshold=0.4977
[LN569    ] [chunk_18_phase_4_ensemble.py] [info] [section 5] [RNN] [final] VALIDATION_PRECISION=0.5522 VALIDATION_TRUE_POSITIVES=8897 VALIDATION_TRUE_NEGATIVES=17266 validation_false_positives=7214 validation_false_negatives=19877 validation_max_prediction=0.6833 validation_mean_prediction=0.4967 validation_recall=0.3092 validation_f1=0.3964 validation_auc=0.5062 validation_specificity=0.7053 validation_false_positive_rate=0.2947 validation_f2=0.3390 validation_mcc=0.0157 validation_prauc=0.5501 validation_balanced_accuracy=0.5073 validation_brier=0.2509 validation_kappa=0.0140 validation_informedness=0.0145 validation_markedness=0.2575 validation_gini=0.0123 validation_optimal_threshold=0.5372 validation_standard_deviation_prediction=0.0389 validation_percentage_above_threshold=30.25
[LN570    ] [chunk_18_phase_4_ensemble.py] [info] [section 5] [RNN] [final] prediction_binary_split=0.50 hyperparams=(loss=binary_crossentropy lr=0.001 dropout=0.0 alpha=0.25 gamma=3.5 latent_dim=64) (using HPO model directly)
[LN571    ] [chunk_18_phase_4_ensemble.py] [info]    RNN loss=binary_crossentropy pred_threshold=0.5 epochs=30
[LN572    ] [chunk_18_phase_4_ensemble.py] [info]    [RNN] hyperparameter_optimization: units=64, dropout=0.0, learning_rate=0.001, alpha=0.25, gamma=3.5, layers=1
[LN573    ] [chunk_18_phase_4_ensemble.py] [info]    RNN training time: 1108.6s
[LN574    ] [chunk_18_phase_4_ensemble.py] [info] [pass] RNN trained successfully
[LN575    ] [chunk_18_phase_4_ensemble.py] [info] [section 1] [LSTM] [baseline] LABEL_THRESHOLD=20.0,
[LN576    ] [chunk_18_phase_4_ensemble.py] [info] [section 1] [LSTM] [baseline] predictions: mean=0.0356, std=0.0031, min=0.0308, max=0.0475
[LN577    ] [chunk_18_phase_4_ensemble.py] [info] [section 1] [LSTM] [baseline]  cumulative binary_split_predictions (1%) ≤ 0.0312, (5%) ≤ 0.0316, (10%) ≤ 0.0319, (25%) ≤ 0.0329, (50%) ≤ 0.0352, (75%) ≤ 0.0378, (90%) ≤ 0.0398, (95%) ≤ 0.0413, (99%) ≤ 0.0438, max=0.0475 binary_split_predictions distribution: 0% ≤ 0.01, 0% ≤ 0.02, 100% ≤ 0.05, 100% ≤ 0.1, 100% ≤ 0.2, 100% ≤ 0.5, 0% ≥ 0.50
[LN578    ] [chunk_18_phase_4_ensemble.py] [info] [section 1] [LSTM] [baseline] prediction_binary_split=0.50, VALIDATION predictions at LABEL_THRESHOLD=20.0: 0.00%
[LN579    ] [chunk_18_phase_4_ensemble.py] [warning] [section 1] [LSTM] [baseline] [warning] No predictions >= 0.5!
[LN580    ] [chunk_18_phase_4_ensemble.py] [info] [section 1] [LSTM] [baseline] LABEL_THRESHOLD=20.0,
[LN581    ] [chunk_18_phase_4_ensemble.py] [info] [section 1] [LSTM] [baseline] VALIDATION_PRECISION=0.0000 VALIDATION_TRUE_POSITIVES=0 VALIDATION_TRUE_NEGATIVES=52918 validation_false_positives=0 validation_false_negatives=336 validation_max_prediction=0.0475 validation_mean_prediction=0.0356 validation_recall=0.0000 validation_f1=0.0000 validation_auc=0.7188 validation_specificity=1.0000 validation_false_positive_rate=0.0000 validation_f2=0.0000 validation_mcc=0.0000 validation_prauc=0.0213 validation_balanced_accuracy=0.5000 validation_brier=0.0071 validation_kappa=0.0000 validation_informedness=0.0000 validation_markedness=1.0000 validation_gini=0.4377 validation_optimal_threshold=0.0358 validation_standard_deviation_prediction=0.0031 validation_percentage_above_threshold=0.00
[LN582    ] [chunk_18_phase_4_ensemble.py] [info] [section 1] [LSTM] [baseline] prediction_binary_split=0.50 loss=binary_crossentropy, lr=0.001
[LN583    ] [chunk_12_evaluation_evaluator.py] [info] [LSTM] label_threshold=20.0 train_below_prediction_binary_split=118,621 train_above_prediction_binary_split=689 train_positive_found=true val_below_prediction_binary_split=52,918 val_above_prediction_binary_split=336 val_positive_found=true
[LN584    ] [chunk_12_evaluation_evaluator.py] [info] [reject] threshold=20.0 action=skipped reason=insufficient_positive_predictions positive_predictions=0 minimum_positive_required=5
[LN585    ] [chunk_12_evaluation_evaluator.py] [info] [LSTM] label_threshold=10.0 train_below_prediction_binary_split=116,756 train_above_prediction_binary_split=2,554 train_positive_found=true val_below_prediction_binary_split=52,057 val_above_prediction_binary_split=1,197 val_positive_found=true
[LN586    ] [chunk_12_evaluation_evaluator.py] [info] [reject] threshold=10.0 action=skipped reason=insufficient_positive_predictions positive_predictions=0 minimum_positive_required=5
[LN587    ] [chunk_12_evaluation_evaluator.py] [info] [LSTM] label_threshold=0.0 train_below_prediction_binary_split=59,589 train_above_prediction_binary_split=59,721 train_positive_found=true val_below_prediction_binary_split=24,480 val_above_prediction_binary_split=28,774 val_positive_found=true
[LN588    ] [chunk_12_evaluation_evaluator.py] [info] [LSTM] [reject] skipping LABEL_THRESHOLD=0.0: validation_precision=0.5055 <= baseline+0.0200=0.5200
[LN589    ] [chunk_18_phase_4_ensemble.py] [warning] [section 1] [LSTM] [label_threshold_optimal] [warning] All label thresholds rejected — using baseline metrics at 20.0
[LN590    ] [chunk_18_phase_4_ensemble.py] [info] [section 1] [LSTM] [label_threshold_optimal] LABEL_THRESHOLD=20.0
[LN591    ] [chunk_18_phase_4_ensemble.py] [info] [section 1] [LSTM] [label_threshold_optimal] train_precision=0.0000 train_true_positives=0 train_true_negatives=52918 train_false_positives=0 train_false_negatives=336 train_max_prediction=0.0475 train_mean_prediction=0.0356 train_recall=0.0000 train_f1=0.0000 train_auc=0.7188 train_specificity=1.0000 train_false_positive_rate=0.0000 train_f2=0.0000 train_mcc=0.0000 train_prauc=0.0213 train_balanced_accuracy=0.5000 train_brier=0.0071 train_kappa=0.0000 train_informedness=0.0000 train_markedness=1.0000 train_gini=0.4377 train_optimal_threshold=0.0358 train_standard_deviation_prediction=0.0031 train_percentage_above_threshold=0.00
[LN592    ] [chunk_18_phase_4_ensemble.py] [info] [section 1] [LSTM] [label_threshold_optimal] VALIDATION_PRECISION=0.0000 VALIDATION_TRUE_POSITIVES=0 VALIDATION_TRUE_NEGATIVES=52918 validation_false_positives=0 validation_false_negatives=336 validation_max_prediction=0.0475 validation_mean_prediction=0.0356 validation_recall=0.0000 validation_f1=0.0000 validation_auc=0.7188 validation_specificity=1.0000 validation_false_positive_rate=0.0000 validation_f2=0.0000 validation_mcc=0.0000 validation_prauc=0.0213 validation_balanced_accuracy=0.5000 validation_brier=0.0071 validation_kappa=0.0000 validation_informedness=0.0000 validation_markedness=1.0000 validation_gini=0.4377 validation_optimal_threshold=0.0358 validation_standard_deviation_prediction=0.0031 validation_percentage_above_threshold=0.00
[LN593    ] [chunk_18_phase_4_ensemble.py] [info] [section 1] [LSTM] [label_threshold_optimal] prediction_binary_split=0.50
[LN594    ] [chunk_21_hyperparam_optimizer.py] [info] [section 2] [LSTM] [hyperparameter_optimization search] Running Bayesian optimization (5 trials)...
[LN595    ] [chunk_21_hyperparam_optimizer.py] [info] [section 2] [LSTM] [hyperparameter_optimization search baseline] LABEL_THRESHOLD=20.0
[LN596    ] [chunk_21_hyperparam_optimizer.py] [info] [section 2] [LSTM] [hyperparameter_optimization search baseline] VALIDATION_PRECISION=0.0201 VALIDATION_TRUE_POSITIVES=285 VALIDATION_TRUE_NEGATIVES=39042 validation_false_positives=13876 validation_false_negatives=51 validation_max_prediction=0.9460 validation_mean_prediction=0.3022 validation_recall=0.8482 validation_f1=0.0393 validation_auc=0.8591 validation_specificity=0.7378 validation_false_positive_rate=0.2622 validation_f2=0.0919 validation_mcc=0.1050 validation_prauc=0.0468 validation_balanced_accuracy=0.7930 validation_brier=0.1651 validation_kappa=0.0273 validation_informedness=0.5860 validation_markedness=-0.2421 validation_gini=0.7182 validation_optimal_threshold=0.4717 validation_standard_deviation_prediction=0.2761 validation_percentage_above_threshold=26.59
[LN597    ] [chunk_21_hyperparam_optimizer.py] [info] [section 2] [LSTM] [hyperparameter_optimization search baseline] TRIAL 1/5: lstm_units=256, dropout=0.1, learning_rate=0.0005, epochs=30, loss_function=binary_crossentropy, alpha=0.5, gamma=2.5, layers=2, bidirectional=False
[LN598    ] [chunk_21_hyperparam_optimizer.py] [info] [section 2] [LSTM] [hyperparameter_optimization search baseline] LABEL_THRESHOLD=20.0
[LN599    ] [chunk_21_hyperparam_optimizer.py] [info] [section 2] [LSTM] [hyperparameter_optimization search baseline] VALIDATION_PRECISION=0.0000 VALIDATION_TRUE_POSITIVES=0 VALIDATION_TRUE_NEGATIVES=52918 validation_false_positives=0 validation_false_negatives=336 validation_max_prediction=0.1139 validation_mean_prediction=0.0239 validation_recall=0.0000 validation_f1=0.0000 validation_auc=0.8455 validation_specificity=1.0000 validation_false_positive_rate=0.0000 validation_f2=0.0000 validation_mcc=0.0000 validation_prauc=0.0296 validation_balanced_accuracy=0.5000 validation_brier=0.0068 validation_kappa=0.0000 validation_informedness=0.0000 validation_markedness=1.0000 validation_gini=0.6910 validation_optimal_threshold=0.0172 validation_standard_deviation_prediction=0.0278 validation_percentage_above_threshold=0.00
[LN600    ] [chunk_21_hyperparam_optimizer.py] [info] [section 2] [LSTM] [hyperparameter_optimization search baseline] TRIAL 2/5: lstm_units=256, dropout=0.05, learning_rate=0.001, epochs=20, loss_function=focal_loss, alpha=0.75, gamma=2.0, layers=1, bidirectional=True
[LN601    ] [chunk_21_hyperparam_optimizer.py] [info] [section 2] [LSTM] [hyperparameter_optimization search baseline] LABEL_THRESHOLD=20.0
[LN602    ] [chunk_21_hyperparam_optimizer.py] [info] [section 2] [LSTM] [hyperparameter_optimization search baseline] VALIDATION_PRECISION=0.0000 VALIDATION_TRUE_POSITIVES=0 VALIDATION_TRUE_NEGATIVES=52918 validation_false_positives=0 validation_false_negatives=336 validation_max_prediction=0.4997 validation_mean_prediction=0.4997 validation_recall=0.0000 validation_f1=0.0000 validation_auc=0.4999 validation_specificity=1.0000 validation_false_positive_rate=0.0000 validation_f2=0.0000 validation_mcc=0.0000 validation_prauc=0.0063 validation_balanced_accuracy=0.5000 validation_brier=0.2497 validation_kappa=0.0000 validation_informedness=0.0000 validation_markedness=1.0000 validation_gini=0.0000 validation_optimal_threshold=inf validation_standard_deviation_prediction=0.0000 validation_percentage_above_threshold=0.00
[LN603    ] [chunk_21_hyperparam_optimizer.py] [info] [section 2] [LSTM] [hyperparameter_optimization search baseline] TRIAL 3/5: lstm_units=256, dropout=0.05, learning_rate=0.002, epochs=50, loss_function=binary_crossentropy, alpha=0.75, gamma=2.5, layers=2, bidirectional=True
[LN604    ] [chunk_21_hyperparam_optimizer.py] [info] [section 2] [LSTM] [hyperparameter_optimization search baseline] LABEL_THRESHOLD=20.0
[LN605    ] [chunk_21_hyperparam_optimizer.py] [info] [section 2] [LSTM] [hyperparameter_optimization search baseline] VALIDATION_PRECISION=0.0000 VALIDATION_TRUE_POSITIVES=0 VALIDATION_TRUE_NEGATIVES=52918 validation_false_positives=0 validation_false_negatives=336 validation_max_prediction=0.1104 validation_mean_prediction=0.0430 validation_recall=0.0000 validation_f1=0.0000 validation_auc=0.7249 validation_specificity=1.0000 validation_false_positive_rate=0.0000 validation_f2=0.0000 validation_mcc=0.0000 validation_prauc=0.0175 validation_balanced_accuracy=0.5000 validation_brier=0.0078 validation_kappa=0.0000 validation_informedness=0.0000 validation_markedness=1.0000 validation_gini=0.4499 validation_optimal_threshold=0.0350 validation_standard_deviation_prediction=0.0204 validation_percentage_above_threshold=0.00
[LN606    ] [chunk_21_hyperparam_optimizer.py] [info] [section 2] [LSTM] [hyperparameter_optimization search baseline] TRIAL 4/5: lstm_units=128, dropout=0.1, learning_rate=0.001, epochs=50, loss_function=focal_loss, alpha=0.25, gamma=3.0, layers=2, bidirectional=True
[LN607    ] [chunk_21_hyperparam_optimizer.py] [info] [section 2] [LSTM] [hyperparameter_optimization search baseline] LABEL_THRESHOLD=20.0
[LN608    ] [chunk_21_hyperparam_optimizer.py] [info] [section 2] [LSTM] [hyperparameter_optimization search baseline] VALIDATION_PRECISION=0.0201 VALIDATION_TRUE_POSITIVES=258 VALIDATION_TRUE_NEGATIVES=40325 validation_false_positives=12593 validation_false_negatives=78 validation_max_prediction=0.6558 validation_mean_prediction=0.3026 validation_recall=0.7679 validation_f1=0.0391 validation_auc=0.8329 validation_specificity=0.7620 validation_false_positive_rate=0.2380 validation_f2=0.0909 validation_mcc=0.0981 validation_prauc=0.0210 validation_balanced_accuracy=0.7649 validation_brier=0.1228 validation_kappa=0.0272 validation_informedness=0.5299 validation_markedness=-0.2179 validation_gini=0.6658 validation_optimal_threshold=0.1988 validation_standard_deviation_prediction=0.1778 validation_percentage_above_threshold=24.13
[LN609    ] [chunk_21_hyperparam_optimizer.py] [info] [section 2] [LSTM] [hyperparameter_optimization search baseline] TRIAL 5/5: lstm_units=256, dropout=0.1, learning_rate=0.005, epochs=20, loss_function=binary_crossentropy, alpha=0.5, gamma=2.0, layers=1, bidirectional=False
[LN610    ] [chunk_21_hyperparam_optimizer.py] [info] [section 2] [LSTM] [best trial] LABEL_THRESHOLD=20.0
[LN611    ] [chunk_21_hyperparam_optimizer.py] [info] [section 2] [LSTM] [best trial] VALIDATION_PRECISION=0.0201 VALIDATION_TRUE_POSITIVES=285 VALIDATION_TRUE_NEGATIVES=39042 validation_false_positives=13876 validation_false_negatives=51 validation_max_prediction=0.9460 validation_mean_prediction=0.3022 validation_recall=0.8482 validation_f1=0.0393 validation_auc=0.8591 validation_specificity=0.7378 validation_false_positive_rate=0.2622 validation_f2=0.0919 validation_mcc=0.1050 validation_prauc=0.0468 validation_balanced_accuracy=0.7930 validation_brier=0.1651 validation_kappa=0.0273 validation_informedness=0.5860 validation_markedness=-0.2421 validation_gini=0.7182 validation_optimal_threshold=0.4717 validation_standard_deviation_prediction=0.2761 validation_percentage_above_threshold=26.59
[LN612    ] [chunk_21_hyperparam_optimizer.py] [info] [section 2] [LSTM] [best trial] lstm_units=256, dropout=0.1, learning_rate=0.0005, epochs=30, loss_function=binary_crossentropy, alpha=0.5, gamma=2.5, layers=2, bidirectional=False
[LN613    ] [chunk_18_phase_4_ensemble.py] [info]    [diagnostic-hyperparameter_optimization]  cumulative binary_split_predictions (1%) ≤ 0.0250, (5%) ≤ 0.0331, (10%) ≤ 0.0432, (25%) ≤ 0.0679, (50%) ≤ 0.1732, (75%) ≤ 0.5259, (90%) ≤ 0.7739, (95%) ≤ 0.8211, (99%) ≤ 0.8763, max=0.9460 binary_split_predictions distribution: 0% ≤ 0.01, 0% ≤ 0.02, 14% ≤ 0.05, 38% ≤ 0.1, 53% ≤ 0.2, 73% ≤ 0.5, 27% ≥ 0.50
[LN614    ] [chunk_18_phase_4_ensemble.py] [info]    hyperparameter_optimization improved: 0.0201 > 0.0000
[LN615    ] [chunk_18_phase_4_ensemble.py] [info] [section 3] [LSTM] [HYPERPARAMETER_OPTIMIZATION] LABEL_THRESHOLD=20.0,
[LN616    ] [chunk_18_phase_4_ensemble.py] [info] [section 3] [LSTM] [HYPERPARAMETER_OPTIMIZATION] VALIDATION_PRECISION=0.0201 VALIDATION_TRUE_POSITIVES=285 VALIDATION_TRUE_NEGATIVES=39042 validation_false_positives=13876 validation_false_negatives=51 validation_max_prediction=0.9460 validation_mean_prediction=0.3022 validation_recall=0.8482 validation_f1=0.0393 validation_auc=0.8591 validation_specificity=0.7378 validation_false_positive_rate=0.2622 validation_f2=0.0919 validation_mcc=0.1050 validation_prauc=0.0468 validation_balanced_accuracy=0.7930 validation_brier=0.1651 validation_kappa=0.0273 validation_informedness=0.5860 validation_markedness=-0.2421 validation_gini=0.7182 validation_optimal_threshold=0.4717 validation_standard_deviation_prediction=0.2761 validation_percentage_above_threshold=26.59
[LN617    ] [chunk_18_phase_4_ensemble.py] [info] [section 3] [LSTM] [HYPERPARAMETER_OPTIMIZATION] prediction_binary_split=0.50 hyperparams=(loss=binary_crossentropy lr=0.0005 dropout=0.1 alpha=0.5 gamma=2.5 latent_dim=0) improved=True {'lstm_units': 256, 'dropout': 0.1, 'learning_rate': 0.0005, 'epochs': 30, 'loss_function': 'binary_crossentropy', 'alpha': 0.5, 'gamma': 2.5, 'layers': 2, 'bidirectional': False}
[LN618    ] [chunk_18_phase_4_ensemble.py] [info]    Running post hyperparameter_optimization threshold search for LSTM...
[LN619    ] [chunk_12_evaluation_evaluator.py] [info] [LSTM] label_threshold=20.0 train_below_prediction_binary_split=118,621 train_above_prediction_binary_split=689 train_positive_found=true val_below_prediction_binary_split=52,918 val_above_prediction_binary_split=336 val_positive_found=true
[LN620    ] [chunk_12_evaluation_evaluator.py] [info] [LSTM] [reject] skipping LABEL_THRESHOLD=20.0: validation_precision=0.0201 <= baseline+0.0200=0.0263
[LN621    ] [chunk_12_evaluation_evaluator.py] [info] [LSTM] label_threshold=10.0 train_below_prediction_binary_split=116,756 train_above_prediction_binary_split=2,554 train_positive_found=true val_below_prediction_binary_split=52,057 val_above_prediction_binary_split=1,197 val_positive_found=true
[LN622    ] [chunk_12_evaluation_evaluator.py] [info] [LSTM] [diagnostic] LABEL_THRESHOLD=10.0 train_precision=0.0604 train_true_positives=1724 train_true_negatives=89942 train_false_positives=26814 train_false_negatives=830 train_max_prediction=0.9472 train_mean_prediction=0.3071 train_recall=0.6750 train_f1=0.1109 train_auc=0.8084 train_specificity=0.7703 train_false_positive_rate=0.2297 train_f2=0.2224 train_mcc=0.1511 train_prauc=0.0730 train_balanced_accuracy=0.7227 train_brier=0.1467 train_kappa=0.0745 train_informedness=0.4454 train_markedness=-0.1692 train_gini=0.6168 train_optimal_threshold=0.3963 train_standard_deviation_prediction=0.2360 train_percentage_above_threshold=23.92
[LN623    ] [chunk_12_evaluation_evaluator.py] [info] [LSTM] [diagnostic] LABEL_THRESHOLD=10.0 VALIDATION_PRECISION=0.0485 VALIDATION_TRUE_POSITIVES=899 VALIDATION_TRUE_NEGATIVES=34423 validation_false_positives=17634 validation_false_negatives=298 validation_max_prediction=0.9451 validation_mean_prediction=0.3772 validation_recall=0.7510 validation_f1=0.0911 validation_auc=0.7608 validation_specificity=0.6613 validation_false_positive_rate=0.3387 validation_f2=0.1927 validation_mcc=0.1283 validation_prauc=0.0626 validation_balanced_accuracy=0.7062 validation_brier=0.2126 validation_kappa=0.0511 validation_informedness=0.4123 validation_markedness=-0.2902 validation_gini=0.5215 validation_optimal_threshold=0.4736 validation_standard_deviation_prediction=0.2764 validation_percentage_above_threshold=34.80
[LN624    ] [chunk_12_evaluation_evaluator.py] [info] [LSTM] label_threshold=0.0 train_below_prediction_binary_split=59,589 train_above_prediction_binary_split=59,721 train_positive_found=true val_below_prediction_binary_split=24,480 val_above_prediction_binary_split=28,774 val_positive_found=true
[LN625    ] [chunk_12_evaluation_evaluator.py] [info] [LSTM] [diagnostic] LABEL_THRESHOLD=0.0 train_precision=0.5025 train_true_positives=11720 train_true_negatives=47986 train_false_positives=11603 train_false_negatives=48001 train_max_prediction=0.9115 train_mean_prediction=0.2852 train_recall=0.1962 train_f1=0.2823 train_auc=0.5038 train_specificity=0.8053 train_false_positive_rate=0.1947 train_f2=0.2235 train_mcc=0.0019 train_prauc=0.5050 train_balanced_accuracy=0.5008 train_brier=0.3399 train_kappa=0.0015 train_informedness=0.0015 train_markedness=0.3078 train_gini=0.0075 train_optimal_threshold=0.1548 train_standard_deviation_prediction=0.2122 train_percentage_above_threshold=19.55
[LN626    ] [chunk_12_evaluation_evaluator.py] [info] [LSTM] [diagnostic] LABEL_THRESHOLD=0.0 VALIDATION_PRECISION=0.5362 VALIDATION_TRUE_POSITIVES=11861 VALIDATION_TRUE_NEGATIVES=14221 validation_false_positives=10259 validation_false_negatives=16913 validation_max_prediction=0.9090 validation_mean_prediction=0.4377 validation_recall=0.4122 validation_f1=0.4661 validation_auc=0.4943 validation_specificity=0.5809 validation_false_positive_rate=0.4191 validation_f2=0.4322 validation_mcc=-0.0069 validation_prauc=0.5239 validation_balanced_accuracy=0.4966 validation_brier=0.3186 validation_kappa=-0.0067 validation_informedness=-0.0069 validation_markedness=0.1171 validation_gini=0.0000 validation_optimal_threshold=0.3152 validation_standard_deviation_prediction=0.2385 validation_percentage_above_threshold=41.54
[LN627    ] [chunk_18_phase_4_ensemble.py] [info]    hyperparameter_optimization model threshold search: LABEL_THRESHOLD=20.0, VALIDATION_PRECISION=0.0201
[LN628    ] [chunk_18_phase_4_ensemble.py] [info]    post hyperparameter_optimization threshold search: LABEL_THRESHOLD=0.0, VALIDATION_PRECISION=0.5362
[LN629    ] [chunk_18_phase_4_ensemble.py] [info]    post hyperparameter_optimization improved: using LABEL_THRESHOLD=0.0
[LN630    ] [chunk_18_phase_4_ensemble.py] [info] [section 4] [LSTM] [post hyperparameter_optimization] [diagnostic]  cumulative binary_split_predictions (1%) ≤ 0.0457, (5%) ≤ 0.0763, (10%) ≤ 0.1156, (25%) ≤ 0.2290, (50%) ≤ 0.4262, (75%) ≤ 0.6390, (90%) ≤ 0.7741, (95%) ≤ 0.8296, (99%) ≤ 0.8634, max=0.9090 binary_split_predictions distribution: 0% ≤ 0.01, 0% ≤ 0.02, 1% ≤ 0.05, 8% ≤ 0.1, 21% ≤ 0.2, 58% ≤ 0.5, 42% ≥ 0.50
[LN631    ] [chunk_18_phase_4_ensemble.py] [info] [section 4] [LSTM] [post hyperparameter_optimization] LABEL_THRESHOLD=0.0,
[LN632    ] [chunk_18_phase_4_ensemble.py] [info] [section 4] [LSTM] [post hyperparameter_optimization] VALIDATION_PRECISION=0.5362 VALIDATION_TRUE_POSITIVES=11861 VALIDATION_TRUE_NEGATIVES=14221 validation_false_positives=10259 validation_false_negatives=16913 validation_max_prediction=0.9090 validation_mean_prediction=0.4377 validation_recall=0.4122 validation_f1=0.4661 validation_auc=0.4943 validation_specificity=0.5853 validation_false_positive_rate=0.4147 validation_f2=0.0369 validation_mcc=0.0161 validation_prauc=0.0156 validation_balanced_accuracy=0.5501 validation_brier=0.2483 validation_kappa=0.0030 validation_informedness=0.1001 validation_markedness=-0.4069 validation_gini=0.1819 validation_optimal_threshold=0.7432 validation_standard_deviation_prediction=0.2385 validation_percentage_above_threshold=41.54
[LN633    ] [chunk_18_phase_4_ensemble.py] [info] [section 4] [LSTM] [post hyperparameter_optimization] prediction_binary_split=0.50 hyperparams=(loss=binary_crossentropy lr=0.0005 dropout=0.1 alpha=0.5 gamma=2.5 latent_dim=64) source=section4
[LN634    ] [chunk_18_phase_4_ensemble.py] [info]    Using post-HPO model at LABEL_THRESHOLD=0.0 (post_hpo_prec=0.5362 > hpo=0.0201, pre_hpo=0.0000)
[LN635    ] [chunk_18_phase_4_ensemble.py] [info]    Train predictions: mean=0.2852, std=0.2122, min=0.0157, max=0.9115
[LN636    ] [chunk_18_phase_4_ensemble.py] [info]    validation predictions:   mean=0.4377, std=0.2385, min=0.0216, max=0.9090
[LN637    ] [chunk_18_phase_4_ensemble.py] [info] [section 5] [LSTM] [final] [diagnostic] Train  cumulative binary_split_predictions (1%) ≤ 0.0240, (5%) ≤ 0.0357, (10%) ≤ 0.0536, (25%) ≤ 0.1245, (50%) ≤ 0.2128, (75%) ≤ 0.4241, (90%) ≤ 0.6179, (95%) ≤ 0.7072, (99%) ≤ 0.8340, max=0.9115 binary_split_predictions distribution: 0% ≤ 0.01, 0% ≤ 0.02, 9% ≤ 0.05, 17% ≤ 0.1, 47% ≤ 0.2, 80% ≤ 0.5, 20% ≥ 0.50
[LN638    ] [chunk_18_phase_4_ensemble.py] [info] [section 5] [LSTM] [final] [diagnostic] validation    cumulative binary_split_predictions (1%) ≤ 0.0457, (5%) ≤ 0.0763, (10%) ≤ 0.1156, (25%) ≤ 0.2290, (50%) ≤ 0.4262, (75%) ≤ 0.6390, (90%) ≤ 0.7741, (95%) ≤ 0.8296, (99%) ≤ 0.8634, max=0.9090 binary_split_predictions distribution: 0% ≤ 0.01, 0% ≤ 0.02, 1% ≤ 0.05, 8% ≤ 0.1, 21% ≤ 0.2, 58% ≤ 0.5, 42% ≥ 0.50
[LN639    ] [chunk_18_phase_4_ensemble.py] [info]    Train predictions: 19.55% positive predictions (23,323 / 119,310)
[LN640    ] [chunk_18_phase_4_ensemble.py] [info]    validation predictions:   41.54% positive predictions (22,120 / 53,254)
[LN641    ] [chunk_18_phase_4_ensemble.py] [info]    [diagnostic] prediction_buckets: 0-10:6880, 10-20:6833, 20-30:6726, 30-40:6383, 40-50:6263, 50-60:6370, 60-70:5381, 70-80:4104, 80-90:2, 90-100:0
[LN642    ] [chunk_18_phase_4_ensemble.py] [info] [section 5] [LSTM] [final] LABEL_THRESHOLD=0.0,
[LN643    ] [chunk_18_phase_4_ensemble.py] [info] [section 5] [LSTM] [final] train_precision=0.5025 train_true_positives=11720 train_true_negatives=47986 train_false_positives=11603 train_false_negatives=48001 train_max_prediction=0.9115 train_mean_prediction=0.2852 train_recall=0.1962 train_f1=0.2823 train_auc=0.5038 train_specificity=0.8053 train_false_positive_rate=0.1947 train_f2=0.2235 train_mcc=0.0019 train_prauc=0.5050 train_balanced_accuracy=0.5008 train_standard_deviation_prediction=0.2122 train_percentage_above_threshold=19.55 train_brier=0.3399 train_kappa=0.0015 train_informedness=0.0015 train_markedness=0.3078 train_gini=0.0075 train_optimal_threshold=0.1548
[LN644    ] [chunk_18_phase_4_ensemble.py] [info] [section 5] [LSTM] [final] VALIDATION_PRECISION=0.5362 VALIDATION_TRUE_POSITIVES=11861 VALIDATION_TRUE_NEGATIVES=14221 validation_false_positives=10259 validation_false_negatives=16913 validation_max_prediction=0.9090 validation_mean_prediction=0.4377 validation_recall=0.4122 validation_f1=0.4661 validation_auc=0.4943 validation_specificity=0.5809 validation_false_positive_rate=0.4191 validation_f2=0.4322 validation_mcc=-0.0069 validation_prauc=0.5239 validation_balanced_accuracy=0.4966 validation_brier=0.3186 validation_kappa=-0.0067 validation_informedness=-0.0069 validation_markedness=0.1171 validation_gini=0.0000 validation_optimal_threshold=0.3152 validation_standard_deviation_prediction=0.2385 validation_percentage_above_threshold=41.54
[LN645    ] [chunk_18_phase_4_ensemble.py] [info] [section 5] [LSTM] [final] prediction_binary_split=0.50 hyperparams=(loss=binary_crossentropy lr=0.0005 dropout=0.1 alpha=0.5 gamma=2.5 latent_dim=64) (using HPO model directly)
[LN646    ] [chunk_18_phase_4_ensemble.py] [info]    LSTM loss=binary_crossentropy pred_threshold=0.5 epochs=30
[LN647    ] [chunk_18_phase_4_ensemble.py] [info]    [LSTM] hyperparameter_optimization: lstm_units=256, dropout=0.1, learning_rate=0.0005, alpha=0.5, gamma=2.5, layers=2
[LN648    ] [chunk_18_phase_4_ensemble.py] [info]    LSTM training time: 3056.1s
[LN649    ] [chunk_18_phase_4_ensemble.py] [info] [pass] LSTM trained successfully
[LN650    ] [chunk_18_phase_4_ensemble.py] [info] [section 1] [VAE] [baseline] LABEL_THRESHOLD=20.0,
[LN651    ] [chunk_18_phase_4_ensemble.py] [info] [section 1] [VAE] [baseline] predictions: mean=0.0000, std=0.0000, min=0.0000, max=0.0000
[LN652    ] [chunk_18_phase_4_ensemble.py] [info] [section 1] [VAE] [baseline]  cumulative binary_split_predictions (1%) ≤ 0.0000, (5%) ≤ 0.0000, (10%) ≤ 0.0000, (25%) ≤ 0.0000, (50%) ≤ 0.0000, (75%) ≤ 0.0000, (90%) ≤ 0.0000, (95%) ≤ 0.0000, (99%) ≤ 0.0000, max=0.0000 binary_split_predictions distribution: 100% ≤ 0.01, 100% ≤ 0.02, 100% ≤ 0.05, 100% ≤ 0.1, 100% ≤ 0.2, 100% ≤ 0.5, 0% ≥ 0.50
[LN653    ] [chunk_18_phase_4_ensemble.py] [info] [section 1] [VAE] [baseline] prediction_binary_split=0.50, VALIDATION predictions at LABEL_THRESHOLD=20.0: 0.00%
[LN654    ] [chunk_18_phase_4_ensemble.py] [warning] [section 1] [VAE] [baseline] [warning] No predictions >= 0.5!
[LN655    ] [chunk_18_phase_4_ensemble.py] [info] [section 1] [VAE] [baseline] LABEL_THRESHOLD=20.0,
[LN656    ] [chunk_18_phase_4_ensemble.py] [info] [section 1] [VAE] [baseline] VALIDATION_PRECISION=0.0000 VALIDATION_TRUE_POSITIVES=0 VALIDATION_TRUE_NEGATIVES=52918 validation_false_positives=0 validation_false_negatives=336 validation_max_prediction=0.0000 validation_mean_prediction=0.0000 validation_recall=0.0000 validation_f1=0.0000 validation_auc=0.4946 validation_specificity=1.0000 validation_false_positive_rate=0.0000 validation_f2=0.0000 validation_mcc=0.0000 validation_prauc=0.0063 validation_balanced_accuracy=0.5000 validation_brier=0.0063 validation_kappa=0.0000 validation_informedness=0.0000 validation_markedness=1.0000 validation_gini=0.0000 validation_optimal_threshold=inf validation_standard_deviation_prediction=0.0000 validation_percentage_above_threshold=0.00
[LN657    ] [chunk_18_phase_4_ensemble.py] [info] [section 1] [VAE] [baseline] prediction_binary_split=0.50 loss=binary_crossentropy, lr=0.001, dropout=0.1
[LN658    ] [chunk_12_evaluation_evaluator.py] [info] [VAE] label_threshold=20.0 train_below_prediction_binary_split=118,621 train_above_prediction_binary_split=689 train_positive_found=true val_below_prediction_binary_split=52,918 val_above_prediction_binary_split=336 val_positive_found=true
[LN659    ] [chunk_12_evaluation_evaluator.py] [info] [reject] threshold=20.0 action=skipped reason=insufficient_positive_predictions positive_predictions=0 minimum_positive_required=5
[LN660    ] [chunk_12_evaluation_evaluator.py] [info] [VAE] label_threshold=10.0 train_below_prediction_binary_split=116,756 train_above_prediction_binary_split=2,554 train_positive_found=true val_below_prediction_binary_split=52,057 val_above_prediction_binary_split=1,197 val_positive_found=true
[LN661    ] [chunk_12_evaluation_evaluator.py] [info] [reject] threshold=10.0 action=skipped reason=insufficient_positive_predictions positive_predictions=0 minimum_positive_required=5
[LN662    ] [chunk_12_evaluation_evaluator.py] [info] [VAE] label_threshold=0.0 train_below_prediction_binary_split=59,589 train_above_prediction_binary_split=59,721 train_positive_found=true val_below_prediction_binary_split=24,480 val_above_prediction_binary_split=28,774 val_positive_found=true
[LN663    ] [chunk_12_evaluation_evaluator.py] [info] [VAE] [reject] skipping LABEL_THRESHOLD=0.0: pos_pred_ratio=60.98% outside [0%, 60%]
[LN664    ] [chunk_18_phase_4_ensemble.py] [warning] [section 1] [VAE] [label_threshold_optimal] [warning] All label thresholds rejected — using baseline metrics at 20.0
[LN665    ] [chunk_18_phase_4_ensemble.py] [info] [section 1] [VAE] [label_threshold_optimal] LABEL_THRESHOLD=20.0
[LN666    ] [chunk_18_phase_4_ensemble.py] [info] [section 1] [VAE] [label_threshold_optimal] train_precision=0.0000 train_true_positives=0 train_true_negatives=52918 train_false_positives=0 train_false_negatives=336 train_max_prediction=0.0000 train_mean_prediction=0.0000 train_recall=0.0000 train_f1=0.0000 train_auc=0.4946 train_specificity=1.0000 train_false_positive_rate=0.0000 train_f2=0.0000 train_mcc=0.0000 train_prauc=0.0063 train_balanced_accuracy=0.5000 train_brier=0.0063 train_kappa=0.0000 train_informedness=0.0000 train_markedness=1.0000 train_gini=0.0000 train_optimal_threshold=inf train_standard_deviation_prediction=0.0000 train_percentage_above_threshold=0.00
[LN667    ] [chunk_18_phase_4_ensemble.py] [info] [section 1] [VAE] [label_threshold_optimal] VALIDATION_PRECISION=0.0000 VALIDATION_TRUE_POSITIVES=0 VALIDATION_TRUE_NEGATIVES=52918 validation_false_positives=0 validation_false_negatives=336 validation_max_prediction=0.0000 validation_mean_prediction=0.0000 validation_recall=0.0000 validation_f1=0.0000 validation_auc=0.4946 validation_specificity=1.0000 validation_false_positive_rate=0.0000 validation_f2=0.0000 validation_mcc=0.0000 validation_prauc=0.0063 validation_balanced_accuracy=0.5000 validation_brier=0.0063 validation_kappa=0.0000 validation_informedness=0.0000 validation_markedness=1.0000 validation_gini=0.0000 validation_optimal_threshold=inf validation_standard_deviation_prediction=0.0000 validation_percentage_above_threshold=0.00
[LN668    ] [chunk_18_phase_4_ensemble.py] [info] [section 1] [VAE] [label_threshold_optimal] prediction_binary_split=0.50
[LN669    ] [chunk_21_hyperparam_optimizer.py] [info] [section 2] [VAE] [hyperparameter_optimization search] Running Bayesian optimization (5 trials)...
[LN670    ] [chunk_21_hyperparam_optimizer.py] [info] [section 2] [VAE] [hyperparameter_optimization search baseline] LABEL_THRESHOLD=20.0
[LN671    ] [chunk_21_hyperparam_optimizer.py] [info] [section 2] [VAE] [hyperparameter_optimization search baseline] VALIDATION_PRECISION=0.0066 VALIDATION_TRUE_POSITIVES=67 VALIDATION_TRUE_NEGATIVES=42899 validation_false_positives=10019 validation_false_negatives=269 validation_max_prediction=0.6751 validation_mean_prediction=0.4134 validation_recall=0.1994 validation_f1=0.0129 validation_auc=0.5039 validation_specificity=0.8107 validation_false_positive_rate=0.1893 validation_f2=0.0293 validation_mcc=0.0020 validation_prauc=0.0068 validation_balanced_accuracy=0.5050 validation_brier=0.1806 validation_kappa=0.0007 validation_informedness=0.0101 validation_markedness=-0.1827 validation_gini=0.0077 validation_optimal_threshold=0.5515 validation_standard_deviation_prediction=0.0927 validation_percentage_above_threshold=18.94
[LN672    ] [chunk_21_hyperparam_optimizer.py] [info] [section 2] [VAE] [hyperparameter_optimization search baseline] TRIAL 1/5: loss_function=binary_crossentropy, latent_dim=128, learning_rate=0.002, dropout=0.1, epochs=80, alpha=0.25, gamma=2.0, encoder_layers=3, decoder_layers=2
[LN673    ] [chunk_21_hyperparam_optimizer.py] [info] [section 2] [VAE] [hyperparameter_optimization search baseline] LABEL_THRESHOLD=20.0
[LN674    ] [chunk_21_hyperparam_optimizer.py] [info] [section 2] [VAE] [hyperparameter_optimization search baseline] VALIDATION_PRECISION=0.0183 VALIDATION_TRUE_POSITIVES=197 VALIDATION_TRUE_NEGATIVES=42377 validation_false_positives=10541 validation_false_negatives=139 validation_max_prediction=0.9997 validation_mean_prediction=0.3668 validation_recall=0.5863 validation_f1=0.0356 validation_auc=0.7508 validation_specificity=0.8008 validation_false_positive_rate=0.1992 validation_f2=0.0815 validation_mcc=0.0764 validation_prauc=0.0270 validation_balanced_accuracy=0.6936 validation_brier=0.1643 validation_kappa=0.0236 validation_informedness=0.3871 validation_markedness=-0.1808 validation_gini=0.5016 validation_optimal_threshold=0.4705 validation_standard_deviation_prediction=0.1742 validation_percentage_above_threshold=20.16
[LN675    ] [chunk_21_hyperparam_optimizer.py] [info] [section 2] [VAE] [hyperparameter_optimization search baseline] TRIAL 2/5: loss_function=binary_crossentropy, latent_dim=32, learning_rate=0.001, dropout=0.0, epochs=80, alpha=0.25, gamma=2.0, encoder_layers=1, decoder_layers=3
[LN676    ] [chunk_21_hyperparam_optimizer.py] [info] [section 2] [VAE] [hyperparameter_optimization search baseline] LABEL_THRESHOLD=20.0
[LN677    ] [chunk_21_hyperparam_optimizer.py] [info] [section 2] [VAE] [hyperparameter_optimization search baseline] VALIDATION_PRECISION=0.0000 VALIDATION_TRUE_POSITIVES=0 VALIDATION_TRUE_NEGATIVES=52918 validation_false_positives=0 validation_false_negatives=336 validation_max_prediction=0.1576 validation_mean_prediction=0.0694 validation_recall=0.0000 validation_f1=0.0000 validation_auc=0.5201 validation_specificity=1.0000 validation_false_positive_rate=0.0000 validation_f2=0.0000 validation_mcc=0.0000 validation_prauc=0.0064 validation_balanced_accuracy=0.5000 validation_brier=0.0109 validation_kappa=0.0000 validation_informedness=0.0000 validation_markedness=1.0000 validation_gini=0.0403 validation_optimal_threshold=0.0603 validation_standard_deviation_prediction=0.0266 validation_percentage_above_threshold=0.00
[LN678    ] [chunk_21_hyperparam_optimizer.py] [info] [section 2] [VAE] [hyperparameter_optimization search baseline] TRIAL 3/5: loss_function=focal_loss, latent_dim=256, learning_rate=0.005, dropout=0.05, epochs=80, alpha=1.0, gamma=3.0, encoder_layers=1, decoder_layers=2
[LN679    ] [chunk_21_hyperparam_optimizer.py] [info] [section 2] [VAE] [hyperparameter_optimization search baseline] LABEL_THRESHOLD=20.0
[LN680    ] [chunk_21_hyperparam_optimizer.py] [info] [section 2] [VAE] [hyperparameter_optimization search baseline] VALIDATION_PRECISION=0.0203 VALIDATION_TRUE_POSITIVES=247 VALIDATION_TRUE_NEGATIVES=41013 validation_false_positives=11905 validation_false_negatives=89 validation_max_prediction=0.9999 validation_mean_prediction=0.3443 validation_recall=0.7351 validation_f1=0.0396 validation_auc=0.8234 validation_specificity=0.7750 validation_false_positive_rate=0.2250 validation_f2=0.0915 validation_mcc=0.0963 validation_prauc=0.0458 validation_balanced_accuracy=0.7551 validation_brier=0.1642 validation_kappa=0.0276 validation_informedness=0.5101 validation_markedness=-0.2046 validation_gini=0.6468 validation_optimal_threshold=0.5800 validation_standard_deviation_prediction=0.2182 validation_percentage_above_threshold=22.82
[LN681    ] [chunk_21_hyperparam_optimizer.py] [info] [section 2] [VAE] [hyperparameter_optimization search baseline] TRIAL 4/5: loss_function=binary_crossentropy, latent_dim=32, learning_rate=0.002, dropout=0.1, epochs=80, alpha=1.0, gamma=2.0, encoder_layers=1, decoder_layers=2
[LN682    ] [chunk_21_hyperparam_optimizer.py] [info] [section 2] [VAE] [hyperparameter_optimization search baseline] LABEL_THRESHOLD=20.0
[LN683    ] [chunk_21_hyperparam_optimizer.py] [info] [section 2] [VAE] [hyperparameter_optimization search baseline] VALIDATION_PRECISION=0.0277 VALIDATION_TRUE_POSITIVES=194 VALIDATION_TRUE_NEGATIVES=46112 validation_false_positives=6806 validation_false_negatives=142 validation_max_prediction=1.0000 validation_mean_prediction=0.2249 validation_recall=0.5774 validation_f1=0.0529 validation_auc=0.7929 validation_specificity=0.8714 validation_false_positive_rate=0.1286 validation_f2=0.1163 validation_mcc=0.1052 validation_prauc=0.0406 validation_balanced_accuracy=0.7244 validation_brier=0.0956 validation_kappa=0.0413 validation_informedness=0.4488 validation_markedness=-0.1009 validation_gini=0.5857 validation_optimal_threshold=0.4320 validation_standard_deviation_prediction=0.2127 validation_percentage_above_threshold=13.14
[LN684    ] [chunk_21_hyperparam_optimizer.py] [info] [section 2] [VAE] [hyperparameter_optimization search baseline] TRIAL 5/5: loss_function=binary_crossentropy, latent_dim=32, learning_rate=0.002, dropout=0.0, epochs=30, alpha=0.5, gamma=2.5, encoder_layers=1, decoder_layers=2
[LN685    ] [chunk_21_hyperparam_optimizer.py] [info] [section 2] [VAE] [best trial] LABEL_THRESHOLD=20.0
[LN686    ] [chunk_21_hyperparam_optimizer.py] [info] [section 2] [VAE] [best trial] VALIDATION_PRECISION=0.0277 VALIDATION_TRUE_POSITIVES=194 VALIDATION_TRUE_NEGATIVES=46112 validation_false_positives=6806 validation_false_negatives=142 validation_max_prediction=1.0000 validation_mean_prediction=0.2249 validation_recall=0.5774 validation_f1=0.0529 validation_auc=0.7929 validation_specificity=0.8714 validation_false_positive_rate=0.1286 validation_f2=0.1163 validation_mcc=0.1052 validation_prauc=0.0406 validation_balanced_accuracy=0.7244 validation_brier=0.0956 validation_kappa=0.0413 validation_informedness=0.4488 validation_markedness=-0.1009 validation_gini=0.5857 validation_optimal_threshold=0.4320 validation_standard_deviation_prediction=0.2127 validation_percentage_above_threshold=13.14
[LN687    ] [chunk_21_hyperparam_optimizer.py] [info] [section 2] [VAE] [best trial] loss_function=binary_crossentropy, latent_dim=32, learning_rate=0.002, dropout=0.0, epochs=30, alpha=0.5, gamma=2.5, encoder_layers=1, decoder_layers=2
[LN688    ] [chunk_18_phase_4_ensemble.py] [info]    [diagnostic-hyperparameter_optimization]  cumulative binary_split_predictions (1%) ≤ 0.0028, (5%) ≤ 0.0105, (10%) ≤ 0.0202, (25%) ≤ 0.0573, (50%) ≤ 0.1544, (75%) ≤ 0.3378, (90%) ≤ 0.5678, (95%) ≤ 0.6879, (99%) ≤ 0.8348, max=1.0000 binary_split_predictions distribution: 5% ≤ 0.01, 10% ≤ 0.02, 22% ≤ 0.05, 38% ≤ 0.1, 58% ≤ 0.2, 87% ≤ 0.5, 13% ≥ 0.50
[LN689    ] [chunk_18_phase_4_ensemble.py] [info]    hyperparameter_optimization improved: 0.0293 > 0.0000
[LN690    ] [chunk_18_phase_4_ensemble.py] [info] [section 3] [VAE] [HYPERPARAMETER_OPTIMIZATION] LABEL_THRESHOLD=20.0,
[LN691    ] [chunk_18_phase_4_ensemble.py] [info] [section 3] [VAE] [HYPERPARAMETER_OPTIMIZATION] VALIDATION_PRECISION=0.0259 VALIDATION_TRUE_POSITIVES=182 VALIDATION_TRUE_NEGATIVES=46077 validation_false_positives=6841 validation_false_negatives=154 validation_max_prediction=1.0000 validation_mean_prediction=0.2248 validation_recall=0.5417 validation_f1=0.0495 validation_auc=0.7821 validation_specificity=0.8707 validation_false_positive_rate=0.1293 validation_f2=0.1088 validation_mcc=0.0965 validation_prauc=0.0395 validation_balanced_accuracy=0.7062 validation_brier=0.0958 validation_kappa=0.0379 validation_informedness=0.4124 validation_markedness=-0.1034 validation_gini=0.5641 validation_optimal_threshold=0.4015 validation_standard_deviation_prediction=0.2131 validation_percentage_above_threshold=13.19
[LN692    ] [chunk_18_phase_4_ensemble.py] [info] [section 3] [VAE] [HYPERPARAMETER_OPTIMIZATION] prediction_binary_split=0.50 hyperparams=(loss=binary_crossentropy lr=0.002 dropout=0.0 alpha=0.5 gamma=2.5 latent_dim=32) improved=True {'loss_function': 'binary_crossentropy', 'latent_dim': 32, 'learning_rate': 0.002, 'dropout': 0.0, 'epochs': 30, 'alpha': 0.5, 'gamma': 2.5, 'encoder_layers': 1, 'decoder_layers': 2}
[LN693    ] [chunk_18_phase_4_ensemble.py] [info]    Running post hyperparameter_optimization threshold search for VAE...
[LN694    ] [chunk_12_evaluation_evaluator.py] [info] [VAE] label_threshold=20.0 train_below_prediction_binary_split=118,621 train_above_prediction_binary_split=689 train_positive_found=true val_below_prediction_binary_split=52,918 val_above_prediction_binary_split=336 val_positive_found=true
[LN695    ] [chunk_12_evaluation_evaluator.py] [info] [VAE] [diagnostic] LABEL_THRESHOLD=20.0 train_precision=0.0179 train_true_positives=388 train_true_negatives=97304 train_false_positives=21317 train_false_negatives=301 train_max_prediction=0.9956 train_mean_prediction=0.2716 train_recall=0.5631 train_f1=0.0347 train_auc=0.7748 train_specificity=0.8203 train_false_positive_rate=0.1797 train_f2=0.0793 train_mcc=0.0753 train_prauc=0.0290 train_balanced_accuracy=0.6917 train_brier=0.1225 train_kappa=0.0237 train_informedness=0.3834 train_markedness=-0.1618 train_gini=0.5496 train_optimal_threshold=0.3407 train_standard_deviation_prediction=0.2214 train_percentage_above_threshold=18.19
[LN696    ] [chunk_12_evaluation_evaluator.py] [info] [VAE] [diagnostic] LABEL_THRESHOLD=20.0 VALIDATION_PRECISION=0.0280 VALIDATION_TRUE_POSITIVES=196 VALIDATION_TRUE_NEGATIVES=46120 validation_false_positives=6798 validation_false_negatives=140 validation_max_prediction=1.0000 validation_mean_prediction=0.2253 validation_recall=0.5833 validation_f1=0.0535 validation_auc=0.8098 validation_specificity=0.8715 validation_false_positive_rate=0.1285 validation_f2=0.1175 validation_mcc=0.1066 validation_prauc=0.0430 validation_balanced_accuracy=0.7274 validation_brier=0.0958 validation_kappa=0.0419 validation_informedness=0.4549 validation_markedness=-0.1004 validation_gini=0.6197 validation_optimal_threshold=0.3811 validation_standard_deviation_prediction=0.2132 validation_percentage_above_threshold=13.13
[LN697    ] [chunk_12_evaluation_evaluator.py] [info] [VAE] label_threshold=10.0 train_below_prediction_binary_split=116,756 train_above_prediction_binary_split=2,554 train_positive_found=true val_below_prediction_binary_split=52,057 val_above_prediction_binary_split=1,197 val_positive_found=true
[LN698    ] [chunk_12_evaluation_evaluator.py] [info] [VAE] [reject] skipping LABEL_THRESHOLD=10.0: validation_precision=0.0391 <= baseline+0.0200=0.0425
[LN699    ] [chunk_12_evaluation_evaluator.py] [info] [VAE] label_threshold=0.0 train_below_prediction_binary_split=59,589 train_above_prediction_binary_split=59,721 train_positive_found=true val_below_prediction_binary_split=24,480 val_above_prediction_binary_split=28,774 val_positive_found=true
[LN700    ] [chunk_12_evaluation_evaluator.py] [info] [VAE] [reject] skipping LABEL_THRESHOLD=0.0: pos_pred_ratio=61.48% outside [0%, 60%]
[LN701    ] [chunk_18_phase_4_ensemble.py] [info]    hyperparameter_optimization model threshold search: LABEL_THRESHOLD=20.0, VALIDATION_PRECISION=0.0293
[LN702    ] [chunk_18_phase_4_ensemble.py] [info]    post hyperparameter_optimization threshold search: LABEL_THRESHOLD=20.0, VALIDATION_PRECISION=0.0280
[LN703    ] [chunk_18_phase_4_ensemble.py] [info]    post hyperparameter_optimization improved: using LABEL_THRESHOLD=20.0
[LN704    ] [chunk_18_phase_4_ensemble.py] [info] [section 4] [VAE] [post hyperparameter_optimization] [diagnostic]  cumulative binary_split_predictions (1%) ≤ 0.0027, (5%) ≤ 0.0103, (10%) ≤ 0.0201, (25%) ≤ 0.0567, (50%) ≤ 0.1533, (75%) ≤ 0.3339, (90%) ≤ 0.5627, (95%) ≤ 0.6833, (99%) ≤ 0.8351, max=1.0000 binary_split_predictions distribution: 5% ≤ 0.01, 10% ≤ 0.02, 23% ≤ 0.05, 38% ≤ 0.1, 58% ≤ 0.2, 87% ≤ 0.5, 13% ≥ 0.50
[LN705    ] [chunk_18_phase_4_ensemble.py] [info] [section 4] [VAE] [post hyperparameter_optimization] LABEL_THRESHOLD=20.0,
[LN706    ] [chunk_18_phase_4_ensemble.py] [info] [section 4] [VAE] [post hyperparameter_optimization] VALIDATION_PRECISION=0.0280 VALIDATION_TRUE_POSITIVES=196 VALIDATION_TRUE_NEGATIVES=46120 validation_false_positives=6798 validation_false_negatives=140 validation_max_prediction=1.0000 validation_mean_prediction=0.2249 validation_recall=0.5833 validation_f1=0.0535 validation_auc=0.8098 validation_specificity=0.8720 validation_false_positive_rate=0.1280 validation_f2=0.1161 validation_mcc=0.1048 validation_prauc=0.0465 validation_balanced_accuracy=0.7232 validation_brier=0.0954 validation_kappa=0.0413 validation_informedness=0.4464 validation_markedness=-0.1003 validation_gini=0.5987 validation_optimal_threshold=0.4109 validation_standard_deviation_prediction=0.2125 validation_percentage_above_threshold=13.08
[LN707    ] [chunk_18_phase_4_ensemble.py] [info] [section 4] [VAE] [post hyperparameter_optimization] prediction_binary_split=0.50 hyperparams=(loss=binary_crossentropy lr=0.002 dropout=0.0 alpha=0.5 gamma=2.5 latent_dim=32) source=section4
[LN708    ] [chunk_18_phase_4_ensemble.py] [info]    Using post-HPO model at LABEL_THRESHOLD=20.0 (post_hpo_prec=0.0280 > hpo=0.0293, pre_hpo=0.0000)
[LN709    ] [chunk_18_phase_4_ensemble.py] [info]    Train predictions: mean=0.2716, std=0.2208, min=0.0001, max=0.9951
[LN710    ] [chunk_18_phase_4_ensemble.py] [info]    validation predictions:   mean=0.2268, std=0.2145, min=0.0000, max=1.0000
[LN711    ] [chunk_18_phase_4_ensemble.py] [info] [section 5] [VAE] [final] [diagnostic] Train  cumulative binary_split_predictions (1%) ≤ 0.0045, (5%) ≤ 0.0164, (10%) ≤ 0.0315, (25%) ≤ 0.0851, (50%) ≤ 0.2135, (75%) ≤ 0.4181, (90%) ≤ 0.6176, (95%) ≤ 0.7058, (99%) ≤ 0.8250, max=0.9951 binary_split_predictions distribution: 3% ≤ 0.01, 6% ≤ 0.02, 16% ≤ 0.05, 29% ≤ 0.1, 48% ≤ 0.2, 82% ≤ 0.5, 18% ≥ 0.50
[LN712    ] [chunk_18_phase_4_ensemble.py] [info] [section 5] [VAE] [final] [diagnostic] validation    cumulative binary_split_predictions (1%) ≤ 0.0030, (5%) ≤ 0.0105, (10%) ≤ 0.0202, (25%) ≤ 0.0568, (50%) ≤ 0.1541, (75%) ≤ 0.3373, (90%) ≤ 0.5707, (95%) ≤ 0.6877, (99%) ≤ 0.8378, max=1.0000 binary_split_predictions distribution: 5% ≤ 0.01, 10% ≤ 0.02, 23% ≤ 0.05, 38% ≤ 0.1, 58% ≤ 0.2, 87% ≤ 0.5, 13% ≥ 0.50
[LN713    ] [chunk_18_phase_4_ensemble.py] [info]    Train predictions: 18.17% positive predictions (21,677 / 119,310)
[LN714    ] [chunk_18_phase_4_ensemble.py] [info]    validation predictions:   13.40% positive predictions (7,136 / 53,254)
[LN715    ] [chunk_18_phase_4_ensemble.py] [info]    [diagnostic] prediction_buckets: 0-10:10812, 10-20:7008, 20-30:4701, 30-40:3423, 40-50:2533, 50-60:2170, 60-70:1464, 70-80:824, 80-90:145, 90-100:0
[LN716    ] [chunk_18_phase_4_ensemble.py] [info] [section 5] [VAE] [final] LABEL_THRESHOLD=20.0,
[LN717    ] [chunk_18_phase_4_ensemble.py] [info] [section 5] [VAE] [final] train_precision=0.0191 train_true_positives=414 train_true_negatives=97358 train_false_positives=21263 train_false_negatives=275 train_max_prediction=0.9951 train_mean_prediction=0.2716 train_recall=0.6009 train_f1=0.0370 train_auc=0.7954 train_specificity=0.8207 train_false_positive_rate=0.1793 train_f2=0.0847 train_mcc=0.0829 train_prauc=0.0303 train_balanced_accuracy=0.7108 train_standard_deviation_prediction=0.2208 train_percentage_above_threshold=18.17 train_brier=0.1220 train_kappa=0.0261 train_informedness=0.4216 train_markedness=-0.1602 train_gini=0.5908 train_optimal_threshold=0.3962
[LN718    ] [chunk_18_phase_4_ensemble.py] [info] [section 5] [VAE] [final] VALIDATION_PRECISION=0.0259 VALIDATION_TRUE_POSITIVES=185 VALIDATION_TRUE_NEGATIVES=45967 validation_false_positives=6951 validation_false_negatives=151 validation_max_prediction=1.0000 validation_mean_prediction=0.2268 validation_recall=0.5506 validation_f1=0.0495 validation_auc=0.7976 validation_specificity=0.8686 validation_false_positive_rate=0.1314 validation_f2=0.1091 validation_mcc=0.0974 validation_prauc=0.0384 validation_balanced_accuracy=0.7096 validation_brier=0.0972 validation_kappa=0.0379 validation_informedness=0.4192 validation_markedness=-0.1054 validation_gini=0.5951 validation_optimal_threshold=0.3730 validation_standard_deviation_prediction=0.2145 validation_percentage_above_threshold=13.40
[LN719    ] [chunk_18_phase_4_ensemble.py] [info] [section 5] [VAE] [final] prediction_binary_split=0.50 hyperparams=(loss=binary_crossentropy lr=0.002 dropout=0.0 alpha=0.5 gamma=2.5 latent_dim=32) (using HPO model directly)
[LN720    ] [chunk_18_phase_4_ensemble.py] [info]    VAE loss=binary_crossentropy pred_threshold=0.5 epochs=30
[LN721    ] [chunk_18_phase_4_ensemble.py] [info]    [VAE] hyperparameter_optimization: latent_dim=32, learning_rate=0.002, dropout=0.0, alpha=0.5, gamma=2.5
[LN722    ] [chunk_18_phase_4_ensemble.py] [info]    VAE training time: 541.6s
[LN723    ] [chunk_18_phase_4_ensemble.py] [info] [pass] VAE trained successfully
[LN724    ] [chunk_18_phase_4_ensemble.py] [info] [section 1] [TRANSFORMER] [baseline] LABEL_THRESHOLD=20.0,
[LN725    ] [chunk_18_phase_4_ensemble.py] [info] [section 1] [TRANSFORMER] [baseline] predictions: mean=0.1086, std=0.0006, min=0.0950, max=0.1672
[LN726    ] [chunk_18_phase_4_ensemble.py] [info] [section 1] [TRANSFORMER] [baseline]  cumulative binary_split_predictions (1%) ≤ 0.1075, (5%) ≤ 0.1083, (10%) ≤ 0.1085, (25%) ≤ 0.1085, (50%) ≤ 0.1085, (75%) ≤ 0.1086, (90%) ≤ 0.1088, (95%) ≤ 0.1091, (99%) ≤ 0.1107, max=0.1672 binary_split_predictions distribution: 0% ≤ 0.01, 0% ≤ 0.02, 0% ≤ 0.05, 0% ≤ 0.1, 100% ≤ 0.2, 100% ≤ 0.5, 0% ≥ 0.50
[LN727    ] [chunk_18_phase_4_ensemble.py] [info] [section 1] [TRANSFORMER] [baseline] prediction_binary_split=0.50, VALIDATION predictions at LABEL_THRESHOLD=20.0: 0.00%
[LN728    ] [chunk_18_phase_4_ensemble.py] [warning] [section 1] [TRANSFORMER] [baseline] [warning] No predictions >= 0.5!
[LN729    ] [chunk_18_phase_4_ensemble.py] [info] [section 1] [TRANSFORMER] [baseline] LABEL_THRESHOLD=20.0,
[LN730    ] [chunk_18_phase_4_ensemble.py] [info] [section 1] [TRANSFORMER] [baseline] VALIDATION_PRECISION=0.0000 VALIDATION_TRUE_POSITIVES=0 VALIDATION_TRUE_NEGATIVES=52918 validation_false_positives=0 validation_false_negatives=336 validation_max_prediction=0.1672 validation_mean_prediction=0.1086 validation_recall=0.0000 validation_f1=0.0000 validation_auc=0.5025 validation_specificity=1.0000 validation_false_positive_rate=0.0000 validation_f2=0.0000 validation_mcc=0.0000 validation_prauc=0.0065 validation_balanced_accuracy=0.5000 validation_brier=0.0167 validation_kappa=0.0000 validation_informedness=0.0000 validation_markedness=1.0000 validation_gini=0.0050 validation_optimal_threshold=0.1085 validation_standard_deviation_prediction=0.0006 validation_percentage_above_threshold=0.00
[LN731    ] [chunk_18_phase_4_ensemble.py] [info] [section 1] [TRANSFORMER] [baseline] prediction_binary_split=0.50 loss=binary_crossentropy, lr=0.001
[LN732    ] [chunk_12_evaluation_evaluator.py] [info] [TRANSFORMER] label_threshold=20.0 train_below_prediction_binary_split=118,621 train_above_prediction_binary_split=689 train_positive_found=true val_below_prediction_binary_split=52,918 val_above_prediction_binary_split=336 val_positive_found=true
[LN733    ] [chunk_12_evaluation_evaluator.py] [info] [reject] threshold=20.0 action=skipped reason=insufficient_positive_predictions positive_predictions=0 minimum_positive_required=5
[LN734    ] [chunk_12_evaluation_evaluator.py] [info] [TRANSFORMER] label_threshold=10.0 train_below_prediction_binary_split=116,756 train_above_prediction_binary_split=2,554 train_positive_found=true val_below_prediction_binary_split=52,057 val_above_prediction_binary_split=1,197 val_positive_found=true
[LN735    ] [chunk_12_evaluation_evaluator.py] [info] [reject] threshold=10.0 action=skipped reason=insufficient_positive_predictions positive_predictions=0 minimum_positive_required=5
[LN736    ] [chunk_12_evaluation_evaluator.py] [info] [TRANSFORMER] label_threshold=0.0 train_below_prediction_binary_split=59,589 train_above_prediction_binary_split=59,721 train_positive_found=true val_below_prediction_binary_split=24,480 val_above_prediction_binary_split=28,774 val_positive_found=true
[LN737    ] [chunk_12_evaluation_evaluator.py] [info] [TRANSFORMER] [diagnostic] LABEL_THRESHOLD=0.0 train_precision=0.5455 train_true_positives=37467 train_true_negatives=28374 train_false_positives=31215 train_false_negatives=22254 train_max_prediction=0.7195 train_mean_prediction=0.5040 train_recall=0.6274 train_f1=0.5836 train_auc=0.5774 train_specificity=0.4762 train_false_positive_rate=0.5238 train_f2=0.6091 train_mcc=0.1047 train_prauc=0.5717 train_balanced_accuracy=0.5518 train_brier=0.2450 train_kappa=0.1035 train_informedness=0.1035 train_markedness=0.0217 train_gini=0.1548 train_optimal_threshold=0.4948 train_standard_deviation_prediction=0.0723 train_percentage_above_threshold=57.57
[LN738    ] [chunk_12_evaluation_evaluator.py] [info] [TRANSFORMER] [diagnostic] LABEL_THRESHOLD=0.0 VALIDATION_PRECISION=0.5220 VALIDATION_TRUE_POSITIVES=16206 VALIDATION_TRUE_NEGATIVES=9639 validation_false_positives=14841 validation_false_negatives=12568 validation_max_prediction=0.7197 validation_mean_prediction=0.5094 validation_recall=0.5632 validation_f1=0.5418 validation_auc=0.4763 validation_specificity=0.3937 validation_false_positive_rate=0.6062 validation_f2=0.5545 validation_mcc=-0.0435 validation_prauc=0.5389 validation_balanced_accuracy=0.4785 validation_brier=0.2568 validation_kappa=-0.0433 validation_informedness=-0.0430 validation_markedness=-0.0843 validation_gini=0.0000 validation_optimal_threshold=0.6141 validation_standard_deviation_prediction=0.0685 validation_percentage_above_threshold=58.30
[LN739    ] [chunk_18_phase_4_ensemble.py] [info] [section 1] [TRANSFORMER] [label_threshold_optimal]  cumulative binary_split_predictions (1%) ≤ 0.3315, (5%) ≤ 0.3858, (10%) ≤ 0.4199, (25%) ≤ 0.4675, (50%) ≤ 0.5142, (75%) ≤ 0.5553, (90%) ≤ 0.5906, (95%) ≤ 0.6160, (99%) ≤ 0.6616, max=0.7197 binary_split_predictions distribution: 0% ≤ 0.01, 0% ≤ 0.02, 0% ≤ 0.05, 0% ≤ 0.1, 0% ≤ 0.2, 42% ≤ 0.5, 58% ≥ 0.50
[LN740    ] [chunk_18_phase_4_ensemble.py] [info] [section 1] [TRANSFORMER] [label_threshold_optimal] LABEL_THRESHOLD=0.0
[LN741    ] [chunk_18_phase_4_ensemble.py] [info] [section 1] [TRANSFORMER] [label_threshold_optimal] train_precision=0.5455 train_true_positives=37467 train_true_negatives=28374 train_false_positives=31215 train_false_negatives=22254 train_max_prediction=0.7195 train_mean_prediction=0.5040 train_recall=0.6274 train_f1=0.5836 train_auc=0.5774 train_specificity=0.4762 train_false_positive_rate=0.5238 train_f2=0.6091 train_mcc=0.1047 train_prauc=0.5717 train_balanced_accuracy=0.5518 train_brier=0.2450 train_kappa=0.1035 train_informedness=0.1035 train_markedness=0.0217 train_gini=0.1548 train_optimal_threshold=0.4948 train_standard_deviation_prediction=0.0723 train_percentage_above_threshold=57.57
[LN742    ] [chunk_18_phase_4_ensemble.py] [info] [section 1] [TRANSFORMER] [label_threshold_optimal] VALIDATION_PRECISION=0.5220 VALIDATION_TRUE_POSITIVES=16206 VALIDATION_TRUE_NEGATIVES=9639 validation_false_positives=14841 validation_false_negatives=12568 validation_max_prediction=0.7197 validation_mean_prediction=0.5094 validation_recall=0.5632 validation_f1=0.5418 validation_auc=0.4763 validation_specificity=0.3937 validation_false_positive_rate=0.6062 validation_f2=0.5545 validation_mcc=-0.0435 validation_prauc=0.5389 validation_balanced_accuracy=0.4785 validation_brier=0.2568 validation_kappa=-0.0433 validation_informedness=-0.0430 validation_markedness=-0.0843 validation_gini=0.0000 validation_optimal_threshold=0.6141 validation_standard_deviation_prediction=0.0685 validation_percentage_above_threshold=58.30
[LN743    ] [chunk_18_phase_4_ensemble.py] [info] [section 1] [TRANSFORMER] [label_threshold_optimal] prediction_binary_split=0.50
[LN744    ] [chunk_21_hyperparam_optimizer.py] [info] [section 2] [TRANSFORMER] [hyperparameter_optimization search] Running Bayesian optimization (5 trials)...
[LN745    ] [chunk_21_hyperparam_optimizer.py] [info] [section 2] [TRANSFORMER] [hyperparameter_optimization search baseline] LABEL_THRESHOLD=0.0
[LN746    ] [chunk_21_hyperparam_optimizer.py] [info] [section 2] [TRANSFORMER] [hyperparameter_optimization search baseline] VALIDATION_PRECISION=0.5342 VALIDATION_TRUE_POSITIVES=15719 VALIDATION_TRUE_NEGATIVES=10775 validation_false_positives=13705 validation_false_negatives=13055 validation_max_prediction=0.7920 validation_mean_prediction=0.5124 validation_recall=0.5463 validation_f1=0.5402 validation_auc=0.4920 validation_specificity=0.4402 validation_false_positive_rate=0.5598 validation_f2=0.5438 validation_mcc=-0.0136 validation_prauc=0.5512 validation_balanced_accuracy=0.4932 validation_brier=0.2546 validation_kappa=-0.0136 validation_informedness=-0.0136 validation_markedness=-0.0256 validation_gini=0.0000 validation_optimal_threshold=0.6426 validation_standard_deviation_prediction=0.0727 validation_percentage_above_threshold=55.25
[LN747    ] [chunk_21_hyperparam_optimizer.py] [info] [section 2] [TRANSFORMER] [hyperparameter_optimization search baseline] TRIAL 1/5: loss_function=binary_crossentropy, dim=128, heads=4, dropout=0.05, learning_rate=0.0001, epochs=20, alpha=1.0, gamma=1.5, ff_dim=128, layers=1
[LN748    ] [chunk_21_hyperparam_optimizer.py] [info] [section 2] [TRANSFORMER] [hyperparameter_optimization search baseline] LABEL_THRESHOLD=0.0
[LN749    ] [chunk_21_hyperparam_optimizer.py] [info] [section 2] [TRANSFORMER] [hyperparameter_optimization search baseline] VALIDATION_PRECISION=0.5199 VALIDATION_TRUE_POSITIVES=15355 VALIDATION_TRUE_NEGATIVES=10298 validation_false_positives=14182 validation_false_negatives=13419 validation_max_prediction=0.7007 validation_mean_prediction=0.5087 validation_recall=0.5336 validation_f1=0.5267 validation_auc=0.4766 validation_specificity=0.4207 validation_false_positive_rate=0.5793 validation_f2=0.5308 validation_mcc=-0.0458 validation_prauc=0.5427 validation_balanced_accuracy=0.4772 validation_brier=0.2522 validation_kappa=-0.0458 validation_informedness=-0.0457 validation_markedness=-0.0595 validation_gini=0.0000 validation_optimal_threshold=0.5661 validation_standard_deviation_prediction=0.0403 validation_percentage_above_threshold=55.46
[LN750    ] [chunk_21_hyperparam_optimizer.py] [info] [section 2] [TRANSFORMER] [hyperparameter_optimization search baseline] TRIAL 2/5: loss_function=focal_loss, dim=256, heads=8, dropout=0.05, learning_rate=0.0001, epochs=30, alpha=1.25, gamma=3.0, ff_dim=64, layers=2
[LN751    ] [chunk_21_hyperparam_optimizer.py] [info] [section 2] [TRANSFORMER] [hyperparameter_optimization search baseline] LABEL_THRESHOLD=0.0
[LN752    ] [chunk_21_hyperparam_optimizer.py] [info] [section 2] [TRANSFORMER] [hyperparameter_optimization search baseline] VALIDATION_PRECISION=0.5202 VALIDATION_TRUE_POSITIVES=15704 VALIDATION_TRUE_NEGATIVES=9997 validation_false_positives=14483 validation_false_negatives=13070 validation_max_prediction=0.8025 validation_mean_prediction=0.5168 validation_recall=0.5458 validation_f1=0.5327 validation_auc=0.4742 validation_specificity=0.4084 validation_false_positive_rate=0.5916 validation_f2=0.5405 validation_mcc=-0.0461 validation_prauc=0.5387 validation_balanced_accuracy=0.4771 validation_brier=0.2573 validation_kappa=-0.0461 validation_informedness=-0.0459 validation_markedness=-0.0714 validation_gini=0.0000 validation_optimal_threshold=0.6187 validation_standard_deviation_prediction=0.0768 validation_percentage_above_threshold=56.68
[LN753    ] [chunk_21_hyperparam_optimizer.py] [info] [section 2] [TRANSFORMER] [hyperparameter_optimization search baseline] TRIAL 3/5: loss_function=binary_crossentropy, dim=64, heads=8, dropout=0.05, learning_rate=0.0001, epochs=30, alpha=0.75, gamma=1.5, ff_dim=128, layers=1
[LN754    ] [chunk_21_hyperparam_optimizer.py] [info] [section 2] [TRANSFORMER] [hyperparameter_optimization search baseline] LABEL_THRESHOLD=0.0
[LN755    ] [chunk_21_hyperparam_optimizer.py] [info] [section 2] [TRANSFORMER] [hyperparameter_optimization search baseline] VALIDATION_PRECISION=0.5208 VALIDATION_TRUE_POSITIVES=12537 VALIDATION_TRUE_NEGATIVES=12943 validation_false_positives=11537 validation_false_negatives=16237 validation_max_prediction=0.8695 validation_mean_prediction=0.4989 validation_recall=0.4357 validation_f1=0.4745 validation_auc=0.4734 validation_specificity=0.5287 validation_false_positive_rate=0.4713 validation_f2=0.4504 validation_mcc=-0.0356 validation_prauc=0.5413 validation_balanced_accuracy=0.4822 validation_brier=0.2578 validation_kappa=-0.0351 validation_informedness=-0.0356 validation_markedness=0.0495 validation_gini=0.0000 validation_optimal_threshold=0.6474 validation_standard_deviation_prediction=0.0753 validation_percentage_above_threshold=45.21
[LN756    ] [chunk_21_hyperparam_optimizer.py] [info] [section 2] [TRANSFORMER] [hyperparameter_optimization search baseline] TRIAL 4/5: loss_function=binary_crossentropy, dim=256, heads=4, dropout=0.0, learning_rate=0.0001, epochs=20, alpha=1.25, gamma=2.0, ff_dim=256, layers=1
[LN757    ] [chunk_21_hyperparam_optimizer.py] [info] [section 2] [TRANSFORMER] [hyperparameter_optimization search baseline] LABEL_THRESHOLD=0.0
[LN758    ] [chunk_21_hyperparam_optimizer.py] [info] [section 2] [TRANSFORMER] [hyperparameter_optimization search baseline] VALIDATION_PRECISION=0.5224 VALIDATION_TRUE_POSITIVES=18703 VALIDATION_TRUE_NEGATIVES=7379 validation_false_positives=17101 validation_false_negatives=10071 validation_max_prediction=0.8591 validation_mean_prediction=0.5297 validation_recall=0.6500 validation_f1=0.5792 validation_auc=0.4776 validation_specificity=0.3014 validation_false_positive_rate=0.6986 validation_f2=0.6197 validation_mcc=-0.0516 validation_prauc=0.5426 validation_balanced_accuracy=0.4757 validation_brier=0.2545 validation_kappa=-0.0496 validation_informedness=-0.0486 validation_markedness=-0.1762 validation_gini=0.0000 validation_optimal_threshold=0.6745 validation_standard_deviation_prediction=0.0692 validation_percentage_above_threshold=67.23
[LN759    ] [chunk_21_hyperparam_optimizer.py] [info] [section 2] [TRANSFORMER] [hyperparameter_optimization search baseline] TRIAL 5/5: loss_function=binary_crossentropy, dim=64, heads=4, dropout=0.0, learning_rate=0.0002, epochs=30, alpha=0.5, gamma=3.0, ff_dim=128, layers=1
[LN760    ] [chunk_21_hyperparam_optimizer.py] [info] [section 2] [TRANSFORMER] [best trial] LABEL_THRESHOLD=0.0
[LN761    ] [chunk_21_hyperparam_optimizer.py] [info] [section 2] [TRANSFORMER] [best trial] VALIDATION_PRECISION=0.5208 VALIDATION_TRUE_POSITIVES=12537 VALIDATION_TRUE_NEGATIVES=12943 validation_false_positives=11537 validation_false_negatives=16237 validation_max_prediction=0.8695 validation_mean_prediction=0.4989 validation_recall=0.4357 validation_f1=0.4745 validation_auc=0.4734 validation_specificity=0.5287 validation_false_positive_rate=0.4713 validation_f2=0.4504 validation_mcc=-0.0356 validation_prauc=0.5413 validation_balanced_accuracy=0.4822 validation_brier=0.2578 validation_kappa=-0.0351 validation_informedness=-0.0356 validation_markedness=0.0495 validation_gini=0.0000 validation_optimal_threshold=0.6474 validation_standard_deviation_prediction=0.0753 validation_percentage_above_threshold=45.21
[LN762    ] [chunk_21_hyperparam_optimizer.py] [info] [section 2] [TRANSFORMER] [best trial] loss_function=binary_crossentropy, dim=256, heads=4, dropout=0.0, learning_rate=0.0001, epochs=20, alpha=1.25, gamma=2.0, ff_dim=256, layers=1
[LN763    ] [chunk_18_phase_4_ensemble.py] [info]    [diagnostic-hyperparameter_optimization]  cumulative binary_split_predictions (1%) ≤ 0.3624, (5%) ≤ 0.3934, (10%) ≤ 0.4101, (25%) ≤ 0.4428, (50%) ≤ 0.4901, (75%) ≤ 0.5475, (90%) ≤ 0.5981, (95%) ≤ 0.6278, (99%) ≤ 0.7019, max=0.8695 binary_split_predictions distribution: 0% ≤ 0.01, 0% ≤ 0.02, 0% ≤ 0.05, 0% ≤ 0.1, 0% ≤ 0.2, 55% ≤ 0.5, 45% ≥ 0.50
[LN764    ] [chunk_18_phase_4_ensemble.py] [info]    hyperparameter_optimization did NOT improve: 0.5208 <= 0.5220 - using pre hyperparameter_optimization model
[LN765    ] [chunk_18_phase_4_ensemble.py] [info] [section 3] [TRANSFORMER] [PRE-HYPERPARAMETER_OPTIMIZATION] LABEL_THRESHOLD=0.0,
[LN766    ] [chunk_18_phase_4_ensemble.py] [info] [section 3] [TRANSFORMER] [PRE-HYPERPARAMETER_OPTIMIZATION] VALIDATION_PRECISION=0.5220 VALIDATION_TRUE_POSITIVES=16206 VALIDATION_TRUE_NEGATIVES=9639 validation_false_positives=14841 validation_false_negatives=12568 validation_max_prediction=0.7197 validation_mean_prediction=0.5094 validation_recall=0.5632 validation_f1=0.5418 validation_auc=0.4763 validation_specificity=0.3937 validation_false_positive_rate=0.6062 validation_f2=0.5545 validation_mcc=-0.0435 validation_prauc=0.5389 validation_balanced_accuracy=0.4785 validation_brier=0.2568 validation_kappa=-0.0433 validation_informedness=-0.0430 validation_markedness=-0.0843 validation_gini=0.0000 validation_optimal_threshold=0.6141 validation_standard_deviation_prediction=0.0685 validation_percentage_above_threshold=58.30
[LN767    ] [chunk_18_phase_4_ensemble.py] [info] [section 3] [TRANSFORMER] [PRE-HYPERPARAMETER_OPTIMIZATION] prediction_binary_split=0.50 hyperparams=(loss=binary_crossentropy lr=0.0001 dropout=0.0 alpha=1.25 gamma=2.0 latent_dim=0) improved=False {'loss_function': 'binary_crossentropy', 'dim': 256, 'heads': 4, 'dropout': 0.0, 'learning_rate': 0.0001, 'epochs': 20, 'alpha': 1.25, 'gamma': 2.0, 'ff_dim': 256, 'layers': 1}
[LN768    ] [chunk_18_phase_4_ensemble.py] [info]    Running post hyperparameter_optimization threshold search for Transformer...
[LN769    ] [chunk_12_evaluation_evaluator.py] [info] [TRANSFORMER] label_threshold=20.0 train_below_prediction_binary_split=118,621 train_above_prediction_binary_split=689 train_positive_found=true val_below_prediction_binary_split=52,918 val_above_prediction_binary_split=336 val_positive_found=true
[LN770    ] [chunk_12_evaluation_evaluator.py] [info] [TRANSFORMER] [reject] skipping LABEL_THRESHOLD=20.0: pos_pred_ratio=70.72% outside [0%, 60%]
[LN771    ] [chunk_12_evaluation_evaluator.py] [info] [TRANSFORMER] label_threshold=10.0 train_below_prediction_binary_split=116,756 train_above_prediction_binary_split=2,554 train_positive_found=true val_below_prediction_binary_split=52,057 val_above_prediction_binary_split=1,197 val_positive_found=true
[LN772    ] [chunk_12_evaluation_evaluator.py] [info] [TRANSFORMER] [reject] skipping LABEL_THRESHOLD=10.0: pos_pred_ratio=68.62% outside [0%, 60%]
[LN773    ] [chunk_12_evaluation_evaluator.py] [info] [TRANSFORMER] label_threshold=0.0 train_below_prediction_binary_split=59,589 train_above_prediction_binary_split=59,721 train_positive_found=true val_below_prediction_binary_split=24,480 val_above_prediction_binary_split=28,774 val_positive_found=true
[LN774    ] [chunk_12_evaluation_evaluator.py] [info] [TRANSFORMER] [diagnostic] LABEL_THRESHOLD=0.0 train_precision=0.5455 train_true_positives=37467 train_true_negatives=28374 train_false_positives=31215 train_false_negatives=22254 train_max_prediction=0.7195 train_mean_prediction=0.5040 train_recall=0.6274 train_f1=0.5836 train_auc=0.5774 train_specificity=0.4762 train_false_positive_rate=0.5238 train_f2=0.6091 train_mcc=0.1047 train_prauc=0.5717 train_balanced_accuracy=0.5518 train_brier=0.2450 train_kappa=0.1035 train_informedness=0.1035 train_markedness=0.0217 train_gini=0.1548 train_optimal_threshold=0.4948 train_standard_deviation_prediction=0.0723 train_percentage_above_threshold=57.57
[LN775    ] [chunk_12_evaluation_evaluator.py] [info] [TRANSFORMER] [diagnostic] LABEL_THRESHOLD=0.0 VALIDATION_PRECISION=0.5220 VALIDATION_TRUE_POSITIVES=16206 VALIDATION_TRUE_NEGATIVES=9639 validation_false_positives=14841 validation_false_negatives=12568 validation_max_prediction=0.7197 validation_mean_prediction=0.5094 validation_recall=0.5632 validation_f1=0.5418 validation_auc=0.4763 validation_specificity=0.3937 validation_false_positive_rate=0.6062 validation_f2=0.5545 validation_mcc=-0.0435 validation_prauc=0.5389 validation_balanced_accuracy=0.4785 validation_brier=0.2568 validation_kappa=-0.0433 validation_informedness=-0.0430 validation_markedness=-0.0843 validation_gini=0.0000 validation_optimal_threshold=0.6141 validation_standard_deviation_prediction=0.0685 validation_percentage_above_threshold=58.30
[LN776    ] [chunk_18_phase_4_ensemble.py] [info]    hyperparameter_optimization model threshold search: LABEL_THRESHOLD=0.0, VALIDATION_PRECISION=0.5208
[LN777    ] [chunk_18_phase_4_ensemble.py] [info]    post hyperparameter_optimization threshold search: LABEL_THRESHOLD=0.0, VALIDATION_PRECISION=0.5220
[LN778    ] [chunk_18_phase_4_ensemble.py] [info]    post hyperparameter_optimization no improvement: keeping LABEL_THRESHOLD=0.0
[LN779    ] [chunk_18_phase_4_ensemble.py] [info] [section 4] [TRANSFORMER] [post hyperparameter_optimization] [diagnostic]  cumulative binary_split_predictions (1%) ≤ 0.3315, (5%) ≤ 0.3858, (10%) ≤ 0.4199, (25%) ≤ 0.4675, (50%) ≤ 0.5142, (75%) ≤ 0.5553, (90%) ≤ 0.5906, (95%) ≤ 0.6160, (99%) ≤ 0.6616, max=0.7197 binary_split_predictions distribution: 0% ≤ 0.01, 0% ≤ 0.02, 0% ≤ 0.05, 0% ≤ 0.1, 0% ≤ 0.2, 42% ≤ 0.5, 58% ≥ 0.50
[LN780    ] [chunk_18_phase_4_ensemble.py] [info] [section 4] [TRANSFORMER] [post hyperparameter_optimization] LABEL_THRESHOLD=0.0,
[LN781    ] [chunk_18_phase_4_ensemble.py] [info] [section 4] [TRANSFORMER] [post hyperparameter_optimization] VALIDATION_PRECISION=0.5220 VALIDATION_TRUE_POSITIVES=16206 VALIDATION_TRUE_NEGATIVES=9639 validation_false_positives=14841 validation_false_negatives=12568 validation_max_prediction=0.7197 validation_mean_prediction=0.5094 validation_recall=0.5632 validation_f1=0.5418 validation_auc=0.4763 validation_specificity=0.3937 validation_false_positive_rate=0.6062 validation_f2=0.5545 validation_mcc=-0.0435 validation_prauc=0.5389 validation_balanced_accuracy=0.4785 validation_brier=0.2568 validation_kappa=-0.0433 validation_informedness=-0.0430 validation_markedness=-0.0843 validation_gini=0.0000 validation_optimal_threshold=0.6141 validation_standard_deviation_prediction=0.0685 validation_percentage_above_threshold=58.30
[LN782    ] [chunk_18_phase_4_ensemble.py] [info] [section 4] [TRANSFORMER] [post hyperparameter_optimization] prediction_binary_split=0.50 hyperparams=(loss=binary_crossentropy lr=0.0001 dropout=0.0 alpha=1.25 gamma=2.0 latent_dim=64) source=section3
[LN783    ] [chunk_18_phase_4_ensemble.py] [info]    Using threshold-optimized model (HPO did not improve)
[LN784    ] [chunk_18_phase_4_ensemble.py] [info]    Train predictions: mean=0.5040, std=0.0723, min=0.1685, max=0.7195
[LN785    ] [chunk_18_phase_4_ensemble.py] [info]    validation predictions:   mean=0.5094, std=0.0685, min=0.2327, max=0.7197
[LN786    ] [chunk_18_phase_4_ensemble.py] [info] [section 5] [TRANSFORMER] [final] [diagnostic] Train  cumulative binary_split_predictions (1%) ≤ 0.2923, (5%) ≤ 0.3692, (10%) ≤ 0.4079, (25%) ≤ 0.4629, (50%) ≤ 0.5135, (75%) ≤ 0.5544, (90%) ≤ 0.5864, (95%) ≤ 0.6060, (99%) ≤ 0.6415, max=0.7195 binary_split_predictions distribution: 0% ≤ 0.01, 0% ≤ 0.02, 0% ≤ 0.05, 0% ≤ 0.1, 0% ≤ 0.2, 42% ≤ 0.5, 58% ≥ 0.50
[LN787    ] [chunk_18_phase_4_ensemble.py] [info] [section 5] [TRANSFORMER] [final] [diagnostic] validation    cumulative binary_split_predictions (1%) ≤ 0.3315, (5%) ≤ 0.3858, (10%) ≤ 0.4199, (25%) ≤ 0.4675, (50%) ≤ 0.5142, (75%) ≤ 0.5553, (90%) ≤ 0.5906, (95%) ≤ 0.6160, (99%) ≤ 0.6616, max=0.7197 binary_split_predictions distribution: 0% ≤ 0.01, 0% ≤ 0.02, 0% ≤ 0.05, 0% ≤ 0.1, 0% ≤ 0.2, 42% ≤ 0.5, 58% ≥ 0.50
[LN788    ] [chunk_18_phase_4_ensemble.py] [info]    Train predictions: 57.57% positive predictions (68,682 / 119,310)
[LN789    ] [chunk_18_phase_4_ensemble.py] [info]    validation predictions:   58.30% positive predictions (31,047 / 53,254)
[LN790    ] [chunk_18_phase_4_ensemble.py] [info]    [info] Section 4 all rejected - using Section 3 results for Section 5
[LN791    ] [chunk_18_phase_4_ensemble.py] [info]    [diagnostic] prediction_buckets: 0-10:0, 10-20:144, 20-30:3436, 30-40:18627, 40-50:26964, 50-60:4070, 60-70:13, 70-80:0, 80-90:0, 90-100:0
[LN792    ] [chunk_18_phase_4_ensemble.py] [info] [section 5] [TRANSFORMER] [final] LABEL_THRESHOLD=0.0,
[LN793    ] [chunk_18_phase_4_ensemble.py] [info] [section 5] [TRANSFORMER] [final] train_precision=0.5455 train_true_positives=37467 train_true_negatives=28374 train_false_positives=31215 train_false_negatives=22254 train_max_prediction=0.7195 train_mean_prediction=0.5040 train_recall=0.6274 train_f1=0.5836 train_auc=0.5774 train_specificity=0.4762 train_false_positive_rate=0.5238 train_f2=0.6091 train_mcc=0.1047 train_prauc=0.5717 train_balanced_accuracy=0.5518 train_standard_deviation_prediction=0.0723 train_percentage_above_threshold=57.57 train_brier=0.2450 train_kappa=0.1035 train_informedness=0.1035 train_markedness=0.0217 train_gini=0.1548 train_optimal_threshold=0.4948
[LN794    ] [chunk_18_phase_4_ensemble.py] [info] [section 5] [TRANSFORMER] [final] VALIDATION_PRECISION=0.5220 VALIDATION_TRUE_POSITIVES=16206 VALIDATION_TRUE_NEGATIVES=9639 validation_false_positives=14841 validation_false_negatives=12568 validation_max_prediction=0.7197 validation_mean_prediction=0.5094 validation_recall=0.5632 validation_f1=0.5418 validation_auc=0.4763 validation_specificity=0.3937 validation_false_positive_rate=0.6062 validation_f2=0.5545 validation_mcc=-0.0435 validation_prauc=0.5389 validation_balanced_accuracy=0.4785 validation_brier=0.2568 validation_kappa=-0.0433 validation_informedness=-0.0430 validation_markedness=-0.0843 validation_gini=0.0000 validation_optimal_threshold=0.6141 validation_standard_deviation_prediction=0.0685 validation_percentage_above_threshold=58.30
[LN795    ] [chunk_18_phase_4_ensemble.py] [info] [section 5] [TRANSFORMER] [final] prediction_binary_split=0.50 hyperparams=(loss=binary_crossentropy lr=0.0001 dropout=0.0 alpha=1.25 gamma=2.0 latent_dim=64) (using HPO model directly)
[LN796    ] [chunk_18_phase_4_ensemble.py] [info]    Transformer loss=binary_crossentropy pred_threshold=0.5 epochs=3
[LN797    ] [chunk_18_phase_4_ensemble.py] [info]    [Transformer] hyperparameter_optimization: dim=256, heads=4, dropout=0.0, learning_rate=0.0001, alpha=1.25, gamma=2.0, layers=1
[LN798    ] [chunk_18_phase_4_ensemble.py] [info]    Transformer training time: 849.5s
[LN799    ] [chunk_18_phase_4_ensemble.py] [info] [pass] Transformer trained successfully
[LN800    ] [chunk_18_phase_4_ensemble.py] [info] Running Feature Stability Analysis...
[LN801    ] [chunk_18_phase_4_ensemble.py] [info]    Feature Stability:
[LN802    ] [chunk_18_phase_4_ensemble.py] [info]       Change: stability=0.029, importance=0.038
[LN803    ] [chunk_18_phase_4_ensemble.py] [info]       Volume: stability=0.008, importance=0.038
[LN804    ] [chunk_18_phase_4_ensemble.py] [info]       Price_to_52W_High: stability=0.007, importance=0.038
[LN805    ] [chunk_18_phase_4_ensemble.py] [info]       Price: stability=0.007, importance=0.038
[LN806    ] [chunk_18_phase_4_ensemble.py] [info]       Prev_Close: stability=0.007, importance=0.038
[LN807    ] [chunk_18_phase_4_ensemble.py] [info]       ATR: stability=0.007, importance=0.038
[LN808    ] [chunk_18_phase_4_ensemble.py] [info]       Rel_Volume: stability=0.007, importance=0.038
[LN809    ] [chunk_18_phase_4_ensemble.py] [info]       52W_Low: stability=0.006, importance=0.038
[LN810    ] [chunk_18_phase_4_ensemble.py] [info]       Perf_Week: stability=0.005, importance=0.038
[LN811    ] [chunk_18_phase_4_ensemble.py] [info]       Price_to_52W_Low: stability=0.004, importance=0.038
[LN812    ] [chunk_18_phase_4_ensemble.py] [info]       52W_High: stability=0.004, importance=0.038
[LN813    ] [chunk_18_phase_4_ensemble.py] [info]       Avg_Volume: stability=0.003, importance=0.038
[LN814    ] [chunk_18_phase_4_ensemble.py] [info]       Ticker_id: stability=0.003, importance=0.038
[LN815    ] [chunk_18_phase_4_ensemble.py] [info]       Perf_YTD: stability=0.003, importance=0.038
[LN816    ] [chunk_18_phase_4_ensemble.py] [info]       SMA50: stability=0.003, importance=0.038
[LN817    ] [chunk_18_phase_4_ensemble.py] [info]       Perf_Month: stability=0.002, importance=0.038
[LN818    ] [chunk_18_phase_4_ensemble.py] [info]       RSI_14: stability=0.002, importance=0.038
[LN819    ] [chunk_18_phase_4_ensemble.py] [info]       Market_Cap: stability=0.002, importance=0.038
[LN820    ] [chunk_18_phase_4_ensemble.py] [info]       Volume_to_Avg_Volume: stability=0.001, importance=0.038
[LN821    ] [chunk_18_phase_4_ensemble.py] [info]       SMA20: stability=0.001, importance=0.038
[LN822    ] [chunk_18_phase_4_ensemble.py] [info]       Perf_Half_Y: stability=0.000, importance=0.038
[LN823    ] [chunk_18_phase_4_ensemble.py] [info]       Perf_Year: stability=0.000, importance=0.038
[LN824    ] [chunk_18_phase_4_ensemble.py] [info]       SMA200: stability=0.000, importance=0.038
[LN825    ] [chunk_18_phase_4_ensemble.py] [info]       Perf_Quarter: stability=0.000, importance=0.038
[LN826    ] [chunk_18_phase_4_ensemble.py] [info] Measuring Inference Latency...
[LN827    ] [chunk_18_phase_4_ensemble.py] [info]    Inference latency: 0.002 ms/sample (10000 samples)
[LN828    ] [chunk_18_phase_4_ensemble.py] [info] Running Sliding Window Validation...
[LN829    ] [chunk_18_phase_4_ensemble.py] [info]    sliding window: train_samples=125233, validation_samples=59175
[LN830    ] [chunk_18_phase_4_ensemble.py] [info]    Sliding Window validation: validation_precision=0.0193 validation_recall=0.1930 validation_f1=0.0350
[LN831    ] [chunk_18_phase_4_ensemble.py] [info]    temporal drift: Significant precision drift: -38.8% change
[LN832    ] [chunk_18_phase_4_ensemble.py] [info]    drift: stability_score=0.790
[LN833    ] [chunk_18_phase_4_ensemble.py] [info] Running Permutation Importance on all trained models...
[LN834    ] [chunk_18_phase_4_ensemble.py] [info]    CatBoost Permutation Importance:
[LN835    ] [chunk_18_phase_4_ensemble.py] [info]       Perf_Year: 0.0056
[LN836    ] [chunk_18_phase_4_ensemble.py] [info]       Prev_Close: 0.0040
[LN837    ] [chunk_18_phase_4_ensemble.py] [info]       SMA50: 0.0028
[LN838    ] [chunk_18_phase_4_ensemble.py] [info]       SMA20: 0.0027
[LN839    ] [chunk_18_phase_4_ensemble.py] [info]       SMA200: 0.0013
[LN840    ] [chunk_18_phase_4_ensemble.py] [info]       Perf_Week: 0.0012
[LN841    ] [chunk_18_phase_4_ensemble.py] [info]       Perf_Half_Y: 0.0009
[LN842    ] [chunk_18_phase_4_ensemble.py] [info]       Volume: 0.0006
[LN843    ] [chunk_18_phase_4_ensemble.py] [info]       RSI_14: 0.0004
[LN844    ] [chunk_18_phase_4_ensemble.py] [info]       Avg_Volume: 0.0003
[LN845    ] [chunk_18_phase_4_ensemble.py] [info]       52W_Low: -0.0007
[LN846    ] [chunk_18_phase_4_ensemble.py] [info]       Perf_Month: -0.0007
[LN847    ] [chunk_18_phase_4_ensemble.py] [info]       ATR: -0.0009
[LN848    ] [chunk_18_phase_4_ensemble.py] [info]       Price: -0.0011
[LN849    ] [chunk_18_phase_4_ensemble.py] [info]       Market_Cap: -0.0013
[LN850    ] [chunk_18_phase_4_ensemble.py] [info]       Perf_Quarter: -0.0025
[LN851    ] [chunk_18_phase_4_ensemble.py] [info]       Ticker_id: -0.0046
[LN852    ] [chunk_18_phase_4_ensemble.py] [info]       Perf_YTD: -0.0048
[LN853    ] [chunk_18_phase_4_ensemble.py] [info]       52W_High: -0.0097
[LN854    ] [chunk_18_phase_4_ensemble.py] [info]    CatBoost [advanced] entropy=35326.8268, LogitComp=2.05, MI=0.0002
[LN855    ] [chunk_18_phase_4_ensemble.py] [info]    CatBoost [advanced] KS-stat=0.0474 (poor_separation), bhattacharyya=-3.1058
[LN856    ] [chunk_18_phase_4_ensemble.py] [info]    LightGBM Permutation Importance:
[LN857    ] [chunk_18_phase_4_ensemble.py] [info]       Perf_Week: 0.0050
[LN858    ] [chunk_18_phase_4_ensemble.py] [info]       ATR: 0.0038
[LN859    ] [chunk_18_phase_4_ensemble.py] [info]       SMA50: 0.0038
[LN860    ] [chunk_18_phase_4_ensemble.py] [info]       Perf_Year: 0.0037
[LN861    ] [chunk_18_phase_4_ensemble.py] [info]       Prev_Close: 0.0028
[LN862    ] [chunk_18_phase_4_ensemble.py] [info]       Perf_Half_Y: 0.0019
[LN863    ] [chunk_18_phase_4_ensemble.py] [info]       Market_Cap: 0.0013
[LN864    ] [chunk_18_phase_4_ensemble.py] [info]       RSI_14: 0.0010
[LN865    ] [chunk_18_phase_4_ensemble.py] [info]       SMA20: 0.0009
[LN866    ] [chunk_18_phase_4_ensemble.py] [info]       Perf_Quarter: 0.0007
[LN867    ] [chunk_18_phase_4_ensemble.py] [info]       52W_Low: -0.0008
[LN868    ] [chunk_18_phase_4_ensemble.py] [info]       SMA200: -0.0009
[LN869    ] [chunk_18_phase_4_ensemble.py] [info]       Price: -0.0019
[LN870    ] [chunk_18_phase_4_ensemble.py] [info]       Avg_Volume: -0.0020
[LN871    ] [chunk_18_phase_4_ensemble.py] [info]       Ticker_id: -0.0021
[LN872    ] [chunk_18_phase_4_ensemble.py] [info]       Perf_YTD: -0.0022
[LN873    ] [chunk_18_phase_4_ensemble.py] [info]       Volume: -0.0027
[LN874    ] [chunk_18_phase_4_ensemble.py] [info]       Perf_Month: -0.0035
[LN875    ] [chunk_18_phase_4_ensemble.py] [info]       52W_High: -0.0063
[LN876    ] [chunk_18_phase_4_ensemble.py] [info]    LightGBM [advanced] entropy=34001.3942, LogitComp=2.19, MI=0.0001
[LN877    ] [chunk_18_phase_4_ensemble.py] [info]    LightGBM [advanced] KS-stat=0.0474 (poor_separation), bhattacharyya=-3.0965
[LN878    ] [chunk_18_phase_4_ensemble.py] [info]    XGBoost Permutation Importance:
[LN879    ] [chunk_18_phase_4_ensemble.py] [info]       Perf_Half_Y: 0.0997
[LN880    ] [chunk_18_phase_4_ensemble.py] [info]       Prev_Close: 0.0723
[LN881    ] [chunk_18_phase_4_ensemble.py] [info]       SMA50: 0.0703
[LN882    ] [chunk_18_phase_4_ensemble.py] [info]       52W_High: 0.0658
[LN883    ] [chunk_18_phase_4_ensemble.py] [info]       Market_Cap: 0.0656
[LN884    ] [chunk_18_phase_4_ensemble.py] [info]       RSI_14: 0.0602
[LN885    ] [chunk_18_phase_4_ensemble.py] [info]       SMA20: 0.0539
[LN886    ] [chunk_18_phase_4_ensemble.py] [info]       ATR: 0.0448
[LN887    ] [chunk_18_phase_4_ensemble.py] [info]       SMA200: 0.0349
[LN888    ] [chunk_18_phase_4_ensemble.py] [info]       Perf_Month: 0.0331
[LN889    ] [chunk_18_phase_4_ensemble.py] [info]       Perf_Year: 0.0331
[LN890    ] [chunk_18_phase_4_ensemble.py] [info]       52W_Low: 0.0231
[LN891    ] [chunk_18_phase_4_ensemble.py] [info]       Perf_Quarter: 0.0138
[LN892    ] [chunk_18_phase_4_ensemble.py] [info]       Perf_YTD: -0.0043
[LN893    ] [chunk_18_phase_4_ensemble.py] [info]       Price: -0.0149
[LN894    ] [chunk_18_phase_4_ensemble.py] [info]       Ticker_id: -0.0228
[LN895    ] [chunk_18_phase_4_ensemble.py] [info]       Avg_Volume: -0.0302
[LN896    ] [chunk_18_phase_4_ensemble.py] [info]       Perf_Week: -0.0410
[LN897    ] [chunk_18_phase_4_ensemble.py] [info]       Volume: -0.0458
[LN898    ] [chunk_18_phase_4_ensemble.py] [info]    XGBoost [advanced] entropy=1410.9740, LogitComp=3.90, MI=0.0001
[LN899    ] [chunk_18_phase_4_ensemble.py] [info]    XGBoost [advanced] KS-stat=0.0771 (poor_separation), bhattacharyya=-3.2148
[LN900    ] [chunk_18_phase_4_ensemble.py] [info]    Dense Permutation Importance:
[LN901    ] [chunk_18_phase_4_ensemble.py] [info]       SMA200: 0.0272
[LN902    ] [chunk_18_phase_4_ensemble.py] [info]       SMA20: 0.0127
[LN903    ] [chunk_18_phase_4_ensemble.py] [info]       RSI_14: 0.0126
[LN904    ] [chunk_18_phase_4_ensemble.py] [info]       Perf_Quarter: 0.0115
[LN905    ] [chunk_18_phase_4_ensemble.py] [info]       SMA50: 0.0105
[LN906    ] [chunk_18_phase_4_ensemble.py] [info]       Perf_Half_Y: 0.0080
[LN907    ] [chunk_18_phase_4_ensemble.py] [info]       52W_High: 0.0055
[LN908    ] [chunk_18_phase_4_ensemble.py] [info]       Market_Cap: 0.0036
[LN909    ] [chunk_18_phase_4_ensemble.py] [info]       Volume: -0.0014
[LN910    ] [chunk_18_phase_4_ensemble.py] [info]       Prev_Close: -0.0017
[LN911    ] [chunk_18_phase_4_ensemble.py] [info]       Avg_Volume: -0.0021
[LN912    ] [chunk_18_phase_4_ensemble.py] [info]       Perf_Year: -0.0039
[LN913    ] [chunk_18_phase_4_ensemble.py] [info]       Perf_Month: -0.0049
[LN914    ] [chunk_18_phase_4_ensemble.py] [info]       Ticker_id: -0.0058
[LN915    ] [chunk_18_phase_4_ensemble.py] [info]       52W_Low: -0.0110
[LN916    ] [chunk_18_phase_4_ensemble.py] [info]       Perf_Week: -0.0188
[LN917    ] [chunk_18_phase_4_ensemble.py] [info]       Perf_YTD: -0.0252
[LN918    ] [chunk_18_phase_4_ensemble.py] [info]       Price: -0.0331
[LN919    ] [chunk_18_phase_4_ensemble.py] [info]       ATR: -0.0536
[LN920    ] [chunk_18_phase_4_ensemble.py] [info]    Dense [advanced] entropy=9199.9756, LogitComp=4.14, MI=0.0002
[LN921    ] [chunk_18_phase_4_ensemble.py] [info]    Dense [advanced] KS-stat=0.0343 (poor_separation), bhattacharyya=-3.2194
[LN922    ] [chunk_18_phase_4_ensemble.py] [info]    CNN Permutation Importance:
[LN923    ] [chunk_18_phase_4_ensemble.py] [info]       Perf_Week: 0.0015
[LN924    ] [chunk_18_phase_4_ensemble.py] [info]       Avg_Volume: 0.0009
[LN925    ] [chunk_18_phase_4_ensemble.py] [info]       Price: 0.0005
[LN926    ] [chunk_18_phase_4_ensemble.py] [info]       Market_Cap: 0.0004
[LN927    ] [chunk_18_phase_4_ensemble.py] [info]       RSI_14: -0.0001
[LN928    ] [chunk_18_phase_4_ensemble.py] [info]       SMA20: -0.0002
[LN929    ] [chunk_18_phase_4_ensemble.py] [info]       52W_Low: -0.0018
[LN930    ] [chunk_18_phase_4_ensemble.py] [info]       SMA200: -0.0022
[LN931    ] [chunk_18_phase_4_ensemble.py] [info]       ATR: -0.0023
[LN932    ] [chunk_18_phase_4_ensemble.py] [info]       SMA50: -0.0026
[LN933    ] [chunk_18_phase_4_ensemble.py] [info]       Perf_Month: -0.0031
[LN934    ] [chunk_18_phase_4_ensemble.py] [info]       Perf_Half_Y: -0.0032
[LN935    ] [chunk_18_phase_4_ensemble.py] [info]       Perf_Quarter: -0.0032
[LN936    ] [chunk_18_phase_4_ensemble.py] [info]       Perf_Year: -0.0055
[LN937    ] [chunk_18_phase_4_ensemble.py] [info]       Volume: -0.0088
[LN938    ] [chunk_18_phase_4_ensemble.py] [info]       Prev_Close: -0.0094
[LN939    ] [chunk_18_phase_4_ensemble.py] [info]       Ticker_id: -0.0097
[LN940    ] [chunk_18_phase_4_ensemble.py] [info]       52W_High: -0.0129
[LN941    ] [chunk_18_phase_4_ensemble.py] [info]       Perf_YTD: -0.0129
[LN942    ] [chunk_18_phase_4_ensemble.py] [info]    CNN [advanced] entropy=nan, LogitComp=1.82, MI=0.0039
[LN943    ] [chunk_18_phase_4_ensemble.py] [info]    CNN [advanced] KS-stat=0.0869 (poor_separation), bhattacharyya=-2.9907
[LN944    ] [chunk_18_phase_4_ensemble.py] [info]    RNN Permutation Importance:
[LN945    ] [chunk_18_phase_4_ensemble.py] [info]       52W_Low: 0.0068
[LN946    ] [chunk_18_phase_4_ensemble.py] [info]       Perf_YTD: 0.0064
[LN947    ] [chunk_18_phase_4_ensemble.py] [info]       Price: 0.0054
[LN948    ] [chunk_18_phase_4_ensemble.py] [info]       52W_High: 0.0025
[LN949    ] [chunk_18_phase_4_ensemble.py] [info]       Ticker_id: 0.0020
[LN950    ] [chunk_18_phase_4_ensemble.py] [info]       Perf_Year: 0.0015
[LN951    ] [chunk_18_phase_4_ensemble.py] [info]       Volume: 0.0008
[LN952    ] [chunk_18_phase_4_ensemble.py] [info]       SMA200: 0.0008
[LN953    ] [chunk_18_phase_4_ensemble.py] [info]       RSI_14: 0.0005
[LN954    ] [chunk_18_phase_4_ensemble.py] [info]       Perf_Half_Y: 0.0005
[LN955    ] [chunk_18_phase_4_ensemble.py] [info]       Avg_Volume: 0.0001
[LN956    ] [chunk_18_phase_4_ensemble.py] [info]       ATR: -0.0001
[LN957    ] [chunk_18_phase_4_ensemble.py] [info]       SMA20: -0.0004
[LN958    ] [chunk_18_phase_4_ensemble.py] [info]       Perf_Week: -0.0007
[LN959    ] [chunk_18_phase_4_ensemble.py] [info]       SMA50: -0.0010
[LN960    ] [chunk_18_phase_4_ensemble.py] [info]       Prev_Close: -0.0011
[LN961    ] [chunk_18_phase_4_ensemble.py] [info]       Market_Cap: -0.0013
[LN962    ] [chunk_18_phase_4_ensemble.py] [info]       Perf_Month: -0.0014
[LN963    ] [chunk_18_phase_4_ensemble.py] [info]       Perf_Quarter: -0.0031
[LN964    ] [chunk_18_phase_4_ensemble.py] [info]    RNN [advanced] entropy=36749.3320, LogitComp=1.38, MI=0.0001
[LN965    ] [chunk_18_phase_4_ensemble.py] [info]    RNN [advanced] KS-stat=0.0275 (poor_separation), bhattacharyya=-4.3818
[LN966    ] [chunk_18_phase_4_ensemble.py] [info]    LSTM Permutation Importance:
[LN967    ] [chunk_18_phase_4_ensemble.py] [info]       Perf_Week: 0.0096
[LN968    ] [chunk_18_phase_4_ensemble.py] [info]       SMA50: 0.0056
[LN969    ] [chunk_18_phase_4_ensemble.py] [info]       Avg_Volume: 0.0029
[LN970    ] [chunk_18_phase_4_ensemble.py] [info]       Price: 0.0026
[LN971    ] [chunk_18_phase_4_ensemble.py] [info]       SMA200: 0.0019
[LN972    ] [chunk_18_phase_4_ensemble.py] [info]       Ticker_id: 0.0018
[LN973    ] [chunk_18_phase_4_ensemble.py] [info]       Perf_Half_Y: 0.0015
[LN974    ] [chunk_18_phase_4_ensemble.py] [info]       Prev_Close: 0.0014
[LN975    ] [chunk_18_phase_4_ensemble.py] [info]       SMA20: 0.0014
[LN976    ] [chunk_18_phase_4_ensemble.py] [info]       Perf_Year: 0.0008
[LN977    ] [chunk_18_phase_4_ensemble.py] [info]       52W_Low: 0.0004
[LN978    ] [chunk_18_phase_4_ensemble.py] [info]       Volume: -0.0012
[LN979    ] [chunk_18_phase_4_ensemble.py] [info]       RSI_14: -0.0017
[LN980    ] [chunk_18_phase_4_ensemble.py] [info]       Perf_Quarter: -0.0025
[LN981    ] [chunk_18_phase_4_ensemble.py] [info]       Perf_Month: -0.0026
[LN982    ] [chunk_18_phase_4_ensemble.py] [info]       Perf_YTD: -0.0026
[LN983    ] [chunk_18_phase_4_ensemble.py] [info]       52W_High: -0.0033
[LN984    ] [chunk_18_phase_4_ensemble.py] [info]       ATR: -0.0040
[LN985    ] [chunk_18_phase_4_ensemble.py] [info]       Market_Cap: -0.0050
[LN986    ] [chunk_18_phase_4_ensemble.py] [info]    LSTM [advanced] entropy=29759.7109, LogitComp=1.93, MI=0.0000
[LN987    ] [chunk_18_phase_4_ensemble.py] [info]    LSTM [advanced] KS-stat=0.0279 (poor_separation), bhattacharyya=-3.1305
[LN988    ] [chunk_18_phase_4_ensemble.py] [info]    VAE Permutation Importance:
[LN989    ] [chunk_18_phase_4_ensemble.py] [info]       Avg_Volume: -0.0032
[LN990    ] [chunk_18_phase_4_ensemble.py] [info]       SMA20: -0.0064
[LN991    ] [chunk_18_phase_4_ensemble.py] [info]       Perf_Year: -0.0071
[LN992    ] [chunk_18_phase_4_ensemble.py] [info]       Ticker_id: -0.0087
[LN993    ] [chunk_18_phase_4_ensemble.py] [info]       Prev_Close: -0.0095
[LN994    ] [chunk_18_phase_4_ensemble.py] [info]       Volume: -0.0096
[LN995    ] [chunk_18_phase_4_ensemble.py] [info]       ATR: -0.0097
[LN996    ] [chunk_18_phase_4_ensemble.py] [info]       Perf_Week: -0.0098
[LN997    ] [chunk_18_phase_4_ensemble.py] [info]       52W_Low: -0.0103
[LN998    ] [chunk_18_phase_4_ensemble.py] [info]       Perf_Month: -0.0104
[LN999    ] [chunk_18_phase_4_ensemble.py] [info]       Perf_Half_Y: -0.0121
[LN1000   ] [chunk_18_phase_4_ensemble.py] [info]       Perf_YTD: -0.0121
[LN1001   ] [chunk_18_phase_4_ensemble.py] [info]       SMA200: -0.0122
[LN1002   ] [chunk_18_phase_4_ensemble.py] [info]       RSI_14: -0.0125
[LN1003   ] [chunk_18_phase_4_ensemble.py] [info]       SMA50: -0.0126
[LN1004   ] [chunk_18_phase_4_ensemble.py] [info]       Price: -0.0144
[LN1005   ] [chunk_18_phase_4_ensemble.py] [info]       Perf_Quarter: -0.0147
[LN1006   ] [chunk_18_phase_4_ensemble.py] [info]       52W_High: -0.0152
[LN1007   ] [chunk_18_phase_4_ensemble.py] [info]       Market_Cap: -0.0343
[LN1008   ] [chunk_18_phase_4_ensemble.py] [info]    VAE [advanced] entropy=nan, LogitComp=2.97, MI=0.0009
[LN1009   ] [chunk_18_phase_4_ensemble.py] [info]    VAE [advanced] KS-stat=0.0393 (poor_separation), bhattacharyya=-2.9941
[LN1010   ] [chunk_18_phase_4_ensemble.py] [info]    Transformer Permutation Importance:
[LN1011   ] [chunk_18_phase_4_ensemble.py] [info]       Perf_YTD: 0.0020
[LN1012   ] [chunk_18_phase_4_ensemble.py] [info]       SMA50: 0.0018
[LN1013   ] [chunk_18_phase_4_ensemble.py] [info]       Perf_Week: 0.0013
[LN1014   ] [chunk_18_phase_4_ensemble.py] [info]       Perf_Half_Y: 0.0013
[LN1015   ] [chunk_18_phase_4_ensemble.py] [info]       52W_High: 0.0006
[LN1016   ] [chunk_18_phase_4_ensemble.py] [info]       52W_Low: 0.0002
[LN1017   ] [chunk_18_phase_4_ensemble.py] [info]       Volume: -0.0000
[LN1018   ] [chunk_18_phase_4_ensemble.py] [info]       Perf_Month: -0.0003
[LN1019   ] [chunk_18_phase_4_ensemble.py] [info]       RSI_14: -0.0007
[LN1020   ] [chunk_18_phase_4_ensemble.py] [info]       Ticker_id: -0.0009
[LN1021   ] [chunk_18_phase_4_ensemble.py] [info]       Market_Cap: -0.0009
[LN1022   ] [chunk_18_phase_4_ensemble.py] [info]       SMA20: -0.0014
[LN1023   ] [chunk_18_phase_4_ensemble.py] [info]       Perf_Quarter: -0.0016
[LN1024   ] [chunk_18_phase_4_ensemble.py] [info]       Prev_Close: -0.0019
[LN1025   ] [chunk_18_phase_4_ensemble.py] [info]       SMA200: -0.0023
[LN1026   ] [chunk_18_phase_4_ensemble.py] [info]       ATR: -0.0033
[LN1027   ] [chunk_18_phase_4_ensemble.py] [info]       Avg_Volume: -0.0034
[LN1028   ] [chunk_18_phase_4_ensemble.py] [info]       Perf_Year: -0.0037
[LN1029   ] [chunk_18_phase_4_ensemble.py] [info]       Price: -0.0081
[LN1030   ] [chunk_18_phase_4_ensemble.py] [info]    Transformer [advanced] entropy=36398.6133, LogitComp=1.41, MI=0.0009
[LN1031   ] [chunk_18_phase_4_ensemble.py] [info]    Transformer [advanced] KS-stat=0.0479 (poor_separation), bhattacharyya=-3.7116
[LN1032   ] [chunk_18_phase_4_ensemble.py] [info] Filtering architectures by minimum validation_precision > 0.53:
[LN1033   ] [chunk_18_phase_4_ensemble.py] [info]   CatBoost: validation_precision=0.5286 FAIL (Minimum Validation_Precision Required=0.53)
[LN1034   ] [chunk_18_phase_4_ensemble.py] [info]   LightGBM: validation_precision=0.5323 PASS (Minimum Validation_Precision Required=0.53)
[LN1035   ] [chunk_18_phase_4_ensemble.py] [info]   XGBoost: validation_precision=0.0896 FAIL (Minimum Validation_Precision Required=0.53)
[LN1036   ] [chunk_18_phase_4_ensemble.py] [info]   Dense: validation_precision=0.1660 FAIL (Minimum Validation_Precision Required=0.53)
[LN1037   ] [chunk_18_phase_4_ensemble.py] [info]   CNN: validation_precision=0.0213 FAIL (Minimum Validation_Precision Required=0.53)
[LN1038   ] [chunk_18_phase_4_ensemble.py] [info]   RNN: validation_precision=0.5522 PASS (Minimum Validation_Precision Required=0.53)
[LN1039   ] [chunk_18_phase_4_ensemble.py] [info]   LSTM: validation_precision=0.5362 PASS (Minimum Validation_Precision Required=0.53)
[LN1040   ] [chunk_18_phase_4_ensemble.py] [info]   VAE: validation_precision=0.0259 FAIL (Minimum Validation_Precision Required=0.53)
[LN1041   ] [chunk_18_phase_4_ensemble.py] [info]   Transformer: validation_precision=0.5220 FAIL (Minimum Validation_Precision Required=0.53)
[LN1042   ] [chunk_18_phase_4_ensemble.py] [info] ensemble: 3 architectures (LightGBM, RNN, LSTM)
[LN1043   ] [chunk_18_phase_4_ensemble.py] [info]    [diagnostic-ensemble]  cumulative binary_split_predictions (1%) ≤ 0.2835, (5%) ≤ 0.3155, (10%) ≤ 0.3353, (25%) ≤ 0.3776, (50%) ≤ 0.4481, (75%) ≤ 0.5354, (90%) ≤ 0.6073, (95%) ≤ 0.6416, (99%) ≤ 0.6944, max=0.7896 binary_split_predictions distribution: 0% ≤ 0.01, 0% ≤ 0.02, 0% ≤ 0.05, 0% ≤ 0.1, 0% ≤ 0.2, 66% ≤ 0.5, 34% ≥ 0.50
[LN1044   ] [chunk_18_phase_4_ensemble.py] [info] Ensemble precision (validation): 0.5354 (LABEL_THRESHOLD=0.0, prediction_binary_split=0.50)
[LN1045   ] [chunk_18_phase_4_ensemble.py] [info] ARCHITECTURE RANKING (by validation_precision)
[LN1046   ] [chunk_18_phase_4_ensemble.py] [info] 1. RNN          label_threshold=0.0 validation_precision=0.5522 VALIDATION_TRUE_POSITIVES=8897 VALIDATION_TRUE_NEGATIVES=17266 validation_false_positives=7214 validation_false_negatives=19877 validation_max_prediction=0.6833 validation_mean_prediction=0.4967 validation_recall=0.3092 validation_f1=0.3964 validation_auc=0.5062 validation_specificity=0.7053 validation_false_positive_rate=0.2947 validation_f2=0.3390 validation_mcc=0.0157 validation_prauc=0.5501 validation_balanced_accuracy=0.5073 validation_brier=0.2509 validation_kappa=0.0140 validation_informedness=0.0145 validation_markedness=0.2575 validation_gini=0.0123 validation_optimal_threshold=0.5372 validation_standard_deviation_prediction=0.0389 validation_percentage_above_threshold=30.25
[LN1047   ] [chunk_18_phase_4_ensemble.py] [info] 2. LSTM         label_threshold=0.0 validation_precision=0.5362 VALIDATION_TRUE_POSITIVES=11861 VALIDATION_TRUE_NEGATIVES=14221 validation_false_positives=10259 validation_false_negatives=16913 validation_max_prediction=0.9090 validation_mean_prediction=0.4377 validation_recall=0.4122 validation_f1=0.4661 validation_auc=0.4943 validation_specificity=0.5809 validation_false_positive_rate=0.4191 validation_f2=0.4322 validation_mcc=-0.0069 validation_prauc=0.5239 validation_balanced_accuracy=0.4966 validation_brier=0.3186 validation_kappa=-0.0067 validation_informedness=-0.0069 validation_markedness=0.1171 validation_gini=0.0000 validation_optimal_threshold=0.3152 validation_standard_deviation_prediction=0.2385 validation_percentage_above_threshold=41.54
[LN1048   ] [chunk_18_phase_4_ensemble.py] [info] 3. LightGBM     label_threshold=0.0 validation_precision=0.5323 VALIDATION_TRUE_POSITIVES=9966 VALIDATION_TRUE_NEGATIVES=15722 validation_false_positives=8758 validation_false_negatives=18808 validation_max_prediction=0.9772 validation_mean_prediction=0.4455 validation_recall=0.3464 validation_f1=0.4196 validation_auc=0.4830 validation_specificity=0.6422 validation_false_positive_rate=0.3578 validation_f2=0.3724 validation_mcc=-0.0119 validation_prauc=0.5533 validation_balanced_accuracy=0.4943 validation_brier=0.2823 validation_kappa=-0.0111 validation_informedness=-0.0114 validation_markedness=0.1745 validation_gini=0.0000 validation_optimal_threshold=0.6762 validation_standard_deviation_prediction=0.1514 validation_percentage_above_threshold=35.16
[LN1049   ] [chunk_18_phase_4_ensemble.py] [info] 4. CatBoost     label_threshold=0.0 validation_precision=0.5286 VALIDATION_TRUE_POSITIVES=10817 VALIDATION_TRUE_NEGATIVES=14834 validation_false_positives=9646 validation_false_negatives=17957 validation_max_prediction=0.9684 validation_mean_prediction=0.4732 validation_recall=0.3759 validation_f1=0.4394 validation_auc=0.4821 validation_specificity=0.6060 validation_false_positive_rate=0.3940 validation_f2=0.3990 validation_mcc=-0.0186 validation_prauc=0.5488 validation_balanced_accuracy=0.4909 validation_brier=0.2676 validation_kappa=-0.0177 validation_informedness=-0.0181 validation_markedness=0.1346 validation_gini=0.0000 validation_optimal_threshold=0.6675 validation_standard_deviation_prediction=0.1167 validation_percentage_above_threshold=38.43
[LN1050   ] [chunk_18_phase_4_ensemble.py] [info] 5. Transformer  label_threshold=0.0 validation_precision=0.5220 VALIDATION_TRUE_POSITIVES=16206 VALIDATION_TRUE_NEGATIVES=9639 validation_false_positives=14841 validation_false_negatives=12568 validation_max_prediction=0.7197 validation_mean_prediction=0.5094 validation_recall=0.5632 validation_f1=0.5418 validation_auc=0.4763 validation_specificity=0.3937 validation_false_positive_rate=0.6062 validation_f2=0.5545 validation_mcc=-0.0435 validation_prauc=0.5389 validation_balanced_accuracy=0.4785 validation_brier=0.2568 validation_kappa=-0.0433 validation_informedness=-0.0430 validation_markedness=-0.0843 validation_gini=0.0000 validation_optimal_threshold=0.6141 validation_standard_deviation_prediction=0.0685 validation_percentage_above_threshold=58.30
[LN1051   ] [chunk_18_phase_4_ensemble.py] [info] 6. Dense        label_threshold=10.0 validation_precision=0.1660 VALIDATION_TRUE_POSITIVES=39 VALIDATION_TRUE_NEGATIVES=51861 validation_false_positives=196 validation_false_negatives=1158 validation_max_prediction=0.7988 validation_mean_prediction=0.0537 validation_recall=0.0326 validation_f1=0.0545 validation_auc=0.7037 validation_specificity=0.9962 validation_false_positive_rate=0.0038 validation_f2=0.0388 validation_mcc=0.0644 validation_prauc=0.0652 validation_balanced_accuracy=0.5144 validation_brier=0.0255 validation_kappa=0.0474 validation_informedness=0.0288 validation_markedness=0.1622 validation_gini=0.4075 validation_optimal_threshold=0.0425 validation_standard_deviation_prediction=0.0740 validation_percentage_above_threshold=0.44
[LN1052   ] [chunk_18_phase_4_ensemble.py] [info] 7. XGBoost      label_threshold=20.0 validation_precision=0.0896 VALIDATION_TRUE_POSITIVES=6 VALIDATION_TRUE_NEGATIVES=52857 validation_false_positives=61 validation_false_negatives=330 validation_max_prediction=0.9025 validation_mean_prediction=0.0076 validation_recall=0.0179 validation_f1=0.0298 validation_auc=0.8249 validation_specificity=0.9988 validation_false_positive_rate=0.0012 validation_f2=0.0213 validation_mcc=0.0373 validation_prauc=0.0269 validation_balanced_accuracy=0.5084 validation_brier=0.0072 validation_kappa=0.0277 validation_informedness=0.0167 validation_markedness=0.0884 validation_gini=0.6499 validation_optimal_threshold=0.0010 validation_standard_deviation_prediction=0.0362 validation_percentage_above_threshold=0.13
[LN1053   ] [chunk_18_phase_4_ensemble.py] [info] 8. VAE          label_threshold=20.0 validation_precision=0.0259 VALIDATION_TRUE_POSITIVES=185 VALIDATION_TRUE_NEGATIVES=45967 validation_false_positives=6951 validation_false_negatives=151 validation_max_prediction=1.0000 validation_mean_prediction=0.2268 validation_recall=0.5506 validation_f1=0.0495 validation_auc=0.7976 validation_specificity=0.8686 validation_false_positive_rate=0.1314 validation_f2=0.1091 validation_mcc=0.0974 validation_prauc=0.0384 validation_balanced_accuracy=0.7096 validation_brier=0.0972 validation_kappa=0.0379 validation_informedness=0.4192 validation_markedness=-0.1054 validation_gini=0.5951 validation_optimal_threshold=0.3730 validation_standard_deviation_prediction=0.2145 validation_percentage_above_threshold=13.40
[LN1054   ] [chunk_18_phase_4_ensemble.py] [info] 9. CNN          label_threshold=20.0 validation_precision=0.0213 VALIDATION_TRUE_POSITIVES=302 VALIDATION_TRUE_NEGATIVES=39058 validation_false_positives=13860 validation_false_negatives=34 validation_max_prediction=1.0000 validation_mean_prediction=0.2357 validation_recall=0.8988 validation_f1=0.0417 validation_auc=0.8962 validation_specificity=0.7381 validation_false_positive_rate=0.2619 validation_f2=0.0974 validation_mcc=0.1141 validation_prauc=0.0593 validation_balanced_accuracy=0.8184 validation_brier=0.1436 validation_kappa=0.0297 validation_informedness=0.6369 validation_markedness=-0.2406 validation_gini=0.7924 validation_optimal_threshold=0.5807 validation_standard_deviation_prediction=0.3017 validation_percentage_above_threshold=26.59
[LN1055   ] [chunk_18_phase_4_ensemble.py] [info] hyperparameter_optimization IMPACT SUMMARY
[LN1056   ] [chunk_18_phase_4_ensemble.py] [info] CatBoost     pre_hpo_validation_precision=0.5240 post_hpo_validation_precision=0.5286 hpo_improved=Yes
[LN1057   ] [chunk_18_phase_4_ensemble.py] [info] LightGBM     pre_hpo_validation_precision=0.5319 post_hpo_validation_precision=0.5323 hpo_improved=Yes
[LN1058   ] [chunk_18_phase_4_ensemble.py] [info] XGBoost      pre_hpo_validation_precision=0.0896 post_hpo_validation_precision=0.0624 hpo_improved=No
[LN1059   ] [chunk_18_phase_4_ensemble.py] [info] Dense        pre_hpo_validation_precision=0.0000 post_hpo_validation_precision=0.0854 hpo_improved=Yes
[LN1060   ] [chunk_18_phase_4_ensemble.py] [info] CNN          pre_hpo_validation_precision=0.0000 post_hpo_validation_precision=0.0213 hpo_improved=Yes
[LN1061   ] [chunk_18_phase_4_ensemble.py] [info] RNN          pre_hpo_validation_precision=0.5301 post_hpo_validation_precision=0.5522 hpo_improved=Yes
[LN1062   ] [chunk_18_phase_4_ensemble.py] [info] LSTM         pre_hpo_validation_precision=0.0000 post_hpo_validation_precision=0.0201 hpo_improved=Yes
[LN1063   ] [chunk_18_phase_4_ensemble.py] [info] VAE          pre_hpo_validation_precision=0.0000 post_hpo_validation_precision=0.0293 hpo_improved=Yes
[LN1064   ] [chunk_18_phase_4_ensemble.py] [info] Transformer  pre_hpo_validation_precision=0.5220 post_hpo_validation_precision=0.5208 hpo_improved=No
[LN1065   ] [chunk_18_phase_4_ensemble.py] [info] TRAINING TIME SUMMARY
[LN1066   ] [chunk_18_phase_4_ensemble.py] [info]    CatBoost: 49.9s
[LN1067   ] [chunk_18_phase_4_ensemble.py] [info]    LightGBM: 26.3s
[LN1068   ] [chunk_18_phase_4_ensemble.py] [info]    XGBoost: 22.3s
[LN1069   ] [chunk_18_phase_4_ensemble.py] [info]    Dense: 374.1s
[LN1070   ] [chunk_18_phase_4_ensemble.py] [info]    CNN: 2214.5s
[LN1071   ] [chunk_18_phase_4_ensemble.py] [info]    RNN: 1108.6s
[LN1072   ] [chunk_18_phase_4_ensemble.py] [info]    LSTM: 3056.1s
[LN1073   ] [chunk_18_phase_4_ensemble.py] [info]    VAE: 541.6s
[LN1074   ] [chunk_18_phase_4_ensemble.py] [info]    Transformer: 849.5s
[LN1075   ] [chunk_18_phase_4_ensemble.py] [info]    total: 8242.9s
[LN1076   ] [chunk_18_phase_4_ensemble.py] [info]    Skipping CatBoost (precision 0.5286 < 0.53)
[LN1077   ] [chunk_18_phase_4_ensemble.py] [info]    Saved LightGBM model to ./saved_models/LightGBM_model.keras
[LN1078   ] [chunk_18_phase_4_ensemble.py] [info]    Skipping XGBoost (precision 0.0896 < 0.53)
[LN1079   ] [chunk_18_phase_4_ensemble.py] [info]    Skipping Dense (precision 0.1660 < 0.53)
[LN1080   ] [chunk_18_phase_4_ensemble.py] [info]    Skipping CNN (precision 0.0213 < 0.53)
[LN1081   ] [chunk_18_phase_4_ensemble.py] [info]    Saved RNN model to ./saved_models/RNN_model.keras
[LN1082   ] [chunk_18_phase_4_ensemble.py] [info]    Saved RNN scaler to ./saved_models/RNN_scaler.joblib
[LN1083   ] [chunk_18_phase_4_ensemble.py] [info]    Saved LSTM model to ./saved_models/LSTM_model.keras
[LN1084   ] [chunk_18_phase_4_ensemble.py] [info]    Saved LSTM scaler to ./saved_models/LSTM_scaler.joblib
[LN1085   ] [chunk_18_phase_4_ensemble.py] [info]    Skipping VAE (precision 0.0259 < 0.53)
[LN1086   ] [chunk_18_phase_4_ensemble.py] [info]    Skipping Transformer (precision 0.5220 < 0.53)
[LN1087   ] [chunk_18_phase_4_ensemble.py] [info]    Saved temporal weights to ./saved_models/temporal_weights.json
[LN1088   ] [chunk_18_phase_4_ensemble.py] [info]    Saved feature names to ./saved_models/feature_names.json
[LN1089   ] [chunk_18_phase_4_ensemble.py] [info]    Saved split date to ./saved_models/split_date.txt
[LN1090   ] [chunk_18_phase_4_ensemble.py] [info]    Saved all training dates to ./saved_models/all_dates.json
[LN1091   ] [chunk_18_phase_4_ensemble.py] [info]    Saved LightGBM metadata to ./saved_models/LightGBM_metadata.json
[LN1092   ] [chunk_18_phase_4_ensemble.py] [info]    Saved RNN metadata to ./saved_models/RNN_metadata.json
[LN1093   ] [chunk_18_phase_4_ensemble.py] [info]    Saved LSTM metadata to ./saved_models/LSTM_metadata.json
[LN1094   ] [chunk_18_phase_4_ensemble.py] [info]    3 model(s) and parameters saved to ./saved_models
[LN1095   ] [chunk_XX_phase_feature_analysis_b.py] [info] Phase Xb: Temporal Precision Gap Analysis - Starting
[LN1096   ] [chunk_XX_phase_feature_analysis_b.py] [info] Analyzing temporal precision gap for 9 architectures
[LN1097   ] [chunk_XX_phase_feature_analysis_b.py] [info] Label threshold: 20.0, Prediction threshold: 0.5
[LN1098   ] [chunk_XX_phase_feature_analysis_b.py] [info] Validation date split: 9 unique dates, tail=3 days each (N_DAYS=3, FRACTION=33%)
[LN1099   ] [chunk_XX_phase_feature_analysis_b.py] [info] Validation Recent dates (newest 3 days, 20251017..20251021): 17,747 samples, 91 signal cases
[LN1100   ] [chunk_XX_phase_feature_analysis_b.py] [info] Validation Older dates (oldest 3 days, 20251009..20251013): 17,755 samples, 139 signal cases
[LN1101   ] [chunk_XX_phase_feature_analysis_b.py] [info] Temporal Precision Gap (validation set): Recent = newest 3 days (20251017..20251021), Older = oldest 3 days (20251009..20251013), middle 3 days excluded as buffer
[LN1102   ] [chunk_XX_phase_feature_analysis_b.py] [info] Phase Xb: Temporal Precision Gap Analysis Report - FULL METRICS
[LN1103   ] [chunk_XX_phase_feature_analysis_b.py] [info] Architecture validation_recent_precision validation_recent_recall validation_recent_auc validation_recent_f1 validation_older_precision validation_older_recall validation_older_auc validation_older_f1    Gap
[LN1104   ] [chunk_XX_phase_feature_analysis_b.py] [info] Dense        validation_recent_precision=  0.1910 validation_recent_recall=  0.1868 validation_recent_auc=    0.8161 validation_recent_f1=  0.1889 validation_older_precision=  0.0267 validation_older_recall=  0.0144 validation_older_auc=    0.6526 validation_older_f1=  0.0187 Gap= +0.16
[LN1105   ] [chunk_XX_phase_feature_analysis_b.py] [info] RNN          validation_recent_precision=  0.0030 validation_recent_recall=  0.1209 validation_recent_auc=    0.4589 validation_recent_f1=  0.0058 validation_older_precision=  0.0048 validation_older_recall=  0.2374 validation_older_auc=    0.4421 validation_older_f1=  0.0094 Gap= -0.00
[LN1106   ] [chunk_XX_phase_feature_analysis_b.py] [info] VAE          validation_recent_precision=  0.0276 validation_recent_recall=  0.6484 validation_recent_auc=    0.8560 validation_recent_f1=  0.0530 validation_older_precision=  0.0297 validation_older_recall=  0.5540 validation_older_auc=    0.7993 validation_older_f1=  0.0565 Gap= -0.00
[LN1107   ] [chunk_XX_phase_feature_analysis_b.py] [info] LSTM         validation_recent_precision=  0.0063 validation_recent_recall=  0.4725 validation_recent_auc=    0.5830 validation_recent_f1=  0.0124 validation_older_precision=  0.0095 validation_older_recall=  0.5396 validation_older_auc=    0.5937 validation_older_f1=  0.0186 Gap= -0.00
[LN1108   ] [chunk_XX_phase_feature_analysis_b.py] [info] Transformer  validation_recent_precision=  0.0063 validation_recent_recall=  0.6154 validation_recent_auc=    0.5611 validation_recent_f1=  0.0124 validation_older_precision=  0.0096 validation_older_recall=  0.7842 validation_older_auc=    0.5813 validation_older_f1=  0.0190 Gap= -0.00
[LN1109   ] [chunk_XX_phase_feature_analysis_b.py] [info] CatBoost     validation_recent_precision=  0.0059 validation_recent_recall=  0.3297 validation_recent_auc=    0.5047 validation_recent_f1=  0.0116 validation_older_precision=  0.0105 validation_older_recall=  0.6259 validation_older_auc=    0.6034 validation_older_f1=  0.0207 Gap= -0.00
[LN1110   ] [chunk_XX_phase_feature_analysis_b.py] [info] LightGBM     validation_recent_precision=  0.0044 validation_recent_recall=  0.2198 validation_recent_auc=    0.5102 validation_recent_f1=  0.0087 validation_older_precision=  0.0110 validation_older_recall=  0.6115 validation_older_auc=    0.5942 validation_older_f1=  0.0215 Gap= -0.01
[LN1111   ] [chunk_XX_phase_feature_analysis_b.py] [info] CNN          validation_recent_precision=  0.0176 validation_recent_recall=  0.8901 validation_recent_auc=    0.9105 validation_recent_f1=  0.0344 validation_older_precision=  0.0264 validation_older_recall=  0.9137 validation_older_auc=    0.8877 validation_older_f1=  0.0512 Gap= -0.01
[LN1112   ] [chunk_XX_phase_feature_analysis_b.py] [info] XGBoost      validation_recent_precision=  0.0000 validation_recent_recall=  0.0000 validation_recent_auc=    0.8256 validation_recent_f1=  0.0000 validation_older_precision=  0.1786 validation_older_recall=  0.0360 validation_older_auc=    0.8433 validation_older_f1=  0.0599 Gap= -0.18
[LN1113   ] [chunk_XX_phase_feature_analysis_b.py] [info] BEST for recent signals: Dense (Gap: +0.1643)
[LN1114   ] [chunk_XX_phase_feature_analysis_b.py] [info] WORST for recent signals: XGBoost (Gap: -0.1786)
[LN1115   ] [chunk_XX_phase_feature_analysis_b.py] [info] 1/9 architectures show positive temporal precision gap
[LN1116   ] [chunk_XX_phase_feature_analysis_b.py] [info] Phase Xb: Temporal Precision Gap Analysis - COMPLETE
[LN1117   ] [chunk_20_pipeline_main.py] [info] [skip] Phase Xb: Temporal Precision Gap validation skipped (no validator)
[LN1118   ] [chunk_19_phase_5_optimization.py] [info] Loading saved models from ./saved_models...
[LN1119   ] [chunk_22_model_loader.py] [info] Loaded LightGBM model (sklearn)
[LN1120   ] [chunk_22_model_loader.py] [info] Loaded LightGBM metadata: label_threshold=0.0
[LN1121   ] [chunk_22_model_loader.py] [info] Loaded RNN model
[LN1122   ] [chunk_22_model_loader.py] [info] Loaded RNN metadata: label_threshold=0.0
[LN1123   ] [chunk_22_model_loader.py] [info] Loaded LSTM model
[LN1124   ] [chunk_22_model_loader.py] [info] Loaded LSTM metadata: label_threshold=0.0
[LN1125   ] [chunk_19_phase_5_optimization.py] [info] Loaded architectures: ['LightGBM', 'RNN', 'LSTM']
[LN1126   ] [chunk_19_phase_5_optimization.py] [info] Receiving inference data from context (NO CSV loading)...
[LN1127   ] [chunk_19_phase_5_optimization.py] [info]   Inference samples: 11,844
[LN1128   ] [chunk_19_phase_5_optimization.py] [info]   Inference date(s): [20251022 20251023]
[LN1129   ] [chunk_19_phase_5_optimization.py] [info]   Feature count: 24
[LN1130   ] [chunk_19_phase_5_optimization.py] [info]   Features will be selected per-architecture from 24 total
[LN1131   ] [chunk_19_phase_5_optimization.py] [info]   Label threshold: 20.0
[LN1132   ] [chunk_19_phase_5_optimization.py] [info]   Inference data: RAW (no temporal weighting applied)
[LN1133   ] [chunk_19_phase_5_optimization.py] [info]   X shape (RAW, no weighting): (11844, 24)
[LN1134   ] [chunk_19_phase_5_optimization.py] [info]   y shape: (11844,)
[LN1135   ] [chunk_19_phase_5_optimization.py] [info]   Temporal weights applied: min=1.00, max=2.24
[LN1136   ] [chunk_19_phase_5_optimization.py] [info] 
[LN1137   ] [chunk_19_phase_5_optimization.py] [info] Per-Architecture Results on Newest Data
[LN1138   ] [chunk_19_phase_5_optimization.py] [info]   LightGBM: using 19 features (optimal threshold's pruning)
[LN1139   ] [chunk_19_phase_5_optimization.py] [info] LightGBM (LABEL_THRESHOLD=0.0, prediction_binary_split=0.50, hyperparams={'n_estimators': 800, 'num_leaves': 127, 'learning_rate': 0.05, 'min_child_samples': 200, 'reg_alpha': 0.1, 'reg_lambda': 5.0, 'subsample': 0.6, 'colsample_bytree': 0.8, 'min_split_gain': 0.1}, VALIDATION_PRECISION=0.5323):
[LN1140   ] [chunk_19_phase_5_optimization.py] [info]    predictions: mean=0.5334, std=0.1179, min=0.1145, max=0.9871
[LN1141   ] [chunk_19_phase_5_optimization.py] [info]    INFERENCE predictions: 63.62% positive predictions (7,535 / 11,844)
[LN1142   ] [chunk_19_phase_5_optimization.py] [info]   LightGBM t=0.0: inference_precision=0.6848 inference_recall=0.6708 inference_auc=0.5655 inference_f1=0.6777 inference_false_negatives=2532 inference_true_negatives=1777 inference_true_positives=5160 inference_false_positives=2375
[LN1143   ] [chunk_19_phase_5_optimization.py] [info]   LightGBM - Inference: inference_precision=0.6848 inference_true_positives=5160 inference_true_negatives=1777 inference_false_positives=2375 inference_false_negatives=2532 inference_max_prediction=0.9871 inference_mean_prediction=0.5334 inference_recall=0.6708 inference_f1=0.6777 inference_auc=0.5655 inference_specificity=0.4280 inference_false_positive_rate=0.5720 inference_f2=0.6736 inference_mcc=0.0980 inference_prauc=0.7006 inference_balanced_accuracy=0.5494 inference_standard_deviation_prediction=0.1179 inference_percentage_above_threshold=63.62 inference_brier=0.2416 inference_kappa=0.0980 inference_informedness=0.0988 inference_markedness=0.1128 inference_gini=0.1311 inference_optimal_threshold=0.4958
[LN1144   ] [chunk_19_phase_5_optimization.py] [info] 
[LN1145   ] [chunk_19_phase_5_optimization.py] [info] LightGBM MODEL PREDICTED SIGNAL (7535 rows)
[LN1146   ] [chunk_19_phase_5_optimization.py] [info] LightGBM inference_precision=0.6848 prediction_binary_split=0.5 predicted=7535
[LN1147   ] [chunk_19_phase_5_optimization.py] [info] Row,Market_Cap,52W_Low,Prev_Close,Price,Volume,52W_High,Ticker_id,Perf_YTD,Perf_Year,SMA200,Perf_Half_Y,Avg_Volume,Perf_Quarter,SMA50,Perf_Month,SMA20,ATR,RSI_14,Perf_Week,Rel_Volume,Change,Price_to_52W_High,Volume_to_Avg_Volume,Price_to_52W_Low
[LN1148   ] [chunk_19_phase_5_optimization.py] [info]   RNN: using 19 features (optimal threshold's pruning)
[LN1149   ] [chunk_19_phase_5_optimization.py] [info] RNN (LABEL_THRESHOLD=0.0, prediction_binary_split=0.50, hyperparams={'loss_function': 'binary_crossentropy', 'units': 64, 'dropout': 0.0, 'learning_rate': 0.001, 'epochs': 30, 'alpha': 0.25, 'gamma': 3.5, 'layers': 1}, VALIDATION_PRECISION=0.5522):
[LN1150   ] [chunk_19_phase_5_optimization.py] [info]    predictions: mean=0.5078, std=0.0426, min=0.4295, max=0.6736
[LN1151   ] [chunk_19_phase_5_optimization.py] [info]    INFERENCE predictions: 47.04% positive predictions (5,571 / 11,844)
[LN1152   ] [chunk_19_phase_5_optimization.py] [info]   RNN t=0.0: inference_precision=0.6796 inference_recall=0.4922 inference_auc=0.5422 inference_f1=0.5709 inference_false_negatives=3906 inference_true_negatives=2367 inference_true_positives=3786 inference_false_positives=1785
[LN1153   ] [chunk_19_phase_5_optimization.py] [info]   RNN - Inference: inference_precision=0.6796 inference_true_positives=3786 inference_true_negatives=2367 inference_false_positives=1785 inference_false_negatives=3906 inference_max_prediction=0.6736 inference_mean_prediction=0.5078 inference_recall=0.4922 inference_f1=0.5709 inference_auc=0.5422 inference_specificity=0.5701 inference_false_positive_rate=0.4299 inference_f2=0.5209 inference_mcc=0.0595 inference_prauc=0.6789 inference_balanced_accuracy=0.5311 inference_standard_deviation_prediction=0.0426 inference_percentage_above_threshold=47.04 inference_brier=0.2469 inference_kappa=0.0557 inference_informedness=0.0623 inference_markedness=0.2497 inference_gini=0.0844 inference_optimal_threshold=0.5133
[LN1154   ] [chunk_19_phase_5_optimization.py] [info] 
[LN1155   ] [chunk_19_phase_5_optimization.py] [info] RNN MODEL PREDICTED SIGNAL (5571 rows)
[LN1156   ] [chunk_19_phase_5_optimization.py] [info] RNN inference_precision=0.6796 prediction_binary_split=0.5 predicted=5571
[LN1157   ] [chunk_19_phase_5_optimization.py] [info] Row,Market_Cap,52W_Low,Prev_Close,Price,Volume,52W_High,Ticker_id,Perf_YTD,Perf_Year,SMA200,Perf_Half_Y,Avg_Volume,Perf_Quarter,SMA50,Perf_Month,SMA20,ATR,RSI_14,Perf_Week,Rel_Volume,Change,Price_to_52W_High,Volume_to_Avg_Volume,Price_to_52W_Low
[LN1158   ] [chunk_19_phase_5_optimization.py] [info]   LSTM: using 19 features (optimal threshold's pruning)
[LN1159   ] [chunk_19_phase_5_optimization.py] [info] LSTM (LABEL_THRESHOLD=0.0, prediction_binary_split=0.50, hyperparams={'lstm_units': 256, 'dropout': 0.1, 'learning_rate': 0.0005, 'epochs': 30, 'loss_function': 'binary_crossentropy', 'alpha': 0.5, 'gamma': 2.5, 'layers': 2, 'bidirectional': False}, VALIDATION_PRECISION=0.5362):
[LN1160   ] [chunk_19_phase_5_optimization.py] [info]    predictions: mean=0.2833, std=0.1987, min=0.0149, max=0.8411
[LN1161   ] [chunk_19_phase_5_optimization.py] [info]    INFERENCE predictions: 17.60% positive predictions (2,085 / 11,844)
[LN1162   ] [chunk_19_phase_5_optimization.py] [info]   LSTM t=0.0: inference_precision=0.6177 inference_recall=0.1674 inference_auc=0.4914 inference_f1=0.2635 inference_false_negatives=6404 inference_true_negatives=3355 inference_true_positives=1288 inference_false_positives=797
[LN1163   ] [chunk_19_phase_5_optimization.py] [info]   LSTM - Inference: inference_precision=0.6177 inference_true_positives=1288 inference_true_negatives=3355 inference_false_positives=797 inference_false_negatives=6404 inference_max_prediction=0.8411 inference_mean_prediction=0.2833 inference_recall=0.1674 inference_f1=0.2635 inference_auc=0.4914 inference_specificity=0.8080 inference_false_positive_rate=0.1920 inference_f2=0.1960 inference_mcc=-0.0307 inference_prauc=0.6343 inference_balanced_accuracy=0.4877 inference_standard_deviation_prediction=0.1987 inference_percentage_above_threshold=17.60 inference_brier=0.4059 inference_kappa=-0.0187 inference_informedness=-0.0245 inference_markedness=0.4258 inference_gini=0.0000 inference_optimal_threshold=0.2022
[LN1164   ] [chunk_19_phase_5_optimization.py] [info] 
[LN1165   ] [chunk_19_phase_5_optimization.py] [info] LSTM MODEL PREDICTED SIGNAL (2085 rows)
[LN1166   ] [chunk_19_phase_5_optimization.py] [info] LSTM inference_precision=0.6177 prediction_binary_split=0.5 predicted=2085
[LN1167   ] [chunk_19_phase_5_optimization.py] [info] Row,Market_Cap,52W_Low,Prev_Close,Price,Volume,52W_High,Ticker_id,Perf_YTD,Perf_Year,SMA200,Perf_Half_Y,Avg_Volume,Perf_Quarter,SMA50,Perf_Month,SMA20,ATR,RSI_14,Perf_Week,Rel_Volume,Change,Price_to_52W_High,Volume_to_Avg_Volume,Price_to_52W_Low
[LN1168   ] [chunk_19_phase_5_optimization.py] [info] Majority label threshold: 0.0 (3 archs)
[LN1169   ] [chunk_19_phase_5_optimization.py] [info] 
[LN1170   ] [chunk_19_phase_5_optimization.py] [info] Consolidated Predicted Signal (3 architectures, min 3 votes):
[LN1171   ] [chunk_19_phase_5_optimization.py] [info] Row,Market_Cap,52W_Low,Prev_Close,Price,Volume,52W_High,Ticker_id,Perf_YTD,Perf_Year,SMA200,Perf_Half_Y,Avg_Volume,Perf_Quarter,SMA50,Perf_Month,SMA20,ATR,RSI_14,Perf_Week,Rel_Volume,Change,Price_to_52W_High,Volume_to_Avg_Volume,Price_to_52W_Low,VoteCount,VotingArchs
[LN1172   ] [chunk_19_phase_5_optimization.py] [info] 1,23.895887,4.9496813,199.213,199.333,10.10115,5.5748878,3402.0,9.28,18.6,-0.57,5.0,42550.0,-5.84,-2.51,-2.69,-1.73,5.69,42.28,-1.57,0.57,-0.99,35.755516,0.00023739481,40.271885,3,LightGBM+RNN+LSTM
[LN1173   ] [chunk_19_phase_5_optimization.py] [info] 2,24.625643,4.9496813,199.213,199.333,13.565172,5.5748878,4475.0,-19.18,-40.56,-3.85,-4.01,1030000.0,2.24,-0.07,-0.22,-0.09,5.69,50.12,1.15,0.76,-1.55,35.755516,1.317007e-05,40.271885,3,LightGBM+RNN+LSTM
[LN1174   ] [chunk_19_phase_5_optimization.py] [info] 3,17.324366,0.3220835,0.53,0.54,12.278347,1.0224509,3421.0,-55.7,-49.36,-48.5,-55.23,388190.0,-27.93,-20.43,-9.99,-8.59,0.03,35.75,-4.47,0.55,-1.55,0.5281427,3.1629734e-05,1.6765838,3,LightGBM+RNN+LSTM
[LN1175   ] [chunk_19_phase_5_optimization.py] [info] 4,18.504286,0.33647224,0.62,0.62,12.818625,1.7491999,2673.0,-73.95,-82.92,-36.09,-55.07,1870000.0,-5.37,-17.24,-33.2186,-19.83,0.12,39.28,-12.08,0.2,-0.59,0.35444778,6.8548798e-06,1.8426483,3,LightGBM+RNN+LSTM
[LN1176   ] [chunk_19_phase_5_optimization.py] [info] 5,22.790129,4.9496813,199.213,199.333,13.552924,5.5748878,3035.0,-13.73,-1.76,-4.41,10.8,307230.0,-0.46,-4.17,-7.74,-0.99,5.69,44.7,0.38,2.44,-1.13,35.755516,4.4113283e-05,40.271885,3,LightGBM+RNN+LSTM
[LN1177   ] [chunk_19_phase_5_optimization.py] [info] 6,18.525492,2.3321438,10.4,9.71,9.97208,2.797891,690.0,-26.83,-38.04,-18.72,-4.9,7400.0,-31.09,-19.7,-14.82,-13.7,0.39,24.91,-10.92,2.44,-6.63,3.4704711,0.0013475785,4.163551,3,LightGBM+RNN+LSTM
[LN1178   ] [chunk_19_phase_5_optimization.py] [info] 7,23.18797,4.9496813,199.213,194.52,14.403828,5.5748878,3261.0,-28.02,-34.79,-2.61,13.13,543430.0,-11.69,-7.23,-8.98,-3.6,5.69,40.93,-2.65,2.44,-4.95,34.89218,2.6505397e-05,39.2995,3,LightGBM+RNN+LSTM
[LN1179   ] [chunk_19_phase_5_optimization.py] [info] 8,16.69471,0.48858002,0.68,0.66,10.961434,1.6956156,4243.0,-83.64,0.0,-71.25,-74.15,241170.0,-60.19,-23.45,-1.54,-5.07,0.08,33.38,-7.0,0.24,-3.41,0.38923916,4.5451066e-05,1.3508534,3,LightGBM+RNN+LSTM
[LN1180   ] [chunk_19_phase_5_optimization.py] [info] 9,24.541418,4.9496813,178.47,176.81,14.187527,5.3115296,5657.0,3.05,-2.69,-4.76,-10.12,1140000.0,-5.42,-0.17,2.65,1.89,2.82,55.41,3.49,1.27,-0.93,33.287964,1.2445199e-05,35.72149,3,LightGBM+RNN+LSTM
[LN1181   ] [chunk_19_phase_5_optimization.py] [info] 10,21.647524,4.934258,159.45,157.09,10.771869,5.3422866,4293.0,-8.36,-6.94,-3.6,5.59,53280.0,-5.12,-5.03,-5.45,-1.5,3.86,43.62,3.94,0.89,-1.48,29.405012,0.00020217472,31.8366,3,LightGBM+RNN+LSTM
[LN1182   ] [chunk_19_phase_5_optimization.py] [info] 11,15.468008,0.42526773,0.58,0.58,11.126174,2.7047112,4268.0,-87.69,-87.14,-74.7,-74.63,1070000.0,-60.19,-35.48,-0.96,-2.84,0.05,31.91,-6.65,0.06,-0.98,0.21444063,1.0398294e-05,1.3638467,3,LightGBM+RNN+LSTM
[LN1183   ] [chunk_19_phase_5_optimization.py] [info] 12,23.881542,4.9496813,199.213,199.333,14.274363,5.5748878,5610.0,21.73,34.21,-3.4,0.23,863780.0,-12.11,-8.17,-12.11,-6.55,5.69,29.29,-5.19,1.83,-5.45,35.755516,1.652546e-05,40.271885,3,LightGBM+RNN+LSTM
[LN1184   ] [chunk_19_phase_5_optimization.py] [info] 13,23.131111,4.9496813,199.213,199.333,13.796669,5.5748878,4262.0,-12.71,-19.66,-5.93,-3.79,524780.0,-8.81,-4.66,-4.91,-0.99,5.69,44.78,2.46,1.87,-1.67,35.755516,2.6290387e-05,40.271885,3,LightGBM+RNN+LSTM
[LN1185   ] [chunk_19_phase_5_optimization.py] [info] 14,20.22506,1.9387417,9.6,9.46,14.529227,4.154969,3422.0,-82.53,-80.7,-75.8886,-74.63,4180000.0,-60.19,-35.48,-33.2186,-18.38,2.34,25.87,0.85,0.49,-1.46,2.2767918,3.4758918e-06,4.8794537,3,LightGBM+RNN+LSTM
[LN1186   ] [chunk_19_phase_5_optimization.py] [info] 15,17.7491,0.7178398,1.52,1.43,12.998479,2.6026897,634.0,-81.18,-53.87,-66.72,-74.63,325260.0,-29.9,-33.43,-33.2186,-18.54,0.17,27.12,-7.74,1.36,-5.92,0.5494316,3.996335e-05,1.992088,3,LightGBM+RNN+LSTM
[LN1187   ] [chunk_19_phase_5_optimization.py] [info] 16,20.042284,1.408545,3.13,3.08,14.714397,2.1564026,4439.0,-54.84,-56.13,-35.32,-30.32,2240000.0,-31.1,-20.8,-27.53,-12.31,0.12,24.91,-6.1,1.1,-1.6,1.4283047,6.5689273e-06,2.1866536,3,LightGBM+RNN+LSTM
[LN1188   ] [chunk_19_phase_5_optimization.py] [info] 17,23.74027,4.9496813,199.213,199.333,13.479029,5.543614,1536.0,-0.42,6.78,8.49,20.24,1530000.0,4.92,1.4,-1.03,0.26,5.69,51.5,-1.09,0.47,-0.14,35.95723,8.809823e-06,40.271885,3,LightGBM+RNN+LSTM
[LN1189   ] [chunk_19_phase_5_optimization.py] [info] 18,17.196165,0.896088,1.94,1.77,10.602319,2.0215476,615.0,-39.8,-25.32,-15.05,-22.03,44060.0,-25.0,-4.32,6.63,-4.02,0.21,45.48,-17.67,0.91,-8.65,0.87556684,0.00024063364,1.9752524,3,LightGBM+RNN+LSTM
[LN1190   ] [chunk_19_phase_5_optimization.py] [info] 19,17.802826,0.9858168,2.37,2.3,9.986357,2.3942523,5657.0,-36.99,0.0,-38.05,-54.08,461600.0,-44.31,-8.09,-17.86,-7.33,0.31,42.8,-4.96,0.05,-2.95,0.96063393,2.1634223e-05,2.3330908,3,LightGBM+RNN+LSTM
[LN1191   ] [chunk_19_phase_5_optimization.py] [info] 20,16.736519,0.5068176,0.77,0.74,11.361917,1.2527629,5657.0,-54.63,-70.18,-39.01,-41.2,258920.0,-30.66,-25.6,-33.2186,-19.83,0.09,33.83,2.8,0.33,-4.05,0.59069437,4.388196e-05,1.4600914,3,LightGBM+RNN+LSTM
[LN1192   ] [chunk_19_phase_5_optimization.py] [info] 21,24.576387,4.9496813,199.213,199.333,13.958242,5.5120163,1964.0,38.45,17.52,20.97,47.25,1650000.0,7.43,3.84,2.93,2.86,5.52,57.25,-0.43,0.7,-1.79,36.163353,8.459541e-06,40.271885,3,LightGBM+RNN+LSTM
[LN1193   ] [chunk_19_phase_5_optimization.py] [info] 22,15.088077,0.78845733,1.28,1.21,11.560877,2.869602,4286.0,-63.93,-54.17,-41.15,-47.39,2820000.0,-17.69,-15.94,-20.39,-9.63,0.11,41.01,-10.37,0.04,-5.47,0.42166126,4.099602e-06,1.5346422,3,LightGBM+RNN+LSTM
[LN1194   ] [chunk_19_phase_5_optimization.py] [info] 23,18.608818,2.2016592,8.8,8.56,10.80578,2.8183982,2525.0,-39.55,-38.9,-21.61,-18.4,9510.0,-16.24,-8.97,-12.56,-4.28,0.4,40.39,0.71,2.44,-2.73,3.0371861,0.0011362545,3.887977,3,LightGBM+RNN+LSTM
[LN1195   ] [chunk_19_phase_5_optimization.py] [info] 24,18.298174,0.5653138,5.89,5.53,11.527686,2.6078615,1569.0,115.5665,144.143,8.01,26.72,345510.0,15.27,-11.98,-24.04,-13.74,0.53,40.88,-8.75,0.29,-6.11,2.1205113,3.336426e-05,9.782177,3,LightGBM+RNN+LSTM
[LN1196   ] [chunk_19_phase_5_optimization.py] [info] 25,24.625643,4.9496813,199.213,199.333,13.953417,5.5748878,4579.0,-2.1,-8.73,-7.41,-7.64,816360.0,-9.18,-1.07,0.98,0.64,5.69,49.53,1.85,1.41,-1.08,35.755516,1.7092234e-05,40.271885,3,LightGBM+RNN+LSTM
[LN1197   ] [chunk_19_phase_5_optimization.py] [info] 26,23.835001,4.9496813,199.213,199.333,13.343648,5.5748878,2563.0,0.89,-7.48,6.08,22.17,512840.0,-3.4,-2.04,-2.9,-0.17,5.69,47.09,-2.63,1.22,-2.91,35.755516,2.6019125e-05,40.271885,3,LightGBM+RNN+LSTM
[LN1198   ] [chunk_19_phase_5_optimization.py] [info] 27,20.208483,3.1565747,31.11,30.79,11.890478,3.7527928,2666.0,13.99,18.32,-7.78,-7.15,112220.0,-15.81,-17.47,-20.27,-14.15,1.35,26.95,1.55,1.3,-1.03,8.204556,0.00010595685,9.754244,3,LightGBM+RNN+LSTM
[LN1199   ] [chunk_19_phase_5_optimization.py] [info] 28,20.185085,2.3776925,19.02,18.96,13.896616,3.7108855,2145.0,-41.21,-51.9,-22.16,17.18,739920.0,-40.95,-28.34,-31.6,-15.8,1.57,28.96,-8.93,1.47,-0.32,5.1092925,1.878124e-05,7.9741173,3,LightGBM+RNN+LSTM
[LN1200   ] [chunk_19_phase_5_optimization.py] [info] 29,24.625643,4.9496813,163.13,163.45,13.780331,5.390988,5303.0,1.91,-2.57,-8.53,-10.21,1670000.0,-19.66,-1.06,3.64,5.04,3.15,57.46,4.53,0.58,0.2,30.319118,8.251695e-06,33.022327,3,LightGBM+RNN+LSTM
[LN1201   ] [chunk_19_phase_5_optimization.py] [info] 30,24.625643,4.9496813,199.213,199.333,15.45393,5.552339,5452.0,-3.51,-8.45,-3.98,2.13,4650000.0,-2.09,-2.22,-4.48,-4.34,4.14,36.69,-1.79,1.11,-2.31,35.900723,3.3234257e-06,40.271885,3,LightGBM+RNN+LSTM
[LN1202   ] [chunk_19_phase_5_optimization.py] [info] 31,24.625643,4.9496813,199.213,199.333,13.235624,5.5748878,5468.0,40.75,18.14,28.64,68.28,513450.0,13.28,3.73,3.8,1.3,5.69,54.99,-2.79,1.09,-1.08,35.755516,2.5777825e-05,40.271885,3,LightGBM+RNN+LSTM
[LN1203   ] [chunk_19_phase_5_optimization.py] [info] 32,19.661428,2.5502262,13.89,13.01,10.560101,2.8449094,953.0,-10.28,0.0,-4.75,0.0,192240.0,-10.28,-4.96,-9.21,-4.37,0.8,43.29,-4.55,0.2,-6.34,4.5730805,5.4931857e-05,5.1015086,3,LightGBM+RNN+LSTM
[LN1204   ] [chunk_19_phase_5_optimization.py] [info] 33,17.423992,1.3083328,14.67,13.62,11.012298,3.6699514,4390.0,115.5665,80.4,4.1,98.25,142540.0,-42.85,-19.31,-25.82,-14.33,1.52,36.89,-10.1,0.43,-7.16,3.7112207,7.7257595e-05,10.410195,3,LightGBM+RNN+LSTM
[LN1205   ] [chunk_19_phase_5_optimization.py] [info] 34,15.398604,0.90825856,1.63,1.6,15.081386,2.7080503,2564.0,-76.81,-68.73,-57.19,-39.85,511810.0,-58.12,-24.21,-26.27,-9.19,0.19,38.3,-7.51,2.44,-1.84,0.590831,2.9466766e-05,1.7616129,3,LightGBM+RNN+LSTM
[LN1206   ] [chunk_19_phase_5_optimization.py] [info] 35,15.960272,1.043804,3.25,2.89,12.3772955,2.4449522,4772.0,-67.91,-68.86,-33.71,-12.42,1470000.0,-12.69,-29.71,-11.35,-19.83,0.65,35.76,-18.12,0.16,-8.65,1.1820271,8.419929e-06,2.768719,3,LightGBM+RNN+LSTM
[LN1207   ] [chunk_19_phase_5_optimization.py] [info] 36,23.931686,4.9496813,199.213,199.333,13.17087,5.5748878,2566.0,-32.62,-12.59,-19.34,-17.04,926510.0,-14.97,-0.73,-8.5,1.67,5.69,50.94,5.4,0.57,-1.78,35.755516,1.4215572e-05,40.271885,3,LightGBM+RNN+LSTM
[LN1208   ] [chunk_19_phase_5_optimization.py] [info] 37,18.805058,1.7011051,6.64,6.45,12.471421,3.0786939,4881.0,-57.68,-54.96,-32.19,-1.83,644010.0,-22.1,-23.71,-14.23,-2.74,0.52,38.91,-1.23,0.4,-2.86,2.0950444,1.936526e-05,3.791653,3,LightGBM+RNN+LSTM
[LN1209   ] [chunk_19_phase_5_optimization.py] [info] 38,21.84168,4.5922875,199.213,197.12,12.581934,5.398208,3587.0,32.5,59.29,23.23,69.17,221640.0,0.91,3.35,7.4,-3.04,5.69,48.07,-3.95,1.31,-5.71,36.515823,5.6767432e-05,42.92414,3,LightGBM+RNN+LSTM
[LN1210   ] [chunk_19_phase_5_optimization.py] [info] 39,17.875263,3.1616704,32.13,31.0,10.228068,3.6103773,633.0,22.77,15.33,13.17,23.11,7400.0,0.0,1.14,14.81,-1.3,1.58,49.78,-2.94,2.44,-3.53,8.58636,0.0013821713,9.804944,3,LightGBM+RNN+LSTM
[LN1211   ] [chunk_19_phase_5_optimization.py] [info] 40,22.409664,4.8186674,190.78,186.42,12.47986,5.3415685,3005.0,19.0,4.03,18.56,12.44,351300.0,24.28,13.96,13.0,1.72,5.69,58.4,-3.4,0.75,-2.29,34.89986,3.5524794e-05,38.687046,3,LightGBM+RNN+LSTM
[LN1212   ] [chunk_19_phase_5_optimization.py] [info] 41,15.9879875,1.1631508,3.69,3.51,12.026407,4.081428,153.0,-83.54,-91.53,-66.57,-74.63,2560000.0,-27.12,11.17,-16.63,-4.06,0.42,49.22,-5.9,0.07,-4.88,0.8599931,4.6978153e-06,3.0176654,3,LightGBM+RNN+LSTM
[LN1213   ] [chunk_19_phase_5_optimization.py] [info] 42,23.776794,4.9496813,197.67,197.38,13.322651,5.51359,4667.0,-3.15,-20.24,-8.8,-11.84,1120000.0,-16.05,-1.62,-0.72,2.37,3.92,53.74,1.51,0.54,-0.15,35.798817,1.1895224e-05,39.877316,3,LightGBM+RNN+LSTM
[LN1214   ] [chunk_19_phase_5_optimization.py] [info] 43,15.957927,0.3852624,0.53,0.54,11.347461,1.3912818,943.0,-69.29,-82.61,-54.83,-57.7,259530.0,-50.58,-19.27,-20.65,-11.76,0.03,31.27,-5.47,0.33,-1.19,0.38813126,4.3723117e-05,1.4016421,3,LightGBM+RNN+LSTM
[LN1215   ] [chunk_19_phase_5_optimization.py] [info] 44,16.311192,0.37843645,1.6,1.49,12.3806305,2.138889,350.0,-46.79,-12.87,15.34,55.19,6690000.0,-14.86,-21.38,-15.34,-19.83,0.23,39.79,-5.1,0.04,-6.88,0.6966233,1.8506174e-06,3.937253,3,LightGBM+RNN+LSTM
[LN1216   ] [chunk_19_phase_5_optimization.py] [info] 45,17.943935,0.5423243,1.12,1.12,6.324359,2.2192035,259.0,-78.83,-80.92,-74.52,-74.63,259180.0,-60.19,-35.48,-33.2186,-10.01,0.26,29.11,7.69,0.01,0.0,0.5046856,2.4401415e-05,2.065185,3,LightGBM+RNN+LSTM
[LN1217   ] [chunk_19_phase_5_optimization.py] [info] 46,15.71911,0.3852624,0.53,0.54,12.189588,1.0224509,2385.0,-11.37,-33.66,-25.7,-30.23,313540.0,-23.75,-23.07,-24.37,-11.7,0.08,41.38,-16.42,0.63,-3.88,0.5281427,3.8877297e-05,1.4016421,3,LightGBM+RNN+LSTM
[LN1218   ] [chunk_19_phase_5_optimization.py] [info] 47,18.835567,0.6678294,1.42,1.3,11.226029,2.179287,5093.0,-67.9,-74.11,-41.55,-23.24,301550.0,-19.44,-18.04,-32.73,-14.24,0.13,32.06,-10.0,0.25,-8.1,0.59652543,3.7227757e-05,1.946605,3,LightGBM+RNN+LSTM
[LN1219   ] [chunk_19_phase_5_optimization.py] [info] 48,16.55312,0.86288995,2.77,2.63,13.256114,5.5748878,2432.0,-87.95,-91.53,-75.8886,-74.63,1890000.0,-60.19,-1.81,6.91,-3.75,0.34,46.15,-5.4,0.3,-5.05,0.47175837,7.013817e-06,3.0478973,3,LightGBM+RNN+LSTM
[LN1220   ] [chunk_19_phase_5_optimization.py] [info] 49,24.625643,4.9496813,199.213,199.333,15.969002,5.5748878,3524.0,-3.04,30.09,-19.53,-18.78,8470000.0,-32.32,-15.12,-14.33,-11.0,5.69,36.68,-5.37,1.31,-6.99,35.755516,1.8853603e-06,40.271885,3,LightGBM+RNN+LSTM
[LN1221   ] [chunk_19_phase_5_optimization.py] [info] 50,19.409403,2.723267,31.65,31.37,11.324763,3.8624125,4903.0,36.39,128.15,-2.83,5.45,75950.0,-17.14,-13.82,-12.67,-7.49,2.67,43.05,-10.37,1.09,-0.88,8.121867,0.00014910813,11.519252,3,LightGBM+RNN+LSTM
[LN1222   ] [chunk_19_phase_5_optimization.py] [info] 51,22.312502,4.9496813,199.213,199.333,10.106755,5.5748878,5657.0,-2.2,1.45,4.68,8.63,30430.0,6.99,5.17,7.74,3.83,5.69,57.6,0.54,0.81,-0.97,35.755516,0.00033213128,40.271885,3,LightGBM+RNN+LSTM
[LN1223   ] [chunk_19_phase_5_optimization.py] [info] 52,15.088077,0.5481214,0.74,0.73,11.648243,1.856298,4064.0,-78.02,0.0,-45.83,0.0,1440000.0,-60.19,-35.48,-33.2186,-19.83,0.12,31.22,-5.2,0.08,-2.2,0.39325583,8.089058e-06,1.3318217,3,LightGBM+RNN+LSTM
[LN1224   ] [chunk_19_phase_5_optimization.py] [info] 53,16.352377,0.64710325,1.08,0.95,12.58216,1.7900914,4922.0,-70.13,-76.66,-56.95,-59.83,947090.0,-59.57,-35.48,-33.2186,-19.83,0.19,38.01,3.26,0.31,-8.65,0.53069913,1.3285074e-05,1.468081,3,LightGBM+RNN+LSTM
[LN1225   ] [chunk_19_phase_5_optimization.py] [info] 54,22.93154,4.3661513,93.87,89.92,14.490926,4.7471905,4990.0,-9.61,-6.84,-5.26,0.19,783910.0,-8.71,-9.12,-10.3,-7.15,2.74,34.49,-1.63,2.44,-4.21,18.94173,1.8485445e-05,20.594797,3,LightGBM+RNN+LSTM
[LN1226   ] [chunk_19_phase_5_optimization.py] [info] 55,15.992533,0.8285518,1.86,1.68,15.969002,2.09433,2679.0,-27.93,-20.38,-23.85,9.8,67080.0,-40.21,-18.01,-8.74,-13.25,0.25,33.21,-12.04,2.44,-8.65,0.8021658,0.00023805906,2.0276341,3,LightGBM+RNN+LSTM
[LN1227   ] [chunk_19_phase_5_optimization.py] [info] 56,15.1816025,1.4586151,3.65,3.34,11.573371,5.5748878,5657.0,-87.95,-91.53,-75.8886,-74.63,369120.0,-60.19,-35.48,-33.2186,-19.83,0.75,26.8,-13.47,0.29,-8.49,0.5991152,3.1353953e-05,2.2898433,3,LightGBM+RNN+LSTM
[LN1228   ] [chunk_19_phase_5_optimization.py] [info] 57,23.357311,2.806386,19.16,18.75,15.200523,3.635215,4865.0,5.07,-8.54,-16.24,-48.91,3990000.0,-34.6,-14.48,-8.54,-11.62,1.62,38.8,-14.66,1.0,-2.14,5.1578794,3.809655e-06,6.6811905,3,LightGBM+RNN+LSTM
[LN1229   ] [chunk_19_phase_5_optimization.py] [info] 58,24.625643,4.9496813,199.213,199.333,13.263794,5.5748878,541.0,17.97,60.05,3.18,21.53,630050.0,-1.15,-4.56,-9.84,-0.39,5.69,47.17,8.7,0.91,-0.84,35.755516,2.105197e-05,40.271885,3,LightGBM+RNN+LSTM
[LN1230   ] [chunk_19_phase_5_optimization.py] [info] 59,23.173409,4.9496813,199.213,199.333,13.0856085,5.5748878,4072.0,-2.3,19.32,-10.17,-11.34,666640.0,-16.14,-6.76,-7.9,-1.62,4.61,40.06,-0.12,0.72,-1.04,35.755516,1.9629197e-05,40.271885,3,LightGBM+RNN+LSTM
[LN1231   ] [chunk_19_phase_5_optimization.py] [info] 60,17.757092,0.4510756,1.77,1.69,11.407064,1.7526721,5249.0,-60.24,-59.76,-21.93,-0.59,211970.0,-5.59,-7.95,-15.08,-5.77,0.15,46.13,10.46,0.42,-4.52,0.964242,5.3814525e-05,3.7466002,3,LightGBM+RNN+LSTM
[LN1232   ] [chunk_19_phase_5_optimization.py] [info] 61,18.853048,0.64185387,1.45,1.34,12.422405,2.1365304,4244.0,-30.93,-18.3,-26.92,-62.98,290710.0,-9.46,-5.29,-2.19,2.33,0.11,49.52,10.74,0.85,-7.59,0.62718505,4.2731263e-05,2.0877025,3,LightGBM+RNN+LSTM
[LN1233   ] [chunk_19_phase_5_optimization.py] [info] 62,16.275099,0.2390169,0.53,0.54,15.969002,4.236567,1441.0,-87.95,-91.53,-75.8886,-65.54,8470000.0,-57.93,-35.48,-33.2186,-19.83,0.06,39.49,-18.12,0.36,-5.65,0.12746169,1.8853603e-06,2.2592545,3,LightGBM+RNN+LSTM
[LN1234   ] [chunk_19_phase_5_optimization.py] [info] 63,24.376259,4.9496813,199.213,199.333,13.407089,5.5748878,5575.0,13.54,12.36,8.79,17.05,807570.0,6.27,-1.45,-0.6,-2.96,5.69,42.04,-1.41,0.82,-0.55,35.755516,1.6601767e-05,40.271885,3,LightGBM+RNN+LSTM
[LN1235   ] [chunk_19_phase_5_optimization.py] [info] 64,16.18107,0.31481075,0.53,0.54,11.416205,2.3795462,4097.0,-84.8,0.0,-72.58,-27.09,327060.0,-26.66,-7.51,-11.85,-3.85,0.04,43.64,-0.83,0.28,-6.56,0.22693403,3.4905537e-05,1.7153163,3,LightGBM+RNN+LSTM
[LN1236   ] [chunk_19_phase_5_optimization.py] [info] 65,17.292124,0.5988365,1.17,1.06,10.805416,1.2178757,2241.0,-2.75,-28.86,-23.4,-39.43,107150.0,6.0,-1.0,-0.93,-1.82,0.08,46.39,-6.19,0.46,-8.65,0.87036794,0.00010084382,1.7700992,3,LightGBM+RNN+LSTM
[LN1237   ] [chunk_19_phase_5_optimization.py] [info] 66,24.625643,4.9496813,199.213,199.333,14.8639,5.5748878,2435.0,-0.01,-6.27,1.81,9.13,3470000.0,4.26,-3.53,-5.34,-0.69,5.69,43.57,0.17,0.82,-0.49,35.755516,4.2835445e-06,40.271885,3,LightGBM+RNN+LSTM
[LN1238   ] [chunk_19_phase_5_optimization.py] [info] 67,23.72498,4.9496813,199.213,199.333,12.94869,5.5748878,4532.0,43.79,61.04,23.03,56.27,627950.0,12.45,7.07,6.91,3.62,5.69,61.8,4.3,0.67,-0.85,35.755516,2.0620577e-05,40.271885,3,LightGBM+RNN+LSTM
[LN1239   ] [chunk_19_phase_5_optimization.py] [info] 68,23.247393,4.9496813,199.213,199.333,12.5767975,5.5748878,736.0,42.47,6.94,28.04,49.91,365950.0,17.7,5.64,11.41,6.41,5.69,63.28,0.51,0.79,-1.01,35.755516,3.436753e-05,40.271885,3,LightGBM+RNN+LSTM
[LN1240   ] [chunk_19_phase_5_optimization.py] [info] 69,16.021585,0.2390169,0.53,0.54,13.230356,2.2554934,5657.0,-87.95,0.0,-60.13,-71.01,934930.0,-35.48,-18.61,-20.22,-15.2,0.03,38.74,-6.22,0.6,-2.16,0.23941545,1.4151174e-05,2.2592545,3,LightGBM+RNN+LSTM
[LN1241   ] [chunk_19_phase_5_optimization.py] [info] 70,16.363392,0.7323679,1.27,1.2,11.656836,2.104134,190.0,-79.2,-75.9,-59.9,-64.71,240810.0,-42.58,-17.18,-25.47,-4.33,0.15,42.71,-18.12,0.48,-5.59,0.5703058,4.8406775e-05,1.6385207,3,LightGBM+RNN+LSTM
[LN1242   ] [chunk_19_phase_5_optimization.py] [info] 71,15.088077,0.52472854,0.71,0.7,11.6556225,1.2781522,4361.0,-47.15,-42.85,-38.2,-38.34,145100.0,-39.86,-33.6,-25.54,-19.83,0.08,26.35,-18.12,0.79,-0.93,0.5476656,8.03282e-05,1.3340231,3,LightGBM+RNN+LSTM
[LN1243   ] [chunk_19_phase_5_optimization.py] [info] 72,23.583752,4.445119,199.213,191.17,14.561551,5.3739815,900.0,71.62,51.47,41.76,82.69,1250000.0,32.9,7.13,7.39,-1.15,5.69,50.83,-6.21,1.69,-6.86,35.573254,1.1649241e-05,43.006725,3,LightGBM+RNN+LSTM
[LN1244   ] [chunk_19_phase_5_optimization.py] [info] 73,16.381998,0.35767445,0.53,0.54,11.838575,2.4501426,1078.0,-87.95,0.0,-75.8886,-74.63,1750000.0,-58.58,-26.11,-28.7,-16.21,0.05,33.88,-14.27,0.08,-1.16,0.22039533,6.7649e-06,1.5097528,3,LightGBM+RNN+LSTM
[LN1245   ] [chunk_19_phase_5_optimization.py] [info] 74,16.982672,0.91629076,1.89,1.89,8.386857,1.9796212,4647.0,-47.45,0.0,-26.39,-44.68,118450.0,-10.76,-8.09,-11.6,-4.6,0.16,42.97,-4.93,0.04,-0.17,0.9547281,7.0805036e-05,2.062664,3,LightGBM+RNN+LSTM
[LN1246   ] [chunk_19_phase_5_optimization.py] [info] 75,15.088077,0.5187938,1.19,1.19,11.931675,1.8900954,5625.0,45.12,-0.69,-51.16,-59.73,1670000.0,-42.93,-20.83,-33.2186,-14.23,0.14,38.13,-7.75,0.09,0.0,0.62959784,7.1447157e-06,2.2937822,3,LightGBM+RNN+LSTM
[LN1247   ] [chunk_19_phase_5_optimization.py] [info] 76,15.088077,0.78845733,1.51,1.39,10.977295,1.9712994,4697.0,-58.45,-62.53,-43.1,-42.56,1070000.0,-35.05,-6.76,2.96,-0.14,0.11,46.88,0.72,0.05,-7.95,0.70511866,1.0259154e-05,1.7629361,3,LightGBM+RNN+LSTM
[LN1248   ] [chunk_19_phase_5_optimization.py] [info] 77,21.05257,3.521348,37.86,36.73,13.158984,3.9657533,3615.0,-14.7,-11.88,-5.2,3.76,359470.0,-6.49,-4.47,-5.65,-2.86,1.06,43.51,3.15,1.44,-2.98,9.261796,3.6606627e-05,10.430665,3,LightGBM+RNN+LSTM
[LN1249   ] [chunk_19_phase_5_optimization.py] [info] 78,23.644274,4.5620537,125.03,122.57,12.251835,4.929064,2660.0,-1.88,8.44,3.05,16.25,175870.0,3.62,0.87,3.58,0.24,2.2,52.29,3.28,1.19,-1.97,24.866793,6.966415e-05,26.867285,3,LightGBM+RNN+LSTM
[LN1250   ] [chunk_19_phase_5_optimization.py] [info] 79,16.814737,1.3912818,3.65,3.58,12.371557,1.9473377,1129.0,-27.38,-27.24,-15.2,-17.51,169220.0,-34.91,-8.89,-6.53,-9.99,0.28,39.02,-5.79,1.39,-1.92,1.8384074,7.310931e-05,2.5731666,3,LightGBM+RNN+LSTM
[LN1251   ] [chunk_19_phase_5_optimization.py] [info] 80,15.088077,1.408545,3.2,3.14,10.6069565,5.176037,3825.0,-87.95,-91.53,-75.8886,-74.63,225990.0,-60.19,-26.12,-13.5,-9.41,0.27,32.13,-9.51,0.18,-1.87,0.60664177,4.693551e-05,2.2292507,3,LightGBM+RNN+LSTM
[LN1252   ] [chunk_19_phase_5_optimization.py] [info] 81,24.26712,4.9496813,199.213,199.333,13.787139,5.5748878,2570.0,13.41,7.7,9.71,9.15,1940000.0,25.53,2.42,11.38,5.1,5.69,56.11,9.75,0.5,-2.53,35.755516,7.1067725e-06,40.271885,3,LightGBM+RNN+LSTM
[LN1253   ] [chunk_19_phase_5_optimization.py] [info] 82,24.625643,4.9496813,199.213,199.333,12.462875,5.5748878,5156.0,10.83,0.53,0.36,3.89,360370.0,-12.17,1.51,1.14,1.93,5.69,54.64,6.18,0.72,-1.13,35.755516,3.4583554e-05,40.271885,3,LightGBM+RNN+LSTM
[LN1254   ] [chunk_19_phase_5_optimization.py] [info] 83,15.088077,0.59332687,1.0,1.0,9.152711,4.484132,5657.0,-87.95,-91.53,-75.8886,-58.44,742990.0,-24.81,-19.82,-33.2186,-16.25,0.11,35.15,-9.09,0.01,0.0,0.2230086,1.2318755e-05,1.6854117,3,LightGBM+RNN+LSTM
[LN1255   ] [chunk_19_phase_5_optimization.py] [info] 84,24.625643,4.9496813,199.213,199.333,14.2376,5.5748878,3121.0,7.5,-6.89,-2.32,0.12,1680000.0,-4.82,-4.39,-5.07,-2.28,5.69,36.78,1.31,0.91,0.04,35.755516,8.474762e-06,40.271885,3,LightGBM+RNN+LSTM
[LN1256   ] [chunk_19_phase_5_optimization.py] [info] 85,22.449598,4.9496813,199.213,199.333,11.979266,5.5748878,925.0,6.48,4.61,0.96,2.7,118970.0,-3.95,0.93,3.01,2.66,5.69,53.07,5.07,1.34,-0.3,35.755516,0.00010069149,40.271885,3,LightGBM+RNN+LSTM
[LN1257   ] [chunk_19_phase_5_optimization.py] [info] 86,23.893791,4.9496813,199.213,199.333,12.595947,5.5373344,5014.0,17.65,7.79,4.19,6.85,540720.0,4.94,-1.24,-1.68,0.21,4.3,49.61,0.65,0.55,-0.21,35.99801,2.3294768e-05,40.271885,3,LightGBM+RNN+LSTM
[LN1258   ] [chunk_19_phase_5_optimization.py] [info] 87,15.851522,0.24686007,0.53,0.54,10.965781,1.943049,2759.0,-87.95,0.0,-46.23,-69.21,241690.0,-40.4,-23.13,-21.37,-15.81,0.03,31.6,-11.47,0.24,-4.55,0.27791375,4.5371267e-05,2.187474,3,LightGBM+RNN+LSTM
[LN1259   ] [chunk_19_phase_5_optimization.py] [info] 88,24.625643,4.9496813,199.213,199.333,14.02891,5.5748878,5657.0,-5.72,-0.19,0.36,2.71,3280000.0,0.64,4.36,0.73,2.21,5.69,56.74,6.89,0.38,0.19,35.755516,4.2771067e-06,40.271885,3,LightGBM+RNN+LSTM
[LN1260   ] [chunk_19_phase_5_optimization.py] [info] 89,15.812928,0.79750717,1.8,1.67,9.93953,2.138889,5657.0,-0.6,-8.24,3.67,13.61,352610.0,17.19,-2.17,-9.73,-12.61,0.15,39.77,-12.11,0.06,-7.22,0.7807792,2.8188453e-05,2.094025,3,LightGBM+RNN+LSTM
[LN1261   ] [chunk_19_phase_5_optimization.py] [info] 90,23.229609,4.9496813,199.213,199.333,12.721895,5.5748878,1874.0,14.62,14.13,19.33,60.26,446790.0,5.53,-2.63,-6.68,-1.69,5.69,45.22,0.56,0.75,0.21,35.755516,2.847399e-05,40.271885,3,LightGBM+RNN+LSTM
[LN1262   ] [chunk_19_phase_5_optimization.py] [info] 91,15.088077,1.0331845,2.53,2.43,11.134297,3.2484345,5118.0,-80.82,-83.87,-59.44,-67.73,144120.0,-40.59,-21.16,-20.85,-14.26,0.32,39.02,-14.44,0.48,-3.95,0.7480526,7.725713e-05,2.3519516,3,LightGBM+RNN+LSTM
[LN1263   ] [chunk_19_phase_5_optimization.py] [info] 92,16.056221,2.0794415,11.5,10.96,12.644144,5.295814,2294.0,-74.26,-46.92,-32.45,-5.72,522080.0,-23.22,-3.72,-0.45,-15.87,5.5,47.34,-18.12,0.59,-4.7,2.069559,2.4218785e-05,5.270646,3,LightGBM+RNN+LSTM
[LN1264   ] [chunk_19_phase_5_optimization.py] [info] 93,22.917152,4.6596584,199.213,199.333,13.623669,5.3982983,2379.0,4.59,58.77,13.65,49.8,2370000.0,16.2,0.09,0.0,-0.23,0.69,51.88,-0.29,0.35,-0.02,36.92515,5.748383e-06,42.778458,3,LightGBM+RNN+LSTM
[LN1265   ] [chunk_19_phase_5_optimization.py] [info] 94,20.43653,1.8277699,9.35,8.74,14.208239,2.7369616,526.0,-18.62,60.37,-6.26,-7.51,1170000.0,-27.95,-5.41,3.55,-4.78,0.54,42.95,-3.0,1.27,-6.52,3.1933222,1.2143794e-05,4.7817836,3,LightGBM+RNN+LSTM
[LN1266   ] [chunk_19_phase_5_optimization.py] [info] 95,17.856981,2.494857,13.01,12.65,9.682218,3.228826,5226.0,-0.24,-33.6,-29.36,-42.66,8270.0,-26.94,-25.92,-27.09,-15.18,0.67,24.91,-14.41,1.94,-2.77,3.9178324,0.0011707639,5.0704308,3,LightGBM+RNN+LSTM
[LN1267   ] [chunk_19_phase_5_optimization.py] [info] 96,19.981516,1.141033,2.61,2.41,10.874437,5.5748878,2238.0,-87.95,-91.53,-75.8886,-74.63,556580.0,-60.19,-23.42,-9.4,-6.61,0.61,27.62,-6.23,0.09,-7.66,0.43229568,1.9537958e-05,2.112121,3,LightGBM+RNN+LSTM
[LN1268   ] [chunk_19_phase_5_optimization.py] [info] 97,15.529308,0.37843645,0.53,0.54,12.850906,1.6467336,3269.0,-84.77,0.0,-75.8886,-74.63,1860000.0,-60.19,-22.52,-22.28,-10.52,0.08,37.46,1.35,0.21,-6.73,0.32792187,6.9090893e-06,1.4269239,3,LightGBM+RNN+LSTM
[LN1269   ] [chunk_19_phase_5_optimization.py] [info] 98,22.654787,4.667206,199.213,199.333,13.018617,5.5748878,4805.0,23.75,51.73,27.04,92.75,364190.0,37.12,-1.19,-16.52,-9.74,5.69,42.96,-8.45,1.24,-8.38,35.755516,3.5746772e-05,42.709282,3,LightGBM+RNN+LSTM
[LN1270   ] [chunk_19_phase_5_optimization.py] [info] 99,16.106024,2.7421296,15.28,13.87,10.432909,4.4218483,2014.0,-65.47,-76.83,-45.11,-38.68,45210.0,-42.21,-35.19,-33.2186,-19.83,2.46,35.26,-18.12,0.75,-8.65,3.1366975,0.00023076552,5.0581126,3,LightGBM+RNN+LSTM
[LN1271   ] [chunk_19_phase_5_optimization.py] [info] 100,24.625643,4.9496813,199.213,199.333,14.291734,5.5748878,4945.0,-3.67,-8.59,-6.45,2.02,1420000.0,-9.63,-7.27,-3.43,-0.46,5.69,39.82,-0.65,1.14,-0.84,35.755516,1.0064601e-05,40.271885,3,LightGBM+RNN+LSTM
[LN1272   ] [chunk_19_phase_5_optimization.py] [info] 101,17.103912,0.46373403,1.19,1.16,9.531772,1.8082888,3947.0,-71.01,-71.64,-44.44,-43.14,180830.0,-15.02,-5.26,-9.38,-7.01,0.07,42.45,-7.94,0.08,-2.52,0.64149046,5.2711228e-05,2.5014338,3,LightGBM+RNN+LSTM
[LN1273   ] [chunk_19_phase_5_optimization.py] [info] 102,23.821554,4.9496813,199.213,199.333,11.442857,5.5748878,1825.0,85.21,125.18,16.44,27.12,121110.0,6.15,-2.5,-4.22,-4.97,5.69,41.12,-4.8,0.77,-1.4,35.755516,9.448317e-05,40.271885,3,LightGBM+RNN+LSTM
[LN1274   ] [chunk_19_phase_5_optimization.py] [info] 103,23.09724,4.6101575,192.5,183.09,13.885994,5.3193445,2295.0,18.08,9.45,22.38,66.35,1070000.0,19.36,0.53,9.79,4.09,5.69,52.73,-4.48,1.0,-4.89,34.419655,1.2977564e-05,39.714478,3,LightGBM+RNN+LSTM
[LN1275   ] [chunk_19_phase_5_optimization.py] [info] 104,23.577435,4.9496813,199.213,199.333,13.286016,5.5748878,3117.0,-18.76,-17.91,-14.36,-5.55,430890.0,-25.09,-9.88,-5.25,-6.75,5.69,35.91,-5.53,1.37,0.39,35.755516,3.0833893e-05,40.271885,3,LightGBM+RNN+LSTM
[LN1276   ] [chunk_19_phase_5_optimization.py] [info] 105,15.088077,0.2390169,3.2,2.87,10.532069,3.8971124,1629.0,79.37,9.33,-59.19,-59.58,95440.0,-39.71,-32.52,-33.2186,-17.85,0.43,33.31,-8.45,0.39,-8.65,0.7364427,0.00011035278,12.007519,3,LightGBM+RNN+LSTM
[LN1277   ] [chunk_19_phase_5_optimization.py] [info] 106,17.111347,0.37843645,0.57,0.56,11.799772,1.3001916,124.0,-39.97,-68.81,-24.75,-24.55,5260000.0,-41.23,-21.16,-33.2186,-13.76,0.07,38.42,-11.72,0.03,-2.07,0.43070573,2.2433028e-06,1.4797729,3,LightGBM+RNN+LSTM
[LN1278   ] [chunk_19_phase_5_optimization.py] [info] 107,24.625643,4.9496813,181.2,181.95,14.547811,5.381095,4245.0,-5.65,-1.99,-1.88,13.9,1790000.0,-7.19,-7.64,-10.84,-4.22,4.19,34.76,2.01,1.17,0.41,33.81282,8.127268e-06,36.75994,3,LightGBM+RNN+LSTM
[LN1279   ] [chunk_19_phase_5_optimization.py] [info] 108,18.222351,0.8458683,1.89,1.74,10.932106,1.425515,119.0,-12.56,-33.33,-7.49,17.57,89500.0,-12.56,-15.21,-15.12,-9.26,0.15,35.69,-2.79,0.63,-7.94,1.2206115,0.00012214645,2.0570579,3,LightGBM+RNN+LSTM
[LN1280   ] [chunk_19_phase_5_optimization.py] [info] 109,23.667706,4.9496813,199.213,199.333,13.76356,5.5748878,2805.0,-48.21,-52.78,-34.75,-39.95,1510000.0,-29.64,1.06,-4.53,0.7,5.69,50.9,6.24,0.63,-0.04,35.755516,9.11494e-06,40.271885,3,LightGBM+RNN+LSTM
[LN1281   ] [chunk_19_phase_5_optimization.py] [info] 110,21.607033,3.9164133,71.87,69.93,12.990056,4.6182837,5504.0,-22.13,-9.59,-3.5,25.37,435650.0,-16.94,-3.89,-3.73,4.05,2.36,51.57,4.33,1.01,-2.7,15.141989,2.9817644e-05,17.855623,3,LightGBM+RNN+LSTM
[LN1282   ] [chunk_19_phase_5_optimization.py] [info] 111,18.023779,0.91629076,5.08,4.89,9.131514,1.974081,3371.0,28.35,0.0,27.08,0.0,237330.0,46.85,18.1,11.64,1.72,0.63,52.86,12.67,0.04,-3.74,2.477102,3.847602e-05,5.336734,3,LightGBM+RNN+LSTM
[LN1283   ] [chunk_19_phase_5_optimization.py] [info] 112,17.312017,1.3987169,3.44,3.3,8.623353,1.9878744,2874.0,-21.99,0.0,-18.96,0.0,30410.0,-32.65,-18.58,-20.29,-18.33,0.27,27.39,-15.82,0.18,-4.07,1.6600647,0.00028356965,2.3593051,3,LightGBM+RNN+LSTM
[LN1284   ] [chunk_19_phase_5_optimization.py] [info] 113,22.746138,4.860355,174.89,170.06,13.06829,5.306682,1410.0,12.69,20.72,-1.39,10.62,648930.0,2.46,-6.23,-11.33,-4.59,5.69,41.44,-1.16,0.73,-2.76,32.046387,2.0138212e-05,34.989216,3,LightGBM+RNN+LSTM
[LN1285   ] [chunk_19_phase_5_optimization.py] [info] 114,19.577562,0.90421814,2.09,2.0,14.294053,1.6900958,3489.0,-42.86,-55.85,-13.24,-21.26,1300000.0,13.64,7.43,11.11,-1.4,0.12,51.14,0.0,1.24,-4.31,1.1833649,1.0995425e-05,2.2118556,3,LightGBM+RNN+LSTM
[LN1286   ] [chunk_19_phase_5_optimization.py] [info] 115,24.625643,4.9496813,199.213,199.333,13.8499,5.5748878,1952.0,-14.9,-12.75,1.55,13.44,1980000.0,1.23,2.92,2.44,0.57,5.69,54.53,1.53,0.52,-1.41,35.755516,6.994899e-06,40.271885,3,LightGBM+RNN+LSTM
[LN1287   ] [chunk_19_phase_5_optimization.py] [info] 116,20.028738,4.9496813,199.213,199.333,9.554214,5.5748878,2807.0,11.72,18.64,13.85,14.6,30390.0,25.19,3.8,1.84,0.27,5.69,55.44,3.63,0.46,0.08,35.755516,0.00031438677,40.271885,3,LightGBM+RNN+LSTM
[LN1288   ] [chunk_19_phase_5_optimization.py] [info] 117,23.667706,2.0386195,15.35,14.8,12.907188,2.8003254,2927.0,115.12,93.97,38.16,65.18,464240.0,6.47,9.23,11.11,9.0,0.37,63.35,2.99,0.87,-3.58,5.2851,2.7802835e-05,7.2598147,3,LightGBM+RNN+LSTM
[LN1289   ] [chunk_19_phase_5_optimization.py] [info] 118,15.802014,1.4398351,4.34,4.14,10.196008,3.9908342,1018.0,-84.97,-34.65,-50.36,-69.86,35800.0,-9.72,3.24,-0.6,-4.1,0.34,47.19,-8.42,0.75,-4.83,1.0373771,0.0002848047,2.8753293,3,LightGBM+RNN+LSTM
[LN1290   ] [chunk_19_phase_5_optimization.py] [info] 119,22.031599,4.625169,199.213,199.333,13.250312,5.5748878,156.0,95.29,107.8,39.38,89.32,383810.0,19.28,6.91,0.37,-3.5,5.69,48.78,-14.36,1.48,-4.76,35.755516,3.4523102e-05,43.097454,3,LightGBM+RNN+LSTM
[LN1291   ] [chunk_19_phase_5_optimization.py] [info] 120,21.674923,4.6105556,109.11,73.89,15.969002,4.9928784,2806.0,-44.24,-42.18,-37.29,-39.17,414330.0,-31.9,-29.14,-28.24,-19.83,5.48,24.91,-18.12,2.44,-8.65,14.799078,3.8541748e-05,16.026268,3,LightGBM+RNN+LSTM
[LN1292   ] [chunk_19_phase_5_optimization.py] [info] 121,21.944096,4.8205233,178.81,180.59,13.230615,5.5748878,4512.0,-54.12,-47.94,-25.0,-2.04,1100000.0,-15.53,-14.89,-15.06,-4.61,5.69,40.1,2.51,0.51,1.0,32.393475,1.2027832e-05,37.462738,3,LightGBM+RNN+LSTM
[LN1293   ] [chunk_19_phase_5_optimization.py] [info] 122,24.451126,4.9496813,199.213,199.333,13.151079,5.5748878,3509.0,-10.4,-11.58,-4.84,0.79,744900.0,-1.05,-4.33,-5.51,-2.96,5.69,38.94,-2.15,0.69,-0.51,35.755516,1.7654826e-05,40.271885,3,LightGBM+RNN+LSTM
[LN1294   ] [chunk_19_phase_5_optimization.py] [info] 123,23.374393,4.7666936,118.18,116.33,14.376625,5.1496434,1175.0,-28.37,-27.47,-13.61,-15.44,1820000.0,-11.07,-4.13,-5.48,-3.34,2.19,36.57,-1.08,0.96,-1.57,22.589914,7.899244e-06,24.404757,3,LightGBM+RNN+LSTM
[LN1295   ] [chunk_19_phase_5_optimization.py] [info] 124,15.55948,0.87962675,2.29,2.2,10.923886,3.1337535,5563.0,-60.14,-60.32,-25.57,17.65,311160.0,-1.57,-22.74,-33.2186,-19.83,0.34,35.03,-15.71,0.18,-3.93,0.7020335,3.5106976e-05,2.5010607,3,LightGBM+RNN+LSTM
[LN1296   ] [chunk_19_phase_5_optimization.py] [info] 125,24.625643,4.9496813,199.213,199.333,14.218583,5.5748878,270.0,12.37,-7.53,0.82,4.66,2250000.0,-4.47,1.67,4.9,-0.11,5.69,50.83,-0.99,0.67,-1.04,35.755516,6.3193706e-06,40.271885,3,LightGBM+RNN+LSTM
[LN1297   ] [chunk_19_phase_5_optimization.py] [info] 126,22.310457,4.9496813,199.213,199.333,11.736453,5.5748878,119.0,2.38,6.04,1.86,13.46,176330.0,6.99,0.84,2.67,1.51,5.69,53.46,0.14,0.71,-1.01,35.755516,6.6559594e-05,40.271885,3,LightGBM+RNN+LSTM
[LN1298   ] [chunk_19_phase_5_optimization.py] [info] 127,15.595535,0.94000727,1.97,1.9,9.335298,3.1183922,1210.0,-75.81,-88.28,-46.75,-40.05,132640.0,-26.45,-15.54,-26.59,-13.68,0.16,34.73,-8.07,0.09,-3.17,0.60928833,7.038071e-05,2.021261,3,LightGBM+RNN+LSTM
[LN1299   ] [chunk_19_phase_5_optimization.py] [info] 128,24.352926,4.9496813,199.213,199.333,12.390433,5.5748878,2440.0,31.23,19.58,10.08,28.55,368470.0,-2.63,-1.2,-2.5,-1.05,5.69,46.84,1.56,0.65,-1.0,35.755516,3.362671e-05,40.271885,3,LightGBM+RNN+LSTM
[LN1300   ] [chunk_19_phase_5_optimization.py] [info] 129,24.351334,4.9496813,199.213,199.333,12.236655,5.5748878,2441.0,30.85,19.61,8.76,24.85,188840.0,-3.18,-1.93,-3.58,-1.8,5.69,44.78,0.92,1.09,-1.15,35.755516,6.479907e-05,40.271885,3,LightGBM+RNN+LSTM
[LN1301   ] [chunk_19_phase_5_optimization.py] [info] 130,22.131811,4.8739753,199.213,199.333,11.4965315,5.5545473,4007.0,45.25,67.89,13.32,25.63,163320.0,8.55,2.12,2.7,-1.44,5.69,49.01,-5.25,0.6,-3.44,35.88645,7.039268e-05,40.89742,3,LightGBM+RNN+LSTM
[LN1302   ] [chunk_19_phase_5_optimization.py] [info] 131,24.625643,4.9496813,199.213,199.333,14.651308,5.5748878,3173.0,-1.32,-13.53,2.13,11.83,2810000.0,7.97,-4.46,-6.27,-0.21,4.29,44.78,0.83,0.82,-0.71,35.755516,5.2139885e-06,40.271885,3,LightGBM+RNN+LSTM
[LN1303   ] [chunk_19_phase_5_optimization.py] [info] 132,15.477541,0.32930374,0.53,0.54,13.54271,2.1972246,713.0,-87.95,0.0,-75.8886,-74.63,691720.0,-48.02,-25.85,-28.64,-19.83,0.06,28.9,-13.02,1.1,-8.65,0.24576458,1.9578312e-05,1.6398234,3,LightGBM+RNN+LSTM
[LN1304   ] [chunk_19_phase_5_optimization.py] [info] 133,22.962912,4.9496813,199.213,199.333,12.085942,5.5748878,5657.0,38.48,36.73,17.97,37.6,183870.0,11.73,1.07,0.74,1.39,5.69,55.56,1.35,0.96,-0.03,35.755516,6.5730914e-05,40.271885,3,LightGBM+RNN+LSTM
[LN1305   ] [chunk_19_phase_5_optimization.py] [info] 134,24.625643,4.9496813,199.213,199.333,14.10654,5.5748878,119.0,-3.82,-3.22,-6.77,-4.41,1720000.0,-8.77,-4.15,-3.41,-1.97,4.21,37.07,0.5,0.78,-0.85,35.755516,8.201477e-06,40.271885,3,LightGBM+RNN+LSTM
[LN1306   ] [chunk_19_phase_5_optimization.py] [info] 135,21.745716,4.9496813,164.98,155.9,12.638621,5.500033,5447.0,-8.88,-18.19,-16.12,-11.65,113060.0,-10.09,-8.36,-6.53,-5.53,5.69,37.22,-5.65,2.44,-5.5,28.345285,0.000111786845,31.496977,3,LightGBM+RNN+LSTM
[LN1307   ] [chunk_19_phase_5_optimization.py] [info] 136,16.068905,0.2390169,0.53,0.54,6.324359,2.008214,1787.0,-87.95,-91.53,-75.8886,-74.63,6650000.0,-60.19,-35.48,-16.17,-1.07,0.03,24.91,-2.28,0.01,0.0,0.26889563,9.5103144e-07,2.2592545,3,LightGBM+RNN+LSTM
[LN1308   ] [chunk_19_phase_5_optimization.py] [info] 137,22.094446,4.648517,150.33,146.1,12.470066,5.158423,4227.0,-6.63,5.73,8.03,14.89,189730.0,23.51,4.05,0.52,0.54,4.77,52.44,-2.76,1.37,-2.81,28.322609,6.5725326e-05,31.429379,3,LightGBM+RNN+LSTM
[LN1309   ] [chunk_19_phase_5_optimization.py] [info] 138,21.808455,4.593199,122.2,120.38,11.538135,4.874663,3370.0,7.66,15.06,3.07,15.73,122930.0,-3.31,0.18,0.35,2.64,2.93,54.51,2.23,0.83,-1.49,24.695042,9.3859395e-05,26.208315,3,LightGBM+RNN+LSTM
[LN1310   ] [chunk_19_phase_5_optimization.py] [info] 139,16.887741,0.3987761,0.53,0.54,9.877502,1.0224509,4806.0,-50.96,-43.28,-39.2,-43.33,52440.0,-41.38,-21.85,-15.03,-8.97,0.05,38.92,-1.96,0.37,-1.37,0.5281427,0.00018835817,1.3541433,3,LightGBM+RNN+LSTM
[LN1311   ] [chunk_19_phase_5_optimization.py] [info] 140,18.22101,0.53649336,1.27,1.22,12.837102,1.3402504,2650.0,-50.61,-20.26,-9.68,-7.58,587590.0,35.75,-5.28,-10.29,-9.36,0.15,44.86,-1.61,0.64,-3.94,0.91027766,2.184704e-05,2.2740262,3,LightGBM+RNN+LSTM
[LN1312   ] [chunk_19_phase_5_optimization.py] [info] 141,22.9819,4.9496813,199.213,199.333,12.200321,5.5748878,188.0,5.86,9.23,2.96,10.8,266830.0,-5.44,-2.57,-4.3,-0.23,5.69,48.25,2.23,0.75,-2.04,35.755516,4.5723198e-05,40.271885,3,LightGBM+RNN+LSTM
[LN1313   ] [chunk_19_phase_5_optimization.py] [info] 142,23.109272,4.9496813,199.213,199.333,13.399657,5.5748878,1949.0,-39.64,-38.52,-29.73,-31.87,624520.0,-31.21,-11.66,0.52,1.8,5.69,41.72,2.1,1.06,-1.42,35.755516,2.145593e-05,40.271885,3,LightGBM+RNN+LSTM
[LN1314   ] [chunk_19_phase_5_optimization.py] [info] 143,18.588566,0.9477894,1.82,1.72,15.857626,2.9755297,3051.0,-68.03,-86.34,-55.63,-52.62,5180000.0,-49.26,-14.46,-25.22,-15.62,0.23,39.45,-14.85,1.49,-5.23,0.57804835,3.0613178e-06,1.8147491,3,LightGBM+RNN+LSTM
[LN1315   ] [chunk_19_phase_5_optimization.py] [info] 144,24.10358,4.7586637,142.69,141.54,13.380602,4.9752846,1606.0,17.22,10.61,5.62,3.33,1090000.0,1.51,1.98,2.0,0.21,1.91,54.37,0.03,0.59,-0.81,28.448626,1.2275782e-05,29.743645,3,LightGBM+RNN+LSTM
[LN1316   ] [chunk_19_phase_5_optimization.py] [info] 145,18.329004,1.5518088,4.64,4.58,11.849727,4.2904596,1082.0,-81.17,-88.66,-62.87,-3.78,297620.0,-60.19,-35.48,-33.2186,-19.83,1.17,33.6,-5.57,0.47,-1.29,1.0674847,3.9814953e-05,2.9513946,3,LightGBM+RNN+LSTM
[LN1317   ] [chunk_19_phase_5_optimization.py] [info] 146,21.426363,4.04987,75.19,72.11,13.180396,4.375002,5013.0,6.85,6.36,7.26,10.07,168290.0,10.75,-0.07,-2.79,1.9,2.53,52.87,4.73,2.44,-4.1,16.482279,7.831954e-05,17.80551,3,LightGBM+RNN+LSTM
[LN1318   ] [chunk_19_phase_5_optimization.py] [info] 147,24.625643,4.9496813,199.213,199.333,14.334205,5.5748878,4955.0,51.02,78.32,5.52,13.99,1820000.0,-0.85,-3.35,-6.03,-1.81,5.69,44.4,0.64,0.92,-1.97,35.755516,7.875937e-06,40.271885,3,LightGBM+RNN+LSTM
[LN1319   ] [chunk_19_phase_5_optimization.py] [info] 148,15.189226,1.0818052,2.45,2.2,11.3010435,2.5556757,593.0,-61.01,-81.85,-46.67,-46.26,1980000.0,-27.39,-5.17,3.29,-12.93,0.21,40.42,-17.29,0.04,-8.65,0.86082906,5.7075977e-06,2.033638,3,LightGBM+RNN+LSTM
[LN1320   ] [chunk_19_phase_5_optimization.py] [info] 149,15.088077,1.0851892,3.45,3.31,9.564652,4.0402403,3591.0,-87.95,-91.53,-64.11,-58.9,144990.0,24.25,-3.69,-15.93,-10.64,0.38,44.79,-1.19,0.1,-4.06,0.8192582,6.596767e-05,3.0501592,3,LightGBM+RNN+LSTM
[LN1321   ] [chunk_19_phase_5_optimization.py] [info] 150,22.225119,4.9496813,199.213,199.333,10.718941,5.5748878,2230.0,18.22,26.92,5.53,11.91,43340.0,13.99,-6.03,-11.54,-3.59,5.69,45.08,6.72,1.04,-1.7,35.755516,0.0002473221,40.271885,3,LightGBM+RNN+LSTM
[LN1322   ] [chunk_19_phase_5_optimization.py] [info] 151,23.823359,4.9496813,199.213,199.333,12.14341,5.5748878,5391.0,-11.03,-12.81,-9.66,-9.88,348410.0,-8.37,-4.17,-2.9,0.84,5.69,47.72,2.19,0.54,-1.09,35.755516,3.485379e-05,40.271885,3,LightGBM+RNN+LSTM
[LN1323   ] [chunk_19_phase_5_optimization.py] [info] 152,16.0731,0.2390169,0.53,0.54,14.573818,1.2029723,4618.0,-76.85,-86.32,-58.45,-67.99,8470000.0,-7.95,-6.68,-2.43,-15.57,0.04,43.29,-18.12,0.23,-6.47,0.44888812,1.7206397e-06,2.2592545,3,LightGBM+RNN+LSTM
[LN1324   ] [chunk_19_phase_5_optimization.py] [info] 153,15.088077,0.5068176,0.72,0.64,13.389053,1.0296195,5657.0,-43.35,-65.96,-29.98,-42.35,1850000.0,-25.59,-23.36,-26.7,-19.83,0.1,36.71,-18.12,0.35,-8.65,0.6215889,7.2373264e-06,1.2627817,3,LightGBM+RNN+LSTM
[LN1325   ] [chunk_19_phase_5_optimization.py] [info] 154,18.947773,0.8109302,1.5,1.45,9.530175,1.8870697,3221.0,-69.77,-62.77,-48.79,-51.41,72780.0,-30.04,-11.4,-19.99,-10.24,0.13,40.89,-1.49,0.19,-3.14,0.76838714,0.00013094497,1.78807,3,LightGBM+RNN+LSTM
[LN1326   ] [chunk_19_phase_5_optimization.py] [info] 155,15.088077,0.7030975,1.25,1.18,11.188414,2.7536607,1310.0,-84.64,-84.49,-73.53,-74.63,1600000.0,-44.85,-21.92,-33.2186,-19.5,0.19,37.27,-18.12,0.05,-5.6,0.42852047,6.9927582e-06,1.6782879,3,LightGBM+RNN+LSTM
[LN1327   ] [chunk_19_phase_5_optimization.py] [info] 156,17.317457,0.47623417,0.7,0.69,13.452258,1.3912818,2811.0,-60.99,-38.36,-34.34,-46.89,876990.0,-13.97,-3.46,-11.49,-3.47,0.06,46.05,-1.57,0.79,-0.96,0.49594548,1.5339125e-05,1.448867,3,LightGBM+RNN+LSTM
[LN1328   ] [chunk_19_phase_5_optimization.py] [info] 157,16.239428,0.35065687,0.62,0.61,11.757894,1.8718022,3053.0,-82.33,0.0,-59.19,-49.2,97230.0,-55.73,-35.48,-33.2186,4.03,0.1,39.0,3.08,1.31,-1.36,0.32588914,0.00012092866,1.7395923,3,LightGBM+RNN+LSTM
[LN1329   ] [chunk_19_phase_5_optimization.py] [info] 158,16.837399,0.76080585,1.18,1.18,12.146084,1.3660916,2371.0,-39.18,-49.14,-31.88,-22.37,187350.0,-34.08,-9.97,-14.49,-7.2,0.06,37.39,-4.07,1.01,0.0,0.86377805,6.483098e-05,1.550987,3,LightGBM+RNN+LSTM
[LN1330   ] [chunk_19_phase_5_optimization.py] [info] 159,18.612457,0.6259384,2.93,2.74,11.254582,1.704748,4584.0,115.5665,144.143,-3.95,18.61,95630.0,-36.87,-8.92,-15.69,-17.4,0.29,38.28,-13.84,0.81,-6.48,1.6072756,0.000117688825,4.377427,3,LightGBM+RNN+LSTM
[LN1331   ] [chunk_19_phase_5_optimization.py] [info] 160,21.416412,4.5891423,158.3,153.02,12.441615,5.545334,283.0,-23.54,-26.88,8.94,22.96,355060.0,10.81,-0.97,-6.26,-6.27,5.69,44.84,-0.16,0.71,-3.34,27.594372,3.504088e-05,33.34392,3,LightGBM+RNN+LSTM
[LN1332   ] [chunk_19_phase_5_optimization.py] [info] 161,15.414898,0.85015094,1.51,1.46,11.144742,5.5748878,5062.0,-87.95,-91.53,-75.8886,-49.48,99680.0,-11.82,-1.63,4.68,-2.55,0.08,45.94,-7.91,0.69,-3.64,0.26188868,0.000111805195,1.7173421,3,LightGBM+RNN+LSTM
[LN1333   ] [chunk_19_phase_5_optimization.py] [info] 162,22.73282,4.8405585,185.18,182.81,13.132502,5.2805605,4410.0,16.54,22.63,12.0,35.1,324110.0,3.21,-1.37,-2.06,-1.46,4.64,46.77,0.28,1.56,-1.28,34.61943,4.051866e-05,37.766304,3,LightGBM+RNN+LSTM
[LN1334   ] [chunk_19_phase_5_optimization.py] [info] 163,20.762487,2.727199,19.33,18.19,13.634216,3.129826,3896.0,0.5,1.96,3.95,10.24,328820.0,4.36,0.94,1.11,0.63,0.72,50.28,4.36,2.44,-5.87,5.811825,4.1464074e-05,6.669847,3,LightGBM+RNN+LSTM
[LN1335   ] [chunk_19_phase_5_optimization.py] [info] 164,18.494303,0.6881346,2.07,2.07,12.71062,2.2170272,3110.0,-51.75,0.0,-14.87,-40.0,196920.0,-31.68,-6.55,-11.91,-0.52,0.15,46.64,8.95,1.68,0.0,0.93368274,6.454712e-05,3.0081322,3,LightGBM+RNN+LSTM
[LN1336   ] [chunk_19_phase_5_optimization.py] [info] 165,17.609875,0.43825492,0.93,0.9,10.639718,1.0224509,119.0,20.32,2.27,-11.17,-15.74,18390.0,-15.9,-3.15,2.27,-5.33,0.1,44.39,-8.17,2.27,-3.23,0.8802378,0.00057856,2.053599,3,LightGBM+RNN+LSTM
[LN1337   ] [chunk_19_phase_5_optimization.py] [info] 166,15.979982,0.41210964,0.63,0.61,11.5523,3.4965076,4345.0,-86.15,-86.48,-75.8886,-74.63,1680000.0,-60.19,-19.83,-29.08,-14.3,0.12,29.35,-10.89,0.06,-3.06,0.1744598,6.876369e-06,1.4801885,3,LightGBM+RNN+LSTM
[LN1338   ] [chunk_19_phase_5_optimization.py] [info] 167,21.543045,4.9496813,187.1,187.57,11.071595,5.4565597,216.0,0.89,9.13,-4.36,9.97,81040.0,-14.57,-6.55,-3.37,0.35,4.34,43.6,1.97,0.79,0.25,34.37514,0.0001366189,37.895367,3,LightGBM+RNN+LSTM
[LN1339   ] [chunk_19_phase_5_optimization.py] [info] 168,20.230494,1.3887912,4.0,3.45,14.773304,1.8531681,4431.0,-17.07,1.47,-11.57,-3.63,587370.0,-9.8,-10.95,-10.85,-9.08,0.18,36.07,-9.45,2.44,-8.65,1.8616768,2.5151614e-05,2.4841747,3,LightGBM+RNN+LSTM
[LN1340   ] [chunk_19_phase_5_optimization.py] [info] 169,24.384003,4.9496813,199.213,199.333,13.700356,5.5748878,4547.0,16.52,11.03,6.17,24.27,1010000.0,-2.57,-3.57,-3.31,-2.43,5.47,40.01,-1.19,0.88,-0.65,35.755516,1.3564709e-05,40.271885,3,LightGBM+RNN+LSTM
[LN1341   ] [chunk_19_phase_5_optimization.py] [info] 170,23.435972,4.767034,179.47,175.5,13.781588,5.2022467,229.0,34.3,14.44,19.47,38.78,900500.0,7.23,0.92,-1.09,-0.51,3.02,49.45,-1.0,1.07,-2.21,33.735424,1.5304373e-05,36.815346,3,LightGBM+RNN+LSTM
[LN1342   ] [chunk_19_phase_5_optimization.py] [info] 171,23.766836,4.9496813,194.9,193.56,13.510108,5.461074,1096.0,3.67,-5.71,-7.94,-7.33,913900.0,-12.06,-0.96,-4.81,-2.26,4.2,44.31,2.76,0.81,-0.69,35.44358,1.4782918e-05,39.105545,3,LightGBM+RNN+LSTM
[LN1343   ] [chunk_19_phase_5_optimization.py] [info] 172,22.364202,3.1535904,24.34,23.91,12.599685,4.066802,5657.0,-53.48,-52.6,-31.68,-36.26,467430.0,-18.31,-5.29,-0.33,-0.34,0.7,46.45,-1.12,0.63,-1.77,5.8793125,2.6955233e-05,7.5818343,3,LightGBM+RNN+LSTM
[LN1344   ] [chunk_19_phase_5_optimization.py] [info] 173,24.51312,4.9496813,199.213,199.333,14.199832,5.5748878,2024.0,-2.77,9.08,-5.09,9.12,2200000.0,-17.6,-8.88,-10.18,-0.54,5.69,40.54,0.58,0.67,-0.42,35.755516,6.4544693e-06,40.271885,3,LightGBM+RNN+LSTM
[LN1345   ] [chunk_19_phase_5_optimization.py] [info] 174,16.228743,1.4445633,4.18,3.75,13.54991,5.198497,4374.0,-87.95,-91.53,-75.8886,-74.63,1840000.0,-60.19,-28.6,6.84,-15.85,0.86,42.61,-18.12,0.42,-8.65,0.72136235,7.3640813e-06,2.5959404,3,LightGBM+RNN+LSTM
[LN1346   ] [chunk_19_phase_5_optimization.py] [info] 175,16.58057,0.7371641,1.65,1.61,12.728669,1.978239,4893.0,-40.26,-58.34,-25.12,-22.22,8470000.0,15.83,-32.24,-17.44,6.03,0.2,42.28,1.9,0.03,-2.42,0.8138551,1.5027944e-06,2.1840456,3,LightGBM+RNN+LSTM
[LN1347   ] [chunk_19_phase_5_optimization.py] [info] 176,24.625643,4.9496813,199.213,199.333,15.571911,5.5748878,1412.0,60.74,70.86,11.8,47.95,2800000.0,0.24,-9.98,-13.55,-9.26,5.69,39.65,-8.03,2.07,-8.15,35.755516,5.561397e-06,40.271885,3,LightGBM+RNN+LSTM
[LN1348   ] [chunk_19_phase_5_optimization.py] [info] 177,22.774822,4.9496813,199.213,199.333,13.434627,5.5748878,4649.0,-35.93,-30.91,-12.65,-17.57,562070.0,-12.48,-4.03,-2.7,-3.51,5.69,43.47,-4.05,1.22,-5.61,35.755516,2.3902052e-05,40.271885,3,LightGBM+RNN+LSTM
[LN1349   ] [chunk_19_phase_5_optimization.py] [info] 178,23.300447,4.9496813,199.213,199.333,12.462937,5.5748878,3645.0,11.9,-8.95,10.3,26.75,320930.0,6.84,3.43,4.14,1.21,4.93,56.56,0.99,0.81,-1.51,35.755516,3.883382e-05,40.271885,3,LightGBM+RNN+LSTM
[LN1350   ] [chunk_19_phase_5_optimization.py] [info] 179,24.625643,4.9496813,199.213,199.333,13.770899,5.5748878,339.0,-12.11,-23.11,-11.47,-5.18,969680.0,-14.81,-8.54,-6.37,-2.97,5.23,32.95,0.69,0.99,0.7,35.755516,1.4201488e-05,40.271885,3,LightGBM+RNN+LSTM
[LN1351   ] [chunk_19_phase_5_optimization.py] [info] 180,17.807268,1.5602477,4.18,3.67,11.008148,2.7073834,2226.0,-63.28,-68.63,-45.06,-29.37,22000.0,-51.62,-35.48,-33.2186,-19.83,0.39,24.91,-18.12,2.44,-8.65,1.3555524,0.0005003704,2.3521907,3,LightGBM+RNN+LSTM
[LN1352   ] [chunk_19_phase_5_optimization.py] [info] 181,20.059193,2.8015406,19.38,16.95,14.153693,3.463859,1695.0,-34.88,-26.78,-16.92,-9.74,530340.0,4.31,-14.81,-20.5,-15.81,0.89,30.48,-8.53,2.44,-8.65,4.893386,2.6687962e-05,6.0502424,3,LightGBM+RNN+LSTM
[LN1353   ] [chunk_19_phase_5_optimization.py] [info] 182,15.490736,1.0367368,2.5,2.48,12.904834,1.8325815,2367.0,-6.84,-45.73,-13.93,-20.77,57440.0,-10.47,-8.58,-10.79,-2.62,0.23,44.18,-6.06,2.44,-0.8,1.3532822,0.00022466634,2.3921208,3,LightGBM+RNN+LSTM
[LN1354   ] [chunk_19_phase_5_optimization.py] [info] 183,16.43655,0.31481075,0.53,0.54,11.273322,4.685459,5657.0,-63.04,-91.53,-22.0,8.29,1990000.0,-12.95,-7.41,-28.77,-12.61,0.05,38.51,-3.2,0.04,-0.55,0.11525018,5.664986e-06,1.7153163,3,LightGBM+RNN+LSTM
[LN1355   ] [chunk_19_phase_5_optimization.py] [info] 184,15.864493,1.178655,2.47,2.26,11.440462,1.6448051,2987.0,-31.52,-34.87,-25.78,-27.56,56630.0,-25.9,-15.77,-11.02,-15.63,0.15,27.14,-16.91,1.64,-8.5,1.374023,0.00020202123,1.9174398,3,LightGBM+RNN+LSTM
[LN1356   ] [chunk_19_phase_5_optimization.py] [info] 185,16.34204,0.2390169,0.53,0.54,15.626433,1.4350846,551.0,-84.83,-86.25,-75.8886,-74.63,3350000.0,-54.55,-35.48,-33.2186,-19.83,0.03,24.91,-18.12,1.83,-8.65,0.37628445,4.664607e-06,2.2592545,3,LightGBM+RNN+LSTM
[LN1357   ] [chunk_19_phase_5_optimization.py] [info] 186,24.34333,4.9496813,199.213,199.333,14.624292,5.5748878,1110.0,-28.54,-24.78,-28.02,-27.43,2170000.0,-35.54,-7.81,-8.28,-8.0,5.69,32.04,-7.42,1.03,-3.0,35.755516,6.7393053e-06,40.271885,3,LightGBM+RNN+LSTM
[LN1358   ] [chunk_19_phase_5_optimization.py] [info] 187,15.088077,0.41210964,0.96,0.94,10.946781,1.427916,2694.0,-24.41,-23.18,-19.14,-27.21,397160.0,-17.83,-8.31,-12.51,-10.55,0.08,40.57,-5.51,0.14,-1.61,0.658302,2.7562646e-05,2.2809463,3,LightGBM+RNN+LSTM
[LN1359   ] [chunk_19_phase_5_optimization.py] [info] 188,15.088077,0.41210964,0.59,0.55,12.686642,2.2533948,1309.0,-87.48,0.0,-70.42,0.0,2570000.0,-60.19,-25.43,-18.98,-19.83,0.11,36.49,-9.78,0.13,-7.23,0.24407618,4.9364367e-06,1.3345963,3,LightGBM+RNN+LSTM
[LN1360   ] [chunk_19_phase_5_optimization.py] [info] 189,17.185562,0.48242614,0.66,0.64,11.193959,2.276241,868.0,-84.58,-86.94,-62.89,-44.83,653400.0,-60.19,-35.48,-33.2186,-19.83,0.09,24.91,-15.04,0.11,-3.64,0.2811653,1.7131862e-05,1.3266279,3,LightGBM+RNN+LSTM
[LN1361   ] [chunk_19_phase_5_optimization.py] [info] 190,20.054987,3.3286266,28.08,27.56,12.174572,4.155753,2935.0,-51.39,-48.55,-33.7,-37.42,281300.0,-40.67,-9.2,-10.05,-4.44,0.96,38.06,-0.22,0.69,-1.85,6.63177,4.3279673e-05,8.279691,3,LightGBM+RNN+LSTM
[LN1362   ] [chunk_19_phase_5_optimization.py] [info] 191,18.473747,1.2499018,2.73,2.7,10.777059,1.6134299,3428.0,-24.79,-32.33,-15.88,-6.9,24070.0,-3.57,-13.99,-13.46,-9.28,0.17,39.48,4.65,1.99,-1.1,1.6734535,0.00044773822,2.1601698,3,LightGBM+RNN+LSTM
[LN1363   ] [chunk_19_phase_5_optimization.py] [info] 192,18.158537,0.44468582,0.79,0.78,14.125363,1.0224509,2696.0,-22.01,-49.68,-17.81,-31.59,1370000.0,-30.37,-10.26,-11.28,-11.45,0.06,38.12,-4.41,1.0,-1.17,0.7628728,1.0310485e-05,1.7540474,3,LightGBM+RNN+LSTM
[LN1364   ] [chunk_19_phase_5_optimization.py] [info] 193,17.797993,1.8050047,12.39,11.74,11.004098,3.2323842,2986.0,73.54,29.3,5.97,55.29,77380.0,-5.93,-26.41,-33.2186,-11.8,1.52,38.95,-3.02,0.78,-5.25,3.631994,0.00014220855,6.504138,3,LightGBM+RNN+LSTM
[LN1365   ] [chunk_19_phase_5_optimization.py] [info] 194,16.98897,0.5653138,1.01,1.01,10.396719,2.104134,3106.0,-72.7,0.0,-43.53,-74.63,118270.0,0.0,-4.35,-9.82,-6.0,0.1,45.01,-15.83,0.28,0.0,0.4800074,8.790665e-05,1.7866182,3,LightGBM+RNN+LSTM
[LN1366   ] [chunk_19_phase_5_optimization.py] [info] 195,23.2247,4.938853,199.213,199.333,14.039175,5.5748878,1332.0,44.24,54.42,8.7,28.34,883760.0,-10.32,0.39,2.43,-0.38,5.69,49.86,1.08,1.42,-1.69,35.755516,1.5885733e-05,40.360184,3,LightGBM+RNN+LSTM
[LN1367   ] [chunk_19_phase_5_optimization.py] [info] 196,15.191755,1.3609766,6.13,5.27,10.962892,3.164631,3644.0,-15.81,-25.94,10.61,39.42,271520.0,-19.79,1.86,9.79,-14.85,0.72,43.56,-18.12,0.21,-8.65,1.6652812,4.0376e-05,3.8722196,3,LightGBM+RNN+LSTM
[LN1368   ] [chunk_19_phase_5_optimization.py] [info] 197,23.866125,4.9496813,199.213,199.333,13.231813,5.5748878,4256.0,26.1,39.15,12.11,33.56,622760.0,14.88,0.73,0.43,4.04,5.69,58.27,5.37,0.9,0.08,35.755516,2.124705e-05,40.271885,3,LightGBM+RNN+LSTM
[LN1369   ] [chunk_19_phase_5_optimization.py] [info] 198,17.45178,0.6151856,0.9,0.89,12.590988,1.8115621,1732.0,-76.07,-75.0,-58.63,-60.92,198830.0,-52.89,-35.48,-15.57,-1.05,0.08,26.36,0.02,1.48,-0.11,0.4912887,6.3325395e-05,1.4467177,3,LightGBM+RNN+LSTM
[LN1370   ] [chunk_19_phase_5_optimization.py] [info] 199,18.080723,0.7514161,1.15,1.11,15.008017,1.3454723,3105.0,-35.47,-43.94,-29.22,-31.9,1050000.0,-30.19,-30.74,-33.2186,-19.83,0.23,35.92,-15.91,2.44,-3.48,0.8249891,1.42933495e-05,1.4772109,3,LightGBM+RNN+LSTM
[LN1371   ] [chunk_19_phase_5_optimization.py] [info] 200,24.625643,4.717248,127.95,126.34,15.716619,4.9574456,119.0,11.7,7.99,-3.2,-2.35,5820000.0,-0.16,-4.38,-5.64,-3.93,2.67,35.55,-1.01,1.15,-1.26,25.4849,2.70045e-06,26.782564,3,LightGBM+RNN+LSTM
[LN1372   ] [chunk_19_phase_5_optimization.py] [info] 201,17.925072,1.5686159,4.49,4.24,12.158247,3.2331731,3751.0,-66.98,-70.31,-53.64,-40.68,276870.0,-52.55,-14.55,-14.34,-10.02,0.39,38.92,-9.21,0.69,-5.57,1.3114052,4.3913198e-05,2.7030199,3,LightGBM+RNN+LSTM
[LN1373   ] [chunk_19_phase_5_optimization.py] [info] 202,17.170664,0.8329091,2.69,2.56,11.333619,2.3978953,4906.0,-41.82,7.56,-11.22,38.38,109430.0,-32.45,1.85,-4.83,4.71,0.24,52.55,8.02,0.76,-4.83,1.0676029,0.00010356958,3.0735645,3,LightGBM+RNN+LSTM
[LN1374   ] [chunk_19_phase_5_optimization.py] [info] 203,22.058268,3.2771447,26.24,25.96,13.828858,4.314818,2029.0,-56.98,0.0,-34.73,0.0,2420000.0,0.0,-32.44,-33.2186,-10.72,2.66,32.33,-7.45,0.42,-1.07,6.016476,5.7144043e-06,7.92153,3,LightGBM+RNN+LSTM
[LN1375   ] [chunk_19_phase_5_optimization.py] [info] 204,17.938929,0.47000363,0.65,0.65,11.324365,2.1198635,1603.0,-79.37,-87.83,-55.59,-51.72,1340000.0,-50.76,-35.48,-33.2186,-19.83,0.13,30.96,-12.39,0.06,-0.02,0.30662352,8.451018e-06,1.3829681,3,LightGBM+RNN+LSTM
[LN1376   ] [chunk_19_phase_5_optimization.py] [info] 205,24.024275,4.9496813,199.213,199.333,13.378049,5.5748878,3180.0,3.88,31.15,-3.57,8.52,914730.0,-9.98,-0.52,-0.38,3.59,5.69,55.17,3.02,0.71,0.3,35.755516,1.4625133e-05,40.271885,3,LightGBM+RNN+LSTM
[LN1377   ] [chunk_19_phase_5_optimization.py] [info] 206,15.779822,1.5581446,4.2,4.05,10.333938,2.213754,441.0,-39.73,-50.88,-30.29,-31.24,499560.0,-27.94,-17.13,-26.09,-13.25,0.41,38.42,-4.71,0.06,-3.57,1.8294717,2.068608e-05,2.5992453,3,LightGBM+RNN+LSTM
[LN1378   ] [chunk_19_phase_5_optimization.py] [info] 207,23.161255,4.9496813,199.213,199.333,13.044419,5.5748878,4564.0,-2.24,-12.81,-0.02,6.71,427340.0,-1.63,-2.05,-2.87,-4.82,5.28,38.58,-3.43,1.08,0.28,35.755516,3.0524687e-05,40.271885,3,LightGBM+RNN+LSTM
[LN1379   ] [chunk_19_phase_5_optimization.py] [info] 208,24.625643,4.603469,197.18,191.23,14.626662,5.295714,2588.0,74.85,81.19,20.8,47.44,2300000.0,2.37,3.63,-1.21,-0.15,5.45,51.96,-0.54,0.98,-3.02,36.110332,6.3594184e-06,41.540413,3,LightGBM+RNN+LSTM
[LN1380   ] [chunk_19_phase_5_optimization.py] [info] 209,24.625643,4.9496813,199.213,199.333,14.055957,5.5748878,2743.0,6.73,9.37,0.51,12.54,1960000.0,-14.14,-0.48,-4.06,0.36,5.69,50.76,2.77,0.65,-0.63,35.755516,7.1714067e-06,40.271885,3,LightGBM+RNN+LSTM
[LN1381   ] [chunk_19_phase_5_optimization.py] [info] 210,17.986507,0.90421814,1.6,1.59,11.902966,2.338917,3215.0,-76.58,-74.52,-60.82,-69.25,585390.0,-52.4,-4.45,-10.17,-3.9,0.1,45.03,1.27,0.25,-0.62,0.6798018,2.0333395e-05,1.7584252,3,LightGBM+RNN+LSTM
[LN1382   ] [chunk_19_phase_5_optimization.py] [info] 211,15.555977,1.178655,3.12,2.98,11.04377,2.7887082,4347.0,-56.56,-61.16,-23.57,-6.35,2640000.0,-8.02,-13.31,-31.49,-12.49,0.28,39.63,-6.88,0.02,-4.49,1.0685952,4.183246e-06,2.5283055,3,LightGBM+RNN+LSTM
[LN1383   ] [chunk_19_phase_5_optimization.py] [info] 212,16.620083,0.72270596,1.16,1.08,11.819682,4.023743,3316.0,-75.06,0.0,-75.31,-74.63,181540.0,-59.7,-35.48,-33.2186,-19.83,0.2,29.88,-18.12,0.75,-6.9,0.26840678,6.5107866e-05,1.4943836,3,LightGBM+RNN+LSTM
[LN1384   ] [chunk_19_phase_5_optimization.py] [info] 213,15.540061,0.8329091,1.59,1.32,15.824325,1.7833912,3712.0,-37.44,-72.27,-32.82,-12.0,396120.0,-33.33,-35.48,-33.2186,-19.83,0.17,28.92,-18.12,2.44,-8.65,0.7401629,3.994831e-05,1.5848067,3,LightGBM+RNN+LSTM
[LN1385   ] [chunk_19_phase_5_optimization.py] [info] 214,17.817192,0.2390169,0.79,0.72,12.291998,1.5871923,5160.0,-67.13,-74.13,-9.3,149.1765,1220000.0,-46.33,-16.95,-22.8,-16.77,0.1,36.75,-11.86,0.18,-8.65,0.45363122,1.0075408e-05,3.012339,3,LightGBM+RNN+LSTM
[LN1386   ] [chunk_19_phase_5_optimization.py] [info] 215,17.38307,1.6639261,6.96,6.84,6.72022,2.7725887,5022.0,21.06,-0.73,-2.69,42.8,11190.0,-35.29,-19.55,-18.57,-10.52,0.38,30.2,-7.32,0.07,-1.72,2.4670086,0.00060055585,4.1107593,3,LightGBM+RNN+LSTM
[LN1387   ] [chunk_19_phase_5_optimization.py] [info] 216,24.625643,4.9496813,199.213,199.333,14.044048,5.5597196,4598.0,10.9,9.31,-5.01,-7.33,1200000.0,-8.99,-2.12,-1.89,-0.24,3.49,46.89,2.24,1.04,-0.08,35.853065,1.1703373e-05,40.271885,3,LightGBM+RNN+LSTM
[LN1388   ] [chunk_19_phase_5_optimization.py] [info] 217,15.088077,0.43178242,0.75,0.73,10.126071,1.8702625,4758.0,-54.9,-55.17,-30.27,5.36,271430.0,-31.71,-28.36,-32.41,-17.3,0.11,38.68,-2.08,0.09,-2.48,0.39031953,3.730638e-05,1.6906663,3,LightGBM+RNN+LSTM
[LN1389   ] [chunk_19_phase_5_optimization.py] [info] 218,22.866856,4.9496813,199.213,199.333,11.905562,5.5748878,354.0,-3.53,18.33,-0.53,5.47,310280.0,-8.96,-9.76,-15.11,-2.94,5.69,40.48,4.14,0.48,-0.96,35.755516,3.837038e-05,40.271885,3,LightGBM+RNN+LSTM
[LN1390   ] [chunk_19_phase_5_optimization.py] [info] 219,23.83054,4.9496813,199.213,199.333,12.131381,5.5748878,1939.0,-17.54,-17.61,-9.36,-1.67,151250.0,-17.57,-6.52,-5.79,-0.93,5.69,44.95,-0.22,1.23,-0.93,35.755516,8.020748e-05,40.271885,3,LightGBM+RNN+LSTM
[LN1391   ] [chunk_19_phase_5_optimization.py] [info] 220,15.597219,0.48858002,0.92,0.89,11.635453,2.3015845,2819.0,-81.31,-89.15,-43.02,-41.93,1000000.0,15.47,-5.82,-19.38,-7.55,0.07,41.02,-4.3,0.11,-3.16,0.3866901,1.1635453e-05,1.8216053,3,LightGBM+RNN+LSTM
[LN1392   ] [chunk_19_phase_5_optimization.py] [info] 221,16.4474,0.6097656,1.21,1.01,11.639267,1.9865036,2589.0,-67.5,0.0,-28.48,-40.55,165990.0,-26.23,-13.98,-17.16,-19.83,0.17,37.24,-12.11,0.68,-8.65,0.508431,7.0120295e-05,1.6563742,3,LightGBM+RNN+LSTM
[LN1393   ] [chunk_19_phase_5_optimization.py] [info] 222,19.398594,3.9316294,56.94,55.31,8.609043,4.335983,1447.0,-12.64,-3.12,-6.28,-2.69,8980.0,-4.64,-6.72,-8.73,-2.65,2.07,43.06,4.01,0.61,-2.86,12.756047,0.00095869077,14.067958,3,LightGBM+RNN+LSTM
[LN1394   ] [chunk_19_phase_5_optimization.py] [info] 223,18.863121,0.95551145,1.68,1.68,12.576094,1.6351056,1889.0,-49.85,-4.82,-34.75,-41.87,564490.0,-24.32,-8.21,-12.95,-3.34,0.07,39.79,0.6,0.51,0.0,1.0274565,2.2278682e-05,1.7582207,3,LightGBM+RNN+LSTM
[LN1395   ] [chunk_19_phase_5_optimization.py] [info] 224,16.925909,1.6370531,4.53,4.45,8.584104,2.5136561,5657.0,-28.57,-41.75,-36.65,-46.9,18780.0,-39.46,-18.74,-8.81,-1.72,0.29,38.02,1.14,0.28,-1.77,1.7703297,0.00045708753,2.7182992,3,LightGBM+RNN+LSTM
[LN1396   ] [chunk_19_phase_5_optimization.py] [info] 225,15.479437,0.6981347,1.29,1.28,10.705377,2.9907198,3917.0,-87.95,-87.63,-71.66,-74.63,169690.0,-7.91,4.1,-1.54,-3.9,0.09,47.53,-1.54,0.26,-0.78,0.42799062,6.308785e-05,1.833457,3,LightGBM+RNN+LSTM
[LN1397   ] [chunk_19_phase_5_optimization.py] [info] 226,15.088077,0.7654678,1.23,1.18,11.869214,2.70538,2081.0,-84.39,-85.95,-63.42,-69.74,655690.0,-32.38,-9.45,-9.92,-8.92,0.09,38.25,-7.81,0.22,-4.07,0.43616793,1.810187e-05,1.5415409,3,LightGBM+RNN+LSTM
[LN1398   ] [chunk_19_phase_5_optimization.py] [info] 227,16.305405,1.5686159,3.92,3.78,11.647683,4.204693,1166.0,-57.86,-91.53,-48.06,-59.73,124110.0,-25.74,-24.02,-33.2186,-19.83,0.4,30.06,-18.12,0.92,-3.57,0.8989956,9.384968e-05,2.4097676,3,LightGBM+RNN+LSTM
[LN1399   ] [chunk_19_phase_5_optimization.py] [info] 228,17.907185,1.8625286,6.34,5.96,12.779231,3.4719665,3182.0,-73.86,-65.75,-56.85,-48.2,391580.0,-60.19,-35.48,-33.2186,-18.69,0.9,31.2,3.11,0.91,-5.99,1.7166065,3.2635045e-05,3.199951,3,LightGBM+RNN+LSTM
[LN1400   ] [chunk_19_phase_5_optimization.py] [info] 229,15.940165,1.0402768,2.35,2.24,11.07977,4.091006,2312.0,-87.95,-91.53,-75.8886,-66.76,991170.0,-60.19,-18.46,-0.44,-3.72,0.37,44.87,0.9,0.07,-4.68,0.54754263,1.1178477e-05,2.153273,3,LightGBM+RNN+LSTM
[LN1401   ] [chunk_19_phase_5_optimization.py] [info] 230,15.764274,1.2556161,5.26,5.08,9.528794,2.706716,3062.0,-26.06,-11.5,-7.65,29.59,660250.0,-20.63,-9.89,-29.54,-16.01,0.58,39.84,-5.22,0.02,-3.42,1.876813,1.44321e-05,4.0458226,3,LightGBM+RNN+LSTM
[LN1402   ] [chunk_19_phase_5_optimization.py] [info] 231,16.444517,0.47000363,0.63,0.63,11.4033785,2.5771818,3629.0,-71.03,-56.82,-69.75,-73.18,242080.0,-59.16,-35.48,-33.2186,-19.83,0.09,27.25,-9.01,0.37,0.3,0.24445306,4.7105827e-05,1.3404151,3,LightGBM+RNN+LSTM
[LN1403   ] [chunk_19_phase_5_optimization.py] [info] 232,22.539719,4.464528,134.32,125.48,13.866568,5.4355545,3966.0,-24.71,-40.13,-1.11,4.58,1420000.0,27.72,4.24,-8.23,-6.06,5.69,46.71,-5.71,0.74,-6.58,23.085041,9.765188e-06,28.105995,3,LightGBM+RNN+LSTM
[LN1404   ] [chunk_19_phase_5_optimization.py] [info] 233,17.8725,1.3609766,6.87,5.83,11.114446,2.7725887,5003.0,-35.1,-46.02,-1.77,82.19,41230.0,-17.77,-22.16,-26.76,-19.83,0.68,30.1,-18.12,1.63,-8.65,2.1027281,0.0002695718,4.2836885,3,LightGBM+RNN+LSTM
[LN1405   ] [chunk_19_phase_5_optimization.py] [info] 234,15.088077,1.5748465,4.15,4.11,10.496013,3.2068033,1588.0,-69.56,-74.47,-50.04,-48.13,129290.0,-41.23,-20.33,-20.96,-10.12,0.4,38.98,-4.86,0.28,-0.96,1.2816502,8.118194e-05,2.6097782,3,LightGBM+RNN+LSTM
[LN1406   ] [chunk_19_phase_5_optimization.py] [info] 235,19.292183,0.756122,3.2,2.91,14.102075,2.2679937,5060.0,49.06,32.57,-0.57,100.69,3600000.0,57.3,-35.48,-25.38,-19.83,0.43,31.51,-11.82,0.37,-8.65,1.2830724,3.9172432e-06,3.8485854,3,LightGBM+RNN+LSTM
[LN1407   ] [chunk_19_phase_5_optimization.py] [info] 236,20.653605,4.010238,65.23,64.63,10.549386,4.3821516,5258.0,-4.72,6.09,-0.45,8.35,45990.0,0.59,-4.18,-6.05,-0.84,1.61,45.47,4.11,0.83,-0.92,14.748463,0.00022938434,16.116251,3,LightGBM+RNN+LSTM
[LN1408   ] [chunk_19_phase_5_optimization.py] [info] 237,15.088077,1.4816046,3.72,3.57,10.783695,4.5141506,2859.0,-87.95,-91.53,-75.8886,-71.66,108140.0,-52.08,-21.0,-16.0,-11.37,0.41,36.1,-10.08,0.45,-4.03,0.7908464,9.9719764e-05,2.40955,3,LightGBM+RNN+LSTM
[LN1409   ] [chunk_19_phase_5_optimization.py] [info] 238,21.80507,3.6490986,199.213,199.333,12.866302,5.5748878,1464.0,115.5665,144.143,34.88,149.1765,482010.0,4.47,3.89,-5.64,4.29,5.69,53.23,-1.0,0.8,-3.56,35.755516,2.6693018e-05,54.62527,3,LightGBM+RNN+LSTM
[LN1410   ] [chunk_19_phase_5_optimization.py] [info] 239,23.407705,4.9496813,199.213,199.333,12.264111,5.5748878,1693.0,-3.64,-9.67,1.09,-1.67,322100.0,3.68,1.24,1.08,-0.71,5.69,50.82,2.47,0.66,0.24,35.755516,3.8075475e-05,40.271885,3,LightGBM+RNN+LSTM
[LN1411   ] [chunk_19_phase_5_optimization.py] [info] 240,22.813894,4.885601,199.213,199.333,12.780163,5.5748878,1636.0,60.59,40.94,28.15,73.88,376960.0,6.52,2.53,-1.07,-3.57,5.69,46.28,-6.46,0.94,-3.71,35.755516,3.3903234e-05,40.8001,3,LightGBM+RNN+LSTM
[LN1412   ] [chunk_19_phase_5_optimization.py] [info] 241,18.967066,0.81536484,1.65,1.62,13.171519,1.8245493,3573.0,-61.06,-56.91,-36.87,-42.96,826160.0,-28.0,6.26,-2.41,-1.16,0.11,49.53,-8.47,0.64,-1.82,0.8878905,1.594306e-05,1.9868407,3,LightGBM+RNN+LSTM
[LN1413   ] [chunk_19_phase_5_optimization.py] [info] 242,16.061525,0.76080585,1.94,1.88,11.873979,4.3141494,799.0,-87.95,-91.53,-75.8886,22.08,1090000.0,36.23,5.16,-6.93,-7.41,0.16,44.94,-12.15,0.13,-3.09,0.43577537,1.0893558e-05,2.471064,3,LightGBM+RNN+LSTM
[LN1414   ] [chunk_19_phase_5_optimization.py] [info] 243,16.38736,0.36464313,0.53,0.54,10.657001,2.0794415,5238.0,-87.95,0.0,-64.82,0.0,1060000.0,-60.19,-21.02,-29.31,-14.95,0.06,37.44,-5.28,0.04,-1.54,0.2596851,1.0053774e-05,1.4809,3,LightGBM+RNN+LSTM
[LN1415   ] [chunk_19_phase_5_optimization.py] [info] 244,24.625643,4.9496813,199.213,199.333,13.821883,5.5748878,119.0,4.83,6.92,5.83,14.03,1490000.0,2.16,-0.13,-4.23,-0.7,5.69,48.57,3.34,0.67,0.55,35.755516,9.276432e-06,40.271885,3,LightGBM+RNN+LSTM
[LN1416   ] [chunk_19_phase_5_optimization.py] [info] 245,15.088077,2.218116,9.44,7.59,12.787143,5.5748878,4875.0,-87.95,-91.53,-75.8886,-74.63,423180.0,-60.19,-35.48,-33.2186,-19.83,2.9,27.86,-18.12,0.85,-8.65,1.3614624,3.0216792e-05,3.421823,3,LightGBM+RNN+LSTM
[LN1417   ] [chunk_19_phase_5_optimization.py] [info] 246,15.587068,0.2390169,0.53,0.54,13.79187,2.8201878,4348.0,-87.95,-91.53,-75.8886,-74.63,2130000.0,-29.32,-13.64,-22.71,-15.21,0.03,38.99,-4.56,0.46,-3.45,0.19147661,6.4750566e-06,2.2592545,3,LightGBM+RNN+LSTM
[LN1418   ] [chunk_19_phase_5_optimization.py] [info] 247,15.50929,1.3217559,3.09,2.6,11.213643,4.307438,1514.0,-87.95,-91.53,-71.3,-37.35,214020.0,-60.19,-35.48,-33.2186,-19.83,0.56,28.63,-18.12,0.35,-8.65,0.6036071,5.2395306e-05,1.9670804,3,LightGBM+RNN+LSTM
[LN1419   ] [chunk_19_phase_5_optimization.py] [info] 248,19.198215,3.9913886,69.5,67.2,8.820847,4.50976,1060.0,-5.68,13.94,-2.07,-1.18,8220.0,0.55,-2.66,-2.54,-0.34,1.62,46.54,0.28,0.82,-3.31,14.901014,0.0010730957,16.836246,3,LightGBM+RNN+LSTM
[LN1420   ] [chunk_19_phase_5_optimization.py] [info] 249,24.625643,4.9496813,199.213,199.333,13.98688,5.5748878,4446.0,37.36,58.51,15.42,49.96,1940000.0,-10.18,-3.5,-3.1,1.18,5.69,50.08,6.15,0.61,-0.35,35.755516,7.2097323e-06,40.271885,3,LightGBM+RNN+LSTM
[LN1421   ] [chunk_19_phase_5_optimization.py] [info] 250,16.86431,1.6486586,8.22,7.03,13.133179,2.8183982,2036.0,59.77,0.0,-23.71,0.0,782590.0,-6.02,-35.48,-33.2186,-19.83,1.65,34.04,-18.12,0.65,-8.65,2.4943244,1.6781685e-05,4.2640724,3,LightGBM+RNN+LSTM
[LN1422   ] [chunk_19_phase_5_optimization.py] [info] 251,15.918425,0.9439059,1.81,1.79,11.522123,2.4336133,3211.0,-63.62,-73.24,-37.46,-11.82,309280.0,-15.96,-7.9,-13.94,-6.73,0.11,38.17,-2.19,0.33,-1.1,0.7355318,3.7254667e-05,1.8963754,3,LightGBM+RNN+LSTM
[LN1423   ] [chunk_19_phase_5_optimization.py] [info] 252,19.286604,3.2638493,28.02,27.26,11.073832,4.1377234,4517.0,-52.57,-36.96,-33.25,-31.52,164060.0,-28.6,-14.79,-11.46,-5.33,1.36,40.07,-0.2,0.39,-2.71,6.588164,6.7498666e-05,8.352101,3,LightGBM+RNN+LSTM
[LN1424   ] [chunk_19_phase_5_optimization.py] [info] 253,21.821878,4.6821313,122.35,121.67,11.823735,5.2845225,2633.0,-21.59,-32.0,-11.08,-11.29,297620.0,-6.34,-1.8,-3.84,2.34,4.14,51.38,4.45,0.46,-0.56,23.02384,3.9727624e-05,25.986029,3,LightGBM+RNN+LSTM
[LN1425   ] [chunk_19_phase_5_optimization.py] [info] 254,20.50379,1.6409366,6.12,5.78,15.354803,2.737609,5556.0,-21.25,-24.44,-9.0,-8.11,1300000.0,2.3,9.35,9.89,-0.97,0.33,51.71,-0.34,2.44,-5.56,2.1113315,1.1811387e-05,3.5223787,3,LightGBM+RNN+LSTM
[LN1426   ] [chunk_19_phase_5_optimization.py] [info] 255,19.574411,1.943049,21.25,20.77,7.4966526,4.065945,458.0,46.89,144.143,-13.76,-27.38,7400.0,1.37,-19.32,-31.13,-11.8,2.05,39.66,-7.28,0.25,-2.26,5.1082835,0.0010130611,10.689386,3,LightGBM+RNN+LSTM
[LN1427   ] [chunk_19_phase_5_optimization.py] [info] 256,16.05409,0.26236427,0.53,0.54,13.669755,1.0224509,4067.0,-30.84,-58.27,-28.26,-43.64,346920.0,-25.89,-4.73,0.23,-8.48,0.05,41.78,-18.12,2.44,-8.65,0.5281427,3.9403192e-05,2.058207,3,LightGBM+RNN+LSTM
[LN1428   ] [chunk_19_phase_5_optimization.py] [info] 257,20.962282,1.61542,5.35,4.91,14.56671,2.2170272,5023.0,-25.38,-25.61,-10.63,-12.16,1180000.0,-9.07,-9.23,-9.41,-7.32,0.23,38.74,-4.29,1.8,-8.22,2.2146773,1.234467e-05,3.0394573,3,LightGBM+RNN+LSTM
[LN1429   ] [chunk_19_phase_5_optimization.py] [info] 258,16.001562,0.24686007,0.53,0.54,14.612311,1.6677068,5649.0,-87.95,-84.21,-74.03,-74.63,2940000.0,-60.19,3.54,4.61,-4.06,0.03,45.56,-7.63,0.76,-3.53,0.3237979,4.970174e-06,2.187474,3,LightGBM+RNN+LSTM
[LN1430   ] [chunk_19_phase_5_optimization.py] [info] 259,16.576153,0.35767445,0.58,0.54,13.654,1.5851452,2315.0,-78.45,-74.9,-50.83,-37.24,957110.0,-34.5,-19.39,-18.02,-7.51,0.05,40.03,-10.81,0.89,-8.07,0.34066278,1.4265864e-05,1.5097528,3,LightGBM+RNN+LSTM
[LN1431   ] [chunk_19_phase_5_optimization.py] [info] 260,19.148954,0.99694866,1.95,1.69,11.773673,2.806386,2175.0,-85.27,-84.61,-51.43,-23.18,128970.0,-58.58,-35.48,-33.2186,-19.83,0.27,32.16,-15.08,1.01,-8.65,0.60219795,9.1290014e-05,1.6951725,3,LightGBM+RNN+LSTM
[LN1432   ] [chunk_19_phase_5_optimization.py] [info] 261,17.364553,1.10194,2.44,2.14,11.319826,2.2648833,3366.0,-55.88,0.0,-25.26,0.0,752370.0,0.0,-25.26,0.0,-19.83,0.71,24.91,-6.96,0.11,-8.65,0.94486105,1.5045557e-05,1.9420294,3,LightGBM+RNN+LSTM
[LN1433   ] [chunk_19_phase_5_optimization.py] [info] 262,22.890032,4.9496813,195.13,161.0,15.872506,5.5748878,3462.0,-44.68,-43.82,-37.83,-48.7,1500000.0,-2.44,-12.42,-15.58,-17.0,5.69,28.48,-14.62,2.44,-8.65,28.879505,1.0581671e-05,32.527348,3,LightGBM+RNN+LSTM
[LN1434   ] [chunk_19_phase_5_optimization.py] [info] 263,22.750097,4.9496813,199.213,199.333,12.280517,5.5748878,1895.0,-5.17,-21.25,3.17,5.74,355330.0,3.43,0.32,3.25,-0.41,5.69,49.49,-1.88,0.61,-0.08,35.755516,3.456088e-05,40.271885,3,LightGBM+RNN+LSTM
[LN1435   ] [chunk_19_phase_5_optimization.py] [info] 264,24.615902,4.71519,150.11,150.1,14.227865,5.30574,385.0,-15.21,-11.65,-10.98,2.84,1670000.0,-17.68,-11.06,-17.14,-0.52,5.44,42.64,-0.66,0.9,-0.01,28.290117,8.51968e-06,31.833288,3,LightGBM+RNN+LSTM
[LN1436   ] [chunk_19_phase_5_optimization.py] [info] 265,15.088077,0.2390169,0.53,0.54,15.969002,1.9919755,5657.0,-87.95,-91.53,-75.8886,-74.63,8470000.0,-60.19,-35.48,-33.2186,-19.83,0.3,30.02,-18.12,2.44,-8.65,0.27108768,1.8853603e-06,2.2592545,3,LightGBM+RNN+LSTM
[LN1437   ] [chunk_19_phase_5_optimization.py] [info] 266,22.993328,4.9496813,192.28,190.68,13.32501,5.5748878,3438.0,-19.01,-33.63,-24.25,-23.11,1380000.0,-34.08,1.08,-11.48,1.2,5.69,50.0,5.4,0.44,-0.83,34.203377,9.655804e-06,38.52369,3,LightGBM+RNN+LSTM
[LN1438   ] [chunk_19_phase_5_optimization.py] [info] 267,23.881117,4.9496813,199.213,199.333,13.328431,5.5748878,5439.0,20.59,42.06,17.51,35.9,674960.0,1.85,-1.46,-2.08,-3.85,5.69,42.48,-2.38,0.91,0.99,35.755516,1.9746994e-05,40.271885,3,LightGBM+RNN+LSTM
[LN1439   ] [chunk_19_phase_5_optimization.py] [info] 268,24.625643,4.9496813,199.213,199.333,13.815429,5.5748878,5328.0,11.46,1.15,2.62,3.63,1190000.0,2.48,-1.99,-2.81,-2.13,5.69,44.97,-0.36,0.84,-0.32,35.755516,1.16096035e-05,40.271885,3,LightGBM+RNN+LSTM
[LN1440   ] [chunk_19_phase_5_optimization.py] [info] 269,19.874073,2.7899373,17.88,17.06,12.019701,3.4965076,2943.0,-26.4,-36.15,-21.96,-21.6,177610.0,-25.01,-10.84,-9.69,-4.55,0.86,39.73,-4.16,0.93,-4.59,4.879154,6.7674686e-05,6.1148324,3,LightGBM+RNN+LSTM
[LN1441   ] [chunk_19_phase_5_optimization.py] [info] 270,23.390493,4.9496813,199.213,199.333,13.332143,5.5748878,4596.0,1.66,-7.62,-6.55,-4.0,357080.0,-10.58,-4.09,-3.73,-1.52,5.69,41.56,1.68,1.73,-0.22,35.755516,3.7336573e-05,40.271885,3,LightGBM+RNN+LSTM
[LN1442   ] [chunk_19_phase_5_optimization.py] [info] 271,22.233988,4.597239,102.78,97.93,13.284021,5.068023,1094.0,-31.03,-28.1,-23.19,-22.39,447700.0,-27.61,-11.33,-11.66,-4.38,2.81,34.86,-0.59,1.31,-4.72,19.323116,2.9671703e-05,21.301916,3,LightGBM+RNN+LSTM
[LN1443   ] [chunk_19_phase_5_optimization.py] [info] 272,24.625643,4.9496813,199.213,199.333,15.969002,5.5748878,5260.0,-0.34,-1.25,-9.54,-16.09,4200000.0,-9.67,-8.34,-7.72,-4.06,5.37,31.45,-2.85,2.29,-3.26,35.755516,3.8021433e-06,40.271885,3,LightGBM+RNN+LSTM
[LN1444   ] [chunk_19_phase_5_optimization.py] [info] 273,18.122005,0.6205765,0.98,0.91,9.026177,1.0224509,4749.0,-15.45,-28.1,-9.69,-2.86,20750.0,-8.69,-13.73,-19.9,-9.53,0.06,35.66,-5.5,0.4,-6.83,0.8900183,0.0004349965,1.4663785,3,LightGBM+RNN+LSTM
[LN1445   ] [chunk_19_phase_5_optimization.py] [info] 274,15.748481,1.2029723,2.58,2.55,10.870396,3.6109178,173.0,-87.12,-90.37,-69.98,-62.5,212070.0,-60.19,-1.88,-7.27,-2.92,0.18,41.43,-2.3,0.25,-1.16,0.7061916,5.1258525e-05,2.1197495,3,LightGBM+RNN+LSTM
[LN1446   ] [chunk_19_phase_5_optimization.py] [info] 275,16.088667,1.011601,2.75,2.62,12.390264,3.2580965,847.0,-72.82,-73.8,-48.61,-57.05,6460000.0,2.75,-35.48,-33.2186,-19.83,0.43,34.33,-6.09,0.04,-4.73,0.8041505,1.9179975e-06,2.5899541,3,LightGBM+RNN+LSTM
[LN1447   ] [chunk_19_phase_5_optimization.py] [info] 276,16.724596,0.57097954,0.78,0.74,12.299905,2.5649493,2944.0,-87.95,-91.53,-75.8886,-31.67,1930000.0,-60.19,-35.48,-33.2186,-19.83,0.12,32.44,-14.3,0.11,-4.23,0.28850472,6.3730076e-06,1.2960184,3,LightGBM+RNN+LSTM
[LN1448   ] [chunk_19_phase_5_optimization.py] [info] 277,18.590677,0.2390169,0.53,0.54,15.969002,1.4158531,2825.0,-83.92,-84.92,-52.24,-45.46,8470000.0,-60.19,-31.68,-33.2186,-18.56,0.05,35.69,-2.57,0.19,-2.07,0.3813955,1.8853603e-06,2.2592545,3,LightGBM+RNN+LSTM
[LN1449   ] [chunk_19_phase_5_optimization.py] [info] 278,15.088077,0.41871032,0.64,0.61,11.5848465,1.5303947,5599.0,-73.04,-60.35,-45.0,-40.53,604020.0,-41.11,-6.08,-6.22,-4.15,0.04,43.51,-5.25,0.18,-5.22,0.39858997,1.9179573e-05,1.4568543,3,LightGBM+RNN+LSTM
[LN1450   ] [chunk_19_phase_5_optimization.py] [info] 279,18.198412,0.70803577,2.55,2.15,11.758973,1.9878744,1855.0,-51.84,-49.29,-34.1,-42.07,116030.0,-32.23,1.4,16.49,-18.38,0.42,43.38,-18.12,1.1,-8.65,1.0815573,0.000101344245,3.0365696,3,LightGBM+RNN+LSTM
[LN1451   ] [chunk_19_phase_5_optimization.py] [info] 280,15.088077,1.5347143,3.78,3.67,12.102189,4.691348,4848.0,-86.7,-87.83,-72.69,-65.97,332810.0,-60.19,-23.88,-14.15,-9.02,0.49,38.75,-18.12,0.54,-2.91,0.7822912,3.6363657e-05,2.3913245,3,LightGBM+RNN+LSTM
[LN1452   ] [chunk_19_phase_5_optimization.py] [info] 281,24.00718,4.8752737,199.213,199.333,14.8002825,5.488855,1897.0,15.74,32.16,16.6,35.16,1770000.0,15.11,-0.51,-1.0,-1.16,5.69,48.23,0.97,1.51,-4.74,36.315952,8.3617415e-06,40.886524,3,LightGBM+RNN+LSTM
[LN1453   ] [chunk_19_phase_5_optimization.py] [info] 282,15.131919,1.658228,6.25,6.0,10.9202385,5.5748878,5372.0,-75.88,-91.53,-50.18,-53.74,164270.0,-23.18,-0.98,-6.54,-8.29,0.59,43.93,1.87,0.34,-4.0,1.0762548,6.6477376e-05,3.61832,3,LightGBM+RNN+LSTM
[LN1454   ] [chunk_19_phase_5_optimization.py] [info] 283,16.38046,0.2390169,0.53,0.54,14.954756,1.0224509,5657.0,-82.83,-89.79,-75.8886,-74.63,1290000.0,-60.19,-35.48,-33.2186,-19.83,0.15,31.13,-18.12,2.42,-5.89,0.5281427,1.1592834e-05,2.2592545,3,LightGBM+RNN+LSTM
[LN1455   ] [chunk_19_phase_5_optimization.py] [info] 284,16.95491,0.79750717,1.7,1.7,11.4994955,2.0579624,3096.0,-61.51,-39.35,-26.64,-9.57,1030000.0,-37.04,-20.92,-30.33,-8.16,0.25,40.29,-13.71,0.1,0.0,0.82605976,1.1164559e-05,2.131642,3,LightGBM+RNN+LSTM
[LN1456   ] [chunk_19_phase_5_optimization.py] [info] 285,24.625643,4.9496813,199.213,199.333,15.969002,5.5748878,2213.0,75.11,111.21,21.82,71.38,2800000.0,-7.69,-6.04,-9.06,-5.4,5.69,39.51,-6.49,2.44,-1.59,35.755516,5.703215e-06,40.271885,3,LightGBM+RNN+LSTM
[LN1457   ] [chunk_19_phase_5_optimization.py] [info] 286,15.29256,1.3987169,3.19,3.0,10.625854,3.713572,3437.0,-76.64,-84.99,-62.09,-58.04,151730.0,-44.52,-29.05,-18.63,-17.99,0.3,33.55,-12.79,0.27,-5.96,0.8078475,7.003133e-05,2.1448228,3,LightGBM+RNN+LSTM
[LN1458   ] [chunk_19_phase_5_optimization.py] [info] 287,18.52116,2.177022,9.62,8.89,12.483985,5.5748878,3414.0,-87.95,-91.53,-75.8886,-74.63,490830.0,-35.01,-7.43,-22.36,-11.43,0.85,40.81,-12.33,0.54,-7.59,1.5946509,2.5434438e-05,4.0835605,3,LightGBM+RNN+LSTM
[LN1459   ] [chunk_19_phase_5_optimization.py] [info] 288,15.538278,0.89199805,1.51,1.48,12.719768,5.5748878,5657.0,-87.95,-91.53,-75.8886,-74.63,1580000.0,-49.83,-16.31,-6.33,-7.53,0.12,39.17,-4.52,0.21,-1.99,0.2654762,8.050485e-06,1.6591965,3,LightGBM+RNN+LSTM
[LN1460   ] [chunk_19_phase_5_optimization.py] [info] 289,24.625643,4.9496813,199.213,199.333,14.293779,5.5748878,2354.0,31.11,44.99,14.77,37.66,1890000.0,2.99,-2.05,-5.26,-3.23,5.69,42.11,-0.96,0.86,0.83,35.755516,7.5628463e-06,40.271885,3,LightGBM+RNN+LSTM
[LN1461   ] [chunk_19_phase_5_optimization.py] [info] 290,16.640455,0.2390169,0.53,0.54,15.461746,1.2383742,4305.0,-46.37,-83.08,2.0,14.95,6260000.0,-3.68,-5.95,-9.23,-19.48,0.06,40.49,-13.98,0.83,-8.65,0.43605557,2.4699275e-06,2.2592545,3,LightGBM+RNN+LSTM
[LN1462   ] [chunk_19_phase_5_optimization.py] [info] 291,24.625643,4.9496813,199.213,199.333,15.246122,5.5748878,1462.0,50.41,66.02,15.36,39.25,3150000.0,3.54,-2.8,-5.06,-6.29,5.69,39.14,-7.45,1.33,-3.69,35.755516,4.840039e-06,40.271885,3,LightGBM+RNN+LSTM
[LN1463   ] [chunk_19_phase_5_optimization.py] [info] 292,23.13291,4.9496813,199.213,199.333,12.765154,5.5748878,2462.0,50.1,8.45,22.04,30.15,453610.0,7.71,2.54,2.76,-0.27,5.69,51.9,-0.46,0.77,-1.35,35.755516,2.8141254e-05,40.271885,3,LightGBM+RNN+LSTM
[LN1464   ] [chunk_19_phase_5_optimization.py] [info] 293,22.481123,4.9496813,199.213,199.333,12.207787,5.5748878,2320.0,6.28,23.78,2.78,12.37,196680.0,7.67,-1.0,-1.31,2.66,5.69,53.88,2.96,1.02,-0.54,35.755516,6.206928e-05,40.271885,3,LightGBM+RNN+LSTM
[LN1465   ] [chunk_19_phase_5_optimization.py] [info] 294,21.594559,4.9496813,199.213,199.333,12.399923,5.5748878,4653.0,-26.79,-25.49,-3.22,-9.39,236960.0,2.15,-0.21,-0.47,-0.33,5.69,49.23,-2.7,1.02,0.44,35.755516,5.2329182e-05,40.271885,3,LightGBM+RNN+LSTM
[LN1466   ] [chunk_19_phase_5_optimization.py] [info] 295,22.554247,4.9496813,175.26,174.43,12.198867,5.2335653,5208.0,12.78,14.12,3.82,6.43,235540.0,4.46,-1.15,-0.4,-1.99,3.29,46.15,3.53,0.84,-0.47,33.329094,5.1791063e-05,35.24065,3,LightGBM+RNN+LSTM
[LN1467   ] [chunk_19_phase_5_optimization.py] [info] 296,24.625643,4.9496813,199.213,199.333,12.631511,5.5748878,553.0,20.24,19.62,2.45,6.66,120090.0,0.76,-7.07,-7.83,-5.93,5.69,32.02,-3.94,2.44,-3.68,35.755516,0.000105183695,40.271885,3,LightGBM+RNN+LSTM
[LN1468   ] [chunk_19_phase_5_optimization.py] [info] 297,16.109055,0.41210964,0.93,0.81,12.588027,2.512846,4935.0,-60.26,-91.53,-35.97,24.71,1780000.0,-47.7,5.1,-1.57,2.76,0.1,51.18,14.01,0.17,-8.65,0.32234368,7.071925e-06,1.9654963,3,LightGBM+RNN+LSTM
[LN1469   ] [chunk_19_phase_5_optimization.py] [info] 298,24.06648,4.9496813,199.213,199.333,13.890087,5.5748878,1691.0,-9.24,-16.14,-7.74,-10.07,1150000.0,-6.07,-5.62,-10.15,-2.16,5.69,41.25,1.81,0.94,0.29,35.755516,1.2078337e-05,40.271885,3,LightGBM+RNN+LSTM
[LN1470   ] [chunk_19_phase_5_optimization.py] [info] 299,18.397617,0.91629076,2.3,2.14,14.737069,1.3737155,1769.0,0.94,15.68,5.35,-8.94,162640.0,15.05,5.61,18.89,-2.86,0.19,48.19,-11.2,2.44,-6.96,1.5578188,9.061159e-05,2.3355033,3,LightGBM+RNN+LSTM
[LN1471   ] [chunk_19_phase_5_optimization.py] [info] 300,24.625643,4.9496813,199.213,199.333,14.506629,5.5748878,1022.0,10.0,27.85,7.44,24.52,1740000.0,1.81,-4.83,-9.77,-2.76,5.69,42.24,1.98,1.14,-0.88,35.755516,8.337143e-06,40.271885,3,LightGBM+RNN+LSTM
[LN1472   ] [chunk_19_phase_5_optimization.py] [info] 301,24.625643,4.9496813,199.213,199.333,14.952256,5.5748878,4660.0,12.19,19.87,-1.34,1.75,1680000.0,-3.47,2.4,4.13,1.82,5.3,55.39,1.69,1.86,-1.51,35.755516,8.900152e-06,40.271885,3,LightGBM+RNN+LSTM
[LN1473   ] [chunk_19_phase_5_optimization.py] [info] 302,22.549427,4.793805,176.37,178.55,11.792578,5.253686,4194.0,13.14,21.45,9.93,32.83,200560.0,-3.01,-0.37,-1.96,1.17,4.03,51.91,2.19,0.66,1.24,33.98566,5.8798254e-05,37.245987,3,LightGBM+RNN+LSTM
[LN1474   ] [chunk_19_phase_5_optimization.py] [info] 303,16.262196,0.5423243,1.37,1.27,10.779914,1.0612565,1599.0,41.11,2.42,26.35,32.29,285820.0,10.43,0.3,-3.41,-7.27,0.11,44.85,-5.93,0.17,-7.3,1.1966946,3.7715745e-05,2.3417723,3,LightGBM+RNN+LSTM
[LN1475   ] [chunk_19_phase_5_optimization.py] [info] 304,17.032385,0.7371641,1.68,1.61,10.817997,2.014903,960.0,-43.11,-70.73,-18.76,-20.1,1260000.0,8.78,-19.01,1.9,-8.21,0.19,40.15,-5.29,0.04,-4.17,0.7990459,8.585712e-06,2.1840456,3,LightGBM+RNN+LSTM
[LN1476   ] [chunk_19_phase_5_optimization.py] [info] 305,23.362324,4.837075,192.6,180.0,14.620654,5.5748878,2629.0,-14.17,-37.64,6.83,23.36,1140000.0,-3.75,0.78,7.47,-2.8,5.69,46.83,-4.49,1.96,-6.54,32.287643,1.2825135e-05,37.21257,3,LightGBM+RNN+LSTM
[LN1477   ] [chunk_19_phase_5_optimization.py] [info] 306,23.731915,4.9496813,184.64,181.17,14.27496,5.291041,1511.0,20.09,21.06,4.67,4.38,968670.0,5.39,-0.89,-3.1,-1.83,4.24,44.96,-3.3,1.63,-1.88,34.2409,1.4736659e-05,36.602356,3,LightGBM+RNN+LSTM
[LN1478   ] [chunk_19_phase_5_optimization.py] [info] 307,16.010511,0.896088,1.49,1.38,10.915815,3.3918202,301.0,-87.95,-91.53,-75.8886,-74.63,109230.0,-60.19,-35.48,-33.2186,-19.83,0.32,30.5,-18.12,0.5,-7.38,0.4068612,9.993422e-05,1.5400273,3,LightGBM+RNN+LSTM
[LN1479   ] [chunk_19_phase_5_optimization.py] [info] 308,15.194277,1.7595806,5.8,5.37,11.7363405,5.213304,1054.0,-87.61,-91.53,-74.5,-69.92,118980.0,-60.19,-35.48,-33.2186,-3.46,0.81,34.23,-5.29,1.05,-7.41,1.030057,9.864129e-05,3.0518637,3,LightGBM+RNN+LSTM
[LN1480   ] [chunk_19_phase_5_optimization.py] [info] 309,23.420591,4.9496813,199.213,199.333,12.888851,5.5748878,5657.0,48.66,49.94,14.08,42.0,530770.0,-3.07,0.31,3.48,-1.62,5.69,47.63,-1.63,0.75,-2.65,35.755516,2.4283308e-05,40.271885,3,LightGBM+RNN+LSTM
[LN1481   ] [chunk_19_phase_5_optimization.py] [info] 310,19.90299,3.1851122,69.43,62.19,11.913934,4.265914,1591.0,72.65,31.73,67.27,82.38,85630.0,77.9365,22.3,24.13,3.57,5.69,55.68,-8.6,1.74,-8.65,14.578353,0.00013913271,19.525215,3,LightGBM+RNN+LSTM
[LN1482   ] [chunk_19_phase_5_optimization.py] [info] 311,24.625643,4.9484053,180.84,170.71,15.969002,5.405781,5383.0,-8.96,-13.99,-8.26,12.2,7350000.0,-8.07,-8.36,-6.22,-4.5,5.69,37.54,-2.6,2.44,-5.6,31.579157,2.1726532e-06,34.497982,3,LightGBM+RNN+LSTM
[LN1483   ] [chunk_19_phase_5_optimization.py] [info] 312,15.088077,1.0986123,2.26,2.16,10.993496,4.0253515,5326.0,-87.95,-91.53,-75.8886,-74.63,247540.0,-60.19,-32.11,-19.7,-8.93,0.26,34.63,-6.49,0.24,-4.21,0.5365991,4.441099e-05,1.9661167,3,LightGBM+RNN+LSTM
[LN1484   ] [chunk_19_phase_5_optimization.py] [info] 313,17.50339,1.2669476,3.89,3.7,11.2905445,1.9629077,3206.0,15.99,10.12,-5.85,2.21,209100.0,-12.63,-12.47,-19.21,-13.21,0.33,37.1,-14.35,0.38,-4.88,1.8849587,5.3995907e-05,2.920405,3,LightGBM+RNN+LSTM
[LN1485   ] [chunk_19_phase_5_optimization.py] [info] 314,18.30975,1.011601,1.77,1.71,11.699554,1.3454723,3092.0,-33.72,-30.11,-28.83,-34.98,154800.0,-25.33,-17.49,-18.96,-8.24,0.06,30.05,-3.39,0.78,-3.39,1.2709291,7.5578515e-05,1.6903899,3,LightGBM+RNN+LSTM
[LN1486   ] [chunk_19_phase_5_optimization.py] [info] 315,23.816124,4.9496813,199.213,199.333,9.767267,5.5748878,3839.0,-6.11,-20.47,1.21,7.45,18910.0,-1.46,-4.44,-4.44,-1.7,5.69,43.35,0.97,0.92,-0.23,35.755516,0.0005165133,40.271885,3,LightGBM+RNN+LSTM
[LN1487   ] [chunk_19_phase_5_optimization.py] [info] 316,16.256989,1.2809339,2.67,2.02,14.562871,4.0138574,2948.0,-85.56,-84.34,-75.8886,-74.63,478170.0,-60.19,-35.48,-33.2186,-19.83,0.41,27.13,-18.12,2.44,-8.65,0.50325656,3.0455427e-05,1.5769745,3,LightGBM+RNN+LSTM
[LN1488   ] [chunk_19_phase_5_optimization.py] [info] 317,17.214706,1.742219,5.44,5.45,11.340332,5.5748878,2465.0,-87.95,-91.53,-75.8886,-74.63,555380.0,-50.09,-26.66,-3.2,1.23,0.59,43.44,2.25,0.15,0.18,0.97759813,2.0419051e-05,3.1281946,3,LightGBM+RNN+LSTM
[LN1489   ] [chunk_19_phase_5_optimization.py] [info] 318,22.318605,4.3709655,84.52,83.33,12.782545,4.722509,3431.0,-13.84,-12.74,-11.11,-11.98,601770.0,-1.61,-2.18,0.3,1.46,1.95,50.76,3.12,0.59,-1.41,17.645283,2.124158e-05,19.064438,3,LightGBM+RNN+LSTM
[LN1490   ] [chunk_19_phase_5_optimization.py] [info] 319,17.601744,0.7839016,1.48,1.47,10.935461,2.5680215,2626.0,-55.45,-64.66,-43.85,-17.88,135720.0,-48.24,-18.98,-19.42,-12.39,0.13,33.72,-8.98,0.41,-0.68,0.5724251,8.057369e-05,1.8752354,3,LightGBM+RNN+LSTM
[LN1491   ] [chunk_19_phase_5_optimization.py] [info] 320,15.088077,0.9858168,1.75,1.7,10.57288,2.8903718,169.0,-84.11,-80.64,-72.28,-74.63,3890000.0,-32.14,-24.6,-22.73,-18.67,0.22,34.65,-12.82,0.01,-2.86,0.5881596,2.717964e-06,1.7244583,3,LightGBM+RNN+LSTM
[LN1492   ] [chunk_19_phase_5_optimization.py] [info] 321,24.071766,4.9496813,199.213,199.333,11.988514,5.5748878,3532.0,12.89,0.54,12.84,32.04,146940.0,9.57,6.88,9.9,6.16,5.69,64.2,5.94,1.09,-0.3,35.755516,8.1587816e-05,40.271885,3,LightGBM+RNN+LSTM
[LN1493   ] [chunk_19_phase_5_optimization.py] [info] 322,17.217375,1.2809339,2.65,2.16,11.80107,1.6956156,119.0,-46.67,0.0,-26.59,0.0,1010000.0,0.0,-26.59,0.0,-19.83,0.7,24.91,0.0,0.13,-8.65,1.2738736,1.16842275e-05,1.6862698,3,LightGBM+RNN+LSTM
[LN1494   ] [chunk_19_phase_5_optimization.py] [info] 323,17.039574,0.6259384,0.94,0.95,10.965038,2.6567569,5225.0,-87.95,-90.21,-75.8886,-74.63,147370.0,-60.19,-35.48,-33.2186,-19.83,0.22,24.91,-9.52,0.39,0.53,0.3575788,7.4404816e-05,1.5177212,3,LightGBM+RNN+LSTM
[LN1495   ] [chunk_19_phase_5_optimization.py] [info] 324,15.088077,0.2390169,0.53,0.54,13.150138,1.0224509,1904.0,-81.08,-85.4,-55.97,-50.46,6390000.0,-60.19,-24.2,-30.86,-10.89,0.03,42.19,-11.14,0.08,-1.59,0.5281427,2.0579246e-06,2.2592545,3,LightGBM+RNN+LSTM
[LN1496   ] [chunk_19_phase_5_optimization.py] [info] 325,15.53649,1.8082888,7.14,6.7,10.420643,4.2581625,3468.0,-87.59,-86.78,-62.31,-19.28,235130.0,-10.63,-3.58,12.83,1.47,0.69,47.95,-6.81,0.14,-6.16,1.5734485,4.4318644e-05,3.7051604,3,LightGBM+RNN+LSTM
[LN1497   ] [chunk_19_phase_5_optimization.py] [info] 326,22.447817,4.5293684,132.05,126.37,14.184238,5.2637777,1645.0,-4.48,34.85,-17.68,-19.66,1320000.0,-17.67,-11.06,-7.73,-1.47,5.0,39.6,-1.49,1.09,-4.3,24.007473,1.0745635e-05,27.900137,3,LightGBM+RNN+LSTM
[LN1498   ] [chunk_19_phase_5_optimization.py] [info] 327,23.590027,4.9496813,199.213,199.333,12.870656,5.5748878,1832.0,-7.6,-9.48,-5.54,-4.64,488540.0,-8.12,0.02,-0.31,0.69,4.37,52.76,2.39,0.8,-0.17,35.755516,2.6345142e-05,40.271885,3,LightGBM+RNN+LSTM
[LN1499   ] [chunk_19_phase_5_optimization.py] [info] 328,16.728405,0.6931472,1.57,1.35,10.855937,1.3787661,3189.0,-27.03,-10.6,-12.32,7.36,863370.0,-27.03,-13.66,-18.18,-12.21,0.17,42.85,-8.01,0.06,-8.65,0.97913635,1.257391e-05,1.9476383,3,LightGBM+RNN+LSTM
[LN1500   ] [chunk_19_phase_5_optimization.py] [info] 329,23.961552,4.9496813,199.213,199.333,13.584734,5.5748878,5163.0,17.15,20.81,5.69,21.23,306050.0,-1.13,-2.79,-4.26,-5.32,5.69,36.77,-3.77,2.44,-5.23,35.755516,4.4387303e-05,40.271885,3,LightGBM+RNN+LSTM
[LN1501   ] [chunk_19_phase_5_optimization.py] [info] 330,15.088077,0.97832614,1.88,1.82,10.215557,5.5748878,1509.0,-87.95,-91.53,-75.8886,-74.63,112420.0,-9.0,-4.71,-17.65,-7.87,0.12,42.23,-7.61,0.24,-3.19,0.32646397,9.086957e-05,1.8603203,3,LightGBM+RNN+LSTM
[LN1502   ] [chunk_19_phase_5_optimization.py] [info] 331,19.910952,4.332574,110.4,108.53,10.012297,4.783316,3605.0,38.06,27.22,8.44,13.26,34310.0,13.43,1.02,1.85,-0.49,2.71,50.42,1.25,0.65,-1.69,22.68928,0.00029181864,25.049776,3,LightGBM+RNN+LSTM
[LN1503   ] [chunk_19_phase_5_optimization.py] [info] 332,15.767118,2.316488,9.42,9.24,10.27336,3.8480177,4253.0,-24.88,-9.02,-41.91,-35.65,86490.0,-23.0,-32.89,-33.2186,-19.83,1.79,32.24,-18.12,0.33,-1.91,2.4012363,0.0001187809,3.9887967,3,LightGBM+RNN+LSTM
[LN1504   ] [chunk_19_phase_5_optimization.py] [info] 333,15.752812,0.6205765,1.4,1.32,6.324359,1.1505721,2849.0,-3.3,-7.04,11.01,46.68,75710.0,25.71,12.92,9.09,-0.58,0.09,52.47,-1.49,0.01,-5.71,1.1472554,8.3533996e-05,2.1270545,3,LightGBM+RNN+LSTM
[LN1505   ] [chunk_19_phase_5_optimization.py] [info] 334,24.491188,4.9496813,167.89,165.01,14.76285,5.5748878,5167.0,-32.2,-14.43,-21.77,-26.69,2700000.0,-18.71,0.43,0.72,6.36,5.69,55.76,9.91,0.96,-1.72,29.5988,5.467722e-06,33.337498,3,LightGBM+RNN+LSTM
[LN1506   ] [chunk_19_phase_5_optimization.py] [info] 335,24.625643,4.9496813,199.213,199.333,14.27184,5.5748878,1188.0,15.79,21.37,1.62,2.14,1930000.0,-3.81,0.82,1.69,0.53,5.47,53.29,2.43,0.82,0.41,35.755516,7.394736e-06,40.271885,3,LightGBM+RNN+LSTM
[LN1507   ] [chunk_19_phase_5_optimization.py] [info] 336,18.39608,0.8285518,1.44,1.38,15.302453,2.6282852,762.0,-64.43,-87.72,-39.97,-40.0,1530000.0,-24.59,-25.94,-33.01,-19.83,0.17,35.59,-13.21,2.44,-4.17,0.52505714,1.0001603e-05,1.6655567,3,LightGBM+RNN+LSTM
[LN1508   ] [chunk_19_phase_5_optimization.py] [info] 337,22.581125,4.9496813,171.85,171.53,12.651719,5.5748878,3407.0,-24.12,-40.25,-16.31,-21.39,836290.0,-18.88,-4.48,-4.19,-0.44,4.07,42.17,0.27,0.37,-0.19,30.768332,1.51283875e-05,34.654755,3,LightGBM+RNN+LSTM
[LN1509   ] [chunk_19_phase_5_optimization.py] [info] 338,23.302725,4.9496813,199.213,199.333,12.336386,5.5222206,3074.0,27.45,17.64,13.68,32.01,311910.0,6.72,-0.01,1.12,1.16,5.69,52.21,0.18,0.73,-1.65,36.09653,3.9551105e-05,40.271885,3,LightGBM+RNN+LSTM
[LN1510   ] [chunk_19_phase_5_optimization.py] [info] 339,16.997723,0.4510756,0.74,0.74,10.73289,1.4231083,201.0,-39.43,-65.79,-33.16,-49.38,199210.0,-34.02,-15.61,-33.2186,-18.74,0.09,37.98,-4.03,0.23,-0.09,0.51998854,5.387727e-05,1.6405231,3,LightGBM+RNN+LSTM
[LN1511   ] [chunk_19_phase_5_optimization.py] [info] 340,23.23854,4.0800767,63.37,60.99,15.546857,4.3126764,1728.0,-8.42,-10.3,-3.98,-3.82,1810000.0,2.28,-0.09,1.89,-1.48,1.23,43.78,-1.96,2.44,-3.76,14.14203,8.5894235e-06,14.948249,3,LightGBM+RNN+LSTM
[LN1512   ] [chunk_19_phase_5_optimization.py] [info] 341,21.615263,4.1743875,129.85,124.79,15.969002,5.5748878,1302.0,49.93,0.0,-19.83,0.0,8470000.0,-35.37,-6.12,-4.72,-8.25,5.69,41.76,-7.21,0.77,-3.9,22.384306,1.8853603e-06,29.894207,3,LightGBM+RNN+LSTM
[LN1513   ] [chunk_19_phase_5_optimization.py] [info] 342,15.685773,1.6733513,5.53,5.3,10.149918,4.965638,3190.0,-87.95,-86.75,-60.95,-45.74,126990.0,-33.25,-20.63,-24.5,-19.83,0.52,29.75,-18.12,0.2,-4.16,1.0673351,7.9926904e-05,3.167297,3,LightGBM+RNN+LSTM
[LN1514   ] [chunk_19_phase_5_optimization.py] [info] 343,17.537342,0.37843645,0.63,0.61,11.689053,1.0224509,4068.0,-55.12,-12.91,-43.65,-53.83,318930.0,-26.9,-25.8,-33.2186,-19.83,0.12,36.26,5.23,0.37,-2.54,0.59660566,3.6650843e-05,1.6118954,3,LightGBM+RNN+LSTM
[LN1515   ] [chunk_19_phase_5_optimization.py] [info] 344,24.625643,4.9496813,199.213,199.333,14.5785265,5.5748878,2486.0,8.28,12.95,5.51,22.0,1730000.0,-2.2,-0.1,1.69,2.14,5.69,53.29,3.95,1.24,-2.7,35.755516,8.426894e-06,40.271885,3,LightGBM+RNN+LSTM
[LN1516   ] [chunk_19_phase_5_optimization.py] [info] 345,17.301662,1.1631508,2.49,2.43,10.809283,2.3589654,494.0,-59.63,-65.29,-51.09,-68.93,99120.0,-38.17,-26.76,-9.67,-11.96,0.3,37.42,-8.65,0.5,-2.41,1.0301126,0.0001090525,2.089153,3,LightGBM+RNN+LSTM
[LN1517   ] [chunk_19_phase_5_optimization.py] [info] 346,24.330935,4.350794,199.213,197.05,15.489964,5.5748878,4455.0,20.56,143.57,19.8,83.87,6600000.0,33.03,-13.19,-17.01,-5.66,5.69,40.78,-1.85,0.81,-4.21,35.346,2.3469643e-06,45.290585,3,LightGBM+RNN+LSTM
[LN1518   ] [chunk_19_phase_5_optimization.py] [info] 347,24.17832,4.9496813,199.213,199.333,12.137623,5.5748878,3952.0,69.75,43.19,17.07,25.85,323620.0,5.76,-3.75,-4.72,-4.87,5.69,42.14,-0.83,0.58,-0.7,35.755516,3.7505786e-05,40.271885,3,LightGBM+RNN+LSTM
[LN1519   ] [chunk_19_phase_5_optimization.py] [info] 348,22.849113,4.9496813,154.88,151.98,13.219273,5.415211,4106.0,-23.81,-11.69,-17.86,-17.55,567800.0,-19.22,-8.27,-8.26,-1.66,3.55,39.02,1.41,0.97,-1.87,28.065388,2.3281564e-05,30.705006,3,LightGBM+RNN+LSTM
[LN1520   ] [chunk_19_phase_5_optimization.py] [info] 349,16.307062,1.2237754,5.37,4.77,12.17616,5.5748878,2187.0,-87.95,-91.53,-75.8886,-74.63,41420.0,-41.11,-32.44,-33.2186,-19.83,0.69,24.91,-18.12,2.44,-8.65,0.8556226,0.00029396813,3.897774,3,LightGBM+RNN+LSTM
[LN1521   ] [chunk_19_phase_5_optimization.py] [info] 350,17.071297,1.2383742,2.55,2.34,11.955969,5.5748878,5657.0,-87.95,0.0,-75.8886,-74.63,652840.0,-60.19,-35.48,-33.2186,-19.83,1.25,28.31,-12.03,0.24,-8.24,0.41973937,1.8313782e-05,1.8895742,3,LightGBM+RNN+LSTM
[LN1522   ] [chunk_19_phase_5_optimization.py] [info] 351,16.311192,1.1442229,4.0,3.69,7.4849305,2.0693913,4325.0,-18.21,-44.65,5.79,-4.01,36920.0,26.97,-1.76,0.17,-6.33,0.53,45.72,-11.6,0.05,-7.85,1.7831331,0.00020273376,3.2248964,3,LightGBM+RNN+LSTM
[LN1523   ] [chunk_19_phase_5_optimization.py] [info] 352,18.942802,0.63657683,2.67,2.51,15.203294,1.7351891,3290.0,115.5665,144.143,0.73,20.67,4320000.0,-8.39,-24.91,-27.87,-16.86,0.24,33.14,-14.04,0.93,-5.99,1.4465282,3.5192809e-06,3.9429648,3,LightGBM+RNN+LSTM
[LN1524   ] [chunk_19_phase_5_optimization.py] [info] 353,20.938377,4.9496813,185.72,188.12,10.384029,5.373703,1296.0,0.49,-2.12,1.47,15.87,92390.0,6.13,-3.1,-9.21,-0.38,5.23,48.15,3.48,0.35,1.29,35.007515,0.000112393434,38.006485,3,LightGBM+RNN+LSTM
[LN1525   ] [chunk_19_phase_5_optimization.py] [info] 354,16.182947,0.57097954,1.25,1.13,11.346635,1.8718022,2202.0,-51.29,0.0,-31.22,-57.52,1270000.0,-39.57,-15.19,-18.12,-12.3,0.13,37.62,-11.72,0.07,-8.65,0.6036963,8.934358e-06,1.979055,3,LightGBM+RNN+LSTM
[LN1526   ] [chunk_19_phase_5_optimization.py] [info] 355,16.053024,0.72270596,1.7,1.64,11.8431,2.4553063,807.0,-14.05,-28.36,-24.68,7.89,4310000.0,-23.72,-18.95,-33.2186,-19.83,0.34,40.81,-13.23,0.03,-3.53,0.66794115,2.7478188e-06,2.2692492,3,LightGBM+RNN+LSTM
[LN1527   ] [chunk_19_phase_5_optimization.py] [info] 356,20.546278,0.70803577,8.66,7.53,15.969002,2.3702438,5264.0,115.5665,5.31,68.57,149.1765,2040000.0,10.41,0.44,-3.46,-8.31,0.73,44.62,-17.88,2.44,-8.65,3.1768885,7.827942e-06,10.635056,3,LightGBM+RNN+LSTM
[LN1528   ] [chunk_19_phase_5_optimization.py] [info] 357,16.200598,1.2029723,2.43,2.32,11.046818,2.9982293,1055.0,-74.79,-79.41,-56.05,-59.31,98520.0,-35.96,-33.03,-33.2186,-19.83,0.34,34.84,-10.77,0.64,-4.53,0.77379006,0.00011212767,1.9285564,3,LightGBM+RNN+LSTM
[LN1529   ] [chunk_19_phase_5_optimization.py] [info] 358,24.625643,4.9496813,199.213,199.333,15.969002,5.495199,302.0,-0.66,15.32,1.75,20.68,8470000.0,-6.15,-3.28,-1.25,-0.71,5.34,46.13,1.1,0.99,-1.84,36.27403,1.8853603e-06,40.271885,3,LightGBM+RNN+LSTM
[LN1530   ] [chunk_19_phase_5_optimization.py] [info] 359,16.911541,0.2390169,0.53,0.54,14.526535,1.5368673,3291.0,-73.73,-82.72,-47.56,-56.64,3250000.0,-29.89,-6.54,3.91,-8.88,0.04,44.14,-12.43,0.63,-7.15,0.3513641,4.469703e-06,2.2592545,3,LightGBM+RNN+LSTM
[LN1531   ] [chunk_19_phase_5_optimization.py] [info] 360,18.09023,1.2383742,2.63,2.6,10.390993,4.3307333,1454.0,-75.93,-74.85,-69.24,-74.63,65940.0,-50.1,-25.13,-18.24,-6.51,0.27,38.26,-0.76,0.49,-1.14,0.6003602,0.00015758254,2.099527,3,LightGBM+RNN+LSTM
[LN1532   ] [chunk_19_phase_5_optimization.py] [info] 361,15.396549,0.5007753,1.11,1.0,12.951877,1.609438,4754.0,-60.68,-64.89,-17.29,-12.29,2830000.0,11.71,-20.94,-29.09,-19.83,0.18,37.64,-10.72,0.15,-8.65,0.6213349,4.5766346e-06,1.9969037,3,LightGBM+RNN+LSTM
[LN1533   ] [chunk_19_phase_5_optimization.py] [info] 362,22.942469,4.9496813,199.213,199.333,12.564394,5.5748878,3465.0,-35.24,-36.39,-23.61,-22.03,393190.0,-21.56,-9.7,-8.02,-2.74,5.13,36.11,3.5,0.73,-0.85,35.755516,3.195502e-05,40.271885,3,LightGBM+RNN+LSTM
[LN1534   ] [chunk_19_phase_5_optimization.py] [info] 363,17.067047,1.5665305,4.11,4.12,10.556334,3.0267463,3076.0,-72.09,-71.23,-45.86,-51.18,39080.0,-29.25,-11.34,-27.63,-14.02,0.42,37.79,1.6,0.98,0.36,1.3611976,0.00027012112,2.6300159,3,LightGBM+RNN+LSTM
[LN1535   ] [chunk_19_phase_5_optimization.py] [info] 364,16.822184,0.57097954,0.92,0.91,10.951473,1.3480731,3087.0,-56.67,-66.91,-25.16,-46.15,565320.0,-6.95,-8.0,-33.2186,0.99,0.09,46.89,10.33,0.1,-0.57,0.67503756,1.9372166e-05,1.5937524,3,LightGBM+RNN+LSTM
[LN1536   ] [chunk_19_phase_5_optimization.py] [info] 365,21.230083,4.028739,75.82,73.2,12.730937,4.8222957,374.0,-21.56,-28.14,-2.44,13.19,337590.0,-15.09,1.2,5.51,1.13,3.11,50.87,-0.91,1.0,-3.46,15.179492,3.771124e-05,18.169458,3,LightGBM+RNN+LSTM
[LN1537   ] [chunk_19_phase_5_optimization.py] [info] 366,24.625643,4.3422456,151.86,145.01,13.740011,5.0786057,3797.0,62.55,75.94,19.89,39.82,721070.0,6.39,0.22,-5.19,-3.33,4.15,44.7,-2.3,1.29,-4.51,28.553114,1.905503e-05,33.39516,3,LightGBM+RNN+LSTM
[LN1538   ] [chunk_19_phase_5_optimization.py] [info] 367,17.819384,1.4770488,6.49,6.06,9.530103,2.1517622,2622.0,17.67,70.7,3.83,10.18,13360.0,-8.32,-2.81,0.0,-5.1,0.37,44.48,-3.04,1.03,-6.6,2.8162963,0.000713331,4.102776,3,LightGBM+RNN+LSTM
[LN1539   ] [chunk_19_phase_5_optimization.py] [info] 368,16.211586,0.3074847,0.53,0.54,11.94128,3.7492688,4174.0,-87.95,0.0,-75.8886,-74.63,720310.0,-55.42,-21.93,-22.19,-15.69,0.05,28.99,-5.53,0.21,-5.51,0.14402808,1.6577973e-05,1.7561849,3,LightGBM+RNN+LSTM
[LN1540   ] [chunk_19_phase_5_optimization.py] [info] 369,24.625643,4.9496813,199.213,199.333,15.735949,5.5748878,3675.0,24.94,44.23,-0.07,1.52,3230000.0,-5.67,-8.01,-7.51,-6.63,5.69,34.61,-5.91,2.11,-0.25,35.755516,4.8718107e-06,40.271885,3,LightGBM+RNN+LSTM
[LN1541   ] [chunk_19_phase_5_optimization.py] [info] 370,21.108528,3.1236856,26.34,24.46,13.797993,4.286479,2834.0,-54.31,-51.55,-14.55,-23.73,832510.0,-5.78,0.43,7.09,-2.78,1.52,46.54,-10.07,1.18,-7.14,5.706315,1.6573968e-05,7.8304935,3,LightGBM+RNN+LSTM
[LN1542   ] [chunk_19_phase_5_optimization.py] [info] 371,23.729443,4.9496813,199.213,199.333,12.687594,5.5748878,1419.0,51.16,47.23,27.24,63.9,276330.0,12.05,4.3,3.52,-1.46,5.69,50.13,-3.62,1.17,-3.01,35.755516,4.5914647e-05,40.271885,3,LightGBM+RNN+LSTM
[LN1543   ] [chunk_19_phase_5_optimization.py] [info] 372,24.330664,4.7335634,189.95,191.31,14.013467,5.423319,2050.0,62.69,44.13,14.64,11.64,816010.0,17.48,-4.51,-8.74,-9.1,5.69,37.58,-11.08,1.49,0.72,35.275448,1.7173155e-05,40.41564,3,LightGBM+RNN+LSTM
[LN1544   ] [chunk_19_phase_5_optimization.py] [info] 373,19.267921,0.91629076,4.07,4.07,8.168203,3.1441522,5377.0,-77.39,0.0,-29.18,-38.43,13950.0,-10.94,4.32,0.99,3.16,0.28,53.7,10.0,0.25,0.0,1.2944666,0.00058553426,4.4418216,3,LightGBM+RNN+LSTM
[LN1545   ] [chunk_19_phase_5_optimization.py] [info] 374,15.518439,0.6678294,1.8,1.73,9.623311,4.26268,5657.0,-87.95,-88.91,-52.3,-12.18,47200.0,-7.49,-10.08,-11.28,-9.52,0.16,38.99,-8.71,0.32,-4.1,0.40584797,0.0002038837,2.590482,3,LightGBM+RNN+LSTM
[LN1546   ] [chunk_19_phase_5_optimization.py] [info] 375,22.227343,4.790155,133.16,129.89,13.036147,5.275765,3201.0,-23.52,-28.46,-8.59,-7.17,413590.0,-8.94,1.14,5.73,2.42,4.45,52.45,-0.73,1.11,-2.46,24.620127,3.1519492e-05,27.116034,3,LightGBM+RNN+LSTM
[LN1547   ] [chunk_19_phase_5_optimization.py] [info] 376,17.199902,0.64710325,1.63,1.57,10.258852,2.3418057,764.0,-64.64,0.0,-46.47,-64.63,137710.0,-30.22,-13.68,-13.26,-3.34,0.12,41.52,2.61,0.21,-3.68,0.6704228,7.4496056e-05,2.426197,3,LightGBM+RNN+LSTM
[LN1548   ] [chunk_19_phase_5_optimization.py] [info] 377,17.99756,1.0296195,7.14,7.08,11.13456,2.8870327,1339.0,115.5665,-46.28,-1.28,-19.55,327460.0,-21.16,-18.8,-12.7,-11.52,0.53,36.11,-6.84,0.21,-0.84,2.452345,3.400281e-05,6.876327,3,LightGBM+RNN+LSTM
[LN1549   ] [chunk_19_phase_5_optimization.py] [info] 378,23.433313,4.9496813,199.213,199.333,11.70171,5.5748878,1810.0,-21.71,-33.0,-12.61,-21.6,133920.0,-12.05,-2.9,1.71,1.38,5.69,50.21,1.36,0.9,-0.97,35.755516,8.737836e-05,40.271885,3,LightGBM+RNN+LSTM
[LN1550   ] [chunk_19_phase_5_optimization.py] [info] 379,24.625643,4.9496813,199.213,199.333,14.391729,5.5748878,4782.0,-1.8,-14.05,-4.36,0.77,1960000.0,-1.88,-5.08,-3.09,-1.04,5.69,41.65,0.32,0.91,-1.37,35.755516,7.3427186e-06,40.271885,3,LightGBM+RNN+LSTM
[LN1551   ] [chunk_19_phase_5_optimization.py] [info] 380,21.611156,2.5439615,12.79,12.67,14.104639,3.2630842,2342.0,-28.98,-0.39,-31.66,-39.17,2390000.0,-30.73,-14.93,-20.56,-6.63,0.7,34.88,-0.47,0.56,-0.94,3.8828297,5.9015224e-06,4.9804215,3,LightGBM+RNN+LSTM
[LN1552   ] [chunk_19_phase_5_optimization.py] [info] 381,17.57158,0.48242614,4.6,4.23,12.737753,2.2905126,5643.0,115.5665,144.143,13.69,51.07,1090000.0,-24.33,-17.09,-12.24,-11.86,0.43,39.84,-3.42,0.31,-8.04,1.8467482,1.1686012e-05,8.768181,3,LightGBM+RNN+LSTM
[LN1553   ] [chunk_19_phase_5_optimization.py] [info] 382,15.685773,0.28517893,0.53,0.54,12.524708,2.5217206,4813.0,-65.05,-91.53,-47.99,-51.94,531320.0,-42.33,-16.56,-19.46,-13.55,0.04,34.42,-13.39,0.52,-5.8,0.2141395,2.3572815e-05,1.8935479,3,LightGBM+RNN+LSTM
[LN1554   ] [chunk_19_phase_5_optimization.py] [info] 383,18.566252,0.6881346,1.95,1.83,13.239364,1.8082888,3368.0,-43.69,-52.59,-0.99,2.23,782740.0,7.02,7.62,6.4,5.05,0.14,54.71,8.28,0.72,-6.15,1.0120065,1.6914128e-05,2.6593633,3,LightGBM+RNN+LSTM
[LN1555   ] [chunk_19_phase_5_optimization.py] [info] 384,18.015116,0.57661337,3.79,3.24,14.444402,2.0055258,278.0,-36.96,144.143,28.24,86.21,768020.0,2.53,-16.09,-23.4,-19.6,0.39,38.94,-18.12,2.44,-8.65,1.6155363,1.8807325e-05,5.619016,3,LightGBM+RNN+LSTM
[LN1556   ] [chunk_19_phase_5_optimization.py] [info] 385,17.672655,0.99694866,1.89,1.78,12.935121,2.5368664,2724.0,-61.88,-65.17,-67.6,-74.63,1300000.0,-35.97,-13.01,-10.55,-9.55,0.11,37.86,-7.77,0.32,-5.82,0.701653,9.950092e-06,1.7854481,3,LightGBM+RNN+LSTM
[LN1557   ] [chunk_19_phase_5_optimization.py] [info] 386,16.62732,0.2390169,0.53,0.54,15.006737,2.821379,418.0,-87.95,-91.53,-75.8886,-33.81,8470000.0,-32.76,-20.34,-17.44,0.95,0.06,46.47,5.2,0.15,-5.19,0.19139577,1.7717516e-06,2.2592545,3,LightGBM+RNN+LSTM
[LN1558   ] [chunk_19_phase_5_optimization.py] [info] 387,24.625643,4.9496813,199.213,199.333,14.545838,5.5748878,3300.0,5.89,-2.52,0.99,-2.93,3150000.0,2.85,0.16,0.87,1.53,4.24,55.58,0.54,0.66,-1.01,35.755516,4.6177265e-06,40.271885,3,LightGBM+RNN+LSTM
[LN1559   ] [chunk_19_phase_5_optimization.py] [info] 388,22.856249,4.9496813,199.213,199.333,10.8947,5.5748878,437.0,18.23,9.12,0.13,-2.85,82570.0,0.34,-6.36,-8.63,-2.64,5.69,36.61,0.28,0.65,0.64,35.755516,0.00013194502,40.271885,3,LightGBM+RNN+LSTM
[LN1560   ] [chunk_19_phase_5_optimization.py] [info] 389,20.752825,3.3945084,34.36,33.09,12.075623,3.741709,3890.0,-0.6,5.25,-6.92,3.96,158720.0,-11.69,-7.98,-6.18,-3.07,0.98,40.57,2.1,1.11,-3.7,8.843553,7.608129e-05,9.748097,3,LightGBM+RNN+LSTM
[LN1561   ] [chunk_19_phase_5_optimization.py] [info] 390,23.709454,4.9496813,199.213,199.333,13.090635,5.5748878,962.0,34.49,35.89,12.26,19.13,312030.0,1.02,-0.77,-2.59,-4.4,5.69,38.26,-5.07,1.55,-2.25,35.755516,4.195313e-05,40.271885,3,LightGBM+RNN+LSTM
[LN1562   ] [chunk_19_phase_5_optimization.py] [info] 391,16.463102,0.97077894,1.87,1.77,10.680815,2.010895,3534.0,-64.88,-13.24,-34.0,-10.61,143430.0,-47.79,-32.86,-33.2186,-17.98,0.23,35.63,-10.61,0.3,-5.35,0.8802051,7.446709e-05,1.8232782,3,LightGBM+RNN+LSTM
[LN1563   ] [chunk_19_phase_5_optimization.py] [info] 392,15.15314,0.44468582,0.67,0.61,13.260964,2.2321627,1771.0,-87.95,-91.53,-61.14,-54.13,498420.0,-53.26,-29.33,4.1,-12.08,0.08,40.0,-18.12,1.15,-8.26,0.27327758,2.6606005e-05,1.371755,3,LightGBM+RNN+LSTM
[LN1564   ] [chunk_19_phase_5_optimization.py] [info] 393,17.56713,1.5040774,6.06,5.41,10.41682,3.947776,4415.0,20.38,0.0,6.48,28.69,33860.0,25.41,-9.58,-20.4,-14.57,0.82,40.16,-18.12,0.99,-8.65,1.3703917,0.00030764382,3.5968893,3,LightGBM+RNN+LSTM
[LN1565   ] [chunk_19_phase_5_optimization.py] [info] 394,15.444752,0.74193734,2.12,2.03,11.641512,3.1759684,2340.0,-85.59,-90.95,-44.18,21.56,1190000.0,2.01,14.35,-4.69,2.24,0.18,53.85,4.1,0.1,-4.25,0.6391751,9.782783e-06,2.7360802,3,LightGBM+RNN+LSTM
[LN1566   ] [chunk_19_phase_5_optimization.py] [info] 395,15.46609,1.2383742,3.43,3.35,9.194414,5.5748878,3955.0,-87.95,-91.53,-73.33,-42.86,576530.0,-19.24,6.28,5.73,-2.33,0.29,49.25,-3.41,0.02,-2.29,0.60090894,1.5947851e-05,2.7051597,3,LightGBM+RNN+LSTM
[LN1567   ] [chunk_19_phase_5_optimization.py] [info] 396,17.942,1.6409366,4.51,4.48,9.695786,3.189241,1916.0,-65.54,0.0,-41.73,-61.21,208830.0,-44.1,-27.17,-33.2186,-19.83,0.59,35.51,-11.81,0.08,-0.67,1.4047229,4.642909e-05,2.730148,3,LightGBM+RNN+LSTM
[LN1568   ] [chunk_19_phase_5_optimization.py] [info] 397,15.088077,0.78845733,1.25,1.18,12.190913,4.118712,4488.0,-87.95,-91.53,-75.8886,-74.63,409350.0,-60.19,-35.48,-19.73,-15.08,0.13,24.91,-13.24,0.48,-5.6,0.28649732,2.978115e-05,1.4965932,3,LightGBM+RNN+LSTM
[LN1569   ] [chunk_19_phase_5_optimization.py] [info] 398,22.990223,4.9496813,199.213,199.333,12.981608,5.5748878,3835.0,66.39,77.89,33.94,80.19,397190.0,25.28,11.71,5.41,1.66,5.69,56.47,-1.33,1.09,-1.7,35.755516,3.2683623e-05,40.271885,3,LightGBM+RNN+LSTM
[LN1570   ] [chunk_19_phase_5_optimization.py] [info] 399,15.088077,1.2059708,2.55,2.55,8.724695,3.4339871,4687.0,-78.11,-76.4,-69.52,-74.63,321160.0,-49.6,-18.29,-5.9,-2.37,0.28,42.68,0.39,0.02,0.0,0.742577,2.7166194e-05,2.114479,3,LightGBM+RNN+LSTM
[LN1571   ] [chunk_19_phase_5_optimization.py] [info] 400,17.211025,0.7030975,1.18,1.12,9.453522,2.2782924,3637.0,-83.68,0.0,-66.38,-74.63,298530.0,-60.19,-23.92,-20.12,-16.39,0.17,36.68,-7.6,0.04,-5.25,0.49159625,3.1666907e-05,1.5929512,3,LightGBM+RNN+LSTM
[LN1572   ] [chunk_19_phase_5_optimization.py] [info] 401,15.440822,0.756122,1.16,1.13,11.74784,1.8718022,2962.0,-77.17,0.0,-28.8,0.0,353840.0,-40.84,-20.72,-22.6,-17.09,0.18,35.69,-8.87,0.36,-2.59,0.6036963,3.3200995e-05,1.4944679,3,LightGBM+RNN+LSTM
[LN1573   ] [chunk_19_phase_5_optimization.py] [info] 402,15.969596,0.90825856,4.02,3.71,11.471603,2.384165,2612.0,-31.3,-1.07,11.28,1.78,2320000.0,19.68,27.8,-1.97,8.67,0.62,55.18,-7.94,0.04,-7.71,1.5561002,4.9446567e-06,4.0847397,3,LightGBM+RNN+LSTM
[LN1574   ] [chunk_19_phase_5_optimization.py] [info] 403,16.526224,1.22083,3.09,2.91,13.046104,2.383243,1191.0,-59.81,-55.37,-41.26,-43.6,152440.0,-33.26,-6.62,11.92,-6.23,0.27,41.4,-11.28,2.44,-5.83,1.2210253,8.5581894e-05,2.3836243,3,LightGBM+RNN+LSTM
[LN1575   ] [chunk_19_phase_5_optimization.py] [info] 404,15.538278,1.3350011,2.88,2.5,12.806975,5.5748878,676.0,-87.95,-91.53,-75.8886,-74.63,443520.0,-60.19,-35.48,-33.2186,-19.83,0.8,28.04,-18.12,0.82,-8.65,0.4484395,2.8875756e-05,1.8726577,3,LightGBM+RNN+LSTM
[LN1576   ] [chunk_19_phase_5_optimization.py] [info] 405,24.397032,4.780635,120.21,118.76,14.80382,5.0202556,2958.0,-9.37,-17.65,-10.12,-10.26,2320000.0,-6.77,-5.45,-4.17,-1.83,1.93,35.44,-0.79,1.16,-1.21,23.656166,6.3809566e-06,24.841888,3,LightGBM+RNN+LSTM
[LN1577   ] [chunk_19_phase_5_optimization.py] [info] 406,24.531704,4.9496813,199.213,199.333,12.828309,5.5748878,277.0,-10.19,-8.51,-5.8,0.86,494660.0,-8.24,-3.39,-2.79,-1.44,5.69,44.19,2.23,0.75,1.14,35.755516,2.5933588e-05,40.271885,3,LightGBM+RNN+LSTM
[LN1578   ] [chunk_19_phase_5_optimization.py] [info] 407,15.088077,1.5173227,4.12,3.74,11.980871,4.8315086,5029.0,-87.95,-91.53,-75.8886,-74.63,663020.0,-57.11,-24.2,-15.0,-10.25,0.51,40.81,-6.73,0.24,-8.65,0.77408534,1.807015e-05,2.464868,3,LightGBM+RNN+LSTM
[LN1579   ] [chunk_19_phase_5_optimization.py] [info] 408,22.75797,4.7838182,120.23,119.23,13.0720825,5.0526724,2718.0,-13.33,-10.98,-8.94,-8.33,499930.0,-10.4,-3.81,-2.4,-1.16,1.81,37.34,-1.04,0.95,-0.83,23.597412,2.6147825e-05,24.923605,3,LightGBM+RNN+LSTM
[LN1580   ] [chunk_19_phase_5_optimization.py] [info] 409,15.636829,1.011601,4.25,3.81,11.173052,3.6529932,4960.0,-49.6,-20.84,-44.56,-36.78,4640000.0,-50.46,-1.5,-9.93,-15.72,0.73,46.86,-11.19,0.02,-8.65,1.0429803,2.4079852e-06,3.7663074,3,LightGBM+RNN+LSTM
[LN1581   ] [chunk_19_phase_5_optimization.py] [info] 410,17.122396,1.0508217,2.35,2.03,13.60544,2.9014215,166.0,-23.4,-49.88,-41.36,-34.52,1680000.0,-31.88,-26.19,-28.77,-19.83,0.16,24.91,-18.12,0.48,-8.65,0.699657,8.098476e-06,1.9318217,3,LightGBM+RNN+LSTM
[LN1582   ] [chunk_19_phase_5_optimization.py] [info] 411,22.155966,3.6576467,69.91,65.14,14.308649,4.268718,5266.0,29.12,43.26,20.73,48.93,703260.0,3.1,6.24,7.88,6.71,2.22,59.39,8.6,2.33,-6.82,15.259851,2.0346171e-05,17.809265,3,LightGBM+RNN+LSTM
[LN1583   ] [chunk_19_phase_5_optimization.py] [info] 412,20.612356,2.8639138,32.7,31.38,13.906008,3.9396381,3082.0,8.69,15.41,2.24,9.68,719180.0,-0.76,-23.03,-23.54,-19.83,2.95,30.92,-18.12,1.52,-4.04,7.9651985,1.9335921e-05,10.957034,3,LightGBM+RNN+LSTM
[LN1584   ] [chunk_19_phase_5_optimization.py] [info] 413,17.79201,1.6956156,5.14,5.0,9.33715,2.4765384,3197.0,-36.55,-18.03,-20.6,-11.5,37240.0,-32.43,-11.77,-19.87,-7.42,0.32,36.05,-2.72,0.3,-2.72,2.0189471,0.00025072903,2.9487815,3,LightGBM+RNN+LSTM
[LN1585   ] [chunk_19_phase_5_optimization.py] [info] 414,23.725477,4.9496813,199.213,199.333,11.805953,5.5748878,577.0,38.03,32.76,16.89,31.42,355160.0,6.71,-2.5,-4.71,-2.48,5.69,41.73,-0.73,0.38,-0.32,35.755516,3.3241224e-05,40.271885,3,LightGBM+RNN+LSTM
[LN1586   ] [chunk_19_phase_5_optimization.py] [info] 415,24.625643,4.9496813,199.213,199.333,12.110607,5.5748878,724.0,5.28,20.22,1.04,10.56,215370.0,-7.42,-3.92,-5.05,-0.95,5.69,46.59,2.95,0.84,-1.05,35.755516,5.6231635e-05,40.271885,3,LightGBM+RNN+LSTM
[LN1587   ] [chunk_19_phase_5_optimization.py] [info] 416,23.77868,4.697385,199.213,198.75,14.354692,5.472859,2841.0,38.12,57.36,9.83,43.51,1420000.0,-9.0,-5.65,-15.23,-3.77,5.69,40.83,-3.93,1.21,-1.18,36.315575,1.0108938e-05,42.31078,3,LightGBM+RNN+LSTM
[LN1588   ] [chunk_19_phase_5_optimization.py] [info] 417,16.95664,0.53062826,1.7,1.61,9.052516,1.1281711,3635.0,90.23,41.23,36.21,62.63,54870.0,0.07,1.83,9.56,-1.86,0.1,49.4,-4.17,0.16,-5.29,1.4270885,0.00016498116,3.0341392,3,LightGBM+RNN+LSTM
[LN1589   ] [chunk_19_phase_5_optimization.py] [info] 418,16.120094,0.5187938,0.7,0.69,11.4325285,3.0910425,2721.0,-84.47,0.0,-61.97,-44.72,281140.0,-33.56,-23.26,-14.09,-3.84,0.04,32.61,-1.2,0.33,-1.47,0.22322567,4.0664894e-05,1.3300081,3,LightGBM+RNN+LSTM
[LN1590   ] [chunk_19_phase_5_optimization.py] [info] 419,17.351238,0.97455966,1.96,1.88,11.241878,1.6292405,1914.0,-36.49,-34.26,-26.89,-24.8,66270.0,-23.27,-3.05,-7.39,-5.11,0.12,41.92,-6.0,1.15,-4.08,1.1539118,0.00016963751,1.9290764,3,LightGBM+RNN+LSTM
[LN1591   ] [chunk_19_phase_5_optimization.py] [info] 420,17.113567,0.8064759,1.35,1.23,11.164417,1.6677068,5657.0,-65.83,0.0,-54.73,-69.93,129230.0,-33.15,-35.48,-33.2186,-19.83,0.2,24.91,-18.12,0.55,-8.65,0.7375397,8.639184e-05,1.5251541,3,LightGBM+RNN+LSTM
[LN1592   ] [chunk_19_phase_5_optimization.py] [info] 421,21.970299,4.617296,140.3,131.69,13.053609,5.15462,3383.0,-0.95,-24.42,6.65,24.95,282940.0,8.74,-8.82,-8.58,-5.34,4.71,38.32,-2.09,1.65,-6.14,25.547955,4.6135607e-05,28.521019,3,LightGBM+RNN+LSTM
[LN1593   ] [chunk_19_phase_5_optimization.py] [info] 422,15.088077,1.7281095,15.63,13.94,11.776404,4.2341065,2055.0,12.87,0.0,-20.8,0.0,648170.0,0.0,-20.8,-12.93,-19.83,5.16,49.64,-17.42,0.2,-8.65,3.2923121,1.8168697e-05,8.066619,3,LightGBM+RNN+LSTM
[LN1594   ] [chunk_19_phase_5_optimization.py] [info] 423,24.625643,4.9496813,199.213,199.333,12.646329,5.5748878,724.0,2.52,16.72,-1.62,5.5,216170.0,-9.57,-6.31,-7.82,-3.11,5.69,41.07,2.85,1.44,-2.62,35.755516,5.8501777e-05,40.271885,3,LightGBM+RNN+LSTM
[LN1595   ] [chunk_19_phase_5_optimization.py] [info] 424,24.625643,4.9496813,199.213,199.333,15.436304,5.5748878,2196.0,78.6,54.66,25.8,53.81,4120000.0,11.15,3.61,-2.53,-0.41,5.69,51.96,-0.74,1.23,-2.85,35.755516,3.746676e-06,40.271885,3,LightGBM+RNN+LSTM
[LN1596   ] [chunk_19_phase_5_optimization.py] [info] 425,21.973167,4.617296,131.69,132.2,12.537411,5.15462,3383.0,-0.56,-19.85,7.05,23.3,283320.0,8.19,-8.31,-9.05,-4.59,4.6,39.24,-2.18,0.98,0.39,25.646894,4.4251767e-05,28.631474,3,LightGBM+RNN+LSTM
[LN1597   ] [chunk_19_phase_5_optimization.py] [info] 426,15.2856865,1.2470323,2.5,1.94,13.309142,5.5748878,676.0,-87.95,-91.53,-75.8886,-74.63,444440.0,-60.19,-35.48,-33.2186,-19.83,0.81,25.36,-18.12,1.36,-8.65,0.34798905,2.9945868e-05,1.5556935,3,LightGBM+RNN+LSTM
[LN1598   ] [chunk_19_phase_5_optimization.py] [info] 427,23.351551,4.934402,194.1,196.88,13.180735,5.3602586,2478.0,13.37,14.27,9.23,23.15,401780.0,0.48,-0.66,-4.23,0.59,4.12,51.77,4.46,1.32,1.43,36.72957,3.280585e-05,39.899464,3,LightGBM+RNN+LSTM
[LN1599   ] [chunk_19_phase_5_optimization.py] [info] 428,17.206657,0.89199805,1.48,1.35,10.881306,1.6677068,5657.0,-62.5,0.0,-50.48,-66.33,130430.0,-27.42,-33.44,-33.2186,-19.83,0.2,26.28,-17.18,0.41,-8.65,0.8094948,8.342641e-05,1.5134562,3,LightGBM+RNN+LSTM
[LN1600   ] [chunk_19_phase_5_optimization.py] [info] 429,15.088077,0.43825492,0.58,0.54,13.704763,1.6733513,555.0,-81.16,-86.86,-67.66,-72.83,4080000.0,-60.19,-33.65,-26.98,-19.83,0.09,27.27,-18.12,0.22,-8.11,0.32270572,3.3590106e-06,1.2321595,3,LightGBM+RNN+LSTM
[LN1601   ] [chunk_19_phase_5_optimization.py] [info] 430,24.625643,4.9496813,199.213,199.333,14.93253,5.5748878,1733.0,-6.42,-19.86,-6.44,-19.13,2220000.0,23.1,6.25,6.64,0.35,5.69,55.43,-1.22,1.38,-1.3,35.755516,6.726365e-06,40.271885,3,LightGBM+RNN+LSTM
[LN1602   ] [chunk_19_phase_5_optimization.py] [info] 431,15.088077,0.6931472,1.04,1.03,11.838539,2.587764,4487.0,-87.95,-91.34,-71.73,-71.7,107840.0,-60.19,-29.66,-16.94,-7.87,0.09,27.91,-3.74,1.28,-0.94,0.398027,0.00010977874,1.4859759,3,LightGBM+RNN+LSTM
[LN1603   ] [chunk_19_phase_5_optimization.py] [info] 432,16.58685,1.22083,3.39,3.09,12.177164,2.383243,1191.0,-57.32,-50.8,-38.06,-35.63,149710.0,-29.13,-1.43,18.85,0.24,0.25,47.17,-8.58,1.3,-8.65,1.2965527,8.1338345e-05,2.531065,3,LightGBM+RNN+LSTM
[LN1604   ] [chunk_19_phase_5_optimization.py] [info] 433,20.88878,4.9496813,199.213,199.333,11.230032,5.567734,251.0,15.87,1.24,5.47,14.88,63450.0,-10.42,-0.74,-0.97,-1.67,5.69,45.86,-0.21,1.19,-0.79,35.80146,0.00017699026,40.271885,3,LightGBM+RNN+LSTM
[LN1605   ] [chunk_19_phase_5_optimization.py] [info] 434,24.625643,3.7273788,133.16,128.0,15.561098,5.0211797,4435.0,115.5665,144.143,37.93,101.64,8170000.0,8.36,-1.14,-3.19,-2.71,5.69,45.71,-7.62,0.7,-3.88,25.492018,1.9046631e-06,34.340485,3,LightGBM+RNN+LSTM
[LN1606   ] [chunk_19_phase_5_optimization.py] [info] 435,17.65324,2.276241,11.08,10.33,6.783325,2.862201,2722.0,-24.87,-12.16,-16.84,-12.6,7400.0,-24.32,-6.69,-16.96,-10.23,0.41,36.94,-12.09,0.23,-6.77,3.6091108,0.0009166656,4.5381837,3,LightGBM+RNN+LSTM
[LN1607   ] [chunk_19_phase_5_optimization.py] [info] 436,24.520327,4.9496813,199.213,199.333,13.21813,5.5748878,277.0,-11.21,-9.64,-6.91,0.19,490390.0,-8.58,-4.6,-4.33,-2.69,5.69,39.54,-1.77,1.12,-1.38,35.755516,2.6954322e-05,40.271885,3,LightGBM+RNN+LSTM
[LN1608   ] [chunk_19_phase_5_optimization.py] [info] 437,22.786324,4.9496813,199.213,199.333,13.557778,5.4377313,303.0,22.86,27.17,8.19,20.37,438280.0,2.67,-4.44,-5.38,-4.06,5.47,39.01,-2.33,1.76,-3.59,36.657383,3.0934058e-05,40.271885,3,LightGBM+RNN+LSTM
[LN1609   ] [chunk_19_phase_5_optimization.py] [info] 438,17.935198,1.6409366,4.48,4.45,10.063393,3.189241,1916.0,-65.77,0.0,-41.95,-60.79,208760.0,-43.44,-26.98,-33.2186,-19.83,0.58,35.26,3.97,0.11,-0.67,1.3953162,4.8205562e-05,2.711866,3,LightGBM+RNN+LSTM
[LN1610   ] [chunk_19_phase_5_optimization.py] [info] 439,15.490736,1.2383742,3.65,3.43,10.539403,5.5748878,3955.0,-87.95,-91.53,-73.3,-39.5,577530.0,-4.99,8.94,14.72,0.19,0.3,51.16,-3.65,0.07,-6.03,0.615259,1.82491e-05,2.7697604,3,LightGBM+RNN+LSTM
[LN1611   ] [chunk_19_phase_5_optimization.py] [info] 440,17.157665,0.7030975,1.12,1.06,10.65968,2.2782924,3637.0,-84.53,0.0,-67.97,-74.63,298520.0,-60.19,-26.27,-23.74,-19.76,0.17,34.59,-18.12,0.14,-5.19,0.46526074,3.570843e-05,1.5076145,3,LightGBM+RNN+LSTM
[LN1612   ] [chunk_19_phase_5_optimization.py] [info] 441,24.587149,4.9496813,199.213,199.333,13.529489,5.570975,2341.0,20.02,47.72,13.38,27.72,816560.0,6.84,2.39,4.28,-1.2,4.78,50.66,-0.75,0.92,-1.51,35.780632,1.6568885e-05,40.271885,3,LightGBM+RNN+LSTM
[LN1613   ] [chunk_19_phase_5_optimization.py] [info] 442,23.33407,2.4150205,13.1,12.9,15.279065,2.945491,2843.0,8.59,7.46,-5.84,-17.62,5620000.0,-3.59,-12.22,-14.74,-4.15,0.37,34.87,1.34,0.77,-1.53,4.3795753,2.7186948e-06,5.3415694,3,LightGBM+RNN+LSTM
[LN1614   ] [chunk_19_phase_5_optimization.py] [info] 443,15.088077,1.3862944,3.08,2.91,12.048869,5.5748878,1026.0,-87.95,-91.53,-75.8886,-74.63,689540.0,-60.19,-35.48,-33.2186,-19.83,0.73,27.58,-18.12,0.25,-5.52,0.52198356,1.7473778e-05,2.0991213,3,LightGBM+RNN+LSTM
[LN1615   ] [chunk_19_phase_5_optimization.py] [info] 444,15.088077,1.2059708,2.67,2.55,9.056606,3.4339871,4687.0,-78.11,-76.39,-69.67,-74.63,324820.0,-51.98,-19.0,-4.85,-2.68,0.3,42.68,0.0,0.03,-4.49,0.742577,2.7881923e-05,2.114479,3,LightGBM+RNN+LSTM
[LN1616   ] [chunk_19_phase_5_optimization.py] [info] 445,17.378544,1.5040774,3.95,3.8,11.851082,4.298645,3084.0,-87.95,-91.53,-75.54,-69.46,180020.0,-60.19,-34.7,-33.2186,-19.83,0.54,33.67,-11.63,0.78,-3.8,0.88399947,6.583203e-05,2.5264657,3,LightGBM+RNN+LSTM
[LN1617   ] [chunk_19_phase_5_optimization.py] [info] 446,21.818539,3.829076,48.67,47.67,13.69828,4.3042,2961.0,-28.25,-24.67,-20.88,-18.93,1000000.0,-21.06,-7.78,-7.94,-3.74,1.31,38.82,0.68,0.89,-2.05,11.075229,1.369828e-05,12.449478,3,LightGBM+RNN+LSTM
[LN1618   ] [chunk_19_phase_5_optimization.py] [info] 447,22.694565,4.9496813,199.213,199.333,12.876892,5.5748878,2619.0,51.47,4.33,31.75,59.97,486830.0,31.34,1.38,2.16,5.57,5.69,59.87,2.59,0.8,-1.44,35.755516,2.645049e-05,40.271885,3,LightGBM+RNN+LSTM
[LN1619   ] [chunk_19_phase_5_optimization.py] [info] 448,15.575091,1.742219,5.89,5.74,11.354469,5.096813,3603.0,-87.95,-90.05,-75.8886,-74.63,997530.0,-37.88,-7.56,-16.08,-7.36,0.62,43.54,-10.87,0.09,-2.55,1.126194,1.1382584e-05,3.294649,3,LightGBM+RNN+LSTM
[LN1620   ] [chunk_19_phase_5_optimization.py] [info] 449,18.197037,0.87962675,1.71,1.65,11.2954035,3.6381123,5194.0,-83.57,0.0,-64.77,0.0,370490.0,-60.19,-35.48,-33.2186,-13.41,0.3,35.74,1.85,0.22,-3.51,0.4535319,3.0487741e-05,1.8757956,3,LightGBM+RNN+LSTM
[LN1621   ] [chunk_19_phase_5_optimization.py] [info] 450,17.561007,1.4060969,3.4,3.02,6.324359,1.7029283,765.0,-24.5,0.0,-21.28,0.0,34720.0,-26.16,-19.54,-16.81,-14.39,0.28,37.93,-13.71,0.01,-8.65,1.7734158,0.00018215319,2.1477892,3,LightGBM+RNN+LSTM
[LN1622   ] [chunk_19_phase_5_optimization.py] [info] 451,16.299583,0.89199805,3.79,3.47,12.190218,4.811371,3836.0,-85.84,-42.17,-63.3,114.86,1070000.0,-16.53,-35.48,-33.2186,-19.83,1.17,38.57,-15.78,0.18,-8.44,0.72120816,1.1392727e-05,3.890143,3,LightGBM+RNN+LSTM
[LN1623   ] [chunk_19_phase_5_optimization.py] [info] 452,18.800896,0.89199805,1.53,1.54,11.380798,2.182675,5165.0,-78.55,-66.52,-53.86,-59.47,407900.0,-47.8,-7.68,-10.47,-2.75,0.09,43.7,3.36,0.21,0.65,0.70555633,2.7900953e-05,1.7264612,3,LightGBM+RNN+LSTM
[LN1624   ] [chunk_19_phase_5_optimization.py] [info] 453,16.47577,1.3350011,3.35,2.86,10.658223,2.0412204,2332.0,-37.82,0.0,-32.14,0.0,90820.0,-41.27,-24.22,-27.26,-9.5,0.44,41.1,-8.04,0.47,-8.65,1.4011226,0.00011735547,2.1423204,3,LightGBM+RNN+LSTM
[LN1625   ] [chunk_19_phase_5_optimization.py] [info] 454,15.392426,1.0006319,2.06,2.03,10.67253,2.2267833,2723.0,-57.17,-65.0,-26.06,-31.88,80830.0,-23.11,-8.3,-6.88,-7.65,0.13,39.72,-2.4,0.53,-1.46,0.91162884,0.00013203674,2.028718,3,LightGBM+RNN+LSTM
[LN1626   ] [chunk_19_phase_5_optimization.py] [info] 455,17.053404,0.74668795,1.29,1.23,12.167098,2.237513,4392.0,-81.08,-85.27,-55.66,-44.34,376410.0,-41.43,-22.38,-21.66,-14.76,0.14,35.45,-14.58,0.51,-4.65,0.5497174,3.2324057e-05,1.6472745,3,LightGBM+RNN+LSTM
[LN1627   ] [chunk_19_phase_5_optimization.py] [info] 456,24.625643,4.9496813,199.213,199.333,13.838081,5.5748878,1190.0,17.03,21.6,15.04,43.82,891180.0,11.69,-1.01,-3.81,-3.28,5.69,43.7,-3.64,1.15,-2.39,35.755516,1.5527818e-05,40.271885,3,LightGBM+RNN+LSTM
[LN1628   ] [chunk_19_phase_5_optimization.py] [info] 457,17.220367,1.3737155,5.31,5.12,12.193347,2.8225687,477.0,-0.97,-16.48,-19.33,-42.98,794800.0,-13.38,-23.28,-17.55,-18.65,1.1,42.86,-18.12,0.25,-3.58,1.8139505,1.5341402e-05,3.727118,3,LightGBM+RNN+LSTM
[LN1629   ] [chunk_19_phase_5_optimization.py] [info] 458,23.732409,4.9496813,199.213,199.333,12.433205,5.5748878,962.0,37.58,39.73,15.02,19.71,312240.0,3.63,1.59,-1.08,-2.29,5.69,45.02,-3.37,0.8,-0.54,35.755516,3.9819384e-05,40.271885,3,LightGBM+RNN+LSTM
[LN1630   ] [chunk_19_phase_5_optimization.py] [info] 459,15.55773,0.6678294,1.87,1.8,9.267382,4.26268,5657.0,-87.95,-88.29,-53.9,-14.5,47170.0,-3.35,-6.31,-7.96,-6.06,0.16,42.55,-3.01,0.22,-3.53,0.42226958,0.00019646772,2.6952991,3,LightGBM+RNN+LSTM
[LN1631   ] [chunk_19_phase_5_optimization.py] [info] 460,22.570145,4.9496813,199.213,199.333,12.383696,5.5748878,1089.0,-17.82,-27.51,-16.48,-20.37,190040.0,-7.51,-2.9,-4.72,-0.95,5.69,44.19,1.04,1.26,-0.89,35.755516,6.516363e-05,40.271885,3,LightGBM+RNN+LSTM
[LN1632   ] [chunk_19_phase_5_optimization.py] [info] 461,23.442585,4.9496813,199.213,199.333,11.713021,5.5748878,1810.0,-20.99,-31.85,-11.72,-20.32,133420.0,-8.44,-1.76,3.63,2.1,5.69,52.71,4.41,0.92,0.91,35.755516,8.77906e-05,40.271885,3,LightGBM+RNN+LSTM
[LN1633   ] [chunk_19_phase_5_optimization.py] [info] 462,18.162817,1.4350846,3.43,3.42,11.697087,2.419479,132.0,-58.94,-66.27,-38.71,-36.19,272480.0,-25.0,-16.08,-17.39,-6.38,0.19,35.02,-0.29,0.44,-0.29,1.4135275,4.292824e-05,2.3831348,3,LightGBM+RNN+LSTM
[LN1634   ] [chunk_19_phase_5_optimization.py] [info] 463,22.568565,3.769076,43.86,43.12,15.313434,4.5245023,2965.0,-47.26,-40.06,-35.23,-34.35,3750000.0,-28.99,-19.12,-24.42,-3.08,1.73,31.85,-0.35,1.19,-1.69,9.53033,4.0835826e-06,11.44047,3,LightGBM+RNN+LSTM
[LN1635   ] [chunk_19_phase_5_optimization.py] [info] 464,18.716703,0.93609333,1.66,1.64,12.130503,1.5665305,2473.0,-44.59,-54.19,-19.88,-25.45,313520.0,-10.87,-5.56,-18.0,-6.18,0.09,38.62,-4.09,0.59,-1.2,1.0468996,3.869132e-05,1.751962,3,LightGBM+RNN+LSTM
[LN1636   ] [chunk_19_phase_5_optimization.py] [info] 465,24.625643,4.9496813,199.213,199.333,14.668372,5.5748878,4782.0,-2.41,-13.1,-4.94,-0.8,1930000.0,-2.46,-5.47,-3.27,-1.53,5.69,39.56,0.09,1.22,-0.62,35.755516,7.600193e-06,40.271885,3,LightGBM+RNN+LSTM
[LN1637   ] [chunk_19_phase_5_optimization.py] [info] 466,16.189486,0.3074847,0.53,0.54,12.0513,3.7492688,4174.0,-87.95,0.0,-75.8886,-74.63,709800.0,-55.85,-22.84,-23.83,-16.59,0.05,28.42,-5.31,0.24,-2.19,0.14402808,1.6978445e-05,1.7561849,3,LightGBM+RNN+LSTM
[LN1638   ] [chunk_19_phase_5_optimization.py] [info] 467,18.110209,1.1442229,4.73,4.38,11.482487,3.2248578,2954.0,-54.66,-75.37,-23.66,-37.52,322540.0,54.23,-1.81,-8.18,-19.83,0.76,44.13,-11.16,0.3,-7.4,1.3581994,3.5600195e-05,3.8279257,3,LightGBM+RNN+LSTM
[LN1639   ] [chunk_19_phase_5_optimization.py] [info] 468,24.625643,4.9496813,199.213,199.333,15.969002,5.5748878,3675.0,25.25,46.14,0.29,6.36,3080000.0,-5.45,-7.92,-8.38,-6.77,5.69,34.95,-7.22,2.44,-8.65,35.755516,5.184741e-06,40.271885,3,LightGBM+RNN+LSTM
[LN1640   ] [chunk_19_phase_5_optimization.py] [info] 469,15.308414,0.89199805,3.29,2.9,10.627697,2.6851227,576.0,13.28,34.57,2.99,55.43,1060000.0,-2.03,-9.58,-10.49,-18.7,0.39,40.75,-18.12,0.04,-8.65,1.0800251,1.00261295e-05,3.2511282,3,LightGBM+RNN+LSTM
[LN1641   ] [chunk_19_phase_5_optimization.py] [info] 470,18.908463,2.0489824,18.88,18.58,13.045074,4.8751974,5269.0,-43.66,-2.16,-32.22,8.09,1440000.0,-60.19,-32.47,-24.78,-14.23,1.63,29.32,-1.22,0.32,-1.59,3.811128,9.059079e-06,9.067916,3,LightGBM+RNN+LSTM
[LN1642   ] [chunk_19_phase_5_optimization.py] [info] 471,21.455633,4.3630986,140.39,135.52,6.324359,5.025918,2064.0,52.27,93.96,36.73,53.65,7400.0,29.34,2.54,-9.1,-3.21,3.5,47.5,-9.39,0.13,-3.47,26.964228,0.0008546431,31.060493,3,LightGBM+RNN+LSTM
[LN1643   ] [chunk_19_phase_5_optimization.py] [info] 472,20.922117,4.9496813,186.07,185.72,10.595709,5.373703,1296.0,-0.79,-5.85,0.18,13.07,92720.0,3.53,-4.38,-10.65,-2.12,5.37,44.13,3.94,0.43,-0.19,34.560898,0.000114276416,37.521606,3,LightGBM+RNN+LSTM
[LN1644   ] [chunk_19_phase_5_optimization.py] [info] 473,15.818341,0.41871032,0.65,0.6,9.921917,1.729884,1027.0,-86.49,-80.61,-46.8,-74.63,1290000.0,-26.87,-14.38,-28.26,-11.3,0.07,39.44,0.2,0.02,-8.21,0.34684405,7.691408e-06,1.4329715,3,LightGBM+RNN+LSTM
[LN1645   ] [chunk_19_phase_5_optimization.py] [info] 474,22.849113,4.9496813,151.98,151.96,12.604604,5.415211,4106.0,-23.82,-11.36,-17.76,-19.39,568420.0,-19.11,-8.03,-7.99,-1.29,3.43,39.0,2.31,0.52,-0.01,28.061695,2.2174807e-05,30.700966,3,LightGBM+RNN+LSTM
[LN1646   ] [chunk_19_phase_5_optimization.py] [info] 475,16.57994,1.1052568,2.43,2.0,13.623074,2.675527,5657.0,-72.11,-70.26,-53.63,-51.71,2950000.0,-39.76,-16.14,-13.42,-18.93,0.21,36.34,-18.12,0.28,-8.65,0.7475163,4.6179907e-06,1.8095342,3,LightGBM+RNN+LSTM
[LN1647   ] [chunk_19_phase_5_optimization.py] [info] 476,18.920729,0.57661337,1.33,1.3,14.49604,1.3056265,4812.0,-18.24,-18.75,-21.11,32.6,1090000.0,-27.37,-33.67,-33.2186,-18.57,0.13,25.91,-9.72,1.81,-2.26,0.9956906,1.3299119e-05,2.2545435,3,LightGBM+RNN+LSTM
[LN1648   ] [chunk_19_phase_5_optimization.py] [info] 477,18.926775,0.63657683,2.51,2.47,15.119306,1.7351891,3290.0,115.5665,144.143,-0.8,1.65,4360000.0,-16.84,-25.85,-26.27,-17.06,0.24,32.33,-13.03,0.84,-1.59,1.423476,3.4677307e-06,3.8801286,3,LightGBM+RNN+LSTM
[LN1649   ] [chunk_19_phase_5_optimization.py] [info] 478,22.392859,3.1616704,34.59,33.49,14.491678,3.8603086,5202.0,11.26,37.42,-3.56,-16.9,2190000.0,-9.24,2.3,-5.42,-5.33,1.28,43.21,-3.96,0.9,-3.18,8.675472,6.6172047e-06,10.592503,3,LightGBM+RNN+LSTM
[LN1650   ] [chunk_19_phase_5_optimization.py] [info] 479,16.55957,0.96698385,3.27,3.13,11.963976,3.8918202,1423.0,-77.61,-76.99,-53.49,-34.93,7690000.0,23.23,-26.75,-33.2186,-19.83,0.83,36.77,-18.12,0.02,-4.28,0.8042509,1.5557836e-06,3.2368689,3,LightGBM+RNN+LSTM
[LN1651   ] [chunk_19_phase_5_optimization.py] [info] 480,22.498219,4.9496813,199.213,199.333,11.701121,5.5748878,4193.0,12.31,11.1,14.58,45.7,152920.0,6.14,-1.79,-8.13,-1.88,5.69,45.61,-4.02,0.79,0.08,35.755516,7.651793e-05,40.271885,3,LightGBM+RNN+LSTM
[LN1652   ] [chunk_19_phase_5_optimization.py] [info] 481,17.51434,0.37843645,0.61,0.6,12.145829,1.0224509,4068.0,-56.14,-14.29,-44.75,-56.2,320740.0,-31.11,-27.14,-33.2186,-19.83,0.11,35.57,1.69,0.59,-2.28,0.58682525,3.7868143e-05,1.5854709,3,LightGBM+RNN+LSTM
[LN1653   ] [chunk_19_phase_5_optimization.py] [info] 482,24.625643,4.9496813,199.213,199.333,15.969002,5.5748878,1248.0,29.01,45.47,14.63,64.44,8470000.0,-19.25,-2.75,0.08,-8.29,5.69,41.14,-4.75,1.25,-5.4,35.755516,1.8853603e-06,40.271885,3,LightGBM+RNN+LSTM
[LN1654   ] [chunk_19_phase_5_optimization.py] [info] 483,24.625643,4.9496813,199.213,199.333,14.487196,5.5748878,1188.0,15.32,20.21,1.3,2.42,1940000.0,-3.38,0.37,2.23,0.13,5.5,51.48,-0.13,1.01,-0.3,35.755516,7.467627e-06,40.271885,3,LightGBM+RNN+LSTM
[LN1655   ] [chunk_19_phase_5_optimization.py] [info] 484,15.762849,0.9439059,1.99,1.89,12.057747,3.5336866,2831.0,-87.95,-91.53,-75.39,-71.66,147510.0,-18.18,-5.72,-5.97,-11.97,0.19,41.86,-16.74,1.17,-5.03,0.5348522,8.174189e-05,2.0023181,3,LightGBM+RNN+LSTM
[LN1656   ] [chunk_19_phase_5_optimization.py] [info] 485,16.998552,0.4510756,0.75,0.74,11.465771,1.4231083,201.0,-39.37,-66.98,-33.29,-49.09,198090.0,-32.75,-15.99,-2.74,-19.83,0.09,38.03,-9.78,0.48,-1.71,0.51998854,5.7881625e-05,1.6405231,3,LightGBM+RNN+LSTM
[LN1657   ] [chunk_19_phase_5_optimization.py] [info] 486,16.153463,1.9671123,13.77,12.43,10.476978,5.5748878,4558.0,-86.83,-91.53,-72.19,41.38,210590.0,13.0,8.27,18.83,-2.41,1.36,47.96,-16.3,0.17,-8.65,2.2296412,4.9750597e-05,6.318907,3,LightGBM+RNN+LSTM
[LN1658   ] [chunk_19_phase_5_optimization.py] [info] 487,15.088077,1.3862944,3.22,3.09,11.220311,4.0474277,4781.0,-85.61,-90.42,-61.0,-58.33,146500.0,-20.16,-17.11,-30.09,-19.83,0.44,35.91,-16.03,0.51,-4.04,0.7634479,7.658915e-05,2.2289639,3,LightGBM+RNN+LSTM
[LN1659   ] [chunk_19_phase_5_optimization.py] [info] 488,16.66042,0.32930374,0.53,0.54,13.507143,1.5871923,1924.0,-79.47,-86.56,-54.73,-68.16,721600.0,-39.31,-23.23,-31.82,-14.41,0.04,36.19,0.17,1.02,0.17,0.34022343,1.8718323e-05,1.6398234,3,LightGBM+RNN+LSTM
[LN1660   ] [chunk_19_phase_5_optimization.py] [info] 489,21.920214,4.421007,88.64,83.44,14.42465,4.7471037,1682.0,-18.86,-14.46,-15.71,-15.67,768120.0,-19.6,-7.26,-5.08,-4.06,2.41,37.54,-3.12,2.39,-5.87,17.577034,1.8779163e-05,18.873528,3,LightGBM+RNN+LSTM
[LN1661   ] [chunk_19_phase_5_optimization.py] [info] 490,16.375834,0.3852624,0.81,0.78,10.644997,2.2267833,2711.0,-72.26,0.0,-37.93,-23.29,129520.0,-31.97,-15.22,-16.55,-16.55,0.07,34.08,-14.6,0.32,-3.76,0.35028103,8.218805e-05,2.024594,3,LightGBM+RNN+LSTM
[LN1662   ] [chunk_19_phase_5_optimization.py] [info] 491,23.086004,4.8523426,189.03,184.62,12.414484,5.322473,1294.0,21.66,15.54,6.76,30.0,287030.0,-2.41,-0.02,1.58,1.76,4.36,53.27,2.11,0.86,-2.33,34.686882,4.3251523e-05,38.0476,3,LightGBM+RNN+LSTM
[LN1663   ] [chunk_19_phase_5_optimization.py] [info] 492,15.088077,0.2390169,0.53,0.54,14.095798,1.0224509,1904.0,-80.77,-85.16,-55.57,-51.59,6380000.0,-58.96,-24.74,-2.9,-10.31,0.03,42.83,-17.17,0.21,-3.73,0.5281427,2.2093725e-06,2.2592545,3,LightGBM+RNN+LSTM
[LN1664   ] [chunk_19_phase_5_optimization.py] [info] 493,16.643415,0.53649336,1.0,0.99,11.72635,2.501436,3570.0,-76.94,0.0,-65.85,-74.63,3460000.0,-21.31,-5.51,-20.68,-11.69,0.1,39.2,-13.78,0.04,-0.75,0.39577267,3.3891185e-06,1.8453163,3,LightGBM+RNN+LSTM
[LN1665   ] [chunk_19_phase_5_optimization.py] [info] 494,15.68114,2.316488,9.24,8.48,10.68926,3.8480177,4253.0,-31.06,-14.89,-46.35,-48.13,86680.0,-29.28,-35.48,-33.2186,-19.83,1.74,29.98,-18.12,0.51,-8.23,2.203732,0.00012331863,3.660714,3,LightGBM+RNN+LSTM
[LN1666   ] [chunk_19_phase_5_optimization.py] [info] 495,18.627045,1.1878434,2.35,2.29,12.367383,4.0253515,3600.0,-78.38,-78.19,-72.85,-74.63,1030000.0,-60.19,-24.3,-31.44,-19.83,0.35,35.13,-18.12,0.23,-2.55,0.5688944,1.2007168e-05,1.9278635,3,LightGBM+RNN+LSTM
[LN1667   ] [chunk_19_phase_5_optimization.py] [info] 496,24.625643,4.9496813,199.213,199.333,14.123016,5.5748878,2950.0,76.84,64.23,34.48,69.58,1010000.0,23.24,12.05,4.03,2.62,5.69,58.24,2.51,1.35,-2.89,35.755516,1.39831845e-05,40.271885,3,LightGBM+RNN+LSTM
[LN1668   ] [chunk_19_phase_5_optimization.py] [info] 497,19.180925,0.95551145,3.01,2.88,13.903912,2.6318889,965.0,-9.72,-77.32,-9.0,18.52,967580.0,-29.06,-19.54,-11.66,-19.83,0.42,35.56,-18.12,1.13,-4.32,1.0942712,1.436978e-05,3.0140927,3,LightGBM+RNN+LSTM
[LN1669   ] [chunk_19_phase_5_optimization.py] [info] 498,21.848196,4.11333,63.36,62.59,12.677144,4.511299,4081.0,-19.85,-12.22,-18.69,-21.3,525830.0,-18.59,-2.24,-1.04,0.16,1.35,47.08,1.26,0.61,-1.22,13.874053,2.4108827e-05,15.216382,3,LightGBM+RNN+LSTM
[LN1670   ] [chunk_19_phase_5_optimization.py] [info] 499,24.625643,4.9496813,199.213,199.333,13.762799,5.5748878,4414.0,-7.25,-18.3,-14.81,-10.78,632880.0,-23.66,-14.66,-19.0,-10.55,5.69,30.49,1.16,1.5,-1.6,35.755516,2.1746302e-05,40.271885,3,LightGBM+RNN+LSTM
[LN1671   ] [chunk_19_phase_5_optimization.py] [info] 500,17.589191,0.8285518,1.34,1.29,11.301772,3.0910425,4630.0,-71.4,0.0,-74.13,-74.63,157270.0,-37.07,-10.81,-17.31,-8.96,0.11,37.16,-7.19,0.51,-3.73,0.41733494,7.1862225e-05,1.5569334,3,LightGBM+RNN+LSTM
[LN1672   ] [chunk_19_phase_5_optimization.py] [info] 501,23.01479,4.9496813,199.213,199.333,12.315756,5.5748878,4131.0,6.75,22.66,-4.05,-15.0,438500.0,8.76,-2.48,-0.06,0.03,5.69,48.42,-0.13,0.51,0.59,35.755516,2.8086104e-05,40.271885,3,LightGBM+RNN+LSTM
[LN1673   ] [chunk_19_phase_5_optimization.py] [info] 502,24.625643,4.9496813,199.213,199.333,13.645737,5.5748878,3755.0,-11.41,2.27,-0.31,0.06,1580000.0,-3.06,2.66,0.62,2.42,5.69,56.06,5.0,0.54,0.38,35.755516,8.636543e-06,40.271885,3,LightGBM+RNN+LSTM
[LN1674   ] [chunk_19_phase_5_optimization.py] [info] 503,18.067001,0.70803577,4.41,4.18,11.028969,2.38968,2183.0,115.5665,113.27,35.51,102.91,124550.0,21.87,-17.87,-28.42,-19.83,0.68,39.02,-12.64,0.49,-5.22,1.7491883,8.8550536e-05,5.9036565,3,LightGBM+RNN+LSTM
[LN1675   ] [chunk_19_phase_5_optimization.py] [info] 504,20.594852,2.107786,7.9,7.44,15.645675,3.8312466,4750.0,-76.79,-79.82,-56.3,-61.09,6120000.0,-49.66,-11.61,-10.58,-4.47,0.46,39.87,0.95,1.02,-5.82,1.9419266,2.5564827e-06,3.5297701,3,LightGBM+RNN+LSTM
[LN1676   ] [chunk_19_phase_5_optimization.py] [info] 505,17.956898,0.6097656,0.96,0.92,10.210789,2.1690538,3599.0,-77.46,0.0,-55.54,-71.08,788420.0,-8.93,-11.45,-19.32,-3.65,0.08,43.63,1.08,0.03,-4.14,0.42414808,1.2950951e-05,1.5087765,3,LightGBM+RNN+LSTM
[LN1677   ] [chunk_19_phase_5_optimization.py] [info] 506,23.57916,4.9496813,199.213,199.333,14.647149,5.5748878,5240.0,88.96,118.83,33.23,86.01,1010000.0,12.24,-5.16,-10.03,-9.31,5.69,36.62,-8.45,2.28,-0.37,35.755516,1.4502128e-05,40.271885,3,LightGBM+RNN+LSTM
[LN1678   ] [chunk_19_phase_5_optimization.py] [info] 507,15.088077,1.043804,1.86,1.75,11.249129,2.8903718,169.0,-83.64,-79.89,-71.66,-74.63,3890000.0,-45.04,-22.78,-23.91,-17.38,0.23,35.88,-15.87,0.02,-5.91,0.60545844,2.891807e-06,1.6765599,3,LightGBM+RNN+LSTM
[LN1679   ] [chunk_19_phase_5_optimization.py] [info] 508,17.608524,0.7839016,1.56,1.48,11.119216,2.5680215,2626.0,-55.15,-64.85,-43.77,-16.38,136280.0,-50.0,-19.31,-19.13,-12.47,0.13,34.16,-11.9,0.49,-5.13,0.57631916,8.159096e-05,1.8879921,3,LightGBM+RNN+LSTM
[LN1680   ] [chunk_19_phase_5_optimization.py] [info] 509,22.596605,4.9496813,199.213,199.333,11.645943,5.5748878,3093.0,11.48,1.4,15.01,61.22,171010.0,15.06,0.96,0.05,0.96,5.69,51.81,-0.63,0.67,-2.45,35.755516,6.810095e-05,40.271885,3,LightGBM+RNN+LSTM
[LN1681   ] [chunk_19_phase_5_optimization.py] [info] 510,24.625643,4.9496813,199.213,199.333,13.921717,5.5748878,2182.0,28.37,9.65,17.19,27.29,1040000.0,7.64,3.09,4.65,0.29,5.25,56.49,1.87,1.07,-0.72,35.755516,1.3386266e-05,40.271885,3,LightGBM+RNN+LSTM
[LN1682   ] [chunk_19_phase_5_optimization.py] [info] 511,16.852865,0.84156716,1.57,1.51,13.85566,5.5748878,361.0,-87.95,-91.53,-75.8886,-74.63,5470000.0,-52.96,-9.21,-7.93,-2.74,0.16,44.85,-3.82,0.19,-3.82,0.27085745,2.5330276e-06,1.7942715,3,LightGBM+RNN+LSTM
[LN1683   ] [chunk_19_phase_5_optimization.py] [info] 512,21.941141,3.749504,66.9,63.66,13.692631,4.51437,4844.0,41.62,18.44,-3.92,-14.24,1780000.0,-26.38,-0.66,-1.3,-0.75,4.02,48.63,-6.38,0.5,-4.84,14.101636,7.692489e-06,16.978245,3,LightGBM+RNN+LSTM
[LN1684   ] [chunk_19_phase_5_optimization.py] [info] 513,23.818392,4.9496813,199.213,199.333,9.560857,5.5748878,3839.0,-5.89,-22.44,1.42,8.67,19120.0,-1.18,-4.37,-3.55,-1.62,5.69,43.96,0.68,0.74,-1.22,35.755516,0.0005000448,40.271885,3,LightGBM+RNN+LSTM
[LN1685   ] [chunk_19_phase_5_optimization.py] [info] 514,15.85413,1.329724,4.21,4.02,12.591876,5.5748878,3632.0,-87.95,-91.53,-75.8886,-74.63,695720.0,-60.19,-3.07,3.34,-19.83,0.71,41.09,-18.12,0.42,-4.51,0.72109073,1.8099057e-05,3.0231838,3,LightGBM+RNN+LSTM
[LN1686   ] [chunk_19_phase_5_optimization.py] [info] 515,24.625643,4.9496813,199.213,199.333,14.320233,5.5748878,1341.0,46.16,61.25,16.19,29.65,3020000.0,8.24,8.82,3.31,1.29,5.69,56.89,2.27,0.55,-0.76,35.755516,4.7417993e-06,40.271885,3,LightGBM+RNN+LSTM
[LN1687   ] [chunk_19_phase_5_optimization.py] [info] 516,15.088077,0.2390169,0.53,0.54,9.553221,1.1631508,1754.0,-87.95,-91.53,-75.8886,-74.63,96540.0,-60.19,-35.48,-33.2186,-19.83,0.09,24.91,14.79,0.15,-8.65,0.46425623,9.895609e-05,2.2592545,3,LightGBM+RNN+LSTM
[LN1688   ] [chunk_19_phase_5_optimization.py] [info] 517,15.841023,0.86288995,1.38,1.16,12.502708,3.3918202,301.0,-87.95,-91.53,-75.8886,-74.63,109180.0,-60.19,-35.48,-33.2186,-19.83,0.32,27.59,-18.12,2.44,-8.65,0.34199926,0.00011451464,1.3443197,3,LightGBM+RNN+LSTM
[LN1689   ] [chunk_19_phase_5_optimization.py] [info] 518,15.191755,1.7595806,5.37,5.35,11.31877,5.213304,1054.0,-87.66,-91.53,-74.34,-73.38,120530.0,-60.19,-35.48,-33.2186,-3.06,0.77,34.12,0.56,0.68,-0.37,1.0262206,9.3908326e-05,3.0404973,3,LightGBM+RNN+LSTM
[LN1690   ] [chunk_19_phase_5_optimization.py] [info] 519,16.159237,0.63657683,1.47,1.44,11.407209,3.133318,3288.0,-83.73,-90.19,-30.16,16.13,146830.0,-24.61,-8.97,-11.11,-9.32,0.11,40.89,-5.26,0.61,-2.04,0.45957673,7.768991e-05,2.2620993,3,LightGBM+RNN+LSTM
[LN1691   ] [chunk_19_phase_5_optimization.py] [info] 520,15.088077,0.2390169,0.53,0.54,14.875335,1.2149128,2071.0,-87.95,-91.53,-75.8886,-74.63,572320.0,-60.19,-35.48,-33.2186,-19.83,0.08,24.91,-18.12,2.44,-8.65,0.44447637,2.599129e-05,2.2592545,3,LightGBM+RNN+LSTM
[LN1692   ] [chunk_19_phase_5_optimization.py] [info] 521,16.59433,0.7371641,1.21,1.17,9.748411,3.9665112,3795.0,-80.0,0.0,-75.8886,-74.63,128290.0,-37.1,-24.98,-26.88,-11.76,0.11,31.84,-2.5,0.13,-3.31,0.29496956,7.598731e-05,1.5871636,3,LightGBM+RNN+LSTM
[LN1693   ] [chunk_19_phase_5_optimization.py] [info] 522,15.964945,1.5871923,5.3,4.85,10.991494,4.0253515,3408.0,-84.65,-86.17,-58.06,-57.46,62000.0,-28.25,-11.54,-7.09,-7.94,0.42,39.82,-6.64,0.96,-8.49,1.2048637,0.00017728216,3.0557103,3,LightGBM+RNN+LSTM
[LN1694   ] [chunk_19_phase_5_optimization.py] [info] 523,22.29604,4.901564,199.213,199.333,12.052123,5.4683557,3764.0,32.87,46.52,19.07,57.61,142820.0,11.15,2.32,2.3,1.4,5.69,54.25,0.03,1.2,-1.16,36.45209,8.43868e-05,40.66722,3,LightGBM+RNN+LSTM
[LN1695   ] [chunk_19_phase_5_optimization.py] [info] 524,15.155762,1.1693814,3.59,3.45,10.646948,4.081597,2709.0,-85.37,-91.53,-73.25,-72.67,510010.0,-60.19,-21.71,10.93,-4.98,0.7,44.65,-11.08,0.08,-3.9,0.8452574,2.087596e-05,2.9502778,3,LightGBM+RNN+LSTM
[LN1696   ] [chunk_19_phase_5_optimization.py] [info] 525,18.763987,1.2669476,17.36,17.36,6.324359,2.9517803,1750.0,115.5665,0.0,68.57,0.0,439140.0,77.9365,32.2465,40.09,14.52,1.23,71.4,2.3,0.01,0.0,5.8811965,1.4401692e-05,13.702224,3,LightGBM+RNN+LSTM
[LN1697   ] [chunk_19_phase_5_optimization.py] [info] 526,15.806121,1.1184149,2.34,2.33,10.669839,2.791165,253.0,-77.68,-85.04,-54.75,-63.05,130510.0,-21.28,-2.38,-2.1,-1.79,0.15,47.59,-1.27,0.33,-0.43,0.8347768,8.175495e-05,2.0833056,3,LightGBM+RNN+LSTM
[LN1698   ] [chunk_19_phase_5_optimization.py] [info] 527,22.53809,4.793805,176.95,176.37,11.953314,5.253686,4194.0,11.76,18.78,8.66,32.9,201080.0,-5.19,-1.67,-4.72,-0.14,4.11,47.86,-0.01,0.77,-0.33,33.570717,5.9445563e-05,36.791233,3,LightGBM+RNN+LSTM
[LN1699   ] [chunk_19_phase_5_optimization.py] [info] 528,19.658823,1.9906104,8.53,8.43,12.913817,4.0354786,4623.0,-75.48,-83.31,-49.1,-42.75,965120.0,5.77,-3.89,-8.17,0.06,0.45,48.45,-0.59,0.42,-1.17,2.0889714,1.3380531e-05,4.234882,3,LightGBM+RNN+LSTM
[LN1700   ] [chunk_19_phase_5_optimization.py] [info] 529,22.96078,4.5169945,146.92,141.2,13.405013,5.227251,4595.0,-8.98,-20.26,2.57,37.64,803770.0,-8.57,-2.68,-2.13,-1.75,5.62,46.86,-2.91,0.83,-3.89,27.012287,1.6677672e-05,31.259724,3,LightGBM+RNN+LSTM
[LN1701   ] [chunk_19_phase_5_optimization.py] [info] 530,21.450815,3.198673,24.96,20.63,15.89639,3.726416,4867.0,-47.08,-36.72,-36.65,-41.76,1250000.0,-37.84,-21.9,-18.46,-15.11,1.11,25.17,-14.4,2.44,-8.65,5.5361505,1.27171115e-05,6.449549,3,LightGBM+RNN+LSTM
[LN1702   ] [chunk_19_phase_5_optimization.py] [info] 531,23.773487,4.455277,88.12,86.71,14.441378,4.766098,1087.0,-17.19,-16.55,-12.06,-13.47,2140000.0,-10.82,-4.2,-0.17,-1.15,1.54,41.07,-0.62,0.87,-1.6,18.19308,6.7483074e-06,19.462313,3,LightGBM+RNN+LSTM
[LN1703   ] [chunk_19_phase_5_optimization.py] [info] 532,19.888556,1.8840348,5.96,5.76,14.966999,2.8201878,4349.0,-38.72,-54.18,-45.43,-45.76,3600000.0,-45.56,-11.61,-9.15,-6.58,0.26,35.53,-2.04,0.88,-3.36,2.0424173,4.1575e-06,3.0572684,3,LightGBM+RNN+LSTM
[LN1704   ] [chunk_19_phase_5_optimization.py] [info] 533,22.442455,4.9496813,199.213,199.333,12.622409,5.5748878,2320.0,2.28,23.25,-1.11,5.97,197990.0,-1.25,-4.62,-3.82,-1.16,5.69,44.18,0.13,1.53,-3.77,35.755516,6.3752756e-05,40.271885,3,LightGBM+RNN+LSTM
[LN1705   ] [chunk_19_phase_5_optimization.py] [info] 534,22.479399,4.46786,191.96,189.48,12.943445,5.277145,801.0,24.81,14.45,27.16,95.62,566370.0,13.17,7.89,10.39,8.23,5.69,62.97,0.66,0.74,-1.29,35.90578,2.2853337e-05,42.40956,3,LightGBM+RNN+LSTM
[LN1706   ] [chunk_19_phase_5_optimization.py] [info] 535,16.135935,0.4054651,0.68,0.65,13.083067,1.609438,3095.0,-62.53,-75.9,-44.26,-56.2,328520.0,-21.57,-2.12,-5.15,-13.12,0.06,41.02,-14.8,1.46,-4.66,0.4038677,3.9824263e-05,1.6030972,3,LightGBM+RNN+LSTM
[LN1707   ] [chunk_19_phase_5_optimization.py] [info] 536,17.848158,0.3435897,0.53,0.54,14.679093,1.2697605,5657.0,-55.96,-57.14,-51.09,-57.89,3220000.0,-48.93,-32.58,-33.2186,-19.83,0.08,28.88,-14.47,0.74,-1.15,0.42527702,4.5587244e-06,1.5716419,3,LightGBM+RNN+LSTM
[LN1708   ] [chunk_19_phase_5_optimization.py] [info] 537,15.992533,0.7371641,1.21,1.15,10.860671,2.9831536,1813.0,-73.92,-91.53,-60.7,-60.44,103040.0,-45.24,-12.45,-4.96,-6.84,0.09,41.17,-12.88,0.51,-4.96,0.3854981,0.00010540247,1.5600326,3,LightGBM+RNN+LSTM
[LN1709   ] [chunk_19_phase_5_optimization.py] [info] 538,24.625643,4.9496813,199.213,199.333,11.284618,5.5748878,553.0,24.84,25.62,6.45,9.45,120430.0,4.05,-3.6,-2.98,-2.67,5.69,41.07,-0.74,0.66,-0.22,35.755516,9.370272e-05,40.271885,3,LightGBM+RNN+LSTM
[LN1710   ] [chunk_19_phase_5_optimization.py] [info] 539,15.903665,1.011601,2.23,2.1,11.194069,4.7332997,1499.0,-72.07,-91.53,-41.99,8.3,640510.0,-52.26,-14.31,-14.98,-12.01,0.22,40.16,-14.63,0.11,-5.83,0.44366515,1.7476807e-05,2.0759175,3,LightGBM+RNN+LSTM
[LN1711   ] [chunk_19_phase_5_optimization.py] [info] 540,20.043036,0.81536484,1.89,1.78,15.969002,2.8713021,3671.0,-87.95,-80.57,-70.12,-65.9,8470000.0,-57.06,-17.52,-27.64,-14.13,0.26,41.46,-6.32,0.6,-5.82,0.61992776,1.8853603e-06,2.1830719,3,LightGBM+RNN+LSTM
[LN1712   ] [chunk_19_phase_5_optimization.py] [info] 541,18.747103,0.6830968,1.04,1.02,11.598351,1.52388,1259.0,-57.32,-67.31,-39.52,-31.54,399630.0,-44.26,-17.07,-19.69,-7.73,0.07,37.65,-3.77,0.27,-1.92,0.669344,2.9022722e-05,1.4931997,3,LightGBM+RNN+LSTM
[LN1713   ] [chunk_19_phase_5_optimization.py] [info] 542,16.95491,0.79750717,1.94,1.7,12.159856,2.0579624,3096.0,-61.51,-40.97,-27.04,-2.87,1020000.0,-34.62,-21.48,-33.07,-9.84,0.26,40.28,3.03,0.19,-8.65,0.82605976,1.1921427e-05,2.131642,3,LightGBM+RNN+LSTM
[LN1714   ] [chunk_19_phase_5_optimization.py] [info] 543,18.099236,1.3584092,3.31,3.2,11.049858,2.0856721,3067.0,-45.85,-47.97,-26.58,-13.75,24730.0,-34.02,-16.28,-16.67,-12.05,0.18,31.59,-9.6,2.44,-3.32,1.5342776,0.00044681996,2.3556967,3,LightGBM+RNN+LSTM
[LN1715   ] [chunk_19_phase_5_optimization.py] [info] 544,24.625643,4.9496813,199.213,199.333,14.33119,5.5748878,3309.0,-0.12,-3.21,-2.14,9.75,787110.0,-7.85,-4.47,-0.84,-1.48,5.69,42.78,-1.2,2.13,-2.5,35.755516,1.8207355e-05,40.271885,3,LightGBM+RNN+LSTM
[LN1716   ] [chunk_19_phase_5_optimization.py] [info] 545,16.492414,0.2390169,0.53,0.54,14.3993225,1.2383742,4305.0,-53.77,-85.42,-11.65,4.42,6330000.0,-24.9,-19.01,-19.61,-19.83,0.06,35.42,-18.12,0.28,-8.65,0.43605557,2.2747745e-06,2.2592545,3,LightGBM+RNN+LSTM
[LN1717   ] [chunk_19_phase_5_optimization.py] [info] 546,15.088077,0.95551145,1.79,1.76,10.117469,4.8812857,2631.0,-87.95,-91.53,-75.8886,-16.19,48620.0,-39.93,-15.41,-20.36,-11.34,0.11,31.16,-7.37,0.51,-1.68,0.36056075,0.00020809275,1.8419455,3,LightGBM+RNN+LSTM
[LN1718   ] [chunk_19_phase_5_optimization.py] [info] 547,21.586155,4.2734666,81.59,80.17,13.591782,5.3799434,2734.0,-56.75,-60.59,-40.74,-49.32,1170000.0,-37.79,-2.75,3.01,3.23,3.44,50.06,3.66,0.68,-1.74,14.901644,1.1616908e-05,18.759945,3,LightGBM+RNN+LSTM
[LN1719   ] [chunk_19_phase_5_optimization.py] [info] 548,24.625643,4.9496813,199.213,199.333,14.543136,5.5748878,2354.0,30.03,40.89,13.97,40.67,1880000.0,3.53,-2.84,-7.65,-4.3,5.69,39.11,-3.04,1.1,-1.89,35.755516,7.73571e-06,40.271885,3,LightGBM+RNN+LSTM
[LN1720   ] [chunk_19_phase_5_optimization.py] [info] 549,24.625643,4.9496813,199.213,199.333,14.029022,5.5748878,328.0,-4.96,-4.5,-7.24,-6.49,1260000.0,-8.46,-5.53,-3.5,-3.87,5.69,34.42,-0.52,0.98,-0.51,35.755516,1.1134145e-05,40.271885,3,LightGBM+RNN+LSTM
[LN1721   ] [chunk_19_phase_5_optimization.py] [info] 550,24.625643,4.9496813,199.213,199.333,13.41587,5.5748878,386.0,32.39,44.1,27.45,36.92,387530.0,37.59,9.3,10.86,2.85,5.69,60.32,-0.18,1.73,-2.47,35.755516,3.461892e-05,40.271885,3,LightGBM+RNN+LSTM
[LN1722   ] [chunk_19_phase_5_optimization.py] [info] 551,15.941359,1.763017,8.53,8.29,9.162095,3.8286414,5657.0,-57.0,-46.15,-39.71,-47.43,57360.0,9.47,5.1,-15.06,-7.76,0.92,47.04,-2.47,0.17,-2.81,2.165259,0.0001597297,4.7021666,3,LightGBM+RNN+LSTM
[LN1723   ] [chunk_19_phase_5_optimization.py] [info] 552,16.739746,1.427916,3.9,3.75,9.573802,2.1016922,5657.0,11.94,4.17,-28.1,-37.81,7400.0,-25.0,-8.74,6.53,2.8,0.27,47.84,7.14,2.31,-3.85,1.7842765,0.0012937571,2.6262047,3,LightGBM+RNN+LSTM
[LN1724   ] [chunk_19_phase_5_optimization.py] [info] 553,15.088077,0.41871032,0.61,0.59,11.013139,1.5303947,5599.0,-73.78,-63.8,-45.89,-45.87,602220.0,-40.34,-8.19,-7.44,-6.5,0.04,40.86,-4.08,0.1,-2.74,0.38552147,1.8287566e-05,1.4090886,3,LightGBM+RNN+LSTM
[LN1725   ] [chunk_19_phase_5_optimization.py] [info] 554,22.599672,4.8587265,165.33,166.72,12.310518,5.2141204,3504.0,0.57,-2.42,1.91,8.74,223960.0,-7.39,-2.14,-1.69,-1.86,3.09,43.37,1.02,0.99,0.84,31.974714,5.4967488e-05,34.31352,3,LightGBM+RNN+LSTM
[LN1726   ] [chunk_19_phase_5_optimization.py] [info] 555,15.844974,1.3217559,2.8,2.73,10.266253,4.01458,3097.0,-87.95,-91.53,-75.8886,-74.63,90600.0,-60.19,-35.48,-33.2186,-19.83,0.95,24.91,-18.12,0.32,-2.5,0.6800214,0.00011331406,2.0654345,3,LightGBM+RNN+LSTM
[LN1727   ] [chunk_19_phase_5_optimization.py] [info] 556,16.137897,1.011601,2.91,2.75,13.138967,3.2580965,847.0,-71.47,-70.96,-46.38,-61.43,6450000.0,7.84,-35.48,-31.93,-19.83,0.44,35.79,-18.12,0.08,-5.5,0.8440511,2.0370492e-06,2.7184634,3,LightGBM+RNN+LSTM
[LN1728   ] [chunk_19_phase_5_optimization.py] [info] 557,18.366753,0.70803577,3.16,2.55,11.758449,1.9878744,1855.0,-43.02,-38.85,-22.32,-34.62,115390.0,-18.27,19.52,40.09,-2.56,0.41,49.45,-18.12,1.11,-8.65,1.2827772,0.0001019018,3.6015127,3,LightGBM+RNN+LSTM
[LN1729   ] [chunk_19_phase_5_optimization.py] [info] 558,15.319588,0.2390169,0.53,0.54,12.98297,1.0715836,5425.0,-62.5,-80.75,-32.03,-28.44,8470000.0,-19.5,-22.79,-28.46,-15.57,0.07,41.56,-18.12,0.05,-2.21,0.50392705,1.5328183e-06,2.2592545,3,LightGBM+RNN+LSTM
[LN1730   ] [chunk_19_phase_5_optimization.py] [info] 559,24.604624,4.71519,150.1,148.43,14.327166,5.30574,385.0,-16.16,-12.01,-11.89,-2.97,1670000.0,-20.29,-11.6,-11.77,-1.14,5.44,40.96,5.09,1.0,-1.11,27.975365,8.579142e-06,31.479115,3,LightGBM+RNN+LSTM
[LN1731   ] [chunk_19_phase_5_optimization.py] [info] 560,20.220343,3.4885976,33.59,33.02,10.803446,3.8653505,1932.0,-16.79,-18.93,-13.41,-13.67,41900.0,-15.79,-7.53,-8.3,-1.82,0.94,40.59,3.03,1.17,-1.7,8.5425625,0.0002578388,9.465121,3,LightGBM+RNN+LSTM
[LN1732   ] [chunk_19_phase_5_optimization.py] [info] 561,15.9317665,0.2390169,0.53,0.54,13.308136,1.0224509,3384.0,-24.66,-75.24,-29.68,-12.99,200140.0,-33.11,-33.6,-33.2186,-19.83,0.04,24.91,-18.12,2.44,-3.63,0.5281427,6.649413e-05,2.2592545,3,LightGBM+RNN+LSTM
[LN1733   ] [chunk_19_phase_5_optimization.py] [info] 562,24.625643,4.9496813,199.213,199.333,13.9750395,5.5748878,5328.0,11.71,3.62,2.8,3.34,1180000.0,3.08,-1.77,-2.73,-1.82,5.61,45.79,2.88,0.99,0.23,35.755516,1.1843254e-05,40.271885,3,LightGBM+RNN+LSTM
[LN1734   ] [chunk_19_phase_5_optimization.py] [info] 563,22.211666,4.2997313,85.12,84.37,12.020851,4.6322017,2978.0,8.32,-1.95,-3.9,-14.27,233660.0,-1.38,0.27,0.62,1.39,1.97,51.99,-1.33,0.71,-0.88,18.213802,5.144591e-05,19.622156,3,LightGBM+RNN+LSTM
[LN1735   ] [chunk_19_phase_5_optimization.py] [info] 564,22.751413,4.9496813,199.213,199.333,12.7324505,5.5748878,1895.0,-5.1,-22.68,3.23,8.29,356220.0,6.43,0.33,2.45,-0.2,5.69,49.69,-3.17,0.95,-2.59,35.755516,3.574322e-05,40.271885,3,LightGBM+RNN+LSTM
[LN1736   ] [chunk_19_phase_5_optimization.py] [info] 565,24.28488,4.6627784,124.88,125.25,14.144416,4.913904,2460.0,14.49,3.57,1.58,5.04,1460000.0,1.54,-4.39,-5.01,-3.38,2.22,37.91,1.02,0.95,0.3,25.488897,9.687956e-06,26.861666,3,LightGBM+RNN+LSTM
[LN1737   ] [chunk_19_phase_5_optimization.py] [info] 566,19.856527,1.1474024,2.94,2.95,12.106534,1.899118,1513.0,-28.22,-33.86,-19.64,8.86,359520.0,-27.96,-20.28,-24.74,-9.06,0.18,35.2,0.68,0.5,0.34,1.5533527,3.367416e-05,2.5710247,3,LightGBM+RNN+LSTM
[LN1738   ] [chunk_19_phase_5_optimization.py] [info] 567,17.304413,0.5653138,0.89,0.88,7.8804264,1.0508217,4726.0,-40.51,-45.31,-32.56,-45.24,12770.0,-23.91,-12.77,-20.45,-3.69,0.11,42.28,-6.91,0.21,-1.19,0.83743995,0.00061710464,1.5566576,3,LightGBM+RNN+LSTM
[LN1739   ] [chunk_19_phase_5_optimization.py] [info] 568,21.873838,4.9496813,199.213,199.333,8.142936,5.5748878,4716.0,35.55,9.23,10.71,27.91,7400.0,5.95,-10.18,-10.36,-6.07,5.69,32.4,-4.4,1.63,-4.11,35.755516,0.0011003967,40.271885,3,LightGBM+RNN+LSTM
[LN1740   ] [chunk_19_phase_5_optimization.py] [info] 569,23.392574,4.9496813,199.213,199.333,12.826848,5.5748878,4596.0,1.89,-7.6,-6.34,-3.1,360400.0,-8.96,-4.02,-3.06,-1.43,5.69,42.21,0.58,1.03,-1.55,35.755516,3.5590587e-05,40.271885,3,LightGBM+RNN+LSTM
[LN1741   ] [chunk_19_phase_5_optimization.py] [info] 570,20.440638,0.6981347,1.15,1.13,13.629015,1.1878434,3937.0,-34.68,-44.61,-18.45,-15.04,980490.0,-25.17,-16.33,-17.52,-8.89,0.06,32.7,-5.04,0.85,-1.74,0.95130384,1.3900208e-05,1.6185987,3,LightGBM+RNN+LSTM
[LN1742   ] [chunk_19_phase_5_optimization.py] [info] 571,17.733118,0.33647224,0.53,0.54,13.434064,1.0224509,5586.0,-29.67,-42.41,-29.47,-12.08,364360.0,-42.22,-30.59,-30.26,-19.83,0.05,27.36,-4.09,1.87,-1.88,0.5281427,3.6870304e-05,1.6048872,3,LightGBM+RNN+LSTM
[LN1743   ] [chunk_19_phase_5_optimization.py] [info] 572,16.010511,0.6981347,1.06,0.99,12.207676,1.3217559,2702.0,-29.3,-36.96,-37.87,-19.53,194680.0,-47.91,-27.29,-25.02,-9.34,0.08,34.7,-7.5,1.03,-6.62,0.7490037,6.270637e-05,1.4180644,3,LightGBM+RNN+LSTM
[LN1744   ] [chunk_19_phase_5_optimization.py] [info] 573,16.043373,0.26236427,0.53,0.54,13.208545,1.0224509,4067.0,-31.6,-60.44,-28.93,-43.13,358570.0,-26.23,-5.66,-2.41,-9.49,0.05,40.99,-13.01,1.52,-1.11,0.5281427,3.6836725e-05,2.058207,3,LightGBM+RNN+LSTM
[LN1745   ] [chunk_19_phase_5_optimization.py] [info] 574,22.887737,4.815188,199.213,199.333,11.912848,5.332574,529.0,42.4,42.71,22.59,50.07,357910.0,20.05,2.45,3.26,1.96,3.77,57.7,-0.05,0.42,-1.2,37.38026,3.328448e-05,41.39672,3,LightGBM+RNN+LSTM
[LN1746   ] [chunk_19_phase_5_optimization.py] [info] 575,19.608952,1.975469,20.77,21.5,7.8636513,4.065945,458.0,52.05,144.143,-10.92,-14.82,7400.0,-3.24,-16.59,-31.27,-7.19,1.96,42.35,-0.92,0.36,3.51,5.2878237,0.0010626556,10.8834915,3,LightGBM+RNN+LSTM
[LN1747   ] [chunk_19_phase_5_optimization.py] [info] 576,17.020693,1.6486586,8.67,8.22,11.232166,2.8183982,2036.0,86.82,0.0,-11.04,0.0,790660.0,11.99,-25.69,-33.2186,-19.83,1.61,37.7,-11.61,0.1,-5.19,2.9165502,1.42060635e-05,4.9858713,3,LightGBM+RNN+LSTM
[LN1748   ] [chunk_19_phase_5_optimization.py] [info] 577,18.400478,2.2512918,12.59,11.68,8.311152,3.2184758,1894.0,-29.21,0.0,-10.59,11.77,7400.0,16.8,-1.62,-15.05,-13.26,0.7,39.2,-8.55,1.15,-7.19,3.6290472,0.0011231287,5.1881323,3,LightGBM+RNN+LSTM
[LN1749   ] [chunk_19_phase_5_optimization.py] [info] 578,15.566448,1.3376292,2.97,2.77,10.795814,5.3082676,5313.0,-87.95,-91.53,-71.06,-64.27,184960.0,-55.54,-21.92,-19.01,-15.67,0.32,34.48,-14.24,0.26,-6.73,0.52182746,5.836837e-05,2.070828,3,LightGBM+RNN+LSTM
[LN1750   ] [chunk_19_phase_5_optimization.py] [info] 579,17.291815,1.0986123,2.14,1.99,15.744442,2.2648833,3366.0,-58.97,0.0,-29.43,0.0,943780.0,0.0,-29.43,0.0,-19.83,0.69,24.91,-8.72,2.44,-7.01,0.8786325,1.6682321e-05,1.8113761,3,LightGBM+RNN+LSTM
[LN1751   ] [chunk_19_phase_5_optimization.py] [info] 580,20.29319,4.9496813,199.213,199.333,11.232232,5.5748878,2459.0,17.39,16.43,16.74,20.08,71620.0,20.98,7.7,10.23,7.58,5.69,58.04,14.79,1.05,-1.99,35.755516,0.00015683094,40.271885,3,LightGBM+RNN+LSTM
[LN1752   ] [chunk_19_phase_5_optimization.py] [info] 581,23.184563,4.9496813,178.78,176.39,13.4912405,5.332912,5386.0,-2.24,-2.56,-0.27,8.99,1110000.0,-6.25,4.22,9.05,3.84,3.75,60.04,2.11,0.65,-1.34,33.075737,1.2154271e-05,35.636635,3,LightGBM+RNN+LSTM
[LN1753   ] [chunk_19_phase_5_optimization.py] [info] 582,24.625643,4.9496813,199.213,199.333,14.189245,5.5748878,119.0,4.26,5.17,5.28,16.53,1490000.0,2.34,-0.53,-5.14,-1.41,5.69,46.59,1.01,0.98,-0.78,35.755516,9.522983e-06,40.271885,3,LightGBM+RNN+LSTM
[LN1754   ] [chunk_19_phase_5_optimization.py] [info] 583,16.855259,0.5653138,0.85,0.83,10.071414,1.508512,3530.0,-47.14,-73.21,-22.74,-29.07,285440.0,-14.44,-8.38,-4.83,-4.67,0.07,43.24,-9.79,0.08,-2.91,0.5502111,3.528382e-05,1.468211,3,LightGBM+RNN+LSTM
[LN1755   ] [chunk_19_phase_5_optimization.py] [info] 584,15.088077,0.74193734,1.17,1.06,12.322486,2.85647,3099.0,-87.95,-90.78,-71.25,-62.94,1800000.0,-60.19,-32.0,-19.7,-18.54,0.16,35.52,-18.12,0.12,-8.65,0.37108737,6.8458253e-06,1.4286921,3,LightGBM+RNN+LSTM
[LN1756   ] [chunk_19_phase_5_optimization.py] [info] 585,15.15314,1.3217559,2.89,2.73,11.386864,2.9439125,5440.0,-55.39,-65.67,-50.6,-42.41,347290.0,-58.0,-28.33,-28.53,-14.05,0.4,31.01,-16.0,0.25,-5.54,0.92733735,3.2787764e-05,2.0654345,3,LightGBM+RNN+LSTM
[LN1757   ] [chunk_19_phase_5_optimization.py] [info] 586,20.332798,2.7587433,24.68,23.28,11.254246,4.774069,1893.0,-24.12,60.55,-35.35,-47.2,116200.0,-30.73,-15.55,-18.46,-17.01,2.07,35.22,-15.25,0.66,-5.67,4.8763437,9.685237e-05,8.438624,3,LightGBM+RNN+LSTM
[LN1758   ] [chunk_19_phase_5_optimization.py] [info] 587,15.088077,1.4816046,3.57,3.42,10.8846855,4.5141506,2859.0,-87.95,-91.53,-75.8886,-73.18,108480.0,-51.56,-23.25,-17.39,-14.53,0.4,33.68,-8.06,0.49,-4.2,0.7576176,0.00010033818,2.3083084,3,LightGBM+RNN+LSTM
[LN1759   ] [chunk_19_phase_5_optimization.py] [info] 588,16.396484,0.49469623,0.81,0.81,11.360858,2.099244,1546.0,-83.67,0.0,-75.8886,0.0,500270.0,-60.19,-35.48,-33.2186,-19.83,0.3,24.91,-11.13,0.17,-0.79,0.38585317,2.2709452e-05,1.6373683,3,LightGBM+RNN+LSTM
[LN1760   ] [chunk_19_phase_5_optimization.py] [info] 589,16.378149,0.36464313,0.53,0.54,10.822195,2.0794415,5238.0,-87.95,0.0,-64.86,0.0,1050000.0,-55.9,-21.28,-25.38,-14.52,0.06,37.06,-1.56,0.05,-0.97,0.2596851,1.0306852e-05,1.4809,3,LightGBM+RNN+LSTM
[LN1761   ] [chunk_19_phase_5_optimization.py] [info] 590,22.348577,4.942856,157.02,156.78,12.011,5.2308946,620.0,-3.81,-6.56,-2.0,1.67,174200.0,5.35,1.74,2.99,6.55,3.86,63.7,7.69,0.94,-0.15,29.971928,6.8949485e-05,31.718504,3,LightGBM+RNN+LSTM
[LN1762   ] [chunk_19_phase_5_optimization.py] [info] 591,24.625643,3.960051,62.16,58.93,15.969002,4.1979537,5657.0,8.89,13.33,0.29,-1.14,6500000.0,1.92,-2.2,-6.25,-6.51,1.46,34.75,-5.76,1.99,-5.2,14.037792,2.4567696e-06,14.881122,3,LightGBM+RNN+LSTM
[LN1763   ] [chunk_19_phase_5_optimization.py] [info] 592,16.34204,1.6311994,4.21,3.92,11.700052,4.204693,1166.0,-56.3,-91.53,-46.38,-58.17,123800.0,-26.73,-21.41,-24.62,-19.83,0.41,31.61,-18.12,0.97,-6.89,0.9322917,9.450769e-05,2.4031396,3,LightGBM+RNN+LSTM
[LN1764   ] [chunk_19_phase_5_optimization.py] [info] 593,17.060055,1.401183,3.91,3.46,11.6230345,2.1341665,2457.0,-32.82,-52.47,-19.71,-26.85,96020.0,1.47,-4.93,-4.16,-4.31,0.19,44.27,-3.35,1.16,-8.65,1.6212418,0.00012104806,2.469342,3,LightGBM+RNN+LSTM
[LN1765   ] [chunk_19_phase_5_optimization.py] [info] 594,16.365736,0.91629076,2.89,2.75,10.671649,2.2565413,2593.0,-52.59,-58.33,-29.7,15.06,22350.0,-40.22,-21.37,-10.42,-10.33,0.25,37.92,0.0,1.93,-4.84,1.2186793,0.00047747872,3.0012307,3,LightGBM+RNN+LSTM
[LN1766   ] [chunk_19_phase_5_optimization.py] [info] 595,15.726534,0.8329091,1.69,1.59,11.044297,1.8213183,3712.0,-24.64,-70.0,-19.24,8.16,397150.0,-26.39,-24.12,-23.56,-15.11,0.16,36.34,-6.47,0.16,-5.92,0.87299407,2.7808881e-05,1.9089718,3,LightGBM+RNN+LSTM
[LN1767   ] [chunk_19_phase_5_optimization.py] [info] 596,16.963106,0.67803353,1.37,1.33,10.184561,1.704748,5277.0,-64.53,0.0,-25.42,8.13,161530.0,-40.36,-24.32,-11.92,-8.31,0.25,43.23,-18.12,0.16,-2.92,0.7801739,6.305058e-05,1.9615549,3,LightGBM+RNN+LSTM
[LN1768   ] [chunk_19_phase_5_optimization.py] [info] 597,22.97245,4.6595635,153.65,154.86,11.313132,5.273051,2082.0,18.49,47.64,0.76,8.73,115320.0,-10.35,-8.18,-8.93,-7.06,5.69,36.07,-6.4,0.71,0.79,29.368198,9.8102086e-05,33.23487,3,LightGBM+RNN+LSTM
[LN1769   ] [chunk_19_phase_5_optimization.py] [info] 598,15.390357,1.974081,7.84,7.47,10.441471,5.5748878,119.0,-87.95,-91.53,-75.8886,-2.99,132300.0,1.92,-3.36,-7.2,-8.14,0.74,43.57,-17.91,0.26,-4.72,1.3399372,7.892268e-05,3.7840393,3,LightGBM+RNN+LSTM
[LN1770   ] [chunk_19_phase_5_optimization.py] [info] 599,15.486984,0.6981347,1.37,1.29,11.33956,2.9907198,3917.0,-87.95,-86.81,-71.79,-74.63,170900.0,-9.79,5.14,-4.44,-3.15,0.09,48.27,-5.15,0.49,-5.84,0.4313343,6.635202e-05,1.8477808,3,LightGBM+RNN+LSTM
[LN1771   ] [chunk_19_phase_5_optimization.py] [info] 600,24.625643,4.9496813,194.79,194.46,13.780757,5.378514,228.0,0.87,0.94,-2.43,-0.21,1430000.0,-0.63,-4.98,-7.14,-5.16,3.86,36.05,-0.22,0.68,-0.17,36.15497,9.636893e-06,39.287376,3,LightGBM+RNN+LSTM
[LN1772   ] [chunk_19_phase_5_optimization.py] [info] 601,23.31103,4.224934,77.77,76.91,13.990051,4.805659,381.0,-21.16,-35.65,-7.51,-0.45,1540000.0,-6.42,-4.88,-10.46,-1.89,2.06,42.8,2.23,0.77,-1.11,16.00405,9.084449e-06,18.203835,3,LightGBM+RNN+LSTM
[LN1773   ] [chunk_19_phase_5_optimization.py] [info] 602,17.41337,1.10194,2.71,2.57,11.033276,1.5581446,4426.0,-0.39,-7.55,-7.33,8.9,40230.0,-14.62,-18.94,-29.4,-14.0,0.22,29.59,-8.21,1.54,-5.34,1.6493976,0.0002742549,2.33225,3,LightGBM+RNN+LSTM
[LN1774   ] [chunk_19_phase_5_optimization.py] [info] 603,23.460228,4.670115,125.65,123.34,13.788237,4.919762,5059.0,3.64,-4.87,-0.73,4.29,937140.0,3.09,-2.81,-3.63,-1.86,2.39,41.89,-0.28,1.04,-1.84,25.070318,1.4713102e-05,26.410484,3,LightGBM+RNN+LSTM
[LN1775   ] [chunk_19_phase_5_optimization.py] [info] 604,15.754252,1.2556161,5.08,5.03,9.792388,2.706716,3062.0,-26.78,-11.83,-8.36,32.65,552180.0,-27.63,-10.89,-29.06,-15.23,0.56,39.24,0.8,0.03,-0.98,1.8583405,1.7734052e-05,4.0060015,3,LightGBM+RNN+LSTM
[LN1776   ] [chunk_19_phase_5_optimization.py] [info] 605,22.326685,4.9496813,155.79,153.7,14.153764,5.448761,1938.0,-19.58,-32.2,-8.62,-5.07,360590.0,-11.76,-5.47,-4.3,-2.7,3.74,38.56,1.33,2.44,-1.34,28.208246,3.925168e-05,31.052504,3,LightGBM+RNN+LSTM
[LN1777   ] [chunk_19_phase_5_optimization.py] [info] 606,15.088077,0.5007753,0.76,0.76,11.050493,1.7101878,5011.0,-79.69,0.0,-60.68,-67.76,1180000.0,-56.45,-23.54,1.15,-6.65,0.1,40.85,-6.31,0.05,-0.33,0.44439563,9.364825e-06,1.5176468,3,LightGBM+RNN+LSTM
[LN1778   ] [chunk_19_phase_5_optimization.py] [info] 607,22.873865,4.9496813,199.213,199.333,11.921811,5.5748878,354.0,-2.91,19.42,0.14,2.09,309720.0,-9.45,-8.98,-14.35,-1.58,5.69,42.11,7.27,0.49,0.65,35.755516,3.8492224e-05,40.271885,3,LightGBM+RNN+LSTM
[LN1779   ] [chunk_19_phase_5_optimization.py] [info] 608,15.088077,0.2390169,0.53,0.54,15.969002,3.295837,1795.0,-87.95,0.0,-75.8886,-74.63,8470000.0,-60.19,-35.48,-33.2186,-19.83,0.05,28.59,-18.12,0.81,-5.2,0.16384307,1.8853603e-06,2.2592545,3,LightGBM+RNN+LSTM
[LN1780   ] [chunk_19_phase_5_optimization.py] [info] 609,21.294245,4.6368628,122.47,122.44,10.92367,4.9292808,1085.0,3.34,6.01,1.65,3.15,87640.0,-4.09,-1.64,-0.62,0.53,2.66,50.28,4.61,0.63,-0.02,24.839325,0.00012464251,26.405785,3,LightGBM+RNN+LSTM
[LN1781   ] [chunk_19_phase_5_optimization.py] [info] 610,15.088077,0.43178242,0.83,0.75,11.274884,1.8702625,4758.0,-53.75,-54.31,-29.04,7.81,270500.0,-31.88,-26.9,-29.97,-16.79,0.11,39.62,4.04,0.29,-8.65,0.40101323,4.168164e-05,1.7369859,3,LightGBM+RNN+LSTM
[LN1782   ] [chunk_19_phase_5_optimization.py] [info] 611,16.278513,0.3920421,0.66,0.62,12.686104,2.2300143,2030.0,-85.21,-80.72,-75.8886,-69.15,2530000.0,-60.19,-35.48,-33.2186,-4.73,0.11,38.67,14.79,0.13,-6.19,0.27802512,5.0142703e-06,1.5814629,3,LightGBM+RNN+LSTM
[LN1783   ] [chunk_19_phase_5_optimization.py] [info] 612,18.017363,0.6678294,1.33,1.24,8.601534,2.9161477,5657.0,-63.53,-58.25,-23.96,13.06,37930.0,-18.74,-7.85,-11.43,-7.34,0.09,41.68,-4.62,0.14,-6.77,0.4252185,0.0002267739,1.8567617,3,LightGBM+RNN+LSTM
[LN1784   ] [chunk_19_phase_5_optimization.py] [info] 613,15.699546,1.595339,6.74,6.65,13.237683,5.13621,4382.0,-87.95,-91.53,-75.8886,-74.63,309800.0,-60.19,-1.9,7.26,-7.88,1.41,41.69,-6.47,1.81,-1.34,1.294729,4.272977e-05,4.168393,3,LightGBM+RNN+LSTM
[LN1785   ] [chunk_19_phase_5_optimization.py] [info] 614,22.188833,4.3888783,91.15,89.35,13.773257,4.8473315,938.0,-13.18,-1.99,-10.35,-3.59,1030000.0,-14.84,-12.95,-8.1,-3.78,2.98,34.39,-2.73,0.93,-1.97,18.432821,1.3372094e-05,20.358278,3,LightGBM+RNN+LSTM
[LN1786   ] [chunk_19_phase_5_optimization.py] [info] 615,18.23194,1.3862944,8.79,7.75,8.766706,3.1759684,4651.0,-32.9,-49.84,-5.36,60.12,24600.0,-35.42,-8.08,-22.31,-19.6,1.04,41.12,-18.12,0.26,-8.65,2.4402006,0.00035637018,5.590443,3,LightGBM+RNN+LSTM
[LN1787   ] [chunk_19_phase_5_optimization.py] [info] 616,17.912518,1.6409366,4.5,4.13,13.953473,5.5748878,2500.0,-87.95,-91.53,-75.8886,-64.34,1820000.0,-21.63,-14.72,-21.78,-15.41,0.39,37.0,-13.78,0.63,-8.22,0.7408221,7.666744e-06,2.5168552,3,LightGBM+RNN+LSTM
[LN1788   ] [chunk_19_phase_5_optimization.py] [info] 617,18.896605,1.3164083,9.55,9.38,6.84375,2.85647,3281.0,115.5665,0.0,13.58,149.1765,250410.0,-32.76,3.61,-1.79,1.88,0.66,50.13,6.34,0.01,-1.79,3.2837732,2.7330178e-05,7.125449,3,LightGBM+RNN+LSTM
[LN1789   ] [chunk_19_phase_5_optimization.py] [info] 618,24.625643,4.9496813,199.213,199.333,14.219166,5.4954453,5657.0,7.1,2.03,-4.31,-4.99,1580000.0,-5.9,-1.82,-1.51,-0.59,3.19,45.98,1.32,0.95,-0.16,36.2724,8.999472e-06,40.271885,3,LightGBM+RNN+LSTM
[LN1790   ] [chunk_19_phase_5_optimization.py] [info] 619,18.633936,0.49469623,0.67,0.63,13.45227,1.408545,5367.0,-38.91,-63.42,-43.25,-38.31,817060.0,-41.2,-23.59,-21.35,-13.65,0.05,32.44,-16.63,0.85,-6.63,0.44727007,1.6464237e-05,1.2735088,3,LightGBM+RNN+LSTM
[LN1791   ] [chunk_19_phase_5_optimization.py] [info] 620,24.074923,4.902976,141.02,135.86,14.552318,5.4564314,3905.0,-22.98,-31.4,-16.21,-14.5,2050000.0,-18.69,-6.13,-3.69,-2.64,4.72,42.07,-1.62,1.02,-3.66,24.899057,7.098691e-06,27.709702,3,LightGBM+RNN+LSTM
[LN1792   ] [chunk_19_phase_5_optimization.py] [info] 621,15.821036,0.5068176,0.82,0.71,12.147723,1.658228,5196.0,-78.93,0.0,-63.47,0.0,527560.0,0.0,-35.48,-33.2186,-19.83,0.24,24.91,-18.12,0.36,-8.65,0.42816788,2.302624e-05,1.4008985,3,LightGBM+RNN+LSTM
[LN1793   ] [chunk_19_phase_5_optimization.py] [info] 622,23.835892,4.9496813,199.213,199.333,11.879511,5.5748878,1939.0,-17.11,-14.93,-8.8,-2.19,152760.0,-16.44,-5.88,-4.55,-0.1,5.69,46.07,6.89,0.94,0.52,35.755516,7.776585e-05,40.271885,3,LightGBM+RNN+LSTM
[LN1794   ] [chunk_19_phase_5_optimization.py] [info] 623,21.8611,3.21165,29.09,28.02,13.444775,3.8141897,5657.0,6.99,0.07,-14.3,-17.1,693970.0,-24.62,-12.96,-13.76,-10.4,1.3,34.92,-2.84,0.99,-3.68,7.3462524,1.937371e-05,8.724488,3,LightGBM+RNN+LSTM
[LN1795   ] [chunk_19_phase_5_optimization.py] [info] 624,15.903665,0.2390169,0.53,0.54,15.969002,1.3837912,1138.0,-87.95,-91.53,-75.8886,-74.63,8470000.0,-60.19,-35.48,-33.2186,-19.83,0.05,28.9,-18.12,0.22,-8.65,0.39023226,1.8853603e-06,2.2592545,3,LightGBM+RNN+LSTM
[LN1796   ] [chunk_19_phase_5_optimization.py] [info] 625,17.523703,1.3376292,3.06,3.03,12.2962055,2.05027,1940.0,-48.64,-50.73,-47.2,-48.47,171380.0,-53.24,-32.08,-1.62,3.51,0.11,30.27,6.88,1.28,-0.98,1.477854,7.1748196e-05,2.2652018,3,LightGBM+RNN+LSTM
[LN1797   ] [chunk_19_phase_5_optimization.py] [info] 626,24.021322,4.9496813,199.213,199.333,13.400689,5.5748878,3180.0,3.61,31.96,-3.83,7.11,917390.0,-10.99,-0.68,1.53,3.29,5.69,54.33,1.46,0.72,-0.26,35.755516,1.4607406e-05,40.271885,3,LightGBM+RNN+LSTM
[LN1798   ] [chunk_19_phase_5_optimization.py] [info] 627,15.742675,0.6678294,1.54,1.43,11.757627,2.2502387,5657.0,-72.23,-81.9,-41.01,-37.69,1200000.0,-6.54,-9.72,-7.14,-19.83,0.19,37.97,-18.12,0.11,-7.14,0.63548815,9.798023e-06,2.1412654,3,LightGBM+RNN+LSTM
[LN1799   ] [chunk_19_phase_5_optimization.py] [info] 628,16.486897,0.65752,1.01,0.84,10.674035,2.008214,5657.0,-79.39,0.0,-65.49,0.0,639600.0,0.0,-35.48,-33.2186,-19.83,0.16,25.26,-18.12,0.07,-8.65,0.41828212,1.6688611e-05,1.2775277,3,LightGBM+RNN+LSTM
[LN1800   ] [chunk_19_phase_5_optimization.py] [info] 629,16.683409,0.2390169,0.63,0.62,10.8817005,1.0224509,1179.0,-3.35,-57.61,-12.71,59.96,270390.0,-40.08,-19.57,-33.2186,-19.83,0.09,36.86,-18.12,0.2,-0.38,0.60638607,4.0244464e-05,2.5939586,3,LightGBM+RNN+LSTM
[LN1801   ] [chunk_19_phase_5_optimization.py] [info] 630,23.615303,4.9496813,199.213,199.333,12.431214,5.5748878,4878.0,2.12,6.34,5.31,11.56,314070.0,4.97,3.74,2.12,1.78,5.69,57.72,0.73,0.8,1.07,35.755516,3.958103e-05,40.271885,3,LightGBM+RNN+LSTM
[LN1802   ] [chunk_19_phase_5_optimization.py] [info] 631,21.955826,4.5981455,163.38,164.1,11.051048,5.23191,2587.0,33.77,31.79,18.68,30.77,162570.0,3.61,-4.63,-2.63,-5.15,5.69,41.53,-2.37,0.39,0.44,31.365215,6.797717e-05,35.6883,3,LightGBM+RNN+LSTM
[LN1803   ] [chunk_19_phase_5_optimization.py] [info] 632,20.390516,3.8910036,69.62,68.8,9.933046,4.3943257,3984.0,7.35,40.32,3.57,16.47,49470.0,-5.55,-5.01,-9.97,-2.06,2.02,43.24,3.65,0.42,-1.18,15.656554,0.00020078929,17.681814,3,LightGBM+RNN+LSTM
[LN1804   ] [chunk_19_phase_5_optimization.py] [info] 633,15.096445,0.7654678,1.28,1.24,12.619261,2.2027647,2817.0,-74.9,-24.39,-45.98,-49.8,1860000.0,-41.23,-17.17,-17.88,-11.85,0.17,41.15,-10.14,0.16,-3.12,0.5629289,6.784549e-06,1.6199243,3,LightGBM+RNN+LSTM
[LN1805   ] [chunk_19_phase_5_optimization.py] [info] 634,18.278542,2.9957323,26.7,25.41,6.324359,3.4011974,491.0,8.17,25.92,9.45,17.69,7400.0,-0.95,-3.19,-5.54,-4.36,0.98,45.56,-5.54,0.03,-4.83,7.470898,0.0008546431,8.482066,3,LightGBM+RNN+LSTM
[LN1806   ] [chunk_19_phase_5_optimization.py] [info] 635,24.625643,4.9496813,199.213,199.333,13.050613,5.5748878,2641.0,53.29,38.46,22.08,48.55,542590.0,15.24,-0.86,-2.25,0.35,5.69,49.79,-0.84,0.86,-0.53,35.755516,2.405244e-05,40.271885,3,LightGBM+RNN+LSTM
[LN1807   ] [chunk_19_phase_5_optimization.py] [info] 636,16.594952,0.48242614,0.75,0.59,15.504388,1.0224509,573.0,-42.0,-39.15,-34.95,-34.91,83010.0,-25.37,-17.88,-19.75,-19.83,0.05,26.76,-18.12,2.44,-8.65,0.5770448,0.00018677735,1.2229851,3,LightGBM+RNN+LSTM
[LN1808   ] [chunk_19_phase_5_optimization.py] [info] 637,24.217043,4.7755036,166.04,165.08,14.845648,5.1854844,4528.0,6.28,20.06,6.11,20.27,1100000.0,-2.05,-1.31,-3.97,-0.45,4.53,48.27,3.06,2.44,-0.58,31.835018,1.3496044e-05,34.56808,3,LightGBM+RNN+LSTM
[LN1809   ] [chunk_19_phase_5_optimization.py] [info] 638,15.843659,0.5988365,0.98,0.95,10.72582,1.0224509,4693.0,-28.25,-16.71,-17.75,-26.02,17520.0,-19.47,-6.6,-8.24,-4.27,0.05,41.12,-1.63,2.44,-2.32,0.9291399,0.0006122043,1.5864096,3,LightGBM+RNN+LSTM
[LN1810   ] [chunk_19_phase_5_optimization.py] [info] 639,18.32659,3.7900813,45.97,45.32,7.46451,4.067316,4157.0,-7.83,4.09,-6.86,-3.42,7400.0,-9.3,-5.94,-5.99,-3.4,0.89,38.4,-0.41,1.33,-1.43,11.142484,0.0010087176,11.957527,3,LightGBM+RNN+LSTM
[LN1811   ] [chunk_19_phase_5_optimization.py] [info] 640,15.571643,1.3609766,5.27,4.96,13.784929,2.7491922,3644.0,-20.77,-35.88,4.26,43.76,271640.0,-24.85,-4.35,3.23,-19.83,0.72,41.11,-18.12,2.44,-5.88,1.8041663,5.0747054e-05,3.6444418,3,LightGBM+RNN+LSTM
[LN1812   ] [chunk_19_phase_5_optimization.py] [info] 641,23.84871,4.9496813,199.213,199.333,12.92746,5.5748878,4256.0,23.9,36.78,10.05,24.71,623480.0,11.45,-1.12,-1.07,2.22,5.69,52.2,2.27,0.66,-1.75,35.755516,2.0734362e-05,40.271885,3,LightGBM+RNN+LSTM
[LN1813   ] [chunk_19_phase_5_optimization.py] [info] 642,21.155048,4.9496813,199.213,199.333,11.242009,5.5748878,5421.0,-18.12,-31.59,-11.36,-3.23,112090.0,-17.25,-1.77,3.53,1.47,5.69,50.71,3.73,0.68,-3.12,35.755516,0.000100294485,40.271885,3,LightGBM+RNN+LSTM
[LN1814   ] [chunk_19_phase_5_optimization.py] [info] 643,16.98897,0.5653138,1.11,1.01,11.547617,2.104134,3106.0,-72.7,0.0,-43.69,-74.63,117930.0,-4.7,-4.2,-4.72,-6.35,0.1,45.01,3.79,0.88,-8.65,0.4800074,9.791925e-05,1.7866182,3,LightGBM+RNN+LSTM
[LN1815   ] [chunk_19_phase_5_optimization.py] [info] 644,18.005165,3.051167,24.81,23.03,10.635591,5.5748878,3875.0,-87.95,-90.16,-75.8886,-59.45,245310.0,-60.19,-35.48,0.26,-6.62,5.69,31.31,-3.28,0.17,-7.17,4.131025,4.3355718e-05,7.5479317,3,LightGBM+RNN+LSTM
[LN1816   ] [chunk_19_phase_5_optimization.py] [info] 645,24.625643,4.5379615,164.6,156.74,15.855136,5.299816,4714.0,47.73,58.48,4.49,30.13,4120000.0,-0.72,-14.27,-15.39,-11.95,5.69,30.04,-4.09,1.87,-4.78,29.57461,3.848334e-06,34.539738,3,LightGBM+RNN+LSTM
[LN1817   ] [chunk_19_phase_5_optimization.py] [info] 646,24.19926,4.9496813,199.213,199.333,13.560914,5.5748878,5657.0,5.79,14.07,3.01,7.92,559130.0,5.84,-1.31,-3.53,-2.35,5.69,43.91,1.03,1.39,-0.72,35.755516,2.4253597e-05,40.271885,3,LightGBM+RNN+LSTM
[LN1818   ] [chunk_19_phase_5_optimization.py] [info] 647,20.117214,1.6524974,4.42,4.17,10.62184,2.7719636,1207.0,-53.09,-60.47,-29.97,-43.27,40250.0,-21.17,-12.09,-8.55,-10.13,0.34,38.71,-5.23,1.02,-5.66,1.5043488,0.00026389663,2.5234532,3,LightGBM+RNN+LSTM
[LN1819   ] [chunk_19_phase_5_optimization.py] [info] 648,24.339037,4.9496813,199.213,199.333,14.510762,5.5748878,1110.0,-28.84,-22.67,-28.21,-27.26,2190000.0,-21.25,-8.02,-7.39,-7.93,5.69,31.44,-4.47,0.92,-0.42,35.755516,6.6259186e-06,40.271885,3,LightGBM+RNN+LSTM
[LN1820   ] [chunk_19_phase_5_optimization.py] [info] 649,24.625643,4.9496813,199.213,199.333,15.077137,5.5514855,3869.0,4.48,-6.98,2.4,20.06,2470000.0,-3.24,-3.69,-3.75,-2.02,5.69,45.96,-0.03,1.43,-2.33,35.906246,6.1041037e-06,40.271885,3,LightGBM+RNN+LSTM
[LN1821   ] [chunk_19_phase_5_optimization.py] [info] 650,22.117033,3.183456,25.86,25.3,13.850266,4.122446,5535.0,-52.58,-41.04,-29.94,-36.01,1600000.0,-26.05,0.98,1.57,1.06,0.88,50.54,3.77,0.65,-2.17,6.137133,8.656417e-06,7.947338,3,LightGBM+RNN+LSTM
[LN1822   ] [chunk_19_phase_5_optimization.py] [info] 651,17.825205,1.2612978,3.5,3.5,8.42858,2.700018,1696.0,-46.4,0.0,-36.24,0.0,40480.0,-39.55,-35.48,-33.2186,-19.83,0.57,28.17,-18.12,0.11,0.0,1.2962877,0.00020821592,2.7749195,3,LightGBM+RNN+LSTM
[LN1823   ] [chunk_19_phase_5_optimization.py] [info] 652,21.998629,4.1916227,75.52,75.33,11.55229,4.4226885,3685.0,8.7,0.84,2.92,0.01,213820.0,5.95,-2.21,-5.21,-0.85,1.55,46.99,2.46,0.49,-0.25,17.032625,5.402811e-05,17.971561,3,LightGBM+RNN+LSTM
[LN1824   ] [chunk_19_phase_5_optimization.py] [info] 653,17.185562,0.48242614,0.64,0.64,11.912413,2.276241,868.0,-84.58,-87.23,-62.47,-46.22,654130.0,-60.19,-35.48,-33.2186,-18.67,0.09,24.91,-13.24,0.23,0.0,0.2811653,1.8211078e-05,1.3266279,3,LightGBM+RNN+LSTM
[LN1825   ] [chunk_19_phase_5_optimization.py] [info] 654,24.02243,4.9496813,199.213,199.333,12.852702,5.5748878,812.0,2.66,6.07,-3.44,-2.53,740170.0,-8.51,-5.1,-1.66,-0.66,3.99,41.31,2.53,0.52,-0.36,35.755516,1.7364528e-05,40.271885,3,LightGBM+RNN+LSTM
[LN1826   ] [chunk_19_phase_5_optimization.py] [info] 655,15.088077,0.41210964,0.55,0.54,12.106556,2.2533948,1309.0,-87.95,0.0,-71.8,0.0,2540000.0,-60.19,-27.77,-33.2186,-19.83,0.11,35.12,-7.94,0.07,-5.68,0.23963843,4.7663607e-06,1.3103309,3,LightGBM+RNN+LSTM
[LN1827   ] [chunk_19_phase_5_optimization.py] [info] 656,16.248247,0.37843645,0.55,0.54,9.942371,1.6389967,3627.0,-78.8,0.0,-55.53,-74.63,202710.0,-34.57,-13.02,-15.91,-9.7,0.04,38.26,1.94,0.1,-4.33,0.32946986,4.9047267e-05,1.4269239,3,LightGBM+RNN+LSTM
[LN1828   ] [chunk_19_phase_5_optimization.py] [info] 657,21.401299,3.609295,37.77,36.98,12.61443,4.0066056,5657.0,-15.4,-25.86,-10.28,-15.24,390940.0,-5.66,-6.39,-7.8,-2.82,0.95,39.22,0.03,0.77,-2.09,9.229758,3.2266922e-05,10.245769,3,LightGBM+RNN+LSTM
[LN1829   ] [chunk_19_phase_5_optimization.py] [info] 658,23.800117,4.9496813,187.41,186.46,13.479559,5.4349003,1586.0,-0.12,13.67,-7.35,-6.97,1180000.0,-8.81,-5.9,-0.08,-1.25,3.75,39.1,-0.53,0.61,-0.51,34.307896,1.1423355e-05,37.671112,3,LightGBM+RNN+LSTM
[LN1830   ] [chunk_19_phase_5_optimization.py] [info] 659,24.625643,4.9496813,199.213,199.333,13.90928,5.5748878,339.0,-12.72,-23.77,-12.13,-4.38,964160.0,-14.83,-9.43,-8.47,-3.85,5.32,29.38,-1.65,1.14,-0.61,35.755516,1.4426319e-05,40.271885,3,LightGBM+RNN+LSTM
[LN1831   ] [chunk_19_phase_5_optimization.py] [info] 660,22.590443,4.9496813,199.213,199.333,11.751643,5.4333725,3459.0,3.45,3.0,9.5,22.37,154500.0,9.57,1.65,1.14,-1.48,4.98,49.12,-2.04,0.82,-1.17,36.68679,7.606242e-05,40.271885,3,LightGBM+RNN+LSTM
[LN1832   ] [chunk_19_phase_5_optimization.py] [info] 661,23.411114,4.767034,175.5,171.22,14.190292,5.2022467,229.0,31.02,12.64,16.39,22.73,898230.0,3.53,-1.56,-2.35,-2.89,3.47,40.09,-3.54,1.62,-2.44,32.9127,1.5798061e-05,35.91751,3,LightGBM+RNN+LSTM
[LN1833   ] [chunk_19_phase_5_optimization.py] [info] 662,17.625502,1.4724721,7.18,6.45,13.3120775,2.687167,3389.0,56.93,0.0,2.23,53.57,1170000.0,-18.66,-19.36,-18.04,-13.26,0.97,40.22,-3.73,0.52,-8.65,2.4002974,1.1377844e-05,4.3803887,3,LightGBM+RNN+LSTM
[LN1834   ] [chunk_19_phase_5_optimization.py] [info] 663,19.789804,3.295837,28.28,27.5,11.669143,3.7227976,4977.0,-30.56,-28.4,-12.8,-6.46,216640.0,-23.61,-13.37,-9.72,-4.11,0.85,26.71,-1.79,0.54,-2.76,7.3869176,5.386421e-05,8.34386,3,LightGBM+RNN+LSTM
[LN1835   ] [chunk_19_phase_5_optimization.py] [info] 664,21.694044,3.8661885,57.51,54.19,14.142206,5.1063695,2088.0,-63.41,-60.4,-34.72,-27.86,1540000.0,-23.42,-0.27,9.7,3.56,2.56,52.47,1.01,0.9,-5.77,10.612236,9.183251e-06,14.016389,3,LightGBM+RNN+LSTM
[LN1836   ] [chunk_19_phase_5_optimization.py] [info] 665,15.088077,1.0750024,2.01,2.0,12.331356,5.5748878,1050.0,-87.95,-91.53,-75.8886,-74.63,234680.0,-60.19,-35.48,-33.2186,-19.83,0.41,24.91,-15.61,0.97,-0.5,0.3587516,5.254541e-05,1.8604609,3,LightGBM+RNN+LSTM
[LN1837   ] [chunk_19_phase_5_optimization.py] [info] 666,16.29708,1.3812819,4.6,4.35,9.559729,3.3690186,3219.0,-74.34,-81.66,-37.11,-34.09,154000.0,17.89,-4.94,-11.41,-12.52,0.46,41.63,-13.35,0.09,-5.46,1.2911773,6.2076164e-05,3.1492486,3,LightGBM+RNN+LSTM
[LN1838   ] [chunk_19_phase_5_optimization.py] [info] 667,17.814262,1.2919837,4.12,3.72,12.586086,2.7212954,5534.0,-42.81,-57.31,-28.82,-32.25,165890.0,-33.67,0.26,7.83,-8.48,0.32,44.02,-10.79,1.76,-8.65,1.366996,7.587008e-05,2.8792932,3,LightGBM+RNN+LSTM
[LN1839   ] [chunk_19_phase_5_optimization.py] [info] 668,18.657965,0.9932518,2.4,2.39,11.423121,1.7800242,2448.0,-25.55,-30.52,-25.1,-39.03,88550.0,-21.12,-21.4,-29.5,-6.7,0.18,36.11,-0.42,1.03,-0.42,1.3426783,0.00012900193,2.4062378,3,LightGBM+RNN+LSTM
[LN1840   ] [chunk_19_phase_5_optimization.py] [info] 669,22.690378,4.9496813,199.213,199.333,11.995994,5.5748878,2645.0,79.13,57.29,31.08,92.7,143130.0,9.65,-2.63,-7.06,-7.35,5.69,41.85,-8.06,1.13,-8.65,35.755516,8.381187e-05,40.271885,3,LightGBM+RNN+LSTM
[LN1841   ] [chunk_19_phase_5_optimization.py] [info] 670,20.339323,3.0325463,20.06,19.33,12.385545,3.2596338,5657.0,-16.46,-14.01,-14.39,-18.23,41920.0,-12.42,-9.33,-6.62,-6.41,0.39,24.91,-5.01,2.44,-3.64,5.930114,0.00029545667,6.3741813,3,LightGBM+RNN+LSTM
[LN1842   ] [chunk_19_phase_5_optimization.py] [info] 671,16.779236,0.5481214,1.63,1.55,12.523595,1.8017098,5657.0,-36.73,-42.59,-11.44,-1.27,2190000.0,-45.42,-23.18,-17.11,-19.83,0.27,35.21,-18.12,0.13,-4.91,0.8602939,5.7185366e-06,2.8278406,3,LightGBM+RNN+LSTM
[LN1843   ] [chunk_19_phase_5_optimization.py] [info] 672,23.320757,4.669459,174.66,172.24,13.172718,5.2288065,2813.0,20.55,15.38,12.45,30.22,386410.0,8.35,-1.09,-2.89,-1.97,3.94,44.74,-0.43,1.36,-1.39,32.940594,3.4090004e-05,36.8865,3,LightGBM+RNN+LSTM
[LN1844   ] [chunk_19_phase_5_optimization.py] [info] 673,23.115692,4.546481,104.75,102.59,14.654631,4.8396096,4807.0,-6.84,-14.46,-5.47,-11.32,1940000.0,-5.9,-5.08,-7.01,-2.98,2.28,39.02,-1.25,1.19,-2.06,21.19799,7.5539333e-06,22.564703,3,LightGBM+RNN+LSTM
[LN1845   ] [chunk_19_phase_5_optimization.py] [info] 674,22.832266,4.9496813,199.213,199.333,13.174394,5.5748878,4649.0,-32.12,-29.16,-7.7,-9.41,562500.0,-0.79,1.54,2.31,2.07,5.69,52.6,4.24,0.94,-2.89,35.755516,2.3421146e-05,40.271885,3,LightGBM+RNN+LSTM
[LN1846   ] [chunk_19_phase_5_optimization.py] [info] 675,21.322102,2.5541217,12.12,11.88,14.782221,3.0823686,3750.0,-29.2,-32.88,-30.09,-38.57,1590000.0,-33.93,-13.42,-10.0,-5.16,0.35,30.55,-1.57,1.66,-1.98,3.854179,9.296994e-06,4.651305,3,LightGBM+RNN+LSTM
[LN1847   ] [chunk_19_phase_5_optimization.py] [info] 676,17.642847,0.43825492,1.04,0.93,10.54268,1.0224509,119.0,24.34,1.09,-8.13,1.08,18420.0,-13.89,0.06,3.91,-2.24,0.09,47.03,-7.0,2.06,-8.65,0.9095791,0.00057234964,2.1220524,3,LightGBM+RNN+LSTM
[LN1848   ] [chunk_19_phase_5_optimization.py] [info] 677,24.379364,4.9496813,199.213,199.333,13.481436,5.5748878,4547.0,15.99,10.5,5.62,12.35,1010000.0,-3.6,-3.85,-3.26,-2.84,5.32,38.56,-1.76,0.71,-0.46,35.755516,1.3347956e-05,40.271885,3,LightGBM+RNN+LSTM
[LN1849   ] [chunk_19_phase_5_optimization.py] [info] 678,17.17866,0.2390169,0.53,0.54,12.713406,1.0224509,3401.0,-78.07,-78.88,-35.32,-28.43,950530.0,-9.82,-5.74,-9.0,-7.65,0.03,36.81,-6.2,0.35,-4.06,0.5281427,1.337507e-05,2.2592545,3,LightGBM+RNN+LSTM
[LN1850   ] [chunk_19_phase_5_optimization.py] [info] 679,24.625643,4.9496813,199.213,199.333,13.909895,5.5748878,3111.0,37.42,16.15,18.87,33.59,1160000.0,5.76,1.63,0.97,-2.11,5.69,48.8,-0.26,0.95,-1.14,35.755516,1.1991288e-05,40.271885,3,LightGBM+RNN+LSTM
[LN1851   ] [chunk_19_phase_5_optimization.py] [info] 680,24.625643,4.9496813,199.213,199.333,13.001075,5.5748878,4168.0,16.57,15.76,8.81,27.65,615890.0,1.61,-1.19,-2.47,-0.54,5.69,48.47,0.48,0.72,-2.17,35.755516,2.110941e-05,40.271885,3,LightGBM+RNN+LSTM
[LN1852   ] [chunk_19_phase_5_optimization.py] [info] 681,16.546627,0.2390169,0.53,0.54,13.858718,1.0224509,1239.0,-57.49,-75.09,-22.01,-9.89,6450000.0,12.21,-9.92,-20.32,-13.14,0.05,42.63,-16.89,0.16,-5.99,0.5281427,2.1486385e-06,2.2592545,3,LightGBM+RNN+LSTM
[LN1853   ] [chunk_19_phase_5_optimization.py] [info] 682,21.380785,3.4998353,35.1,34.62,13.7099,4.652149,4283.0,-57.0,-49.24,-36.2,-34.13,1200000.0,-37.87,-7.3,-8.05,-0.13,1.78,44.54,2.0,0.75,-1.37,7.441722,1.1424917e-05,9.891894,3,LightGBM+RNN+LSTM
[LN1854   ] [chunk_19_phase_5_optimization.py] [info] 683,24.625643,4.9496813,199.213,199.333,14.072905,5.5748878,4955.0,50.62,76.42,5.07,11.21,1810000.0,-2.78,-3.54,-4.91,-1.79,5.69,43.74,1.41,0.71,-0.26,35.755516,7.775086e-06,40.271885,3,LightGBM+RNN+LSTM
[LN1855   ] [chunk_19_phase_5_optimization.py] [info] 684,19.736633,4.8147826,137.04,136.81,10.385482,5.160491,1518.0,-11.79,-12.48,-4.41,6.27,28250.0,-8.17,-3.31,-2.13,-1.44,2.58,42.98,0.26,1.15,-0.17,26.511044,0.00036762765,28.414576,3,LightGBM+RNN+LSTM
[LN1856   ] [chunk_19_phase_5_optimization.py] [info] 685,16.731117,1.2612978,2.91,2.76,7.724447,2.3418057,309.0,-66.5,-65.5,-47.14,-50.63,97350.0,-40.71,-10.53,-5.48,-5.71,0.18,37.45,-3.5,0.02,-5.15,1.1785777,7.934717e-05,2.1882222,3,LightGBM+RNN+LSTM
[LN1857   ] [chunk_19_phase_5_optimization.py] [info] 686,15.278767,0.2390169,0.53,0.54,13.777776,1.7950872,3845.0,-87.95,-91.53,-75.8886,-74.63,2650000.0,-60.19,-32.43,-16.08,-13.73,0.03,34.54,-6.44,0.36,-4.22,0.30082104,5.1991606e-06,2.2592545,3,LightGBM+RNN+LSTM
[LN1858   ] [chunk_19_phase_5_optimization.py] [info] 687,18.682583,2.5649493,26.14,24.99,6.324359,3.7462046,5604.0,-19.39,0.0,-11.73,-37.49,7400.0,-9.29,-7.41,-8.46,-4.34,1.25,44.29,-4.07,0.15,-4.4,6.6707516,0.0008546431,9.742883,3,LightGBM+RNN+LSTM
[LN1859   ] [chunk_19_phase_5_optimization.py] [info] 688,18.541924,1.5107219,3.79,3.57,10.452504,2.8243506,3174.0,-66.64,-55.98,-51.36,-47.42,28690.0,-45.5,-34.83,-33.2186,-17.72,0.36,25.43,-7.51,1.21,-5.8,1.2640073,0.0003643257,2.3631086,3,LightGBM+RNN+LSTM
[LN1860   ] [chunk_19_phase_5_optimization.py] [info] 689,18.066717,1.6677068,4.46,4.39,11.126762,3.0910425,2303.0,-67.21,-60.8,-50.96,-59.01,44990.0,-27.44,-9.45,-4.98,-3.84,0.24,39.99,0.23,1.51,-1.57,1.4202329,0.00024731635,2.6323571,3,LightGBM+RNN+LSTM
[LN1861   ] [chunk_19_phase_5_optimization.py] [info] 690,22.481123,4.334542,80.39,76.0,15.220716,4.736812,5657.0,-24.6,-8.09,-14.73,-10.49,942750.0,-17.39,-8.69,-7.79,-4.05,2.42,36.55,-2.46,2.44,-5.46,16.044546,1.6145019e-05,17.533571,3,LightGBM+RNN+LSTM
[LN1862   ] [chunk_19_phase_5_optimization.py] [info] 691,16.002686,0.9593502,3.82,3.35,12.28626,2.4379897,4384.0,-20.43,-59.93,0.33,-12.99,1550000.0,15.41,5.87,-18.89,-19.83,0.56,42.39,-15.4,0.14,-8.65,1.3740829,7.926619e-06,3.491947,3,LightGBM+RNN+LSTM
[LN1863   ] [chunk_19_phase_5_optimization.py] [info] 692,24.625643,4.9224596,179.98,178.71,13.970795,5.252954,4944.0,3.77,2.59,5.57,14.41,1600000.0,6.94,-0.54,-2.41,-0.9,2.8,48.3,1.11,0.73,-0.71,34.02086,8.731747e-06,36.30502,3,LightGBM+RNN+LSTM
[LN1864   ] [chunk_19_phase_5_optimization.py] [info] 693,17.092655,0.52472854,0.74,0.7,12.529593,1.5665305,140.0,-12.04,-40.92,-50.77,-28.87,1940000.0,-60.19,-32.25,-30.98,-17.17,0.09,31.31,-10.47,0.14,-5.82,0.44684738,6.4585533e-06,1.3340231,3,LightGBM+RNN+LSTM
[LN1865   ] [chunk_19_phase_5_optimization.py] [info] 694,19.5944,0.28517893,0.83,0.83,12.627644,2.76001,5476.0,-87.9,-89.32,-56.89,78.42,706490.0,-60.19,-18.7,-27.55,-17.53,0.12,39.45,2.98,0.43,0.88,0.30072355,1.7873776e-05,2.9104533,3,LightGBM+RNN+LSTM
[LN1866   ] [chunk_19_phase_5_optimization.py] [info] 695,22.209406,4.9496813,199.213,199.333,10.499573,5.5748878,2230.0,16.36,28.1,3.79,10.55,43620.0,10.42,-7.43,-12.24,-4.46,5.69,42.57,6.81,0.83,-1.58,35.755516,0.00024070549,40.271885,3,LightGBM+RNN+LSTM
[LN1867   ] [chunk_19_phase_5_optimization.py] [info] 696,23.829197,4.9496813,199.213,199.333,12.365433,5.5748878,5391.0,-10.47,-12.02,-9.05,-2.69,348590.0,-7.23,-3.34,-1.27,1.53,5.69,49.53,3.97,0.67,0.62,35.755516,3.5472713e-05,40.271885,3,LightGBM+RNN+LSTM
[LN1868   ] [chunk_19_phase_5_optimization.py] [info] 697,16.69246,0.5068176,1.44,1.34,13.585284,1.5686159,2509.0,79.12,44.32,9.28,61.04,1160000.0,3.08,-11.21,-33.2186,-13.65,0.13,37.23,-12.42,0.68,-6.94,0.8542563,1.1711452e-05,2.6439493,3,LightGBM+RNN+LSTM
[LN1869   ] [chunk_19_phase_5_optimization.py] [info] 698,20.491447,4.125843,122.32,115.56,10.815509,4.822457,4729.0,45.8,86.66,22.47,29.67,49880.0,13.57,4.49,9.19,1.35,3.72,53.54,-3.82,1.0,-5.53,23.96289,0.00021683058,28.00882,3,LightGBM+RNN+LSTM
[LN1870   ] [chunk_19_phase_5_optimization.py] [info] 699,24.625643,4.9496813,199.213,199.333,14.495098,5.5748878,1268.0,2.81,6.23,-3.15,-3.43,2330000.0,0.7,-0.49,-0.34,1.4,5.69,51.88,1.78,0.85,-0.28,35.755516,6.221072e-06,40.271885,3,LightGBM+RNN+LSTM
[LN1871   ] [chunk_19_phase_5_optimization.py] [info] 700,15.088077,0.51282364,0.8,0.8,10.665857,1.9837563,5253.0,-77.99,0.0,-29.25,-74.63,54080.0,-20.1,-7.67,-8.21,-4.18,0.07,44.51,6.53,0.79,-0.12,0.40327534,0.0001972237,1.5599905,3,LightGBM+RNN+LSTM
[LN1872   ] [chunk_19_phase_5_optimization.py] [info] 701,23.09724,4.9496813,199.213,199.333,13.514068,5.5748878,1949.0,-40.28,-38.83,-30.33,-33.0,629820.0,-31.63,-12.12,0.24,0.66,5.69,39.59,3.18,1.17,-1.06,35.755516,2.1457032e-05,40.271885,3,LightGBM+RNN+LSTM
[LN1873   ] [chunk_19_phase_5_optimization.py] [info] 702,23.160381,4.9496813,199.213,199.333,13.05502,5.5748878,926.0,28.73,-2.09,17.08,22.86,233860.0,8.82,4.53,5.52,1.29,5.69,55.92,0.59,2.0,-2.54,35.755516,5.5824083e-05,40.271885,3,LightGBM+RNN+LSTM
[LN1874   ] [chunk_19_phase_5_optimization.py] [info] 703,24.625643,4.9496813,199.213,199.333,13.898738,5.5748878,192.0,-0.48,-2.46,-10.16,-14.79,1480000.0,-10.36,-5.37,-7.24,-5.15,5.69,35.21,0.83,0.74,-0.19,35.755516,9.391039e-06,40.271885,3,LightGBM+RNN+LSTM
[LN1875   ] [chunk_19_phase_5_optimization.py] [info] 704,21.311052,4.525044,94.08,92.21,11.895354,5.202907,2870.0,-40.56,-44.63,-22.65,-28.89,174100.0,-21.56,-9.92,-6.13,-2.5,2.45,35.65,-0.15,0.84,-1.99,17.722784,6.8324836e-05,20.3777,3,LightGBM+RNN+LSTM
[LN1876   ] [chunk_19_phase_5_optimization.py] [info] 705,18.57091,0.9477894,1.72,1.69,15.494425,2.9755297,3051.0,-68.59,-86.25,-56.02,-56.1,5200000.0,-47.19,-15.23,-23.87,-16.19,0.22,38.66,-10.58,1.03,-1.74,0.5679661,2.979697e-06,1.7830966,3,LightGBM+RNN+LSTM
[LN1877   ] [chunk_19_phase_5_optimization.py] [info] 706,18.637566,1.4724721,5.05,4.67,12.062572,5.5748878,5048.0,-87.95,-91.53,-75.8886,-46.69,1370000.0,-24.19,-35.48,-33.2186,-19.83,0.7,31.1,-16.31,0.13,-7.52,0.837685,8.804797e-06,3.1715372,3,LightGBM+RNN+LSTM
[LN1878   ] [chunk_19_phase_5_optimization.py] [info] 707,24.625643,4.9496813,199.213,199.333,14.6114855,5.5748878,3173.0,-1.19,-11.91,2.28,9.83,2810000.0,7.53,-4.23,-5.23,0.17,4.33,45.37,0.32,0.79,0.14,35.755516,5.1998168e-06,40.271885,3,LightGBM+RNN+LSTM
[LN1879   ] [chunk_19_phase_5_optimization.py] [info] 708,22.723394,4.2907333,93.57,89.02,12.870609,5.050625,5187.0,-34.1,-33.92,-5.77,5.31,326930.0,-4.87,-3.82,-2.06,-2.26,3.13,44.18,-6.6,1.19,-4.86,17.625542,3.936809e-05,20.747036,3,LightGBM+RNN+LSTM
[LN1880   ] [chunk_19_phase_5_optimization.py] [info] 709,22.952204,4.9496813,199.213,199.333,12.192121,5.5748878,5657.0,37.0,36.76,16.52,32.93,184310.0,10.18,-0.01,1.0,0.25,5.69,51.12,0.89,1.07,-1.07,35.755516,6.6150074e-05,40.271885,3,LightGBM+RNN+LSTM
[LN1881   ] [chunk_19_phase_5_optimization.py] [info] 710,20.809444,4.7874084,199.213,199.333,11.497253,5.4950757,4216.0,72.56,76.13,40.56,60.93,75740.0,55.53,10.66,9.77,5.08,5.69,57.16,-8.04,1.3,-4.79,36.27484,0.00015179896,41.636932,3,LightGBM+RNN+LSTM
[LN1882   ] [chunk_19_phase_5_optimization.py] [info] 711,15.615569,1.6486586,4.77,4.46,11.084601,2.7899373,4679.0,-59.21,-63.97,-40.93,-46.39,445400.0,-37.18,-21.48,-19.35,-16.58,0.73,38.46,-18.12,0.15,-6.5,1.5986022,2.4886845e-05,2.7052295,3,LightGBM+RNN+LSTM
[LN1883   ] [chunk_19_phase_5_optimization.py] [info] 712,17.286545,1.5303947,4.92,4.57,13.263627,5.5748878,1444.0,-87.95,-91.53,-65.11,-4.99,769970.0,-51.28,-18.83,-23.71,-18.65,0.48,34.0,-14.58,0.75,-7.11,0.81974745,1.722616e-05,2.9861577,3,LightGBM+RNN+LSTM
[LN1884   ] [chunk_19_phase_5_optimization.py] [info] 713,16.287838,1.7227666,5.05,4.7,11.405552,3.742894,2688.0,-62.07,-63.44,-54.1,-58.89,163290.0,-28.38,-15.65,-8.02,-8.5,0.36,33.96,-2.08,0.55,-7.02,1.2557129,6.9848444e-05,2.72817,3,LightGBM+RNN+LSTM
[LN1885   ] [chunk_19_phase_5_optimization.py] [info] 714,22.734161,4.860355,170.06,168.03,13.254379,5.306682,1410.0,11.34,20.94,-2.58,2.88,649290.0,2.24,-7.11,-8.54,-5.26,5.69,39.72,-1.58,0.88,-1.19,31.66385,2.041365e-05,34.57155,3,LightGBM+RNN+LSTM
[LN1886   ] [chunk_19_phase_5_optimization.py] [info] 715,19.310175,1.609438,8.11,7.82,10.928704,5.120983,673.0,-36.4,-28.84,-44.04,-31.34,152770.0,-57.8,-20.26,-14.07,-19.7,1.11,37.09,-18.12,0.36,-3.58,1.5270505,7.153698e-05,4.858839,3,LightGBM+RNN+LSTM
[LN1887   ] [chunk_19_phase_5_optimization.py] [info] 716,22.950048,4.9496813,199.213,199.333,12.570487,5.5748878,3324.0,34.8,93.97,21.6,34.7,364310.0,39.03,-2.66,-6.18,-4.7,5.69,41.31,-4.04,0.79,-3.27,35.755516,3.450492e-05,40.271885,3,LightGBM+RNN+LSTM
[LN1888   ] [chunk_19_phase_5_optimization.py] [info] 717,15.904902,1.5748465,4.82,4.66,9.425049,3.0910425,1167.0,-60.3,-47.36,-34.99,-37.88,53330.0,-18.55,-5.69,-16.95,-15.41,0.4,34.96,-17.83,0.23,-3.34,1.507582,0.00017673071,2.9590185,3,LightGBM+RNN+LSTM
[LN1889   ] [chunk_19_phase_5_optimization.py] [info] 718,23.149837,4.9496813,157.0,155.72,13.628396,5.2832036,2871.0,-11.17,-15.81,-8.85,-9.75,933980.0,-11.7,-0.32,2.79,2.88,2.81,55.31,1.82,0.89,-0.82,29.47454,1.4591743e-05,31.46061,3,LightGBM+RNN+LSTM
[LN1890   ] [chunk_19_phase_5_optimization.py] [info] 719,21.801676,4.9496813,173.37,164.98,12.848784,5.500033,5447.0,-3.57,-14.76,-11.27,-4.22,108630.0,-5.45,-3.28,-1.26,-0.31,5.47,46.81,2.04,2.44,-4.84,29.996183,0.00011828025,33.331436,3,LightGBM+RNN+LSTM
[LN1891   ] [chunk_19_phase_5_optimization.py] [info] 720,16.068905,0.2390169,0.53,0.54,6.324359,2.008214,1787.0,-87.95,-91.53,-75.8886,-74.63,6650000.0,-60.19,-35.48,-16.17,-1.07,0.03,24.91,-2.28,0.01,0.0,0.26889563,9.5103144e-07,2.2592545,3,LightGBM+RNN+LSTM
[LN1892   ] [chunk_19_phase_5_optimization.py] [info] 721,20.395567,4.408547,131.08,128.44,11.2835245,5.313206,2512.0,-4.02,-37.72,8.85,32.52,103970.0,7.99,-7.2,-5.17,1.44,5.69,47.84,1.73,0.76,-2.01,24.173729,0.000108526736,29.134317,3,LightGBM+RNN+LSTM
[LN1893   ] [chunk_19_phase_5_optimization.py] [info] 722,21.28288,3.8097687,47.32,46.36,13.1274805,4.574505,3787.0,-40.19,-46.71,-30.79,-40.72,620100.0,-23.21,-9.07,-8.87,-3.14,1.57,36.92,-2.03,0.81,-2.03,10.13443,2.116994e-05,12.168717,3,LightGBM+RNN+LSTM
[LN1894   ] [chunk_19_phase_5_optimization.py] [info] 723,24.453287,4.9496813,199.213,199.333,12.9951,5.5748878,3509.0,-10.21,-10.77,-4.59,1.54,714910.0,-1.38,-4.03,-4.89,-2.52,5.69,39.9,1.01,0.62,0.21,35.755516,1.8177254e-05,40.271885,3,LightGBM+RNN+LSTM
[LN1895   ] [chunk_19_phase_5_optimization.py] [info] 724,22.279303,4.9496813,199.213,199.333,11.744299,5.5748878,119.0,-0.85,4.78,-1.36,8.78,173830.0,1.39,-2.33,-0.54,-1.79,5.69,45.89,-1.46,0.73,-3.15,35.755516,6.756198e-05,40.271885,3,LightGBM+RNN+LSTM
[LN1896   ] [chunk_19_phase_5_optimization.py] [info] 725,21.932226,4.8205233,185.7,178.81,13.654527,5.5748878,4512.0,-54.57,-49.56,-26.1,2.48,1110000.0,-15.95,-16.24,-18.14,-6.31,5.69,38.62,1.27,0.76,-3.71,32.07419,1.2301376e-05,37.093483,3,LightGBM+RNN+LSTM
[LN1897   ] [chunk_19_phase_5_optimization.py] [info] 726,15.605602,0.32930374,0.53,0.54,12.376477,2.1972246,713.0,-87.95,0.0,-75.8886,-74.63,692470.0,-42.78,-16.3,-18.66,-13.63,0.06,35.12,-10.11,0.34,-4.17,0.24576458,1.7872944e-05,1.6398234,3,LightGBM+RNN+LSTM
[LN1898   ] [chunk_19_phase_5_optimization.py] [info] 727,20.471968,0.7030975,1.79,1.69,11.562639,2.8039663,4931.0,-75.29,-86.38,-64.3,-62.78,406680.0,-60.19,-6.83,-26.2,-14.37,0.21,37.07,-11.05,0.26,-5.59,0.60271764,2.8431787e-05,2.4036496,3,LightGBM+RNN+LSTM
[LN1899   ] [chunk_19_phase_5_optimization.py] [info] 728,18.041176,0.72270596,3.34,3.3,7.550135,2.1365304,3898.0,115.5665,136.56,-10.23,-7.59,37270.0,-40.54,-13.13,-19.12,-13.53,0.28,31.49,-14.29,0.05,-1.2,1.5445602,0.00020257942,4.566172,3,LightGBM+RNN+LSTM
[LN1900   ] [chunk_19_phase_5_optimization.py] [info] 729,24.36976,4.9496813,199.213,199.333,12.398736,5.5748878,2440.0,33.57,21.62,11.87,28.46,367350.0,-1.91,0.54,0.27,0.73,5.69,52.81,3.32,0.66,1.79,35.755516,3.3751836e-05,40.271885,3,LightGBM+RNN+LSTM
[LN1901   ] [chunk_19_phase_5_optimization.py] [info] 730,24.368977,4.9496813,199.213,199.333,12.32462,5.5748878,2441.0,33.09,22.02,10.46,24.54,188570.0,-2.35,-0.28,-0.81,-0.07,5.69,50.41,3.39,1.19,1.71,35.755516,6.535833e-05,40.271885,3,LightGBM+RNN+LSTM
[LN1902   ] [chunk_19_phase_5_optimization.py] [info] 731,15.477541,0.8329091,1.48,1.49,11.392778,3.0955777,1879.0,-87.69,-91.53,-48.32,-40.4,379720.0,-21.58,-25.01,-28.71,-3.34,0.21,42.89,-0.67,0.23,0.68,0.48133183,3.0003102e-05,1.7889106,3,LightGBM+RNN+LSTM
[LN1903   ] [chunk_19_phase_5_optimization.py] [info] 732,18.794655,1.3110318,3.19,2.94,11.694747,2.0769384,866.0,-52.43,-43.13,-24.11,-14.78,153270.0,-31.94,-5.85,-1.34,0.27,0.16,46.18,1.38,0.78,-7.84,1.4155451,7.630161e-05,2.2425084,3,LightGBM+RNN+LSTM
[LN1904   ] [chunk_19_phase_5_optimization.py] [info] 733,24.625643,4.9496813,199.213,199.333,14.345096,5.5748878,270.0,13.56,-7.98,1.95,6.51,2260000.0,-4.07,2.77,3.2,1.32,5.69,54.47,-0.45,0.75,-1.71,35.755516,6.3473876e-06,40.271885,3,LightGBM+RNN+LSTM
[LN1905   ] [chunk_19_phase_5_optimization.py] [info] 734,16.496532,1.408545,4.91,4.55,11.325969,5.4310985,2376.0,-87.95,-91.53,-46.49,-32.17,305900.0,-18.46,6.93,15.48,4.36,0.56,50.9,-9.36,0.27,-7.33,0.8377679,3.702507e-05,3.2302837,3,LightGBM+RNN+LSTM
[LN1906   ] [chunk_19_phase_5_optimization.py] [info] 735,22.792658,4.9496813,199.213,199.333,12.198152,5.5748878,5578.0,30.81,31.43,18.57,39.82,184600.0,12.25,4.64,6.55,1.04,5.69,54.47,-2.14,1.07,-3.23,35.755516,6.607883e-05,40.271885,3,LightGBM+RNN+LSTM
[LN1907   ] [chunk_19_phase_5_optimization.py] [info] 736,24.625643,4.9496813,199.213,199.333,14.086631,5.5748878,1952.0,-15.34,-11.4,1.1,10.42,1970000.0,-2.07,2.32,1.89,0.02,5.69,52.83,0.53,0.67,-0.52,35.755516,7.150574e-06,40.271885,3,LightGBM+RNN+LSTM
[LN1908   ] [chunk_19_phase_5_optimization.py] [info] 737,15.600581,0.87962675,2.51,2.29,10.471808,3.1337535,5563.0,-58.51,-59.4,-23.0,12.25,311110.0,3.62,-19.39,-33.2186,-19.83,0.34,36.42,-18.12,0.11,-8.65,0.73075306,3.3659504e-05,2.6033769,3,LightGBM+RNN+LSTM
[LN1909   ] [chunk_19_phase_5_optimization.py] [info] 738,19.555143,2.711378,16.4,15.75,8.97803,3.2876554,3419.0,-28.34,-28.38,-10.49,-3.37,17150.0,-9.12,-9.99,-17.88,-7.78,0.73,35.44,-0.57,0.46,-3.96,4.790648,0.00052350026,5.8088546,3,LightGBM+RNN+LSTM
[LN1910   ] [chunk_19_phase_5_optimization.py] [info] 739,16.460976,0.88376755,1.91,1.87,11.471249,3.824284,712.0,-87.95,-91.53,-75.8886,-74.63,292080.0,-60.19,3.98,1.63,-2.81,0.15,43.75,-4.59,0.33,-2.09,0.4889804,3.927434e-05,2.115941,3,LightGBM+RNN+LSTM
[LN1911   ] [chunk_19_phase_5_optimization.py] [info] 740,21.08791,3.97293,60.13,58.88,11.434899,4.235844,4976.0,0.86,-1.16,-3.84,0.22,77980.0,-3.32,-5.03,-5.96,-1.91,1.39,42.14,2.31,1.19,-2.08,13.900417,0.00014663886,14.820296,3,LightGBM+RNN+LSTM
[LN1912   ] [chunk_19_phase_5_optimization.py] [info] 741,15.758559,1.4398351,4.14,3.96,11.223309,3.9908342,1018.0,-85.61,-42.86,-51.76,-74.61,34920.0,-9.74,-1.2,-7.26,-8.05,0.34,43.02,-8.55,2.14,-4.23,0.99227375,0.00032140058,2.750315,3,LightGBM+RNN+LSTM
[LN1913   ] [chunk_19_phase_5_optimization.py] [info] 742,15.088077,0.78845733,1.33,1.26,10.610883,4.6780486,5078.0,-87.95,-91.53,-75.8886,-74.63,180090.0,-50.97,-23.3,-16.0,-12.42,0.11,34.18,-5.97,0.23,-5.12,0.26934305,5.891989e-05,1.5980573,3,LightGBM+RNN+LSTM
[LN1914   ] [chunk_19_phase_5_optimization.py] [info] 743,20.027897,4.9496813,199.213,199.333,9.71776,5.5748878,2807.0,11.63,17.48,13.84,14.3,30540.0,26.12,3.88,2.3,0.31,5.69,55.23,1.22,0.54,-0.29,35.755516,0.00031819777,40.271885,3,LightGBM+RNN+LSTM
[LN1915   ] [chunk_19_phase_5_optimization.py] [info] 744,15.150512,1.1631508,2.7,2.55,10.305815,2.9861867,5628.0,-70.24,-85.25,-50.19,-58.06,1140000.0,-42.15,-4.09,5.81,-2.07,0.22,46.22,-4.14,0.03,-5.56,0.85393184,9.040188e-06,2.192321,3,LightGBM+RNN+LSTM
[LN1916   ] [chunk_19_phase_5_optimization.py] [info] 745,18.470232,1.4231083,3.19,2.83,10.035173,2.2407098,2516.0,-49.01,-46.1,-43.85,-54.57,9880.0,-29.78,-24.32,-26.11,-17.15,0.22,24.91,-14.35,2.31,-8.65,1.2629927,0.0010157059,1.9886048,3,LightGBM+RNN+LSTM
[LN1917   ] [chunk_19_phase_5_optimization.py] [info] 746,17.097174,0.37843645,0.56,0.55,11.227866,1.3001916,124.0,-40.82,-67.62,-25.68,-21.37,5260000.0,-40.82,-21.95,-33.2186,-13.26,0.06,37.72,-8.28,0.01,-1.42,0.42301455,2.1345754e-06,1.4533484,3,LightGBM+RNN+LSTM
[LN1918   ] [chunk_19_phase_5_optimization.py] [info] 747,23.575129,4.9496813,199.213,199.333,14.477498,5.5748878,3117.0,-19.08,-18.24,-14.77,-3.08,410190.0,-25.8,-10.61,-7.08,-7.29,5.69,35.07,-6.44,2.44,-8.65,35.755516,3.5294615e-05,40.271885,3,LightGBM+RNN+LSTM
[LN1919   ] [chunk_19_phase_5_optimization.py] [info] 748,18.547842,0.9122827,1.76,1.75,11.05911,3.5536323,5657.0,-84.37,-83.49,-75.8886,-74.63,1780000.0,-23.91,1.08,8.02,0.23,0.15,46.78,-2.23,0.04,-0.57,0.49245387,6.2129834e-06,1.918265,3,LightGBM+RNN+LSTM
[LN1920   ] [chunk_19_phase_5_optimization.py] [info] 749,18.551357,1.0296195,2.25,2.23,11.8880825,2.104134,2573.0,-45.48,-59.67,-29.04,-47.28,389900.0,-21.75,-14.14,-13.23,-9.52,0.14,37.52,-7.08,0.37,-0.89,1.0598184,3.049008e-05,2.1658487,3,LightGBM+RNN+LSTM
[LN1921   ] [chunk_19_phase_5_optimization.py] [info] 750,22.249323,4.9496813,169.41,167.06,11.22153,5.3163047,3590.0,-3.51,-2.87,-5.39,-12.23,128830.0,-7.58,-4.85,-4.21,-0.33,3.18,42.36,1.11,0.58,-1.39,31.424084,8.710339e-05,33.751667,3,LightGBM+RNN+LSTM
[LN1922   ] [chunk_19_phase_5_optimization.py] [info] 751,15.764274,1.7917595,6.13,5.89,11.795153,4.060443,4711.0,-84.46,-81.36,-66.32,-64.84,464430.0,-46.45,-21.98,-15.98,0.66,1.05,44.77,-18.12,0.29,-3.92,1.4505806,2.5397052e-05,3.2872715,3,LightGBM+RNN+LSTM
[LN1923   ] [chunk_19_phase_5_optimization.py] [info] 752,24.625643,4.9496813,199.213,199.333,13.981135,5.5748878,4945.0,-3.08,-7.74,-5.86,0.3,1420000.0,-9.77,-6.41,-1.64,0.18,5.69,42.52,2.26,0.83,0.62,35.755516,9.8458695e-06,40.271885,3,LightGBM+RNN+LSTM
[LN1924   ] [chunk_19_phase_5_optimization.py] [info] 753,24.625643,4.640344,126.53,123.05,15.022889,5.2496,351.0,-25.5,-15.0,-12.51,-7.7,3500000.0,-18.58,-7.46,-10.29,-2.82,4.26,41.18,1.83,0.96,-2.75,23.439882,4.2922543e-06,26.51743,3,LightGBM+RNN+LSTM
[LN1925   ] [chunk_19_phase_5_optimization.py] [info] 754,24.625643,4.9496813,199.213,199.333,13.561434,5.5748878,4319.0,2.28,-7.71,4.06,4.25,830580.0,6.44,5.0,9.11,2.82,5.02,61.87,-0.15,0.93,-1.48,35.755516,1.6327667e-05,40.271885,3,LightGBM+RNN+LSTM
[LN1926   ] [chunk_19_phase_5_optimization.py] [info] 755,15.088077,0.41871032,0.59,0.54,13.959022,2.1860514,5157.0,-87.95,0.0,-75.8886,0.0,1310000.0,-60.19,-35.48,-33.2186,-19.83,0.67,24.91,-2.8,0.88,-8.65,0.24702074,1.0655741e-05,1.2896744,3,LightGBM+RNN+LSTM
[LN1927   ] [chunk_19_phase_5_optimization.py] [info] 756,23.116606,4.905645,169.88,165.83,13.06256,5.249705,4046.0,8.78,9.02,-0.73,4.88,230110.0,-5.25,-6.58,-4.65,-2.88,3.83,37.36,-2.01,2.05,-2.38,31.588444,5.6766592e-05,33.803913,3,LightGBM+RNN+LSTM
[LN1928   ] [chunk_19_phase_5_optimization.py] [info] 757,18.404247,1.5260563,4.12,3.96,12.277137,2.7186604,4441.0,-69.06,-62.75,-43.44,-59.34,651730.0,-33.78,-21.19,-27.34,-19.83,0.38,32.71,-18.12,0.33,-3.88,1.4565997,1.8837765e-05,2.594924,3,LightGBM+RNN+LSTM
[LN1929   ] [chunk_19_phase_5_optimization.py] [info] 758,16.202436,2.78192,17.2,15.28,10.439484,4.4218483,2014.0,-61.96,-75.66,-39.87,-28.78,44820.0,-38.11,-29.01,-33.2186,-18.96,2.5,37.92,-18.12,0.76,-8.65,3.4555688,0.00023292021,5.4926095,3,LightGBM+RNN+LSTM
[LN1930   ] [chunk_19_phase_5_optimization.py] [info] 759,22.95328,4.9496813,199.213,199.333,10.740215,5.56195,4041.0,23.72,26.43,0.16,6.21,78820.0,-3.32,-9.75,-12.04,-4.61,5.67,34.21,-2.57,0.59,0.46,35.838688,0.00013626256,40.271885,3,LightGBM+RNN+LSTM
[LN1931   ] [chunk_19_phase_5_optimization.py] [info] 760,23.66823,4.9496813,199.213,199.333,13.918,5.5748878,2805.0,-48.18,-52.73,-34.93,-38.24,1510000.0,-29.51,1.17,-2.69,0.51,5.69,50.99,6.01,0.73,-2.77,35.755516,9.217219e-06,40.271885,3,LightGBM+RNN+LSTM
[LN1932   ] [chunk_19_phase_5_optimization.py] [info] 761,23.091639,4.9496813,199.213,199.333,12.437224,5.4447956,191.0,-0.77,8.85,3.92,9.52,375370.0,13.58,-1.07,-1.68,-1.78,3.96,46.8,1.87,0.67,0.67,36.60982,3.3133238e-05,40.271885,3,LightGBM+RNN+LSTM
[LN1933   ] [chunk_19_phase_5_optimization.py] [info] 762,15.126543,0.6981347,1.16,1.14,11.146229,2.3418057,3589.0,-73.3,-37.02,-18.84,-22.45,279530.0,-16.79,-6.14,-8.06,-5.53,0.06,40.43,-2.56,0.25,-1.72,0.4868038,3.9874893e-05,1.6329226,3,LightGBM+RNN+LSTM
[LN1934   ] [chunk_19_phase_5_optimization.py] [info] 763,23.227976,4.9496813,199.213,199.333,12.218514,5.5748878,1874.0,14.39,10.85,19.17,69.31,450760.0,5.51,-2.81,-10.6,-2.19,5.69,44.65,-2.07,0.45,-0.98,35.755516,2.7106476e-05,40.271885,3,LightGBM+RNN+LSTM
[LN1935   ] [chunk_19_phase_5_optimization.py] [info] 764,18.404755,0.79299253,2.02,2.05,12.6911955,1.4678743,1521.0,15.82,10.81,-11.99,30.57,234430.0,-26.26,-21.23,-28.82,-12.15,0.14,28.94,-0.49,1.39,1.49,1.3965772,5.41364e-05,2.5851443,3,LightGBM+RNN+LSTM
[LN1936   ] [chunk_19_phase_5_optimization.py] [info] 765,21.745716,3.1018925,23.42,22.68,13.119626,3.437208,5471.0,-3.74,4.32,-9.12,-11.34,203840.0,-7.65,-4.23,-4.59,-2.93,0.62,41.08,0.13,2.44,-3.16,6.598379,6.436237e-05,7.3116655,3,LightGBM+RNN+LSTM
[LN1937   ] [chunk_19_phase_5_optimization.py] [info] 766,17.88505,2.494857,13.11,13.01,8.002025,3.228826,5226.0,2.6,-40.78,-27.41,-41.79,8310.0,-22.56,-24.41,-24.14,-14.02,0.69,24.91,-9.84,0.36,-0.76,4.029328,0.00096293923,5.214728,3,LightGBM+RNN+LSTM
[LN1938   ] [chunk_19_phase_5_optimization.py] [info] 767,20.752825,2.8057816,17.76,17.51,6.4361506,3.4339871,2437.0,-39.12,12.68,-19.39,-31.2,7400.0,-6.36,-8.79,-7.87,-4.45,0.44,38.35,-1.68,0.17,-1.43,5.099029,0.00086975005,6.240685,3,LightGBM+RNN+LSTM
[LN1939   ] [chunk_19_phase_5_optimization.py] [info] 768,20.962282,4.4809666,132.19,128.6,11.212685,4.917935,657.0,33.77,44.36,14.01,19.07,100080.0,1.8,1.33,3.45,1.17,5.04,51.91,6.25,0.74,-2.72,26.149187,0.00011203722,28.699165,3,LightGBM+RNN+LSTM
[LN1940   ] [chunk_19_phase_5_optimization.py] [info] 769,19.964725,1.141033,2.41,2.37,11.232047,5.5748878,2238.0,-87.95,-91.53,-75.8886,-74.63,540080.0,-60.19,-21.9,-8.14,-7.89,0.58,27.33,-5.95,0.14,-1.66,0.42512065,2.0797006e-05,2.0770652,3,LightGBM+RNN+LSTM
[LN1941   ] [chunk_19_phase_5_optimization.py] [info] 770,16.085573,1.0224509,3.05,2.83,11.052793,3.056357,119.0,-68.98,-86.56,-23.29,-2.08,865560.0,-30.64,-18.04,-13.72,-18.68,0.48,39.04,-17.97,0.07,-7.21,0.92593896,1.2769528e-05,2.767859,3,LightGBM+RNN+LSTM
[LN1942   ] [chunk_19_phase_5_optimization.py] [info] 771,15.088077,0.3074847,1.08,0.75,14.932005,2.064328,1672.0,-82.23,0.0,-69.64,-74.63,4550000.0,-0.56,11.82,1.57,-1.73,0.19,47.39,-18.12,0.67,-8.65,0.36331436,3.2817593e-06,2.4391456,3,LightGBM+RNN+LSTM
[LN1943   ] [chunk_19_phase_5_optimization.py] [info] 772,17.863287,1.796747,5.21,4.98,10.946728,2.6282852,4882.0,-48.13,-57.4,-38.26,-52.62,71460.0,-39.64,-15.87,-24.72,-11.29,0.29,30.43,-6.04,0.79,-4.41,1.8947715,0.00015318679,2.7716756,3,LightGBM+RNN+LSTM
[LN1944   ] [chunk_19_phase_5_optimization.py] [info] 773,15.941359,0.24686007,0.53,0.54,14.048105,2.0268316,1582.0,-77.5,-86.3,-46.34,-41.88,2370000.0,-35.71,-6.54,-1.35,6.95,0.05,50.32,8.89,0.53,-6.12,0.2664257,5.9274707e-06,2.187474,3,LightGBM+RNN+LSTM
[LN1945   ] [chunk_19_phase_5_optimization.py] [info] 774,24.576387,4.9496813,199.213,199.333,14.275328,5.5748878,5359.0,38.83,64.59,13.93,19.81,1630000.0,13.2,3.5,1.7,-0.72,5.47,51.48,-2.27,0.97,-1.81,35.755516,8.757869e-06,40.271885,3,LightGBM+RNN+LSTM
[LN1946   ] [chunk_19_phase_5_optimization.py] [info] 775,22.62984,4.9432125,199.213,199.333,12.423226,5.5260506,269.0,28.11,21.73,22.25,49.34,192980.0,12.19,1.51,-2.04,-0.6,5.69,50.17,-0.78,1.29,-0.79,36.071514,6.4375716e-05,40.324585,3,LightGBM+RNN+LSTM
[LN1947   ] [chunk_19_phase_5_optimization.py] [info] 776,22.451376,4.9496813,199.213,199.333,11.572156,5.5748878,925.0,6.8,5.48,1.29,8.27,118730.0,-2.36,1.28,1.91,3.33,5.69,53.69,2.09,0.89,-0.09,35.755516,9.746615e-05,40.271885,3,LightGBM+RNN+LSTM
[LN1948   ] [chunk_19_phase_5_optimization.py] [info] 777,24.625643,4.9496813,199.213,199.333,14.279681,5.5748878,5657.0,-5.89,-0.67,0.15,7.99,3290000.0,2.38,4.34,1.04,2.03,5.69,56.36,3.44,0.48,-1.16,35.755516,4.3403284e-06,40.271885,3,LightGBM+RNN+LSTM
[LN1949   ] [chunk_19_phase_5_optimization.py] [info] 778,17.589191,0.2390169,0.53,0.54,14.746345,1.068153,2682.0,-69.64,-87.48,-49.52,-63.68,8470000.0,-17.92,-11.73,-16.91,-9.83,0.03,41.88,-18.12,0.14,-6.58,0.5055455,1.7410089e-06,2.2592545,3,LightGBM+RNN+LSTM
[LN1950   ] [chunk_19_phase_5_optimization.py] [info] 779,19.953842,3.2172744,28.0,26.25,12.180381,3.66048,4160.0,-18.1,-7.73,-8.78,-5.1,119490.0,-0.57,-6.6,-7.64,-4.56,0.95,40.78,0.11,1.63,-6.25,7.1711907,0.0001019364,8.15908,3,LightGBM+RNN+LSTM
[LN1951   ] [chunk_19_phase_5_optimization.py] [info] 780,23.116606,4.9496813,199.213,199.333,12.206497,5.5748878,548.0,22.31,16.18,19.63,52.57,292550.0,20.23,4.91,5.57,0.82,5.69,54.2,-2.36,0.68,-2.09,35.755516,4.1724485e-05,40.271885,3,LightGBM+RNN+LSTM
[LN1952   ] [chunk_19_phase_5_optimization.py] [info] 781,17.153414,0.9516579,1.76,1.65,10.204592,3.4965076,3998.0,-86.34,-91.53,-50.07,-26.31,39970.0,-42.24,-31.2,-32.39,-17.88,0.18,32.39,-12.7,0.68,-6.25,0.47189945,0.00025530628,1.7338164,3,LightGBM+RNN+LSTM
[LN1953   ] [chunk_19_phase_5_optimization.py] [info] 782,15.088077,0.5481214,0.76,0.71,11.04551,1.2781522,4361.0,-46.65,-42.32,-37.84,-37.64,144420.0,-39.36,-34.06,-26.07,-19.83,0.08,26.7,-18.12,0.43,-7.15,0.5554894,7.648186e-05,1.2953334,3,LightGBM+RNN+LSTM
[LN1954   ] [chunk_19_phase_5_optimization.py] [info] 783,15.088077,1.408545,3.14,3.03,10.8267145,5.176037,3825.0,-87.95,-91.53,-75.8886,-74.63,225530.0,-60.19,-27.87,-15.83,-11.9,0.27,30.26,-11.4,0.22,-3.5,0.58539,4.800565e-05,2.151156,3,LightGBM+RNN+LSTM
[LN1955   ] [chunk_19_phase_5_optimization.py] [info] 784,24.625643,4.9496813,199.213,199.333,14.009203,5.5748878,1115.0,10.48,-4.73,-0.46,-9.12,1650000.0,2.94,2.08,4.68,1.79,5.69,54.97,4.81,0.74,-0.91,35.755516,8.490426e-06,40.271885,3,LightGBM+RNN+LSTM
[LN1956   ] [chunk_19_phase_5_optimization.py] [info] 785,22.793919,3.8893683,57.27,52.63,15.029434,4.7791233,752.0,-22.6,0.0,-14.23,0.0,6270000.0,0.0,-14.23,-24.26,-14.64,4.83,37.37,-10.26,0.54,-8.1,11.01248,2.397039e-06,13.53176,3,LightGBM+RNN+LSTM
[LN1957   ] [chunk_19_phase_5_optimization.py] [info] 786,16.410765,0.33647224,0.53,0.54,14.723969,1.5432981,4427.0,-76.36,-78.95,-75.8886,-74.63,4810000.0,-60.19,-35.48,-33.2186,-19.83,0.08,24.91,-18.12,0.52,-8.65,0.34989998,3.0611163e-06,1.6048872,3,LightGBM+RNN+LSTM
[LN1958   ] [chunk_19_phase_5_optimization.py] [info] 787,23.3751,4.9496813,199.213,199.333,12.960674,5.5748878,1351.0,-10.06,-29.6,-9.65,-7.81,519770.0,-22.77,-6.67,-1.2,1.05,5.69,46.46,0.12,0.82,-1.05,35.755516,2.4935403e-05,40.271885,3,LightGBM+RNN+LSTM
[LN1959   ] [chunk_19_phase_5_optimization.py] [info] 788,15.088077,0.5187938,1.22,1.19,11.711326,1.8900954,5625.0,45.12,-5.56,-51.12,-59.36,1670000.0,-41.23,-21.4,-33.2186,-16.23,0.15,38.13,-6.3,0.07,-2.46,0.62959784,7.01277e-06,2.2937822,3,LightGBM+RNN+LSTM
[LN1960   ] [chunk_19_phase_5_optimization.py] [info] 789,15.088077,0.91629076,1.51,1.43,12.742341,2.7472708,502.0,-83.5,-87.72,-67.61,-57.44,2330000.0,-60.19,-33.21,-33.2186,-19.83,0.19,29.39,-18.12,0.15,-5.3,0.5205166,5.4688157e-06,1.56064,3,LightGBM+RNN+LSTM
[LN1961   ] [chunk_19_phase_5_optimization.py] [info] 790,18.315653,0.9477894,1.79,1.79,10.946657,1.7351891,3733.0,-45.26,-56.34,-22.48,-7.73,97650.0,-17.89,-18.15,-19.0,-6.62,0.12,34.11,-1.1,0.58,0.0,1.0315878,0.00011210095,1.8886052,3,LightGBM+RNN+LSTM
[LN1962   ] [chunk_19_phase_5_optimization.py] [info] 791,24.625643,4.9496813,199.213,199.333,14.83143,5.5748878,2435.0,-1.02,-5.26,0.79,7.06,3460000.0,2.58,-4.4,-6.04,-1.41,5.69,39.67,-0.61,0.8,-1.01,35.755516,4.2865404e-06,40.271885,3,LightGBM+RNN+LSTM
[LN1963   ] [chunk_19_phase_5_optimization.py] [info] 792,23.183708,4.9496813,199.213,199.333,12.833564,5.5748878,4072.0,-1.28,21.98,-9.25,-7.7,670410.0,-14.96,-5.97,-7.88,-0.94,4.7,42.57,1.43,0.56,-2.18,35.755516,1.9142857e-05,40.271885,3,LightGBM+RNN+LSTM
[LN1964   ] [chunk_19_phase_5_optimization.py] [info] 793,16.735981,0.2390169,0.53,0.54,15.969002,1.0224509,119.0,-87.01,-91.5,-75.41,-73.74,8470000.0,-60.19,-32.51,-33.2186,-19.83,0.04,40.2,-18.12,0.84,-3.45,0.5281427,1.8853603e-06,2.2592545,3,LightGBM+RNN+LSTM
[LN1965   ] [chunk_19_phase_5_optimization.py] [info] 794,16.348413,0.7323679,1.2,1.18,11.732519,2.104134,190.0,-79.51,-75.73,-60.18,-67.79,238950.0,-39.38,-17.98,-29.64,-5.36,0.14,41.98,-16.05,0.52,-1.5,0.56080073,4.910031e-05,1.611212,3,LightGBM+RNN+LSTM
[LN1966   ] [chunk_19_phase_5_optimization.py] [info] 795,15.707115,0.47623417,0.95,0.9,11.346587,2.3513753,1392.0,-78.31,0.0,-75.8886,-74.63,2370000.0,-60.19,-35.32,-21.05,-11.26,0.15,34.28,-10.0,0.04,-5.26,0.3827547,4.7875897e-06,1.8898265,3,LightGBM+RNN+LSTM
[LN1967   ] [chunk_19_phase_5_optimization.py] [info] 796,24.381685,4.9496813,199.213,199.333,13.505751,5.5748878,5575.0,14.17,12.21,9.46,20.09,815260.0,8.2,-0.93,-1.32,-2.47,5.69,43.79,-3.11,0.9,-1.31,35.755516,1.6566188e-05,40.271885,3,LightGBM+RNN+LSTM
[LN1968   ] [chunk_19_phase_5_optimization.py] [info] 797,18.350687,0.36464313,1.22,1.11,10.474185,1.3937664,5015.0,-9.76,-28.39,6.8,23.13,1450000.0,48.0,-5.72,-15.91,-16.84,0.14,40.67,-17.78,0.02,-8.65,0.79640317,7.2235757e-06,3.0440722,3,LightGBM+RNN+LSTM
[LN1969   ] [chunk_19_phase_5_optimization.py] [info] 798,15.646491,0.96317434,2.32,2.1,11.917203,2.751748,1764.0,-74.2,-21.26,-35.2,-42.78,354710.0,-4.55,-5.3,-1.41,-11.95,0.21,41.09,-14.98,0.42,-8.65,0.7631513,3.3597033e-05,2.1802907,3,LightGBM+RNN+LSTM
[LN1970   ] [chunk_19_phase_5_optimization.py] [info] 799,24.625643,4.9496813,199.213,199.333,13.932195,5.5748878,3785.0,20.93,14.37,10.68,25.21,2100000.0,0.51,-0.71,-3.24,-3.32,4.39,38.97,-1.62,0.54,-1.66,35.755516,6.634378e-06,40.271885,3,LightGBM+RNN+LSTM
[LN1971   ] [chunk_19_phase_5_optimization.py] [info] 800,20.690733,4.663345,179.6,177.75,10.22861,5.228324,5657.0,58.08,48.96,18.44,37.21,48710.0,14.81,3.03,1.33,1.39,5.69,53.35,-0.85,0.57,-1.03,33.99751,0.00020998994,38.116417,3,LightGBM+RNN+LSTM
[LN1972   ] [chunk_19_phase_5_optimization.py] [info] 801,15.088077,0.53649336,0.73,0.71,9.715953,1.856298,4064.0,-78.37,0.0,-46.31,0.0,1420000.0,-60.19,-35.48,-33.2186,-19.83,0.11,30.75,-6.09,0.01,-1.57,0.3824817,6.84222e-06,1.3234087,3,LightGBM+RNN+LSTM
[LN1973   ] [chunk_19_phase_5_optimization.py] [info] 802,16.948393,0.5538851,0.86,0.8,13.288747,1.408545,1234.0,-44.07,-70.92,-42.2,-44.84,2930000.0,-50.93,-27.44,-5.92,-9.26,0.14,42.22,-12.11,0.2,-6.91,0.567962,4.5354086e-06,1.4443429,3,LightGBM+RNN+LSTM
[LN1974   ] [chunk_19_phase_5_optimization.py] [info] 803,16.602987,0.3920421,0.96,0.9,11.933634,1.4906543,5304.0,2.25,-47.37,5.28,57.21,4310000.0,28.76,-26.44,-20.35,-14.62,0.09,35.71,-18.12,0.04,-6.26,0.6037617,2.7688245e-06,2.295672,3,LightGBM+RNN+LSTM
[LN1975   ] [chunk_19_phase_5_optimization.py] [info] 804,15.752812,0.8197798,2.16,2.08,11.011654,2.348514,1440.0,-35.4,-16.8,-26.84,-29.49,359490.0,-31.13,-15.11,-31.13,-12.18,0.21,37.65,-12.24,0.17,-3.7,0.88566643,3.0631323e-05,2.5372665,3,LightGBM+RNN+LSTM
[LN1976   ] [chunk_19_phase_5_optimization.py] [info] 805,15.088077,0.2390169,0.53,0.54,12.728731,1.0224509,954.0,-87.95,-91.53,-75.8886,-74.63,8470000.0,-60.19,-35.48,-33.2186,-19.83,0.03,24.91,3.69,0.04,-8.65,0.5281427,1.5028018e-06,2.2592545,3,LightGBM+RNN+LSTM
[LN1977   ] [chunk_19_phase_5_optimization.py] [info] 806,15.691917,0.43825492,1.14,1.09,12.100112,5.5748878,4218.0,-87.95,0.0,-75.8886,-74.63,4170000.0,-21.58,0.41,0.93,-2.74,0.1,46.5,-2.68,0.04,-4.39,0.19551963,2.9017056e-06,2.4871368,3,LightGBM+RNN+LSTM
[LN1978   ] [chunk_19_phase_5_optimization.py] [info] 807,16.958801,1.8115621,8.19,7.43,10.866127,3.3178158,4063.0,-34.49,-36.87,-9.33,14.31,46600.0,-0.13,-2.51,-3.69,-9.58,0.6,42.21,-7.36,1.12,-8.65,2.2394252,0.0002331787,4.101433,3,LightGBM+RNN+LSTM
[LN1979   ] [chunk_19_phase_5_optimization.py] [info] 808,16.675995,0.85441536,1.67,1.58,6.324359,1.0612565,2243.0,2.28,17.06,1.68,0.02,14780.0,8.24,-3.96,-10.72,-3.76,0.07,43.27,-1.84,0.01,-5.37,1.4888012,0.0004278998,1.8492178,3,LightGBM+RNN+LSTM
[LN1980   ] [chunk_19_phase_5_optimization.py] [info] 809,21.870668,4.5224404,99.02,98.01,12.302977,5.0049524,2762.0,-25.47,-17.85,-19.38,-8.62,268620.0,-19.03,-6.21,-2.75,1.98,2.64,45.84,2.09,0.82,-1.02,19.582603,4.5800673e-05,21.671926,3,LightGBM+RNN+LSTM
[LN1981   ] [chunk_19_phase_5_optimization.py] [info] 810,18.752857,2.5152743,14.09,13.37,8.98907,2.7874773,4543.0,-5.51,2.85,-2.03,-3.67,20490.0,-6.31,-6.46,-7.6,-4.33,0.58,42.38,1.21,0.39,-5.11,4.7964516,0.00043870523,5.3155236,3,LightGBM+RNN+LSTM
[LN1982   ] [chunk_19_phase_5_optimization.py] [info] 811,23.944939,4.9496813,199.213,199.333,12.912881,5.5748878,2566.0,-31.71,-10.72,-18.1,-20.77,924030.0,-14.98,0.44,-7.67,3.38,5.69,52.9,9.96,0.44,1.34,35.755516,1.3974526e-05,40.271885,3,LightGBM+RNN+LSTM
[LN1983   ] [chunk_19_phase_5_optimization.py] [info] 812,20.478745,3.7143035,66.44,64.75,12.076175,4.7154584,3004.0,-28.52,-27.77,-8.44,6.04,250350.0,-28.34,-9.02,1.9,6.08,3.34,49.24,2.57,0.7,-2.54,13.731432,4.8237165e-05,17.43261,3,LightGBM+RNN+LSTM
[LN1984   ] [chunk_19_phase_5_optimization.py] [info] 813,22.94897,4.75359,191.84,187.4,13.108001,5.3489156,4968.0,28.78,14.29,16.42,45.13,364650.0,6.84,0.18,-0.11,0.72,5.18,51.61,1.18,1.35,-2.31,35.03514,3.59468e-05,39.422836,3,LightGBM+RNN+LSTM
[LN1985   ] [chunk_19_phase_5_optimization.py] [info] 814,21.349205,4.594109,130.31,126.06,11.675648,4.962285,3690.0,20.16,25.92,3.39,7.17,68530.0,-5.62,-5.15,-3.36,-3.77,3.73,42.6,3.09,1.72,-3.26,25.40362,0.0001703728,27.439487,3,LightGBM+RNN+LSTM
[LN1986   ] [chunk_19_phase_5_optimization.py] [info] 815,22.676294,4.9496813,199.213,199.333,10.972945,5.5748878,3662.0,42.05,42.95,14.39,30.29,89900.0,4.39,-7.35,-7.95,-7.08,5.69,34.52,-4.62,0.65,-1.1,35.755516,0.00012205724,40.271885,3,LightGBM+RNN+LSTM
[LN1987   ] [chunk_19_phase_5_optimization.py] [info] 816,16.642233,0.87962675,1.48,1.41,10.17873,1.6563215,2663.0,-34.75,-22.1,-37.44,-42.09,569010.0,-35.47,-23.8,-22.95,-14.75,0.14,35.43,-6.0,0.05,-4.73,0.851284,1.7888491e-05,1.6029526,3,LightGBM+RNN+LSTM
[LN1988   ] [chunk_19_phase_5_optimization.py] [info] 817,24.113739,4.9496813,199.213,199.333,13.247704,5.5748878,1742.0,46.05,46.1,29.96,72.58,568440.0,14.54,3.33,2.83,-0.9,5.69,49.79,-4.01,1.0,-3.92,35.755516,2.3305369e-05,40.271885,3,LightGBM+RNN+LSTM
[LN1989   ] [chunk_19_phase_5_optimization.py] [info] 818,24.625643,4.9496813,199.213,199.333,14.146908,5.5748878,3264.0,-3.31,1.79,2.28,14.15,1420000.0,-3.37,1.5,2.88,1.61,5.69,54.66,4.12,0.98,-0.87,35.755516,9.962611e-06,40.271885,3,LightGBM+RNN+LSTM
[LN1990   ] [chunk_19_phase_5_optimization.py] [info] 819,23.220594,4.613535,121.15,120.05,12.74129,4.928702,3039.0,-1.39,-11.62,-0.51,6.97,571480.0,-4.28,-2.73,-2.41,-0.47,2.33,45.44,1.64,0.6,-0.91,24.357327,2.2295251e-05,26.021261,3,LightGBM+RNN+LSTM
[LN1991   ] [chunk_19_phase_5_optimization.py] [info] 820,16.212496,1.541159,6.69,6.09,12.743367,2.7694588,591.0,-35.32,-52.41,5.34,10.16,20830.0,43.97,14.06,-10.44,4.65,0.39,54.87,7.79,2.44,-8.65,2.1989856,0.0006117795,3.9515712,3,LightGBM+RNN+LSTM
[LN1992   ] [chunk_19_phase_5_optimization.py] [info] 821,18.941437,1.2412686,2.87,2.74,10.52857,3.4499876,5657.0,-70.67,-40.27,-42.99,-40.64,33980.0,-23.4,-20.01,-25.07,-11.88,0.24,34.74,-6.4,1.1,-4.45,0.7942058,0.00030984607,2.2074192,3,LightGBM+RNN+LSTM
[LN1993   ] [chunk_19_phase_5_optimization.py] [info] 822,23.770641,4.9496813,197.38,196.1,13.834033,5.51359,4667.0,-3.78,-19.46,-9.39,-12.0,1120000.0,-16.17,-2.03,0.45,1.69,3.93,50.58,-0.67,0.91,-0.65,35.56666,1.2351815e-05,39.61871,3,LightGBM+RNN+LSTM
[LN1994   ] [chunk_19_phase_5_optimization.py] [info] 823,22.821283,4.8493705,132.69,131.98,12.993544,5.3065333,3691.0,-22.29,-25.9,-14.73,-14.59,659280.0,-18.74,-5.46,-13.29,-2.85,3.75,40.12,2.84,0.67,-0.54,24.871227,1.9708687e-05,27.215904,3,LightGBM+RNN+LSTM
[LN1995   ] [chunk_19_phase_5_optimization.py] [info] 824,16.263062,0.8197798,1.61,1.51,9.76457,1.9183921,4031.0,-63.23,-43.89,-37.21,10.42,57580.0,-27.86,-23.04,-29.86,-17.08,0.17,32.63,-15.83,0.3,-5.9,0.7871175,0.00016958266,1.8419579,3,LightGBM+RNN+LSTM
[LN1996   ] [chunk_19_phase_5_optimization.py] [info] 825,15.907374,1.1631508,3.51,3.24,11.5344715,4.081428,153.0,-84.81,-91.53,-68.86,-74.63,2560000.0,-39.29,2.5,-17.56,-10.88,0.42,44.73,-10.25,0.04,-7.69,0.79383975,4.505653e-06,2.7855372,3,LightGBM+RNN+LSTM
[LN1997   ] [chunk_19_phase_5_optimization.py] [info] 826,15.924511,0.3852624,0.53,0.54,11.7410965,1.332366,943.0,-70.3,-83.53,-56.06,-58.74,259900.0,-50.74,-21.4,-21.84,-13.69,0.03,28.91,-10.61,0.48,-3.29,0.40529403,4.517544e-05,1.4016421,3,LightGBM+RNN+LSTM
[LN1998   ] [chunk_19_phase_5_optimization.py] [info] 827,23.954071,4.9496813,199.213,199.333,13.206756,5.5748878,1439.0,50.44,67.08,27.0,50.25,1320000.0,33.53,6.28,4.05,1.35,5.69,57.91,2.51,0.41,-0.96,35.755516,1.0005118e-05,40.271885,3,LightGBM+RNN+LSTM
[LN1999   ] [chunk_19_phase_5_optimization.py] [info] 828,19.977625,2.398804,13.39,12.94,12.5886135,3.5189805,975.0,-50.0,-52.16,-23.69,-16.46,296160.0,-14.47,7.43,5.98,4.89,0.68,55.1,-0.38,0.99,-3.36,3.6772015,4.2506123e-05,5.394355,3,LightGBM+RNN+LSTM
[LN2000   ] [chunk_19_phase_5_optimization.py] [info] 829,23.380022,4.9496813,199.213,199.333,13.444153,5.5748878,1580.0,0.48,-2.21,-7.44,-13.57,663650.0,-13.13,-3.53,-0.83,0.18,5.69,47.05,1.15,1.04,-0.72,35.755516,2.0257896e-05,40.271885,3,LightGBM+RNN+LSTM
[LN2001   ] [chunk_19_phase_5_optimization.py] [info] 830,24.625643,4.9496813,199.213,199.333,14.049912,5.5748878,5468.0,29.79,9.82,18.44,41.24,509220.0,2.73,-4.31,-2.3,-6.5,5.69,38.39,-9.08,2.44,-7.79,35.755516,2.7591046e-05,40.271885,3,LightGBM+RNN+LSTM
[LN2002   ] [chunk_19_phase_5_optimization.py] [info] 831,17.365128,0.79750717,2.44,2.13,12.903568,2.2049723,4826.0,-15.48,-25.26,-11.33,18.99,632900.0,-35.84,-24.95,-18.7,-19.83,0.24,33.03,-18.12,0.63,-8.65,0.96599853,2.0388004e-05,2.6708221,3,LightGBM+RNN+LSTM
[LN2003   ] [chunk_19_phase_5_optimization.py] [info] 832,15.598902,0.79750717,1.48,1.45,11.459989,2.598979,5094.0,-77.52,-72.9,-34.61,-50.51,152120.0,10.69,1.81,4.32,-4.01,0.11,47.22,-3.33,0.62,-2.03,0.5579114,7.5335185e-05,1.8181654,3,LightGBM+RNN+LSTM
[LN2004   ] [chunk_19_phase_5_optimization.py] [info] 833,24.213694,4.9496813,199.213,199.333,13.859627,5.5748878,5609.0,-14.76,-12.42,-17.52,-18.54,1190000.0,-21.2,-7.54,-3.36,-3.13,5.18,36.54,2.5,0.88,-1.13,35.755516,1.1646745e-05,40.271885,3,LightGBM+RNN+LSTM
[LN2005   ] [chunk_19_phase_5_optimization.py] [info] 834,15.644887,0.49469623,0.82,0.76,12.665587,2.0781908,2798.0,-71.39,-83.34,-43.82,-35.09,6850000.0,-30.95,-31.0,-33.2186,-19.83,0.16,38.32,-10.01,0.05,-7.81,0.36570272,1.8489908e-06,1.5362962,3,LightGBM+RNN+LSTM
[LN2006   ] [chunk_19_phase_5_optimization.py] [info] 835,15.414898,0.8109302,1.59,1.53,11.336606,3.7612002,5574.0,-87.95,-91.53,-75.8886,-74.63,653450.0,-60.19,-1.58,8.51,1.56,0.12,44.22,-6.71,0.13,-3.77,0.40678504,1.734885e-05,1.8867221,3,LightGBM+RNN+LSTM
[LN2007   ] [chunk_19_phase_5_optimization.py] [info] 836,24.625643,4.9496813,199.213,199.333,15.086259,5.5748878,1036.0,56.48,29.58,19.48,66.85,2420000.0,8.83,3.98,3.98,-3.7,5.69,46.57,-13.34,1.47,-2.43,35.755516,6.2339914e-06,40.271885,3,LightGBM+RNN+LSTM
[LN2008   ] [chunk_19_phase_5_optimization.py] [info] 837,24.625643,4.9496813,199.213,199.333,14.691949,5.5748878,119.0,-20.37,-28.85,-8.17,-1.88,4310000.0,-4.48,0.72,0.24,2.28,5.69,55.11,7.56,0.56,0.01,35.755516,3.408805e-06,40.271885,3,LightGBM+RNN+LSTM
[LN2009   ] [chunk_19_phase_5_optimization.py] [info] 838,17.880083,1.4609379,3.6,3.57,9.291921,2.4680996,3908.0,-55.43,-49.78,-35.44,-32.85,13280.0,-24.14,-10.38,-17.01,-11.88,0.36,36.74,-1.78,0.82,-0.96,1.446457,0.0006996928,2.4436357,3,LightGBM+RNN+LSTM
[LN2010   ] [chunk_19_phase_5_optimization.py] [info] 839,16.483433,0.5007753,0.77,0.73,11.762688,1.6014057,3523.0,-40.02,-33.48,-26.72,-24.66,2290000.0,-21.37,-19.94,-24.54,-16.56,0.15,39.6,0.72,0.06,-4.43,0.4558495,5.1365446e-06,1.4577396,3,LightGBM+RNN+LSTM
[LN2011   ] [chunk_19_phase_5_optimization.py] [info] 840,24.625643,4.9496813,199.213,199.333,14.616698,5.5748878,4579.0,-7.67,-13.8,-12.66,-14.24,821520.0,-14.75,-6.55,-5.09,-4.95,5.69,33.84,-4.02,2.44,-5.7,35.755516,1.7792261e-05,40.271885,3,LightGBM+RNN+LSTM
[LN2012   ] [chunk_19_phase_5_optimization.py] [info] 841,17.87198,0.37843645,0.79,0.7,12.247771,1.2837077,1284.0,-39.74,-42.68,-13.52,21.55,2460000.0,-16.07,-35.48,-33.2186,-19.83,0.13,36.62,-7.47,0.08,-8.65,0.5452954,4.9787686e-06,1.8497162,3,LightGBM+RNN+LSTM
[LN2013   ] [chunk_19_phase_5_optimization.py] [info] 842,17.46461,2.00148,9.53,9.3,6.989335,3.0325463,564.0,-30.08,-32.36,-32.88,-41.51,14580.0,-35.85,2.13,9.54,-5.01,0.54,45.79,-2.72,0.07,-2.41,3.0667298,0.00047937827,4.6465616,3,LightGBM+RNN+LSTM
[LN2014   ] [chunk_19_phase_5_optimization.py] [info] 843,24.15822,4.3891263,163.59,160.42,14.88562,5.175924,3773.0,77.81,85.82,20.29,57.21,2580000.0,1.55,1.02,-4.19,-3.14,5.69,45.47,-6.37,1.13,-1.94,30.993502,5.76962e-06,36.549416,3,LightGBM+RNN+LSTM
[LN2015   ] [chunk_19_phase_5_optimization.py] [info] 844,19.673443,0.7839016,1.42,1.41,12.968469,1.508512,819.0,-55.52,-57.78,-26.7,-37.89,804710.0,-30.54,-7.1,-10.19,-2.32,0.07,43.65,0.71,0.53,-0.7,0.9346959,1.6115704e-05,1.7986952,3,LightGBM+RNN+LSTM
[LN2016   ] [chunk_19_phase_5_optimization.py] [info] 845,17.234549,1.6253113,33.51,27.0,10.723003,4.12277,3354.0,115.5665,144.143,38.24,149.1765,37970.0,2.62,-26.85,-30.2,-19.83,5.69,37.19,-18.12,1.2,-8.65,6.548995,0.00028240724,16.612202,3,LightGBM+RNN+LSTM
[LN2017   ] [chunk_19_phase_5_optimization.py] [info] 846,24.625643,4.9496813,191.19,190.3,14.639647,5.460989,293.0,3.76,-14.07,-7.53,-9.77,2790000.0,-17.21,-2.74,-1.36,0.28,3.78,46.64,-0.61,0.82,-0.47,34.847168,5.247185e-06,38.44692,3,LightGBM+RNN+LSTM
[LN2018   ] [chunk_19_phase_5_optimization.py] [info] 847,16.797651,1.4632554,3.92,3.77,9.987737,3.0349529,1169.0,-73.54,-78.14,-64.15,-68.41,297470.0,-53.35,-20.72,-4.8,-7.29,0.35,40.94,-8.27,0.07,-3.95,1.2421938,3.357561e-05,2.576447,3,LightGBM+RNN+LSTM
[LN2019   ] [chunk_19_phase_5_optimization.py] [info] 848,17.612123,0.7514161,1.5,1.38,14.193545,2.089392,5176.0,-66.5,-70.64,-46.8,-45.67,3000000.0,-39.74,-5.52,-9.21,-10.53,0.16,43.84,-18.12,0.49,-8.0,0.66047925,4.731182e-06,1.8365324,3,LightGBM+RNN+LSTM
[LN2020   ] [chunk_19_phase_5_optimization.py] [info] 849,19.22425,0.90825856,1.86,1.82,9.922457,1.6448051,5657.0,-54.73,-45.67,-27.44,-35.46,243960.0,-20.18,-1.26,-9.9,-5.89,0.13,44.17,-7.14,0.08,-2.15,1.1065141,4.0672472e-05,2.0038347,3,LightGBM+RNN+LSTM
[LN2021   ] [chunk_19_phase_5_optimization.py] [info] 850,22.864508,4.0613046,78.72,77.09,14.059765,4.5961294,5657.0,-7.72,-4.25,-3.8,8.88,1330000.0,-6.19,-9.4,-13.4,-4.86,3.41,42.99,9.63,0.96,-2.07,16.772808,1.0571252e-05,18.981585,3,LightGBM+RNN+LSTM
[LN2022   ] [chunk_19_phase_5_optimization.py] [info] 851,15.70258,1.5810385,5.59,5.2,10.755474,5.5748878,2390.0,-87.95,-91.53,-75.8886,-74.63,291280.0,-28.28,7.11,5.91,4.01,0.49,43.39,-9.57,0.16,-6.98,0.93275416,3.6924863e-05,3.2889776,3,LightGBM+RNN+LSTM
[LN2023   ] [chunk_19_phase_5_optimization.py] [info] 852,17.832794,0.9858168,2.58,2.37,10.663733,2.3942523,5657.0,-35.07,0.0,-36.32,-52.98,462800.0,-47.45,-5.1,-20.47,-4.91,0.32,44.62,-7.78,0.09,-8.14,0.9898706,2.3041774e-05,2.4040978,3,LightGBM+RNN+LSTM
[LN2024   ] [chunk_19_phase_5_optimization.py] [info] 853,16.552473,0.44468582,0.58,0.54,11.461537,1.8718022,1705.0,-86.46,-76.89,-46.45,-52.73,202970.0,-34.8,-20.35,-20.06,-14.21,0.06,29.83,-12.63,0.47,-8.65,0.28849202,5.646912e-05,1.2143404,3,LightGBM+RNN+LSTM
[LN2025   ] [chunk_19_phase_5_optimization.py] [info] 854,20.591755,4.7752504,165.01,155.76,11.218514,5.5748878,923.0,-56.99,-56.81,-23.46,-39.59,141960.0,1.96,-4.92,-3.39,-6.35,5.69,43.16,-3.46,0.52,-5.61,27.939575,7.902588e-05,32.618183,3,LightGBM+RNN+LSTM
[LN2026   ] [chunk_19_phase_5_optimization.py] [info] 855,18.53258,0.87546873,2.51,2.36,11.1462,2.7278528,5657.0,-51.44,0.0,-62.24,-69.82,475210.0,-57.48,-35.48,-33.2186,-10.94,0.71,33.24,-17.19,0.15,-5.98,0.8651493,2.3455315e-05,2.6956987,3,LightGBM+RNN+LSTM
[LN2027   ] [chunk_19_phase_5_optimization.py] [info] 856,23.415863,4.4550447,131.25,125.45,14.120299,5.0875964,5657.0,-4.35,14.33,1.57,20.95,1210000.0,-9.3,-4.07,-3.58,-3.87,5.18,42.5,-4.3,1.12,-4.42,24.65801,1.1669668e-05,28.159088,3,LightGBM+RNN+LSTM
[LN2028   ] [chunk_19_phase_5_optimization.py] [info] 857,17.319565,1.1474024,3.2,3.02,6.324359,1.9837563,3813.0,-37.08,-26.7,-23.45,-35.61,7400.0,-2.89,-2.29,-20.53,-2.18,0.21,47.06,10.22,0.06,-5.62,1.5223644,0.0008546431,2.632032,3,LightGBM+RNN+LSTM
[LN2029   ] [chunk_19_phase_5_optimization.py] [info] 858,24.625643,4.9496813,188.11,186.53,14.333891,5.53335,639.0,-17.78,-22.45,-6.06,-8.76,1950000.0,0.65,-1.92,0.26,-1.22,3.93,46.01,0.68,0.86,-0.84,33.71014,7.3507135e-06,37.685253,3,LightGBM+RNN+LSTM
[LN2030   ] [chunk_19_phase_5_optimization.py] [info] 859,15.088077,1.1817272,2.47,2.37,10.880177,3.854394,1658.0,-87.95,-91.53,-75.8886,-74.63,164400.0,-60.19,-35.48,-33.2186,-19.83,0.45,31.13,-17.42,0.32,-4.05,0.61488265,6.618113e-05,2.005539,3,LightGBM+RNN+LSTM
[LN2031   ] [chunk_19_phase_5_optimization.py] [info] 860,16.468048,0.91629076,2.47,2.31,10.005412,5.5748878,1108.0,-87.95,-91.53,-75.8886,-74.63,283590.0,-60.19,-11.35,-8.33,-8.33,0.28,37.59,-5.33,0.08,-6.48,0.4143581,3.528126e-05,2.5210338,3,LightGBM+RNN+LSTM
[LN2032   ] [chunk_19_phase_5_optimization.py] [info] 861,17.49661,0.5877867,1.09,1.05,13.623087,2.1004689,3585.0,-83.7,-71.77,-68.09,-74.63,1800000.0,-50.24,3.7,0.96,0.52,0.11,48.86,-2.78,0.46,-3.67,0.4998884,7.5683815e-06,1.7863624,3,LightGBM+RNN+LSTM
[LN2033   ] [chunk_19_phase_5_optimization.py] [info] 862,24.625643,4.9496813,199.213,199.333,12.8362,5.5748878,1799.0,-11.77,-5.46,-0.6,1.8,455520.0,3.81,5.31,5.34,3.66,5.69,65.89,2.36,0.82,0.35,35.755516,2.8179224e-05,40.271885,3,LightGBM+RNN+LSTM
[LN2034   ] [chunk_19_phase_5_optimization.py] [info] 863,15.088077,0.9858168,1.87,1.79,10.77981,2.0399208,4606.0,-47.35,0.0,-26.02,0.0,220180.0,0.0,-22.97,-16.36,-12.63,0.19,29.53,-10.95,0.22,-4.28,0.87748504,4.895908e-05,1.8157532,3,LightGBM+RNN+LSTM
[LN2035   ] [chunk_19_phase_5_optimization.py] [info] 864,23.876429,4.9496813,199.213,199.333,14.139147,5.5748878,5610.0,21.08,33.88,-4.0,-0.8,878740.0,-18.05,-8.55,-12.16,-6.48,5.69,28.4,-3.55,1.57,-0.54,35.755516,1.6090251e-05,40.271885,3,LightGBM+RNN+LSTM
[LN2036   ] [chunk_19_phase_5_optimization.py] [info] 865,17.340105,0.3220835,0.53,0.54,11.305372,1.0224509,3421.0,-55.0,-49.59,-47.88,-53.3,389860.0,-27.39,-19.7,-11.98,-7.57,0.04,36.84,-8.18,0.21,-3.01,0.5281427,2.8998544e-05,1.6765838,3,LightGBM+RNN+LSTM
[LN2037   ] [chunk_19_phase_5_optimization.py] [info] 866,17.509626,0.53062826,1.26,1.26,10.656859,1.2753628,119.0,48.94,27.76,8.09,31.25,257240.0,25.11,-29.07,-31.15,-4.06,0.17,37.98,4.13,0.17,0.1,0.98795414,4.142769e-05,2.3745437,3,LightGBM+RNN+LSTM
[LN2038   ] [chunk_19_phase_5_optimization.py] [info] 867,16.72949,0.48858002,0.69,0.68,10.477288,1.6956156,4243.0,-83.06,0.0,-70.37,-72.7,244350.0,-60.19,-23.37,4.94,-1.82,0.08,35.42,-3.74,0.15,-0.93,0.4010343,4.28782e-05,1.3917884,3,LightGBM+RNN+LSTM
[LN2039   ] [chunk_19_phase_5_optimization.py] [info] 868,19.088614,1.054312,2.01,1.9,11.404483,2.507972,4706.0,-80.31,-79.1,-49.02,-33.1,81830.0,-18.45,-21.2,-23.39,-15.0,0.18,27.49,-3.06,1.1,-5.47,0.7575842,0.00013936798,1.8021231,3,LightGBM+RNN+LSTM
[LN2040   ] [chunk_19_phase_5_optimization.py] [info] 869,24.625643,4.9496813,199.213,199.333,14.364183,5.5748878,4363.0,30.43,31.16,20.64,50.27,1050000.0,1.23,3.3,5.82,-2.94,5.69,47.0,-5.66,1.64,-5.77,35.755516,1.36801755e-05,40.271885,3,LightGBM+RNN+LSTM
[LN2041   ] [chunk_19_phase_5_optimization.py] [info] 870,19.187729,1.258461,3.16,3.06,12.603976,2.3263016,2423.0,-56.72,-64.42,-24.28,-23.12,729090.0,-21.13,-0.03,6.99,4.51,0.16,52.52,-0.97,0.41,-3.16,1.3153926,1.728727e-05,2.4315414,3,LightGBM+RNN+LSTM
[LN2042   ] [chunk_19_phase_5_optimization.py] [info] 871,15.547166,0.83724755,2.77,2.56,11.295988,1.974081,5149.0,34.38,13.27,-0.05,4.07,513760.0,-14.01,1.38,-7.91,-12.85,0.33,43.44,-18.12,0.16,-7.58,1.296806,2.1986896e-05,3.0576382,3,LightGBM+RNN+LSTM
[LN2043   ] [chunk_19_phase_5_optimization.py] [info] 872,23.18882,4.9496813,194.52,194.68,13.782239,5.5748878,3261.0,-27.96,-34.13,-2.34,11.75,561180.0,-10.59,-6.93,-8.36,-3.16,5.69,41.12,0.85,1.72,0.08,34.92088,2.4559391e-05,39.331825,3,LightGBM+RNN+LSTM
[LN2044   ] [chunk_19_phase_5_optimization.py] [info] 873,24.625643,4.4613,199.213,199.333,14.336537,5.4428506,3660.0,95.7,132.08,26.71,86.82,2490000.0,10.0,-1.11,-5.61,-2.77,5.69,44.94,-3.06,0.68,-1.06,36.622906,5.7576453e-06,44.680477,3,LightGBM+RNN+LSTM
[LN2045   ] [chunk_19_phase_5_optimization.py] [info] 874,24.625643,4.9496813,199.213,199.333,14.11409,5.5748878,5099.0,6.39,4.3,0.81,6.1,1330000.0,-5.07,0.9,3.19,3.03,5.69,57.63,3.74,1.01,-1.36,35.755516,1.0612097e-05,40.271885,3,LightGBM+RNN+LSTM
[LN2046   ] [chunk_19_phase_5_optimization.py] [info] 875,23.12025,4.61779,135.63,135.7,13.686665,5.0028048,2253.0,21.68,23.1,6.32,9.51,624770.0,0.42,-2.78,-5.3,-1.41,2.85,43.66,1.56,1.41,0.05,27.124784,2.1906724e-05,29.38635,3,LightGBM+RNN+LSTM
[LN2047   ] [chunk_19_phase_5_optimization.py] [info] 876,23.774906,4.9496813,199.213,199.333,13.152819,5.5748878,2393.0,48.45,32.34,16.33,29.07,701210.0,11.84,7.12,3.43,5.3,5.69,62.49,4.54,0.74,-1.57,35.755516,1.8757319e-05,40.271885,3,LightGBM+RNN+LSTM
[LN2048   ] [chunk_19_phase_5_optimization.py] [info] 877,15.088077,0.53062826,0.9,0.77,13.572255,3.583519,3522.0,-87.95,-91.53,-75.8886,-74.63,820030.0,-60.19,-35.48,-33.2186,-19.83,0.23,30.96,-18.12,0.96,-8.65,0.21487258,1.6550925e-05,1.45111,3,LightGBM+RNN+LSTM
[LN2049   ] [chunk_19_phase_5_optimization.py] [info] 878,23.900904,4.9496813,199.213,199.333,10.221359,5.5748878,3402.0,9.85,18.57,-0.11,4.85,42460.0,-6.44,-1.94,-1.69,-1.2,5.69,44.59,0.8,0.65,0.51,35.755516,0.00024072915,40.271885,3,LightGBM+RNN+LSTM
[LN2050   ] [chunk_19_phase_5_optimization.py] [info] 879,16.174477,0.3220835,1.02,0.91,12.978699,4.319619,121.0,-87.95,-91.53,-58.86,97.57,182280.0,15.07,6.71,16.13,-8.29,0.13,46.96,-18.12,2.38,-8.65,0.21066672,7.120199e-05,2.825354,3,LightGBM+RNN+LSTM
[LN2051   ] [chunk_19_phase_5_optimization.py] [info] 880,22.460217,4.2329464,178.18,176.87,12.92585,5.2394695,2793.0,96.15,144.143,30.09,72.32,417270.0,33.7,1.64,0.8,0.62,5.69,51.36,0.68,0.98,-0.74,33.757236,3.0977186e-05,41.784134,3,LightGBM+RNN+LSTM
[LN2052   ] [chunk_19_phase_5_optimization.py] [info] 881,17.328249,0.85441536,1.77,1.61,13.231975,1.9810015,3702.0,-69.39,-42.7,-21.53,3.21,230810.0,-18.27,-2.5,7.33,-3.75,0.16,45.25,-11.54,2.42,-8.65,0.81272024,5.7328427e-05,1.8843294,3,LightGBM+RNN+LSTM
[LN2053   ] [chunk_19_phase_5_optimization.py] [info] 882,20.905588,3.6568727,78.05,77.36,12.609923,5.204776,4578.0,6.57,102.2,-33.14,-48.48,555510.0,-37.41,-13.49,-17.15,-6.94,4.56,37.01,2.61,0.54,-0.88,14.863273,2.2699724e-05,21.154688,3,LightGBM+RNN+LSTM
[LN2054   ] [chunk_19_phase_5_optimization.py] [info] 883,15.790979,0.33647224,0.58,0.54,12.260438,1.474763,4796.0,-39.21,-55.29,-42.37,-53.37,1330000.0,-18.08,-19.01,-33.2186,-17.29,0.07,37.85,-18.03,0.16,-5.93,0.3661605,9.2183745e-06,1.6048872,3,LightGBM+RNN+LSTM
[LN2055   ] [chunk_19_phase_5_optimization.py] [info] 884,24.016136,4.9496813,189.32,189.04,13.236302,5.4810557,507.0,-14.06,-15.6,-7.11,-8.56,858080.0,-6.3,-0.98,-1.93,0.45,2.88,50.7,2.48,0.65,-0.15,34.489708,1.5425489e-05,38.192356,3,LightGBM+RNN+LSTM
[LN2056   ] [chunk_19_phase_5_optimization.py] [info] 885,24.558409,4.9496813,199.213,199.333,12.180129,5.5748878,2395.0,-8.16,-14.11,-5.08,-2.45,300760.0,-8.0,-1.41,-0.8,1.14,5.69,50.38,1.04,0.65,-0.36,35.755516,4.0497835e-05,40.271885,3,LightGBM+RNN+LSTM
[LN2057   ] [chunk_19_phase_5_optimization.py] [info] 886,23.793642,4.9496813,199.213,199.333,11.23157,5.5748878,5291.0,-15.22,-12.74,-18.12,-29.81,142340.0,-4.25,1.75,0.28,0.3,5.69,52.23,-0.06,0.53,1.27,35.755516,7.890663e-05,40.271885,3,LightGBM+RNN+LSTM
[LN2058   ] [chunk_19_phase_5_optimization.py] [info] 887,15.088077,1.2556161,2.6,2.08,13.276335,3.8416007,4831.0,-87.95,-91.53,-75.8886,-74.63,1760000.0,-59.38,-35.48,-33.2186,-19.83,0.66,35.36,-18.12,0.33,-8.65,0.54144096,7.5433722e-06,1.6565573,3,LightGBM+RNN+LSTM
[LN2059   ] [chunk_19_phase_5_optimization.py] [info] 888,23.25219,4.9496813,188.41,189.75,12.687613,5.4587765,4501.0,-11.18,-11.85,-3.72,-0.94,462690.0,-3.46,-1.02,-0.67,-1.49,3.84,46.34,0.89,0.7,0.71,34.760536,2.742141e-05,38.3358,3,LightGBM+RNN+LSTM
[LN2060   ] [chunk_19_phase_5_optimization.py] [info] 889,24.625643,4.9496813,199.213,199.333,14.103833,5.5748878,4897.0,-6.03,-9.79,-9.3,3.92,2640000.0,-24.18,-11.07,-2.56,-1.9,5.69,43.96,3.61,0.51,0.39,35.755516,5.342361e-06,40.271885,3,LightGBM+RNN+LSTM
[LN2061   ] [chunk_19_phase_5_optimization.py] [info] 890,23.263292,4.9496813,199.213,199.333,12.894459,5.5748878,1153.0,2.74,-7.99,4.76,12.82,417040.0,2.39,-0.56,0.13,1.2,5.27,51.41,1.98,0.95,-1.25,35.755516,3.0918996e-05,40.271885,3,LightGBM+RNN+LSTM
[LN2062   ] [chunk_19_phase_5_optimization.py] [info] 891,24.625643,4.9496813,199.213,199.333,12.571899,5.5748878,3341.0,26.34,2.27,-4.22,-2.56,423770.0,-9.07,-7.29,-14.44,-1.84,5.69,44.95,5.15,0.68,2.53,35.755516,2.9666799e-05,40.271885,3,LightGBM+RNN+LSTM
[LN2063   ] [chunk_19_phase_5_optimization.py] [info] 892,19.119562,4.238445,71.97,71.84,6.324359,4.4131618,3652.0,-9.69,10.32,-2.28,-8.36,7400.0,-10.03,-0.77,1.1,0.11,0.99,49.38,1.11,0.21,-0.18,16.278578,0.0008546431,16.949614,3,LightGBM+RNN+LSTM
[LN2064   ] [chunk_19_phase_5_optimization.py] [info] 893,23.471178,4.2710953,169.21,164.68,14.1414385,5.302608,2138.0,105.88,80.75,28.58,86.54,2450000.0,-1.31,-6.44,-1.44,-2.05,5.69,46.58,4.64,0.57,-2.68,31.056416,5.772016e-06,38.556858,3,LightGBM+RNN+LSTM
[LN2065   ] [chunk_19_phase_5_optimization.py] [info] 894,24.348673,4.9496813,199.213,199.333,12.302296,5.5748878,3417.0,20.52,7.14,12.7,24.91,376880.0,7.06,0.39,1.16,-1.11,5.69,47.93,-2.61,0.58,-1.51,35.755516,3.2642474e-05,40.271885,3,LightGBM+RNN+LSTM
[LN2066   ] [chunk_19_phase_5_optimization.py] [info] 895,23.06411,4.8379474,199.213,199.333,13.08796,5.4352493,5657.0,18.03,18.65,13.9,38.52,631270.0,0.87,-0.97,1.64,-0.92,5.69,47.97,-2.35,0.77,-3.12,36.67412,2.0732745e-05,41.20198,3,LightGBM+RNN+LSTM
[LN2067   ] [chunk_19_phase_5_optimization.py] [info] 896,24.625643,4.9496813,193.54,192.34,14.426313,5.439122,1362.0,5.28,-9.08,-7.77,-8.3,1920000.0,-13.96,-5.0,-3.85,-1.62,3.93,42.86,4.33,0.96,-0.62,35.362324,7.5137045e-06,38.859066,3,LightGBM+RNN+LSTM
[LN2068   ] [chunk_19_phase_5_optimization.py] [info] 897,22.704268,4.9297867,177.1,174.27,12.442831,5.2924,4992.0,5.09,-8.32,4.63,15.94,283670.0,6.55,-4.17,-2.85,2.09,3.91,49.35,2.48,0.89,-1.6,32.928352,4.3863754e-05,35.350414,3,LightGBM+RNN+LSTM
[LN2069   ] [chunk_19_phase_5_optimization.py] [info] 898,17.804125,0.27763173,0.53,0.54,11.718589,1.211941,5657.0,-55.69,-85.33,-51.56,-59.91,282980.0,-46.84,-35.48,-33.2186,-19.83,0.05,24.91,6.72,0.43,1.0,0.44556624,4.1411367e-05,1.9450225,3,LightGBM+RNN+LSTM
[LN2070   ] [chunk_19_phase_5_optimization.py] [info] 899,16.239428,1.1249295,2.73,2.47,13.226981,3.6635616,790.0,-83.86,-91.53,-70.28,-74.63,425300.0,-37.15,-15.84,-1.98,-18.45,0.34,40.55,-18.12,1.31,-8.65,0.67420727,3.1100357e-05,2.195693,3,LightGBM+RNN+LSTM
[LN2071   ] [chunk_19_phase_5_optimization.py] [info] 900,23.456984,4.9496813,199.213,199.333,12.885848,5.5748878,5657.0,-21.64,-19.4,-1.96,29.06,548570.0,-9.23,-1.84,-3.64,2.05,5.69,51.16,3.17,0.72,-1.17,35.755516,2.3489889e-05,40.271885,3,LightGBM+RNN+LSTM
[LN2072   ] [chunk_19_phase_5_optimization.py] [info] 901,17.628155,0.85441536,1.39,1.31,11.710094,1.798404,1355.0,-69.18,-70.63,-45.85,-52.88,62980.0,-26.82,-11.65,-15.48,-11.84,0.11,33.51,-10.88,1.93,-5.76,0.72842366,0.00018593355,1.5332122,3,LightGBM+RNN+LSTM
[LN2073   ] [chunk_19_phase_5_optimization.py] [info] 902,24.625643,4.9496813,199.213,199.333,14.488401,5.5748878,1661.0,17.79,5.56,5.73,15.99,1290000.0,2.29,0.5,3.83,0.57,4.53,52.79,0.84,1.52,-0.79,35.755516,1.1231319e-05,40.271885,3,LightGBM+RNN+LSTM
[LN2074   ] [chunk_19_phase_5_optimization.py] [info] 903,21.978882,4.4963593,169.93,169.85,12.220005,5.167924,5619.0,78.6,63.19,29.02,57.14,238520.0,26.68,3.58,1.28,4.41,5.69,59.75,7.91,0.85,-0.05,32.866196,5.1232622e-05,37.775005,3,LightGBM+RNN+LSTM
[LN2075   ] [chunk_19_phase_5_optimization.py] [info] 904,23.934513,4.9496813,199.213,199.333,13.087939,5.5462317,978.0,21.42,11.69,5.18,11.55,865360.0,-3.76,-0.98,-2.44,-1.27,5.4,47.29,0.54,0.56,-0.04,35.940258,1.5124271e-05,40.271885,3,LightGBM+RNN+LSTM
[LN2076   ] [chunk_19_phase_5_optimization.py] [info] 905,18.176697,0.96317434,7.68,7.2,10.209169,3.083285,1483.0,64.78,-9.85,-8.45,149.1765,112690.0,-59.99,-30.43,-32.41,-15.77,0.92,35.18,-16.22,0.24,-6.12,2.3351717,9.059517e-05,7.475282,3,LightGBM+RNN+LSTM
[LN2077   ] [chunk_19_phase_5_optimization.py] [info] 906,22.39849,4.0078783,153.09,151.71,13.252109,5.365088,950.0,88.2,87.18,23.6,75.77,929640.0,-26.9,-2.3,-4.81,-1.18,5.69,46.64,-0.34,0.61,-0.9,28.277264,1.4255097e-05,37.852943,3,LightGBM+RNN+LSTM
[LN2078   ] [chunk_19_phase_5_optimization.py] [info] 907,23.576283,4.9496813,199.213,199.333,13.396513,5.5748878,1974.0,20.04,38.5,2.96,12.57,585630.0,0.83,-5.88,-6.97,-6.15,5.69,39.16,2.2,1.12,1.35,35.755516,2.2875387e-05,40.271885,3,LightGBM+RNN+LSTM
[LN2079   ] [chunk_19_phase_5_optimization.py] [info] 908,20.905588,4.0568156,69.98,69.08,9.861154,4.402809,4433.0,-1.13,3.2,-0.85,2.14,25290.0,-4.2,-5.92,-6.18,-2.4,1.9,42.5,0.97,0.76,-1.29,15.689982,0.00038992305,17.028133,3,LightGBM+RNN+LSTM
[LN2080   ] [chunk_19_phase_5_optimization.py] [info] 909,18.87994,0.45742485,2.69,2.66,9.077038,1.733424,4577.0,115.5665,144.143,29.77,134.43,79940.0,-36.88,-3.94,-8.04,-4.23,0.27,46.38,2.6,0.11,-1.23,1.5345352,0.00011354813,5.8151627,3,LightGBM+RNN+LSTM
[LN2081   ] [chunk_19_phase_5_optimization.py] [info] 910,21.964535,4.9496813,199.213,199.333,11.457783,5.5748878,2906.0,-14.91,-10.53,-11.18,-3.28,119720.0,-13.5,-6.21,-3.61,-0.8,5.69,44.6,0.78,0.79,-2.67,35.755516,9.570483e-05,40.271885,3,LightGBM+RNN+LSTM
[LN2082   ] [chunk_19_phase_5_optimization.py] [info] 911,15.75137,0.88376755,2.73,2.47,10.470703,2.6173959,4900.0,36.46,16.51,20.63,49.7,1920000.0,26.67,-10.52,-17.94,-18.4,0.39,40.12,-15.99,0.02,-8.65,0.94368607,5.453491e-06,2.7948525,3,LightGBM+RNN+LSTM
[LN2083   ] [chunk_19_phase_5_optimization.py] [info] 912,24.609766,4.9496813,199.213,199.333,13.973032,5.5748878,5657.0,70.68,62.05,22.71,53.51,1530000.0,8.31,6.68,6.44,1.4,5.69,56.87,1.84,0.76,-0.79,35.755516,9.132701e-06,40.271885,3,LightGBM+RNN+LSTM
[LN2084   ] [chunk_19_phase_5_optimization.py] [info] 913,22.437063,4.839847,199.213,199.333,11.503895,5.412851,1819.0,61.23,70.18,21.41,38.71,207980.0,14.11,4.44,-0.51,1.57,5.69,56.19,0.33,0.48,-2.5,36.825882,5.5312506e-05,41.185806,3,LightGBM+RNN+LSTM
[LN2085   ] [chunk_19_phase_5_optimization.py] [info] 914,24.625643,4.9496813,199.213,199.333,14.097792,5.5748878,429.0,45.95,39.86,32.09,53.74,1680000.0,39.51,14.72,4.99,1.4,5.69,60.27,0.17,0.79,-1.31,35.755516,8.391543e-06,40.271885,3,LightGBM+RNN+LSTM
[LN2086   ] [chunk_19_phase_5_optimization.py] [info] 915,18.933205,0.896088,2.98,2.86,9.483417,2.1938856,467.0,-41.39,-49.93,-14.32,-36.87,62370.0,63.43,-20.96,-31.9,-6.18,0.36,41.96,-4.98,0.21,-4.03,1.3036231,0.00015205092,3.1916506,3,LightGBM+RNN+LSTM
[LN2087   ] [chunk_19_phase_5_optimization.py] [info] 916,18.629644,0.7514161,1.27,1.26,14.463993,1.899118,1477.0,-70.28,-63.16,-45.42,-43.24,1500000.0,-13.7,-12.96,-13.7,-1.22,0.11,46.19,3.28,1.27,-0.79,0.66346586,9.642662e-06,1.6768339,3,LightGBM+RNN+LSTM
[LN2088   ] [chunk_19_phase_5_optimization.py] [info] 917,15.568183,0.41871032,1.39,1.39,6.324359,2.3978953,3015.0,-64.8,-83.85,-51.44,-66.51,395590.0,-47.15,7.56,-4.79,17.61,0.15,67.12,14.79,0.01,0.0,0.579675,1.5987156e-05,3.3197174,3,LightGBM+RNN+LSTM
[LN2089   ] [chunk_19_phase_5_optimization.py] [info] 918,15.088077,0.9202828,2.56,2.49,11.140847,4.252487,5657.0,-87.95,-83.48,-56.64,-38.52,182050.0,-60.19,-20.21,-26.76,-19.83,0.24,26.48,-8.12,0.38,-2.73,0.5855397,6.119663e-05,2.7056901,3,LightGBM+RNN+LSTM
[LN2090   ] [chunk_19_phase_5_optimization.py] [info] 919,22.114548,4.9496813,199.213,199.333,12.619691,5.5748878,4266.0,50.18,22.68,48.88,90.57,256050.0,38.6,14.31,13.91,5.26,5.69,59.6,0.94,1.18,-4.44,35.755516,4.928604e-05,40.271885,3,LightGBM+RNN+LSTM
[LN2091   ] [chunk_19_phase_5_optimization.py] [info] 920,15.371548,0.8329091,1.68,1.68,7.6009026,2.7472708,2903.0,-80.76,-83.2,-65.52,-74.63,57390.0,-7.69,0.99,-2.89,1.3,0.11,52.22,6.33,0.03,0.0,0.61151594,0.00013244298,2.0170267,3,LightGBM+RNN+LSTM
[LN2092   ] [chunk_19_phase_5_optimization.py] [info] 921,15.168765,1.474763,3.45,3.38,10.229079,3.3877745,406.0,-46.86,-51.01,-54.7,-45.31,113210.0,-60.19,-35.48,-33.2186,-19.83,0.52,29.09,-18.12,0.24,-2.03,0.99770516,9.035491e-05,2.2918937,3,LightGBM+RNN+LSTM
[LN2093   ] [chunk_19_phase_5_optimization.py] [info] 922,19.556107,1.3350011,24.5,24.9,8.537388,4.0208774,319.0,115.5665,0.0,-16.06,0.0,79830.0,-0.32,-28.05,-32.81,-7.76,2.45,39.11,-2.39,0.06,1.63,6.1926785,0.00010694461,18.65167,3,LightGBM+RNN+LSTM
[LN2094   ] [chunk_19_phase_5_optimization.py] [info] 923,16.510138,0.6931472,1.46,1.39,12.733417,1.4350846,613.0,-36.01,-47.95,-34.38,-23.14,740500.0,-40.64,-16.19,-5.74,-1.6,0.11,43.11,-3.79,0.46,-4.45,0.96858406,1.71957e-05,2.005346,3,LightGBM+RNN+LSTM
[LN2095   ] [chunk_19_phase_5_optimization.py] [info] 924,16.012735,0.8064759,2.7,2.29,12.88322,3.3562,1615.0,-76.07,-87.66,-49.04,-39.56,2260000.0,5.05,-20.2,-33.2186,-19.83,0.4,38.23,-18.12,0.17,-8.65,0.6823193,5.70054e-06,2.8395145,3,LightGBM+RNN+LSTM
[LN2096   ] [chunk_19_phase_5_optimization.py] [info] 925,15.918425,0.3074847,0.71,0.7,12.964778,1.0508217,486.0,14.18,2.24,-5.68,7.42,540080.0,17.58,-8.69,-31.41,-19.83,0.12,34.92,-18.12,0.79,-1.17,0.6661454,2.4005292e-05,2.276536,3,LightGBM+RNN+LSTM
[LN2097   ] [chunk_19_phase_5_optimization.py] [info] 926,21.993027,1.8213183,27.81,24.72,10.951754,4.036892,3738.0,115.5665,0.0,2.1,149.1765,76120.0,-51.17,-35.48,-31.18,-18.47,4.08,35.32,-10.82,0.75,-8.65,6.1235228,0.00014387484,13.572587,3,LightGBM+RNN+LSTM
[LN2098   ] [chunk_19_phase_5_optimization.py] [info] 927,18.09675,1.7137979,10.15,8.93,11.908414,4.731803,2551.0,-87.95,-75.37,-67.94,-71.87,45510.0,52.91,13.69,12.33,14.31,0.96,57.08,14.79,2.44,-8.65,1.8872299,0.00026166587,5.2106495,3,LightGBM+RNN+LSTM
[LN2099   ] [chunk_19_phase_5_optimization.py] [info] 928,21.19327,3.270329,44.92,43.83,9.3823595,3.9789338,3877.0,50.31,64.31,3.78,6.18,9480.0,-4.99,-8.03,-7.61,-7.07,1.11,33.26,-5.6,1.25,-2.43,11.015514,0.0009897003,13.402321,3,LightGBM+RNN+LSTM
[LN2100   ] [chunk_19_phase_5_optimization.py] [info] 929,22.481123,4.9496813,193.99,191.34,12.228279,5.413252,3872.0,21.12,11.88,8.6,26.75,349080.0,0.92,-5.07,-3.99,-2.7,5.13,42.03,1.02,0.59,-1.37,35.346592,3.5030018e-05,38.657032,3,LightGBM+RNN+LSTM
[LN2101   ] [chunk_19_phase_5_optimization.py] [info] 930,21.03075,3.7819142,60.98,57.34,12.507192,4.7147417,5188.0,-36.91,-34.89,-6.0,10.4,234960.0,-9.11,3.32,8.33,12.18,2.75,58.98,11.8,1.15,-5.97,12.161854,5.3231153e-05,15.1616335,3,LightGBM+RNN+LSTM
[LN2102   ] [chunk_19_phase_5_optimization.py] [info] 931,16.43655,0.5481214,2.4,2.38,9.424968,1.5933086,3515.0,77.61,68.79,3.57,-1.24,20340.0,-37.37,-13.3,-16.78,-5.93,0.14,36.87,-0.42,0.61,-0.83,1.4937471,0.00046337108,4.3421035,3,LightGBM+RNN+LSTM
[LN2103   ] [chunk_19_phase_5_optimization.py] [info] 932,24.625643,3.7352858,181.51,175.49,15.969002,5.2522736,4221.0,115.5665,144.143,36.89,74.06,8470000.0,13.32,2.17,-3.87,-2.52,5.69,47.94,-2.3,0.93,-3.32,33.412197,1.8853603e-06,46.981678,3,LightGBM+RNN+LSTM
[LN2104   ] [chunk_19_phase_5_optimization.py] [info] 933,24.60874,4.9496813,199.213,199.333,14.45948,5.5554757,3150.0,3.1,22.35,-3.91,-4.62,1670000.0,-1.7,-4.99,-6.37,-3.16,4.67,35.98,0.67,1.14,-1.3,35.880455,8.658371e-06,40.271885,3,LightGBM+RNN+LSTM
[LN2105   ] [chunk_19_phase_5_optimization.py] [info] 934,15.598902,0.2390169,4.75,4.42,9.560433,2.867899,4060.0,-51.11,-68.43,-14.35,-20.75,3250000.0,-6.95,-16.17,-29.28,-18.44,0.56,37.35,-15.81,0.01,-6.95,1.541198,2.941672e-06,18.492414,3,LightGBM+RNN+LSTM
[LN2106   ] [chunk_19_phase_5_optimization.py] [info] 935,24.527704,4.787658,126.61,124.75,14.505293,5.0890765,4075.0,-11.03,-11.58,-13.26,-13.49,2580000.0,-15.7,-5.2,-2.74,-1.24,2.49,38.2,-1.38,0.77,-1.47,24.513287,5.6222066e-06,26.05658,3,LightGBM+RNN+LSTM
[LN2107   ] [chunk_19_phase_5_optimization.py] [info] 936,17.270248,1.4655676,3.87,3.88,8.7093,2.095561,4223.0,-9.24,-19.32,-17.04,-42.52,9300.0,-24.75,-17.02,-13.1,-10.98,0.28,34.31,-10.81,0.65,0.31,1.8515329,0.00093648385,2.6474385,3,LightGBM+RNN+LSTM
[LN2108   ] [chunk_19_phase_5_optimization.py] [info] 937,17.866774,2.7447035,23.38,22.43,6.418365,3.3214324,186.0,12.45,-1.35,11.61,15.22,7400.0,-0.21,-3.01,-8.29,-2.69,1.0,46.72,1.97,0.24,-4.05,6.7531104,0.0008673466,8.172103,3,LightGBM+RNN+LSTM
[LN2109   ] [chunk_19_phase_5_optimization.py] [info] 938,19.813528,2.6602595,17.92,16.66,6.324359,3.257712,4313.0,-9.76,-14.99,-7.9,-3.71,7400.0,-10.44,-4.19,1.88,-7.54,0.65,41.25,-5.0,0.09,-7.04,5.114019,0.0008546431,6.262547,3,LightGBM+RNN+LSTM
[LN2110   ] [chunk_19_phase_5_optimization.py] [info] 939,22.93702,4.819717,129.08,128.02,13.193796,5.196285,1619.0,-14.4,-20.75,-10.85,-8.27,782170.0,-11.81,-3.09,-4.19,-0.34,2.72,46.75,2.21,0.69,-0.82,24.636833,1.6868195e-05,26.561726,3,LightGBM+RNN+LSTM
[LN2111   ] [chunk_19_phase_5_optimization.py] [info] 940,24.625643,4.9496813,199.213,199.333,6.324359,5.5748878,823.0,8.03,5.39,-0.66,-7.72,7400.0,1.29,-0.72,-1.21,-1.09,5.69,44.92,0.34,0.5,-0.16,35.755516,0.0008546431,40.271885,3,LightGBM+RNN+LSTM
[LN2112   ] [chunk_19_phase_5_optimization.py] [info] 941,17.253683,0.42526773,0.67,0.68,9.886698,1.5871923,3583.0,-65.89,-57.37,-24.93,-6.55,77100.0,-11.41,-9.52,-33.2186,-17.37,0.07,36.95,-3.92,0.26,1.21,0.42842948,0.00012823213,1.5989927,3,LightGBM+RNN+LSTM
[LN2113   ] [chunk_19_phase_5_optimization.py] [info] 942,24.625643,4.9496813,199.213,199.333,14.381204,5.5748878,5613.0,4.95,-11.6,-5.12,-14.18,1820000.0,-10.01,6.09,12.22,3.16,5.69,61.75,3.43,0.97,-0.89,35.755516,7.90176e-06,40.271885,3,LightGBM+RNN+LSTM
[LN2114   ] [chunk_19_phase_5_optimization.py] [info] 943,15.516616,0.78845733,1.79,1.68,10.023623,1.4701759,1280.0,-27.74,-32.53,-12.66,8.39,51340.0,-9.92,-3.49,-14.11,-10.91,0.1,36.68,-11.58,0.44,-6.21,1.1427205,0.00019524003,2.130743,3,LightGBM+RNN+LSTM
[LN2115   ] [chunk_19_phase_5_optimization.py] [info] 944,22.163101,3.871201,64.53,63.19,12.346496,4.309725,5520.0,-3.47,4.43,-1.65,8.22,583810.0,-10.55,-7.28,-4.0,-3.92,1.66,37.11,-4.75,0.39,-2.08,14.6621895,2.114814e-05,16.3231,3,LightGBM+RNN+LSTM
[LN2116   ] [chunk_19_phase_5_optimization.py] [info] 945,21.39621,4.123094,67.8,66.38,11.143325,4.440649,5096.0,-7.3,3.65,-9.9,-13.49,110010.0,-15.5,-10.16,-6.69,-3.35,2.17,38.65,1.84,0.63,-2.09,14.948264,0.00010129374,16.09956,3,LightGBM+RNN+LSTM
[LN2117   ] [chunk_19_phase_5_optimization.py] [info] 946,15.741219,1.7578579,6.65,5.99,9.940108,4.643429,1154.0,-83.22,-87.03,-75.03,-16.53,96580.0,-48.35,-34.27,-33.2186,-19.83,1.07,30.47,-18.12,0.21,-8.65,1.289995,0.00010292098,3.4075563,3,LightGBM+RNN+LSTM
[LN2118   ] [chunk_19_phase_5_optimization.py] [info] 947,17.990974,1.166271,2.4,2.33,12.702536,3.297687,2894.0,-87.95,-88.29,-46.99,-52.35,316980.0,-26.03,-10.1,0.0,-4.88,0.17,41.29,-6.05,1.04,-2.92,0.70655584,4.0073617e-05,1.9978205,3,LightGBM+RNN+LSTM
[LN2119   ] [chunk_19_phase_5_optimization.py] [info] 948,15.110238,1.5195132,4.0,3.83,12.4875345,4.813403,3699.0,-55.88,-50.42,-71.51,-51.79,314380.0,-60.19,-35.48,-32.81,-8.23,0.56,34.51,-10.51,0.84,-4.25,0.7956948,3.9721148e-05,2.520544,3,LightGBM+RNN+LSTM
[LN2120   ] [chunk_19_phase_5_optimization.py] [info] 949,15.088077,1.2556161,5.25,4.8,10.251324,5.4773,5459.0,-80.33,-91.53,-20.83,25.98,479080.0,31.14,7.53,15.66,-11.34,0.94,47.42,-18.12,0.06,-8.57,0.8763442,2.1397937e-05,3.8228247,3,LightGBM+RNN+LSTM
[LN2121   ] [chunk_19_phase_5_optimization.py] [info] 950,15.245822,1.7917595,7.55,6.75,10.021092,4.5325994,636.0,-83.33,-88.16,-60.14,-52.46,136680.0,-23.74,0.08,7.14,-10.74,0.89,45.36,-16.77,0.16,-8.65,1.4892117,7.331792e-05,3.7672467,3,LightGBM+RNN+LSTM
[LN2122   ] [chunk_19_phase_5_optimization.py] [info] 951,23.36873,4.9496813,199.213,199.333,13.563043,5.5748878,1616.0,-5.14,7.5,-16.48,-16.87,1770000.0,-14.79,-1.81,2.69,-5.01,5.69,44.88,-9.82,0.44,-3.16,35.755516,7.662736e-06,40.271885,3,LightGBM+RNN+LSTM
[LN2123   ] [chunk_19_phase_5_optimization.py] [info] 952,20.076181,1.3635374,3.49,3.21,13.129859,1.9796212,2128.0,-35.15,-30.07,-21.42,-19.14,435110.0,-19.95,-14.88,-11.81,-13.72,0.25,35.04,-18.12,1.16,-8.02,1.6215223,3.0175954e-05,2.3541708,3,LightGBM+RNN+LSTM
[LN2124   ] [chunk_19_phase_5_optimization.py] [info] 953,19.782528,0.53649336,0.94,0.94,15.3060055,1.957274,148.0,-50.43,-68.39,-63.53,-74.63,8470000.0,-54.5,-15.87,-15.14,-7.61,0.09,40.43,-7.66,0.39,0.15,0.4802598,1.8070845e-06,1.7521186,3,LightGBM+RNN+LSTM
[LN2125   ] [chunk_19_phase_5_optimization.py] [info] 954,16.699194,2.064328,7.28,7.01,12.746208,4.082609,4972.0,-79.91,-69.91,-63.05,-64.6,460900.0,-60.19,-24.51,-25.43,-19.83,0.65,29.29,-9.55,0.74,-3.71,1.7170391,2.7655042e-05,3.3957784,3,LightGBM+RNN+LSTM
[LN2126   ] [chunk_19_phase_5_optimization.py] [info] 955,24.335535,4.745019,186.97,186.85,13.897297,5.36359,5235.0,31.48,44.99,11.07,20.33,1160000.0,9.88,-3.2,-4.57,-3.13,4.54,41.37,-0.52,0.94,-0.06,34.836742,1.1980428e-05,39.378136,3,LightGBM+RNN+LSTM
[LN2127   ] [chunk_19_phase_5_optimization.py] [info] 956,16.933903,0.87962675,1.56,1.59,10.787792,3.1441522,3517.0,-62.76,0.0,-75.8886,0.0,381320.0,-60.19,-35.48,-33.2186,-19.83,1.05,25.41,-5.36,0.13,1.92,0.5057007,2.8290653e-05,1.8075849,3,LightGBM+RNN+LSTM
[LN2128   ] [chunk_19_phase_5_optimization.py] [info] 957,21.108528,3.5647326,37.22,36.25,13.62102,4.421728,4061.0,-50.12,-41.55,-38.76,-39.03,908910.0,-46.89,-16.54,-12.06,-2.61,1.58,35.97,4.53,0.91,-2.61,8.198153,1.4986104e-05,10.169066,3,LightGBM+RNN+LSTM
[LN2129   ] [chunk_19_phase_5_optimization.py] [info] 958,15.384127,1.2325603,2.85,2.83,9.896866,2.8118095,5228.0,-51.91,-46.35,-31.24,-59.8,995160.0,-32.3,-7.09,-6.91,-3.92,0.15,41.32,-4.07,0.02,-0.63,1.0064694,9.945e-06,2.2960339,3,LightGBM+RNN+LSTM
[LN2130   ] [chunk_19_phase_5_optimization.py] [info] 959,24.625643,4.9496813,199.213,199.333,13.549416,5.5748878,3518.0,-3.76,-6.76,1.28,3.9,888460.0,3.93,-3.96,-2.26,-1.63,5.69,40.72,1.74,0.86,-0.45,35.755516,1.5250451e-05,40.271885,3,LightGBM+RNN+LSTM
[LN2131   ] [chunk_19_phase_5_optimization.py] [info] 960,22.702887,4.9496813,199.213,199.333,13.475601,5.5748878,5657.0,-8.82,-29.67,-9.51,19.1,870230.0,-14.19,-7.54,2.4,2.28,5.69,48.42,5.23,0.82,-1.43,35.755516,1.5485104e-05,40.271885,3,LightGBM+RNN+LSTM
[LN2132   ] [chunk_19_phase_5_optimization.py] [info] 961,24.625643,4.9496813,199.213,199.333,15.44697,5.5573297,119.0,13.13,5.27,7.63,31.27,3450000.0,6.18,-1.42,-2.6,-0.09,5.69,48.74,0.93,1.48,-2.44,35.868484,4.4773824e-06,40.271885,3,LightGBM+RNN+LSTM
[LN2133   ] [chunk_19_phase_5_optimization.py] [info] 962,24.396778,4.9496813,199.213,199.333,13.323712,5.5748878,4573.0,22.57,28.4,14.0,46.06,855470.0,-1.88,1.39,2.21,1.09,5.69,53.86,-0.51,0.71,-1.09,35.755516,1.5574728e-05,40.271885,3,LightGBM+RNN+LSTM
[LN2134   ] [chunk_19_phase_5_optimization.py] [info] 963,15.41085,1.7800242,9.0,8.59,9.890048,5.406903,1225.0,-87.95,-88.27,-59.43,-25.06,52650.0,-0.05,8.86,4.71,-7.44,0.64,45.7,-9.81,0.37,-4.6,1.58871,0.00018784516,4.825777,3,LightGBM+RNN+LSTM
[LN2135   ] [chunk_19_phase_5_optimization.py] [info] 964,16.818714,0.48242614,1.34,1.31,11.071859,1.6486586,119.0,24.76,-53.05,0.58,14.91,332270.0,-23.84,-21.33,-33.2186,-19.83,0.21,36.99,-11.49,0.19,-2.24,0.79458535,3.3321874e-05,2.7154415,3,LightGBM+RNN+LSTM
[LN2136   ] [chunk_19_phase_5_optimization.py] [info] 965,23.854403,4.8388977,190.91,187.99,13.60382,5.3980722,5657.0,1.52,30.52,3.77,28.87,1250000.0,4.13,-4.24,-6.18,-2.11,5.57,44.7,-1.09,0.65,-1.53,34.825394,1.0883056e-05,38.84976,3,LightGBM+RNN+LSTM
[LN2137   ] [chunk_19_phase_5_optimization.py] [info] 966,24.625643,4.9496813,199.213,199.333,14.414564,5.5748878,3248.0,8.51,10.66,2.25,7.8,2610000.0,1.39,-1.39,0.24,0.52,5.69,50.38,1.52,0.7,-0.12,35.755516,5.5228215e-06,40.271885,3,LightGBM+RNN+LSTM
[LN2138   ] [chunk_19_phase_5_optimization.py] [info] 967,17.8725,1.2296406,2.9,2.75,12.069737,2.0605135,4140.0,-42.95,-29.85,-23.72,-21.88,127540.0,-27.06,-1.21,4.17,6.92,0.14,54.77,8.27,1.37,-5.17,1.3346187,9.463492e-05,2.2364259,3,LightGBM+RNN+LSTM
[LN2139   ] [chunk_19_phase_5_optimization.py] [info] 968,16.605448,1.4398351,3.77,3.53,9.20251,2.5634098,3698.0,-47.39,-72.68,-30.15,-42.41,28990.0,-22.59,-6.74,-14.53,-8.89,0.26,40.25,-4.85,0.34,-6.37,1.3770721,0.00031743737,2.4516697,3,LightGBM+RNN+LSTM
[LN2140   ] [chunk_19_phase_5_optimization.py] [info] 969,24.625643,4.9496813,199.213,199.333,14.932784,5.5748878,824.0,8.14,5.6,-0.69,-7.8,4350000.0,1.26,-0.75,-1.39,-1.14,5.69,45.09,0.28,0.7,-0.34,35.755516,3.4328239e-06,40.271885,3,LightGBM+RNN+LSTM
[LN2141   ] [chunk_19_phase_5_optimization.py] [info] 970,24.427526,4.8132405,147.38,146.37,14.029,5.101694,5657.0,9.1,9.23,0.22,-0.82,1920000.0,-0.22,-0.73,-2.06,-0.69,2.71,48.89,2.09,0.64,-0.69,28.69047,7.3067713e-06,30.409864,3,LightGBM+RNN+LSTM
[LN2142   ] [chunk_19_phase_5_optimization.py] [info] 971,22.12691,4.9496813,199.213,199.333,11.576041,5.5748878,1359.0,-31.38,-38.37,-17.16,-22.97,158010.0,-14.61,-4.32,-1.65,-0.5,5.69,46.21,0.32,0.67,0.69,35.755516,7.326144e-05,40.271885,3,LightGBM+RNN+LSTM
[LN2143   ] [chunk_19_phase_5_optimization.py] [info] 972,21.26559,4.9496813,162.0,161.51,10.778665,5.385137,149.0,-17.99,-11.91,-13.4,-8.66,75740.0,-8.03,-11.42,-9.51,-0.65,4.51,38.47,4.03,0.63,-0.3,29.991808,0.00014231139,32.630383,3,LightGBM+RNN+LSTM
[LN2144   ] [chunk_19_phase_5_optimization.py] [info] 973,20.47611,1.2267123,3.52,3.52,8.084254,3.7882721,3250.0,-82.48,-91.37,-46.48,-51.37,15040.0,-15.96,-0.74,-1.92,8.04,0.24,55.27,14.79,0.22,0.03,0.9291835,0.0005375169,2.8694584,3,LightGBM+RNN+LSTM
[LN2145   ] [chunk_19_phase_5_optimization.py] [info] 974,16.182947,0.32930374,0.54,0.54,11.793016,2.3693087,2124.0,-85.09,0.0,-66.51,0.0,233350.0,-21.13,-8.19,-24.75,-9.41,0.06,41.44,-4.14,0.57,-8.65,0.22791457,5.053789e-05,1.6398234,3,LightGBM+RNN+LSTM
[LN2146   ] [chunk_19_phase_5_optimization.py] [info] 975,15.341567,1.6639261,6.72,6.18,11.543367,5.5748878,1717.0,-87.95,-91.53,-60.93,-39.32,1170000.0,-23.56,3.48,16.82,0.62,1.05,49.43,-16.94,0.09,-8.04,1.1085424,9.866126e-06,3.7141073,3,LightGBM+RNN+LSTM
[LN2147   ] [chunk_19_phase_5_optimization.py] [info] 976,23.503946,4.884089,134.36,134.43,13.638345,5.161237,3249.0,-13.03,-11.91,-11.12,-15.7,820720.0,-11.36,-3.57,-4.27,-0.64,2.05,41.51,2.28,1.02,0.05,26.046082,1.6617538e-05,27.524069,3,LightGBM+RNN+LSTM
[LN2148   ] [chunk_19_phase_5_optimization.py] [info] 977,19.522255,1.5496879,3.71,3.7,8.526549,2.9806187,317.0,-45.43,-66.49,-49.24,-66.18,12310.0,-30.89,-11.66,-14.45,-9.5,0.24,33.85,-8.42,0.41,-0.27,1.241353,0.00069265225,2.3875775,3,LightGBM+RNN+LSTM
[LN2149   ] [chunk_19_phase_5_optimization.py] [info] 978,18.139776,4.5635147,119.4,116.99,6.324359,5.102363,1529.0,-8.72,-15.66,-2.82,-0.25,7400.0,-2.48,1.33,-0.43,0.29,3.6,50.76,-0.85,0.26,-2.02,22.92859,0.0008546431,25.635942,3,LightGBM+RNN+LSTM
[LN2150   ] [chunk_19_phase_5_optimization.py] [info] 979,16.443796,0.70803577,1.27,1.19,14.4932,2.5787005,3450.0,-84.99,-87.38,-46.95,-32.77,7740000.0,0.0,-11.88,-10.53,-16.08,0.16,41.37,-18.12,0.25,-6.3,0.46147275,1.8725065e-06,1.680706,3,LightGBM+RNN+LSTM
[LN2151   ] [chunk_19_phase_5_optimization.py] [info] 980,16.042294,0.8671005,1.69,1.63,12.273852,1.5810385,4996.0,-43.99,-44.56,-31.27,-39.18,4460000.0,-19.31,-12.46,-33.2186,-15.68,0.28,44.11,-18.12,0.05,-3.55,1.030968,2.751985e-06,1.8798282,3,LightGBM+RNN+LSTM
[LN2152   ] [chunk_19_phase_5_optimization.py] [info] 981,24.625643,4.9496813,199.213,199.333,13.764239,5.5748878,238.0,97.57,57.1,41.69,92.13,1180000.0,41.74,1.44,2.31,0.47,5.69,51.5,-1.14,0.8,-1.92,35.755516,1.166461e-05,40.271885,3,LightGBM+RNN+LSTM
[LN2153   ] [chunk_19_phase_5_optimization.py] [info] 982,21.015936,4.4754033,105.56,101.85,10.208284,4.724818,3779.0,-7.15,7.01,0.58,0.25,18780.0,1.69,-2.06,-1.25,-3.74,2.7,40.03,-2.83,1.44,-3.51,21.556385,0.0005435721,22.757727,3,LightGBM+RNN+LSTM
[LN2154   ] [chunk_19_phase_5_optimization.py] [info] 983,22.11951,4.9496813,199.213,199.333,11.520854,5.5748878,1359.0,-31.85,-38.61,-17.89,-20.97,157920.0,-15.16,-5.32,-5.02,-1.19,5.69,44.47,-0.71,0.64,-1.33,35.755516,7.2953735e-05,40.271885,3,LightGBM+RNN+LSTM
[LN2155   ] [chunk_19_phase_5_optimization.py] [info] 984,20.329067,0.70803577,12.46,9.76,12.691562,3.631515,3353.0,42.9,144.143,37.59,47.21,706260.0,77.9365,-21.7,-26.73,-19.83,4.21,40.18,-18.12,0.46,-8.65,2.6875834,1.7970098e-05,13.784614,3,LightGBM+RNN+LSTM
[LN2156   ] [chunk_19_phase_5_optimization.py] [info] 985,18.135662,4.5635147,116.99,116.51,6.324359,5.102363,1529.0,-9.09,-18.06,-3.18,-2.08,7400.0,-0.3,0.8,-1.25,-0.09,3.38,49.69,-2.13,0.16,-0.41,22.834517,0.0008546431,25.530762,3,LightGBM+RNN+LSTM
[LN2157   ] [chunk_19_phase_5_optimization.py] [info] 986,23.383526,4.9496813,199.213,199.333,13.512849,5.5748878,5657.0,-25.63,-29.9,-22.44,-21.05,447580.0,-27.29,-11.0,-10.9,-8.66,5.69,32.69,-2.01,1.65,-7.05,35.755516,3.0190913e-05,40.271885,3,LightGBM+RNN+LSTM
[LN2158   ] [chunk_19_phase_5_optimization.py] [info] 987,19.52491,1.5871923,3.89,3.71,8.39931,2.9806187,317.0,-45.28,-66.24,-49.26,-71.79,12300.0,-22.47,-11.67,-13.32,-9.93,0.24,34.1,-10.82,0.36,-4.63,1.2447081,0.00068287074,2.337461,3,LightGBM+RNN+LSTM
[LN2159   ] [chunk_19_phase_5_optimization.py] [info] 988,24.625643,4.9496813,199.213,199.333,12.825291,5.5748878,744.0,9.74,12.44,9.42,22.78,561000.0,0.15,-1.33,-0.26,-3.02,5.69,42.92,-3.96,0.66,-0.41,35.755516,2.286148e-05,40.271885,3,LightGBM+RNN+LSTM
[LN2160   ] [chunk_19_phase_5_optimization.py] [info] 989,15.345905,1.7800242,8.59,8.05,10.274396,5.406903,1225.0,-87.95,-90.81,-61.38,-35.5,51640.0,-8.73,1.74,-3.36,-12.93,0.64,40.03,-15.17,0.56,-6.24,1.4888376,0.00019896196,4.5224104,3,LightGBM+RNN+LSTM
[LN2161   ] [chunk_19_phase_5_optimization.py] [info] 990,23.854403,4.8388977,187.99,188.03,13.436514,5.3980722,5657.0,1.54,34.54,3.83,24.19,1240000.0,3.48,-4.0,-6.17,-1.76,5.42,44.76,0.28,0.55,0.02,34.832806,1.0835898e-05,38.858025,3,LightGBM+RNN+LSTM
[LN2162   ] [chunk_19_phase_5_optimization.py] [info] 991,24.625643,4.9496813,199.213,199.333,14.59434,5.5748878,3248.0,8.96,11.41,2.62,7.15,2610000.0,0.98,-0.96,0.87,0.88,5.69,52.05,4.34,0.83,0.42,35.755516,5.591701e-06,40.271885,3,LightGBM+RNN+LSTM
[LN2163   ] [chunk_19_phase_5_optimization.py] [info] 992,15.088077,1.258461,2.58,2.34,12.532736,5.5748878,5519.0,-87.95,-91.53,-75.8886,-74.63,353560.0,-60.19,-35.48,-33.2186,-19.83,1.17,24.91,-18.12,0.78,-8.65,0.41973937,3.544727e-05,1.859414,3,LightGBM+RNN+LSTM
[LN2164   ] [chunk_19_phase_5_optimization.py] [info] 993,15.384127,0.6729445,2.45,2.02,13.336847,2.6803365,4672.0,-68.63,-82.53,-51.27,-71.91,1220000.0,-0.49,1.16,-7.76,-9.23,0.31,47.22,-1.94,0.51,-8.65,0.7536368,1.0931842e-05,3.0017335,3,LightGBM+RNN+LSTM
[LN2165   ] [chunk_19_phase_5_optimization.py] [info] 994,16.841772,0.48242614,1.43,1.34,11.903879,1.6486586,119.0,27.62,-52.14,2.92,20.72,331240.0,-22.12,-19.49,-33.2186,-19.83,0.22,37.71,-2.19,0.45,-6.29,0.812782,3.5937323e-05,2.7776272,3,LightGBM+RNN+LSTM
[LN2166   ] [chunk_19_phase_5_optimization.py] [info] 995,15.121138,1.7783364,5.02,4.85,11.138959,4.447346,119.0,-87.95,-84.05,-75.8886,-74.63,301380.0,-60.19,-35.48,-33.2186,-19.83,0.86,29.91,-18.12,0.23,-3.39,1.090538,3.695985e-05,2.727268,3,LightGBM+RNN+LSTM
[LN2167   ] [chunk_19_phase_5_optimization.py] [info] 996,16.604834,0.43825492,0.92,0.9,10.723619,2.0175662,2899.0,-78.99,-86.21,-52.19,-62.64,736270.0,-21.12,-4.16,4.1,0.4,0.1,47.97,-12.7,0.06,-1.73,0.44608203,1.4564793e-05,2.053599,3,LightGBM+RNN+LSTM
[LN2168   ] [chunk_19_phase_5_optimization.py] [info] 997,18.728018,0.9242589,2.24,2.15,11.043642,3.08603,3023.0,-82.08,-80.51,-62.63,-73.78,277320.0,-43.57,-9.1,-8.12,-15.45,0.27,41.13,-18.12,0.23,-4.02,0.696688,3.982274e-05,2.326188,3,LightGBM+RNN+LSTM
[LN2169   ] [chunk_19_phase_5_optimization.py] [info] 998,15.145235,0.91629076,2.12,1.74,12.3528185,1.5496879,2898.0,-43.87,9.43,-20.54,-11.22,261260.0,-19.44,-4.74,-4.92,-2.06,0.17,47.59,1.75,0.89,-8.65,1.1228067,4.728171e-05,1.8989606,3,LightGBM+RNN+LSTM
[LN2170   ] [chunk_19_phase_5_optimization.py] [info] 999,17.478815,1.1281711,3.55,3.49,12.143973,1.9315214,679.0,-7.28,-40.68,-5.07,40.83,286850.0,-24.56,-20.63,-32.52,-13.73,0.23,31.19,-7.92,0.66,-1.69,1.8068658,4.2335625e-05,3.0935023,3,LightGBM+RNN+LSTM
[LN2171   ] [chunk_19_phase_5_optimization.py] [info] 1000,23.949316,4.4091554,106.23,104.75,13.48591,4.8696094,788.0,-8.07,-6.12,-1.42,-13.1,883710.0,-9.16,1.1,5.01,0.9,3.13,52.36,-0.31,0.81,-1.39,21.510965,1.526056e-05,23.757385,3,LightGBM+RNN+LSTM
[LN2172   ] [chunk_19_phase_5_optimization.py] [info] 1001,18.570564,0.87546873,5.3,4.98,11.297353,1.8421357,4899.0,44.77,144.143,24.92,43.1,51050.0,12.16,9.35,3.97,5.08,0.32,57.71,14.79,1.58,-6.04,2.703384,0.00022129976,5.688381,3,LightGBM+RNN+LSTM
[LN2173   ] [chunk_19_phase_5_optimization.py] [info] 1002,16.914701,0.87962675,1.68,1.56,12.120672,3.1441522,3517.0,-63.47,0.0,-75.8886,0.0,380490.0,-60.19,-35.48,-33.2186,-19.83,1.12,25.18,-6.02,0.48,-7.14,0.49615917,3.185543e-05,1.7734795,3,LightGBM+RNN+LSTM
[LN2174   ] [chunk_19_phase_5_optimization.py] [info] 1003,24.625643,4.9496813,199.213,199.333,14.534232,5.5748878,5346.0,10.6,1.48,2.82,21.62,1280000.0,-11.53,-2.01,0.82,-2.58,5.69,42.23,-3.3,1.6,-3.7,35.755516,1.13548695e-05,40.271885,3,LightGBM+RNN+LSTM
[LN2175   ] [chunk_19_phase_5_optimization.py] [info] 1004,24.625643,4.9496813,199.213,199.333,13.16401,5.5748878,3518.0,-3.33,-5.96,1.72,5.35,888680.0,5.19,-3.63,-5.07,-1.3,5.69,42.26,1.8,0.59,-0.28,35.755516,1.4812992e-05,40.271885,3,LightGBM+RNN+LSTM
[LN2176   ] [chunk_19_phase_5_optimization.py] [info] 1005,23.46604,4.612146,199.213,196.76,14.147217,5.4064093,3551.0,44.53,54.75,23.8,66.17,968570.0,8.26,1.19,-4.6,-5.47,5.69,44.04,-3.81,1.44,-5.03,36.39384,1.4606292e-05,42.66127,3,LightGBM+RNN+LSTM
[LN2177   ] [chunk_19_phase_5_optimization.py] [info] 1006,21.380785,2.8948064,19.66,18.19,15.739708,3.5681233,2783.0,-37.32,-38.82,-29.83,-21.05,2760000.0,-29.21,-11.4,4.42,-2.88,0.93,42.03,-2.83,2.44,-7.48,5.097918,5.702793e-06,6.283667,3,LightGBM+RNN+LSTM
[LN2178   ] [chunk_19_phase_5_optimization.py] [info] 1007,22.716604,4.9496813,199.213,199.333,13.682563,5.5748878,5657.0,-7.5,-29.08,-8.25,21.49,865740.0,-12.26,-6.75,3.48,3.96,5.69,50.84,5.03,1.01,-1.5,35.755516,1.5804471e-05,40.271885,3,LightGBM+RNN+LSTM
[LN2179   ] [chunk_19_phase_5_optimization.py] [info] 1008,22.236193,4.9496813,199.213,199.333,11.663352,5.5748878,1402.0,28.38,27.8,16.62,19.33,159720.0,39.04,6.74,0.09,4.9,5.69,59.58,8.16,0.73,-0.83,35.755516,7.3023744e-05,40.271885,3,LightGBM+RNN+LSTM
[LN2180   ] [chunk_19_phase_5_optimization.py] [info] 1009,16.766768,0.85015094,1.77,1.7,10.677223,2.0579624,3363.0,12.58,-2.86,-0.99,20.54,1540000.0,4.29,-18.89,-30.89,-19.83,0.25,35.82,-18.12,0.03,-3.95,0.82605976,6.933262e-06,1.9996449,3,LightGBM+RNN+LSTM
[LN2181   ] [chunk_19_phase_5_optimization.py] [info] 1010,20.036797,1.2089603,3.28,3.31,12.423134,3.4995332,3246.0,-33.8,0.0,-61.82,-65.05,482210.0,-43.71,-2.09,1.22,2.4,0.14,47.21,2.48,0.52,0.91,0.9458404,2.5762913e-05,2.7378895,3,LightGBM+RNN+LSTM
[LN2182   ] [chunk_19_phase_5_optimization.py] [info] 1011,15.088077,1.704748,4.91,4.86,10.96067,5.5748878,2901.0,-87.95,-88.36,-75.8886,-56.8,55200.0,-56.37,-34.88,-33.2186,-19.83,0.78,32.48,-4.14,1.04,-1.02,0.8717664,0.00019856286,2.850861,3,LightGBM+RNN+LSTM
[LN2183   ] [chunk_19_phase_5_optimization.py] [info] 1012,24.625643,4.9496813,199.213,199.333,15.1740885,5.5748878,1842.0,8.66,3.57,8.67,30.81,2230000.0,-6.31,-0.75,-2.15,-3.35,5.69,42.5,-5.53,1.74,-3.44,35.755516,6.804524e-06,40.271885,3,LightGBM+RNN+LSTM
[LN2184   ] [chunk_19_phase_5_optimization.py] [info] 1013,17.031582,0.31481075,0.79,0.77,11.463966,1.0784096,949.0,9.06,-51.55,-9.99,53.84,163950.0,-49.65,-25.71,-25.21,-11.15,0.06,33.85,-6.96,0.58,-2.15,0.7140144,6.992355e-05,2.445914,3,LightGBM+RNN+LSTM
[LN2185   ] [chunk_19_phase_5_optimization.py] [info] 1014,20.165821,4.9496813,199.213,199.333,13.040611,5.5748878,1530.0,-26.8,-14.38,-1.0,8.07,111220.0,1.53,-7.09,-12.27,-3.87,5.69,42.36,-3.2,2.44,0.61,35.755516,0.000117250594,40.271885,3,LightGBM+RNN+LSTM
[LN2186   ] [chunk_19_phase_5_optimization.py] [info] 1015,23.462814,4.8802986,183.58,183.41,14.028836,5.3491054,4505.0,39.11,20.26,8.57,-0.1,1070000.0,18.34,-2.53,-3.19,-6.82,5.69,40.24,-11.25,1.15,-0.09,34.287975,1.3111062e-05,37.581715,3,LightGBM+RNN+LSTM
[LN2187   ] [chunk_19_phase_5_optimization.py] [info] 1016,21.4214,4.2824826,90.1,89.01,11.844198,4.705739,3141.0,-3.4,0.44,0.63,-3.0,167290.0,7.98,-2.67,1.38,2.05,2.26,51.54,2.5,0.83,-1.2,18.9152,7.08004e-05,20.784674,3,LightGBM+RNN+LSTM
[LN2188   ] [chunk_19_phase_5_optimization.py] [info] 1017,16.031448,1.1939225,2.79,2.62,11.578133,3.2084215,2895.0,-42.29,-88.69,-31.83,-29.76,106670.0,-31.77,-18.05,-26.82,-14.71,0.23,37.15,-14.66,1.0,-6.09,0.816601,0.0001085416,2.1944473,3,LightGBM+RNN+LSTM
[LN2189   ] [chunk_19_phase_5_optimization.py] [info] 1018,15.176487,1.4231083,3.38,3.41,10.12799,3.3877745,406.0,-46.38,-54.17,-54.2,-44.82,111750.0,-60.19,-35.48,-33.2186,-19.83,0.5,29.68,-14.96,0.22,0.89,1.0065606,9.063078e-05,2.3961632,3,LightGBM+RNN+LSTM
[LN2190   ] [chunk_19_phase_5_optimization.py] [info] 1019,16.158278,1.446919,3.54,3.33,11.689481,4.1658897,4853.0,-87.95,-91.53,-73.95,-74.63,495940.0,-60.19,-33.73,-7.5,-10.2,0.34,31.36,-11.2,0.24,-5.93,0.79934907,2.3570352e-05,2.301442,3,LightGBM+RNN+LSTM
[LN2191   ] [chunk_19_phase_5_optimization.py] [info] 1020,15.745582,1.7578579,5.99,6.02,9.395076,4.643429,1154.0,-83.14,-86.62,-74.73,-23.7,96650.0,-48.59,-33.29,-33.2186,-19.83,1.01,30.82,-14.49,0.12,0.5,1.2964557,9.72072e-05,3.4246225,3,LightGBM+RNN+LSTM
[LN2192   ] [chunk_19_phase_5_optimization.py] [info] 1021,24.625643,4.9496813,199.213,199.333,6.324359,5.5748878,823.0,8.2,5.48,-0.47,-6.6,7400.0,1.52,-0.51,-0.4,-1.0,5.69,45.89,-0.98,0.75,0.02,35.755516,0.0008546431,40.271885,3,LightGBM+RNN+LSTM
[LN2193   ] [chunk_19_phase_5_optimization.py] [info] 1022,17.61772,1.329724,3.38,3.09,6.324359,2.1610215,4470.0,-54.58,-13.93,-33.04,-23.13,11410.0,-33.97,-22.51,-11.97,-14.83,0.32,31.54,-12.96,0.03,-8.58,1.4298793,0.0005542821,2.3237906,3,LightGBM+RNN+LSTM
[LN2194   ] [chunk_19_phase_5_optimization.py] [info] 1023,15.810211,0.7654678,1.43,1.34,11.136456,1.7595806,2263.0,-57.99,-64.74,-25.23,-17.79,160080.0,-32.32,-7.14,-8.84,-8.52,0.09,39.89,-8.22,0.43,-6.29,0.7615451,6.9568065e-05,1.7505634,3,LightGBM+RNN+LSTM
[LN2195   ] [chunk_19_phase_5_optimization.py] [info] 1024,22.494823,4.9496813,197.19,193.99,12.501994,5.413252,3872.0,22.8,11.83,10.19,29.35,348730.0,2.17,-3.93,-3.99,-1.52,5.23,45.09,-0.05,0.77,-1.62,35.83613,3.585007e-05,39.19242,3,LightGBM+RNN+LSTM
[LN2196   ] [chunk_19_phase_5_optimization.py] [info] 1025,24.625643,4.777778,125.25,123.96,14.713084,5.478929,1989.0,-39.66,-37.13,-29.25,-29.93,5110000.0,-12.72,-5.53,-5.08,-0.91,2.97,43.63,5.05,0.48,-1.03,22.624859,2.8792729e-06,25.945114,3,LightGBM+RNN+LSTM
[LN2197   ] [chunk_19_phase_5_optimization.py] [info] 1026,16.502678,0.45742485,0.65,0.64,11.685828,1.8625286,2260.0,-63.0,-85.04,-58.69,-64.65,3090000.0,-60.19,-15.14,-20.84,-6.95,0.08,36.96,-3.45,0.04,-1.23,0.3436189,3.7818213e-06,1.3991369,3,LightGBM+RNN+LSTM
[LN2198   ] [chunk_19_phase_5_optimization.py] [info] 1027,17.14342,0.6259384,1.21,1.16,12.511643,3.517201,5657.0,-87.95,0.0,-75.8886,-74.63,980570.0,-60.19,-25.88,-15.33,3.58,0.18,44.55,2.65,0.28,-4.13,0.3298077,1.2759562e-05,1.8532174,3,LightGBM+RNN+LSTM
[LN2199   ] [chunk_19_phase_5_optimization.py] [info] 1028,15.769956,0.87962675,1.52,1.44,12.297069,3.864512,1147.0,-87.95,-90.16,-75.8886,-74.63,500010.0,-60.19,-24.59,-10.0,-8.48,0.14,34.17,-13.25,0.44,-5.26,0.37262142,2.4593646e-05,1.637058,3,LightGBM+RNN+LSTM
[LN2200   ] [chunk_19_phase_5_optimization.py] [info] 1029,16.699753,0.26236427,0.53,0.54,13.307556,2.177022,2904.0,-76.67,-79.99,-75.8886,-74.63,2860000.0,-60.19,-35.48,-33.2186,-19.83,0.1,33.07,-2.4,0.21,-0.28,0.24804528,4.6529917e-06,2.058207,3,LightGBM+RNN+LSTM
[LN2201   ] [chunk_19_phase_5_optimization.py] [info] 1030,15.912301,0.7371641,4.45,4.04,11.43831,4.60976,150.0,-87.95,-91.53,-66.05,39.31,3800000.0,63.56,-7.97,-33.2186,-19.83,0.88,38.04,-16.36,0.02,-8.65,0.8764014,3.0100814e-06,5.4804626,3,LightGBM+RNN+LSTM
[LN2202   ] [chunk_19_phase_5_optimization.py] [info] 1031,17.267084,1.4655676,4.09,3.87,9.6492405,2.095561,4223.0,-9.52,-21.86,-17.34,-19.42,9440.0,-24.31,-17.62,-16.82,-11.92,0.28,33.86,-14.17,1.64,-5.43,1.8467609,0.0010221653,2.6406152,3,LightGBM+RNN+LSTM
[LN2203   ] [chunk_19_phase_5_optimization.py] [info] 1032,16.271675,0.99694866,3.48,3.25,12.2736845,2.261763,4800.0,-7.14,0.0,-0.38,45.09,840370.0,19.49,-20.48,-33.2186,-19.83,0.45,36.16,-18.12,0.25,-6.61,1.4369321,1.4605096e-05,3.2599473,3,LightGBM+RNN+LSTM
[LN2204   ] [chunk_19_phase_5_optimization.py] [info] 1033,19.539913,1.3350011,25.7,24.5,8.106515,4.0208774,319.0,115.5665,0.0,-17.59,0.0,89450.0,28.14,-29.82,-31.08,-10.98,2.57,37.8,-4.93,0.04,-4.67,6.0931973,9.0626214e-05,18.352045,3,LightGBM+RNN+LSTM
[LN2205   ] [chunk_19_phase_5_optimization.py] [info] 1034,22.8727,4.9496813,199.213,199.333,11.963663,5.5748878,4291.0,-2.4,-4.35,-2.73,0.52,173240.0,-0.31,-2.02,-3.15,-2.05,5.69,44.93,2.52,0.91,-0.15,35.755516,6.905832e-05,40.271885,3,LightGBM+RNN+LSTM
[LN2206   ] [chunk_19_phase_5_optimization.py] [info] 1035,22.10956,1.8213183,30.92,27.81,10.286059,4.036892,3738.0,115.5665,0.0,14.87,149.1765,78790.0,-44.06,-30.07,-20.99,-9.93,4.11,39.6,-9.71,0.37,-8.65,6.888963,0.00013055031,15.26916,3,LightGBM+RNN+LSTM
[LN2207   ] [chunk_19_phase_5_optimization.py] [info] 1036,17.289959,0.5068176,0.78,0.77,12.97336,1.0224509,4704.0,-36.36,-49.34,-15.72,-27.7,380610.0,5.47,-13.53,-29.36,-5.57,0.07,39.07,-3.75,1.13,-1.28,0.75309235,3.4085704e-05,1.5192842,3,LightGBM+RNN+LSTM
[LN2208   ] [chunk_19_phase_5_optimization.py] [info] 1037,23.377914,4.638895,152.03,148.31,13.412825,5.1310816,2400.0,-5.52,-2.54,7.58,31.42,890330.0,-0.34,3.21,5.88,1.64,3.96,55.21,2.85,0.75,-2.45,28.904238,1.5065004e-05,31.970976,3,LightGBM+RNN+LSTM
[LN2209   ] [chunk_19_phase_5_optimization.py] [info] 1038,16.944023,0.95551145,2.55,2.4,12.515383,3.317091,860.0,-49.79,43.71,-35.33,-42.72,263360.0,-24.05,-10.82,-9.43,-12.84,0.2,37.43,-11.11,1.03,-5.88,0.7235255,4.7521957e-05,2.5117438,3,LightGBM+RNN+LSTM
[LN2210   ] [chunk_19_phase_5_optimization.py] [info] 1039,19.287823,1.7715567,11.96,10.97,11.949689,3.0243196,119.0,-23.34,0.0,-2.38,28.76,138530.0,-18.56,-5.17,-4.11,-19.83,1.11,35.98,-18.12,1.12,-8.28,3.6272619,8.626066e-05,6.1922936,3,LightGBM+RNN+LSTM
[LN2211   ] [chunk_19_phase_5_optimization.py] [info] 1040,24.294487,4.735145,156.15,153.33,14.465102,5.1719036,3242.0,18.4,33.38,5.44,15.53,2370000.0,0.18,-5.3,-5.4,-1.73,3.87,41.41,1.07,0.81,-1.81,29.646725,6.1034184e-06,32.381268,3,LightGBM+RNN+LSTM
[LN2212   ] [chunk_19_phase_5_optimization.py] [info] 1041,17.582508,0.6151856,0.93,0.92,13.286314,1.4996231,4119.0,-43.57,-70.52,-28.13,-30.32,491620.0,-22.05,-16.34,-13.23,-5.64,0.07,37.31,-2.73,1.2,-1.62,0.6134875,2.7025577e-05,1.4954835,3,LightGBM+RNN+LSTM
[LN2213   ] [chunk_19_phase_5_optimization.py] [info] 1042,20.269136,3.115735,114.5,114.31,11.635073,5.221814,3820.0,115.5665,144.143,21.51,-21.19,195910.0,19.38,18.03,10.25,9.9,5.69,60.59,7.83,0.58,-0.17,21.89086,5.9389884e-05,36.687973,3,LightGBM+RNN+LSTM
[LN2214   ] [chunk_19_phase_5_optimization.py] [info] 1043,15.663965,0.33647224,0.53,0.54,12.657622,2.4221444,3152.0,-64.96,0.0,-24.38,-28.31,1090000.0,-24.19,-8.64,4.9,-6.42,0.09,46.28,-15.52,0.29,-8.46,0.22294295,1.16124975e-05,1.6048872,3,LightGBM+RNN+LSTM
[LN2215   ] [chunk_19_phase_5_optimization.py] [info] 1044,15.568183,0.41871032,1.39,1.39,6.324359,2.3978953,3015.0,-64.8,-83.85,-51.44,-66.51,395590.0,-47.15,7.56,-4.79,17.61,0.15,67.12,14.79,0.01,0.0,0.579675,1.5987156e-05,3.3197174,3,LightGBM+RNN+LSTM
[LN2216   ] [chunk_19_phase_5_optimization.py] [info] 1045,21.96164,4.9496813,199.213,199.333,11.53159,5.5748878,2906.0,-15.1,-9.63,-11.3,-7.23,119740.0,-15.2,-6.04,-3.6,-0.86,5.69,44.15,-1.39,0.85,-0.23,35.755516,9.6305244e-05,40.271885,3,LightGBM+RNN+LSTM
[LN2217   ] [chunk_19_phase_5_optimization.py] [info] 1046,18.677801,1.5040774,3.93,3.83,9.847075,2.2082744,1782.0,-49.51,-24.76,-26.57,-22.48,34310.0,-22.94,-13.21,-17.99,-5.57,0.32,44.49,8.81,0.55,-2.54,1.7343858,0.0002870031,2.5464115,3,LightGBM+RNN+LSTM
[LN2218   ] [chunk_19_phase_5_optimization.py] [info] 1047,24.625643,4.9496813,199.213,199.333,14.3409605,5.5748878,1661.0,17.37,6.11,5.27,14.75,1300000.0,1.2,0.2,3.0,0.07,4.49,51.35,1.63,1.3,-0.36,35.755516,1.1031509e-05,40.271885,3,LightGBM+RNN+LSTM
[LN2219   ] [chunk_19_phase_5_optimization.py] [info] 1048,16.935228,0.6881346,1.22,1.1,11.024041,1.0473189,2256.0,-5.98,-39.23,-5.95,-2.65,123680.0,-1.79,0.24,-7.56,-3.99,0.07,45.58,-17.29,0.5,-8.65,1.0503008,8.913357e-05,1.5985243,3,LightGBM+RNN+LSTM
[LN2220   ] [chunk_19_phase_5_optimization.py] [info] 1049,24.625643,4.9496813,199.213,199.333,14.8678465,5.5748878,4164.0,-6.21,-10.37,-14.69,-16.82,3110000.0,-11.8,-8.76,-8.09,-6.43,5.36,32.7,-0.52,0.92,-0.92,35.755516,4.780658e-06,40.271885,3,LightGBM+RNN+LSTM
[LN2221   ] [chunk_19_phase_5_optimization.py] [info] 1050,15.475642,1.512927,4.35,4.01,11.025344,5.5748878,2114.0,-87.95,-91.53,-75.8886,-58.09,159150.0,-60.19,-35.48,-33.2186,-18.91,0.87,35.98,-8.24,0.39,-7.82,0.719297,6.927643e-05,2.6504915,3,LightGBM+RNN+LSTM
[LN2222   ] [chunk_19_phase_5_optimization.py] [info] 1051,15.3129,0.91629076,1.76,1.64,10.787627,2.791165,784.0,-74.77,-58.53,-62.09,-74.63,163590.0,-21.15,-17.34,-29.91,-5.42,0.15,40.29,-8.38,0.3,-6.82,0.5875682,6.594307e-05,1.789825,3,LightGBM+RNN+LSTM
[LN2223   ] [chunk_19_phase_5_optimization.py] [info] 1052,18.090649,1.5454326,5.18,4.98,11.207839,3.1000922,5657.0,-50.27,-74.54,-25.67,-34.47,28720.0,-19.02,3.04,2.68,-12.69,0.55,43.52,-18.12,2.44,-3.86,1.6064038,0.0003902451,3.2223988,3,LightGBM+RNN+LSTM
[LN2224   ] [chunk_19_phase_5_optimization.py] [info] 1053,15.281078,1.5368673,5.25,4.84,10.72384,5.5748878,4428.0,-87.95,-91.53,-75.8886,-74.63,351980.0,-60.19,-35.48,-33.2186,-19.83,2.45,32.34,-18.12,0.13,-7.81,0.8681789,3.0467185e-05,3.1492636,3,LightGBM+RNN+LSTM
[LN2225   ] [chunk_19_phase_5_optimization.py] [info] 1054,18.969034,0.96317434,7.2,7.16,10.148784,3.083285,1483.0,63.64,-6.93,-9.29,149.1765,109750.0,-59.76,-30.48,-26.62,-15.24,0.87,34.91,-17.38,0.23,-0.69,2.3221984,9.247183e-05,7.433753,3,LightGBM+RNN+LSTM
[LN2226   ] [chunk_19_phase_5_optimization.py] [info] 1055,15.518439,0.5877867,0.82,0.78,13.40673,3.0726933,2907.0,-87.95,-85.07,-75.8886,-74.63,1100000.0,-60.19,-35.48,-33.2186,-19.83,0.88,26.13,-18.12,0.6,-4.97,0.25384897,1.2187937e-05,1.3270121,3,LightGBM+RNN+LSTM
[LN2227   ] [chunk_19_phase_5_optimization.py] [info] 1056,15.492607,0.5007753,0.76,0.72,11.453536,1.6845454,3014.0,-77.17,-83.35,-36.69,-55.88,124050.0,-2.32,-4.68,-1.43,-4.9,0.04,42.73,-0.5,0.76,-5.65,0.427415,9.2329996e-05,1.4377706,3,LightGBM+RNN+LSTM
[LN2228   ] [chunk_19_phase_5_optimization.py] [info] 1057,19.449299,1.0647107,5.09,4.75,14.968664,3.1599748,5464.0,35.32,31.58,-21.95,-56.86,6940000.0,-25.9,-27.26,-23.01,-19.83,0.65,35.79,-18.12,0.46,-6.68,1.5031766,2.156868e-06,4.4613056,3,LightGBM+RNN+LSTM
[LN2229   ] [chunk_19_phase_5_optimization.py] [info] 1058,15.088077,1.0986123,2.9,2.85,9.5668955,1.7065647,5657.0,-22.76,0.0,-19.41,0.0,335190.0,0.0,-19.41,-23.54,-17.73,0.45,40.37,-18.12,0.04,-1.74,1.6700218,2.8541708e-05,2.5941818,3,LightGBM+RNN+LSTM
[LN2230   ] [chunk_19_phase_5_optimization.py] [info] 1059,24.625643,4.9496813,199.213,199.333,15.852932,5.5748878,2888.0,22.69,30.5,7.87,22.1,8130000.0,-0.82,-2.95,-5.96,-3.91,5.69,38.8,-3.79,0.94,-1.0,35.755516,1.94993e-06,40.271885,3,LightGBM+RNN+LSTM
[LN2231   ] [chunk_19_phase_5_optimization.py] [info] 1060,20.281437,1.4838747,3.85,3.69,15.438725,1.9401795,635.0,-34.11,-42.34,-15.33,-6.58,2510000.0,-9.78,-10.68,-17.82,-4.98,0.14,35.71,0.0,2.02,-4.16,1.9018859,6.1508867e-06,2.486733,3,LightGBM+RNN+LSTM
[LN2232   ] [chunk_19_phase_5_optimization.py] [info] 1061,21.844944,4.7546244,131.48,130.3,11.854975,4.9529357,1282.0,7.38,8.11,3.72,-2.45,127290.0,7.19,0.88,-0.93,-3.33,2.64,42.82,-2.07,1.11,-0.9,26.30763,9.313359e-05,27.4049,3,LightGBM+RNN+LSTM
[LN2233   ] [chunk_19_phase_5_optimization.py] [info] 1062,24.625643,4.9496813,199.213,199.333,14.771642,5.5748878,4897.0,-6.4,-10.4,-9.7,7.6,2640000.0,-25.49,-11.98,-7.35,-2.62,5.69,43.29,4.22,0.98,-1.03,35.755516,5.5953187e-06,40.271885,3,LightGBM+RNN+LSTM
[LN2234   ] [chunk_19_phase_5_optimization.py] [info] 1063,24.554296,4.9496813,199.213,199.333,12.650679,5.5748878,2395.0,-8.54,-13.95,-5.42,-5.4,300240.0,-8.53,-1.78,1.17,0.67,5.69,48.54,1.0,1.04,-0.41,35.755516,4.213522e-05,40.271885,3,LightGBM+RNN+LSTM
[LN2235   ] [chunk_19_phase_5_optimization.py] [info] 1064,23.718498,4.9496813,199.213,199.333,12.969261,5.5748878,1275.0,-16.36,-19.93,-14.48,-10.02,464170.0,-15.14,-6.78,-5.01,-1.63,5.69,40.98,-1.64,0.92,-1.52,35.755516,2.7940758e-05,40.271885,3,LightGBM+RNN+LSTM
[LN2236   ] [chunk_19_phase_5_optimization.py] [info] 1065,24.625643,4.9496813,199.213,199.333,12.53354,5.5748878,3341.0,23.22,0.74,-6.51,-2.09,423510.0,-12.37,-9.72,-16.0,-5.01,5.69,40.44,2.29,0.66,-2.19,35.755516,2.9594437e-05,40.271885,3,LightGBM+RNN+LSTM
[LN2237   ] [chunk_19_phase_5_optimization.py] [info] 1066,17.51928,0.8020016,1.42,1.34,11.37793,2.343727,5657.0,-83.27,-83.31,-59.14,-45.08,232590.0,-47.04,-10.6,-12.42,-5.52,0.08,38.52,-3.6,0.38,-5.63,0.57173896,4.89184e-05,1.6708196,3,LightGBM+RNN+LSTM
[LN2238   ] [chunk_19_phase_5_optimization.py] [info] 1067,24.3436,4.9496813,199.213,199.333,12.1514845,5.5748878,3417.0,19.91,7.24,12.02,21.62,376150.0,5.74,-0.12,2.07,-1.7,5.69,46.33,-0.77,0.5,-0.51,35.755516,3.230489e-05,40.271885,3,LightGBM+RNN+LSTM
[LN2239   ] [chunk_19_phase_5_optimization.py] [info] 1068,17.303192,0.85441536,1.61,1.57,13.292458,1.9810015,3702.0,-70.15,-49.52,-22.65,-5.99,237560.0,-19.9,-4.59,2.61,-6.39,0.16,43.37,-12.29,2.44,-2.48,0.79252845,5.5954104e-05,1.8375138,3,LightGBM+RNN+LSTM
[LN2240   ] [chunk_19_phase_5_optimization.py] [info] 1069,16.042294,0.3852624,0.6,0.58,10.937686,2.4824035,2422.0,-84.9,0.0,-75.8886,-74.63,396850.0,-30.96,-8.18,-0.02,-3.73,0.06,40.57,-4.39,0.14,-2.54,0.23364453,2.756126e-05,1.5054674,3,LightGBM+RNN+LSTM
[LN2241   ] [chunk_19_phase_5_optimization.py] [info] 1070,18.79754,0.87129337,1.47,1.47,12.464004,2.1016922,1396.0,-71.89,-63.16,-65.05,-74.63,691680.0,-45.35,-20.72,-21.39,-7.4,0.09,33.56,0.68,0.37,0.0,0.6994364,1.8019899e-05,1.687147,3,LightGBM+RNN+LSTM
[LN2242   ] [chunk_19_phase_5_optimization.py] [info] 1071,16.721317,0.44468582,0.67,0.65,11.788471,2.320425,1397.0,-83.94,0.0,-75.8886,0.0,2900000.0,0.0,-35.48,-25.52,-8.44,0.25,37.32,-7.1,0.05,-3.32,0.2801211,4.06499e-06,1.4617062,3,LightGBM+RNN+LSTM
[LN2243   ] [chunk_19_phase_5_optimization.py] [info] 1072,24.593634,4.9496813,199.213,199.333,13.477151,5.5748878,3479.0,69.24,9.29,39.49,86.49,554150.0,40.45,11.43,9.53,4.42,5.69,58.52,-0.65,1.29,-2.65,35.755516,2.4320403e-05,40.271885,3,LightGBM+RNN+LSTM
[LN2244   ] [chunk_19_phase_5_optimization.py] [info] 1073,23.22224,4.7793756,199.213,199.333,12.38926,5.381969,430.0,46.01,56.23,19.28,25.28,477080.0,20.03,0.6,4.0,-1.9,5.69,47.27,-2.91,0.5,-0.83,37.03719,2.5968937e-05,41.706913,3,LightGBM+RNN+LSTM
[LN2245   ] [chunk_19_phase_5_optimization.py] [info]   Total consensus rows: 1073
[LN2246   ] [chunk_19_phase_5_optimization.py] [info] 
[LN2247   ] [chunk_19_phase_5_optimization.py] [info] FINAL PREDICTION RESULTS (sorted by inference_precision)
[LN2248   ] [chunk_19_phase_5_optimization.py] [info] 1. LightGBM     inference_precision=0.6848 inference_recall=0.6708 inference_auc=0.5655 inference_f1=0.6777 inference_fn=2532 inference_tn=1777 inference_tp=5160 inference_fp=2375
[LN2249   ] [chunk_19_phase_5_optimization.py] [info] 2. RNN          inference_precision=0.6796 inference_recall=0.4922 inference_auc=0.5422 inference_f1=0.5709 inference_fn=3906 inference_tn=2367 inference_tp=3786 inference_fp=1785
[LN2250   ] [chunk_19_phase_5_optimization.py] [info] 3. LSTM         inference_precision=0.6177 inference_recall=0.1674 inference_auc=0.4914 inference_f1=0.2635 inference_fn=6404 inference_tn=3355 inference_tp=1288 inference_fp=797
[LN2251   ] [chunk_19_phase_5_optimization.py] [info] Best architecture: LightGBM (inference_precision: 0.6848)
[LN2252   ] [chunk_19_phase_5_optimization.py] [info] phase 5 total time: 5.7s
[LN2253   ] [chunk_19_phase_5_optimization.py] [info] data points evaluated: 11844 (date(s)=[20251022 20251023])
[LN2254   ] [chunk_20_pipeline_main.py] [info] [time] Total execution time: 11830.12s
[LN2255   ] [chunk_20_pipeline_main.py] [info] Phase timings:
[LN2256   ] [chunk_20_pipeline_main.py] [info]    Pipeline Setup: 8.28s
[LN2257   ] [chunk_20_pipeline_main.py] [info]    Temporal Weighting: 0.10s
[LN2258   ] [chunk_20_pipeline_main.py] [info]    Phase Xa: Raw Feature Importance: 801.49s
[LN2259   ] [chunk_20_pipeline_main.py] [info]    Neural Ensemble: 11008.08s
[LN2260   ] [chunk_20_pipeline_main.py] [info]    Phase Xb: Temporal Precision Gap: 0.07s
[LN2261   ] [chunk_20_pipeline_main.py] [info]    Prediction Optimization: 5.65s
[LN2262   ] [chunk_20_pipeline_main.py] [info] [stat] Final Results:
[LN2263   ] [chunk_20_pipeline_main.py] [info]    inference_precision=0.6664
[LN2264   ] [chunk_20_pipeline_main.py] [info]    inference_recall=0.0930
[LN2265   ] [chunk_20_pipeline_main.py] [info]    inference_f1=0.1631
[LN2266   ] [chunk_20_pipeline_main.py] [info]    inference_auc=0.5034
[LN2267   ] [chunk_20_pipeline_main.py] [info] METRICS REVIEW REPORT
[LN2268   ] [chunk_20_pipeline_main.py] [info] [architecture performance] (sorted by validation_precision)
[LN2269   ] [chunk_20_pipeline_main.py] [info] 1. RNN             validation_precision=0.5522 validation_recall=0.3092 validation_auc=0.5062 validation_true_positives= 8897 validation_false_positives= 7214 PASS (Minimum Validation_Precision Required=0.53)
[LN2270   ] [chunk_20_pipeline_main.py] [info] 2. LSTM            validation_precision=0.5362 validation_recall=0.4122 validation_auc=0.4943 validation_true_positives=11861 validation_false_positives=10259 PASS (Minimum Validation_Precision Required=0.53)
[LN2271   ] [chunk_20_pipeline_main.py] [info] 3. LightGBM        validation_precision=0.5323 validation_recall=0.3464 validation_auc=0.4830 validation_true_positives= 9966 validation_false_positives= 8758 PASS (Minimum Validation_Precision Required=0.53)
[LN2272   ] [chunk_20_pipeline_main.py] [info] 4. CatBoost        validation_precision=0.5286 validation_recall=0.3759 validation_auc=0.4821 validation_true_positives=10817 validation_false_positives= 9646 FAIL (Minimum Validation_Precision Required=0.53)
[LN2273   ] [chunk_20_pipeline_main.py] [info] 5. Transformer     validation_precision=0.5220 validation_recall=0.5632 validation_auc=0.4763 validation_true_positives=16206 validation_false_positives=14841 FAIL (Minimum Validation_Precision Required=0.53)
[LN2274   ] [chunk_20_pipeline_main.py] [info] 6. Dense           validation_precision=0.1660 validation_recall=0.0326 validation_auc=0.7037 validation_true_positives=   39 validation_false_positives=  196 FAIL (Minimum Validation_Precision Required=0.53)
[LN2275   ] [chunk_20_pipeline_main.py] [info] 7. XGBoost         validation_precision=0.0896 validation_recall=0.0179 validation_auc=0.8249 validation_true_positives=    6 validation_false_positives=   61 FAIL (Minimum Validation_Precision Required=0.53)
[LN2276   ] [chunk_20_pipeline_main.py] [info] 8. VAE             validation_precision=0.0259 validation_recall=0.5506 validation_auc=0.7976 validation_true_positives=  185 validation_false_positives= 6951 FAIL (Minimum Validation_Precision Required=0.53)
[LN2277   ] [chunk_20_pipeline_main.py] [info] 9. CNN             validation_precision=0.0213 validation_recall=0.8988 validation_auc=0.8962 validation_true_positives=  302 validation_false_positives=13860 FAIL (Minimum Validation_Precision Required=0.53)
[LN2278   ] [chunk_20_pipeline_main.py] [info] [standardized metrics table]
[LN2279   ] [chunk_20_pipeline_main.py] [info] Architecture,Phase,Loss,Epochs,Precision,Recall,AUC,F1,TP,FP,TN,FN,MaxPred,MeanPred,StdPred,PctAboveThresh,BestEpoch,TrainingTime,LabelThresh,ThresholdSource,HPO_Trials,HPO_Improvement,KeyHyperparams,TrainLoss,ValLoss,LossDelta,MCC,PRAUC,Specificity,BalancedAccuracy,PredictionThreshold
[LN2280   ] [chunk_20_pipeline_main.py] [info] VAE,Train,binary_crossentropy,30,0.0191,0.6009,0.7954,0.0370,414,21263,97358,275,1.0000,0.2716,0.2208,N/A,0,0.0,20.0,section4,20,0.0000,dropout=0.0,learning_rate=0.002,latent_dim=32,0.0000,0.0000,0.0000,0.0829,0.0303,0.8207,0.7108,0.5
[LN2281   ] [chunk_20_pipeline_main.py] [info] VAE,Validation,binary_crossentropy,30,0.0259,0.5506,0.7976,0.0495,185,6951,45967,151,1.0000,0.2268,0.2145,N/A,0,0.0,20.0,section4,20,0.0000,dropout=0.0,learning_rate=0.002,latent_dim=32,0.0000,0.0000,0.0000,0.0974,0.0384,0.8686,0.7096,0.5
[LN2282   ] [chunk_20_pipeline_main.py] [info] VAE,Inference,N/A,N/A,N/A,N/A,N/A,N/A,N/A,N/A,N/A,N/A,N/A,N/A,N/A,N/A,N/A,N/A,N/A,N/A,N/A,N/A,N/A,N/A,N/A,N/A,N/A,N/A,N/A,N/A,N/A,N/A,N/A,N/A
[LN2283   ] [chunk_20_pipeline_main.py] [info] Dense,Train,binary_crossentropy,40,0.1619,0.0067,0.7545,0.0128,17,88,116668,2537,0.7988,0.0369,0.0432,N/A,0,0.0,10.0,section4,20,0.0000,units=256,layers=2,dropout=0.4,learning_rate=0.0005,0.0000,0.0000,0.0000,0.0288,0.0613,0.9992,0.5030,0.5
[LN2284   ] [chunk_20_pipeline_main.py] [info] Dense,Validation,binary_crossentropy,40,0.1660,0.0326,0.7037,0.0545,39,196,51861,1158,0.7988,0.0537,0.0740,N/A,0,0.0,10.0,section4,20,0.0000,units=256,layers=2,dropout=0.4,learning_rate=0.0005,0.0000,0.0000,0.0000,0.0644,0.0652,0.9962,0.5144,0.5
[LN2285   ] [chunk_20_pipeline_main.py] [info] Dense,Inference,N/A,N/A,N/A,N/A,N/A,N/A,N/A,N/A,N/A,N/A,N/A,N/A,N/A,N/A,N/A,N/A,N/A,N/A,N/A,N/A,N/A,N/A,N/A,N/A,N/A,N/A,N/A,N/A,N/A,N/A,N/A,N/A
[LN2286   ] [chunk_20_pipeline_main.py] [info] CNN,Train,binary_crossentropy,80,0.0191,0.9173,0.8978,0.0373,632,32523,86098,57,1.0000,0.2394,0.2812,N/A,0,0.0,20.0,section3,20,0.0000,filters=512,layers=1,dropout=0.05,learning_rate=0.0005,0.0000,0.0000,0.0000,0.1088,0.0555,0.7258,0.8215,0.5
[LN2287   ] [chunk_20_pipeline_main.py] [info] CNN,Validation,binary_crossentropy,80,0.0213,0.8988,0.8962,0.0417,302,13860,39058,34,1.0000,0.2357,0.3017,N/A,0,0.0,20.0,section3,20,0.0000,filters=512,layers=1,dropout=0.05,learning_rate=0.0005,0.0000,0.0000,0.0000,0.1141,0.0593,0.7381,0.8184,0.5
[LN2288   ] [chunk_20_pipeline_main.py] [info] CNN,Inference,N/A,N/A,N/A,N/A,N/A,N/A,N/A,N/A,N/A,N/A,N/A,N/A,N/A,N/A,N/A,N/A,N/A,N/A,N/A,N/A,N/A,N/A,N/A,N/A,N/A,N/A,N/A,N/A,N/A,N/A,N/A,N/A
[LN2289   ] [chunk_20_pipeline_main.py] [info] RNN,Train,binary_crossentropy,30,0.5406,0.4401,0.5452,0.4852,26285,22341,37248,33436,0.6833,0.5023,0.0399,N/A,0,0.0,0.0,section3,20,0.0000,units=64,layers=1,dropout=0.0,learning_rate=0.001,0.0000,0.0000,0.0000,0.0664,0.5371,0.6251,0.5326,0.5
[LN2290   ] [chunk_20_pipeline_main.py] [info] RNN,Validation,binary_crossentropy,30,0.5522,0.3092,0.5062,0.3964,8897,7214,17266,19877,0.6833,0.4967,0.0389,N/A,0,0.0,0.0,section3,20,0.0000,units=64,layers=1,dropout=0.0,learning_rate=0.001,0.0000,0.0000,0.0000,0.0157,0.5501,0.7053,0.5073,0.5
[LN2291   ] [chunk_20_pipeline_main.py] [info] RNN,Inference,binary_crossentropy,N/A,0.6796,0.4922,0.5422,0.5709,3786,1785,2367,3906,0.6736,0.5078,0.0426,47.04,N/A,N/A,0.0,N/A,N/A,N/A,N/A,0.5701,0.4299,0.5209,0.0595,0.6789,0.5311,0.50
[LN2292   ] [chunk_20_pipeline_main.py] [info] LSTM,Train,binary_crossentropy,30,0.5025,0.1962,0.5038,0.2823,11720,11603,47986,48001,0.9090,0.2852,0.2122,N/A,0,0.0,0.0,section4,20,0.0000,lstm_units=256,layers=2,dropout=0.1,learning_rate=0.0005,0.0000,0.0000,0.0000,0.0019,0.5050,0.8053,0.5008,0.5
[LN2293   ] [chunk_20_pipeline_main.py] [info] LSTM,Validation,binary_crossentropy,30,0.5362,0.4122,0.4943,0.4661,11861,10259,14221,16913,0.9090,0.4377,0.2385,N/A,0,0.0,0.0,section4,20,0.0000,lstm_units=256,layers=2,dropout=0.1,learning_rate=0.0005,0.0000,0.0000,0.0000,-0.0069,0.5239,0.5809,0.4966,0.5
[LN2294   ] [chunk_20_pipeline_main.py] [info] LSTM,Inference,binary_crossentropy,N/A,0.6177,0.1674,0.4914,0.2635,1288,797,3355,6404,0.8411,0.2833,0.1987,17.60,N/A,N/A,0.0,N/A,N/A,N/A,N/A,0.8080,0.1920,0.1960,-0.0307,0.6343,0.4877,0.50
[LN2295   ] [chunk_20_pipeline_main.py] [info] Transformer,Train,binary_crossentropy,3,0.5455,0.6274,0.5774,0.5836,37467,31215,28374,22254,0.7197,0.5040,0.0723,N/A,0,0.0,0.0,section3,20,0.0000,layers=1,dim=256,heads=4,dropout=0.0,learning_rate=0.0001,0.0000,0.0000,0.0000,0.1047,0.5717,0.4762,0.5518,0.5
[LN2296   ] [chunk_20_pipeline_main.py] [info] Transformer,Validation,binary_crossentropy,3,0.5220,0.5632,0.4763,0.5418,16206,14841,9639,12568,0.7197,0.5094,0.0685,N/A,0,0.0,0.0,section3,20,0.0000,layers=1,dim=256,heads=4,dropout=0.0,learning_rate=0.0001,0.0000,0.0000,0.0000,-0.0435,0.5389,0.3937,0.4785,0.5
[LN2297   ] [chunk_20_pipeline_main.py] [info] Transformer,Inference,N/A,N/A,N/A,N/A,N/A,N/A,N/A,N/A,N/A,N/A,N/A,N/A,N/A,N/A,N/A,N/A,N/A,N/A,N/A,N/A,N/A,N/A,N/A,N/A,N/A,N/A,N/A,N/A,N/A,N/A,N/A,N/A
[LN2298   ] [chunk_20_pipeline_main.py] [info] [info] CSV saved to metrics_summary.csv
[LN2299   ] [chunk_20_pipeline_main.py] [info] END OF METRICS REVIEW
[LN2300   ] [pipeline] [info] Pipeline execution validated successfully
Stock Analysis Pipeline completed successfully!
