[LN1      ] [pipeline] [info] Running in CPU mode
[LN2      ] [chunk_20_pipeline_main.py] [info] [running] Starting Stock Analysis Pipeline
[LN3      ] [chunk_20_pipeline_main.py] [info]    Data path: for_train_x_2025_10_24_clean.csv
[LN4      ] [chunk_20_pipeline_main.py] [info]    Dataset shape: 6,727,216 rows x 23 columns (937.4 MB)
[LN5      ] [chunk_20_pipeline_main.py] [info] date,Market_Cap,52W_Low,Prev_Close,Price,Volume,52W_High,Perf_YTD,Perf_Year,SMA200,Perf_Half_Y,Avg_Volume,Perf_Quarter,SMA50,Perf_Month,SMA20,ATR,RSI_14,Perf_Week,Rel_Volume,Change,ChangeY,Ticker_id
[LN6      ] [chunk_20_pipeline_main.py] [info] 20251023,4426490000000.0,86.62,180.28,182.16,110565391.0,195.62,35.65,26.76,24.47,71.15,173300000.0,4.99,1.48,2.93,-1.14,5.41,50.43,0.19,0.64,1.04,2.25,3830
[LN7      ] [chunk_20_pipeline_main.py] [info] 20251022,4380800000000.0,86.62,181.16,180.28,161368647.0,195.62,34.25,30.64,23.33,75.52,173780000.0,3.76,0.44,1.04,-2.04,5.58,47.71,0.25,0.93,-0.49,1.04,3830
[LN8      ] [chunk_20_pipeline_main.py] [info] 20220302,595250000000.0,109.4,234.77,242.2,38866671.0,-30.09,-17.65,89.15,4.22,8.2,52980000.0,-25.88,-6.9,-1.09,-1.43,15.31,47.85,8.19,0.73,3.16,-2.09,3830
[LN9      ] [chunk_20_pipeline_main.py] [info] 20220301,576990000000.0,102.97,243.85,234.77,41123365.0,-32.24,-20.18,75.12,1.22,3.48,53130000.0,-29.66,-10.09,2.79,-4.65,15.71,44.33,0.37,0.77,-3.72,3.16,3830
[LN10     ] [chunk_20_pipeline_main.py] [info]    Sampling: size=184408, enabled=True, forced=True
[LN11     ] [chunk_20_pipeline_main.py] [info]    hyperparameter_optimization: trials=5, continue_until_target=False, epochs_per_trial=5, stagnation_threshold=50
[LN12     ] [chunk_20_pipeline_main.py] [info]    Label_Thresholds: 20.0 to 0.0 (3 thresholds)
   [feature] Winsorized 21 features at 3/95 percentiles
   [feature] Log-transformed 4 skewed features
   [feature] Added 3 ratio features
   [feature] Total features: 21 -> 24
[LN13     ] [chunk_16_phase_1_setup.py] [info] Data loaded: 184408 samples, 24 features
[LN14     ] [chunk_02_utils_logging.py] [info] [date] Temporal Coverage:  Date range: 20250910 to 20251023  Unique dates: 32  Total samples: 184408
[LN15     ] [chunk_16_phase_1_setup.py] [info] Target Distribution (ChangeY):
[LN16     ] [chunk_16_phase_1_setup.py] [info]    Min: -99.75 | Max: 32500.00 | Mean: 0.05
[LN17     ] [chunk_16_phase_1_setup.py] [info]    Median: 0.00 | Std: 15.36
[LN18     ] [chunk_16_phase_1_setup.py] [warning] sanity check: Extreme target values detected (max=32500.00)
[LN19     ] [chunk_16_phase_1_setup.py] [info] [class] Class Distribution (LABEL_THRESHOLD=20.0):
[LN20     ] [chunk_16_phase_1_setup.py] [info]   Total samples: 6,727,216
[LN21     ] [chunk_16_phase_1_setup.py] [info]   Signal cases: 25,902 (0.4%)
[LN22     ] [chunk_16_phase_1_setup.py] [info]   Normal cases: 6,701,314 (99.6%)
[LN23     ] [chunk_16_phase_1_setup.py] [info]   Imbalance ratio: 258.7:1
[LN24     ] [chunk_16_phase_1_setup.py] [info] [class] Class Distribution (LABEL_THRESHOLD=10.0):
[LN25     ] [chunk_16_phase_1_setup.py] [info]   Total samples: 6,727,216
[LN26     ] [chunk_16_phase_1_setup.py] [info]   Signal cases: 106,942 (1.6%)
[LN27     ] [chunk_16_phase_1_setup.py] [info]   Normal cases: 6,620,274 (98.4%)
[LN28     ] [chunk_16_phase_1_setup.py] [info]   Imbalance ratio: 61.9:1
[LN29     ] [chunk_16_phase_1_setup.py] [info] [class] Class Distribution (LABEL_THRESHOLD= 0.0):
[LN30     ] [chunk_16_phase_1_setup.py] [info]   Total samples: 6,727,216
[LN31     ] [chunk_16_phase_1_setup.py] [info]   Signal cases: 3,465,261 (51.5%)
[LN32     ] [chunk_16_phase_1_setup.py] [info]   Normal cases: 3,261,955 (48.5%)
[LN33     ] [chunk_16_phase_1_setup.py] [info]   Imbalance ratio: 1.1:1
[LN34     ] [chunk_16_phase_1_setup.py] [info] [class] Class Distribution (LABEL_THRESHOLD=20.0):
[LN35     ] [chunk_16_phase_1_setup.py] [info]   Total samples: 184,408
[LN36     ] [chunk_16_phase_1_setup.py] [info]   Signal cases: 1,078 (0.6%)
[LN37     ] [chunk_16_phase_1_setup.py] [info]   Normal cases: 183,330 (99.4%)
[LN38     ] [chunk_16_phase_1_setup.py] [info]   Imbalance ratio: 170.1:1
[LN39     ] [chunk_16_phase_1_setup.py] [info] [class] Class Distribution (LABEL_THRESHOLD=10.0):
[LN40     ] [chunk_16_phase_1_setup.py] [info]   Total samples: 184,408
[LN41     ] [chunk_16_phase_1_setup.py] [info]   Signal cases: 4,028 (2.2%)
[LN42     ] [chunk_16_phase_1_setup.py] [info]   Normal cases: 180,380 (97.8%)
[LN43     ] [chunk_16_phase_1_setup.py] [info]   Imbalance ratio: 44.8:1
[LN44     ] [chunk_16_phase_1_setup.py] [info] [class] Class Distribution (LABEL_THRESHOLD= 0.0):
[LN45     ] [chunk_16_phase_1_setup.py] [info]   Total samples: 184,408
[LN46     ] [chunk_16_phase_1_setup.py] [info]   Signal cases: 96,187 (52.2%)
[LN47     ] [chunk_16_phase_1_setup.py] [info]   Normal cases: 88,221 (47.8%)
[LN48     ] [chunk_16_phase_1_setup.py] [info]   Imbalance ratio: 1.1:1
[stat] Feature Quality Analysis:
  feature_0: μ=20.279, σ=2.459, skew=-0.074, kurt=-0.767, missing=0.0%
  feature_1: μ=2.381, σ=1.345, skew=0.267, kurt=-0.932, missing=0.0%
  feature_2: μ=36.198, σ=52.532, skew=2.043, kurt=3.225, missing=0.0%
  feature_3: μ=36.231, σ=52.567, skew=2.043, kurt=3.224, missing=0.0%
  feature_4: μ=12.625, σ=2.070, skew=-0.470, kurt=-0.265, missing=0.0%
  feature_5: μ=3.210, σ=1.217, skew=0.281, kurt=-0.791, missing=0.0%
  feature_6: μ=2973.928, σ=1701.673, skew=-0.012, kurt=-1.235, missing=0.0%
  feature_7: μ=3.382, σ=45.603, skew=0.579, kurt=0.533, missing=0.0%
  feature_8: μ=6.268, σ=51.933, skew=0.906, kurt=1.059, missing=0.0%
  feature_9: μ=3.530, σ=29.278, skew=0.047, kurt=0.595, missing=0.0%
  feature_10: μ=19.755, σ=48.260, skew=1.074, kurt=1.169, missing=0.0%
  feature_11: μ=1474638.076, σ=2209747.952, skew=2.109, kurt=3.583, missing=0.0%
  feature_12: μ=7.245, σ=28.259, skew=0.702, kurt=0.710, missing=0.0%
  feature_13: μ=1.935, σ=12.792, skew=0.361, kurt=0.686, missing=0.0%
  feature_14: μ=2.559, σ=14.675, skew=0.772, kurt=0.886, missing=0.0%
  feature_15: μ=0.417, σ=7.226, skew=0.372, kurt=0.636, missing=0.0%
  feature_16: μ=1.129, σ=1.495, skew=1.938, kurt=2.867, missing=0.0%
  feature_17: μ=50.765, σ=11.612, skew=0.039, kurt=-0.662, missing=0.0%
  feature_18: μ=0.092, σ=6.341, skew=0.183, kurt=0.663, missing=0.0%
  feature_19: μ=0.899, σ=0.589, skew=0.993, kurt=0.745, missing=0.0%
  feature_20: μ=0.017, σ=2.895, skew=-0.113, kurt=0.545, missing=0.0%
  feature_21: μ=8.349, σ=9.505, skew=1.770, kurt=2.620, missing=0.0%
  feature_22: μ=0.000, σ=0.000, skew=2.957, kurt=9.096, missing=0.0%
  feature_23: μ=10.578, σ=11.272, skew=3.929, kurt=76.615, missing=0.0%
[LN49     ] [chunk_16_phase_1_setup.py] [info] Data concentration: 184408 samples retained
[LN50     ] [chunk_16_phase_1_setup.py] [info] Data preprocessing complete: 24 features
[LN51     ] [chunk_16_phase_1_setup.py] [info]   Feature names (24): ['Market_Cap', '52W_Low', 'Prev_Close', 'Price', 'Volume', '52W_High', 'Ticker_id', 'Perf_YTD', 'Perf_Year', 'SMA200', 'Perf_Half_Y', 'Avg_Volume', 'Perf_Quarter', 'SMA50', 'Perf_Month', 'SMA20', 'ATR', 'RSI_14', 'Perf_Week', 'Rel_Volume', 'Change', 'Price_to_52W_High', 'Volume_to_Avg_Volume', 'Price_to_52W_Low']
[LN52     ] [chunk_16_phase_1_setup.py] [info] [data split] Summary:
[LN53     ] [chunk_16_phase_1_setup.py] [info]   Total: 184,408 samples, 32 dates
[LN54     ] [chunk_16_phase_1_setup.py] [info]   train: 119,310 samples (64.7%), dates < 20251009
[LN55     ] [chunk_16_phase_1_setup.py] [info]   validation: 53,254 samples (28.9%), dates >= 20251009
[LN56     ] [chunk_16_phase_1_setup.py] [info]   Inference: 11,844 samples (6.4%), date(s) = [20251022 20251023]
[LN57     ] [chunk_17_phase_3_temporal.py] [info] Processing 184408 samples with temporal weighting
[LN58     ] [chunk_17_phase_3_temporal.py] [info] Extracted 9 temporal features
[LN59     ] [chunk_17_phase_3_temporal.py] [info] Temporal weights: min=1.000, max=10.000, mean=5.815
[LN60     ] [chunk_XX_phase_feature_analysis_a.py] [info] Phase Xa: Raw Feature Importance Analysis - Starting with methods: ['correlation', 'tree', 'permutation', 'neural', 'shap', 'ablation']
[LN61     ] [chunk_XX_phase_feature_analysis_a.py] [info] Subsampling 184408 -> 100000 for feature analysis
[LN62     ] [chunk_XX_phase_feature_analysis_a.py] [info] Analyzing 24 raw features on 100000 samples
[LN63     ] [chunk_XX_feature_importance.py] [info] Starting feature importance analysis
[LN64     ] [chunk_XX_feature_importance.py] [info] Features: 24, Samples: 100000, Active methods: ['correlation', 'tree', 'permutation', 'neural', 'shap', 'ablation']
[LN65     ] [chunk_XX_feature_importance.py] [info]   method=1 method_total=6 method_name=Statistical_Correlation label_threshold=20.0 signal_rate=0.006010 kept=19 kept_total=24 duration=0.4 Change=0.038954 SMA20=0.029126 Perf_Half_Y=0.027116 Perf_Week=0.025385 Market_Cap=0.022929 Perf_YTD=0.022379 SMA50=0.021709 Perf_Month=0.020008 Volume=0.014916 Price_to_52W_High=0.012995 Avg_Volume=0.012845 Volume_to_Avg_Volume=0.012471 Prev_Close=0.011778 Rel_Volume=0.010813 Price=0.010739 Price_to_52W_Low=0.010270 52W_Low=0.008232 Perf_Quarter=0.006745 52W_High=0.004350
[LN66     ] [chunk_XX_feature_importance.py] [info]   method=2 method_total=6 method_name=Tree_Based_Importance label_threshold=20.0 signal_rate=0.006010 kept=19 kept_total=24 duration=91.1 Volume=0.069200 Perf_Week=0.069109 Price_to_52W_High=0.067917 52W_Low=0.063962 Rel_Volume=0.062610 Change=0.057538 Market_Cap=0.050421 Prev_Close=0.040042 SMA20=0.038632 Perf_Half_Y=0.038086 SMA50=0.037796 Avg_Volume=0.037783 Perf_Month=0.037352 Perf_YTD=0.035543 Price_to_52W_Low=0.033965 Volume_to_Avg_Volume=0.033694 Price=0.028162 52W_High=0.026604 Perf_Quarter=0.022195
[LN67     ] [chunk_XX_feature_importance.py] [info]   method=3 method_total=6 method_name=Permutation_Importance label_threshold=20.0 signal_rate=0.006010 kept=19 kept_total=24 baseline_auc=0.5000 duration=61.2 Market_Cap=0.000000 52W_Low=0.000000 Prev_Close=0.000000 Price=0.000000 Volume=0.000000 52W_High=0.000000 Perf_YTD=0.000000 Perf_Half_Y=0.000000 Avg_Volume=0.000000 Perf_Quarter=0.000000 SMA50=0.000000 Perf_Month=0.000000 SMA20=0.000000 Perf_Week=0.000000 Rel_Volume=0.000000 Change=0.000000 Price_to_52W_High=0.000000 Volume_to_Avg_Volume=0.000000 Price_to_52W_Low=0.000000
[LN68     ] [chunk_XX_feature_importance.py] [info]   method=4 method_total=6 method_name=Neural_Weight_Analysis label_threshold=20.0 signal_rate=0.006010 kept=19 kept_total=24 duration=5.7 52W_High=0.154820 Price_to_52W_High=0.150711 Rel_Volume=0.144993 SMA20=0.139371 Prev_Close=0.136863 Volume=0.136426 Perf_Quarter=0.135184 52W_Low=0.132033 Perf_YTD=0.131753 Price_to_52W_Low=0.130684 Perf_Week=0.130596 Change=0.129540 Volume_to_Avg_Volume=0.127507 Perf_Half_Y=0.125797 Perf_Month=0.124125 Market_Cap=0.123743 SMA50=0.119684 Price=0.117357 Avg_Volume=0.112322
[LN69     ] [chunk_XX_feature_importance.py] [info]   method=5 method_total=6 method_name=SHAP_Values label_threshold=20.0 signal_rate=0.006010 kept=19 kept_total=24 duration=16.2 Market_Cap=0.000000 52W_Low=0.000000 Prev_Close=0.000000 Price=0.000000 Volume=0.000000 52W_High=0.000000 Perf_YTD=0.000000 Perf_Half_Y=0.000000 Avg_Volume=0.000000 Perf_Quarter=0.000000 SMA50=0.000000 Perf_Month=0.000000 SMA20=0.000000 Perf_Week=0.000000 Rel_Volume=0.000000 Change=0.000000 Price_to_52W_High=0.000000 Volume_to_Avg_Volume=0.000000 Price_to_52W_Low=0.000000
[LN70     ] [chunk_XX_feature_importance.py] [info]   method=6 method_total=6 method_name=Ablation_Study label_threshold=20.0 signal_rate=0.006010 kept=19 kept_total=24 duration=127.0 52W_Low=0.838477 SMA50=0.786715 Price_to_52W_High=0.779413 Perf_Month=0.779266 Prev_Close=0.773869 Price=0.769309 Market_Cap=0.766727 SMA20=0.757628 Perf_Quarter=0.751102 Perf_Week=0.746516 Change=0.723325 Perf_YTD=0.679203 52W_High=0.671893 Price_to_52W_Low=0.661376 Volume_to_Avg_Volume=0.592532 Avg_Volume=0.500000 Perf_Half_Y=0.468097 Rel_Volume=0.458087 Volume=0.397476
[LN71     ] [chunk_XX_feature_importance.py] [info]   consolidated_ranking label_threshold=20.0 signal_rate=0.006010 kept=19 kept_total=24 rank=1 Price_to_52W_High=8.83 rank=2 52W_Low=10.33 rank=3 Prev_Close=11.83 rank=4 Market_Cap=12.83 rank=5 Perf_Half_Y=14.67 rank=5 Volume=14.67 rank=7 SMA20=15.33 rank=8 52W_High=15.83 rank=8 Perf_Week=15.83 rank=10 Change=16.00 rank=10 Perf_Month=16.00 rank=12 Price=16.83 rank=12 Rel_Volume=16.83 rank=14 Price_to_52W_Low=17.17 rank=15 SMA50=17.33 rank=16 Avg_Volume=17.67 rank=16 Perf_YTD=17.67 rank=18 Volume_to_Avg_Volume=18.17 rank=19 Perf_Quarter=18.83
[LN72     ] [chunk_XX_feature_importance.py] [info]   consolidated_pruning label_threshold=20.0 signal_rate=0.006010 pruned=5 pruned_total=24 rank=20 RSI_14=20.00 rank=21 SMA200=21.00 rank=22 Ticker_id=21.67 rank=23 Perf_Year=22.33 rank=23 ATR=22.33
[LN73     ] [chunk_XX_feature_importance.py] [info]   method=1 method_total=6 method_name=Statistical_Correlation label_threshold=10.0 signal_rate=0.021820 kept=19 kept_total=24 duration=2.8 Change=0.038954 SMA20=0.029126 Perf_Half_Y=0.027116 Perf_Week=0.025385 RSI_14=0.024967 Market_Cap=0.022929 Perf_YTD=0.022379 SMA50=0.021709 Perf_Month=0.020008 SMA200=0.015928 Volume=0.014916 Price_to_52W_High=0.012995 Volume_to_Avg_Volume=0.012471 Prev_Close=0.011778 Rel_Volume=0.010813 Price=0.010739 Price_to_52W_Low=0.010270 52W_Low=0.008232 52W_High=0.004350
[LN74     ] [chunk_XX_feature_importance.py] [info]   method=2 method_total=6 method_name=Tree_Based_Importance label_threshold=10.0 signal_rate=0.021820 kept=19 kept_total=24 duration=95.1 52W_Low=0.137411 Change=0.079212 Perf_Week=0.061842 Price_to_52W_High=0.059983 SMA20=0.058334 Volume=0.051625 SMA50=0.045949 Perf_Month=0.042470 Rel_Volume=0.038596 Market_Cap=0.036376 Prev_Close=0.033233 Price_to_52W_Low=0.032788 RSI_14=0.030221 Perf_YTD=0.028447 Price=0.028354 Perf_Half_Y=0.027395 52W_High=0.025532 SMA200=0.024399 Volume_to_Avg_Volume=0.017279
[LN75     ] [chunk_XX_feature_importance.py] [info]   method=3 method_total=6 method_name=Permutation_Importance label_threshold=10.0 signal_rate=0.021820 kept=19 kept_total=24 baseline_auc=0.5000 duration=59.8 Market_Cap=0.000000 52W_Low=0.000000 Prev_Close=0.000000 Price=0.000000 Volume=0.000000 52W_High=0.000000 Perf_YTD=0.000000 SMA200=0.000000 Perf_Half_Y=0.000000 SMA50=0.000000 Perf_Month=0.000000 SMA20=0.000000 RSI_14=0.000000 Perf_Week=0.000000 Rel_Volume=0.000000 Change=0.000000 Price_to_52W_High=0.000000 Volume_to_Avg_Volume=0.000000 Price_to_52W_Low=0.000000
[LN76     ] [chunk_XX_feature_importance.py] [info]   method=4 method_total=6 method_name=Neural_Weight_Analysis label_threshold=10.0 signal_rate=0.021820 kept=19 kept_total=24 duration=5.1 RSI_14=0.155396 Price=0.147658 Rel_Volume=0.146156 SMA20=0.144383 Volume_to_Avg_Volume=0.143484 Price_to_52W_Low=0.142634 Market_Cap=0.139958 SMA200=0.139407 Prev_Close=0.137563 Volume=0.137553 Price_to_52W_High=0.136895 Perf_Month=0.136445 Perf_Week=0.133954 Perf_YTD=0.130986 Change=0.129682 52W_High=0.128233 SMA50=0.128228 52W_Low=0.127556 Perf_Half_Y=0.124992
[LN77     ] [chunk_XX_feature_importance.py] [info]   method=5 method_total=6 method_name=SHAP_Values label_threshold=10.0 signal_rate=0.021820 kept=19 kept_total=24 duration=12.3 Market_Cap=0.000000 52W_Low=0.000000 Prev_Close=0.000000 Price=0.000000 Volume=0.000000 52W_High=0.000000 Perf_YTD=0.000000 SMA200=0.000000 Perf_Half_Y=0.000000 SMA50=0.000000 Perf_Month=0.000000 SMA20=0.000000 RSI_14=0.000000 Perf_Week=0.000000 Rel_Volume=0.000000 Change=0.000000 Price_to_52W_High=0.000000 Volume_to_Avg_Volume=0.000000 Price_to_52W_Low=0.000000
[LN78     ] [chunk_XX_feature_importance.py] [info]   method=6 method_total=6 method_name=Ablation_Study label_threshold=10.0 signal_rate=0.021820 kept=19 kept_total=24 duration=122.3 52W_Low=0.796022 Change=0.760799 Perf_Week=0.754165 Price_to_52W_High=0.743395 Prev_Close=0.741094 Price=0.738198 Perf_Month=0.732786 SMA20=0.724235 SMA50=0.722425 Market_Cap=0.715725 SMA200=0.697785 52W_High=0.668415 Perf_YTD=0.665419 Price_to_52W_Low=0.646006 Rel_Volume=0.631035 Perf_Half_Y=0.575782 Volume_to_Avg_Volume=0.559856 Volume=0.414821 RSI_14=0.414202
[LN79     ] [chunk_XX_feature_importance.py] [info]   consolidated_ranking label_threshold=10.0 signal_rate=0.021820 kept=19 kept_total=24 rank=1 Price_to_52W_High=10.67 rank=2 52W_Low=11.83 rank=3 Market_Cap=12.00 rank=4 Prev_Close=13.00 rank=5 Price=13.17 rank=6 Change=14.17 rank=7 SMA20=14.33 rank=8 Perf_Month=14.83 rank=9 Perf_Week=15.00 rank=10 Price_to_52W_Low=15.83 rank=11 Volume=16.00 rank=12 Rel_Volume=16.83 rank=13 Perf_Half_Y=17.00 rank=14 SMA50=17.83 rank=15 Volume_to_Avg_Volume=18.33 rank=15 52W_High=18.33 rank=17 RSI_14=18.50 rank=18 SMA200=18.83 rank=19 Perf_YTD=19.17
[LN80     ] [chunk_XX_feature_importance.py] [info]   consolidated_pruning label_threshold=10.0 signal_rate=0.021820 pruned=5 pruned_total=24 rank=20 ATR=19.33 rank=21 Perf_Quarter=19.50 rank=22 Avg_Volume=19.83 rank=23 Perf_Year=20.83 rank=24 Ticker_id=24.83
[LN81     ] [chunk_XX_feature_importance.py] [info]   method=1 method_total=6 method_name=Statistical_Correlation label_threshold=0.0 signal_rate=0.520600 kept=19 kept_total=24 duration=2.5 Change=0.038954 SMA20=0.029126 Perf_Half_Y=0.027116 Perf_Week=0.025385 RSI_14=0.024967 Market_Cap=0.022929 Perf_YTD=0.022379 SMA50=0.021709 Perf_Month=0.020008 SMA200=0.015928 Volume=0.014916 Price_to_52W_High=0.012995 Avg_Volume=0.012845 Prev_Close=0.011778 Price=0.010739 Price_to_52W_Low=0.010270 52W_Low=0.008232 ATR=0.004452 Ticker_id=0.002961
[LN82     ] [chunk_XX_feature_importance.py] [info]   method=2 method_total=6 method_name=Tree_Based_Importance label_threshold=0.0 signal_rate=0.520600 kept=19 kept_total=24 duration=85.6 Change=0.125842 Volume=0.071997 ATR=0.071739 Perf_Week=0.053223 SMA20=0.049321 Market_Cap=0.043516 SMA50=0.043412 RSI_14=0.041715 Perf_Half_Y=0.037757 Perf_YTD=0.035783 Price_to_52W_Low=0.035254 SMA200=0.033108 Perf_Month=0.031743 52W_Low=0.031038 Price_to_52W_High=0.030764 Ticker_id=0.029667 Avg_Volume=0.028564 Prev_Close=0.023760 Price=0.021981
[LN83     ] [chunk_XX_feature_importance.py] [info]   method=3 method_total=6 method_name=Permutation_Importance label_threshold=0.0 signal_rate=0.520600 kept=19 kept_total=24 baseline_auc=0.5000 duration=59.3 Ticker_id=0.000010 Market_Cap=0.000000 Prev_Close=0.000000 52W_Low=0.000000 Price=0.000000 Volume=0.000000 Perf_YTD=0.000000 SMA200=0.000000 Perf_Half_Y=0.000000 Avg_Volume=0.000000 SMA50=0.000000 Perf_Month=0.000000 SMA20=0.000000 ATR=0.000000 RSI_14=0.000000 Perf_Week=0.000000 Change=0.000000 Price_to_52W_High=0.000000 Price_to_52W_Low=0.000000
[LN84     ] [chunk_XX_feature_importance.py] [info]   method=4 method_total=6 method_name=Neural_Weight_Analysis label_threshold=0.0 signal_rate=0.520600 kept=19 kept_total=24 duration=5.1 Volume=0.145923 Perf_Month=0.140292 Change=0.137348 52W_Low=0.136380 Ticker_id=0.134691 SMA20=0.133750 RSI_14=0.130829 SMA200=0.128808 Perf_Week=0.128473 Price=0.128469 Prev_Close=0.128155 Price_to_52W_Low=0.127917 SMA50=0.127445 Price_to_52W_High=0.126915 Perf_YTD=0.126274 ATR=0.122909 Perf_Half_Y=0.122509 Market_Cap=0.121928 Avg_Volume=0.103162
[LN85     ] [chunk_XX_feature_importance.py] [info]   method=5 method_total=6 method_name=SHAP_Values label_threshold=0.0 signal_rate=0.520600 kept=19 kept_total=24 duration=15.1 Avg_Volume=0.009387 Ticker_id=0.000395 Perf_YTD=0.000006 Perf_Half_Y=0.000002 SMA200=0.000001 Price_to_52W_Low=0.000000 Prev_Close=0.000000 Volume=0.000000 Price=0.000000 Perf_Week=0.000000 SMA50=0.000000 RSI_14=0.000000 SMA20=0.000000 Market_Cap=0.000000 Price_to_52W_High=0.000000 ATR=0.000000 52W_Low=0.000000 Change=0.000000 Perf_Month=0.000000
[LN86     ] [chunk_XX_feature_importance.py] [info]   method=6 method_total=6 method_name=Ablation_Study label_threshold=0.0 signal_rate=0.520600 kept=19 kept_total=24 duration=118.1 Change=0.533262 ATR=0.521489 SMA50=0.521228 SMA20=0.518570 Perf_Half_Y=0.517722 52W_Low=0.517499 Perf_Month=0.515445 Volume=0.513957 Price=0.513491 Perf_Week=0.513442 SMA200=0.512199 Price_to_52W_High=0.511124 RSI_14=0.508573 Perf_YTD=0.502907 Price_to_52W_Low=0.498336 Ticker_id=0.494854 Avg_Volume=0.494014 Market_Cap=0.492539 Prev_Close=0.491706
[LN87     ] [chunk_XX_feature_importance.py] [info]   consolidated_ranking label_threshold=0.0 signal_rate=0.520600 kept=19 kept_total=24 rank=1 Volume=11.00 rank=2 Perf_Half_Y=11.33 rank=3 Change=13.17 rank=4 52W_Low=13.67 rank=5 SMA20=14.83 rank=6 Perf_Week=15.67 rank=7 Price_to_52W_High=15.83 rank=8 Price=16.00 rank=8 SMA50=16.00 rank=10 Perf_Month=16.17 rank=11 Market_Cap=16.50 rank=12 SMA200=16.67 rank=13 Price_to_52W_Low=17.00 rank=14 Perf_YTD=17.50 rank=15 Prev_Close=17.67 rank=16 Avg_Volume=17.83 rank=16 RSI_14=17.83 rank=18 ATR=18.33 rank=19 Ticker_id=18.83
[LN88     ] [chunk_XX_feature_importance.py] [info]   consolidated_pruning label_threshold=0.0 signal_rate=0.520600 pruned=5 pruned_total=24 rank=20 Perf_Year=19.33 rank=22 Perf_Quarter=19.67 rank=22 52W_High=19.67 rank=22 Rel_Volume=19.67 rank=24 Volume_to_Avg_Volume=19.83
[LN89     ] [chunk_XX_feature_importance.py] [info] cross_threshold always_pruned=Perf_Year
[LN90     ] [chunk_XX_feature_importance.py] [info] cross_threshold never_pruned=52W_Low ,Change ,Market_Cap ,Perf_Half_Y ,Perf_Month ,Perf_Week ,Perf_YTD ,Prev_Close ,Price ,Price_to_52W_High ,Price_to_52W_Low ,SMA20 ,SMA50 ,Volume
[LN91     ] [chunk_XX_feature_importance.py] [info] cross_threshold borderline=52W_High:1 ,ATR:2 ,Avg_Volume:1 ,Perf_Quarter:2 ,RSI_14:1 ,Rel_Volume:1 ,SMA200:1 ,Ticker_id:2 ,Volume_to_Avg_Volume:1
[LN92     ] [chunk_XX_feature_importance.py] [info] Computing feature correlation matrix
[LN93     ] [chunk_XX_feature_importance.py] [info] total time: 885.0s (14.7 min)
[LN94     ] [chunk_XX_feature_importance.py] [info] features: 24 total -> 19 kept, 5 pruned
[LN95     ] [chunk_XX_feature_importance.py] [info] dropped: ['Ticker_id', 'Perf_Year', 'SMA200', 'ATR', 'RSI_14']
[LN96     ] [chunk_XX_feature_importance.py] [info] FEATURE IMPORTANCE ANALYSIS REPORT

Original features: 24 | After pruning: 19 | Dropped: 5
runtime_total=14.7min correlation=0.4s tree=91.1s permutation=61.2s neural=5.7s shap=16.2s ablation=127.0s

Dropped features: ['Ticker_id', 'Perf_Year', 'SMA200', 'ATR', 'RSI_14']
Kept features: ['Price_to_52W_High', '52W_Low', 'Prev_Close', 'Market_Cap', 'Perf_Half_Y', 'Volume', 'SMA20', '52W_High', 'Perf_Week', 'Change', 'Perf_Month', 'Price', 'Rel_Volume', 'Price_to_52W_Low', 'SMA50', 'Avg_Volume', 'Perf_YTD', 'Volume_to_Avg_Volume', 'Perf_Quarter']
CONSOLIDATED RANKING (1 = most important)
             feature  mean_rank  consolidated_rank
   Price_to_52W_High   8.833333                1.0
             52W_Low  10.333333                2.0
          Prev_Close  11.833333                3.0
          Market_Cap  12.833333                4.0
         Perf_Half_Y  14.666667                5.5
              Volume  14.666667                5.5
               SMA20  15.333333                7.0
            52W_High  15.833333                8.5
           Perf_Week  15.833333                8.5
              Change  16.000000               10.5
          Perf_Month  16.000000               10.5
               Price  16.833333               12.5
          Rel_Volume  16.833333               12.5
    Price_to_52W_Low  17.166667               14.0
               SMA50  17.333333               15.0
          Avg_Volume  17.666667               16.5
            Perf_YTD  17.666667               16.5
Volume_to_Avg_Volume  18.166667               18.0
        Perf_Quarter  18.833333               19.0
              RSI_14  20.000000               20.0
              SMA200  21.000000               21.0
           Ticker_id  21.666667               22.0
           Perf_Year  22.333333               23.5
                 ATR  22.333333               23.5
FEATURE IMPORTANCE RANKING PER METHOD
Spearman Correlation:
               feature  rank  spearman_abs
         Perf_Half_Y  17.0      0.027116
          Market_Cap  19.0      0.022929
   Price_to_52W_High  19.0      0.012995
             52W_Low  22.0      0.008232
          Prev_Close  26.0      0.011778
          Avg_Volume  27.0      0.012845
               Price  28.0      0.010739
              Volume  31.0      0.014916
            52W_High  32.0      0.004350
          Perf_Month  36.0      0.020008
    Price_to_52W_Low  36.0      0.010270
Volume_to_Avg_Volume  37.0      0.012471
              Change  39.0      0.038954
            Perf_YTD  44.0      0.022379
               SMA20  44.0      0.029126
           Perf_Week  44.0      0.025385
               SMA50  45.0      0.021709
        Perf_Quarter  46.0      0.006745
           Perf_Year  46.0      0.017499
              SMA200  47.0      0.015928
          Rel_Volume  47.0      0.010813
              RSI_14  47.0      0.024967
                 ATR  56.0      0.004452
           Ticker_id  65.0      0.002961

Tree Importance (Random Forest + Gradient Boosting):
               feature  rank  combined_importance
              Volume   1.0             0.069200
           Perf_Week   2.0             0.069109
   Price_to_52W_High   3.0             0.067917
             52W_Low   4.0             0.063962
          Rel_Volume   5.0             0.062610
              Change   6.0             0.057538
          Market_Cap   7.0             0.050421
          Prev_Close   8.0             0.040042
               SMA20   9.0             0.038632
         Perf_Half_Y  10.0             0.038086
               SMA50  11.0             0.037796
          Avg_Volume  12.0             0.037783
          Perf_Month  13.0             0.037352
            Perf_YTD  14.0             0.035543
    Price_to_52W_Low  15.0             0.033965
Volume_to_Avg_Volume  16.0             0.033694
                 ATR  17.0             0.033323
              SMA200  18.0             0.031042
           Perf_Year  19.0             0.029743
               Price  20.0             0.028162
              RSI_14  21.0             0.027987
           Ticker_id  22.0             0.027293
            52W_High  23.0             0.026604
        Perf_Quarter  24.0             0.022195

Permutation Importance:
               feature  rank
          Market_Cap  12.5
             52W_Low  12.5
          Prev_Close  12.5
               Price  12.5
              Volume  12.5
            52W_High  12.5
           Ticker_id  12.5
            Perf_YTD  12.5
           Perf_Year  12.5
              SMA200  12.5
         Perf_Half_Y  12.5
          Avg_Volume  12.5
        Perf_Quarter  12.5
               SMA50  12.5
          Perf_Month  12.5
               SMA20  12.5
                 ATR  12.5
              RSI_14  12.5
           Perf_Week  12.5
          Rel_Volume  12.5
              Change  12.5
   Price_to_52W_High  12.5
Volume_to_Avg_Volume  12.5
    Price_to_52W_Low  12.5

Neural Weight Magnitude:
               feature  rank
           Ticker_id   1.0
            52W_High   2.0
   Price_to_52W_High   3.0
          Rel_Volume   4.0
              RSI_14   5.0
               SMA20   6.0
          Prev_Close   7.0
              Volume   8.0
        Perf_Quarter   9.0
             52W_Low  10.0
            Perf_YTD  11.0
              SMA200  12.0
    Price_to_52W_Low  13.0
           Perf_Week  14.0
              Change  15.0
Volume_to_Avg_Volume  16.0
         Perf_Half_Y  17.0
          Perf_Month  18.0
          Market_Cap  19.0
                 ATR  20.0
               SMA50  21.0
               Price  22.0
           Perf_Year  23.0
          Avg_Volume  24.0

SHAP Values:
               feature  rank  mean_abs_shap
          Market_Cap  12.5            0.0
             52W_Low  12.5            0.0
          Prev_Close  12.5            0.0
               Price  12.5            0.0
              Volume  12.5            0.0
            52W_High  12.5            0.0
           Ticker_id  12.5            0.0
            Perf_YTD  12.5            0.0
           Perf_Year  12.5            0.0
              SMA200  12.5            0.0
         Perf_Half_Y  12.5            0.0
          Avg_Volume  12.5            0.0
        Perf_Quarter  12.5            0.0
               SMA50  12.5            0.0
          Perf_Month  12.5            0.0
               SMA20  12.5            0.0
                 ATR  12.5            0.0
              RSI_14  12.5            0.0
           Perf_Week  12.5            0.0
          Rel_Volume  12.5            0.0
              Change  12.5            0.0
   Price_to_52W_High  12.5            0.0
Volume_to_Avg_Volume  12.5            0.0
    Price_to_52W_Low  12.5            0.0

Ablation Study (AUC):
               feature  rank      auc
             52W_Low   1.0 0.838477
               SMA50   2.0 0.786715
   Price_to_52W_High   3.0 0.779413
          Perf_Month   4.0 0.779266
          Prev_Close   5.0 0.773869
               Price   6.0 0.769309
          Market_Cap   7.0 0.766727
               SMA20   8.0 0.757628
        Perf_Quarter   9.0 0.751102
           Perf_Week  10.0 0.746516
              Change  11.0 0.723325
            Perf_YTD  12.0 0.679203
            52W_High  13.0 0.671893
    Price_to_52W_Low  14.0 0.661376
Volume_to_Avg_Volume  15.0 0.592532
                 ATR  16.0 0.574682
           Ticker_id  17.0 0.510341
          Avg_Volume  18.0 0.500000
         Perf_Half_Y  19.0 0.468097
          Rel_Volume  20.0 0.458087
           Perf_Year  21.0 0.449092
              RSI_14  22.0 0.398199
              Volume  23.0 0.397476
              SMA200  24.0 0.318722
[LN97     ] [chunk_XX_feature_importance.py] [info] Report saved to ./feature_importance_report.txt
[LN98     ] [chunk_XX_feature_importance.py] [info] Consolidated ranking saved to ./feature_importance_report.csv
[LN99     ] [chunk_XX_feature_importance.py] [info] Metadata saved to ./feature_importance_report_meta.json
[LN100    ] [chunk_XX_phase_feature_analysis_a.py] [info] complete: 24 raw features (per-threshold pruning stored)
[LN101    ] [chunk_XX_phase_feature_analysis_a.py] [info]   First threshold (20.0): 19 kept
[LN102    ] [chunk_20_pipeline_main.py] [info] [skip] Phase Xa: Raw Feature Importance validation skipped (no validator)
[LN103    ] [chunk_18_phase_4_ensemble.py] [info] Target column: ChangeY
[LN104    ] [chunk_18_phase_4_ensemble.py] [info] Features (24): ['Market_Cap', '52W_Low', 'Prev_Close', 'Price', 'Volume', '52W_High', 'Ticker_id', 'Perf_YTD', 'Perf_Year', 'SMA200', 'Perf_Half_Y', 'Avg_Volume', 'Perf_Quarter', 'SMA50', 'Perf_Month', 'SMA20', 'ATR', 'RSI_14', 'Perf_Week', 'Rel_Volume', 'Change', 'Price_to_52W_High', 'Volume_to_Avg_Volume', 'Price_to_52W_Low']
[LN105    ] [chunk_18_phase_4_ensemble.py] [info] Per-threshold feature pruning loaded for 3 thresholds
[LN106    ] [chunk_18_phase_4_ensemble.py] [info] Training ensemble on 184408 samples
[LN107    ] [chunk_18_phase_4_ensemble.py] [info] Date split: 32 total, top 2 held out (TOP_DATES_HELD_OUT=2)
[LN108    ] [chunk_18_phase_4_ensemble.py] [info]   Remaining dates: 30 (after excluding top 2)
[LN109    ] [chunk_18_phase_4_ensemble.py] [info]   Validation split: 30% = 9 dates
[LN110    ] [chunk_18_phase_4_ensemble.py] [info]   Training split: 70% = 21 dates
[LN111    ] [chunk_18_phase_4_ensemble.py] [info] Training set: 119,310 rows, 21 unique dates
[LN112    ] [chunk_18_phase_4_ensemble.py] [info] Validation set: 53,254 rows, 9 unique dates
[LN113    ] [chunk_18_phase_4_ensemble.py] [info] [stat] split ratio: train=70.0% | validation=30.0%
[LN114    ] [chunk_18_phase_4_ensemble.py] [info] [stat] Class Distribution at Label Thresholds (20.0 to 0.0, step -10.0):
[LN115    ] [chunk_18_phase_4_ensemble.py] [info]    LABEL_THRESHOLD= 20.0: train_positives=689 ( 0.58%) | validation_positives=336 ( 0.63%) [ok]
[LN116    ] [chunk_18_phase_4_ensemble.py] [info]    LABEL_THRESHOLD= 10.0: train_positives=2,554 ( 2.14%) | validation_positives=1,197 ( 2.25%) [ok]
[LN117    ] [chunk_18_phase_4_ensemble.py] [info]    LABEL_THRESHOLD=  0.0: train_positives=59,721 (50.06%) | validation_positives=28,774 (54.03%) [ok]
[LN118    ] [chunk_18_phase_4_ensemble.py] [info] [section 1] [baseline] Training 9 architectures
[LN119    ] [chunk_18_phase_4_ensemble.py] [info] [section 1] [baseline] Testing 3 thresholds per architecture (20.0 to 0.0, step -10.0)
[LN120    ] [chunk_18_phase_4_ensemble.py] [info] [section 1] [CATBOOST] [baseline] LABEL_THRESHOLD=20.0,
[LN121    ] [chunk_18_phase_4_ensemble.py] [info] [section 1] [CATBOOST] [baseline] predictions: mean=0.0196, std=0.0587, min=0.0000, max=0.8579
[LN122    ] [chunk_18_phase_4_ensemble.py] [info] [section 1] [CATBOOST] [baseline]  cumulative binary_split_predictions (1%) ≤ 0.0000, (5%) ≤ 0.0001, (10%) ≤ 0.0001, (25%) ≤ 0.0003, (50%) ≤ 0.0014, (75%) ≤ 0.0098, (90%) ≤ 0.0480, (95%) ≤ 0.1027, (99%) ≤ 0.3131, max=0.8579 binary_split_predictions distribution: 75% ≤ 0.01, 82% ≤ 0.02, 90% ≤ 0.05, 95% ≤ 0.1, 98% ≤ 0.2, 100% ≤ 0.5, 0% ≥ 0.50
[LN123    ] [chunk_18_phase_4_ensemble.py] [info] [section 1] [CATBOOST] [baseline] prediction_binary_split=0.50, VALIDATION predictions at LABEL_THRESHOLD=20.0: 0.24%
[LN124    ] [chunk_18_phase_4_ensemble.py] [info] [section 1] [CATBOOST] [baseline] LABEL_THRESHOLD=20.0,
[LN125    ] [chunk_18_phase_4_ensemble.py] [info] [section 1] [CATBOOST] [baseline] VALIDATION_PRECISION=0.0556 VALIDATION_TRUE_POSITIVES=7 VALIDATION_TRUE_NEGATIVES=52799 validation_false_positives=119 validation_false_negatives=329 validation_max_prediction=0.8579 validation_mean_prediction=0.0196 validation_recall=0.0208 validation_f1=0.0303 validation_auc=0.8248 validation_specificity=0.9978 validation_false_positive_rate=0.0022 validation_f2=0.0238 validation_mcc=0.0303 validation_prauc=0.0310 validation_balanced_accuracy=0.5093 validation_brier=0.0089 validation_kappa=0.0270 validation_informedness=0.0186 validation_markedness=0.0533 validation_gini=0.6497 validation_optimal_threshold=0.0055 validation_standard_deviation_prediction=0.0587 validation_percentage_above_threshold=0.24
[LN126    ] [chunk_18_phase_4_ensemble.py] [info] [section 1] [CATBOOST] [baseline] prediction_binary_split=0.50 loss=binary_crossentropy, lr=0.001
[LN127    ] [chunk_12_evaluation_evaluator.py] [info] [CATBOOST] label_threshold=20.0 train_below_prediction_binary_split=118,621 train_above_prediction_binary_split=689 train_positive_found=true val_below_prediction_binary_split=52,918 val_above_prediction_binary_split=336 val_positive_found=true
[LN128    ] [chunk_12_evaluation_evaluator.py] [info] [reject] threshold=20.0 action=skipped reason=insufficient_positive_predictions positive_predictions=12 minimum_positive_required=53
[LN129    ] [chunk_12_evaluation_evaluator.py] [info] [CATBOOST] label_threshold=10.0 train_below_prediction_binary_split=116,756 train_above_prediction_binary_split=2,554 train_positive_found=true val_below_prediction_binary_split=52,057 val_above_prediction_binary_split=1,197 val_positive_found=true
[LN130    ] [chunk_12_evaluation_evaluator.py] [info] [CATBOOST] [diagnostic] LABEL_THRESHOLD=10.0 train_precision=0.8622 train_true_positives=1858 train_true_negatives=116459 train_false_positives=297 train_false_negatives=696 train_max_prediction=0.9617 train_mean_prediction=0.0708 train_recall=0.7275 train_f1=0.7891 train_auc=0.9825 train_specificity=0.9975 train_false_positive_rate=0.0025 train_f2=0.7509 train_mcc=0.7879 train_prauc=0.8408 train_balanced_accuracy=0.8625 train_brier=0.0151 train_kappa=0.7849 train_informedness=0.7249 train_markedness=0.8596 train_gini=0.9650 train_optimal_threshold=0.2538 train_standard_deviation_prediction=0.1190 train_percentage_above_threshold=1.81
[LN131    ] [chunk_12_evaluation_evaluator.py] [info] [CATBOOST] [diagnostic] LABEL_THRESHOLD=10.0 VALIDATION_PRECISION=0.1192 VALIDATION_TRUE_POSITIVES=36 VALIDATION_TRUE_NEGATIVES=51791 validation_false_positives=266 validation_false_negatives=1161 validation_max_prediction=0.9063 validation_mean_prediction=0.0601 validation_recall=0.0301 validation_f1=0.0480 validation_auc=0.8286 validation_specificity=0.9949 validation_false_positive_rate=0.0051 validation_f2=0.0354 validation_mcc=0.0493 validation_prauc=0.0811 validation_balanced_accuracy=0.5125 validation_brier=0.0271 validation_kappa=0.0393 validation_informedness=0.0250 validation_markedness=0.1141 validation_gini=0.6571 validation_optimal_threshold=0.0364 validation_standard_deviation_prediction=0.0940 validation_percentage_above_threshold=0.57
[LN132    ] [chunk_12_evaluation_evaluator.py] [info] [CATBOOST] label_threshold=0.0 train_below_prediction_binary_split=59,589 train_above_prediction_binary_split=59,721 train_positive_found=true val_below_prediction_binary_split=24,480 val_above_prediction_binary_split=28,774 val_positive_found=true
[LN133    ] [chunk_12_evaluation_evaluator.py] [info] [CATBOOST] [diagnostic] LABEL_THRESHOLD=0.0 train_precision=0.6755 train_true_positives=39736 train_true_negatives=40501 train_false_positives=19088 train_false_negatives=19985 train_max_prediction=0.9864 train_mean_prediction=0.5003 train_recall=0.6654 train_f1=0.6704 train_auc=0.7431 train_specificity=0.6797 train_false_positive_rate=0.3203 train_f2=0.6674 train_mcc=0.3451 train_prauc=0.7412 train_balanced_accuracy=0.6725 train_brier=0.2177 train_kappa=0.3450 train_informedness=0.3450 train_markedness=0.3552 train_gini=0.4862 train_optimal_threshold=0.4951 train_standard_deviation_prediction=0.1044 train_percentage_above_threshold=49.30
[LN134    ] [chunk_12_evaluation_evaluator.py] [info] [CATBOOST] [diagnostic] LABEL_THRESHOLD=0.0 VALIDATION_PRECISION=0.5232 VALIDATION_TRUE_POSITIVES=11052 VALIDATION_TRUE_NEGATIVES=14408 validation_false_positives=10072 validation_false_negatives=17722 validation_max_prediction=0.9612 validation_mean_prediction=0.4738 validation_recall=0.3841 validation_f1=0.4430 validation_auc=0.4802 validation_specificity=0.5886 validation_false_positive_rate=0.4114 validation_f2=0.4057 validation_mcc=-0.0279 validation_prauc=0.5436 validation_balanced_accuracy=0.4863 validation_brier=0.2701 validation_kappa=-0.0267 validation_informedness=-0.0273 validation_markedness=0.1118 validation_gini=0.0000 validation_optimal_threshold=0.6630 validation_standard_deviation_prediction=0.1224 validation_percentage_above_threshold=39.67
[LN135    ] [chunk_18_phase_4_ensemble.py] [info] [section 1] [CATBOOST] [label_threshold_optimal]  cumulative binary_split_predictions (1%) ≤ 0.2077, (5%) ≤ 0.2857, (10%) ≤ 0.3255, (25%) ≤ 0.3882, (50%) ≤ 0.4668, (75%) ≤ 0.5531, (90%) ≤ 0.6326, (95%) ≤ 0.6800, (99%) ≤ 0.7983, max=0.9612 binary_split_predictions distribution: 0% ≤ 0.01, 0% ≤ 0.02, 0% ≤ 0.05, 0% ≤ 0.1, 1% ≤ 0.2, 60% ≤ 0.5, 40% ≥ 0.50
[LN136    ] [chunk_18_phase_4_ensemble.py] [info] [section 1] [CATBOOST] [label_threshold_optimal] LABEL_THRESHOLD=0.0
[LN137    ] [chunk_18_phase_4_ensemble.py] [info] [section 1] [CATBOOST] [label_threshold_optimal] train_precision=0.6755 train_true_positives=39736 train_true_negatives=40501 train_false_positives=19088 train_false_negatives=19985 train_max_prediction=0.9864 train_mean_prediction=0.5003 train_recall=0.6654 train_f1=0.6704 train_auc=0.7431 train_specificity=0.6797 train_false_positive_rate=0.3203 train_f2=0.6674 train_mcc=0.3451 train_prauc=0.7412 train_balanced_accuracy=0.6725 train_brier=0.2177 train_kappa=0.3450 train_informedness=0.3450 train_markedness=0.3552 train_gini=0.4862 train_optimal_threshold=0.4951 train_standard_deviation_prediction=0.1044 train_percentage_above_threshold=49.30
[LN138    ] [chunk_18_phase_4_ensemble.py] [info] [section 1] [CATBOOST] [label_threshold_optimal] VALIDATION_PRECISION=0.5232 VALIDATION_TRUE_POSITIVES=11052 VALIDATION_TRUE_NEGATIVES=14408 validation_false_positives=10072 validation_false_negatives=17722 validation_max_prediction=0.9612 validation_mean_prediction=0.4738 validation_recall=0.3841 validation_f1=0.4430 validation_auc=0.4802 validation_specificity=0.5886 validation_false_positive_rate=0.4114 validation_f2=0.4057 validation_mcc=-0.0279 validation_prauc=0.5436 validation_balanced_accuracy=0.4863 validation_brier=0.2701 validation_kappa=-0.0267 validation_informedness=-0.0273 validation_markedness=0.1118 validation_gini=0.0000 validation_optimal_threshold=0.6630 validation_standard_deviation_prediction=0.1224 validation_percentage_above_threshold=39.67
[LN139    ] [chunk_18_phase_4_ensemble.py] [info] [section 1] [CATBOOST] [label_threshold_optimal] prediction_binary_split=0.50
[LN140    ] [chunk_21_hyperparam_optimizer.py] [info] [section 2] [CATBOOST] [hyperparameter_optimization search] Running Bayesian optimization (5 trials)...
[LN141    ] [chunk_21_hyperparam_optimizer.py] [info] [section 2] [CATBOOST] [hyperparameter_optimization search baseline] LABEL_THRESHOLD=0.0
[LN142    ] [chunk_21_hyperparam_optimizer.py] [info] [section 2] [CATBOOST] [hyperparameter_optimization search baseline] VALIDATION_PRECISION=0.5264 VALIDATION_TRUE_POSITIVES=10711 VALIDATION_TRUE_NEGATIVES=14844 validation_false_positives=9636 validation_false_negatives=18063 validation_max_prediction=0.9442 validation_mean_prediction=0.4728 validation_recall=0.3722 validation_f1=0.4361 validation_auc=0.4836 validation_specificity=0.6064 validation_false_positive_rate=0.3936 validation_f2=0.3954 validation_mcc=-0.0219 validation_prauc=0.5484 validation_balanced_accuracy=0.4893 validation_brier=0.2656 validation_kappa=-0.0208 validation_informedness=-0.0214 validation_markedness=0.1328 validation_gini=0.0000 validation_optimal_threshold=0.6422 validation_standard_deviation_prediction=0.1064 validation_percentage_above_threshold=38.21
[LN143    ] [chunk_21_hyperparam_optimizer.py] [info] [section 2] [CATBOOST] [hyperparameter_optimization search baseline] TRIAL 1/5: iterations=500, depth=4, learning_rate=0.1, auto_class_weights=Balanced, l2_leaf_reg=5
[LN144    ] [chunk_21_hyperparam_optimizer.py] [info] [section 2] [CATBOOST] [hyperparameter_optimization search baseline] LABEL_THRESHOLD=0.0
[LN145    ] [chunk_21_hyperparam_optimizer.py] [info] [section 2] [CATBOOST] [hyperparameter_optimization search baseline] VALIDATION_PRECISION=0.5273 VALIDATION_TRUE_POSITIVES=10877 VALIDATION_TRUE_NEGATIVES=14728 validation_false_positives=9752 validation_false_negatives=17897 validation_max_prediction=0.9305 validation_mean_prediction=0.4739 validation_recall=0.3780 validation_f1=0.4403 validation_auc=0.4823 validation_specificity=0.6016 validation_false_positive_rate=0.3984 validation_f2=0.4007 validation_mcc=-0.0208 validation_prauc=0.5449 validation_balanced_accuracy=0.4898 validation_brier=0.2664 validation_kappa=-0.0199 validation_informedness=-0.0204 validation_markedness=0.1289 validation_gini=0.0000 validation_optimal_threshold=0.6344 validation_standard_deviation_prediction=0.1091 validation_percentage_above_threshold=38.74
[LN146    ] [chunk_21_hyperparam_optimizer.py] [info] [section 2] [CATBOOST] [hyperparameter_optimization search baseline] TRIAL 2/5: iterations=300, depth=6, learning_rate=0.1, auto_class_weights=Balanced, l2_leaf_reg=7
[LN147    ] [chunk_21_hyperparam_optimizer.py] [info] [section 2] [CATBOOST] [hyperparameter_optimization search baseline] LABEL_THRESHOLD=0.0
[LN148    ] [chunk_21_hyperparam_optimizer.py] [info] [section 2] [CATBOOST] [hyperparameter_optimization search baseline] VALIDATION_PRECISION=0.5222 VALIDATION_TRUE_POSITIVES=10761 VALIDATION_TRUE_NEGATIVES=14635 validation_false_positives=9845 validation_false_negatives=18013 validation_max_prediction=0.9170 validation_mean_prediction=0.4749 validation_recall=0.3740 validation_f1=0.4358 validation_auc=0.4802 validation_specificity=0.5978 validation_false_positive_rate=0.4022 validation_f2=0.3965 validation_mcc=-0.0288 validation_prauc=0.5474 validation_balanced_accuracy=0.4859 validation_brier=0.2651 validation_kappa=-0.0275 validation_informedness=-0.0282 validation_markedness=0.1201 validation_gini=0.0000 validation_optimal_threshold=0.6322 validation_standard_deviation_prediction=0.1042 validation_percentage_above_threshold=38.69
[LN149    ] [chunk_21_hyperparam_optimizer.py] [info] [section 2] [CATBOOST] [hyperparameter_optimization search baseline] TRIAL 3/5: iterations=300, depth=6, learning_rate=0.08, auto_class_weights=Balanced, l2_leaf_reg=5
[LN150    ] [chunk_21_hyperparam_optimizer.py] [info] [section 2] [CATBOOST] [hyperparameter_optimization search baseline] LABEL_THRESHOLD=0.0
[LN151    ] [chunk_21_hyperparam_optimizer.py] [info] [section 2] [CATBOOST] [hyperparameter_optimization search baseline] VALIDATION_PRECISION=0.5178 VALIDATION_TRUE_POSITIVES=10742 VALIDATION_TRUE_NEGATIVES=14476 validation_false_positives=10004 validation_false_negatives=18032 validation_max_prediction=0.8409 validation_mean_prediction=0.4808 validation_recall=0.3733 validation_f1=0.4338 validation_auc=0.4739 validation_specificity=0.5913 validation_false_positive_rate=0.4087 validation_f2=0.3954 validation_mcc=-0.0361 validation_prauc=0.5443 validation_balanced_accuracy=0.4823 validation_brier=0.2605 validation_kappa=-0.0345 validation_informedness=-0.0353 validation_markedness=0.1091 validation_gini=0.0000 validation_optimal_threshold=0.6292 validation_standard_deviation_prediction=0.0809 validation_percentage_above_threshold=38.96
[LN152    ] [chunk_21_hyperparam_optimizer.py] [info] [section 2] [CATBOOST] [hyperparameter_optimization search baseline] TRIAL 4/5: iterations=500, depth=5, learning_rate=0.03, auto_class_weights=Balanced, l2_leaf_reg=5
[LN153    ] [chunk_21_hyperparam_optimizer.py] [info] [section 2] [CATBOOST] [hyperparameter_optimization search baseline] LABEL_THRESHOLD=0.0
[LN154    ] [chunk_21_hyperparam_optimizer.py] [info] [section 2] [CATBOOST] [hyperparameter_optimization search baseline] VALIDATION_PRECISION=0.5234 VALIDATION_TRUE_POSITIVES=10944 VALIDATION_TRUE_NEGATIVES=14516 validation_false_positives=9964 validation_false_negatives=17830 validation_max_prediction=0.9679 validation_mean_prediction=0.4725 validation_recall=0.3803 validation_f1=0.4406 validation_auc=0.4818 validation_specificity=0.5930 validation_false_positive_rate=0.4070 validation_f2=0.4023 validation_mcc=-0.0272 validation_prauc=0.5445 validation_balanced_accuracy=0.4867 validation_brier=0.2695 validation_kappa=-0.0261 validation_informedness=-0.0267 validation_markedness=0.1164 validation_gini=0.0000 validation_optimal_threshold=0.6744 validation_standard_deviation_prediction=0.1212 validation_percentage_above_threshold=39.26
[LN155    ] [chunk_21_hyperparam_optimizer.py] [info] [section 2] [CATBOOST] [hyperparameter_optimization search baseline] TRIAL 5/5: iterations=400, depth=6, learning_rate=0.1, auto_class_weights=SqrtBalanced, l2_leaf_reg=3
[LN156    ] [chunk_21_hyperparam_optimizer.py] [info] [section 2] [CATBOOST] [best trial] LABEL_THRESHOLD=0.0
[LN157    ] [chunk_21_hyperparam_optimizer.py] [info] [section 2] [CATBOOST] [best trial] VALIDATION_PRECISION=0.5273 VALIDATION_TRUE_POSITIVES=10877 VALIDATION_TRUE_NEGATIVES=14728 validation_false_positives=9752 validation_false_negatives=17897 validation_max_prediction=0.9305 validation_mean_prediction=0.4739 validation_recall=0.3780 validation_f1=0.4403 validation_auc=0.4823 validation_specificity=0.6016 validation_false_positive_rate=0.3984 validation_f2=0.4007 validation_mcc=-0.0208 validation_prauc=0.5449 validation_balanced_accuracy=0.4898 validation_brier=0.2664 validation_kappa=-0.0199 validation_informedness=-0.0204 validation_markedness=0.1289 validation_gini=0.0000 validation_optimal_threshold=0.6344 validation_standard_deviation_prediction=0.1091 validation_percentage_above_threshold=38.74
[LN158    ] [chunk_21_hyperparam_optimizer.py] [info] [section 2] [CATBOOST] [best trial] iterations=300, depth=6, learning_rate=0.1, auto_class_weights=Balanced, l2_leaf_reg=7
[LN159    ] [chunk_18_phase_4_ensemble.py] [info]    [diagnostic-hyperparameter_optimization]  cumulative binary_split_predictions (1%) ≤ 0.2407, (5%) ≤ 0.3072, (10%) ≤ 0.3417, (25%) ≤ 0.3973, (50%) ≤ 0.4669, (75%) ≤ 0.5456, (90%) ≤ 0.6155, (95%) ≤ 0.6582, (99%) ≤ 0.7688, max=0.9305 binary_split_predictions distribution: 0% ≤ 0.01, 0% ≤ 0.02, 0% ≤ 0.05, 0% ≤ 0.1, 0% ≤ 0.2, 61% ≤ 0.5, 39% ≥ 0.50
[LN160    ] [chunk_18_phase_4_ensemble.py] [info]    hyperparameter_optimization improved: 0.5273 > 0.5232
[LN161    ] [chunk_18_phase_4_ensemble.py] [info] [section 3] [CATBOOST] [HYPERPARAMETER_OPTIMIZATION] LABEL_THRESHOLD=0.0,
[LN162    ] [chunk_18_phase_4_ensemble.py] [info] [section 3] [CATBOOST] [HYPERPARAMETER_OPTIMIZATION] VALIDATION_PRECISION=0.5273 VALIDATION_TRUE_POSITIVES=10877 VALIDATION_TRUE_NEGATIVES=14728 validation_false_positives=9752 validation_false_negatives=17897 validation_max_prediction=0.9305 validation_mean_prediction=0.4739 validation_recall=0.3780 validation_f1=0.4403 validation_auc=0.4823 validation_specificity=0.6016 validation_false_positive_rate=0.3984 validation_f2=0.4007 validation_mcc=-0.0208 validation_prauc=0.5449 validation_balanced_accuracy=0.4898 validation_brier=0.2664 validation_kappa=-0.0199 validation_informedness=-0.0204 validation_markedness=0.1289 validation_gini=0.0000 validation_optimal_threshold=0.6344 validation_standard_deviation_prediction=0.1091 validation_percentage_above_threshold=38.74
[LN163    ] [chunk_18_phase_4_ensemble.py] [info] [section 3] [CATBOOST] [HYPERPARAMETER_OPTIMIZATION] prediction_binary_split=0.50 hyperparams=(loss=binary_crossentropy lr=0.1 dropout=0.1 alpha=0.0 gamma=0.0 latent_dim=0) improved=True {'iterations': 300, 'depth': 6, 'learning_rate': 0.1, 'auto_class_weights': 'Balanced', 'l2_leaf_reg': 7}
[LN164    ] [chunk_18_phase_4_ensemble.py] [info]    Running post hyperparameter_optimization threshold search for CatBoost...
[LN165    ] [chunk_12_evaluation_evaluator.py] [info] [CATBOOST] label_threshold=20.0 train_below_prediction_binary_split=118,621 train_above_prediction_binary_split=689 train_positive_found=true val_below_prediction_binary_split=52,918 val_above_prediction_binary_split=336 val_positive_found=true
[LN166    ] [chunk_12_evaluation_evaluator.py] [info] [CATBOOST] [reject] skipping LABEL_THRESHOLD=20.0: validation_precision=0.0121 <= baseline+0.0100=0.0163
[LN167    ] [chunk_12_evaluation_evaluator.py] [info] [CATBOOST] label_threshold=10.0 train_below_prediction_binary_split=116,756 train_above_prediction_binary_split=2,554 train_positive_found=true val_below_prediction_binary_split=52,057 val_above_prediction_binary_split=1,197 val_positive_found=true
[LN168    ] [chunk_12_evaluation_evaluator.py] [info] [CATBOOST] [reject] skipping LABEL_THRESHOLD=10.0: validation_precision=0.0195 <= baseline+0.0100=0.0325
[LN169    ] [chunk_12_evaluation_evaluator.py] [info] [CATBOOST] label_threshold=0.0 train_below_prediction_binary_split=59,589 train_above_prediction_binary_split=59,721 train_positive_found=true val_below_prediction_binary_split=24,480 val_above_prediction_binary_split=28,774 val_positive_found=true
[LN170    ] [chunk_12_evaluation_evaluator.py] [info] [CATBOOST] [diagnostic] LABEL_THRESHOLD=0.0 train_precision=0.6178 train_true_positives=35911 train_true_negatives=37375 train_false_positives=22214 train_false_negatives=23810 train_max_prediction=0.9709 train_mean_prediction=0.5000 train_recall=0.6013 train_f1=0.6095 train_auc=0.6657 train_specificity=0.6272 train_false_positive_rate=0.3728 train_f2=0.6045 train_mcc=0.2286 train_prauc=0.6636 train_balanced_accuracy=0.6143 train_brier=0.2312 train_kappa=0.2285 train_informedness=0.2285 train_markedness=0.2450 train_gini=0.3314 train_optimal_threshold=0.5042 train_standard_deviation_prediction=0.0928 train_percentage_above_threshold=48.72
[LN171    ] [chunk_12_evaluation_evaluator.py] [info] [CATBOOST] [diagnostic] LABEL_THRESHOLD=0.0 VALIDATION_PRECISION=0.5273 VALIDATION_TRUE_POSITIVES=10877 VALIDATION_TRUE_NEGATIVES=14728 validation_false_positives=9752 validation_false_negatives=17897 validation_max_prediction=0.9305 validation_mean_prediction=0.4739 validation_recall=0.3780 validation_f1=0.4403 validation_auc=0.4823 validation_specificity=0.6016 validation_false_positive_rate=0.3984 validation_f2=0.4007 validation_mcc=-0.0208 validation_prauc=0.5449 validation_balanced_accuracy=0.4898 validation_brier=0.2664 validation_kappa=-0.0199 validation_informedness=-0.0204 validation_markedness=0.1289 validation_gini=0.0000 validation_optimal_threshold=0.6344 validation_standard_deviation_prediction=0.1091 validation_percentage_above_threshold=38.74
[LN172    ] [chunk_18_phase_4_ensemble.py] [info]    hyperparameter_optimization model threshold search: LABEL_THRESHOLD=0.0, VALIDATION_PRECISION=0.5273
[LN173    ] [chunk_18_phase_4_ensemble.py] [info]    post hyperparameter_optimization threshold search: LABEL_THRESHOLD=0.0, VALIDATION_PRECISION=0.5273
[LN174    ] [chunk_18_phase_4_ensemble.py] [info]    post hyperparameter_optimization no improvement: keeping LABEL_THRESHOLD=0.0
[LN175    ] [chunk_18_phase_4_ensemble.py] [info] [section 4] [CATBOOST] [post hyperparameter_optimization] [diagnostic]  cumulative binary_split_predictions (1%) ≤ 0.2407, (5%) ≤ 0.3072, (10%) ≤ 0.3417, (25%) ≤ 0.3973, (50%) ≤ 0.4669, (75%) ≤ 0.5456, (90%) ≤ 0.6155, (95%) ≤ 0.6582, (99%) ≤ 0.7688, max=0.9305 binary_split_predictions distribution: 0% ≤ 0.01, 0% ≤ 0.02, 0% ≤ 0.05, 0% ≤ 0.1, 0% ≤ 0.2, 61% ≤ 0.5, 39% ≥ 0.50
[LN176    ] [chunk_18_phase_4_ensemble.py] [info] [section 4] [CATBOOST] [post hyperparameter_optimization] LABEL_THRESHOLD=0.0,
[LN177    ] [chunk_18_phase_4_ensemble.py] [info] [section 4] [CATBOOST] [post hyperparameter_optimization] VALIDATION_PRECISION=0.5273 VALIDATION_TRUE_POSITIVES=10877 VALIDATION_TRUE_NEGATIVES=14728 validation_false_positives=9752 validation_false_negatives=17897 validation_max_prediction=0.9305 validation_mean_prediction=0.4739 validation_recall=0.3780 validation_f1=0.4403 validation_auc=0.4823 validation_specificity=0.6016 validation_false_positive_rate=0.3984 validation_f2=0.4007 validation_mcc=-0.0208 validation_prauc=0.5449 validation_balanced_accuracy=0.4898 validation_brier=0.2664 validation_kappa=-0.0199 validation_informedness=-0.0204 validation_markedness=0.1289 validation_gini=0.0000 validation_optimal_threshold=0.6344 validation_standard_deviation_prediction=0.1091 validation_percentage_above_threshold=38.74
[LN178    ] [chunk_18_phase_4_ensemble.py] [info] [section 4] [CATBOOST] [post hyperparameter_optimization] prediction_binary_split=0.50 hyperparams=(loss=binary_crossentropy lr=0.1 dropout=0.0 alpha=1.0 gamma=1.0 latent_dim=64) source=section3
[LN179    ] [chunk_18_phase_4_ensemble.py] [info]    Using Hyperparameter_Optimized model directly (no change to Label_Threshold)
[LN180    ] [chunk_18_phase_4_ensemble.py] [info]    Train predictions: mean=0.5000, std=0.0928, min=0.1201, max=0.9709
[LN181    ] [chunk_18_phase_4_ensemble.py] [info]    validation predictions:   mean=0.4739, std=0.1091, min=0.0941, max=0.9305
[LN182    ] [chunk_18_phase_4_ensemble.py] [info] [section 5] [CATBOOST] [final] [diagnostic] Train  cumulative binary_split_predictions (1%) ≤ 0.2663, (5%) ≤ 0.3593, (10%) ≤ 0.3941, (25%) ≤ 0.4452, (50%) ≤ 0.4976, (75%) ≤ 0.5499, (90%) ≤ 0.6045, (95%) ≤ 0.6472, (99%) ≤ 0.7885, max=0.9709 binary_split_predictions distribution: 0% ≤ 0.01, 0% ≤ 0.02, 0% ≤ 0.05, 0% ≤ 0.1, 0% ≤ 0.2, 51% ≤ 0.5, 49% ≥ 0.50
[LN183    ] [chunk_18_phase_4_ensemble.py] [info] [section 5] [CATBOOST] [final] [diagnostic] validation    cumulative binary_split_predictions (1%) ≤ 0.2407, (5%) ≤ 0.3072, (10%) ≤ 0.3417, (25%) ≤ 0.3973, (50%) ≤ 0.4669, (75%) ≤ 0.5456, (90%) ≤ 0.6155, (95%) ≤ 0.6582, (99%) ≤ 0.7688, max=0.9305 binary_split_predictions distribution: 0% ≤ 0.01, 0% ≤ 0.02, 0% ≤ 0.05, 0% ≤ 0.1, 0% ≤ 0.2, 61% ≤ 0.5, 39% ≥ 0.50
[LN184    ] [chunk_18_phase_4_ensemble.py] [info]    Train predictions: 48.72% positive predictions (58,125 / 119,310)
[LN185    ] [chunk_18_phase_4_ensemble.py] [info]    validation predictions:   38.74% positive predictions (20,629 / 53,254)
[LN186    ] [chunk_18_phase_4_ensemble.py] [info]    [info] Section 4 all rejected - using Section 3 results for Section 5
[LN187    ] [chunk_18_phase_4_ensemble.py] [info]    [diagnostic] prediction_buckets: 0-10:145, 10-20:2139, 20-30:11566, 30-40:18774, 40-50:13872, 50-60:5423, 60-70:1035, 70-80:291, 80-90:8, 90-100:0
[LN188    ] [chunk_18_phase_4_ensemble.py] [info] [section 5] [CATBOOST] [final] LABEL_THRESHOLD=0.0,
[LN189    ] [chunk_18_phase_4_ensemble.py] [info] [section 5] [CATBOOST] [final] train_precision=0.6178 train_true_positives=35911 train_true_negatives=37375 train_false_positives=22214 train_false_negatives=23810 train_max_prediction=0.9709 train_mean_prediction=0.5000 train_recall=0.6013 train_f1=0.6095 train_auc=0.6657 train_specificity=0.6272 train_false_positive_rate=0.3728 train_f2=0.6045 train_mcc=0.2286 train_prauc=0.6636 train_balanced_accuracy=0.6143 train_standard_deviation_prediction=0.0928 train_percentage_above_threshold=48.72 train_brier=0.2312 train_kappa=0.2285 train_informedness=0.2285 train_markedness=0.2450 train_gini=0.3314 train_optimal_threshold=0.5042
[LN190    ] [chunk_18_phase_4_ensemble.py] [info] [section 5] [CATBOOST] [final] VALIDATION_PRECISION=0.5273 VALIDATION_TRUE_POSITIVES=10877 VALIDATION_TRUE_NEGATIVES=14728 validation_false_positives=9752 validation_false_negatives=17897 validation_max_prediction=0.9305 validation_mean_prediction=0.4739 validation_recall=0.3780 validation_f1=0.4403 validation_auc=0.4823 validation_specificity=0.6016 validation_false_positive_rate=0.3984 validation_f2=0.4007 validation_mcc=-0.0208 validation_prauc=0.5449 validation_balanced_accuracy=0.4898 validation_brier=0.2664 validation_kappa=-0.0199 validation_informedness=-0.0204 validation_markedness=0.1289 validation_gini=0.0000 validation_optimal_threshold=0.6344 validation_standard_deviation_prediction=0.1091 validation_percentage_above_threshold=38.74
[LN191    ] [chunk_18_phase_4_ensemble.py] [info] [section 5] [CATBOOST] [final] prediction_binary_split=0.50 hyperparams=(loss=binary_crossentropy lr=0.1 dropout=0.0 alpha=1.0 gamma=1.0 latent_dim=64) (using HPO model directly)
[LN192    ] [chunk_18_phase_4_ensemble.py] [info]    CatBoost loss=binary_crossentropy pred_threshold=0.5 epochs=3
[LN193    ] [chunk_18_phase_4_ensemble.py] [info]    [CatBoost] hyperparameter_optimization: learning_rate=0.1
[LN194    ] [chunk_18_phase_4_ensemble.py] [info]    CatBoost training time: 66.8s
[LN195    ] [chunk_18_phase_4_ensemble.py] [info] [pass] CatBoost trained successfully
[LN196    ] [chunk_18_phase_4_ensemble.py] [info] [section 1] [LIGHTGBM] [baseline] LABEL_THRESHOLD=20.0,
[LN197    ] [chunk_18_phase_4_ensemble.py] [info] [section 1] [LIGHTGBM] [baseline] predictions: mean=0.0048, std=0.0317, min=0.0000, max=0.9590
[LN198    ] [chunk_18_phase_4_ensemble.py] [info] [section 1] [LIGHTGBM] [baseline]  cumulative binary_split_predictions (1%) ≤ 0.0000, (5%) ≤ 0.0000, (10%) ≤ 0.0000, (25%) ≤ 0.0000, (50%) ≤ 0.0001, (75%) ≤ 0.0005, (90%) ≤ 0.0048, (95%) ≤ 0.0148, (99%) ≤ 0.0987, max=0.9590 binary_split_predictions distribution: 93% ≤ 0.01, 96% ≤ 0.02, 98% ≤ 0.05, 99% ≤ 0.1, 100% ≤ 0.2, 100% ≤ 0.5, 0% ≥ 0.50
[LN199    ] [chunk_18_phase_4_ensemble.py] [info] [section 1] [LIGHTGBM] [baseline] prediction_binary_split=0.50, VALIDATION predictions at LABEL_THRESHOLD=20.0: 0.11%
[LN200    ] [chunk_18_phase_4_ensemble.py] [info] [section 1] [LIGHTGBM] [baseline] LABEL_THRESHOLD=20.0,
[LN201    ] [chunk_18_phase_4_ensemble.py] [info] [section 1] [LIGHTGBM] [baseline] VALIDATION_PRECISION=0.0833 VALIDATION_TRUE_POSITIVES=5 VALIDATION_TRUE_NEGATIVES=52863 validation_false_positives=55 validation_false_negatives=331 validation_max_prediction=0.9590 validation_mean_prediction=0.0048 validation_recall=0.0149 validation_f1=0.0253 validation_auc=0.8676 validation_specificity=0.9990 validation_false_positive_rate=0.0010 validation_f2=0.0178 validation_mcc=0.0327 validation_prauc=0.0422 validation_balanced_accuracy=0.5069 validation_brier=0.0068 validation_kappa=0.0234 validation_informedness=0.0138 validation_markedness=0.0823 validation_gini=0.7353 validation_optimal_threshold=0.0008 validation_standard_deviation_prediction=0.0317 validation_percentage_above_threshold=0.11
[LN202    ] [chunk_18_phase_4_ensemble.py] [info] [section 1] [LIGHTGBM] [baseline] prediction_binary_split=0.50 loss=binary_crossentropy, lr=0.001
[LN203    ] [chunk_12_evaluation_evaluator.py] [info] [LIGHTGBM] label_threshold=20.0 train_below_prediction_binary_split=118,621 train_above_prediction_binary_split=689 train_positive_found=true val_below_prediction_binary_split=52,918 val_above_prediction_binary_split=336 val_positive_found=true
[LN204    ] [chunk_12_evaluation_evaluator.py] [info] [LIGHTGBM] [diagnostic] LABEL_THRESHOLD=20.0 train_precision=0.8879 train_true_positives=689 train_true_negatives=118534 train_false_positives=87 train_false_negatives=0 train_max_prediction=0.9993 train_mean_prediction=0.0108 train_recall=1.0000 train_f1=0.9406 train_auc=1.0000 train_specificity=0.9993 train_false_positive_rate=0.0007 train_f2=0.9754 train_mcc=0.9419 train_prauc=0.9998 train_balanced_accuracy=0.9996 train_brier=0.0009 train_kappa=0.9402 train_informedness=0.9993 train_markedness=0.8872 train_gini=1.0000 train_optimal_threshold=0.9054 train_standard_deviation_prediction=0.0806 train_percentage_above_threshold=0.65
[LN205    ] [chunk_12_evaluation_evaluator.py] [info] [LIGHTGBM] [diagnostic] LABEL_THRESHOLD=20.0 VALIDATION_PRECISION=0.0833 VALIDATION_TRUE_POSITIVES=5 VALIDATION_TRUE_NEGATIVES=52863 validation_false_positives=55 validation_false_negatives=331 validation_max_prediction=0.9590 validation_mean_prediction=0.0048 validation_recall=0.0149 validation_f1=0.0253 validation_auc=0.8676 validation_specificity=0.9990 validation_false_positive_rate=0.0010 validation_f2=0.0178 validation_mcc=0.0327 validation_prauc=0.0422 validation_balanced_accuracy=0.5069 validation_brier=0.0068 validation_kappa=0.0234 validation_informedness=0.0138 validation_markedness=0.0823 validation_gini=0.7353 validation_optimal_threshold=0.0008 validation_standard_deviation_prediction=0.0317 validation_percentage_above_threshold=0.11
[LN206    ] [chunk_12_evaluation_evaluator.py] [info] [LIGHTGBM] label_threshold=10.0 train_below_prediction_binary_split=116,756 train_above_prediction_binary_split=2,554 train_positive_found=true val_below_prediction_binary_split=52,057 val_above_prediction_binary_split=1,197 val_positive_found=true
[LN207    ] [chunk_12_evaluation_evaluator.py] [info] [LIGHTGBM] [diagnostic] LABEL_THRESHOLD=10.0 train_precision=0.5131 train_true_positives=2554 train_true_negatives=114332 train_false_positives=2424 train_false_negatives=0 train_max_prediction=0.9962 train_mean_prediction=0.0819 train_recall=1.0000 train_f1=0.6782 train_auc=0.9998 train_specificity=0.9792 train_false_positive_rate=0.0208 train_f2=0.8405 train_mcc=0.7088 train_prauc=0.9794 train_balanced_accuracy=0.9896 train_brier=0.0196 train_kappa=0.6688 train_informedness=0.9792 train_markedness=0.4923 train_gini=0.9995 train_optimal_threshold=0.7875 train_standard_deviation_prediction=0.1778 train_percentage_above_threshold=4.17
[LN208    ] [chunk_12_evaluation_evaluator.py] [info] [LIGHTGBM] [diagnostic] LABEL_THRESHOLD=10.0 VALIDATION_PRECISION=0.1193 VALIDATION_TRUE_POSITIVES=209 VALIDATION_TRUE_NEGATIVES=50514 validation_false_positives=1543 validation_false_negatives=988 validation_max_prediction=0.9843 validation_mean_prediction=0.0660 validation_recall=0.1746 validation_f1=0.1417 validation_auc=0.8416 validation_specificity=0.9704 validation_false_positive_rate=0.0296 validation_f2=0.1598 validation_mcc=0.1205 validation_prauc=0.0901 validation_balanced_accuracy=0.5725 validation_brier=0.0367 validation_kappa=0.1182 validation_informedness=0.1450 validation_markedness=0.0897 validation_gini=0.6833 validation_optimal_threshold=0.0191 validation_standard_deviation_prediction=0.1455 validation_percentage_above_threshold=3.29
[LN209    ] [chunk_12_evaluation_evaluator.py] [info] [LIGHTGBM] label_threshold=0.0 train_below_prediction_binary_split=59,589 train_above_prediction_binary_split=59,721 train_positive_found=true val_below_prediction_binary_split=24,480 val_above_prediction_binary_split=28,774 val_positive_found=true
[LN210    ] [chunk_12_evaluation_evaluator.py] [info] [LIGHTGBM] [diagnostic] LABEL_THRESHOLD=0.0 train_precision=0.7927 train_true_positives=46530 train_true_negatives=47419 train_false_positives=12170 train_false_negatives=13191 train_max_prediction=0.9927 train_mean_prediction=0.5001 train_recall=0.7791 train_f1=0.7858 train_auc=0.8693 train_specificity=0.7958 train_false_positive_rate=0.2042 train_f2=0.7818 train_mcc=0.5750 train_prauc=0.8684 train_balanced_accuracy=0.7874 train_brier=0.1815 train_kappa=0.5749 train_informedness=0.5749 train_markedness=0.5884 train_gini=0.7386 train_optimal_threshold=0.4970 train_standard_deviation_prediction=0.1480 train_percentage_above_threshold=49.20
[LN211    ] [chunk_12_evaluation_evaluator.py] [info] [LIGHTGBM] [diagnostic] LABEL_THRESHOLD=0.0 VALIDATION_PRECISION=0.5292 VALIDATION_TRUE_POSITIVES=10570 VALIDATION_TRUE_NEGATIVES=15077 validation_false_positives=9403 validation_false_negatives=18204 validation_max_prediction=0.9725 validation_mean_prediction=0.4485 validation_recall=0.3673 validation_f1=0.4337 validation_auc=0.4883 validation_specificity=0.6159 validation_false_positive_rate=0.3841 validation_f2=0.3913 validation_mcc=-0.0173 validation_prauc=0.5502 validation_balanced_accuracy=0.4916 validation_brier=0.2867 validation_kappa=-0.0163 validation_informedness=-0.0168 validation_markedness=0.1451 validation_gini=0.0000 validation_optimal_threshold=0.6689 validation_standard_deviation_prediction=0.1682 validation_percentage_above_threshold=37.51
[LN212    ] [chunk_18_phase_4_ensemble.py] [info] [section 1] [LIGHTGBM] [label_threshold_optimal]  cumulative binary_split_predictions (1%) ≤ 0.1148, (5%) ≤ 0.1820, (10%) ≤ 0.2304, (25%) ≤ 0.3246, (50%) ≤ 0.4427, (75%) ≤ 0.5643, (90%) ≤ 0.6733, (95%) ≤ 0.7339, (99%) ≤ 0.8552, max=0.9725 binary_split_predictions distribution: 0% ≤ 0.01, 0% ≤ 0.02, 0% ≤ 0.05, 1% ≤ 0.1, 7% ≤ 0.2, 62% ≤ 0.5, 38% ≥ 0.50
[LN213    ] [chunk_18_phase_4_ensemble.py] [info] [section 1] [LIGHTGBM] [label_threshold_optimal] LABEL_THRESHOLD=0.0
[LN214    ] [chunk_18_phase_4_ensemble.py] [info] [section 1] [LIGHTGBM] [label_threshold_optimal] train_precision=0.7927 train_true_positives=46530 train_true_negatives=47419 train_false_positives=12170 train_false_negatives=13191 train_max_prediction=0.9927 train_mean_prediction=0.5001 train_recall=0.7791 train_f1=0.7858 train_auc=0.8693 train_specificity=0.7958 train_false_positive_rate=0.2042 train_f2=0.7818 train_mcc=0.5750 train_prauc=0.8684 train_balanced_accuracy=0.7874 train_brier=0.1815 train_kappa=0.5749 train_informedness=0.5749 train_markedness=0.5884 train_gini=0.7386 train_optimal_threshold=0.4970 train_standard_deviation_prediction=0.1480 train_percentage_above_threshold=49.20
[LN215    ] [chunk_18_phase_4_ensemble.py] [info] [section 1] [LIGHTGBM] [label_threshold_optimal] VALIDATION_PRECISION=0.5292 VALIDATION_TRUE_POSITIVES=10570 VALIDATION_TRUE_NEGATIVES=15077 validation_false_positives=9403 validation_false_negatives=18204 validation_max_prediction=0.9725 validation_mean_prediction=0.4485 validation_recall=0.3673 validation_f1=0.4337 validation_auc=0.4883 validation_specificity=0.6159 validation_false_positive_rate=0.3841 validation_f2=0.3913 validation_mcc=-0.0173 validation_prauc=0.5502 validation_balanced_accuracy=0.4916 validation_brier=0.2867 validation_kappa=-0.0163 validation_informedness=-0.0168 validation_markedness=0.1451 validation_gini=0.0000 validation_optimal_threshold=0.6689 validation_standard_deviation_prediction=0.1682 validation_percentage_above_threshold=37.51
[LN216    ] [chunk_18_phase_4_ensemble.py] [info] [section 1] [LIGHTGBM] [label_threshold_optimal] prediction_binary_split=0.50
[LN217    ] [chunk_21_hyperparam_optimizer.py] [info] [section 2] [LIGHTGBM] [hyperparameter_optimization search] Running Bayesian optimization (5 trials)...
[LN218    ] [chunk_21_hyperparam_optimizer.py] [info] [section 2] [LIGHTGBM] [hyperparameter_optimization search baseline] LABEL_THRESHOLD=0.0
[LN219    ] [chunk_21_hyperparam_optimizer.py] [info] [section 2] [LIGHTGBM] [hyperparameter_optimization search baseline] VALIDATION_PRECISION=0.5283 VALIDATION_TRUE_POSITIVES=10489 VALIDATION_TRUE_NEGATIVES=15113 validation_false_positives=9367 validation_false_negatives=18285 validation_max_prediction=0.9692 validation_mean_prediction=0.4521 validation_recall=0.3645 validation_f1=0.4314 validation_auc=0.4854 validation_specificity=0.6174 validation_false_positive_rate=0.3826 validation_f2=0.3886 validation_mcc=-0.0187 validation_prauc=0.5511 validation_balanced_accuracy=0.4909 validation_brier=0.2808 validation_kappa=-0.0176 validation_informedness=-0.0181 validation_markedness=0.1456 validation_gini=0.0000 validation_optimal_threshold=0.6729 validation_standard_deviation_prediction=0.1509 validation_percentage_above_threshold=37.29
[LN220    ] [chunk_21_hyperparam_optimizer.py] [info] [section 2] [LIGHTGBM] [hyperparameter_optimization search baseline] TRIAL 1/5: n_estimators=800, num_leaves=63, learning_rate=0.05, min_child_samples=50, reg_alpha=0.01, reg_lambda=5.0, subsample=0.8, colsample_bytree=0.6, min_split_gain=0.01
[LN221    ] [chunk_21_hyperparam_optimizer.py] [info] [section 2] [LIGHTGBM] [hyperparameter_optimization search baseline] LABEL_THRESHOLD=0.0
[LN222    ] [chunk_21_hyperparam_optimizer.py] [info] [section 2] [LIGHTGBM] [hyperparameter_optimization search baseline] VALIDATION_PRECISION=0.5301 VALIDATION_TRUE_POSITIVES=10316 VALIDATION_TRUE_NEGATIVES=15337 validation_false_positives=9143 validation_false_negatives=18458 validation_max_prediction=0.9528 validation_mean_prediction=0.4488 validation_recall=0.3585 validation_f1=0.4278 validation_auc=0.4865 validation_specificity=0.6265 validation_false_positive_rate=0.3735 validation_f2=0.3833 validation_mcc=-0.0155 validation_prauc=0.5521 validation_balanced_accuracy=0.4925 validation_brier=0.2812 validation_kappa=-0.0146 validation_informedness=-0.0150 validation_markedness=0.1567 validation_gini=0.0000 validation_optimal_threshold=0.6704 validation_standard_deviation_prediction=0.1509 validation_percentage_above_threshold=36.54
[LN223    ] [chunk_21_hyperparam_optimizer.py] [info] [section 2] [LIGHTGBM] [hyperparameter_optimization search baseline] TRIAL 2/5: n_estimators=800, num_leaves=31, learning_rate=0.08, min_child_samples=200, reg_alpha=0.1, reg_lambda=0.5, subsample=0.7, colsample_bytree=0.6, min_split_gain=0.01
[LN224    ] [chunk_21_hyperparam_optimizer.py] [info] [section 2] [LIGHTGBM] [hyperparameter_optimization search baseline] LABEL_THRESHOLD=0.0
[LN225    ] [chunk_21_hyperparam_optimizer.py] [info] [section 2] [LIGHTGBM] [hyperparameter_optimization search baseline] VALIDATION_PRECISION=0.5253 VALIDATION_TRUE_POSITIVES=10198 VALIDATION_TRUE_NEGATIVES=15263 validation_false_positives=9217 validation_false_negatives=18576 validation_max_prediction=0.9334 validation_mean_prediction=0.4583 validation_recall=0.3544 validation_f1=0.4233 validation_auc=0.4824 validation_specificity=0.6235 validation_false_positive_rate=0.3765 validation_f2=0.3791 validation_mcc=-0.0229 validation_prauc=0.5518 validation_balanced_accuracy=0.4890 validation_brier=0.2718 validation_kappa=-0.0215 validation_informedness=-0.0221 validation_markedness=0.1488 validation_gini=0.0000 validation_optimal_threshold=0.6486 validation_standard_deviation_prediction=0.1232 validation_percentage_above_threshold=36.46
[LN226    ] [chunk_21_hyperparam_optimizer.py] [info] [section 2] [LIGHTGBM] [hyperparameter_optimization search baseline] TRIAL 3/5: n_estimators=300, num_leaves=63, learning_rate=0.05, min_child_samples=200, reg_alpha=1.0, reg_lambda=5.0, subsample=0.6, colsample_bytree=0.8, min_split_gain=0.0
[LN227    ] [chunk_21_hyperparam_optimizer.py] [info] [section 2] [LIGHTGBM] [hyperparameter_optimization search baseline] LABEL_THRESHOLD=0.0
[LN228    ] [chunk_21_hyperparam_optimizer.py] [info] [section 2] [LIGHTGBM] [hyperparameter_optimization search baseline] VALIDATION_PRECISION=0.5270 VALIDATION_TRUE_POSITIVES=10300 VALIDATION_TRUE_NEGATIVES=15235 validation_false_positives=9245 validation_false_negatives=18474 validation_max_prediction=0.9666 validation_mean_prediction=0.4493 validation_recall=0.3580 validation_f1=0.4263 validation_auc=0.4841 validation_specificity=0.6223 validation_false_positive_rate=0.3777 validation_f2=0.3825 validation_mcc=-0.0204 validation_prauc=0.5514 validation_balanced_accuracy=0.4902 validation_brier=0.2819 validation_kappa=-0.0192 validation_informedness=-0.0197 validation_markedness=0.1493 validation_gini=0.0000 validation_optimal_threshold=0.6797 validation_standard_deviation_prediction=0.1515 validation_percentage_above_threshold=36.70
[LN229    ] [chunk_21_hyperparam_optimizer.py] [info] [section 2] [LIGHTGBM] [hyperparameter_optimization search baseline] TRIAL 4/5: n_estimators=500, num_leaves=127, learning_rate=0.08, min_child_samples=200, reg_alpha=0.01, reg_lambda=5.0, subsample=0.9, colsample_bytree=0.8, min_split_gain=0.1
[LN230    ] [chunk_21_hyperparam_optimizer.py] [info] [section 2] [LIGHTGBM] [hyperparameter_optimization search baseline] LABEL_THRESHOLD=0.0
[LN231    ] [chunk_21_hyperparam_optimizer.py] [info] [section 2] [LIGHTGBM] [hyperparameter_optimization search baseline] VALIDATION_PRECISION=0.5293 VALIDATION_TRUE_POSITIVES=10630 VALIDATION_TRUE_NEGATIVES=15025 validation_false_positives=9455 validation_false_negatives=18144 validation_max_prediction=0.9763 validation_mean_prediction=0.4479 validation_recall=0.3694 validation_f1=0.4351 validation_auc=0.4853 validation_specificity=0.6138 validation_false_positive_rate=0.3862 validation_f2=0.3932 validation_mcc=-0.0173 validation_prauc=0.5490 validation_balanced_accuracy=0.4916 validation_brier=0.2884 validation_kappa=-0.0164 validation_informedness=-0.0168 validation_markedness=0.1430 validation_gini=0.0000 validation_optimal_threshold=0.7340 validation_standard_deviation_prediction=0.1699 validation_percentage_above_threshold=37.72
[LN232    ] [chunk_21_hyperparam_optimizer.py] [info] [section 2] [LIGHTGBM] [hyperparameter_optimization search baseline] TRIAL 5/5: n_estimators=800, num_leaves=127, learning_rate=0.08, min_child_samples=200, reg_alpha=0.5, reg_lambda=0.5, subsample=0.9, colsample_bytree=1.0, min_split_gain=0.01
[LN233    ] [chunk_21_hyperparam_optimizer.py] [info] [section 2] [LIGHTGBM] [best trial] LABEL_THRESHOLD=0.0
[LN234    ] [chunk_21_hyperparam_optimizer.py] [info] [section 2] [LIGHTGBM] [best trial] VALIDATION_PRECISION=0.5301 VALIDATION_TRUE_POSITIVES=10316 VALIDATION_TRUE_NEGATIVES=15337 validation_false_positives=9143 validation_false_negatives=18458 validation_max_prediction=0.9528 validation_mean_prediction=0.4488 validation_recall=0.3585 validation_f1=0.4278 validation_auc=0.4865 validation_specificity=0.6265 validation_false_positive_rate=0.3735 validation_f2=0.3833 validation_mcc=-0.0155 validation_prauc=0.5521 validation_balanced_accuracy=0.4925 validation_brier=0.2812 validation_kappa=-0.0146 validation_informedness=-0.0150 validation_markedness=0.1567 validation_gini=0.0000 validation_optimal_threshold=0.6704 validation_standard_deviation_prediction=0.1509 validation_percentage_above_threshold=36.54
[LN235    ] [chunk_21_hyperparam_optimizer.py] [info] [section 2] [LIGHTGBM] [best trial] n_estimators=800, num_leaves=31, learning_rate=0.08, min_child_samples=200, reg_alpha=0.1, reg_lambda=0.5, subsample=0.7, colsample_bytree=0.6, min_split_gain=0.01
[LN236    ] [chunk_18_phase_4_ensemble.py] [info]    [diagnostic-hyperparameter_optimization]  cumulative binary_split_predictions (1%) ≤ 0.1360, (5%) ≤ 0.2063, (10%) ≤ 0.2540, (25%) ≤ 0.3408, (50%) ≤ 0.4447, (75%) ≤ 0.5512, (90%) ≤ 0.6455, (95%) ≤ 0.7021, (99%) ≤ 0.8196, max=0.9528 binary_split_predictions distribution: 0% ≤ 0.01, 0% ≤ 0.02, 0% ≤ 0.05, 0% ≤ 0.1, 5% ≤ 0.2, 63% ≤ 0.5, 37% ≥ 0.50
[LN237    ] [chunk_18_phase_4_ensemble.py] [info]    hyperparameter_optimization improved: 0.5301 > 0.5292
[LN238    ] [chunk_18_phase_4_ensemble.py] [info] [section 3] [LIGHTGBM] [HYPERPARAMETER_OPTIMIZATION] LABEL_THRESHOLD=0.0,
[LN239    ] [chunk_18_phase_4_ensemble.py] [info] [section 3] [LIGHTGBM] [HYPERPARAMETER_OPTIMIZATION] VALIDATION_PRECISION=0.5301 VALIDATION_TRUE_POSITIVES=10316 VALIDATION_TRUE_NEGATIVES=15337 validation_false_positives=9143 validation_false_negatives=18458 validation_max_prediction=0.9528 validation_mean_prediction=0.4488 validation_recall=0.3585 validation_f1=0.4278 validation_auc=0.4865 validation_specificity=0.6265 validation_false_positive_rate=0.3735 validation_f2=0.3833 validation_mcc=-0.0155 validation_prauc=0.5521 validation_balanced_accuracy=0.4925 validation_brier=0.2812 validation_kappa=-0.0146 validation_informedness=-0.0150 validation_markedness=0.1567 validation_gini=0.0000 validation_optimal_threshold=0.6704 validation_standard_deviation_prediction=0.1509 validation_percentage_above_threshold=36.54
[LN240    ] [chunk_18_phase_4_ensemble.py] [info] [section 3] [LIGHTGBM] [HYPERPARAMETER_OPTIMIZATION] prediction_binary_split=0.50 hyperparams=(loss=binary_crossentropy lr=0.08 dropout=0.1 alpha=0.0 gamma=0.0 latent_dim=0) improved=True {'n_estimators': 800, 'num_leaves': 31, 'learning_rate': 0.08, 'min_child_samples': 200, 'reg_alpha': 0.1, 'reg_lambda': 0.5, 'subsample': 0.7, 'colsample_bytree': 0.6, 'min_split_gain': 0.01}
[LN241    ] [chunk_18_phase_4_ensemble.py] [info]    Running post hyperparameter_optimization threshold search for LightGBM...
[LN242    ] [chunk_12_evaluation_evaluator.py] [info] [LIGHTGBM] label_threshold=20.0 train_below_prediction_binary_split=118,621 train_above_prediction_binary_split=689 train_positive_found=true val_below_prediction_binary_split=52,918 val_above_prediction_binary_split=336 val_positive_found=true
[LN243    ] [chunk_12_evaluation_evaluator.py] [info] [LIGHTGBM] [diagnostic] LABEL_THRESHOLD=20.0 train_precision=0.0143 train_true_positives=31 train_true_negatives=116483 train_false_positives=2138 train_false_negatives=658 train_max_prediction=0.7130 train_mean_prediction=0.2844 train_recall=0.0450 train_f1=0.0217 train_auc=0.5545 train_specificity=0.9820 train_false_positive_rate=0.0180 train_f2=0.0315 train_mcc=0.0153 train_prauc=0.0081 train_balanced_accuracy=0.5135 train_brier=0.0933 train_kappa=0.0130 train_informedness=0.0270 train_markedness=-0.0037 train_gini=0.1091 train_optimal_threshold=0.3125 train_standard_deviation_prediction=0.1010 train_percentage_above_threshold=1.82
[LN244    ] [chunk_12_evaluation_evaluator.py] [info] [LIGHTGBM] [diagnostic] LABEL_THRESHOLD=20.0 VALIDATION_PRECISION=0.0250 VALIDATION_TRUE_POSITIVES=13 VALIDATION_TRUE_NEGATIVES=52410 validation_false_positives=508 validation_false_negatives=323 validation_max_prediction=0.6891 validation_mean_prediction=0.2222 validation_recall=0.0387 validation_f1=0.0303 validation_auc=0.5896 validation_specificity=0.9904 validation_false_positive_rate=0.0096 validation_f2=0.0349 validation_mcc=0.0234 validation_prauc=0.0107 validation_balanced_accuracy=0.5145 validation_brier=0.0612 validation_kappa=0.0228 validation_informedness=0.0291 validation_markedness=0.0154 validation_gini=0.1792 validation_optimal_threshold=0.3076 validation_standard_deviation_prediction=0.0934 validation_percentage_above_threshold=0.98
[LN245    ] [chunk_12_evaluation_evaluator.py] [info] [LIGHTGBM] label_threshold=10.0 train_below_prediction_binary_split=116,756 train_above_prediction_binary_split=2,554 train_positive_found=true val_below_prediction_binary_split=52,057 val_above_prediction_binary_split=1,197 val_positive_found=true
[LN246    ] [chunk_12_evaluation_evaluator.py] [info] [LIGHTGBM] [diagnostic] LABEL_THRESHOLD=10.0 train_precision=0.0400 train_true_positives=172 train_true_negatives=112631 train_false_positives=4125 train_false_negatives=2382 train_max_prediction=0.7699 train_mean_prediction=0.2057 train_recall=0.0673 train_f1=0.0502 train_auc=0.6072 train_specificity=0.9647 train_false_positive_rate=0.0353 train_f2=0.0593 train_mcc=0.0249 train_prauc=0.0300 train_balanced_accuracy=0.5160 train_brier=0.0706 train_kappa=0.0240 train_informedness=0.0320 train_markedness=0.0047 train_gini=0.2144 train_optimal_threshold=0.1539 train_standard_deviation_prediction=0.1329 train_percentage_above_threshold=3.60
[LN247    ] [chunk_12_evaluation_evaluator.py] [info] [LIGHTGBM] [diagnostic] LABEL_THRESHOLD=10.0 VALIDATION_PRECISION=0.0570 VALIDATION_TRUE_POSITIVES=82 VALIDATION_TRUE_NEGATIVES=50700 validation_false_positives=1357 validation_false_negatives=1115 validation_max_prediction=0.7313 validation_mean_prediction=0.1649 validation_recall=0.0685 validation_f1=0.0622 validation_auc=0.6343 validation_specificity=0.9739 validation_false_positive_rate=0.0261 validation_f2=0.0658 validation_mcc=0.0388 validation_prauc=0.0367 validation_balanced_accuracy=0.5212 validation_brier=0.0552 validation_kappa=0.0386 validation_informedness=0.0424 validation_markedness=0.0309 validation_gini=0.2685 validation_optimal_threshold=0.1245 validation_standard_deviation_prediction=0.1240 validation_percentage_above_threshold=2.70
[LN248    ] [chunk_12_evaluation_evaluator.py] [info] [LIGHTGBM] label_threshold=0.0 train_below_prediction_binary_split=59,589 train_above_prediction_binary_split=59,721 train_positive_found=true val_below_prediction_binary_split=24,480 val_above_prediction_binary_split=28,774 val_positive_found=true
[LN249    ] [chunk_12_evaluation_evaluator.py] [info] [LIGHTGBM] [diagnostic] LABEL_THRESHOLD=0.0 train_precision=0.7162 train_true_positives=41772 train_true_negatives=43036 train_false_positives=16553 train_false_negatives=17949 train_max_prediction=0.9904 train_mean_prediction=0.5001 train_recall=0.6995 train_f1=0.7077 train_auc=0.7850 train_specificity=0.7222 train_false_positive_rate=0.2778 train_f2=0.7027 train_mcc=0.4218 train_prauc=0.7806 train_balanced_accuracy=0.7108 train_brier=0.2052 train_kappa=0.4217 train_informedness=0.4217 train_markedness=0.4384 train_gini=0.5701 train_optimal_threshold=0.4985 train_standard_deviation_prediction=0.1276 train_percentage_above_threshold=48.89
[LN250    ] [chunk_12_evaluation_evaluator.py] [info] [LIGHTGBM] [diagnostic] LABEL_THRESHOLD=0.0 VALIDATION_PRECISION=0.5301 VALIDATION_TRUE_POSITIVES=10316 VALIDATION_TRUE_NEGATIVES=15337 validation_false_positives=9143 validation_false_negatives=18458 validation_max_prediction=0.9528 validation_mean_prediction=0.4488 validation_recall=0.3585 validation_f1=0.4278 validation_auc=0.4865 validation_specificity=0.6265 validation_false_positive_rate=0.3735 validation_f2=0.3833 validation_mcc=-0.0155 validation_prauc=0.5521 validation_balanced_accuracy=0.4925 validation_brier=0.2812 validation_kappa=-0.0146 validation_informedness=-0.0150 validation_markedness=0.1567 validation_gini=0.0000 validation_optimal_threshold=0.6704 validation_standard_deviation_prediction=0.1509 validation_percentage_above_threshold=36.54
[LN251    ] [chunk_18_phase_4_ensemble.py] [info]    hyperparameter_optimization model threshold search: LABEL_THRESHOLD=0.0, VALIDATION_PRECISION=0.5301
[LN252    ] [chunk_18_phase_4_ensemble.py] [info]    post hyperparameter_optimization threshold search: LABEL_THRESHOLD=0.0, VALIDATION_PRECISION=0.5301
[LN253    ] [chunk_18_phase_4_ensemble.py] [info]    post hyperparameter_optimization no improvement: keeping LABEL_THRESHOLD=0.0
[LN254    ] [chunk_18_phase_4_ensemble.py] [info] [section 4] [LIGHTGBM] [post hyperparameter_optimization] [diagnostic]  cumulative binary_split_predictions (1%) ≤ 0.1360, (5%) ≤ 0.2063, (10%) ≤ 0.2540, (25%) ≤ 0.3408, (50%) ≤ 0.4447, (75%) ≤ 0.5512, (90%) ≤ 0.6455, (95%) ≤ 0.7021, (99%) ≤ 0.8196, max=0.9528 binary_split_predictions distribution: 0% ≤ 0.01, 0% ≤ 0.02, 0% ≤ 0.05, 0% ≤ 0.1, 5% ≤ 0.2, 63% ≤ 0.5, 37% ≥ 0.50
[LN255    ] [chunk_18_phase_4_ensemble.py] [info] [section 4] [LIGHTGBM] [post hyperparameter_optimization] LABEL_THRESHOLD=0.0,
[LN256    ] [chunk_18_phase_4_ensemble.py] [info] [section 4] [LIGHTGBM] [post hyperparameter_optimization] VALIDATION_PRECISION=0.5301 VALIDATION_TRUE_POSITIVES=10316 VALIDATION_TRUE_NEGATIVES=15337 validation_false_positives=9143 validation_false_negatives=18458 validation_max_prediction=0.9528 validation_mean_prediction=0.4488 validation_recall=0.3585 validation_f1=0.4278 validation_auc=0.4865 validation_specificity=0.6265 validation_false_positive_rate=0.3735 validation_f2=0.3833 validation_mcc=-0.0155 validation_prauc=0.5521 validation_balanced_accuracy=0.4925 validation_brier=0.2812 validation_kappa=-0.0146 validation_informedness=-0.0150 validation_markedness=0.1567 validation_gini=0.0000 validation_optimal_threshold=0.6704 validation_standard_deviation_prediction=0.1509 validation_percentage_above_threshold=36.54
[LN257    ] [chunk_18_phase_4_ensemble.py] [info] [section 4] [LIGHTGBM] [post hyperparameter_optimization] prediction_binary_split=0.50 hyperparams=(loss=binary_crossentropy lr=0.08 dropout=0.0 alpha=1.0 gamma=1.0 latent_dim=64) source=section3
[LN258    ] [chunk_18_phase_4_ensemble.py] [info]    Using Hyperparameter_Optimized model directly (no change to Label_Threshold)
[LN259    ] [chunk_18_phase_4_ensemble.py] [info]    Train predictions: mean=0.5001, std=0.1276, min=0.0443, max=0.9904
[LN260    ] [chunk_18_phase_4_ensemble.py] [info]    validation predictions:   mean=0.4488, std=0.1509, min=0.0602, max=0.9528
[LN261    ] [chunk_18_phase_4_ensemble.py] [info] [section 5] [LIGHTGBM] [final] [diagnostic] Train  cumulative binary_split_predictions (1%) ≤ 0.1964, (5%) ≤ 0.2973, (10%) ≤ 0.3454, (25%) ≤ 0.4191, (50%) ≤ 0.4967, (75%) ≤ 0.5760, (90%) ≤ 0.6565, (95%) ≤ 0.7129, (99%) ≤ 0.8533, max=0.9904 binary_split_predictions distribution: 0% ≤ 0.01, 0% ≤ 0.02, 0% ≤ 0.05, 0% ≤ 0.1, 1% ≤ 0.2, 51% ≤ 0.5, 49% ≥ 0.50
[LN262    ] [chunk_18_phase_4_ensemble.py] [info] [section 5] [LIGHTGBM] [final] [diagnostic] validation    cumulative binary_split_predictions (1%) ≤ 0.1360, (5%) ≤ 0.2063, (10%) ≤ 0.2540, (25%) ≤ 0.3408, (50%) ≤ 0.4447, (75%) ≤ 0.5512, (90%) ≤ 0.6455, (95%) ≤ 0.7021, (99%) ≤ 0.8196, max=0.9528 binary_split_predictions distribution: 0% ≤ 0.01, 0% ≤ 0.02, 0% ≤ 0.05, 0% ≤ 0.1, 5% ≤ 0.2, 63% ≤ 0.5, 37% ≥ 0.50
[LN263    ] [chunk_18_phase_4_ensemble.py] [info]    Train predictions: 48.89% positive predictions (58,325 / 119,310)
[LN264    ] [chunk_18_phase_4_ensemble.py] [info]    validation predictions:   36.54% positive predictions (19,459 / 53,254)
[LN265    ] [chunk_18_phase_4_ensemble.py] [info]    [info] Section 4 all rejected - using Section 3 results for Section 5
[LN266    ] [chunk_18_phase_4_ensemble.py] [info]    [diagnostic] prediction_buckets: 0-10:2303, 10-20:6614, 20-30:11646, 30-40:13132, 40-50:10839, 50-60:5892, 60-70:2037, 70-80:527, 80-90:164, 90-100:0
[LN267    ] [chunk_18_phase_4_ensemble.py] [info] [section 5] [LIGHTGBM] [final] LABEL_THRESHOLD=0.0,
[LN268    ] [chunk_18_phase_4_ensemble.py] [info] [section 5] [LIGHTGBM] [final] train_precision=0.7162 train_true_positives=41772 train_true_negatives=43036 train_false_positives=16553 train_false_negatives=17949 train_max_prediction=0.9904 train_mean_prediction=0.5001 train_recall=0.6995 train_f1=0.7077 train_auc=0.7850 train_specificity=0.7222 train_false_positive_rate=0.2778 train_f2=0.7027 train_mcc=0.4218 train_prauc=0.7806 train_balanced_accuracy=0.7108 train_standard_deviation_prediction=0.1276 train_percentage_above_threshold=48.89 train_brier=0.2052 train_kappa=0.4217 train_informedness=0.4217 train_markedness=0.4384 train_gini=0.5701 train_optimal_threshold=0.4985
[LN269    ] [chunk_18_phase_4_ensemble.py] [info] [section 5] [LIGHTGBM] [final] VALIDATION_PRECISION=0.5301 VALIDATION_TRUE_POSITIVES=10316 VALIDATION_TRUE_NEGATIVES=15337 validation_false_positives=9143 validation_false_negatives=18458 validation_max_prediction=0.9528 validation_mean_prediction=0.4488 validation_recall=0.3585 validation_f1=0.4278 validation_auc=0.4865 validation_specificity=0.6265 validation_false_positive_rate=0.3735 validation_f2=0.3833 validation_mcc=-0.0155 validation_prauc=0.5521 validation_balanced_accuracy=0.4925 validation_brier=0.2812 validation_kappa=-0.0146 validation_informedness=-0.0150 validation_markedness=0.1567 validation_gini=0.0000 validation_optimal_threshold=0.6704 validation_standard_deviation_prediction=0.1509 validation_percentage_above_threshold=36.54
[LN270    ] [chunk_18_phase_4_ensemble.py] [info] [section 5] [LIGHTGBM] [final] prediction_binary_split=0.50 hyperparams=(loss=binary_crossentropy lr=0.08 dropout=0.0 alpha=1.0 gamma=1.0 latent_dim=64) (using HPO model directly)
[LN271    ] [chunk_18_phase_4_ensemble.py] [info]    LightGBM loss=binary_crossentropy pred_threshold=0.5 epochs=3
[LN272    ] [chunk_18_phase_4_ensemble.py] [info]    [LightGBM] hyperparameter_optimization: learning_rate=0.08
[LN273    ] [chunk_18_phase_4_ensemble.py] [info]    LightGBM training time: 46.9s
[LN274    ] [chunk_18_phase_4_ensemble.py] [info] [pass] LightGBM trained successfully
[LN275    ] [chunk_18_phase_4_ensemble.py] [info] [section 1] [XGBOOST] [baseline] LABEL_THRESHOLD=20.0,
[LN276    ] [chunk_18_phase_4_ensemble.py] [info] [section 1] [XGBOOST] [baseline] predictions: mean=0.0037, std=0.0193, min=0.0000, max=0.7230
[LN277    ] [chunk_18_phase_4_ensemble.py] [info] [section 1] [XGBOOST] [baseline]  cumulative binary_split_predictions (1%) ≤ 0.0000, (5%) ≤ 0.0000, (10%) ≤ 0.0000, (25%) ≤ 0.0000, (50%) ≤ 0.0001, (75%) ≤ 0.0012, (90%) ≤ 0.0064, (95%) ≤ 0.0150, (99%) ≤ 0.0640, max=0.7230 binary_split_predictions distribution: 93% ≤ 0.01, 96% ≤ 0.02, 99% ≤ 0.05, 99% ≤ 0.1, 100% ≤ 0.2, 100% ≤ 0.5, 0% ≥ 0.50
[LN278    ] [chunk_18_phase_4_ensemble.py] [info] [section 1] [XGBOOST] [baseline] prediction_binary_split=0.50, VALIDATION predictions at LABEL_THRESHOLD=20.0: 0.02%
[LN279    ] [chunk_18_phase_4_ensemble.py] [info] [section 1] [XGBOOST] [baseline] LABEL_THRESHOLD=20.0,
[LN280    ] [chunk_18_phase_4_ensemble.py] [info] [section 1] [XGBOOST] [baseline] VALIDATION_PRECISION=0.0909 VALIDATION_TRUE_POSITIVES=1 VALIDATION_TRUE_NEGATIVES=52908 validation_false_positives=10 validation_false_negatives=335 validation_max_prediction=0.7230 validation_mean_prediction=0.0037 validation_recall=0.0030 validation_f1=0.0058 validation_auc=0.8659 validation_specificity=0.9998 validation_false_positive_rate=0.0002 validation_f2=0.0037 validation_mcc=0.0154 validation_prauc=0.0331 validation_balanced_accuracy=0.5014 validation_brier=0.0064 validation_kappa=0.0054 validation_informedness=0.0028 validation_markedness=0.0907 validation_gini=0.7318 validation_optimal_threshold=0.0009 validation_standard_deviation_prediction=0.0193 validation_percentage_above_threshold=0.02
[LN281    ] [chunk_18_phase_4_ensemble.py] [info] [section 1] [XGBOOST] [baseline] prediction_binary_split=0.50 loss=binary_crossentropy, lr=0.001
[LN282    ] [chunk_12_evaluation_evaluator.py] [info] [XGBOOST] label_threshold=20.0 train_below_prediction_binary_split=118,621 train_above_prediction_binary_split=689 train_positive_found=true val_below_prediction_binary_split=52,918 val_above_prediction_binary_split=336 val_positive_found=true
[LN283    ] [chunk_12_evaluation_evaluator.py] [info] [reject] threshold=20.0 action=skipped reason=insufficient_positive_predictions positive_predictions=48 minimum_positive_required=53
[LN284    ] [chunk_12_evaluation_evaluator.py] [info] [XGBOOST] label_threshold=10.0 train_below_prediction_binary_split=116,756 train_above_prediction_binary_split=2,554 train_positive_found=true val_below_prediction_binary_split=52,057 val_above_prediction_binary_split=1,197 val_positive_found=true
[LN285    ] [chunk_12_evaluation_evaluator.py] [info] [XGBOOST] [diagnostic] LABEL_THRESHOLD=10.0 train_precision=0.3056 train_true_positives=2554 train_true_negatives=110953 train_false_positives=5803 train_false_negatives=0 train_max_prediction=0.9988 train_mean_prediction=0.1134 train_recall=1.0000 train_f1=0.4682 train_auc=0.9999 train_specificity=0.9503 train_false_positive_rate=0.0497 train_f2=0.6876 train_mcc=0.5389 train_prauc=0.9946 train_balanced_accuracy=0.9751 train_brier=0.0371 train_kappa=0.4501 train_informedness=0.9503 train_markedness=0.2559 train_gini=0.9998 train_optimal_threshold=0.9097 train_standard_deviation_prediction=0.2120 train_percentage_above_threshold=7.00
[LN286    ] [chunk_12_evaluation_evaluator.py] [info] [XGBOOST] [diagnostic] LABEL_THRESHOLD=10.0 VALIDATION_PRECISION=0.0812 VALIDATION_TRUE_POSITIVES=179 VALIDATION_TRUE_NEGATIVES=50031 validation_false_positives=2026 validation_false_negatives=1018 validation_max_prediction=0.9860 validation_mean_prediction=0.0742 validation_recall=0.1495 validation_f1=0.1052 validation_auc=0.7913 validation_specificity=0.9611 validation_false_positive_rate=0.0389 validation_f2=0.1280 validation_mcc=0.0823 validation_prauc=0.0650 validation_balanced_accuracy=0.5553 validation_brier=0.0433 validation_kappa=0.0784 validation_informedness=0.1106 validation_markedness=0.0423 validation_gini=0.5826 validation_optimal_threshold=0.0169 validation_standard_deviation_prediction=0.1585 validation_percentage_above_threshold=4.14
[LN287    ] [chunk_12_evaluation_evaluator.py] [info] [XGBOOST] label_threshold=0.0 train_below_prediction_binary_split=59,589 train_above_prediction_binary_split=59,721 train_positive_found=true val_below_prediction_binary_split=24,480 val_above_prediction_binary_split=28,774 val_positive_found=true
[LN288    ] [chunk_12_evaluation_evaluator.py] [info] [XGBOOST] [reject] skipping LABEL_THRESHOLD=0.0: pos_pred_ratio=96.36% outside [0%, 65%]
[LN289    ] [chunk_18_phase_4_ensemble.py] [info] [section 1] [XGBOOST] [label_threshold_optimal]  cumulative binary_split_predictions (1%) ≤ 0.0002, (5%) ≤ 0.0004, (10%) ≤ 0.0006, (25%) ≤ 0.0016, (50%) ≤ 0.0063, (75%) ≤ 0.0521, (90%) ≤ 0.2549, (95%) ≤ 0.4538, (99%) ≤ 0.7754, max=0.9860 binary_split_predictions distribution: 57% ≤ 0.01, 65% ≤ 0.02, 75% ≤ 0.05, 81% ≤ 0.1, 88% ≤ 0.2, 96% ≤ 0.5, 4% ≥ 0.50
[LN290    ] [chunk_18_phase_4_ensemble.py] [info] [section 1] [XGBOOST] [label_threshold_optimal] LABEL_THRESHOLD=10.0
[LN291    ] [chunk_18_phase_4_ensemble.py] [info] [section 1] [XGBOOST] [label_threshold_optimal] train_precision=0.3056 train_true_positives=2554 train_true_negatives=110953 train_false_positives=5803 train_false_negatives=0 train_max_prediction=0.9988 train_mean_prediction=0.1134 train_recall=1.0000 train_f1=0.4682 train_auc=0.9999 train_specificity=0.9503 train_false_positive_rate=0.0497 train_f2=0.6876 train_mcc=0.5389 train_prauc=0.9946 train_balanced_accuracy=0.9751 train_brier=0.0371 train_kappa=0.4501 train_informedness=0.9503 train_markedness=0.2559 train_gini=0.9998 train_optimal_threshold=0.9097 train_standard_deviation_prediction=0.2120 train_percentage_above_threshold=7.00
[LN292    ] [chunk_18_phase_4_ensemble.py] [info] [section 1] [XGBOOST] [label_threshold_optimal] VALIDATION_PRECISION=0.0812 VALIDATION_TRUE_POSITIVES=179 VALIDATION_TRUE_NEGATIVES=50031 validation_false_positives=2026 validation_false_negatives=1018 validation_max_prediction=0.9860 validation_mean_prediction=0.0742 validation_recall=0.1495 validation_f1=0.1052 validation_auc=0.7913 validation_specificity=0.9611 validation_false_positive_rate=0.0389 validation_f2=0.1280 validation_mcc=0.0823 validation_prauc=0.0650 validation_balanced_accuracy=0.5553 validation_brier=0.0433 validation_kappa=0.0784 validation_informedness=0.1106 validation_markedness=0.0423 validation_gini=0.5826 validation_optimal_threshold=0.0169 validation_standard_deviation_prediction=0.1585 validation_percentage_above_threshold=4.14
[LN293    ] [chunk_18_phase_4_ensemble.py] [info] [section 1] [XGBOOST] [label_threshold_optimal] prediction_binary_split=0.50
[LN294    ] [chunk_21_hyperparam_optimizer.py] [info] [section 2] [XGBOOST] [hyperparameter_optimization search] Running Bayesian optimization (5 trials)...
[LN295    ] [chunk_21_hyperparam_optimizer.py] [info] [section 2] [XGBOOST] [hyperparameter_optimization search baseline] LABEL_THRESHOLD=10.0
[LN296    ] [chunk_21_hyperparam_optimizer.py] [info] [section 2] [XGBOOST] [hyperparameter_optimization search baseline] VALIDATION_PRECISION=0.0601 VALIDATION_TRUE_POSITIVES=1066 VALIDATION_TRUE_NEGATIVES=35380 validation_false_positives=16677 validation_false_negatives=131 validation_max_prediction=0.9947 validation_mean_prediction=0.3410 validation_recall=0.8906 validation_f1=0.1126 validation_auc=0.8579 validation_specificity=0.6796 validation_false_positive_rate=0.3204 validation_f2=0.2366 validation_mcc=0.1793 validation_prauc=0.1054 validation_balanced_accuracy=0.7851 validation_brier=0.2376 validation_kappa=0.0736 validation_informedness=0.5702 validation_markedness=-0.2603 validation_gini=0.7157 validation_optimal_threshold=0.5539 validation_standard_deviation_prediction=0.3687 validation_percentage_above_threshold=33.32
[LN297    ] [chunk_21_hyperparam_optimizer.py] [info] [section 2] [XGBOOST] [hyperparameter_optimization search baseline] TRIAL 1/5: n_estimators=300, max_depth=5, learning_rate=0.05, min_child_weight=100, reg_alpha=0.5, reg_lambda=5.0, subsample=0.7, colsample_bytree=1.0, gamma=0.1
[LN298    ] [chunk_21_hyperparam_optimizer.py] [info] [section 2] [XGBOOST] [hyperparameter_optimization search baseline] LABEL_THRESHOLD=10.0
[LN299    ] [chunk_21_hyperparam_optimizer.py] [info] [section 2] [XGBOOST] [hyperparameter_optimization search baseline] VALIDATION_PRECISION=0.0391 VALIDATION_TRUE_POSITIVES=1164 VALIDATION_TRUE_NEGATIVES=23479 validation_false_positives=28578 validation_false_negatives=33 validation_max_prediction=0.9530 validation_mean_prediction=0.5997 validation_recall=0.9724 validation_f1=0.0752 validation_auc=0.8428 validation_specificity=0.4510 validation_false_positive_rate=0.5490 validation_f2=0.1685 validation_mcc=0.1264 validation_prauc=0.1066 validation_balanced_accuracy=0.7117 validation_brier=0.3960 validation_kappa=0.0335 validation_informedness=0.4235 validation_markedness=-0.5098 validation_gini=0.6856 validation_optimal_threshold=0.7388 validation_standard_deviation_prediction=0.2297 validation_percentage_above_threshold=55.85
[LN300    ] [chunk_21_hyperparam_optimizer.py] [info] [section 2] [XGBOOST] [hyperparameter_optimization search baseline] TRIAL 2/5: n_estimators=200, max_depth=3, learning_rate=0.01, min_child_weight=100, reg_alpha=0.0, reg_lambda=5.0, subsample=0.8, colsample_bytree=1.0, gamma=0.5
[LN301    ] [chunk_21_hyperparam_optimizer.py] [info] [section 2] [XGBOOST] [hyperparameter_optimization search baseline] LABEL_THRESHOLD=10.0
[LN302    ] [chunk_21_hyperparam_optimizer.py] [info] [section 2] [XGBOOST] [hyperparameter_optimization search baseline] VALIDATION_PRECISION=0.0747 VALIDATION_TRUE_POSITIVES=699 VALIDATION_TRUE_NEGATIVES=43395 validation_false_positives=8662 validation_false_negatives=498 validation_max_prediction=0.9905 validation_mean_prediction=0.1925 validation_recall=0.5840 validation_f1=0.1324 validation_auc=0.8325 validation_specificity=0.8336 validation_false_positive_rate=0.1664 validation_f2=0.2470 validation_mcc=0.1626 validation_prauc=0.0804 validation_balanced_accuracy=0.7088 validation_brier=0.1151 validation_kappa=0.0964 validation_informedness=0.4176 validation_markedness=-0.0917 validation_gini=0.6649 validation_optimal_threshold=0.1246 validation_standard_deviation_prediction=0.2840 validation_percentage_above_threshold=17.58
[LN303    ] [chunk_21_hyperparam_optimizer.py] [info] [section 2] [XGBOOST] [hyperparameter_optimization search baseline] TRIAL 3/5: n_estimators=200, max_depth=7, learning_rate=0.1, min_child_weight=10, reg_alpha=0.5, reg_lambda=10.0, subsample=0.8, colsample_bytree=0.7, gamma=0
[LN304    ] [chunk_21_hyperparam_optimizer.py] [info] [section 2] [XGBOOST] [hyperparameter_optimization search baseline] LABEL_THRESHOLD=10.0
[LN305    ] [chunk_21_hyperparam_optimizer.py] [info] [section 2] [XGBOOST] [hyperparameter_optimization search baseline] VALIDATION_PRECISION=0.0367 VALIDATION_TRUE_POSITIVES=1176 VALIDATION_TRUE_NEGATIVES=21152 validation_false_positives=30905 validation_false_negatives=21 validation_max_prediction=0.9523 validation_mean_prediction=0.6145 validation_recall=0.9825 validation_f1=0.0707 validation_auc=0.8440 validation_specificity=0.4063 validation_false_positive_rate=0.5937 validation_f2=0.1595 validation_mcc=0.1178 validation_prauc=0.1052 validation_balanced_accuracy=0.6944 validation_brier=0.4102 validation_kappa=0.0286 validation_informedness=0.3888 validation_markedness=-0.5570 validation_gini=0.6879 validation_optimal_threshold=0.7602 validation_standard_deviation_prediction=0.2218 validation_percentage_above_threshold=60.24
[LN306    ] [chunk_21_hyperparam_optimizer.py] [info] [section 2] [XGBOOST] [hyperparameter_optimization search baseline] TRIAL 4/5: n_estimators=200, max_depth=3, learning_rate=0.01, min_child_weight=200, reg_alpha=0.1, reg_lambda=1.0, subsample=0.8, colsample_bytree=0.5, gamma=0.5
[LN307    ] [chunk_21_hyperparam_optimizer.py] [info] [section 2] [XGBOOST] [hyperparameter_optimization search baseline] LABEL_THRESHOLD=10.0
[LN308    ] [chunk_21_hyperparam_optimizer.py] [info] [section 2] [XGBOOST] [hyperparameter_optimization search baseline] VALIDATION_PRECISION=0.0509 VALIDATION_TRUE_POSITIVES=1133 VALIDATION_TRUE_NEGATIVES=30931 validation_false_positives=21126 validation_false_negatives=64 validation_max_prediction=0.9957 validation_mean_prediction=0.4460 validation_recall=0.9465 validation_f1=0.0966 validation_auc=0.8583 validation_specificity=0.5942 validation_false_positive_rate=0.4058 validation_f2=0.2095 validation_mcc=0.1625 validation_prauc=0.1105 validation_balanced_accuracy=0.7704 validation_brier=0.3127 validation_kappa=0.0564 validation_informedness=0.5407 validation_markedness=-0.3549 validation_gini=0.7166 validation_optimal_threshold=0.7171 validation_standard_deviation_prediction=0.3620 validation_percentage_above_threshold=41.80
[LN309    ] [chunk_21_hyperparam_optimizer.py] [info] [section 2] [XGBOOST] [hyperparameter_optimization search baseline] TRIAL 5/5: n_estimators=300, max_depth=3, learning_rate=0.05, min_child_weight=200, reg_alpha=0.1, reg_lambda=1.0, subsample=0.8, colsample_bytree=1.0, gamma=0
[LN310    ] [chunk_21_hyperparam_optimizer.py] [info] [section 2] [XGBOOST] [best trial] LABEL_THRESHOLD=10.0
[LN311    ] [chunk_21_hyperparam_optimizer.py] [info] [section 2] [XGBOOST] [best trial] VALIDATION_PRECISION=0.0747 VALIDATION_TRUE_POSITIVES=699 VALIDATION_TRUE_NEGATIVES=43395 validation_false_positives=8662 validation_false_negatives=498 validation_max_prediction=0.9905 validation_mean_prediction=0.1925 validation_recall=0.5840 validation_f1=0.1324 validation_auc=0.8325 validation_specificity=0.8336 validation_false_positive_rate=0.1664 validation_f2=0.2470 validation_mcc=0.1626 validation_prauc=0.0804 validation_balanced_accuracy=0.7088 validation_brier=0.1151 validation_kappa=0.0964 validation_informedness=0.4176 validation_markedness=-0.0917 validation_gini=0.6649 validation_optimal_threshold=0.1246 validation_standard_deviation_prediction=0.2840 validation_percentage_above_threshold=17.58
[LN312    ] [chunk_21_hyperparam_optimizer.py] [info] [section 2] [XGBOOST] [best trial] n_estimators=200, max_depth=7, learning_rate=0.1, min_child_weight=10, reg_alpha=0.5, reg_lambda=10.0, subsample=0.8, colsample_bytree=0.7, gamma=0
[LN313    ] [chunk_18_phase_4_ensemble.py] [info]    [diagnostic-hyperparameter_optimization]  cumulative binary_split_predictions (1%) ≤ 0.0008, (5%) ≤ 0.0017, (10%) ≤ 0.0029, (25%) ≤ 0.0071, (50%) ≤ 0.0282, (75%) ≤ 0.2928, (90%) ≤ 0.7215, (95%) ≤ 0.8493, (99%) ≤ 0.9450, max=0.9905 binary_split_predictions distribution: 32% ≤ 0.01, 45% ≤ 0.02, 57% ≤ 0.05, 64% ≤ 0.1, 71% ≤ 0.2, 82% ≤ 0.5, 18% ≥ 0.50
[LN314    ] [chunk_18_phase_4_ensemble.py] [info]    hyperparameter_optimization did NOT improve: 0.0747 <= 0.0812 - using pre hyperparameter_optimization model
[LN315    ] [chunk_18_phase_4_ensemble.py] [info] [section 3] [XGBOOST] [PRE-HYPERPARAMETER_OPTIMIZATION] LABEL_THRESHOLD=10.0,
[LN316    ] [chunk_18_phase_4_ensemble.py] [info] [section 3] [XGBOOST] [PRE-HYPERPARAMETER_OPTIMIZATION] VALIDATION_PRECISION=0.0812 VALIDATION_TRUE_POSITIVES=179 VALIDATION_TRUE_NEGATIVES=50031 validation_false_positives=2026 validation_false_negatives=1018 validation_max_prediction=0.9860 validation_mean_prediction=0.0742 validation_recall=0.1495 validation_f1=0.1052 validation_auc=0.7913 validation_specificity=0.9611 validation_false_positive_rate=0.0389 validation_f2=0.1280 validation_mcc=0.0823 validation_prauc=0.0650 validation_balanced_accuracy=0.5553 validation_brier=0.0433 validation_kappa=0.0784 validation_informedness=0.1106 validation_markedness=0.0423 validation_gini=0.5826 validation_optimal_threshold=0.0169 validation_standard_deviation_prediction=0.1585 validation_percentage_above_threshold=4.14
[LN317    ] [chunk_18_phase_4_ensemble.py] [info] [section 3] [XGBOOST] [PRE-HYPERPARAMETER_OPTIMIZATION] prediction_binary_split=0.50 hyperparams=(loss=binary_crossentropy lr=0.1 dropout=0.1 alpha=0.0 gamma=0 latent_dim=0) improved=False {'n_estimators': 200, 'max_depth': 7, 'learning_rate': 0.1, 'min_child_weight': 10, 'reg_alpha': 0.5, 'reg_lambda': 10.0, 'subsample': 0.8, 'colsample_bytree': 0.7, 'gamma': 0}
[LN318    ] [chunk_18_phase_4_ensemble.py] [info]    Running post hyperparameter_optimization threshold search for XGBoost...
[LN319    ] [chunk_12_evaluation_evaluator.py] [info] [XGBOOST] label_threshold=20.0 train_below_prediction_binary_split=118,621 train_above_prediction_binary_split=689 train_positive_found=true val_below_prediction_binary_split=52,918 val_above_prediction_binary_split=336 val_positive_found=true
[LN320    ] [chunk_12_evaluation_evaluator.py] [info] [reject] threshold=20.0 action=skipped reason=insufficient_positive_predictions positive_predictions=0 minimum_positive_required=53
[LN321    ] [chunk_12_evaluation_evaluator.py] [info] [XGBOOST] label_threshold=10.0 train_below_prediction_binary_split=116,756 train_above_prediction_binary_split=2,554 train_positive_found=true val_below_prediction_binary_split=52,057 val_above_prediction_binary_split=1,197 val_positive_found=true
[LN322    ] [chunk_12_evaluation_evaluator.py] [info] [XGBOOST] [diagnostic] LABEL_THRESHOLD=10.0 train_precision=0.3056 train_true_positives=2554 train_true_negatives=110953 train_false_positives=5803 train_false_negatives=0 train_max_prediction=0.9988 train_mean_prediction=0.1134 train_recall=1.0000 train_f1=0.4682 train_auc=0.9999 train_specificity=0.9503 train_false_positive_rate=0.0497 train_f2=0.6876 train_mcc=0.5389 train_prauc=0.9946 train_balanced_accuracy=0.9751 train_brier=0.0371 train_kappa=0.4501 train_informedness=0.9503 train_markedness=0.2559 train_gini=0.9998 train_optimal_threshold=0.9097 train_standard_deviation_prediction=0.2120 train_percentage_above_threshold=7.00
[LN323    ] [chunk_12_evaluation_evaluator.py] [info] [XGBOOST] [diagnostic] LABEL_THRESHOLD=10.0 VALIDATION_PRECISION=0.0812 VALIDATION_TRUE_POSITIVES=179 VALIDATION_TRUE_NEGATIVES=50031 validation_false_positives=2026 validation_false_negatives=1018 validation_max_prediction=0.9860 validation_mean_prediction=0.0742 validation_recall=0.1495 validation_f1=0.1052 validation_auc=0.7913 validation_specificity=0.9611 validation_false_positive_rate=0.0389 validation_f2=0.1280 validation_mcc=0.0823 validation_prauc=0.0650 validation_balanced_accuracy=0.5553 validation_brier=0.0433 validation_kappa=0.0784 validation_informedness=0.1106 validation_markedness=0.0423 validation_gini=0.5826 validation_optimal_threshold=0.0169 validation_standard_deviation_prediction=0.1585 validation_percentage_above_threshold=4.14
[LN324    ] [chunk_12_evaluation_evaluator.py] [info] [XGBOOST] label_threshold=0.0 train_below_prediction_binary_split=59,589 train_above_prediction_binary_split=59,721 train_positive_found=true val_below_prediction_binary_split=24,480 val_above_prediction_binary_split=28,774 val_positive_found=true
[LN325    ] [chunk_12_evaluation_evaluator.py] [info] [reject] threshold=0.0 action=skipped reason=insufficient_positive_predictions positive_predictions=0 minimum_positive_required=53
[LN326    ] [chunk_18_phase_4_ensemble.py] [info]    hyperparameter_optimization model threshold search: LABEL_THRESHOLD=10.0, VALIDATION_PRECISION=0.0747
[LN327    ] [chunk_18_phase_4_ensemble.py] [info]    post hyperparameter_optimization threshold search: LABEL_THRESHOLD=10.0, VALIDATION_PRECISION=0.0812
[LN328    ] [chunk_18_phase_4_ensemble.py] [info]    post hyperparameter_optimization no improvement: keeping LABEL_THRESHOLD=10.0
[LN329    ] [chunk_18_phase_4_ensemble.py] [info] [section 4] [XGBOOST] [post hyperparameter_optimization] [diagnostic]  cumulative binary_split_predictions (1%) ≤ 0.0002, (5%) ≤ 0.0004, (10%) ≤ 0.0006, (25%) ≤ 0.0016, (50%) ≤ 0.0063, (75%) ≤ 0.0521, (90%) ≤ 0.2549, (95%) ≤ 0.4538, (99%) ≤ 0.7754, max=0.9860 binary_split_predictions distribution: 57% ≤ 0.01, 65% ≤ 0.02, 75% ≤ 0.05, 81% ≤ 0.1, 88% ≤ 0.2, 96% ≤ 0.5, 4% ≥ 0.50
[LN330    ] [chunk_18_phase_4_ensemble.py] [info] [section 4] [XGBOOST] [post hyperparameter_optimization] LABEL_THRESHOLD=10.0,
[LN331    ] [chunk_18_phase_4_ensemble.py] [info] [section 4] [XGBOOST] [post hyperparameter_optimization] VALIDATION_PRECISION=0.0812 VALIDATION_TRUE_POSITIVES=179 VALIDATION_TRUE_NEGATIVES=50031 validation_false_positives=2026 validation_false_negatives=1018 validation_max_prediction=0.9860 validation_mean_prediction=0.0742 validation_recall=0.1495 validation_f1=0.1052 validation_auc=0.7913 validation_specificity=0.9611 validation_false_positive_rate=0.0389 validation_f2=0.1280 validation_mcc=0.0823 validation_prauc=0.0650 validation_balanced_accuracy=0.5553 validation_brier=0.0433 validation_kappa=0.0784 validation_informedness=0.1106 validation_markedness=0.0423 validation_gini=0.5826 validation_optimal_threshold=0.0169 validation_standard_deviation_prediction=0.1585 validation_percentage_above_threshold=4.14
[LN332    ] [chunk_18_phase_4_ensemble.py] [info] [section 4] [XGBOOST] [post hyperparameter_optimization] prediction_binary_split=0.50 hyperparams=(loss=binary_crossentropy lr=0.1 dropout=0.0 alpha=1.0 gamma=0 latent_dim=64) source=section3
[LN333    ] [chunk_18_phase_4_ensemble.py] [info]    Using threshold-optimized model (HPO did not improve)
[LN334    ] [chunk_18_phase_4_ensemble.py] [info]    Train predictions: mean=0.1134, std=0.2120, min=0.0000, max=0.9988
[LN335    ] [chunk_18_phase_4_ensemble.py] [info]    validation predictions:   mean=0.0742, std=0.1585, min=0.0000, max=0.9860
[LN336    ] [chunk_18_phase_4_ensemble.py] [info] [section 5] [XGBOOST] [final] [diagnostic] Train  cumulative binary_split_predictions (1%) ≤ 0.0001, (5%) ≤ 0.0004, (10%) ≤ 0.0007, (25%) ≤ 0.0021, (50%) ≤ 0.0121, (75%) ≤ 0.1177, (90%) ≤ 0.3835, (95%) ≤ 0.6114, (99%) ≤ 0.9867, max=0.9988 binary_split_predictions distribution: 48% ≤ 0.01, 56% ≤ 0.02, 65% ≤ 0.05, 73% ≤ 0.1, 82% ≤ 0.2, 93% ≤ 0.5, 7% ≥ 0.50
[LN337    ] [chunk_18_phase_4_ensemble.py] [info] [section 5] [XGBOOST] [final] [diagnostic] validation    cumulative binary_split_predictions (1%) ≤ 0.0002, (5%) ≤ 0.0004, (10%) ≤ 0.0006, (25%) ≤ 0.0016, (50%) ≤ 0.0063, (75%) ≤ 0.0521, (90%) ≤ 0.2549, (95%) ≤ 0.4538, (99%) ≤ 0.7754, max=0.9860 binary_split_predictions distribution: 57% ≤ 0.01, 65% ≤ 0.02, 75% ≤ 0.05, 81% ≤ 0.1, 88% ≤ 0.2, 96% ≤ 0.5, 4% ≥ 0.50
[LN338    ] [chunk_18_phase_4_ensemble.py] [info]    Train predictions: 7.00% positive predictions (8,357 / 119,310)
[LN339    ] [chunk_18_phase_4_ensemble.py] [info]    validation predictions:   4.14% positive predictions (2,205 / 53,254)
[LN340    ] [chunk_18_phase_4_ensemble.py] [info]    [info] Section 4 all rejected - using Section 3 results for Section 5
[LN341    ] [chunk_18_phase_4_ensemble.py] [info]    [diagnostic] prediction_buckets: 0-10:3468, 10-20:1946, 20-30:1359, 30-40:975, 40-50:774, 50-60:565, 60-70:416, 70-80:321, 80-90:129, 90-100:0
[LN342    ] [chunk_18_phase_4_ensemble.py] [info] [section 5] [XGBOOST] [final] LABEL_THRESHOLD=10.0,
[LN343    ] [chunk_18_phase_4_ensemble.py] [info] [section 5] [XGBOOST] [final] train_precision=0.3056 train_true_positives=2554 train_true_negatives=110953 train_false_positives=5803 train_false_negatives=0 train_max_prediction=0.9988 train_mean_prediction=0.1134 train_recall=1.0000 train_f1=0.4682 train_auc=0.9999 train_specificity=0.9503 train_false_positive_rate=0.0497 train_f2=0.6876 train_mcc=0.5389 train_prauc=0.9946 train_balanced_accuracy=0.9751 train_standard_deviation_prediction=0.2120 train_percentage_above_threshold=7.00 train_brier=0.0371 train_kappa=0.4501 train_informedness=0.9503 train_markedness=0.2559 train_gini=0.9998 train_optimal_threshold=0.9097
[LN344    ] [chunk_18_phase_4_ensemble.py] [info] [section 5] [XGBOOST] [final] VALIDATION_PRECISION=0.0812 VALIDATION_TRUE_POSITIVES=179 VALIDATION_TRUE_NEGATIVES=50031 validation_false_positives=2026 validation_false_negatives=1018 validation_max_prediction=0.9860 validation_mean_prediction=0.0742 validation_recall=0.1495 validation_f1=0.1052 validation_auc=0.7913 validation_specificity=0.9611 validation_false_positive_rate=0.0389 validation_f2=0.1280 validation_mcc=0.0823 validation_prauc=0.0650 validation_balanced_accuracy=0.5553 validation_brier=0.0433 validation_kappa=0.0784 validation_informedness=0.1106 validation_markedness=0.0423 validation_gini=0.5826 validation_optimal_threshold=0.0169 validation_standard_deviation_prediction=0.1585 validation_percentage_above_threshold=4.14
[LN345    ] [chunk_18_phase_4_ensemble.py] [info] [section 5] [XGBOOST] [final] prediction_binary_split=0.50 hyperparams=(loss=binary_crossentropy lr=0.1 dropout=0.0 alpha=1.0 gamma=0 latent_dim=64) (using HPO model directly)
[LN346    ] [chunk_18_phase_4_ensemble.py] [info]    XGBoost loss=binary_crossentropy pred_threshold=0.5 epochs=3
[LN347    ] [chunk_18_phase_4_ensemble.py] [info]    [XGBoost] hyperparameter_optimization: learning_rate=0.1, gamma=0
[LN348    ] [chunk_18_phase_4_ensemble.py] [info]    XGBoost training time: 27.4s
[LN349    ] [chunk_18_phase_4_ensemble.py] [info] [pass] XGBoost trained successfully
[LN350    ] [chunk_18_phase_4_ensemble.py] [info] [section 1] [DENSE] [baseline] LABEL_THRESHOLD=20.0,
[LN351    ] [chunk_18_phase_4_ensemble.py] [info] [section 1] [DENSE] [baseline] predictions: mean=0.0232, std=0.0091, min=0.0049, max=1.0000
[LN352    ] [chunk_18_phase_4_ensemble.py] [info] [section 1] [DENSE] [baseline]  cumulative binary_split_predictions (1%) ≤ 0.0049, (5%) ≤ 0.0055, (10%) ≤ 0.0144, (25%) ≤ 0.0185, (50%) ≤ 0.0218, (75%) ≤ 0.0297, (90%) ≤ 0.0349, (95%) ≤ 0.0363, (99%) ≤ 0.0367, max=1.0000 binary_split_predictions distribution: 8% ≤ 0.01, 40% ≤ 0.02, 100% ≤ 0.05, 100% ≤ 0.1, 100% ≤ 0.2, 100% ≤ 0.5, 0% ≥ 0.50
[LN353    ] [chunk_18_phase_4_ensemble.py] [info] [section 1] [DENSE] [baseline] prediction_binary_split=0.50, VALIDATION predictions at LABEL_THRESHOLD=20.0: 0.00%
[LN354    ] [chunk_18_phase_4_ensemble.py] [info] [section 1] [DENSE] [baseline] LABEL_THRESHOLD=20.0,
[LN355    ] [chunk_18_phase_4_ensemble.py] [info] [section 1] [DENSE] [baseline] VALIDATION_PRECISION=0.0000 VALIDATION_TRUE_POSITIVES=0 VALIDATION_TRUE_NEGATIVES=52917 validation_false_positives=1 validation_false_negatives=336 validation_max_prediction=1.0000 validation_mean_prediction=0.0232 validation_recall=0.0000 validation_f1=0.0000 validation_auc=0.4193 validation_specificity=1.0000 validation_false_positive_rate=0.0000 validation_f2=0.0000 validation_mcc=-0.0003 validation_prauc=0.0057 validation_balanced_accuracy=0.5000 validation_brier=0.0067 validation_kappa=-0.0000 validation_informedness=-0.0000 validation_markedness=-0.0000 validation_gini=0.0000 validation_optimal_threshold=0.0366 validation_standard_deviation_prediction=0.0091 validation_percentage_above_threshold=0.00
[LN356    ] [chunk_18_phase_4_ensemble.py] [info] [section 1] [DENSE] [baseline] prediction_binary_split=0.50 loss=binary_crossentropy, lr=0.001
[LN357    ] [chunk_12_evaluation_evaluator.py] [info] [DENSE] label_threshold=20.0 train_below_prediction_binary_split=118,621 train_above_prediction_binary_split=689 train_positive_found=true val_below_prediction_binary_split=52,918 val_above_prediction_binary_split=336 val_positive_found=true
[LN358    ] [chunk_12_evaluation_evaluator.py] [info] [DENSE] [reject] skipping LABEL_THRESHOLD=20.0: pos_pred_ratio=0.03% outside [0%, 65%]
[LN359    ] [chunk_12_evaluation_evaluator.py] [info] [DENSE] label_threshold=10.0 train_below_prediction_binary_split=116,756 train_above_prediction_binary_split=2,554 train_positive_found=true val_below_prediction_binary_split=52,057 val_above_prediction_binary_split=1,197 val_positive_found=true
[LN360    ] [chunk_12_evaluation_evaluator.py] [info] [reject] threshold=10.0 action=skipped reason=insufficient_positive_predictions positive_predictions=3 minimum_positive_required=5
[LN361    ] [chunk_12_evaluation_evaluator.py] [info] [DENSE] label_threshold=0.0 train_below_prediction_binary_split=59,589 train_above_prediction_binary_split=59,721 train_positive_found=true val_below_prediction_binary_split=24,480 val_above_prediction_binary_split=28,774 val_positive_found=true
[LN362    ] [chunk_12_evaluation_evaluator.py] [info] [DENSE] [diagnostic] LABEL_THRESHOLD=0.0 train_precision=0.5610 train_true_positives=37400 train_true_negatives=30325 train_false_positives=29264 train_false_negatives=22321 train_max_prediction=0.8858 train_mean_prediction=0.5074 train_recall=0.6262 train_f1=0.5918 train_auc=0.5998 train_specificity=0.5089 train_false_positive_rate=0.4911 train_f2=0.6120 train_mcc=0.1361 train_prauc=0.5929 train_balanced_accuracy=0.5676 train_brier=0.2422 train_kappa=0.1352 train_informedness=0.1351 train_markedness=0.0699 train_gini=0.1996 train_optimal_threshold=0.5124 train_standard_deviation_prediction=0.0677 train_percentage_above_threshold=55.87
[LN363    ] [chunk_12_evaluation_evaluator.py] [info] [DENSE] [diagnostic] LABEL_THRESHOLD=0.0 VALIDATION_PRECISION=0.5203 VALIDATION_TRUE_POSITIVES=13725 VALIDATION_TRUE_NEGATIVES=11827 validation_false_positives=12653 validation_false_negatives=15049 validation_max_prediction=0.9834 validation_mean_prediction=0.5058 validation_recall=0.4770 validation_f1=0.4977 validation_auc=0.4750 validation_specificity=0.4831 validation_false_positive_rate=0.5169 validation_f2=0.4851 validation_mcc=-0.0397 validation_prauc=0.5376 validation_balanced_accuracy=0.4801 validation_brier=0.2566 validation_kappa=-0.0396 validation_informedness=-0.0399 validation_markedness=0.0034 validation_gini=0.0000 validation_optimal_threshold=0.6433 validation_standard_deviation_prediction=0.0707 validation_percentage_above_threshold=49.53
[LN364    ] [chunk_18_phase_4_ensemble.py] [info] [section 1] [DENSE] [label_threshold_optimal]  cumulative binary_split_predictions (1%) ≤ 0.3827, (5%) ≤ 0.4064, (10%) ≤ 0.4212, (25%) ≤ 0.4523, (50%) ≤ 0.4991, (75%) ≤ 0.5491, (90%) ≤ 0.5990, (95%) ≤ 0.6312, (99%) ≤ 0.7041, max=0.9834 binary_split_predictions distribution: 0% ≤ 0.01, 0% ≤ 0.02, 0% ≤ 0.05, 0% ≤ 0.1, 0% ≤ 0.2, 50% ≤ 0.5, 50% ≥ 0.50
[LN365    ] [chunk_18_phase_4_ensemble.py] [info] [section 1] [DENSE] [label_threshold_optimal] LABEL_THRESHOLD=0.0
[LN366    ] [chunk_18_phase_4_ensemble.py] [info] [section 1] [DENSE] [label_threshold_optimal] train_precision=0.5610 train_true_positives=37400 train_true_negatives=30325 train_false_positives=29264 train_false_negatives=22321 train_max_prediction=0.8858 train_mean_prediction=0.5074 train_recall=0.6262 train_f1=0.5918 train_auc=0.5998 train_specificity=0.5089 train_false_positive_rate=0.4911 train_f2=0.6120 train_mcc=0.1361 train_prauc=0.5929 train_balanced_accuracy=0.5676 train_brier=0.2422 train_kappa=0.1352 train_informedness=0.1351 train_markedness=0.0699 train_gini=0.1996 train_optimal_threshold=0.5124 train_standard_deviation_prediction=0.0677 train_percentage_above_threshold=55.87
[LN367    ] [chunk_18_phase_4_ensemble.py] [info] [section 1] [DENSE] [label_threshold_optimal] VALIDATION_PRECISION=0.5203 VALIDATION_TRUE_POSITIVES=13725 VALIDATION_TRUE_NEGATIVES=11827 validation_false_positives=12653 validation_false_negatives=15049 validation_max_prediction=0.9834 validation_mean_prediction=0.5058 validation_recall=0.4770 validation_f1=0.4977 validation_auc=0.4750 validation_specificity=0.4831 validation_false_positive_rate=0.5169 validation_f2=0.4851 validation_mcc=-0.0397 validation_prauc=0.5376 validation_balanced_accuracy=0.4801 validation_brier=0.2566 validation_kappa=-0.0396 validation_informedness=-0.0399 validation_markedness=0.0034 validation_gini=0.0000 validation_optimal_threshold=0.6433 validation_standard_deviation_prediction=0.0707 validation_percentage_above_threshold=49.53
[LN368    ] [chunk_18_phase_4_ensemble.py] [info] [section 1] [DENSE] [label_threshold_optimal] prediction_binary_split=0.50
[LN369    ] [chunk_21_hyperparam_optimizer.py] [info] [section 2] [DENSE] [hyperparameter_optimization search] Running Bayesian optimization (5 trials)...
[LN370    ] [chunk_21_hyperparam_optimizer.py] [info] [section 2] [DENSE] [hyperparameter_optimization search baseline] LABEL_THRESHOLD=0.0
[LN371    ] [chunk_21_hyperparam_optimizer.py] [info] [section 2] [DENSE] [hyperparameter_optimization search baseline] VALIDATION_PRECISION=0.5174 VALIDATION_TRUE_POSITIVES=12605 VALIDATION_TRUE_NEGATIVES=12722 validation_false_positives=11758 validation_false_negatives=16169 validation_max_prediction=0.9896 validation_mean_prediction=0.4939 validation_recall=0.4381 validation_f1=0.4744 validation_auc=0.4754 validation_specificity=0.5197 validation_false_positive_rate=0.4803 validation_f2=0.4519 validation_mcc=-0.0423 validation_prauc=0.5338 validation_balanced_accuracy=0.4789 validation_brier=0.2646 validation_kappa=-0.0417 validation_informedness=-0.0422 validation_markedness=0.0371 validation_gini=0.0000 validation_optimal_threshold=0.6532 validation_standard_deviation_prediction=0.1031 validation_percentage_above_threshold=45.75
[LN372    ] [chunk_21_hyperparam_optimizer.py] [info] [section 2] [DENSE] [hyperparameter_optimization search baseline] TRIAL 1/5: units=256, layers=3, dropout=0.1, learning_rate=0.0001, epochs=40, loss_function=focal_loss, alpha=0.75, gamma=2.0, batch_size=128, activation=relu
[LN373    ] [chunk_21_hyperparam_optimizer.py] [info] [section 2] [DENSE] [hyperparameter_optimization search baseline] LABEL_THRESHOLD=0.0
[LN374    ] [chunk_21_hyperparam_optimizer.py] [info] [section 2] [DENSE] [hyperparameter_optimization search baseline] VALIDATION_PRECISION=0.5184 VALIDATION_TRUE_POSITIVES=16312 VALIDATION_TRUE_NEGATIVES=9326 validation_false_positives=15154 validation_false_negatives=12462 validation_max_prediction=0.6022 validation_mean_prediction=0.5070 validation_recall=0.5669 validation_f1=0.5416 validation_auc=0.4721 validation_specificity=0.3810 validation_false_positive_rate=0.6190 validation_f2=0.5565 validation_mcc=-0.0528 validation_prauc=0.5243 validation_balanced_accuracy=0.4739 validation_brier=0.2512 validation_kappa=-0.0526 validation_informedness=-0.0521 validation_markedness=-0.1006 validation_gini=0.0000 validation_optimal_threshold=0.4337 validation_standard_deviation_prediction=0.0250 validation_percentage_above_threshold=59.09
[LN375    ] [chunk_21_hyperparam_optimizer.py] [info] [section 2] [DENSE] [hyperparameter_optimization search baseline] TRIAL 2/5: units=128, layers=2, dropout=0.3, learning_rate=0.0001, epochs=40, loss_function=focal_loss, alpha=1.25, gamma=4.0, batch_size=32, activation=selu
[LN376    ] [chunk_21_hyperparam_optimizer.py] [info] [section 2] [DENSE] [hyperparameter_optimization search baseline] LABEL_THRESHOLD=0.0
[LN377    ] [chunk_21_hyperparam_optimizer.py] [info] [section 2] [DENSE] [hyperparameter_optimization search baseline] VALIDATION_PRECISION=0.5367 VALIDATION_TRUE_POSITIVES=24640 VALIDATION_TRUE_NEGATIVES=3206 validation_false_positives=21274 validation_false_negatives=4134 validation_max_prediction=0.9110 validation_mean_prediction=0.5720 validation_recall=0.8563 validation_f1=0.6598 validation_auc=0.5051 validation_specificity=0.1310 validation_false_positive_rate=0.8690 validation_f2=0.7652 validation_mcc=-0.0184 validation_prauc=0.5598 validation_balanced_accuracy=0.4936 validation_brier=0.2533 validation_kappa=-0.0134 validation_informedness=-0.0127 validation_markedness=-0.3324 validation_gini=0.0101 validation_optimal_threshold=0.6139 validation_standard_deviation_prediction=0.0705 validation_percentage_above_threshold=86.22
[LN378    ] [chunk_21_hyperparam_optimizer.py] [info] [section 2] [DENSE] [hyperparameter_optimization search baseline] TRIAL 3/5: units=512, layers=3, dropout=0.2, learning_rate=0.001, epochs=40, loss_function=binary_crossentropy, alpha=0.25, gamma=3.0, batch_size=128, activation=relu
[LN379    ] [chunk_21_hyperparam_optimizer.py] [info] [section 2] [DENSE] [hyperparameter_optimization search baseline] LABEL_THRESHOLD=0.0
[LN380    ] [chunk_21_hyperparam_optimizer.py] [info] [section 2] [DENSE] [hyperparameter_optimization search baseline] VALIDATION_PRECISION=0.5174 VALIDATION_TRUE_POSITIVES=17782 VALIDATION_TRUE_NEGATIVES=7897 validation_false_positives=16583 validation_false_negatives=10992 validation_max_prediction=0.9048 validation_mean_prediction=0.5382 validation_recall=0.6180 validation_f1=0.5633 validation_auc=0.4582 validation_specificity=0.3226 validation_false_positive_rate=0.6774 validation_f2=0.5949 validation_mcc=-0.0619 validation_prauc=0.5091 validation_balanced_accuracy=0.4703 validation_brier=0.2626 validation_kappa=-0.0605 validation_informedness=-0.0594 validation_markedness=-0.1600 validation_gini=0.0000 validation_optimal_threshold=0.3191 validation_standard_deviation_prediction=0.0876 validation_percentage_above_threshold=64.53
[LN381    ] [chunk_21_hyperparam_optimizer.py] [info] [section 2] [DENSE] [hyperparameter_optimization search baseline] TRIAL 4/5: units=1024, layers=2, dropout=0.2, learning_rate=0.0001, epochs=40, loss_function=binary_crossentropy, alpha=0.5, gamma=2.5, batch_size=128, activation=selu
[LN382    ] [chunk_21_hyperparam_optimizer.py] [info] [section 2] [DENSE] [hyperparameter_optimization search baseline] LABEL_THRESHOLD=0.0
[LN383    ] [chunk_21_hyperparam_optimizer.py] [info] [section 2] [DENSE] [hyperparameter_optimization search baseline] VALIDATION_PRECISION=0.5247 VALIDATION_TRUE_POSITIVES=18938 VALIDATION_TRUE_NEGATIVES=7328 validation_false_positives=17152 validation_false_negatives=9836 validation_max_prediction=0.9140 validation_mean_prediction=0.5097 validation_recall=0.6582 validation_f1=0.5839 validation_auc=0.4695 validation_specificity=0.2993 validation_false_positive_rate=0.7007 validation_f2=0.6263 validation_mcc=-0.0453 validation_prauc=0.5188 validation_balanced_accuracy=0.4788 validation_brier=0.2509 validation_kappa=-0.0435 validation_informedness=-0.0425 validation_markedness=-0.1759 validation_gini=0.0000 validation_optimal_threshold=0.4431 validation_standard_deviation_prediction=0.0215 validation_percentage_above_threshold=67.77
[LN384    ] [chunk_21_hyperparam_optimizer.py] [info] [section 2] [DENSE] [hyperparameter_optimization search baseline] TRIAL 5/5: units=1024, layers=4, dropout=0.4, learning_rate=0.0003, epochs=15, loss_function=focal_loss, alpha=1.5, gamma=4.0, batch_size=64, activation=relu
[LN385    ] [chunk_21_hyperparam_optimizer.py] [info] [section 2] [DENSE] [best trial] LABEL_THRESHOLD=0.0
[LN386    ] [chunk_21_hyperparam_optimizer.py] [info] [section 2] [DENSE] [best trial] VALIDATION_PRECISION=0.5367 VALIDATION_TRUE_POSITIVES=24640 VALIDATION_TRUE_NEGATIVES=3206 validation_false_positives=21274 validation_false_negatives=4134 validation_max_prediction=0.9110 validation_mean_prediction=0.5720 validation_recall=0.8563 validation_f1=0.6598 validation_auc=0.5051 validation_specificity=0.1310 validation_false_positive_rate=0.8690 validation_f2=0.7652 validation_mcc=-0.0184 validation_prauc=0.5598 validation_balanced_accuracy=0.4936 validation_brier=0.2533 validation_kappa=-0.0134 validation_informedness=-0.0127 validation_markedness=-0.3324 validation_gini=0.0101 validation_optimal_threshold=0.6139 validation_standard_deviation_prediction=0.0705 validation_percentage_above_threshold=86.22
[LN387    ] [chunk_21_hyperparam_optimizer.py] [info] [section 2] [DENSE] [best trial] units=512, layers=3, dropout=0.2, learning_rate=0.001, epochs=40, loss_function=binary_crossentropy, alpha=0.25, gamma=3.0, batch_size=128, activation=relu
[LN388    ] [chunk_18_phase_4_ensemble.py] [info]    [diagnostic-hyperparameter_optimization]  cumulative binary_split_predictions (1%) ≤ 0.3848, (5%) ≤ 0.4495, (10%) ≤ 0.4834, (25%) ≤ 0.5324, (50%) ≤ 0.5763, (75%) ≤ 0.6125, (90%) ≤ 0.6509, (95%) ≤ 0.6820, (99%) ≤ 0.7690, max=0.9110 binary_split_predictions distribution: 0% ≤ 0.01, 0% ≤ 0.02, 0% ≤ 0.05, 0% ≤ 0.1, 0% ≤ 0.2, 14% ≤ 0.5, 86% ≥ 0.50
[LN389    ] [chunk_18_phase_4_ensemble.py] [info]    hyperparameter_optimization improved: 0.5367 > 0.5203
[LN390    ] [chunk_18_phase_4_ensemble.py] [info] [section 3] [DENSE] [HYPERPARAMETER_OPTIMIZATION] LABEL_THRESHOLD=0.0,
[LN391    ] [chunk_18_phase_4_ensemble.py] [info] [section 3] [DENSE] [HYPERPARAMETER_OPTIMIZATION] VALIDATION_PRECISION=0.5367 VALIDATION_TRUE_POSITIVES=24640 VALIDATION_TRUE_NEGATIVES=3206 validation_false_positives=21274 validation_false_negatives=4134 validation_max_prediction=0.9110 validation_mean_prediction=0.5720 validation_recall=0.8563 validation_f1=0.6598 validation_auc=0.5051 validation_specificity=0.1310 validation_false_positive_rate=0.8690 validation_f2=0.7652 validation_mcc=-0.0184 validation_prauc=0.5598 validation_balanced_accuracy=0.4936 validation_brier=0.2533 validation_kappa=-0.0134 validation_informedness=-0.0127 validation_markedness=-0.3324 validation_gini=0.0101 validation_optimal_threshold=0.6139 validation_standard_deviation_prediction=0.0705 validation_percentage_above_threshold=86.22
[LN392    ] [chunk_18_phase_4_ensemble.py] [info] [section 3] [DENSE] [HYPERPARAMETER_OPTIMIZATION] prediction_binary_split=0.50 hyperparams=(loss=binary_crossentropy lr=0.001 dropout=0.2 alpha=0.25 gamma=3.0 latent_dim=0) improved=True {'units': 512, 'layers': 3, 'dropout': 0.2, 'learning_rate': 0.001, 'epochs': 40, 'loss_function': 'binary_crossentropy', 'alpha': 0.25, 'gamma': 3.0, 'batch_size': 128, 'activation': 'relu'}
[LN393    ] [chunk_18_phase_4_ensemble.py] [info]    Running post hyperparameter_optimization threshold search for Dense...
[LN394    ] [chunk_12_evaluation_evaluator.py] [info] [DENSE] label_threshold=20.0 train_below_prediction_binary_split=118,621 train_above_prediction_binary_split=689 train_positive_found=true val_below_prediction_binary_split=52,918 val_above_prediction_binary_split=336 val_positive_found=true
[LN395    ] [chunk_12_evaluation_evaluator.py] [info] [DENSE] [reject] skipping LABEL_THRESHOLD=20.0: validation_precision=0.0091 <= baseline+0.0200=0.0263
[LN396    ] [chunk_12_evaluation_evaluator.py] [info] [DENSE] label_threshold=10.0 train_below_prediction_binary_split=116,756 train_above_prediction_binary_split=2,554 train_positive_found=true val_below_prediction_binary_split=52,057 val_above_prediction_binary_split=1,197 val_positive_found=true
[LN397    ] [chunk_12_evaluation_evaluator.py] [info] [DENSE] [reject] skipping LABEL_THRESHOLD=10.0: pos_pred_ratio=74.68% outside [0%, 65%]
[LN398    ] [chunk_12_evaluation_evaluator.py] [info] [DENSE] label_threshold=0.0 train_below_prediction_binary_split=59,589 train_above_prediction_binary_split=59,721 train_positive_found=true val_below_prediction_binary_split=24,480 val_above_prediction_binary_split=28,774 val_positive_found=true
[LN399    ] [chunk_12_evaluation_evaluator.py] [info] [DENSE] [reject] skipping LABEL_THRESHOLD=0.0: pos_pred_ratio=86.22% outside [0%, 65%]
[LN400    ] [chunk_18_phase_4_ensemble.py] [info]    hyperparameter_optimization model threshold search: LABEL_THRESHOLD=0.0, VALIDATION_PRECISION=0.5367
[LN401    ] [chunk_18_phase_4_ensemble.py] [info]    post hyperparameter_optimization threshold search: LABEL_THRESHOLD=20.0, VALIDATION_PRECISION=0.0000
[LN402    ] [chunk_18_phase_4_ensemble.py] [info]    post hyperparameter_optimization no improvement: keeping LABEL_THRESHOLD=0.0
[LN403    ] [chunk_18_phase_4_ensemble.py] [info] [section 4] [DENSE] [post hyperparameter_optimization] [diagnostic]  cumulative binary_split_predictions (1%) ≤ 0.3848, (5%) ≤ 0.4495, (10%) ≤ 0.4834, (25%) ≤ 0.5324, (50%) ≤ 0.5763, (75%) ≤ 0.6125, (90%) ≤ 0.6509, (95%) ≤ 0.6820, (99%) ≤ 0.7690, max=0.9110 binary_split_predictions distribution: 0% ≤ 0.01, 0% ≤ 0.02, 0% ≤ 0.05, 0% ≤ 0.1, 0% ≤ 0.2, 14% ≤ 0.5, 86% ≥ 0.50
[LN404    ] [chunk_18_phase_4_ensemble.py] [info] [section 4] [DENSE] [post hyperparameter_optimization] LABEL_THRESHOLD=0.0,
[LN405    ] [chunk_18_phase_4_ensemble.py] [info] [section 4] [DENSE] [post hyperparameter_optimization] VALIDATION_PRECISION=0.5367 VALIDATION_TRUE_POSITIVES=24640 VALIDATION_TRUE_NEGATIVES=3206 validation_false_positives=21274 validation_false_negatives=4134 validation_max_prediction=0.9110 validation_mean_prediction=0.5720 validation_recall=0.8563 validation_f1=0.6598 validation_auc=0.5051 validation_specificity=0.1310 validation_false_positive_rate=0.8690 validation_f2=0.7652 validation_mcc=-0.0184 validation_prauc=0.5598 validation_balanced_accuracy=0.4936 validation_brier=0.2533 validation_kappa=-0.0134 validation_informedness=-0.0127 validation_markedness=-0.3324 validation_gini=0.0101 validation_optimal_threshold=0.6139 validation_standard_deviation_prediction=0.0705 validation_percentage_above_threshold=86.22
[LN406    ] [chunk_18_phase_4_ensemble.py] [info] [section 4] [DENSE] [post hyperparameter_optimization] prediction_binary_split=0.50 hyperparams=(loss=binary_crossentropy lr=0.001 dropout=0.2 alpha=0.25 gamma=3.0 latent_dim=64) source=section3
[LN407    ] [chunk_18_phase_4_ensemble.py] [info]    Using Hyperparameter_Optimized model directly (no change to Label_Threshold)
[LN408    ] [chunk_18_phase_4_ensemble.py] [info]    Train predictions: mean=0.5003, std=0.0795, min=0.1666, max=0.8503
[LN409    ] [chunk_18_phase_4_ensemble.py] [info]    validation predictions:   mean=0.5720, std=0.0705, min=0.2638, max=0.9110
[LN410    ] [chunk_18_phase_4_ensemble.py] [info] [section 5] [DENSE] [final] [diagnostic] Train  cumulative binary_split_predictions (1%) ≤ 0.2857, (5%) ≤ 0.3488, (10%) ≤ 0.3930, (25%) ≤ 0.4615, (50%) ≤ 0.5085, (75%) ≤ 0.5420, (90%) ≤ 0.5941, (95%) ≤ 0.6212, (99%) ≤ 0.6920, max=0.8503 binary_split_predictions distribution: 0% ≤ 0.01, 0% ≤ 0.02, 0% ≤ 0.05, 0% ≤ 0.1, 0% ≤ 0.2, 44% ≤ 0.5, 56% ≥ 0.50
[LN411    ] [chunk_18_phase_4_ensemble.py] [info] [section 5] [DENSE] [final] [diagnostic] validation    cumulative binary_split_predictions (1%) ≤ 0.3848, (5%) ≤ 0.4495, (10%) ≤ 0.4834, (25%) ≤ 0.5324, (50%) ≤ 0.5763, (75%) ≤ 0.6125, (90%) ≤ 0.6509, (95%) ≤ 0.6820, (99%) ≤ 0.7690, max=0.9110 binary_split_predictions distribution: 0% ≤ 0.01, 0% ≤ 0.02, 0% ≤ 0.05, 0% ≤ 0.1, 0% ≤ 0.2, 14% ≤ 0.5, 86% ≥ 0.50
[LN412    ] [chunk_18_phase_4_ensemble.py] [info]    Train predictions: 56.33% positive predictions (67,210 / 119,310)
[LN413    ] [chunk_18_phase_4_ensemble.py] [info]    validation predictions:   86.22% positive predictions (45,914 / 53,254)
[LN414    ] [chunk_18_phase_4_ensemble.py] [info]    [info] Section 4 all rejected - using Section 3 results for Section 5
[LN415    ] [chunk_18_phase_4_ensemble.py] [info]    [diagnostic] prediction_buckets: 0-10:0, 10-20:12, 20-30:818, 30-40:6510, 40-50:28336, 50-60:15704, 60-70:1792, 70-80:81, 80-90:1, 90-100:0
[LN416    ] [chunk_18_phase_4_ensemble.py] [info] [section 5] [DENSE] [final] LABEL_THRESHOLD=0.0,
[LN417    ] [chunk_18_phase_4_ensemble.py] [info] [section 5] [DENSE] [final] train_precision=0.5348 train_true_positives=35945 train_true_negatives=28324 train_false_positives=31265 train_false_negatives=23776 train_max_prediction=0.8503 train_mean_prediction=0.5003 train_recall=0.6019 train_f1=0.5664 train_auc=0.5575 train_specificity=0.4753 train_false_positive_rate=0.5247 train_f2=0.5872 train_mcc=0.0778 train_prauc=0.5475 train_balanced_accuracy=0.5386 train_standard_deviation_prediction=0.0795 train_percentage_above_threshold=56.33 train_brier=0.2474 train_kappa=0.0772 train_informedness=0.0772 train_markedness=0.0101 train_gini=0.1151 train_optimal_threshold=0.4845
[LN418    ] [chunk_18_phase_4_ensemble.py] [info] [section 5] [DENSE] [final] VALIDATION_PRECISION=0.5367 VALIDATION_TRUE_POSITIVES=24640 VALIDATION_TRUE_NEGATIVES=3206 validation_false_positives=21274 validation_false_negatives=4134 validation_max_prediction=0.9110 validation_mean_prediction=0.5720 validation_recall=0.8563 validation_f1=0.6598 validation_auc=0.5051 validation_specificity=0.1310 validation_false_positive_rate=0.8690 validation_f2=0.7652 validation_mcc=-0.0184 validation_prauc=0.5598 validation_balanced_accuracy=0.4936 validation_brier=0.2533 validation_kappa=-0.0134 validation_informedness=-0.0127 validation_markedness=-0.3324 validation_gini=0.0101 validation_optimal_threshold=0.6139 validation_standard_deviation_prediction=0.0705 validation_percentage_above_threshold=86.22
[LN419    ] [chunk_18_phase_4_ensemble.py] [info] [section 5] [DENSE] [final] prediction_binary_split=0.50 hyperparams=(loss=binary_crossentropy lr=0.001 dropout=0.2 alpha=0.25 gamma=3.0 latent_dim=64) (using HPO model directly)
[LN420    ] [chunk_18_phase_4_ensemble.py] [info]    Dense loss=binary_crossentropy pred_threshold=0.5 epochs=40
[LN421    ] [chunk_18_phase_4_ensemble.py] [info]    [Dense] hyperparameter_optimization: units=512, layers=3, dropout=0.2, learning_rate=0.001, alpha=0.25, gamma=3.0
[LN422    ] [chunk_18_phase_4_ensemble.py] [info]    Dense training time: 942.8s
[LN423    ] [chunk_18_phase_4_ensemble.py] [info] [pass] Dense trained successfully
[LN424    ] [chunk_18_phase_4_ensemble.py] [info] [section 1] [CNN] [baseline] LABEL_THRESHOLD=20.0,
[LN425    ] [chunk_18_phase_4_ensemble.py] [info] [section 1] [CNN] [baseline] predictions: mean=0.0271, std=0.0166, min=0.0090, max=0.1560
[LN426    ] [chunk_18_phase_4_ensemble.py] [info] [section 1] [CNN] [baseline]  cumulative binary_split_predictions (1%) ≤ 0.0091, (5%) ≤ 0.0098, (10%) ≤ 0.0112, (25%) ≤ 0.0153, (50%) ≤ 0.0244, (75%) ≤ 0.0332, (90%) ≤ 0.0426, (95%) ≤ 0.0558, (99%) ≤ 0.0959, max=0.1560 binary_split_predictions distribution: 6% ≤ 0.01, 36% ≤ 0.02, 93% ≤ 0.05, 99% ≤ 0.1, 100% ≤ 0.2, 100% ≤ 0.5, 0% ≥ 0.50
[LN427    ] [chunk_18_phase_4_ensemble.py] [info] [section 1] [CNN] [baseline] prediction_binary_split=0.50, VALIDATION predictions at LABEL_THRESHOLD=20.0: 0.00%
[LN428    ] [chunk_18_phase_4_ensemble.py] [warning] [section 1] [CNN] [baseline] [warning] No predictions >= 0.5!
[LN429    ] [chunk_18_phase_4_ensemble.py] [info] [section 1] [CNN] [baseline] LABEL_THRESHOLD=20.0,
[LN430    ] [chunk_18_phase_4_ensemble.py] [info] [section 1] [CNN] [baseline] VALIDATION_PRECISION=0.0000 VALIDATION_TRUE_POSITIVES=0 VALIDATION_TRUE_NEGATIVES=52918 validation_false_positives=0 validation_false_negatives=336 validation_max_prediction=0.1560 validation_mean_prediction=0.0271 validation_recall=0.0000 validation_f1=0.0000 validation_auc=0.5225 validation_specificity=1.0000 validation_false_positive_rate=0.0000 validation_f2=0.0000 validation_mcc=0.0000 validation_prauc=0.0098 validation_balanced_accuracy=0.5000 validation_brier=0.0069 validation_kappa=0.0000 validation_informedness=0.0000 validation_markedness=1.0000 validation_gini=0.0449 validation_optimal_threshold=0.0372 validation_standard_deviation_prediction=0.0166 validation_percentage_above_threshold=0.00
[LN431    ] [chunk_18_phase_4_ensemble.py] [info] [section 1] [CNN] [baseline] prediction_binary_split=0.50 loss=binary_crossentropy, lr=0.001
[LN432    ] [chunk_12_evaluation_evaluator.py] [info] [CNN] label_threshold=20.0 train_below_prediction_binary_split=118,621 train_above_prediction_binary_split=689 train_positive_found=true val_below_prediction_binary_split=52,918 val_above_prediction_binary_split=336 val_positive_found=true
[LN433    ] [chunk_12_evaluation_evaluator.py] [info] [reject] threshold=20.0 action=skipped reason=insufficient_positive_predictions positive_predictions=0 minimum_positive_required=5
[LN434    ] [chunk_12_evaluation_evaluator.py] [info] [CNN] label_threshold=10.0 train_below_prediction_binary_split=116,756 train_above_prediction_binary_split=2,554 train_positive_found=true val_below_prediction_binary_split=52,057 val_above_prediction_binary_split=1,197 val_positive_found=true
[LN435    ] [chunk_12_evaluation_evaluator.py] [info] [reject] threshold=10.0 action=skipped reason=insufficient_positive_predictions positive_predictions=0 minimum_positive_required=5
[LN436    ] [chunk_12_evaluation_evaluator.py] [info] [CNN] label_threshold=0.0 train_below_prediction_binary_split=59,589 train_above_prediction_binary_split=59,721 train_positive_found=true val_below_prediction_binary_split=24,480 val_above_prediction_binary_split=28,774 val_positive_found=true
[LN437    ] [chunk_12_evaluation_evaluator.py] [info] [CNN] [reject] skipping LABEL_THRESHOLD=0.0: validation_precision=0.5180 <= baseline+0.0200=0.5200
[LN438    ] [chunk_18_phase_4_ensemble.py] [warning] [section 1] [CNN] [label_threshold_optimal] [warning] All label thresholds rejected — using baseline metrics at 20.0
[LN439    ] [chunk_18_phase_4_ensemble.py] [info] [section 1] [CNN] [label_threshold_optimal] LABEL_THRESHOLD=20.0
[LN440    ] [chunk_18_phase_4_ensemble.py] [info] [section 1] [CNN] [label_threshold_optimal] train_precision=0.0000 train_true_positives=0 train_true_negatives=52918 train_false_positives=0 train_false_negatives=336 train_max_prediction=0.1560 train_mean_prediction=0.0271 train_recall=0.0000 train_f1=0.0000 train_auc=0.5225 train_specificity=1.0000 train_false_positive_rate=0.0000 train_f2=0.0000 train_mcc=0.0000 train_prauc=0.0098 train_balanced_accuracy=0.5000 train_brier=0.0069 train_kappa=0.0000 train_informedness=0.0000 train_markedness=1.0000 train_gini=0.0449 train_optimal_threshold=0.0372 train_standard_deviation_prediction=0.0166 train_percentage_above_threshold=0.00
[LN441    ] [chunk_18_phase_4_ensemble.py] [info] [section 1] [CNN] [label_threshold_optimal] VALIDATION_PRECISION=0.0000 VALIDATION_TRUE_POSITIVES=0 VALIDATION_TRUE_NEGATIVES=52918 validation_false_positives=0 validation_false_negatives=336 validation_max_prediction=0.1560 validation_mean_prediction=0.0271 validation_recall=0.0000 validation_f1=0.0000 validation_auc=0.5225 validation_specificity=1.0000 validation_false_positive_rate=0.0000 validation_f2=0.0000 validation_mcc=0.0000 validation_prauc=0.0098 validation_balanced_accuracy=0.5000 validation_brier=0.0069 validation_kappa=0.0000 validation_informedness=0.0000 validation_markedness=1.0000 validation_gini=0.0449 validation_optimal_threshold=0.0372 validation_standard_deviation_prediction=0.0166 validation_percentage_above_threshold=0.00
[LN442    ] [chunk_18_phase_4_ensemble.py] [info] [section 1] [CNN] [label_threshold_optimal] prediction_binary_split=0.50
[LN443    ] [chunk_21_hyperparam_optimizer.py] [info] [section 2] [CNN] [hyperparameter_optimization search] Running Bayesian optimization (5 trials)...
[LN444    ] [chunk_21_hyperparam_optimizer.py] [info] [section 2] [CNN] [hyperparameter_optimization search baseline] LABEL_THRESHOLD=20.0
[LN445    ] [chunk_21_hyperparam_optimizer.py] [info] [section 2] [CNN] [hyperparameter_optimization search baseline] VALIDATION_PRECISION=0.0000 VALIDATION_TRUE_POSITIVES=0 VALIDATION_TRUE_NEGATIVES=52918 validation_false_positives=0 validation_false_negatives=336 validation_max_prediction=0.1124 validation_mean_prediction=0.0378 validation_recall=0.0000 validation_f1=0.0000 validation_auc=0.7567 validation_specificity=1.0000 validation_false_positive_rate=0.0000 validation_f2=0.0000 validation_mcc=0.0000 validation_prauc=0.0227 validation_balanced_accuracy=0.5000 validation_brier=0.0080 validation_kappa=0.0000 validation_informedness=0.0000 validation_markedness=1.0000 validation_gini=0.5134 validation_optimal_threshold=0.0326 validation_standard_deviation_prediction=0.0334 validation_percentage_above_threshold=0.00
[LN446    ] [chunk_21_hyperparam_optimizer.py] [info] [section 2] [CNN] [hyperparameter_optimization search baseline] TRIAL 1/5: loss_function=focal_loss, filters=64, kernel_size=3, dropout=0.1, learning_rate=0.005, epochs=30, alpha=0.5, gamma=2.0, layers=1, pooling=none
[LN447    ] [chunk_21_hyperparam_optimizer.py] [info] [section 2] [CNN] [hyperparameter_optimization search baseline] LABEL_THRESHOLD=20.0
[LN448    ] [chunk_21_hyperparam_optimizer.py] [info] [section 2] [CNN] [hyperparameter_optimization search baseline] VALIDATION_PRECISION=0.0000 VALIDATION_TRUE_POSITIVES=0 VALIDATION_TRUE_NEGATIVES=52918 validation_false_positives=0 validation_false_negatives=336 validation_max_prediction=0.0464 validation_mean_prediction=0.0464 validation_recall=0.0000 validation_f1=0.0000 validation_auc=0.4999 validation_specificity=1.0000 validation_false_positive_rate=0.0000 validation_f2=0.0000 validation_mcc=0.0000 validation_prauc=0.0063 validation_balanced_accuracy=0.5000 validation_brier=0.0079 validation_kappa=0.0000 validation_informedness=0.0000 validation_markedness=1.0000 validation_gini=0.0000 validation_optimal_threshold=inf validation_standard_deviation_prediction=0.0000 validation_percentage_above_threshold=0.00
[LN449    ] [chunk_21_hyperparam_optimizer.py] [info] [section 2] [CNN] [hyperparameter_optimization search baseline] TRIAL 2/5: loss_function=focal_loss, filters=256, kernel_size=7, dropout=0.0, learning_rate=0.01, epochs=30, alpha=0.5, gamma=2.5, layers=3, pooling=avg
[LN450    ] [chunk_21_hyperparam_optimizer.py] [info] [section 2] [CNN] [hyperparameter_optimization search baseline] LABEL_THRESHOLD=20.0
[LN451    ] [chunk_21_hyperparam_optimizer.py] [info] [section 2] [CNN] [hyperparameter_optimization search baseline] VALIDATION_PRECISION=0.0167 VALIDATION_TRUE_POSITIVES=313 VALIDATION_TRUE_NEGATIVES=34538 validation_false_positives=18380 validation_false_negatives=23 validation_max_prediction=0.9972 validation_mean_prediction=0.3147 validation_recall=0.9315 validation_f1=0.0329 validation_auc=0.8596 validation_specificity=0.6527 validation_false_positive_rate=0.3473 validation_f2=0.0781 validation_mcc=0.0969 validation_prauc=0.0388 validation_balanced_accuracy=0.7921 validation_brier=0.1930 validation_kappa=0.0208 validation_informedness=0.5842 validation_markedness=-0.3306 validation_gini=0.7192 validation_optimal_threshold=0.5564 validation_standard_deviation_prediction=0.3113 validation_percentage_above_threshold=35.10
[LN452    ] [chunk_21_hyperparam_optimizer.py] [info] [section 2] [CNN] [hyperparameter_optimization search baseline] TRIAL 3/5: loss_function=binary_crossentropy, filters=64, kernel_size=3, dropout=0.05, learning_rate=0.0005, epochs=50, alpha=0.75, gamma=2.0, layers=3, pooling=max
[LN453    ] [chunk_21_hyperparam_optimizer.py] [info] [section 2] [CNN] [hyperparameter_optimization search baseline] LABEL_THRESHOLD=20.0
[LN454    ] [chunk_21_hyperparam_optimizer.py] [info] [section 2] [CNN] [hyperparameter_optimization search baseline] VALIDATION_PRECISION=0.0000 VALIDATION_TRUE_POSITIVES=0 VALIDATION_TRUE_NEGATIVES=52918 validation_false_positives=0 validation_false_negatives=336 validation_max_prediction=0.2412 validation_mean_prediction=0.0435 validation_recall=0.0000 validation_f1=0.0000 validation_auc=0.8640 validation_specificity=1.0000 validation_false_positive_rate=0.0000 validation_f2=0.0000 validation_mcc=0.0000 validation_prauc=0.0487 validation_balanced_accuracy=0.5000 validation_brier=0.0085 validation_kappa=0.0000 validation_informedness=0.0000 validation_markedness=1.0000 validation_gini=0.7279 validation_optimal_threshold=0.0624 validation_standard_deviation_prediction=0.0430 validation_percentage_above_threshold=0.00
[LN455    ] [chunk_21_hyperparam_optimizer.py] [info] [section 2] [CNN] [hyperparameter_optimization search baseline] TRIAL 4/5: loss_function=focal_loss, filters=128, kernel_size=7, dropout=0.0, learning_rate=0.002, epochs=80, alpha=0.5, gamma=2.0, layers=1, pooling=max
[LN456    ] [chunk_21_hyperparam_optimizer.py] [info] [section 2] [CNN] [hyperparameter_optimization search baseline] LABEL_THRESHOLD=20.0
[LN457    ] [chunk_21_hyperparam_optimizer.py] [info] [section 2] [CNN] [hyperparameter_optimization search baseline] VALIDATION_PRECISION=0.0000 VALIDATION_TRUE_POSITIVES=0 VALIDATION_TRUE_NEGATIVES=52918 validation_false_positives=0 validation_false_negatives=336 validation_max_prediction=0.3642 validation_mean_prediction=0.0363 validation_recall=0.0000 validation_f1=0.0000 validation_auc=0.8204 validation_specificity=1.0000 validation_false_positive_rate=0.0000 validation_f2=0.0000 validation_mcc=0.0000 validation_prauc=0.0379 validation_balanced_accuracy=0.5000 validation_brier=0.0084 validation_kappa=0.0000 validation_informedness=0.0000 validation_markedness=1.0000 validation_gini=0.6409 validation_optimal_threshold=0.0470 validation_standard_deviation_prediction=0.0467 validation_percentage_above_threshold=0.00
[LN458    ] [chunk_21_hyperparam_optimizer.py] [info] [section 2] [CNN] [hyperparameter_optimization search baseline] TRIAL 5/5: loss_function=focal_loss, filters=128, kernel_size=11, dropout=0.05, learning_rate=0.002, epochs=80, alpha=0.25, gamma=2.5, layers=1, pooling=avg
[LN459    ] [chunk_21_hyperparam_optimizer.py] [info] [section 2] [CNN] [best trial] LABEL_THRESHOLD=20.0
[LN460    ] [chunk_21_hyperparam_optimizer.py] [info] [section 2] [CNN] [best trial] VALIDATION_PRECISION=0.0167 VALIDATION_TRUE_POSITIVES=313 VALIDATION_TRUE_NEGATIVES=34538 validation_false_positives=18380 validation_false_negatives=23 validation_max_prediction=0.9972 validation_mean_prediction=0.3147 validation_recall=0.9315 validation_f1=0.0329 validation_auc=0.8596 validation_specificity=0.6527 validation_false_positive_rate=0.3473 validation_f2=0.0781 validation_mcc=0.0969 validation_prauc=0.0388 validation_balanced_accuracy=0.7921 validation_brier=0.1930 validation_kappa=0.0208 validation_informedness=0.5842 validation_markedness=-0.3306 validation_gini=0.7192 validation_optimal_threshold=0.5564 validation_standard_deviation_prediction=0.3113 validation_percentage_above_threshold=35.10
[LN461    ] [chunk_21_hyperparam_optimizer.py] [info] [section 2] [CNN] [best trial] loss_function=binary_crossentropy, filters=64, kernel_size=3, dropout=0.05, learning_rate=0.0005, epochs=50, alpha=0.75, gamma=2.0, layers=3, pooling=max
[LN462    ] [chunk_18_phase_4_ensemble.py] [info]    [diagnostic-hyperparameter_optimization]  cumulative binary_split_predictions (1%) ≤ 0.0013, (5%) ≤ 0.0024, (10%) ≤ 0.0040, (25%) ≤ 0.0157, (50%) ≤ 0.1833, (75%) ≤ 0.6173, (90%) ≤ 0.7676, (95%) ≤ 0.8283, (99%) ≤ 0.9060, max=0.9972 binary_split_predictions distribution: 20% ≤ 0.01, 28% ≤ 0.02, 38% ≤ 0.05, 44% ≤ 0.1, 51% ≤ 0.2, 65% ≤ 0.5, 35% ≥ 0.50
[LN463    ] [chunk_18_phase_4_ensemble.py] [info]    hyperparameter_optimization improved: 0.0167 > 0.0000
[LN464    ] [chunk_18_phase_4_ensemble.py] [info] [section 3] [CNN] [HYPERPARAMETER_OPTIMIZATION] LABEL_THRESHOLD=20.0,
[LN465    ] [chunk_18_phase_4_ensemble.py] [info] [section 3] [CNN] [HYPERPARAMETER_OPTIMIZATION] VALIDATION_PRECISION=0.0167 VALIDATION_TRUE_POSITIVES=313 VALIDATION_TRUE_NEGATIVES=34538 validation_false_positives=18380 validation_false_negatives=23 validation_max_prediction=0.9972 validation_mean_prediction=0.3147 validation_recall=0.9315 validation_f1=0.0329 validation_auc=0.8596 validation_specificity=0.6527 validation_false_positive_rate=0.3473 validation_f2=0.0781 validation_mcc=0.0969 validation_prauc=0.0388 validation_balanced_accuracy=0.7921 validation_brier=0.1930 validation_kappa=0.0208 validation_informedness=0.5842 validation_markedness=-0.3306 validation_gini=0.7192 validation_optimal_threshold=0.5564 validation_standard_deviation_prediction=0.3113 validation_percentage_above_threshold=35.10
[LN466    ] [chunk_18_phase_4_ensemble.py] [info] [section 3] [CNN] [HYPERPARAMETER_OPTIMIZATION] prediction_binary_split=0.50 hyperparams=(loss=binary_crossentropy lr=0.0005 dropout=0.05 alpha=0.75 gamma=2.0 latent_dim=0) improved=True {'loss_function': 'binary_crossentropy', 'filters': 64, 'kernel_size': 3, 'dropout': 0.05, 'learning_rate': 0.0005, 'epochs': 50, 'alpha': 0.75, 'gamma': 2.0, 'layers': 3, 'pooling': 'max'}
[LN467    ] [chunk_18_phase_4_ensemble.py] [info]    Running post hyperparameter_optimization threshold search for CNN...
[LN468    ] [chunk_12_evaluation_evaluator.py] [info] [CNN] label_threshold=20.0 train_below_prediction_binary_split=118,621 train_above_prediction_binary_split=689 train_positive_found=true val_below_prediction_binary_split=52,918 val_above_prediction_binary_split=336 val_positive_found=true
[LN469    ] [chunk_12_evaluation_evaluator.py] [info] [CNN] [reject] skipping LABEL_THRESHOLD=20.0: validation_precision=0.0167 <= baseline+0.0200=0.0263
[LN470    ] [chunk_12_evaluation_evaluator.py] [info] [CNN] label_threshold=10.0 train_below_prediction_binary_split=116,756 train_above_prediction_binary_split=2,554 train_positive_found=true val_below_prediction_binary_split=52,057 val_above_prediction_binary_split=1,197 val_positive_found=true
[LN471    ] [chunk_12_evaluation_evaluator.py] [info] [CNN] [diagnostic] LABEL_THRESHOLD=10.0 train_precision=0.0509 train_true_positives=2115 train_true_negatives=77339 train_false_positives=39417 train_false_negatives=439 train_max_prediction=0.9844 train_mean_prediction=0.3519 train_recall=0.8281 train_f1=0.0959 train_auc=0.8083 train_specificity=0.6624 train_false_positive_rate=0.3376 train_f2=0.2044 train_mcc=0.1490 train_prauc=0.0729 train_balanced_accuracy=0.7453 train_brier=0.1857 train_kappa=0.0580 train_informedness=0.4905 train_markedness=-0.2867 train_gini=0.6166 train_optimal_threshold=0.4781 train_standard_deviation_prediction=0.2602 train_percentage_above_threshold=34.81
[LN472    ] [chunk_12_evaluation_evaluator.py] [info] [CNN] [diagnostic] LABEL_THRESHOLD=10.0 VALIDATION_PRECISION=0.0468 VALIDATION_TRUE_POSITIVES=1031 VALIDATION_TRUE_NEGATIVES=31053 validation_false_positives=21004 validation_false_negatives=166 validation_max_prediction=0.9939 validation_mean_prediction=0.4130 validation_recall=0.8613 validation_f1=0.0888 validation_auc=0.7882 validation_specificity=0.5965 validation_false_positive_rate=0.4035 validation_f2=0.1922 validation_mcc=0.1378 validation_prauc=0.0712 validation_balanced_accuracy=0.7289 validation_brier=0.2398 validation_kappa=0.0482 validation_informedness=0.4578 validation_markedness=-0.3567 validation_gini=0.5764 validation_optimal_threshold=0.5185 validation_standard_deviation_prediction=0.2793 validation_percentage_above_threshold=41.38
[LN473    ] [chunk_12_evaluation_evaluator.py] [info] [CNN] label_threshold=0.0 train_below_prediction_binary_split=59,589 train_above_prediction_binary_split=59,721 train_positive_found=true val_below_prediction_binary_split=24,480 val_above_prediction_binary_split=28,774 val_positive_found=true
[LN474    ] [chunk_12_evaluation_evaluator.py] [info] [CNN] [diagnostic] LABEL_THRESHOLD=0.0 train_precision=0.5051 train_true_positives=19429 train_true_negatives=40550 train_false_positives=19039 train_false_negatives=40292 train_max_prediction=0.9757 train_mean_prediction=0.3459 train_recall=0.3253 train_f1=0.3957 train_auc=0.5081 train_specificity=0.6805 train_false_positive_rate=0.3195 train_f2=0.3503 train_mcc=0.0062 train_prauc=0.5059 train_balanced_accuracy=0.5029 train_brier=0.3369 train_kappa=0.0058 train_informedness=0.0058 train_markedness=0.1856 train_gini=0.0162 train_optimal_threshold=0.2421 train_standard_deviation_prediction=0.2575 train_percentage_above_threshold=32.24
[LN475    ] [chunk_12_evaluation_evaluator.py] [info] [CNN] [diagnostic] LABEL_THRESHOLD=0.0 VALIDATION_PRECISION=0.5252 VALIDATION_TRUE_POSITIVES=13569 VALIDATION_TRUE_NEGATIVES=12215 validation_false_positives=12265 validation_false_negatives=15205 validation_max_prediction=0.9998 validation_mean_prediction=0.4670 validation_recall=0.4716 validation_f1=0.4970 validation_auc=0.4835 validation_specificity=0.4990 validation_false_positive_rate=0.5010 validation_f2=0.4814 validation_mcc=-0.0294 validation_prauc=0.5227 validation_balanced_accuracy=0.4853 validation_brier=0.3365 validation_kappa=-0.0292 validation_informedness=-0.0294 validation_markedness=0.0242 validation_gini=0.0000 validation_optimal_threshold=0.0225 validation_standard_deviation_prediction=0.2740 validation_percentage_above_threshold=48.51
[LN476    ] [chunk_18_phase_4_ensemble.py] [info]    hyperparameter_optimization model threshold search: LABEL_THRESHOLD=20.0, VALIDATION_PRECISION=0.0167
[LN477    ] [chunk_18_phase_4_ensemble.py] [info]    post hyperparameter_optimization threshold search: LABEL_THRESHOLD=0.0, VALIDATION_PRECISION=0.5252
[LN478    ] [chunk_18_phase_4_ensemble.py] [info]    post hyperparameter_optimization improved: using LABEL_THRESHOLD=0.0
[LN479    ] [chunk_18_phase_4_ensemble.py] [info] [section 4] [CNN] [post hyperparameter_optimization] [diagnostic]  cumulative binary_split_predictions (1%) ≤ 0.0198, (5%) ≤ 0.0466, (10%) ≤ 0.0809, (25%) ≤ 0.2180, (50%) ≤ 0.4836, (75%) ≤ 0.7035, (90%) ≤ 0.8318, (95%) ≤ 0.8838, (99%) ≤ 0.9475, max=0.9998 binary_split_predictions distribution: 0% ≤ 0.01, 1% ≤ 0.02, 6% ≤ 0.05, 12% ≤ 0.1, 23% ≤ 0.2, 51% ≤ 0.5, 49% ≥ 0.50
[LN480    ] [chunk_18_phase_4_ensemble.py] [info] [section 4] [CNN] [post hyperparameter_optimization] LABEL_THRESHOLD=0.0,
[LN481    ] [chunk_18_phase_4_ensemble.py] [info] [section 4] [CNN] [post hyperparameter_optimization] VALIDATION_PRECISION=0.5252 VALIDATION_TRUE_POSITIVES=13569 VALIDATION_TRUE_NEGATIVES=12215 validation_false_positives=12265 validation_false_negatives=15205 validation_max_prediction=0.9998 validation_mean_prediction=0.4670 validation_recall=0.4716 validation_f1=0.4970 validation_auc=0.4835 validation_specificity=0.5163 validation_false_positive_rate=0.4837 validation_f2=0.0434 validation_mcc=0.0346 validation_prauc=0.0176 validation_balanced_accuracy=0.6093 validation_brier=0.2917 validation_kappa=0.0056 validation_informedness=0.2187 validation_markedness=-0.4746 validation_gini=0.3192 validation_optimal_threshold=0.3921 validation_standard_deviation_prediction=0.2740 validation_percentage_above_threshold=48.51
[LN482    ] [chunk_18_phase_4_ensemble.py] [info] [section 4] [CNN] [post hyperparameter_optimization] prediction_binary_split=0.50 hyperparams=(loss=binary_crossentropy lr=0.0005 dropout=0.05 alpha=0.75 gamma=2.0 latent_dim=64) source=section4
[LN483    ] [chunk_18_phase_4_ensemble.py] [info]    Using post-HPO model at LABEL_THRESHOLD=0.0 (post_hpo_prec=0.5252 > hpo=0.0167, pre_hpo=0.0000)
[LN484    ] [chunk_18_phase_4_ensemble.py] [info]    Train predictions: mean=0.3459, std=0.2575, min=0.0012, max=0.9757
[LN485    ] [chunk_18_phase_4_ensemble.py] [info]    validation predictions:   mean=0.4670, std=0.2740, min=0.0045, max=0.9998
[LN486    ] [chunk_18_phase_4_ensemble.py] [info] [section 5] [CNN] [final] [diagnostic] Train  cumulative binary_split_predictions (1%) ≤ 0.0089, (5%) ≤ 0.0230, (10%) ≤ 0.0392, (25%) ≤ 0.1035, (50%) ≤ 0.3013, (75%) ≤ 0.5624, (90%) ≤ 0.7197, (95%) ≤ 0.7916, (99%) ≤ 0.8807, max=0.9757 binary_split_predictions distribution: 1% ≤ 0.01, 4% ≤ 0.02, 13% ≤ 0.05, 24% ≤ 0.1, 39% ≤ 0.2, 68% ≤ 0.5, 32% ≥ 0.50
[LN487    ] [chunk_18_phase_4_ensemble.py] [info] [section 5] [CNN] [final] [diagnostic] validation    cumulative binary_split_predictions (1%) ≤ 0.0198, (5%) ≤ 0.0466, (10%) ≤ 0.0809, (25%) ≤ 0.2180, (50%) ≤ 0.4836, (75%) ≤ 0.7035, (90%) ≤ 0.8318, (95%) ≤ 0.8838, (99%) ≤ 0.9475, max=0.9998 binary_split_predictions distribution: 0% ≤ 0.01, 1% ≤ 0.02, 6% ≤ 0.05, 12% ≤ 0.1, 23% ≤ 0.2, 51% ≤ 0.5, 49% ≥ 0.50
[LN488    ] [chunk_18_phase_4_ensemble.py] [info]    Train predictions: 32.24% positive predictions (38,468 / 119,310)
[LN489    ] [chunk_18_phase_4_ensemble.py] [info]    validation predictions:   48.51% positive predictions (25,834 / 53,254)
[LN490    ] [chunk_18_phase_4_ensemble.py] [info]    [diagnostic] prediction_buckets: 0-10:5689, 10-20:5138, 20-30:5159, 30-40:4799, 40-50:5974, 50-60:6321, 60-70:6400, 70-80:5152, 80-90:1987, 90-100:0
[LN491    ] [chunk_18_phase_4_ensemble.py] [info] [section 5] [CNN] [final] LABEL_THRESHOLD=0.0,
[LN492    ] [chunk_18_phase_4_ensemble.py] [info] [section 5] [CNN] [final] train_precision=0.5051 train_true_positives=19429 train_true_negatives=40550 train_false_positives=19039 train_false_negatives=40292 train_max_prediction=0.9757 train_mean_prediction=0.3459 train_recall=0.3253 train_f1=0.3957 train_auc=0.5081 train_specificity=0.6805 train_false_positive_rate=0.3195 train_f2=0.3503 train_mcc=0.0062 train_prauc=0.5059 train_balanced_accuracy=0.5029 train_standard_deviation_prediction=0.2575 train_percentage_above_threshold=32.24 train_brier=0.3369 train_kappa=0.0058 train_informedness=0.0058 train_markedness=0.1856 train_gini=0.0162 train_optimal_threshold=0.2421
[LN493    ] [chunk_18_phase_4_ensemble.py] [info] [section 5] [CNN] [final] VALIDATION_PRECISION=0.5252 VALIDATION_TRUE_POSITIVES=13569 VALIDATION_TRUE_NEGATIVES=12215 validation_false_positives=12265 validation_false_negatives=15205 validation_max_prediction=0.9998 validation_mean_prediction=0.4670 validation_recall=0.4716 validation_f1=0.4970 validation_auc=0.4835 validation_specificity=0.4990 validation_false_positive_rate=0.5010 validation_f2=0.4814 validation_mcc=-0.0294 validation_prauc=0.5227 validation_balanced_accuracy=0.4853 validation_brier=0.3365 validation_kappa=-0.0292 validation_informedness=-0.0294 validation_markedness=0.0242 validation_gini=0.0000 validation_optimal_threshold=0.0225 validation_standard_deviation_prediction=0.2740 validation_percentage_above_threshold=48.51
[LN494    ] [chunk_18_phase_4_ensemble.py] [info] [section 5] [CNN] [final] prediction_binary_split=0.50 hyperparams=(loss=binary_crossentropy lr=0.0005 dropout=0.05 alpha=0.75 gamma=2.0 latent_dim=64) (using HPO model directly)
[LN495    ] [chunk_18_phase_4_ensemble.py] [info]    CNN loss=binary_crossentropy pred_threshold=0.5 epochs=50
[LN496    ] [chunk_18_phase_4_ensemble.py] [info]    [CNN] hyperparameter_optimization: filters=64, kernel_size=3, dropout=0.05, learning_rate=0.0005, alpha=0.75, gamma=2.0, layers=3
[LN497    ] [chunk_18_phase_4_ensemble.py] [info]    CNN training time: 3262.4s
[LN498    ] [chunk_18_phase_4_ensemble.py] [info] [pass] CNN trained successfully
[LN499    ] [chunk_18_phase_4_ensemble.py] [info] [section 1] [RNN] [baseline] LABEL_THRESHOLD=20.0,
[LN500    ] [chunk_18_phase_4_ensemble.py] [info] [section 1] [RNN] [baseline] predictions: mean=0.0417, std=0.0430, min=0.0047, max=0.3014
[LN501    ] [chunk_18_phase_4_ensemble.py] [info] [section 1] [RNN] [baseline]  cumulative binary_split_predictions (1%) ≤ 0.0058, (5%) ≤ 0.0076, (10%) ≤ 0.0089, (25%) ≤ 0.0127, (50%) ≤ 0.0239, (75%) ≤ 0.0538, (90%) ≤ 0.1087, (95%) ≤ 0.1391, (99%) ≤ 0.1854, max=0.3014 binary_split_predictions distribution: 16% ≤ 0.01, 42% ≤ 0.02, 73% ≤ 0.05, 88% ≤ 0.1, 99% ≤ 0.2, 100% ≤ 0.5, 0% ≥ 0.50
[LN502    ] [chunk_18_phase_4_ensemble.py] [info] [section 1] [RNN] [baseline] prediction_binary_split=0.50, VALIDATION predictions at LABEL_THRESHOLD=20.0: 0.00%
[LN503    ] [chunk_18_phase_4_ensemble.py] [warning] [section 1] [RNN] [baseline] [warning] No predictions >= 0.5!
[LN504    ] [chunk_18_phase_4_ensemble.py] [info] [section 1] [RNN] [baseline] LABEL_THRESHOLD=20.0,
[LN505    ] [chunk_18_phase_4_ensemble.py] [info] [section 1] [RNN] [baseline] VALIDATION_PRECISION=0.0000 VALIDATION_TRUE_POSITIVES=0 VALIDATION_TRUE_NEGATIVES=52918 validation_false_positives=0 validation_false_negatives=336 validation_max_prediction=0.3014 validation_mean_prediction=0.0417 validation_recall=0.0000 validation_f1=0.0000 validation_auc=0.8444 validation_specificity=1.0000 validation_false_positive_rate=0.0000 validation_f2=0.0000 validation_mcc=0.0000 validation_prauc=0.0353 validation_balanced_accuracy=0.5000 validation_brier=0.0086 validation_kappa=0.0000 validation_informedness=0.0000 validation_markedness=1.0000 validation_gini=0.6887 validation_optimal_threshold=0.0380 validation_standard_deviation_prediction=0.0430 validation_percentage_above_threshold=0.00
[LN506    ] [chunk_18_phase_4_ensemble.py] [info] [section 1] [RNN] [baseline] prediction_binary_split=0.50 loss=binary_crossentropy, lr=0.001
[LN507    ] [chunk_12_evaluation_evaluator.py] [info] [RNN] label_threshold=20.0 train_below_prediction_binary_split=118,621 train_above_prediction_binary_split=689 train_positive_found=true val_below_prediction_binary_split=52,918 val_above_prediction_binary_split=336 val_positive_found=true
[LN508    ] [chunk_12_evaluation_evaluator.py] [info] [reject] threshold=20.0 action=skipped reason=insufficient_positive_predictions positive_predictions=0 minimum_positive_required=5
[LN509    ] [chunk_12_evaluation_evaluator.py] [info] [RNN] label_threshold=10.0 train_below_prediction_binary_split=116,756 train_above_prediction_binary_split=2,554 train_positive_found=true val_below_prediction_binary_split=52,057 val_above_prediction_binary_split=1,197 val_positive_found=true
[LN510    ] [chunk_12_evaluation_evaluator.py] [info] [reject] threshold=10.0 action=skipped reason=insufficient_positive_predictions positive_predictions=0 minimum_positive_required=5
[LN511    ] [chunk_12_evaluation_evaluator.py] [info] [RNN] label_threshold=0.0 train_below_prediction_binary_split=59,589 train_above_prediction_binary_split=59,721 train_positive_found=true val_below_prediction_binary_split=24,480 val_above_prediction_binary_split=28,774 val_positive_found=true
[LN512    ] [chunk_12_evaluation_evaluator.py] [info] [RNN] [reject] skipping LABEL_THRESHOLD=0.0: validation_precision=0.5132 <= baseline+0.0200=0.5200
[LN513    ] [chunk_18_phase_4_ensemble.py] [warning] [section 1] [RNN] [label_threshold_optimal] [warning] All label thresholds rejected — using baseline metrics at 20.0
[LN514    ] [chunk_18_phase_4_ensemble.py] [info] [section 1] [RNN] [label_threshold_optimal] LABEL_THRESHOLD=20.0
[LN515    ] [chunk_18_phase_4_ensemble.py] [info] [section 1] [RNN] [label_threshold_optimal] train_precision=0.0000 train_true_positives=0 train_true_negatives=52918 train_false_positives=0 train_false_negatives=336 train_max_prediction=0.3014 train_mean_prediction=0.0417 train_recall=0.0000 train_f1=0.0000 train_auc=0.8444 train_specificity=1.0000 train_false_positive_rate=0.0000 train_f2=0.0000 train_mcc=0.0000 train_prauc=0.0353 train_balanced_accuracy=0.5000 train_brier=0.0086 train_kappa=0.0000 train_informedness=0.0000 train_markedness=1.0000 train_gini=0.6887 train_optimal_threshold=0.0380 train_standard_deviation_prediction=0.0430 train_percentage_above_threshold=0.00
[LN516    ] [chunk_18_phase_4_ensemble.py] [info] [section 1] [RNN] [label_threshold_optimal] VALIDATION_PRECISION=0.0000 VALIDATION_TRUE_POSITIVES=0 VALIDATION_TRUE_NEGATIVES=52918 validation_false_positives=0 validation_false_negatives=336 validation_max_prediction=0.3014 validation_mean_prediction=0.0417 validation_recall=0.0000 validation_f1=0.0000 validation_auc=0.8444 validation_specificity=1.0000 validation_false_positive_rate=0.0000 validation_f2=0.0000 validation_mcc=0.0000 validation_prauc=0.0353 validation_balanced_accuracy=0.5000 validation_brier=0.0086 validation_kappa=0.0000 validation_informedness=0.0000 validation_markedness=1.0000 validation_gini=0.6887 validation_optimal_threshold=0.0380 validation_standard_deviation_prediction=0.0430 validation_percentage_above_threshold=0.00
[LN517    ] [chunk_18_phase_4_ensemble.py] [info] [section 1] [RNN] [label_threshold_optimal] prediction_binary_split=0.50
[LN518    ] [chunk_21_hyperparam_optimizer.py] [info] [section 2] [RNN] [hyperparameter_optimization search] Running Bayesian optimization (5 trials)...
[LN519    ] [chunk_21_hyperparam_optimizer.py] [warning]    TRIAL 1/5: REJECTED - true_positives=0 < 100 (min true_positives threshold)
[LN520    ] [chunk_21_hyperparam_optimizer.py] [warning]    TRIAL 2/5: REJECTED - true_positives=0 < 100 (min true_positives threshold)
[LN521    ] [chunk_21_hyperparam_optimizer.py] [info] [section 2] [RNN] [hyperparameter_optimization search baseline] LABEL_THRESHOLD=20.0
[LN522    ] [chunk_21_hyperparam_optimizer.py] [info] [section 2] [RNN] [hyperparameter_optimization search baseline] VALIDATION_PRECISION=0.0237 VALIDATION_TRUE_POSITIVES=296 VALIDATION_TRUE_NEGATIVES=40736 validation_false_positives=12182 validation_false_negatives=40 validation_max_prediction=0.9378 validation_mean_prediction=0.2348 validation_recall=0.8810 validation_f1=0.0462 validation_auc=0.9023 validation_specificity=0.7698 validation_false_positive_rate=0.2302 validation_f2=0.1071 validation_mcc=0.1216 validation_prauc=0.0591 validation_balanced_accuracy=0.8254 validation_brier=0.1453 validation_kappa=0.0343 validation_informedness=0.6507 validation_markedness=-0.2065 validation_gini=0.8046 validation_optimal_threshold=0.4338 validation_standard_deviation_prediction=0.3057 validation_percentage_above_threshold=23.43
[LN523    ] [chunk_21_hyperparam_optimizer.py] [info] [section 2] [RNN] [hyperparameter_optimization search baseline] TRIAL 3/5: loss_function=binary_crossentropy, units=64, dropout=0.1, learning_rate=0.001, epochs=20, alpha=0.5, gamma=2.0, layers=2
[LN524    ] [chunk_21_hyperparam_optimizer.py] [warning]    TRIAL 4/5: REJECTED - true_positives=0 < 100 (min true_positives threshold)
[LN525    ] [chunk_21_hyperparam_optimizer.py] [warning]    TRIAL 5/5: REJECTED - true_positives=0 < 100 (min true_positives threshold)
[LN526    ] [chunk_21_hyperparam_optimizer.py] [info] [section 2] [RNN] [best trial] LABEL_THRESHOLD=20.0
[LN527    ] [chunk_21_hyperparam_optimizer.py] [info] [section 2] [RNN] [best trial] VALIDATION_PRECISION=0.0237 VALIDATION_TRUE_POSITIVES=296 VALIDATION_TRUE_NEGATIVES=40736 validation_false_positives=12182 validation_false_negatives=40 validation_max_prediction=0.9378 validation_mean_prediction=0.2348 validation_recall=0.8810 validation_f1=0.0462 validation_auc=0.9023 validation_specificity=0.7698 validation_false_positive_rate=0.2302 validation_f2=0.1071 validation_mcc=0.1216 validation_prauc=0.0591 validation_balanced_accuracy=0.8254 validation_brier=0.1453 validation_kappa=0.0343 validation_informedness=0.6507 validation_markedness=-0.2065 validation_gini=0.8046 validation_optimal_threshold=0.4338 validation_standard_deviation_prediction=0.3057 validation_percentage_above_threshold=23.43
[LN528    ] [chunk_21_hyperparam_optimizer.py] [info] [section 2] [RNN] [best trial] loss_function=binary_crossentropy, units=64, dropout=0.1, learning_rate=0.001, epochs=20, alpha=0.5, gamma=2.0, layers=2
[LN529    ] [chunk_18_phase_4_ensemble.py] [info]    [diagnostic-hyperparameter_optimization]  cumulative binary_split_predictions (1%) ≤ 0.0031, (5%) ≤ 0.0043, (10%) ≤ 0.0055, (25%) ≤ 0.0104, (50%) ≤ 0.0471, (75%) ≤ 0.4492, (90%) ≤ 0.7831, (95%) ≤ 0.8593, (99%) ≤ 0.9170, max=0.9378 binary_split_predictions distribution: 24% ≤ 0.01, 36% ≤ 0.02, 51% ≤ 0.05, 59% ≤ 0.1, 66% ≤ 0.2, 77% ≤ 0.5, 23% ≥ 0.50
[LN530    ] [chunk_18_phase_4_ensemble.py] [info]    hyperparameter_optimization improved: 0.0237 > 0.0000
[LN531    ] [chunk_18_phase_4_ensemble.py] [info] [section 3] [RNN] [HYPERPARAMETER_OPTIMIZATION] LABEL_THRESHOLD=20.0,
[LN532    ] [chunk_18_phase_4_ensemble.py] [info] [section 3] [RNN] [HYPERPARAMETER_OPTIMIZATION] VALIDATION_PRECISION=0.0237 VALIDATION_TRUE_POSITIVES=296 VALIDATION_TRUE_NEGATIVES=40736 validation_false_positives=12182 validation_false_negatives=40 validation_max_prediction=0.9378 validation_mean_prediction=0.2348 validation_recall=0.8810 validation_f1=0.0462 validation_auc=0.9023 validation_specificity=0.7698 validation_false_positive_rate=0.2302 validation_f2=0.1071 validation_mcc=0.1216 validation_prauc=0.0591 validation_balanced_accuracy=0.8254 validation_brier=0.1453 validation_kappa=0.0343 validation_informedness=0.6507 validation_markedness=-0.2065 validation_gini=0.8046 validation_optimal_threshold=0.4338 validation_standard_deviation_prediction=0.3057 validation_percentage_above_threshold=23.43
[LN533    ] [chunk_18_phase_4_ensemble.py] [info] [section 3] [RNN] [HYPERPARAMETER_OPTIMIZATION] prediction_binary_split=0.50 hyperparams=(loss=binary_crossentropy lr=0.001 dropout=0.1 alpha=0.5 gamma=2.0 latent_dim=0) improved=True {'loss_function': 'binary_crossentropy', 'units': 64, 'dropout': 0.1, 'learning_rate': 0.001, 'epochs': 20, 'alpha': 0.5, 'gamma': 2.0, 'layers': 2}
[LN534    ] [chunk_18_phase_4_ensemble.py] [info]    Running post hyperparameter_optimization threshold search for RNN...
[LN535    ] [chunk_12_evaluation_evaluator.py] [info] [RNN] label_threshold=20.0 train_below_prediction_binary_split=118,621 train_above_prediction_binary_split=689 train_positive_found=true val_below_prediction_binary_split=52,918 val_above_prediction_binary_split=336 val_positive_found=true
[LN536    ] [chunk_12_evaluation_evaluator.py] [info] [RNN] [reject] skipping LABEL_THRESHOLD=20.0: validation_precision=0.0237 <= baseline+0.0200=0.0263
[LN537    ] [chunk_12_evaluation_evaluator.py] [info] [RNN] label_threshold=10.0 train_below_prediction_binary_split=116,756 train_above_prediction_binary_split=2,554 train_positive_found=true val_below_prediction_binary_split=52,057 val_above_prediction_binary_split=1,197 val_positive_found=true
[LN538    ] [chunk_12_evaluation_evaluator.py] [info] [RNN] [diagnostic] LABEL_THRESHOLD=10.0 train_precision=0.0663 train_true_positives=1971 train_true_negatives=88995 train_false_positives=27761 train_false_negatives=583 train_max_prediction=0.9521 train_mean_prediction=0.2652 train_recall=0.7717 train_f1=0.1221 train_auc=0.8370 train_specificity=0.7622 train_false_positive_rate=0.2378 train_f2=0.2467 train_mcc=0.1787 train_prauc=0.0848 train_balanced_accuracy=0.7670 train_brier=0.1436 train_kappa=0.0861 train_informedness=0.5340 train_markedness=-0.1715 train_gini=0.6741 train_optimal_threshold=0.3634 train_standard_deviation_prediction=0.2810 train_percentage_above_threshold=24.92
[LN539    ] [chunk_12_evaluation_evaluator.py] [info] [RNN] [diagnostic] LABEL_THRESHOLD=10.0 VALIDATION_PRECISION=0.0615 VALIDATION_TRUE_POSITIVES=1030 VALIDATION_TRUE_NEGATIVES=36344 validation_false_positives=15713 validation_false_negatives=167 validation_max_prediction=0.9507 validation_mean_prediction=0.2948 validation_recall=0.8605 validation_f1=0.1148 validation_auc=0.8421 validation_specificity=0.6982 validation_false_positive_rate=0.3018 validation_f2=0.2392 validation_mcc=0.1784 validation_prauc=0.0886 validation_balanced_accuracy=0.7793 validation_brier=0.2022 validation_kappa=0.0761 validation_informedness=0.5586 validation_markedness=-0.2403 validation_gini=0.6842 validation_optimal_threshold=0.5626 validation_standard_deviation_prediction=0.3558 validation_percentage_above_threshold=31.44
[LN540    ] [chunk_12_evaluation_evaluator.py] [info] [RNN] label_threshold=0.0 train_below_prediction_binary_split=59,589 train_above_prediction_binary_split=59,721 train_positive_found=true val_below_prediction_binary_split=24,480 val_above_prediction_binary_split=28,774 val_positive_found=true
[LN541    ] [chunk_12_evaluation_evaluator.py] [info] [RNN] [reject] skipping LABEL_THRESHOLD=0.0: validation_precision=0.5006 <= baseline+0.0200=0.5200
[LN542    ] [chunk_18_phase_4_ensemble.py] [info]    hyperparameter_optimization model threshold search: LABEL_THRESHOLD=20.0, VALIDATION_PRECISION=0.0237
[LN543    ] [chunk_18_phase_4_ensemble.py] [info]    post hyperparameter_optimization threshold search: LABEL_THRESHOLD=10.0, VALIDATION_PRECISION=0.0615
[LN544    ] [chunk_18_phase_4_ensemble.py] [info]    post hyperparameter_optimization improved: using LABEL_THRESHOLD=10.0
[LN545    ] [chunk_18_phase_4_ensemble.py] [info] [section 4] [RNN] [post hyperparameter_optimization] [diagnostic]  cumulative binary_split_predictions (1%) ≤ 0.0023, (5%) ≤ 0.0029, (10%) ≤ 0.0037, (25%) ≤ 0.0084, (50%) ≤ 0.0518, (75%) ≤ 0.6909, (90%) ≤ 0.8732, (95%) ≤ 0.9043, (99%) ≤ 0.9326, max=0.9507 binary_split_predictions distribution: 28% ≤ 0.01, 37% ≤ 0.02, 50% ≤ 0.05, 56% ≤ 0.1, 61% ≤ 0.2, 69% ≤ 0.5, 31% ≥ 0.50
[LN546    ] [chunk_18_phase_4_ensemble.py] [info] [section 4] [RNN] [post hyperparameter_optimization] LABEL_THRESHOLD=10.0,
[LN547    ] [chunk_18_phase_4_ensemble.py] [info] [section 4] [RNN] [post hyperparameter_optimization] VALIDATION_PRECISION=0.0615 VALIDATION_TRUE_POSITIVES=1030 VALIDATION_TRUE_NEGATIVES=36344 validation_false_positives=15713 validation_false_negatives=167 validation_max_prediction=0.9507 validation_mean_prediction=0.2948 validation_recall=0.8605 validation_f1=0.1148 validation_auc=0.8421 validation_specificity=0.6895 validation_false_positive_rate=0.3105 validation_f2=0.0857 validation_mcc=0.1044 validation_prauc=0.0353 validation_balanced_accuracy=0.8060 validation_brier=0.2096 validation_kappa=0.0242 validation_informedness=0.6121 validation_markedness=-0.2920 validation_gini=0.7588 validation_optimal_threshold=0.6510 validation_standard_deviation_prediction=0.3558 validation_percentage_above_threshold=31.44
[LN548    ] [chunk_18_phase_4_ensemble.py] [info] [section 4] [RNN] [post hyperparameter_optimization] prediction_binary_split=0.50 hyperparams=(loss=binary_crossentropy lr=0.001 dropout=0.1 alpha=0.5 gamma=2.0 latent_dim=64) source=section4
[LN549    ] [chunk_18_phase_4_ensemble.py] [info]    Using post-HPO model at LABEL_THRESHOLD=10.0 (post_hpo_prec=0.0615 > hpo=0.0237, pre_hpo=0.0000)
[LN550    ] [chunk_18_phase_4_ensemble.py] [info]    Train predictions: mean=0.2652, std=0.2810, min=0.0018, max=0.9521
[LN551    ] [chunk_18_phase_4_ensemble.py] [info]    validation predictions:   mean=0.2948, std=0.3558, min=0.0019, max=0.9507
[LN552    ] [chunk_18_phase_4_ensemble.py] [info] [section 5] [RNN] [final] [diagnostic] Train  cumulative binary_split_predictions (1%) ≤ 0.0023, (5%) ≤ 0.0030, (10%) ≤ 0.0042, (25%) ≤ 0.0249, (50%) ≤ 0.1354, (75%) ≤ 0.4985, (90%) ≤ 0.7254, (95%) ≤ 0.8038, (99%) ≤ 0.9056, max=0.9521 binary_split_predictions distribution: 17% ≤ 0.01, 23% ≤ 0.02, 33% ≤ 0.05, 44% ≤ 0.1, 58% ≤ 0.2, 75% ≤ 0.5, 25% ≥ 0.50
[LN553    ] [chunk_18_phase_4_ensemble.py] [info] [section 5] [RNN] [final] [diagnostic] validation    cumulative binary_split_predictions (1%) ≤ 0.0023, (5%) ≤ 0.0029, (10%) ≤ 0.0037, (25%) ≤ 0.0084, (50%) ≤ 0.0518, (75%) ≤ 0.6909, (90%) ≤ 0.8732, (95%) ≤ 0.9043, (99%) ≤ 0.9326, max=0.9507 binary_split_predictions distribution: 28% ≤ 0.01, 37% ≤ 0.02, 50% ≤ 0.05, 56% ≤ 0.1, 61% ≤ 0.2, 69% ≤ 0.5, 31% ≥ 0.50
[LN554    ] [chunk_18_phase_4_ensemble.py] [info]    Train predictions: 24.92% positive predictions (29,732 / 119,310)
[LN555    ] [chunk_18_phase_4_ensemble.py] [info]    validation predictions:   31.44% positive predictions (16,743 / 53,254)
[LN556    ] [chunk_18_phase_4_ensemble.py] [info]    [diagnostic] prediction_buckets: 0-10:2705, 10-20:1528, 20-30:1343, 30-40:1310, 40-50:1672, 50-60:1983, 60-70:3274, 70-80:6806, 80-90:3008, 90-100:0
[LN557    ] [chunk_18_phase_4_ensemble.py] [info] [section 5] [RNN] [final] LABEL_THRESHOLD=10.0,
[LN558    ] [chunk_18_phase_4_ensemble.py] [info] [section 5] [RNN] [final] train_precision=0.0663 train_true_positives=1971 train_true_negatives=88995 train_false_positives=27761 train_false_negatives=583 train_max_prediction=0.9521 train_mean_prediction=0.2652 train_recall=0.7717 train_f1=0.1221 train_auc=0.8370 train_specificity=0.7622 train_false_positive_rate=0.2378 train_f2=0.2467 train_mcc=0.1787 train_prauc=0.0848 train_balanced_accuracy=0.7670 train_standard_deviation_prediction=0.2810 train_percentage_above_threshold=24.92 train_brier=0.1436 train_kappa=0.0861 train_informedness=0.5340 train_markedness=-0.1715 train_gini=0.6741 train_optimal_threshold=0.3634
[LN559    ] [chunk_18_phase_4_ensemble.py] [info] [section 5] [RNN] [final] VALIDATION_PRECISION=0.0615 VALIDATION_TRUE_POSITIVES=1030 VALIDATION_TRUE_NEGATIVES=36344 validation_false_positives=15713 validation_false_negatives=167 validation_max_prediction=0.9507 validation_mean_prediction=0.2948 validation_recall=0.8605 validation_f1=0.1148 validation_auc=0.8421 validation_specificity=0.6982 validation_false_positive_rate=0.3018 validation_f2=0.2392 validation_mcc=0.1784 validation_prauc=0.0886 validation_balanced_accuracy=0.7793 validation_brier=0.2022 validation_kappa=0.0761 validation_informedness=0.5586 validation_markedness=-0.2403 validation_gini=0.6842 validation_optimal_threshold=0.5626 validation_standard_deviation_prediction=0.3558 validation_percentage_above_threshold=31.44
[LN560    ] [chunk_18_phase_4_ensemble.py] [info] [section 5] [RNN] [final] prediction_binary_split=0.50 hyperparams=(loss=binary_crossentropy lr=0.001 dropout=0.1 alpha=0.5 gamma=2.0 latent_dim=64) (using HPO model directly)
[LN561    ] [chunk_18_phase_4_ensemble.py] [info]    RNN loss=binary_crossentropy pred_threshold=0.5 epochs=20
[LN562    ] [chunk_18_phase_4_ensemble.py] [info]    [RNN] hyperparameter_optimization: units=64, dropout=0.1, learning_rate=0.001, alpha=0.5, gamma=2.0, layers=2
[LN563    ] [chunk_18_phase_4_ensemble.py] [info]    RNN training time: 1808.6s
[LN564    ] [chunk_18_phase_4_ensemble.py] [info] [pass] RNN trained successfully
[LN565    ] [chunk_18_phase_4_ensemble.py] [info] [section 1] [LSTM] [baseline] LABEL_THRESHOLD=20.0,
[LN566    ] [chunk_18_phase_4_ensemble.py] [info] [section 1] [LSTM] [baseline] predictions: mean=0.0382, std=0.0099, min=0.0211, max=0.0782
[LN567    ] [chunk_18_phase_4_ensemble.py] [info] [section 1] [LSTM] [baseline]  cumulative binary_split_predictions (1%) ≤ 0.0230, (5%) ≤ 0.0246, (10%) ≤ 0.0259, (25%) ≤ 0.0308, (50%) ≤ 0.0367, (75%) ≤ 0.0441, (90%) ≤ 0.0531, (95%) ≤ 0.0576, (99%) ≤ 0.0635, max=0.0782 binary_split_predictions distribution: 0% ≤ 0.01, 0% ≤ 0.02, 86% ≤ 0.05, 100% ≤ 0.1, 100% ≤ 0.2, 100% ≤ 0.5, 0% ≥ 0.50
[LN568    ] [chunk_18_phase_4_ensemble.py] [info] [section 1] [LSTM] [baseline] prediction_binary_split=0.50, VALIDATION predictions at LABEL_THRESHOLD=20.0: 0.00%
[LN569    ] [chunk_18_phase_4_ensemble.py] [warning] [section 1] [LSTM] [baseline] [warning] No predictions >= 0.5!
[LN570    ] [chunk_18_phase_4_ensemble.py] [info] [section 1] [LSTM] [baseline] LABEL_THRESHOLD=20.0,
[LN571    ] [chunk_18_phase_4_ensemble.py] [info] [section 1] [LSTM] [baseline] VALIDATION_PRECISION=0.0000 VALIDATION_TRUE_POSITIVES=0 VALIDATION_TRUE_NEGATIVES=52918 validation_false_positives=0 validation_false_negatives=336 validation_max_prediction=0.0782 validation_mean_prediction=0.0382 validation_recall=0.0000 validation_f1=0.0000 validation_auc=0.6646 validation_specificity=1.0000 validation_false_positive_rate=0.0000 validation_f2=0.0000 validation_mcc=0.0000 validation_prauc=0.0126 validation_balanced_accuracy=0.5000 validation_brier=0.0073 validation_kappa=0.0000 validation_informedness=0.0000 validation_markedness=1.0000 validation_gini=0.3292 validation_optimal_threshold=0.0369 validation_standard_deviation_prediction=0.0099 validation_percentage_above_threshold=0.00
[LN572    ] [chunk_18_phase_4_ensemble.py] [info] [section 1] [LSTM] [baseline] prediction_binary_split=0.50 loss=binary_crossentropy, lr=0.001
[LN573    ] [chunk_12_evaluation_evaluator.py] [info] [LSTM] label_threshold=20.0 train_below_prediction_binary_split=118,621 train_above_prediction_binary_split=689 train_positive_found=true val_below_prediction_binary_split=52,918 val_above_prediction_binary_split=336 val_positive_found=true
[LN574    ] [chunk_12_evaluation_evaluator.py] [info] [reject] threshold=20.0 action=skipped reason=insufficient_positive_predictions positive_predictions=0 minimum_positive_required=5
[LN575    ] [chunk_12_evaluation_evaluator.py] [info] [LSTM] label_threshold=10.0 train_below_prediction_binary_split=116,756 train_above_prediction_binary_split=2,554 train_positive_found=true val_below_prediction_binary_split=52,057 val_above_prediction_binary_split=1,197 val_positive_found=true
[LN576    ] [chunk_12_evaluation_evaluator.py] [info] [reject] threshold=10.0 action=skipped reason=insufficient_positive_predictions positive_predictions=0 minimum_positive_required=5
[LN577    ] [chunk_12_evaluation_evaluator.py] [info] [LSTM] label_threshold=0.0 train_below_prediction_binary_split=59,589 train_above_prediction_binary_split=59,721 train_positive_found=true val_below_prediction_binary_split=24,480 val_above_prediction_binary_split=28,774 val_positive_found=true
[LN578    ] [chunk_12_evaluation_evaluator.py] [info] [LSTM] [diagnostic] LABEL_THRESHOLD=0.0 train_precision=0.5303 train_true_positives=25342 train_true_negatives=37147 train_false_positives=22442 train_false_negatives=34379 train_max_prediction=0.6203 train_mean_prediction=0.4991 train_recall=0.4243 train_f1=0.4715 train_auc=0.5349 train_specificity=0.6234 train_false_positive_rate=0.3766 train_f2=0.4420 train_mcc=0.0487 train_prauc=0.5306 train_balanced_accuracy=0.5239 train_brier=0.2490 train_kappa=0.0477 train_informedness=0.0477 train_markedness=0.1537 train_gini=0.0697 train_optimal_threshold=0.4882 train_standard_deviation_prediction=0.0343 train_percentage_above_threshold=40.05
[LN579    ] [chunk_12_evaluation_evaluator.py] [info] [LSTM] [diagnostic] LABEL_THRESHOLD=0.0 VALIDATION_PRECISION=0.5283 VALIDATION_TRUE_POSITIVES=8297 VALIDATION_TRUE_NEGATIVES=17072 validation_false_positives=7408 validation_false_negatives=20477 validation_max_prediction=0.6228 validation_mean_prediction=0.4893 validation_recall=0.2884 validation_f1=0.3731 validation_auc=0.4875 validation_specificity=0.6974 validation_false_positive_rate=0.3026 validation_f2=0.3172 validation_mcc=-0.0156 validation_prauc=0.5344 validation_balanced_accuracy=0.4929 validation_brier=0.2525 validation_kappa=-0.0137 validation_informedness=-0.0143 validation_markedness=0.2257 validation_gini=0.0000 validation_optimal_threshold=0.5548 validation_standard_deviation_prediction=0.0328 validation_percentage_above_threshold=29.49
[LN580    ] [chunk_18_phase_4_ensemble.py] [info] [section 1] [LSTM] [label_threshold_optimal]  cumulative binary_split_predictions (1%) ≤ 0.4312, (5%) ≤ 0.4479, (10%) ≤ 0.4557, (25%) ≤ 0.4680, (50%) ≤ 0.4819, (75%) ≤ 0.5060, (90%) ≤ 0.5345, (95%) ≤ 0.5598, (99%) ≤ 0.5890, max=0.6228 binary_split_predictions distribution: 0% ≤ 0.01, 0% ≤ 0.02, 0% ≤ 0.05, 0% ≤ 0.1, 0% ≤ 0.2, 71% ≤ 0.5, 29% ≥ 0.50
[LN581    ] [chunk_18_phase_4_ensemble.py] [info] [section 1] [LSTM] [label_threshold_optimal] LABEL_THRESHOLD=0.0
[LN582    ] [chunk_18_phase_4_ensemble.py] [info] [section 1] [LSTM] [label_threshold_optimal] train_precision=0.5303 train_true_positives=25342 train_true_negatives=37147 train_false_positives=22442 train_false_negatives=34379 train_max_prediction=0.6203 train_mean_prediction=0.4991 train_recall=0.4243 train_f1=0.4715 train_auc=0.5349 train_specificity=0.6234 train_false_positive_rate=0.3766 train_f2=0.4420 train_mcc=0.0487 train_prauc=0.5306 train_balanced_accuracy=0.5239 train_brier=0.2490 train_kappa=0.0477 train_informedness=0.0477 train_markedness=0.1537 train_gini=0.0697 train_optimal_threshold=0.4882 train_standard_deviation_prediction=0.0343 train_percentage_above_threshold=40.05
[LN583    ] [chunk_18_phase_4_ensemble.py] [info] [section 1] [LSTM] [label_threshold_optimal] VALIDATION_PRECISION=0.5283 VALIDATION_TRUE_POSITIVES=8297 VALIDATION_TRUE_NEGATIVES=17072 validation_false_positives=7408 validation_false_negatives=20477 validation_max_prediction=0.6228 validation_mean_prediction=0.4893 validation_recall=0.2884 validation_f1=0.3731 validation_auc=0.4875 validation_specificity=0.6974 validation_false_positive_rate=0.3026 validation_f2=0.3172 validation_mcc=-0.0156 validation_prauc=0.5344 validation_balanced_accuracy=0.4929 validation_brier=0.2525 validation_kappa=-0.0137 validation_informedness=-0.0143 validation_markedness=0.2257 validation_gini=0.0000 validation_optimal_threshold=0.5548 validation_standard_deviation_prediction=0.0328 validation_percentage_above_threshold=29.49
[LN584    ] [chunk_18_phase_4_ensemble.py] [info] [section 1] [LSTM] [label_threshold_optimal] prediction_binary_split=0.50
[LN585    ] [chunk_21_hyperparam_optimizer.py] [info] [section 2] [LSTM] [hyperparameter_optimization search] Running Bayesian optimization (5 trials)...
[LN586    ] [chunk_21_hyperparam_optimizer.py] [info] [section 2] [LSTM] [hyperparameter_optimization search baseline] LABEL_THRESHOLD=0.0
[LN587    ] [chunk_21_hyperparam_optimizer.py] [info] [section 2] [LSTM] [hyperparameter_optimization search baseline] VALIDATION_PRECISION=0.5365 VALIDATION_TRUE_POSITIVES=22245 VALIDATION_TRUE_NEGATIVES=5258 validation_false_positives=19222 validation_false_negatives=6529 validation_max_prediction=0.6000 validation_mean_prediction=0.5096 validation_recall=0.7731 validation_f1=0.6334 validation_auc=0.4961 validation_specificity=0.2148 validation_false_positive_rate=0.7852 validation_f2=0.7104 validation_mcc=-0.0145 validation_prauc=0.5423 validation_balanced_accuracy=0.4939 validation_brier=0.2496 validation_kappa=-0.0126 validation_informedness=-0.0121 validation_markedness=-0.2488 validation_gini=0.0000 validation_optimal_threshold=0.5225 validation_standard_deviation_prediction=0.0163 validation_percentage_above_threshold=77.87
[LN588    ] [chunk_21_hyperparam_optimizer.py] [info] [section 2] [LSTM] [hyperparameter_optimization search baseline] TRIAL 1/5: lstm_units=32, dropout=0.1, learning_rate=0.0005, epochs=50, loss_function=binary_crossentropy, alpha=0.5, gamma=2.5, layers=2, bidirectional=False
[LN589    ] [chunk_21_hyperparam_optimizer.py] [info] [section 2] [LSTM] [hyperparameter_optimization search baseline] LABEL_THRESHOLD=0.0
[LN590    ] [chunk_21_hyperparam_optimizer.py] [info] [section 2] [LSTM] [hyperparameter_optimization search baseline] VALIDATION_PRECISION=0.5437 VALIDATION_TRUE_POSITIVES=17198 VALIDATION_TRUE_NEGATIVES=10049 validation_false_positives=14431 validation_false_negatives=11576 validation_max_prediction=0.5125 validation_mean_prediction=0.5010 validation_recall=0.5977 validation_f1=0.5694 validation_auc=0.4975 validation_specificity=0.4105 validation_false_positive_rate=0.5895 validation_f2=0.5861 validation_mcc=0.0083 validation_prauc=0.5269 validation_balanced_accuracy=0.5041 validation_brier=0.2500 validation_kappa=0.0083 validation_informedness=0.0082 validation_markedness=-0.0458 validation_gini=0.0000 validation_optimal_threshold=0.4972 validation_standard_deviation_prediction=0.0042 validation_percentage_above_threshold=59.39
[LN591    ] [chunk_21_hyperparam_optimizer.py] [info] [section 2] [LSTM] [hyperparameter_optimization search baseline] TRIAL 2/5: lstm_units=32, dropout=0.2, learning_rate=0.002, epochs=20, loss_function=binary_crossentropy, alpha=1.0, gamma=3.0, layers=2, bidirectional=False
[LN592    ] [chunk_21_hyperparam_optimizer.py] [info] [section 2] [LSTM] [hyperparameter_optimization search baseline] LABEL_THRESHOLD=0.0
[LN593    ] [chunk_21_hyperparam_optimizer.py] [info] [section 2] [LSTM] [hyperparameter_optimization search baseline] VALIDATION_PRECISION=0.5440 VALIDATION_TRUE_POSITIVES=24810 VALIDATION_TRUE_NEGATIVES=3681 validation_false_positives=20799 validation_false_negatives=3964 validation_max_prediction=0.5572 validation_mean_prediction=0.5178 validation_recall=0.8622 validation_f1=0.6671 validation_auc=0.5161 validation_specificity=0.1504 validation_false_positive_rate=0.8496 validation_f2=0.7719 validation_mcc=0.0179 validation_prauc=0.5541 validation_balanced_accuracy=0.5063 validation_brier=0.2487 validation_kappa=0.0133 validation_informedness=0.0126 validation_markedness=-0.3057 validation_gini=0.0322 validation_optimal_threshold=0.5194 validation_standard_deviation_prediction=0.0139 validation_percentage_above_threshold=85.64
[LN594    ] [chunk_21_hyperparam_optimizer.py] [info] [section 2] [LSTM] [hyperparameter_optimization search baseline] TRIAL 3/5: lstm_units=256, dropout=0.2, learning_rate=0.002, epochs=50, loss_function=focal_loss, alpha=0.25, gamma=2.0, layers=1, bidirectional=False
[LN595    ] [chunk_21_hyperparam_optimizer.py] [info] [section 2] [LSTM] [hyperparameter_optimization search baseline] LABEL_THRESHOLD=0.0
[LN596    ] [chunk_21_hyperparam_optimizer.py] [info] [section 2] [LSTM] [hyperparameter_optimization search baseline] VALIDATION_PRECISION=0.5403 VALIDATION_TRUE_POSITIVES=28774 VALIDATION_TRUE_NEGATIVES=0 validation_false_positives=24480 validation_false_negatives=0 validation_max_prediction=0.5019 validation_mean_prediction=0.5019 validation_recall=1.0000 validation_f1=0.7016 validation_auc=0.5002 validation_specificity=0.0000 validation_false_positive_rate=1.0000 validation_f2=0.8546 validation_mcc=0.0000 validation_prauc=0.5404 validation_balanced_accuracy=0.5000 validation_brier=0.2499 validation_kappa=0.0000 validation_informedness=0.0000 validation_markedness=-0.4597 validation_gini=0.0003 validation_optimal_threshold=0.5019 validation_standard_deviation_prediction=0.0000 validation_percentage_above_threshold=100.00
[LN597    ] [chunk_21_hyperparam_optimizer.py] [info] [section 2] [LSTM] [hyperparameter_optimization search baseline] TRIAL 4/5: lstm_units=64, dropout=0.05, learning_rate=0.005, epochs=30, loss_function=focal_loss, alpha=0.5, gamma=3.0, layers=1, bidirectional=True
[LN598    ] [chunk_21_hyperparam_optimizer.py] [info] [section 2] [LSTM] [hyperparameter_optimization search baseline] LABEL_THRESHOLD=0.0
[LN599    ] [chunk_21_hyperparam_optimizer.py] [info] [section 2] [LSTM] [hyperparameter_optimization search baseline] VALIDATION_PRECISION=0.5385 VALIDATION_TRUE_POSITIVES=27424 VALIDATION_TRUE_NEGATIVES=981 validation_false_positives=23499 validation_false_negatives=1350 validation_max_prediction=0.5670 validation_mean_prediction=0.5289 validation_recall=0.9531 validation_f1=0.6882 validation_auc=0.4716 validation_specificity=0.0401 validation_false_positive_rate=0.9599 validation_f2=0.8259 validation_mcc=-0.0167 validation_prauc=0.5181 validation_balanced_accuracy=0.4966 validation_brier=0.2496 validation_kappa=-0.0073 validation_informedness=-0.0068 validation_markedness=-0.4214 validation_gini=0.0000 validation_optimal_threshold=0.5627 validation_standard_deviation_prediction=0.0165 validation_percentage_above_threshold=95.62
[LN600    ] [chunk_21_hyperparam_optimizer.py] [info] [section 2] [LSTM] [hyperparameter_optimization search baseline] TRIAL 5/5: lstm_units=32, dropout=0.1, learning_rate=0.002, epochs=30, loss_function=binary_crossentropy, alpha=1.0, gamma=2.0, layers=2, bidirectional=True
[LN601    ] [chunk_21_hyperparam_optimizer.py] [info] [section 2] [LSTM] [best trial] LABEL_THRESHOLD=0.0
[LN602    ] [chunk_21_hyperparam_optimizer.py] [info] [section 2] [LSTM] [best trial] VALIDATION_PRECISION=0.5365 VALIDATION_TRUE_POSITIVES=22245 VALIDATION_TRUE_NEGATIVES=5258 validation_false_positives=19222 validation_false_negatives=6529 validation_max_prediction=0.6000 validation_mean_prediction=0.5096 validation_recall=0.7731 validation_f1=0.6334 validation_auc=0.4961 validation_specificity=0.2148 validation_false_positive_rate=0.7852 validation_f2=0.7104 validation_mcc=-0.0145 validation_prauc=0.5423 validation_balanced_accuracy=0.4939 validation_brier=0.2496 validation_kappa=-0.0126 validation_informedness=-0.0121 validation_markedness=-0.2488 validation_gini=0.0000 validation_optimal_threshold=0.5225 validation_standard_deviation_prediction=0.0163 validation_percentage_above_threshold=77.87
[LN603    ] [chunk_21_hyperparam_optimizer.py] [info] [section 2] [LSTM] [best trial] lstm_units=32, dropout=0.1, learning_rate=0.0005, epochs=50, loss_function=binary_crossentropy, alpha=0.5, gamma=2.5, layers=2, bidirectional=False
[LN604    ] [chunk_18_phase_4_ensemble.py] [info]    [diagnostic-hyperparameter_optimization]  cumulative binary_split_predictions (1%) ≤ 0.4566, (5%) ≤ 0.4802, (10%) ≤ 0.4895, (25%) ≤ 0.5018, (50%) ≤ 0.5126, (75%) ≤ 0.5194, (90%) ≤ 0.5252, (95%) ≤ 0.5305, (99%) ≤ 0.5458, max=0.6000 binary_split_predictions distribution: 0% ≤ 0.01, 0% ≤ 0.02, 0% ≤ 0.05, 0% ≤ 0.1, 0% ≤ 0.2, 22% ≤ 0.5, 78% ≥ 0.50
[LN605    ] [chunk_18_phase_4_ensemble.py] [info]    hyperparameter_optimization improved: 0.5365 > 0.5283
[LN606    ] [chunk_18_phase_4_ensemble.py] [info] [section 3] [LSTM] [HYPERPARAMETER_OPTIMIZATION] LABEL_THRESHOLD=0.0,
[LN607    ] [chunk_18_phase_4_ensemble.py] [info] [section 3] [LSTM] [HYPERPARAMETER_OPTIMIZATION] VALIDATION_PRECISION=0.5365 VALIDATION_TRUE_POSITIVES=22245 VALIDATION_TRUE_NEGATIVES=5258 validation_false_positives=19222 validation_false_negatives=6529 validation_max_prediction=0.6000 validation_mean_prediction=0.5096 validation_recall=0.7731 validation_f1=0.6334 validation_auc=0.4961 validation_specificity=0.2148 validation_false_positive_rate=0.7852 validation_f2=0.7104 validation_mcc=-0.0145 validation_prauc=0.5423 validation_balanced_accuracy=0.4939 validation_brier=0.2496 validation_kappa=-0.0126 validation_informedness=-0.0121 validation_markedness=-0.2488 validation_gini=0.0000 validation_optimal_threshold=0.5225 validation_standard_deviation_prediction=0.0163 validation_percentage_above_threshold=77.87
[LN608    ] [chunk_18_phase_4_ensemble.py] [info] [section 3] [LSTM] [HYPERPARAMETER_OPTIMIZATION] prediction_binary_split=0.50 hyperparams=(loss=binary_crossentropy lr=0.0005 dropout=0.1 alpha=0.5 gamma=2.5 latent_dim=0) improved=True {'lstm_units': 32, 'dropout': 0.1, 'learning_rate': 0.0005, 'epochs': 50, 'loss_function': 'binary_crossentropy', 'alpha': 0.5, 'gamma': 2.5, 'layers': 2, 'bidirectional': False}
[LN609    ] [chunk_18_phase_4_ensemble.py] [info]    Running post hyperparameter_optimization threshold search for LSTM...
[LN610    ] [chunk_12_evaluation_evaluator.py] [info] [LSTM] label_threshold=20.0 train_below_prediction_binary_split=118,621 train_above_prediction_binary_split=689 train_positive_found=true val_below_prediction_binary_split=52,918 val_above_prediction_binary_split=336 val_positive_found=true
[LN611    ] [chunk_12_evaluation_evaluator.py] [info] [LSTM] [reject] skipping LABEL_THRESHOLD=20.0: validation_precision=0.0224 <= baseline+0.0200=0.0263
[LN612    ] [chunk_12_evaluation_evaluator.py] [info] [LSTM] label_threshold=10.0 train_below_prediction_binary_split=116,756 train_above_prediction_binary_split=2,554 train_positive_found=true val_below_prediction_binary_split=52,057 val_above_prediction_binary_split=1,197 val_positive_found=true
[LN613    ] [chunk_12_evaluation_evaluator.py] [info] [LSTM] [reject] skipping LABEL_THRESHOLD=10.0: validation_precision=0.0319 <= baseline+0.0200=0.0425
[LN614    ] [chunk_12_evaluation_evaluator.py] [info] [LSTM] label_threshold=0.0 train_below_prediction_binary_split=59,589 train_above_prediction_binary_split=59,721 train_positive_found=true val_below_prediction_binary_split=24,480 val_above_prediction_binary_split=28,774 val_positive_found=true
[LN615    ] [chunk_12_evaluation_evaluator.py] [info] [LSTM] [reject] skipping LABEL_THRESHOLD=0.0: pos_pred_ratio=77.87% outside [0%, 65%]
[LN616    ] [chunk_18_phase_4_ensemble.py] [info]    hyperparameter_optimization model threshold search: LABEL_THRESHOLD=0.0, VALIDATION_PRECISION=0.5365
[LN617    ] [chunk_18_phase_4_ensemble.py] [info]    post hyperparameter_optimization threshold search: LABEL_THRESHOLD=20.0, VALIDATION_PRECISION=0.0000
[LN618    ] [chunk_18_phase_4_ensemble.py] [info]    post hyperparameter_optimization no improvement: keeping LABEL_THRESHOLD=0.0
[LN619    ] [chunk_18_phase_4_ensemble.py] [info] [section 4] [LSTM] [post hyperparameter_optimization] [diagnostic]  cumulative binary_split_predictions (1%) ≤ 0.4566, (5%) ≤ 0.4802, (10%) ≤ 0.4895, (25%) ≤ 0.5018, (50%) ≤ 0.5126, (75%) ≤ 0.5194, (90%) ≤ 0.5252, (95%) ≤ 0.5305, (99%) ≤ 0.5458, max=0.6000 binary_split_predictions distribution: 0% ≤ 0.01, 0% ≤ 0.02, 0% ≤ 0.05, 0% ≤ 0.1, 0% ≤ 0.2, 22% ≤ 0.5, 78% ≥ 0.50
[LN620    ] [chunk_18_phase_4_ensemble.py] [info] [section 4] [LSTM] [post hyperparameter_optimization] LABEL_THRESHOLD=0.0,
[LN621    ] [chunk_18_phase_4_ensemble.py] [info] [section 4] [LSTM] [post hyperparameter_optimization] VALIDATION_PRECISION=0.5365 VALIDATION_TRUE_POSITIVES=22245 VALIDATION_TRUE_NEGATIVES=5258 validation_false_positives=19222 validation_false_negatives=6529 validation_max_prediction=0.6000 validation_mean_prediction=0.5096 validation_recall=0.7731 validation_f1=0.6334 validation_auc=0.4961 validation_specificity=0.2148 validation_false_positive_rate=0.7852 validation_f2=0.7104 validation_mcc=-0.0145 validation_prauc=0.5423 validation_balanced_accuracy=0.4939 validation_brier=0.2496 validation_kappa=-0.0126 validation_informedness=-0.0121 validation_markedness=-0.2488 validation_gini=0.0000 validation_optimal_threshold=0.5225 validation_standard_deviation_prediction=0.0163 validation_percentage_above_threshold=77.87
[LN622    ] [chunk_18_phase_4_ensemble.py] [info] [section 4] [LSTM] [post hyperparameter_optimization] prediction_binary_split=0.50 hyperparams=(loss=binary_crossentropy lr=0.0005 dropout=0.1 alpha=0.5 gamma=2.5 latent_dim=64) source=section3
[LN623    ] [chunk_18_phase_4_ensemble.py] [info]    Using Hyperparameter_Optimized model directly (no change to Label_Threshold)
[LN624    ] [chunk_18_phase_4_ensemble.py] [info]    Train predictions: mean=0.5110, std=0.0486, min=0.3807, max=0.6936
[LN625    ] [chunk_18_phase_4_ensemble.py] [info]    validation predictions:   mean=0.5096, std=0.0163, min=0.3962, max=0.6000
[LN626    ] [chunk_18_phase_4_ensemble.py] [info] [section 5] [LSTM] [final] [diagnostic] Train  cumulative binary_split_predictions (1%) ≤ 0.4066, (5%) ≤ 0.4329, (10%) ≤ 0.4510, (25%) ≤ 0.4849, (50%) ≤ 0.5105, (75%) ≤ 0.5257, (90%) ≤ 0.5768, (95%) ≤ 0.6108, (99%) ≤ 0.6526, max=0.6936 binary_split_predictions distribution: 0% ≤ 0.01, 0% ≤ 0.02, 0% ≤ 0.05, 0% ≤ 0.1, 0% ≤ 0.2, 37% ≤ 0.5, 63% ≥ 0.50
[LN627    ] [chunk_18_phase_4_ensemble.py] [info] [section 5] [LSTM] [final] [diagnostic] validation    cumulative binary_split_predictions (1%) ≤ 0.4566, (5%) ≤ 0.4802, (10%) ≤ 0.4895, (25%) ≤ 0.5018, (50%) ≤ 0.5126, (75%) ≤ 0.5194, (90%) ≤ 0.5252, (95%) ≤ 0.5305, (99%) ≤ 0.5458, max=0.6000 binary_split_predictions distribution: 0% ≤ 0.01, 0% ≤ 0.02, 0% ≤ 0.05, 0% ≤ 0.1, 0% ≤ 0.2, 22% ≤ 0.5, 78% ≥ 0.50
[LN628    ] [chunk_18_phase_4_ensemble.py] [info]    Train predictions: 62.69% positive predictions (74,800 / 119,310)
[LN629    ] [chunk_18_phase_4_ensemble.py] [info]    validation predictions:   77.87% positive predictions (41,467 / 53,254)
[LN630    ] [chunk_18_phase_4_ensemble.py] [info]    [info] Section 4 all rejected - using Section 3 results for Section 5
[LN631    ] [chunk_18_phase_4_ensemble.py] [info]    [diagnostic] prediction_buckets: 0-10:0, 10-20:0, 20-30:3, 30-40:11784, 40-50:41466, 50-60:1, 60-70:0, 70-80:0, 80-90:0, 90-100:0
[LN632    ] [chunk_18_phase_4_ensemble.py] [info] [section 5] [LSTM] [final] LABEL_THRESHOLD=0.0,
[LN633    ] [chunk_18_phase_4_ensemble.py] [info] [section 5] [LSTM] [final] train_precision=0.5270 train_true_positives=39418 train_true_negatives=24207 train_false_positives=35382 train_false_negatives=20303 train_max_prediction=0.6936 train_mean_prediction=0.5110 train_recall=0.6600 train_f1=0.5860 train_auc=0.5512 train_specificity=0.4062 train_false_positive_rate=0.5938 train_f2=0.6283 train_mcc=0.0685 train_prauc=0.5463 train_balanced_accuracy=0.5331 train_standard_deviation_prediction=0.0486 train_percentage_above_threshold=62.69 train_brier=0.2480 train_kappa=0.0663 train_informedness=0.0663 train_markedness=-0.0668 train_gini=0.1024 train_optimal_threshold=0.5151
[LN634    ] [chunk_18_phase_4_ensemble.py] [info] [section 5] [LSTM] [final] VALIDATION_PRECISION=0.5365 VALIDATION_TRUE_POSITIVES=22245 VALIDATION_TRUE_NEGATIVES=5258 validation_false_positives=19222 validation_false_negatives=6529 validation_max_prediction=0.6000 validation_mean_prediction=0.5096 validation_recall=0.7731 validation_f1=0.6334 validation_auc=0.4961 validation_specificity=0.2148 validation_false_positive_rate=0.7852 validation_f2=0.7104 validation_mcc=-0.0145 validation_prauc=0.5423 validation_balanced_accuracy=0.4939 validation_brier=0.2496 validation_kappa=-0.0126 validation_informedness=-0.0121 validation_markedness=-0.2488 validation_gini=0.0000 validation_optimal_threshold=0.5225 validation_standard_deviation_prediction=0.0163 validation_percentage_above_threshold=77.87
[LN635    ] [chunk_18_phase_4_ensemble.py] [info] [section 5] [LSTM] [final] prediction_binary_split=0.50 hyperparams=(loss=binary_crossentropy lr=0.0005 dropout=0.1 alpha=0.5 gamma=2.5 latent_dim=64) (using HPO model directly)
[LN636    ] [chunk_18_phase_4_ensemble.py] [info]    LSTM loss=binary_crossentropy pred_threshold=0.5 epochs=50
[LN637    ] [chunk_18_phase_4_ensemble.py] [info]    [LSTM] hyperparameter_optimization: lstm_units=32, dropout=0.1, learning_rate=0.0005, alpha=0.5, gamma=2.5, layers=2
[LN638    ] [chunk_18_phase_4_ensemble.py] [info]    LSTM training time: 1129.6s
[LN639    ] [chunk_18_phase_4_ensemble.py] [info] [pass] LSTM trained successfully
[LN640    ] [chunk_18_phase_4_ensemble.py] [info] [section 1] [VAE] [baseline] LABEL_THRESHOLD=20.0,
[LN641    ] [chunk_18_phase_4_ensemble.py] [info] [section 1] [VAE] [baseline] predictions: mean=0.0040, std=0.0595, min=0.0000, max=1.0000
[LN642    ] [chunk_18_phase_4_ensemble.py] [info] [section 1] [VAE] [baseline]  cumulative binary_split_predictions (1%) ≤ 0.0000, (5%) ≤ 0.0000, (10%) ≤ 0.0000, (25%) ≤ 0.0000, (50%) ≤ 0.0000, (75%) ≤ 0.0000, (90%) ≤ 0.0000, (95%) ≤ 0.0000, (99%) ≤ 0.0000, max=1.0000 binary_split_predictions distribution: 99% ≤ 0.01, 99% ≤ 0.02, 99% ≤ 0.05, 100% ≤ 0.1, 100% ≤ 0.2, 100% ≤ 0.5, 0% ≥ 0.50
[LN643    ] [chunk_18_phase_4_ensemble.py] [info] [section 1] [VAE] [baseline] prediction_binary_split=0.50, VALIDATION predictions at LABEL_THRESHOLD=20.0: 0.38%
[LN644    ] [chunk_18_phase_4_ensemble.py] [info] [section 1] [VAE] [baseline] LABEL_THRESHOLD=20.0,
[LN645    ] [chunk_18_phase_4_ensemble.py] [info] [section 1] [VAE] [baseline] VALIDATION_PRECISION=0.0049 VALIDATION_TRUE_POSITIVES=1 VALIDATION_TRUE_NEGATIVES=52714 validation_false_positives=204 validation_false_negatives=335 validation_max_prediction=1.0000 validation_mean_prediction=0.0040 validation_recall=0.0030 validation_f1=0.0037 validation_auc=0.4747 validation_specificity=0.9961 validation_false_positive_rate=0.0039 validation_f2=0.0032 validation_mcc=-0.0011 validation_prauc=0.0062 validation_balanced_accuracy=0.4996 validation_brier=0.0098 validation_kappa=-0.0011 validation_informedness=-0.0009 validation_markedness=0.0010 validation_gini=0.0000 validation_optimal_threshold=0.0000 validation_standard_deviation_prediction=0.0595 validation_percentage_above_threshold=0.38
[LN646    ] [chunk_18_phase_4_ensemble.py] [info] [section 1] [VAE] [baseline] prediction_binary_split=0.50 loss=binary_crossentropy, lr=0.001, dropout=0.1
[LN647    ] [chunk_12_evaluation_evaluator.py] [info] [VAE] label_threshold=20.0 train_below_prediction_binary_split=118,621 train_above_prediction_binary_split=689 train_positive_found=true val_below_prediction_binary_split=52,918 val_above_prediction_binary_split=336 val_positive_found=true
[LN648    ] [chunk_12_evaluation_evaluator.py] [info] [reject] threshold=20.0 action=skipped reason=insufficient_positive_predictions positive_predictions=0 minimum_positive_required=5
[LN649    ] [chunk_12_evaluation_evaluator.py] [info] [VAE] label_threshold=10.0 train_below_prediction_binary_split=116,756 train_above_prediction_binary_split=2,554 train_positive_found=true val_below_prediction_binary_split=52,057 val_above_prediction_binary_split=1,197 val_positive_found=true
[LN650    ] [chunk_12_evaluation_evaluator.py] [info] [reject] threshold=10.0 action=skipped reason=insufficient_positive_predictions positive_predictions=0 minimum_positive_required=5
[LN651    ] [chunk_12_evaluation_evaluator.py] [info] [VAE] label_threshold=0.0 train_below_prediction_binary_split=59,589 train_above_prediction_binary_split=59,721 train_positive_found=true val_below_prediction_binary_split=24,480 val_above_prediction_binary_split=28,774 val_positive_found=true
[LN652    ] [chunk_12_evaluation_evaluator.py] [info] [VAE] [diagnostic] LABEL_THRESHOLD=0.0 train_precision=0.5019 train_true_positives=29065 train_true_negatives=30742 train_false_positives=28847 train_false_negatives=30656 train_max_prediction=0.5989 train_mean_prediction=0.4995 train_recall=0.4867 train_f1=0.4942 train_auc=0.5015 train_specificity=0.5159 train_false_positive_rate=0.4841 train_f2=0.4896 train_mcc=0.0026 train_prauc=0.5008 train_balanced_accuracy=0.5013 train_brier=0.2503 train_kappa=0.0026 train_informedness=0.0026 train_markedness=0.0178 train_gini=0.0031 train_optimal_threshold=0.4963 train_standard_deviation_prediction=0.0184 train_percentage_above_threshold=48.54
[LN653    ] [chunk_12_evaluation_evaluator.py] [info] [VAE] [diagnostic] LABEL_THRESHOLD=0.0 VALIDATION_PRECISION=0.5405 VALIDATION_TRUE_POSITIVES=13988 VALIDATION_TRUE_NEGATIVES=12587 validation_false_positives=11893 validation_false_negatives=14786 validation_max_prediction=0.5889 validation_mean_prediction=0.4996 validation_recall=0.4861 validation_f1=0.5119 validation_auc=0.5003 validation_specificity=0.5142 validation_false_positive_rate=0.4858 validation_f2=0.4961 validation_mcc=0.0003 validation_prauc=0.5410 validation_balanced_accuracy=0.5002 validation_brier=0.2504 validation_kappa=0.0003 validation_informedness=0.0003 validation_markedness=0.0546 validation_gini=0.0007 validation_optimal_threshold=0.4808 validation_standard_deviation_prediction=0.0184 validation_percentage_above_threshold=48.60
[LN654    ] [chunk_18_phase_4_ensemble.py] [info] [section 1] [VAE] [label_threshold_optimal]  cumulative binary_split_predictions (1%) ≤ 0.4569, (5%) ≤ 0.4699, (10%) ≤ 0.4766, (25%) ≤ 0.4875, (50%) ≤ 0.4995, (75%) ≤ 0.5115, (90%) ≤ 0.5230, (95%) ≤ 0.5300, (99%) ≤ 0.5443, max=0.5963 binary_split_predictions distribution: 0% ≤ 0.01, 0% ≤ 0.02, 0% ≤ 0.05, 0% ≤ 0.1, 0% ≤ 0.2, 51% ≤ 0.5, 49% ≥ 0.50
[LN655    ] [chunk_18_phase_4_ensemble.py] [info] [section 1] [VAE] [label_threshold_optimal] LABEL_THRESHOLD=0.0
[LN656    ] [chunk_18_phase_4_ensemble.py] [info] [section 1] [VAE] [label_threshold_optimal] train_precision=0.5019 train_true_positives=29065 train_true_negatives=30742 train_false_positives=28847 train_false_negatives=30656 train_max_prediction=0.5989 train_mean_prediction=0.4995 train_recall=0.4867 train_f1=0.4942 train_auc=0.5015 train_specificity=0.5159 train_false_positive_rate=0.4841 train_f2=0.4896 train_mcc=0.0026 train_prauc=0.5008 train_balanced_accuracy=0.5013 train_brier=0.2503 train_kappa=0.0026 train_informedness=0.0026 train_markedness=0.0178 train_gini=0.0031 train_optimal_threshold=0.4963 train_standard_deviation_prediction=0.0184 train_percentage_above_threshold=48.54
[LN657    ] [chunk_18_phase_4_ensemble.py] [info] [section 1] [VAE] [label_threshold_optimal] VALIDATION_PRECISION=0.5405 VALIDATION_TRUE_POSITIVES=13988 VALIDATION_TRUE_NEGATIVES=12587 validation_false_positives=11893 validation_false_negatives=14786 validation_max_prediction=0.5889 validation_mean_prediction=0.4996 validation_recall=0.4861 validation_f1=0.5119 validation_auc=0.5003 validation_specificity=0.5142 validation_false_positive_rate=0.4858 validation_f2=0.4961 validation_mcc=0.0003 validation_prauc=0.5410 validation_balanced_accuracy=0.5002 validation_brier=0.2504 validation_kappa=0.0003 validation_informedness=0.0003 validation_markedness=0.0546 validation_gini=0.0007 validation_optimal_threshold=0.4808 validation_standard_deviation_prediction=0.0184 validation_percentage_above_threshold=48.60
[LN658    ] [chunk_18_phase_4_ensemble.py] [info] [section 1] [VAE] [label_threshold_optimal] prediction_binary_split=0.50
[LN659    ] [chunk_21_hyperparam_optimizer.py] [info] [section 2] [VAE] [hyperparameter_optimization search] Running Bayesian optimization (5 trials)...
[LN660    ] [chunk_21_hyperparam_optimizer.py] [info] [section 2] [VAE] [hyperparameter_optimization search baseline] LABEL_THRESHOLD=0.0
[LN661    ] [chunk_21_hyperparam_optimizer.py] [info] [section 2] [VAE] [hyperparameter_optimization search baseline] VALIDATION_PRECISION=0.5391 VALIDATION_TRUE_POSITIVES=22763 VALIDATION_TRUE_NEGATIVES=5021 validation_false_positives=19459 validation_false_negatives=6011 validation_max_prediction=0.5539 validation_mean_prediction=0.5011 validation_recall=0.7911 validation_f1=0.6412 validation_auc=0.4968 validation_specificity=0.2051 validation_false_positive_rate=0.7949 validation_f2=0.7235 validation_mcc=-0.0047 validation_prauc=0.5384 validation_balanced_accuracy=0.4981 validation_brier=0.2499 validation_kappa=-0.0040 validation_informedness=-0.0038 validation_markedness=-0.2558 validation_gini=0.0000 validation_optimal_threshold=0.5098 validation_standard_deviation_prediction=0.0023 validation_percentage_above_threshold=79.28
[LN662    ] [chunk_21_hyperparam_optimizer.py] [info] [section 2] [VAE] [hyperparameter_optimization search baseline] TRIAL 1/5: loss_function=focal_loss, latent_dim=256, learning_rate=0.0005, dropout=0.02, epochs=50, alpha=0.25, gamma=3.0, encoder_layers=1, decoder_layers=3
[LN663    ] [chunk_21_hyperparam_optimizer.py] [info] [section 2] [VAE] [hyperparameter_optimization search baseline] LABEL_THRESHOLD=0.0
[LN664    ] [chunk_21_hyperparam_optimizer.py] [info] [section 2] [VAE] [hyperparameter_optimization search baseline] VALIDATION_PRECISION=0.5265 VALIDATION_TRUE_POSITIVES=517 VALIDATION_TRUE_NEGATIVES=24015 validation_false_positives=465 validation_false_negatives=28257 validation_max_prediction=0.5614 validation_mean_prediction=0.4960 validation_recall=0.0180 validation_f1=0.0347 validation_auc=0.4994 validation_specificity=0.9810 validation_false_positive_rate=0.0190 validation_f2=0.0223 validation_mcc=-0.0038 validation_prauc=0.5407 validation_balanced_accuracy=0.4995 validation_brier=0.2503 validation_kappa=-0.0009 validation_informedness=-0.0010 validation_markedness=0.5075 validation_gini=0.0000 validation_optimal_threshold=0.5228 validation_standard_deviation_prediction=0.0038 validation_percentage_above_threshold=1.84
[LN665    ] [chunk_21_hyperparam_optimizer.py] [info] [section 2] [VAE] [hyperparameter_optimization search baseline] TRIAL 2/5: loss_function=focal_loss, latent_dim=256, learning_rate=0.002, dropout=0.0, epochs=50, alpha=1.0, gamma=2.5, encoder_layers=1, decoder_layers=3
[LN666    ] [chunk_21_hyperparam_optimizer.py] [info] [section 2] [VAE] [hyperparameter_optimization search baseline] LABEL_THRESHOLD=0.0
[LN667    ] [chunk_21_hyperparam_optimizer.py] [info] [section 2] [VAE] [hyperparameter_optimization search baseline] VALIDATION_PRECISION=0.5404 VALIDATION_TRUE_POSITIVES=27578 VALIDATION_TRUE_NEGATIVES=1029 validation_false_positives=23451 validation_false_negatives=1196 validation_max_prediction=0.5297 validation_mean_prediction=0.5028 validation_recall=0.9584 validation_f1=0.6912 validation_auc=0.5007 validation_specificity=0.0420 validation_false_positive_rate=0.9580 validation_f2=0.8300 validation_mcc=0.0012 validation_prauc=0.5406 validation_balanced_accuracy=0.5002 validation_brier=0.2498 validation_kappa=0.0005 validation_informedness=0.0005 validation_markedness=-0.4175 validation_gini=0.0014 validation_optimal_threshold=0.5030 validation_standard_deviation_prediction=0.0028 validation_percentage_above_threshold=95.82
[LN668    ] [chunk_21_hyperparam_optimizer.py] [info] [section 2] [VAE] [hyperparameter_optimization search baseline] TRIAL 3/5: loss_function=binary_crossentropy, latent_dim=128, learning_rate=0.002, dropout=0.05, epochs=30, alpha=0.25, gamma=2.0, encoder_layers=1, decoder_layers=2
[LN669    ] [chunk_21_hyperparam_optimizer.py] [info] [section 2] [VAE] [hyperparameter_optimization search baseline] LABEL_THRESHOLD=0.0
[LN670    ] [chunk_21_hyperparam_optimizer.py] [info] [section 2] [VAE] [hyperparameter_optimization search baseline] VALIDATION_PRECISION=0.5417 VALIDATION_TRUE_POSITIVES=15406 VALIDATION_TRUE_NEGATIVES=11444 validation_false_positives=13036 validation_false_negatives=13368 validation_max_prediction=0.5847 validation_mean_prediction=0.5006 validation_recall=0.5354 validation_f1=0.5385 validation_auc=0.4989 validation_specificity=0.4675 validation_false_positive_rate=0.5325 validation_f2=0.5367 validation_mcc=0.0029 validation_prauc=0.5390 validation_balanced_accuracy=0.5014 validation_brier=0.2501 validation_kappa=0.0029 validation_informedness=0.0029 validation_markedness=0.0091 validation_gini=0.0000 validation_optimal_threshold=0.4997 validation_standard_deviation_prediction=0.0108 validation_percentage_above_threshold=53.41
[LN671    ] [chunk_21_hyperparam_optimizer.py] [info] [section 2] [VAE] [hyperparameter_optimization search baseline] TRIAL 4/5: loss_function=focal_loss, latent_dim=256, learning_rate=0.0005, dropout=0.02, epochs=80, alpha=1.0, gamma=2.0, encoder_layers=3, decoder_layers=3
[LN672    ] [chunk_21_hyperparam_optimizer.py] [info] [section 2] [VAE] [hyperparameter_optimization search baseline] LABEL_THRESHOLD=0.0
[LN673    ] [chunk_21_hyperparam_optimizer.py] [info] [section 2] [VAE] [hyperparameter_optimization search baseline] VALIDATION_PRECISION=0.5403 VALIDATION_TRUE_POSITIVES=28635 VALIDATION_TRUE_NEGATIVES=112 validation_false_positives=24368 validation_false_negatives=139 validation_max_prediction=0.5421 validation_mean_prediction=0.5119 validation_recall=0.9952 validation_f1=0.7003 validation_auc=0.4974 validation_specificity=0.0046 validation_false_positive_rate=0.9954 validation_f2=0.8517 validation_mcc=-0.0019 validation_prauc=0.5389 validation_balanced_accuracy=0.4999 validation_brier=0.2492 validation_kappa=-0.0003 validation_informedness=-0.0003 validation_markedness=-0.4552 validation_gini=0.0000 validation_optimal_threshold=0.5033 validation_standard_deviation_prediction=0.0017 validation_percentage_above_threshold=99.53
[LN674    ] [chunk_21_hyperparam_optimizer.py] [info] [section 2] [VAE] [hyperparameter_optimization search baseline] TRIAL 5/5: loss_function=binary_crossentropy, latent_dim=32, learning_rate=0.005, dropout=0.1, epochs=50, alpha=0.5, gamma=2.5, encoder_layers=3, decoder_layers=2
[LN675    ] [chunk_21_hyperparam_optimizer.py] [info] [section 2] [VAE] [best trial] LABEL_THRESHOLD=0.0
[LN676    ] [chunk_21_hyperparam_optimizer.py] [info] [section 2] [VAE] [best trial] VALIDATION_PRECISION=0.5417 VALIDATION_TRUE_POSITIVES=15406 VALIDATION_TRUE_NEGATIVES=11444 validation_false_positives=13036 validation_false_negatives=13368 validation_max_prediction=0.5847 validation_mean_prediction=0.5006 validation_recall=0.5354 validation_f1=0.5385 validation_auc=0.4989 validation_specificity=0.4675 validation_false_positive_rate=0.5325 validation_f2=0.5367 validation_mcc=0.0029 validation_prauc=0.5390 validation_balanced_accuracy=0.5014 validation_brier=0.2501 validation_kappa=0.0029 validation_informedness=0.0029 validation_markedness=0.0091 validation_gini=0.0000 validation_optimal_threshold=0.4997 validation_standard_deviation_prediction=0.0108 validation_percentage_above_threshold=53.41
[LN677    ] [chunk_21_hyperparam_optimizer.py] [info] [section 2] [VAE] [best trial] loss_function=focal_loss, latent_dim=256, learning_rate=0.0005, dropout=0.02, epochs=80, alpha=1.0, gamma=2.0, encoder_layers=3, decoder_layers=3
[LN678    ] [chunk_18_phase_4_ensemble.py] [info]    [diagnostic-hyperparameter_optimization]  cumulative binary_split_predictions (1%) ≤ 0.4716, (5%) ≤ 0.4820, (10%) ≤ 0.4871, (25%) ≤ 0.4943, (50%) ≤ 0.5008, (75%) ≤ 0.5072, (90%) ≤ 0.5134, (95%) ≤ 0.5174, (99%) ≤ 0.5266, max=0.6149 binary_split_predictions distribution: 0% ≤ 0.01, 0% ≤ 0.02, 0% ≤ 0.05, 0% ≤ 0.1, 0% ≤ 0.2, 46% ≤ 0.5, 54% ≥ 0.50
[LN679    ] [chunk_18_phase_4_ensemble.py] [info]    hyperparameter_optimization improved: 0.5410 > 0.5405
[LN680    ] [chunk_18_phase_4_ensemble.py] [info] [section 3] [VAE] [HYPERPARAMETER_OPTIMIZATION] LABEL_THRESHOLD=0.0,
[LN681    ] [chunk_18_phase_4_ensemble.py] [info] [section 3] [VAE] [HYPERPARAMETER_OPTIMIZATION] VALIDATION_PRECISION=0.5376 VALIDATION_TRUE_POSITIVES=15294 VALIDATION_TRUE_NEGATIVES=11326 validation_false_positives=13154 validation_false_negatives=13480 validation_max_prediction=0.5942 validation_mean_prediction=0.5005 validation_recall=0.5315 validation_f1=0.5345 validation_auc=0.4989 validation_specificity=0.4627 validation_false_positive_rate=0.5373 validation_f2=0.5327 validation_mcc=-0.0058 validation_prauc=0.5427 validation_balanced_accuracy=0.4971 validation_brier=0.2501 validation_kappa=-0.0058 validation_informedness=-0.0058 validation_markedness=0.0003 validation_gini=0.0000 validation_optimal_threshold=0.5102 validation_standard_deviation_prediction=0.0109 validation_percentage_above_threshold=53.42
[LN682    ] [chunk_18_phase_4_ensemble.py] [info] [section 3] [VAE] [HYPERPARAMETER_OPTIMIZATION] prediction_binary_split=0.50 hyperparams=(loss=focal_loss lr=0.0005 dropout=0.02 alpha=1.0 gamma=2.0 latent_dim=256) improved=True {'loss_function': 'focal_loss', 'latent_dim': 256, 'learning_rate': 0.0005, 'dropout': 0.02, 'epochs': 80, 'alpha': 1.0, 'gamma': 2.0, 'encoder_layers': 3, 'decoder_layers': 3}
[LN683    ] [chunk_18_phase_4_ensemble.py] [info]    Running post hyperparameter_optimization threshold search for VAE...
[LN684    ] [chunk_12_evaluation_evaluator.py] [info] [VAE] label_threshold=20.0 train_below_prediction_binary_split=118,621 train_above_prediction_binary_split=689 train_positive_found=true val_below_prediction_binary_split=52,918 val_above_prediction_binary_split=336 val_positive_found=true
[LN685    ] [chunk_12_evaluation_evaluator.py] [info] [VAE] [reject] skipping LABEL_THRESHOLD=20.0: validation_precision=0.0068 <= baseline+0.0200=0.0263
[LN686    ] [chunk_12_evaluation_evaluator.py] [info] [VAE] label_threshold=10.0 train_below_prediction_binary_split=116,756 train_above_prediction_binary_split=2,554 train_positive_found=true val_below_prediction_binary_split=52,057 val_above_prediction_binary_split=1,197 val_positive_found=true
[LN687    ] [chunk_12_evaluation_evaluator.py] [info] [VAE] [reject] skipping LABEL_THRESHOLD=10.0: validation_precision=0.0213 <= baseline+0.0200=0.0425
[LN688    ] [chunk_12_evaluation_evaluator.py] [info] [VAE] label_threshold=0.0 train_below_prediction_binary_split=59,589 train_above_prediction_binary_split=59,721 train_positive_found=true val_below_prediction_binary_split=24,480 val_above_prediction_binary_split=28,774 val_positive_found=true
[LN689    ] [chunk_12_evaluation_evaluator.py] [info] [VAE] [diagnostic] LABEL_THRESHOLD=0.0 train_precision=0.5004 train_true_positives=32048 train_true_negatives=27596 train_false_positives=31993 train_false_negatives=27673 train_max_prediction=0.6283 train_mean_prediction=0.5005 train_recall=0.5366 train_f1=0.5179 train_auc=0.5001 train_specificity=0.4631 train_false_positive_rate=0.5369 train_f2=0.5290 train_mcc=-0.0003 train_prauc=0.5009 train_balanced_accuracy=0.4999 train_brier=0.2501 train_kappa=-0.0003 train_informedness=-0.0003 train_markedness=-0.0365 train_gini=0.0002 train_optimal_threshold=0.4904 train_standard_deviation_prediction=0.0109 train_percentage_above_threshold=53.68
[LN690    ] [chunk_12_evaluation_evaluator.py] [info] [VAE] [diagnostic] LABEL_THRESHOLD=0.0 VALIDATION_PRECISION=0.5385 VALIDATION_TRUE_POSITIVES=15319 VALIDATION_TRUE_NEGATIVES=11349 validation_false_positives=13131 validation_false_negatives=13455 validation_max_prediction=0.5837 validation_mean_prediction=0.5005 validation_recall=0.5324 validation_f1=0.5354 validation_auc=0.4999 validation_specificity=0.4636 validation_false_positive_rate=0.5364 validation_f2=0.5336 validation_mcc=-0.0040 validation_prauc=0.5408 validation_balanced_accuracy=0.4980 validation_brier=0.2501 validation_kappa=-0.0040 validation_informedness=-0.0040 validation_markedness=0.0021 validation_gini=0.0000 validation_optimal_threshold=0.4899 validation_standard_deviation_prediction=0.0109 validation_percentage_above_threshold=53.42
[LN691    ] [chunk_18_phase_4_ensemble.py] [info]    hyperparameter_optimization model threshold search: LABEL_THRESHOLD=0.0, VALIDATION_PRECISION=0.5410
[LN692    ] [chunk_18_phase_4_ensemble.py] [info]    post hyperparameter_optimization threshold search: LABEL_THRESHOLD=0.0, VALIDATION_PRECISION=0.5385
[LN693    ] [chunk_18_phase_4_ensemble.py] [info]    post hyperparameter_optimization improved: using LABEL_THRESHOLD=0.0
[LN694    ] [chunk_18_phase_4_ensemble.py] [info] [section 4] [VAE] [post hyperparameter_optimization] [diagnostic]  cumulative binary_split_predictions (1%) ≤ 0.4715, (5%) ≤ 0.4822, (10%) ≤ 0.4872, (25%) ≤ 0.4943, (50%) ≤ 0.5008, (75%) ≤ 0.5072, (90%) ≤ 0.5134, (95%) ≤ 0.5173, (99%) ≤ 0.5260, max=0.5808 binary_split_predictions distribution: 0% ≤ 0.01, 0% ≤ 0.02, 0% ≤ 0.05, 0% ≤ 0.1, 0% ≤ 0.2, 46% ≤ 0.5, 54% ≥ 0.50
[LN695    ] [chunk_18_phase_4_ensemble.py] [info] [section 4] [VAE] [post hyperparameter_optimization] LABEL_THRESHOLD=0.0,
[LN696    ] [chunk_18_phase_4_ensemble.py] [info] [section 4] [VAE] [post hyperparameter_optimization] VALIDATION_PRECISION=0.5385 VALIDATION_TRUE_POSITIVES=15319 VALIDATION_TRUE_NEGATIVES=11349 validation_false_positives=13131 validation_false_negatives=13455 validation_max_prediction=0.5808 validation_mean_prediction=0.5005 validation_recall=0.5324 validation_f1=0.5354 validation_auc=0.4999 validation_specificity=0.4637 validation_false_positive_rate=0.5363 validation_f2=0.5369 validation_mcc=-0.0002 validation_prauc=0.5403 validation_balanced_accuracy=0.4999 validation_brier=0.2500 validation_kappa=-0.0002 validation_informedness=-0.0002 validation_markedness=0.0039 validation_gini=0.0018 validation_optimal_threshold=0.4866 validation_standard_deviation_prediction=0.0108 validation_percentage_above_threshold=53.61
[LN697    ] [chunk_18_phase_4_ensemble.py] [info] [section 4] [VAE] [post hyperparameter_optimization] prediction_binary_split=0.50 hyperparams=(loss=focal_loss lr=0.0005 dropout=0.02 alpha=1.0 gamma=2.0 latent_dim=256) source=section4
[LN698    ] [chunk_18_phase_4_ensemble.py] [info]    Using post-HPO model at LABEL_THRESHOLD=0.0 (post_hpo_prec=0.5385 > hpo=0.5410, pre_hpo=0.5405)
[LN699    ] [chunk_18_phase_4_ensemble.py] [info]    Train predictions: mean=0.5006, std=0.0109, min=0.4311, max=0.6045
[LN700    ] [chunk_18_phase_4_ensemble.py] [info]    validation predictions:   mean=0.5006, std=0.0109, min=0.4283, max=0.6115
[LN701    ] [chunk_18_phase_4_ensemble.py] [info] [section 5] [VAE] [final] [diagnostic] Train  cumulative binary_split_predictions (1%) ≤ 0.4717, (5%) ≤ 0.4821, (10%) ≤ 0.4872, (25%) ≤ 0.4944, (50%) ≤ 0.5008, (75%) ≤ 0.5072, (90%) ≤ 0.5135, (95%) ≤ 0.5175, (99%) ≤ 0.5263, max=0.6045 binary_split_predictions distribution: 0% ≤ 0.01, 0% ≤ 0.02, 0% ≤ 0.05, 0% ≤ 0.1, 0% ≤ 0.2, 46% ≤ 0.5, 54% ≥ 0.50
[LN702    ] [chunk_18_phase_4_ensemble.py] [info] [section 5] [VAE] [final] [diagnostic] validation    cumulative binary_split_predictions (1%) ≤ 0.4719, (5%) ≤ 0.4821, (10%) ≤ 0.4871, (25%) ≤ 0.4944, (50%) ≤ 0.5008, (75%) ≤ 0.5071, (90%) ≤ 0.5134, (95%) ≤ 0.5175, (99%) ≤ 0.5266, max=0.6115 binary_split_predictions distribution: 0% ≤ 0.01, 0% ≤ 0.02, 0% ≤ 0.05, 0% ≤ 0.1, 0% ≤ 0.2, 46% ≤ 0.5, 54% ≥ 0.50
[LN703    ] [chunk_18_phase_4_ensemble.py] [info]    Train predictions: 53.52% positive predictions (63,853 / 119,310)
[LN704    ] [chunk_18_phase_4_ensemble.py] [info]    validation predictions:   53.80% positive predictions (28,650 / 53,254)
[LN705    ] [chunk_18_phase_4_ensemble.py] [info]    [diagnostic] prediction_buckets: 0-10:0, 10-20:0, 20-30:0, 30-40:24604, 40-50:28648, 50-60:2, 60-70:0, 70-80:0, 80-90:0, 90-100:0
[LN706    ] [chunk_18_phase_4_ensemble.py] [info] [section 5] [VAE] [final] LABEL_THRESHOLD=0.0,
[LN707    ] [chunk_18_phase_4_ensemble.py] [info] [section 5] [VAE] [final] train_precision=0.4984 train_true_positives=31823 train_true_negatives=27559 train_false_positives=32030 train_false_negatives=27898 train_max_prediction=0.6045 train_mean_prediction=0.5006 train_recall=0.5329 train_f1=0.5150 train_auc=0.4959 train_specificity=0.4625 train_false_positive_rate=0.5375 train_f2=0.5256 train_mcc=-0.0047 train_prauc=0.4973 train_balanced_accuracy=0.4977 train_standard_deviation_prediction=0.0109 train_percentage_above_threshold=53.52 train_brier=0.2502 train_kappa=-0.0047 train_informedness=-0.0047 train_markedness=-0.0391 train_gini=0.0000 train_optimal_threshold=0.4652
[LN708    ] [chunk_18_phase_4_ensemble.py] [info] [section 5] [VAE] [final] VALIDATION_PRECISION=0.5422 VALIDATION_TRUE_POSITIVES=15535 VALIDATION_TRUE_NEGATIVES=11365 validation_false_positives=13115 validation_false_negatives=13239 validation_max_prediction=0.6115 validation_mean_prediction=0.5006 validation_recall=0.5399 validation_f1=0.5411 validation_auc=0.5029 validation_specificity=0.4643 validation_false_positive_rate=0.5357 validation_f2=0.5404 validation_mcc=0.0042 validation_prauc=0.5460 validation_balanced_accuracy=0.5021 validation_brier=0.2500 validation_kappa=0.0042 validation_informedness=0.0042 validation_markedness=0.0065 validation_gini=0.0058 validation_optimal_threshold=0.5024 validation_standard_deviation_prediction=0.0109 validation_percentage_above_threshold=53.80
[LN709    ] [chunk_18_phase_4_ensemble.py] [info] [section 5] [VAE] [final] prediction_binary_split=0.50 hyperparams=(loss=focal_loss lr=0.0005 dropout=0.02 alpha=1.0 gamma=2.0 latent_dim=256) (using HPO model directly)
[LN710    ] [chunk_18_phase_4_ensemble.py] [info]    VAE loss=focal_loss pred_threshold=0.5 epochs=80
[LN711    ] [chunk_18_phase_4_ensemble.py] [info]    [VAE] hyperparameter_optimization: latent_dim=256, learning_rate=0.0005, dropout=0.02, alpha=1.0, gamma=2.0
[LN712    ] [chunk_18_phase_4_ensemble.py] [info]    VAE training time: 581.6s
[LN713    ] [chunk_18_phase_4_ensemble.py] [info] [pass] VAE trained successfully
[LN714    ] [chunk_18_phase_4_ensemble.py] [info] [section 1] [TRANSFORMER] [baseline] LABEL_THRESHOLD=20.0,
[LN715    ] [chunk_18_phase_4_ensemble.py] [info] [section 1] [TRANSFORMER] [baseline] predictions: mean=0.2156, std=0.0004, min=0.2104, max=0.2294
[LN716    ] [chunk_18_phase_4_ensemble.py] [info] [section 1] [TRANSFORMER] [baseline]  cumulative binary_split_predictions (1%) ≤ 0.2140, (5%) ≤ 0.2151, (10%) ≤ 0.2154, (25%) ≤ 0.2156, (50%) ≤ 0.2157, (75%) ≤ 0.2157, (90%) ≤ 0.2157, (95%) ≤ 0.2157, (99%) ≤ 0.2162, max=0.2294 binary_split_predictions distribution: 0% ≤ 0.01, 0% ≤ 0.02, 0% ≤ 0.05, 0% ≤ 0.1, 0% ≤ 0.2, 100% ≤ 0.5, 0% ≥ 0.50
[LN717    ] [chunk_18_phase_4_ensemble.py] [info] [section 1] [TRANSFORMER] [baseline] prediction_binary_split=0.50, VALIDATION predictions at LABEL_THRESHOLD=20.0: 0.00%
[LN718    ] [chunk_18_phase_4_ensemble.py] [warning] [section 1] [TRANSFORMER] [baseline] [warning] No predictions >= 0.5!
[LN719    ] [chunk_18_phase_4_ensemble.py] [info] [section 1] [TRANSFORMER] [baseline] LABEL_THRESHOLD=20.0,
[LN720    ] [chunk_18_phase_4_ensemble.py] [info] [section 1] [TRANSFORMER] [baseline] VALIDATION_PRECISION=0.0000 VALIDATION_TRUE_POSITIVES=0 VALIDATION_TRUE_NEGATIVES=52918 validation_false_positives=0 validation_false_negatives=336 validation_max_prediction=0.2294 validation_mean_prediction=0.2156 validation_recall=0.0000 validation_f1=0.0000 validation_auc=0.5535 validation_specificity=1.0000 validation_false_positive_rate=0.0000 validation_f2=0.0000 validation_mcc=0.0000 validation_prauc=0.0073 validation_balanced_accuracy=0.5000 validation_brier=0.0501 validation_kappa=0.0000 validation_informedness=0.0000 validation_markedness=1.0000 validation_gini=0.1069 validation_optimal_threshold=0.2157 validation_standard_deviation_prediction=0.0004 validation_percentage_above_threshold=0.00
[LN721    ] [chunk_18_phase_4_ensemble.py] [info] [section 1] [TRANSFORMER] [baseline] prediction_binary_split=0.50 loss=binary_crossentropy, lr=0.001
[LN722    ] [chunk_12_evaluation_evaluator.py] [info] [TRANSFORMER] label_threshold=20.0 train_below_prediction_binary_split=118,621 train_above_prediction_binary_split=689 train_positive_found=true val_below_prediction_binary_split=52,918 val_above_prediction_binary_split=336 val_positive_found=true
[LN723    ] [chunk_12_evaluation_evaluator.py] [info] [reject] threshold=20.0 action=skipped reason=insufficient_positive_predictions positive_predictions=1 minimum_positive_required=5
[LN724    ] [chunk_12_evaluation_evaluator.py] [info] [TRANSFORMER] label_threshold=10.0 train_below_prediction_binary_split=116,756 train_above_prediction_binary_split=2,554 train_positive_found=true val_below_prediction_binary_split=52,057 val_above_prediction_binary_split=1,197 val_positive_found=true
[LN725    ] [chunk_12_evaluation_evaluator.py] [info] [reject] threshold=10.0 action=skipped reason=insufficient_positive_predictions positive_predictions=0 minimum_positive_required=5
[LN726    ] [chunk_12_evaluation_evaluator.py] [info] [TRANSFORMER] label_threshold=0.0 train_below_prediction_binary_split=59,589 train_above_prediction_binary_split=59,721 train_positive_found=true val_below_prediction_binary_split=24,480 val_above_prediction_binary_split=28,774 val_positive_found=true
[LN727    ] [chunk_12_evaluation_evaluator.py] [info] [TRANSFORMER] [diagnostic] LABEL_THRESHOLD=0.0 train_precision=0.5540 train_true_positives=31154 train_true_negatives=34512 train_false_positives=25077 train_false_negatives=28567 train_max_prediction=0.7482 train_mean_prediction=0.4943 train_recall=0.5217 train_f1=0.5374 train_auc=0.5730 train_specificity=0.5792 train_false_positive_rate=0.4208 train_f2=0.5278 train_mcc=0.1010 train_prauc=0.5626 train_balanced_accuracy=0.5504 train_brier=0.2457 train_kappa=0.1008 train_informedness=0.1008 train_markedness=0.1332 train_gini=0.1459 train_optimal_threshold=0.4907 train_standard_deviation_prediction=0.0678 train_percentage_above_threshold=47.13
[LN728    ] [chunk_12_evaluation_evaluator.py] [info] [TRANSFORMER] [diagnostic] LABEL_THRESHOLD=0.0 VALIDATION_PRECISION=0.5219 VALIDATION_TRUE_POSITIVES=12795 VALIDATION_TRUE_NEGATIVES=12761 validation_false_positives=11719 validation_false_negatives=15979 validation_max_prediction=0.7319 validation_mean_prediction=0.4945 validation_recall=0.4447 validation_f1=0.4802 validation_auc=0.4774 validation_specificity=0.5213 validation_false_positive_rate=0.4787 validation_f2=0.4582 validation_mcc=-0.0340 validation_prauc=0.5296 validation_balanced_accuracy=0.4830 validation_brier=0.2573 validation_kappa=-0.0336 validation_informedness=-0.0340 validation_markedness=0.0432 validation_gini=0.0000 validation_optimal_threshold=0.5834 validation_standard_deviation_prediction=0.0662 validation_percentage_above_threshold=46.03
[LN729    ] [chunk_18_phase_4_ensemble.py] [info] [section 1] [TRANSFORMER] [label_threshold_optimal]  cumulative binary_split_predictions (1%) ≤ 0.3516, (5%) ≤ 0.3880, (10%) ≤ 0.4083, (25%) ≤ 0.4473, (50%) ≤ 0.4938, (75%) ≤ 0.5384, (90%) ≤ 0.5840, (95%) ≤ 0.6074, (99%) ≤ 0.6457, max=0.7319 binary_split_predictions distribution: 0% ≤ 0.01, 0% ≤ 0.02, 0% ≤ 0.05, 0% ≤ 0.1, 0% ≤ 0.2, 54% ≤ 0.5, 46% ≥ 0.50
[LN730    ] [chunk_18_phase_4_ensemble.py] [info] [section 1] [TRANSFORMER] [label_threshold_optimal] LABEL_THRESHOLD=0.0
[LN731    ] [chunk_18_phase_4_ensemble.py] [info] [section 1] [TRANSFORMER] [label_threshold_optimal] train_precision=0.5540 train_true_positives=31154 train_true_negatives=34512 train_false_positives=25077 train_false_negatives=28567 train_max_prediction=0.7482 train_mean_prediction=0.4943 train_recall=0.5217 train_f1=0.5374 train_auc=0.5730 train_specificity=0.5792 train_false_positive_rate=0.4208 train_f2=0.5278 train_mcc=0.1010 train_prauc=0.5626 train_balanced_accuracy=0.5504 train_brier=0.2457 train_kappa=0.1008 train_informedness=0.1008 train_markedness=0.1332 train_gini=0.1459 train_optimal_threshold=0.4907 train_standard_deviation_prediction=0.0678 train_percentage_above_threshold=47.13
[LN732    ] [chunk_18_phase_4_ensemble.py] [info] [section 1] [TRANSFORMER] [label_threshold_optimal] VALIDATION_PRECISION=0.5219 VALIDATION_TRUE_POSITIVES=12795 VALIDATION_TRUE_NEGATIVES=12761 validation_false_positives=11719 validation_false_negatives=15979 validation_max_prediction=0.7319 validation_mean_prediction=0.4945 validation_recall=0.4447 validation_f1=0.4802 validation_auc=0.4774 validation_specificity=0.5213 validation_false_positive_rate=0.4787 validation_f2=0.4582 validation_mcc=-0.0340 validation_prauc=0.5296 validation_balanced_accuracy=0.4830 validation_brier=0.2573 validation_kappa=-0.0336 validation_informedness=-0.0340 validation_markedness=0.0432 validation_gini=0.0000 validation_optimal_threshold=0.5834 validation_standard_deviation_prediction=0.0662 validation_percentage_above_threshold=46.03
[LN733    ] [chunk_18_phase_4_ensemble.py] [info] [section 1] [TRANSFORMER] [label_threshold_optimal] prediction_binary_split=0.50
[LN734    ] [chunk_21_hyperparam_optimizer.py] [info] [section 2] [TRANSFORMER] [hyperparameter_optimization search] Running Bayesian optimization (5 trials)...
[LN735    ] [chunk_21_hyperparam_optimizer.py] [info] [section 2] [TRANSFORMER] [hyperparameter_optimization search baseline] LABEL_THRESHOLD=0.0
[LN736    ] [chunk_21_hyperparam_optimizer.py] [info] [section 2] [TRANSFORMER] [hyperparameter_optimization search baseline] VALIDATION_PRECISION=0.5358 VALIDATION_TRUE_POSITIVES=26490 VALIDATION_TRUE_NEGATIVES=1530 validation_false_positives=22950 validation_false_negatives=2284 validation_max_prediction=0.6605 validation_mean_prediction=0.5325 validation_recall=0.9206 validation_f1=0.6774 validation_auc=0.4715 validation_specificity=0.0625 validation_false_positive_rate=0.9375 validation_f2=0.8050 validation_mcc=-0.0326 validation_prauc=0.5233 validation_balanced_accuracy=0.4916 validation_brier=0.2504 validation_kappa=-0.0180 validation_informedness=-0.0169 validation_markedness=-0.4017 validation_gini=0.0000 validation_optimal_threshold=0.4740 validation_standard_deviation_prediction=0.0289 validation_percentage_above_threshold=92.84
[LN737    ] [chunk_21_hyperparam_optimizer.py] [info] [section 2] [TRANSFORMER] [hyperparameter_optimization search baseline] TRIAL 1/5: loss_function=binary_crossentropy, dim=256, heads=8, dropout=0.05, learning_rate=0.0001, epochs=20, alpha=0.75, gamma=3.0, ff_dim=256, layers=4
[LN738    ] [chunk_21_hyperparam_optimizer.py] [info] [section 2] [TRANSFORMER] [hyperparameter_optimization search baseline] LABEL_THRESHOLD=0.0
[LN739    ] [chunk_21_hyperparam_optimizer.py] [info] [section 2] [TRANSFORMER] [hyperparameter_optimization search baseline] VALIDATION_PRECISION=0.5443 VALIDATION_TRUE_POSITIVES=27494 VALIDATION_TRUE_NEGATIVES=1458 validation_false_positives=23022 validation_false_negatives=1280 validation_max_prediction=0.9925 validation_mean_prediction=0.5504 validation_recall=0.9555 validation_f1=0.6935 validation_auc=0.5137 validation_specificity=0.0596 validation_false_positive_rate=0.9404 validation_f2=0.8301 validation_mcc=0.0340 validation_prauc=0.5379 validation_balanced_accuracy=0.5075 validation_brier=0.2484 validation_kappa=0.0161 validation_informedness=0.0151 validation_markedness=-0.3962 validation_gini=0.0273 validation_optimal_threshold=0.5543 validation_standard_deviation_prediction=0.0252 validation_percentage_above_threshold=94.86
[LN740    ] [chunk_21_hyperparam_optimizer.py] [info] [section 2] [TRANSFORMER] [hyperparameter_optimization search baseline] TRIAL 2/5: loss_function=binary_crossentropy, dim=256, heads=4, dropout=0.05, learning_rate=0.0002, epochs=50, alpha=0.5, gamma=2.5, ff_dim=256, layers=4
[LN741    ] [chunk_21_hyperparam_optimizer.py] [info] [section 2] [TRANSFORMER] [hyperparameter_optimization search baseline] LABEL_THRESHOLD=0.0
[LN742    ] [chunk_21_hyperparam_optimizer.py] [info] [section 2] [TRANSFORMER] [hyperparameter_optimization search baseline] VALIDATION_PRECISION=0.5255 VALIDATION_TRUE_POSITIVES=15031 VALIDATION_TRUE_NEGATIVES=10908 validation_false_positives=13572 validation_false_negatives=13743 validation_max_prediction=0.8881 validation_mean_prediction=0.5135 validation_recall=0.5224 validation_f1=0.5239 validation_auc=0.4789 validation_specificity=0.4456 validation_false_positive_rate=0.5544 validation_f2=0.5230 validation_mcc=-0.0320 validation_prauc=0.5335 validation_balanced_accuracy=0.4840 validation_brier=0.2585 validation_kappa=-0.0320 validation_informedness=-0.0320 validation_markedness=-0.0289 validation_gini=0.0000 validation_optimal_threshold=0.7272 validation_standard_deviation_prediction=0.0826 validation_percentage_above_threshold=53.71
[LN743    ] [chunk_21_hyperparam_optimizer.py] [info] [section 2] [TRANSFORMER] [hyperparameter_optimization search baseline] TRIAL 3/5: loss_function=binary_crossentropy, dim=64, heads=4, dropout=0.0, learning_rate=5e-05, epochs=30, alpha=0.25, gamma=2.5, ff_dim=256, layers=1
[LN744    ] [chunk_21_hyperparam_optimizer.py] [info] [section 2] [TRANSFORMER] [hyperparameter_optimization search baseline] LABEL_THRESHOLD=0.0
[LN745    ] [chunk_21_hyperparam_optimizer.py] [info] [section 2] [TRANSFORMER] [hyperparameter_optimization search baseline] VALIDATION_PRECISION=0.5209 VALIDATION_TRUE_POSITIVES=15493 VALIDATION_TRUE_NEGATIVES=10231 validation_false_positives=14249 validation_false_negatives=13281 validation_max_prediction=0.6636 validation_mean_prediction=0.5044 validation_recall=0.5384 validation_f1=0.5295 validation_auc=0.4736 validation_specificity=0.4179 validation_false_positive_rate=0.5821 validation_f2=0.5348 validation_mcc=-0.0438 validation_prauc=0.5265 validation_balanced_accuracy=0.4782 validation_brier=0.2547 validation_kappa=-0.0438 validation_informedness=-0.0436 validation_markedness=-0.0612 validation_gini=0.0000 validation_optimal_threshold=0.6273 validation_standard_deviation_prediction=0.0519 validation_percentage_above_threshold=55.85
[LN746    ] [chunk_21_hyperparam_optimizer.py] [info] [section 2] [TRANSFORMER] [hyperparameter_optimization search baseline] TRIAL 4/5: loss_function=binary_crossentropy, dim=128, heads=4, dropout=0.2, learning_rate=0.0001, epochs=50, alpha=0.25, gamma=3.0, ff_dim=64, layers=4
[LN747    ] [chunk_21_hyperparam_optimizer.py] [info] [section 2] [TRANSFORMER] [hyperparameter_optimization search baseline] LABEL_THRESHOLD=0.0
[LN748    ] [chunk_21_hyperparam_optimizer.py] [info] [section 2] [TRANSFORMER] [hyperparameter_optimization search baseline] VALIDATION_PRECISION=0.5256 VALIDATION_TRUE_POSITIVES=12998 VALIDATION_TRUE_NEGATIVES=12747 validation_false_positives=11733 validation_false_negatives=15776 validation_max_prediction=0.8397 validation_mean_prediction=0.4985 validation_recall=0.4517 validation_f1=0.4859 validation_auc=0.4781 validation_specificity=0.5207 validation_false_positive_rate=0.4793 validation_f2=0.4648 validation_mcc=-0.0275 validation_prauc=0.5341 validation_balanced_accuracy=0.4862 validation_brier=0.2591 validation_kappa=-0.0272 validation_informedness=-0.0276 validation_markedness=0.0463 validation_gini=0.0000 validation_optimal_threshold=0.6668 validation_standard_deviation_prediction=0.0799 validation_percentage_above_threshold=46.44
[LN749    ] [chunk_21_hyperparam_optimizer.py] [info] [section 2] [TRANSFORMER] [hyperparameter_optimization search baseline] TRIAL 5/5: loss_function=focal_loss, dim=128, heads=8, dropout=0.05, learning_rate=5e-05, epochs=30, alpha=1.25, gamma=2.0, ff_dim=128, layers=1
[LN750    ] [chunk_21_hyperparam_optimizer.py] [info] [section 2] [TRANSFORMER] [best trial] LABEL_THRESHOLD=0.0
[LN751    ] [chunk_21_hyperparam_optimizer.py] [info] [section 2] [TRANSFORMER] [best trial] VALIDATION_PRECISION=0.5443 VALIDATION_TRUE_POSITIVES=27494 VALIDATION_TRUE_NEGATIVES=1458 validation_false_positives=23022 validation_false_negatives=1280 validation_max_prediction=0.9925 validation_mean_prediction=0.5504 validation_recall=0.9555 validation_f1=0.6935 validation_auc=0.5137 validation_specificity=0.0596 validation_false_positive_rate=0.9404 validation_f2=0.8301 validation_mcc=0.0340 validation_prauc=0.5379 validation_balanced_accuracy=0.5075 validation_brier=0.2484 validation_kappa=0.0161 validation_informedness=0.0151 validation_markedness=-0.3962 validation_gini=0.0273 validation_optimal_threshold=0.5543 validation_standard_deviation_prediction=0.0252 validation_percentage_above_threshold=94.86
[LN752    ] [chunk_21_hyperparam_optimizer.py] [info] [section 2] [TRANSFORMER] [best trial] loss_function=binary_crossentropy, dim=256, heads=4, dropout=0.05, learning_rate=0.0002, epochs=50, alpha=0.5, gamma=2.5, ff_dim=256, layers=4
[LN753    ] [chunk_18_phase_4_ensemble.py] [info]    [diagnostic-hyperparameter_optimization]  cumulative binary_split_predictions (1%) ≤ 0.4479, (5%) ≤ 0.4811, (10%) ≤ 0.5534, (25%) ≤ 0.5543, (50%) ≤ 0.5550, (75%) ≤ 0.5558, (90%) ≤ 0.5572, (95%) ≤ 0.5589, (99%) ≤ 0.5676, max=0.9925 binary_split_predictions distribution: 0% ≤ 0.01, 0% ≤ 0.02, 0% ≤ 0.05, 0% ≤ 0.1, 0% ≤ 0.2, 5% ≤ 0.5, 95% ≥ 0.50
[LN754    ] [chunk_18_phase_4_ensemble.py] [info]    hyperparameter_optimization improved: 0.5443 > 0.5219
[LN755    ] [chunk_18_phase_4_ensemble.py] [info] [section 3] [TRANSFORMER] [HYPERPARAMETER_OPTIMIZATION] LABEL_THRESHOLD=0.0,
[LN756    ] [chunk_18_phase_4_ensemble.py] [info] [section 3] [TRANSFORMER] [HYPERPARAMETER_OPTIMIZATION] VALIDATION_PRECISION=0.5443 VALIDATION_TRUE_POSITIVES=27494 VALIDATION_TRUE_NEGATIVES=1458 validation_false_positives=23022 validation_false_negatives=1280 validation_max_prediction=0.9925 validation_mean_prediction=0.5504 validation_recall=0.9555 validation_f1=0.6935 validation_auc=0.5137 validation_specificity=0.0596 validation_false_positive_rate=0.9404 validation_f2=0.8301 validation_mcc=0.0340 validation_prauc=0.5379 validation_balanced_accuracy=0.5075 validation_brier=0.2484 validation_kappa=0.0161 validation_informedness=0.0151 validation_markedness=-0.3962 validation_gini=0.0273 validation_optimal_threshold=0.5543 validation_standard_deviation_prediction=0.0252 validation_percentage_above_threshold=94.86
[LN757    ] [chunk_18_phase_4_ensemble.py] [info] [section 3] [TRANSFORMER] [HYPERPARAMETER_OPTIMIZATION] prediction_binary_split=0.50 hyperparams=(loss=binary_crossentropy lr=0.0002 dropout=0.05 alpha=0.5 gamma=2.5 latent_dim=0) improved=True {'loss_function': 'binary_crossentropy', 'dim': 256, 'heads': 4, 'dropout': 0.05, 'learning_rate': 0.0002, 'epochs': 50, 'alpha': 0.5, 'gamma': 2.5, 'ff_dim': 256, 'layers': 4}
[LN758    ] [chunk_18_phase_4_ensemble.py] [info]    Running post hyperparameter_optimization threshold search for Transformer...
[LN759    ] [chunk_12_evaluation_evaluator.py] [info] [TRANSFORMER] label_threshold=20.0 train_below_prediction_binary_split=118,621 train_above_prediction_binary_split=689 train_positive_found=true val_below_prediction_binary_split=52,918 val_above_prediction_binary_split=336 val_positive_found=true
[LN760    ] [chunk_12_evaluation_evaluator.py] [info] [TRANSFORMER] [reject] skipping LABEL_THRESHOLD=20.0: pos_pred_ratio=74.06% outside [0%, 65%]
[LN761    ] [chunk_12_evaluation_evaluator.py] [info] [TRANSFORMER] label_threshold=10.0 train_below_prediction_binary_split=116,756 train_above_prediction_binary_split=2,554 train_positive_found=true val_below_prediction_binary_split=52,057 val_above_prediction_binary_split=1,197 val_positive_found=true
[LN762    ] [chunk_12_evaluation_evaluator.py] [info] [TRANSFORMER] [reject] skipping LABEL_THRESHOLD=10.0: pos_pred_ratio=86.25% outside [0%, 65%]
[LN763    ] [chunk_12_evaluation_evaluator.py] [info] [TRANSFORMER] label_threshold=0.0 train_below_prediction_binary_split=59,589 train_above_prediction_binary_split=59,721 train_positive_found=true val_below_prediction_binary_split=24,480 val_above_prediction_binary_split=28,774 val_positive_found=true
[LN764    ] [chunk_12_evaluation_evaluator.py] [info] [TRANSFORMER] [reject] skipping LABEL_THRESHOLD=0.0: pos_pred_ratio=94.86% outside [0%, 65%]
[LN765    ] [chunk_18_phase_4_ensemble.py] [info]    hyperparameter_optimization model threshold search: LABEL_THRESHOLD=0.0, VALIDATION_PRECISION=0.5443
[LN766    ] [chunk_18_phase_4_ensemble.py] [info]    post hyperparameter_optimization threshold search: LABEL_THRESHOLD=20.0, VALIDATION_PRECISION=0.0000
[LN767    ] [chunk_18_phase_4_ensemble.py] [info]    post hyperparameter_optimization no improvement: keeping LABEL_THRESHOLD=0.0
[LN768    ] [chunk_18_phase_4_ensemble.py] [info] [section 4] [TRANSFORMER] [post hyperparameter_optimization] [diagnostic]  cumulative binary_split_predictions (1%) ≤ 0.4479, (5%) ≤ 0.4811, (10%) ≤ 0.5534, (25%) ≤ 0.5543, (50%) ≤ 0.5550, (75%) ≤ 0.5558, (90%) ≤ 0.5572, (95%) ≤ 0.5589, (99%) ≤ 0.5676, max=0.9925 binary_split_predictions distribution: 0% ≤ 0.01, 0% ≤ 0.02, 0% ≤ 0.05, 0% ≤ 0.1, 0% ≤ 0.2, 5% ≤ 0.5, 95% ≥ 0.50
[LN769    ] [chunk_18_phase_4_ensemble.py] [info] [section 4] [TRANSFORMER] [post hyperparameter_optimization] LABEL_THRESHOLD=0.0,
[LN770    ] [chunk_18_phase_4_ensemble.py] [info] [section 4] [TRANSFORMER] [post hyperparameter_optimization] VALIDATION_PRECISION=0.5443 VALIDATION_TRUE_POSITIVES=27494 VALIDATION_TRUE_NEGATIVES=1458 validation_false_positives=23022 validation_false_negatives=1280 validation_max_prediction=0.9925 validation_mean_prediction=0.5504 validation_recall=0.9555 validation_f1=0.6935 validation_auc=0.5137 validation_specificity=0.0596 validation_false_positive_rate=0.9404 validation_f2=0.8301 validation_mcc=0.0340 validation_prauc=0.5379 validation_balanced_accuracy=0.5075 validation_brier=0.2484 validation_kappa=0.0161 validation_informedness=0.0151 validation_markedness=-0.3962 validation_gini=0.0273 validation_optimal_threshold=0.5543 validation_standard_deviation_prediction=0.0252 validation_percentage_above_threshold=94.86
[LN771    ] [chunk_18_phase_4_ensemble.py] [info] [section 4] [TRANSFORMER] [post hyperparameter_optimization] prediction_binary_split=0.50 hyperparams=(loss=binary_crossentropy lr=0.0002 dropout=0.05 alpha=0.5 gamma=2.5 latent_dim=64) source=section3
[LN772    ] [chunk_18_phase_4_ensemble.py] [info]    Using Hyperparameter_Optimized model directly (no change to Label_Threshold)
[LN773    ] [chunk_18_phase_4_ensemble.py] [info]    Train predictions: mean=0.4899, std=0.0522, min=0.1515, max=0.9862
[LN774    ] [chunk_18_phase_4_ensemble.py] [info]    validation predictions:   mean=0.5504, std=0.0252, min=0.2773, max=0.9925
[LN775    ] [chunk_18_phase_4_ensemble.py] [info] [section 5] [TRANSFORMER] [final] [diagnostic] Train  cumulative binary_split_predictions (1%) ≤ 0.4476, (5%) ≤ 0.4479, (10%) ≤ 0.4480, (25%) ≤ 0.4481, (50%) ≤ 0.4484, (75%) ≤ 0.5541, (90%) ≤ 0.5555, (95%) ≤ 0.5565, (99%) ≤ 0.5621, max=0.9862 binary_split_predictions distribution: 0% ≤ 0.01, 0% ≤ 0.02, 0% ≤ 0.05, 0% ≤ 0.1, 0% ≤ 0.2, 61% ≤ 0.5, 39% ≥ 0.50
[LN776    ] [chunk_18_phase_4_ensemble.py] [info] [section 5] [TRANSFORMER] [final] [diagnostic] validation    cumulative binary_split_predictions (1%) ≤ 0.4479, (5%) ≤ 0.4811, (10%) ≤ 0.5534, (25%) ≤ 0.5543, (50%) ≤ 0.5550, (75%) ≤ 0.5558, (90%) ≤ 0.5572, (95%) ≤ 0.5589, (99%) ≤ 0.5676, max=0.9925 binary_split_predictions distribution: 0% ≤ 0.01, 0% ≤ 0.02, 0% ≤ 0.05, 0% ≤ 0.1, 0% ≤ 0.2, 5% ≤ 0.5, 95% ≥ 0.50
[LN777    ] [chunk_18_phase_4_ensemble.py] [info]    Train predictions: 39.06% positive predictions (46,603 / 119,310)
[LN778    ] [chunk_18_phase_4_ensemble.py] [info]    validation predictions:   94.86% positive predictions (50,516 / 53,254)
[LN779    ] [chunk_18_phase_4_ensemble.py] [info]    [info] Section 4 all rejected - using Section 3 results for Section 5
[LN780    ] [chunk_18_phase_4_ensemble.py] [info]    [diagnostic] prediction_buckets: 0-10:0, 10-20:1, 20-30:6, 30-40:2731, 40-50:50417, 50-60:60, 60-70:6, 70-80:11, 80-90:22, 90-100:0
[LN781    ] [chunk_18_phase_4_ensemble.py] [info] [section 5] [TRANSFORMER] [final] LABEL_THRESHOLD=0.0,
[LN782    ] [chunk_18_phase_4_ensemble.py] [info] [section 5] [TRANSFORMER] [final] train_precision=0.5023 train_true_positives=23407 train_true_negatives=36393 train_false_positives=23196 train_false_negatives=36314 train_max_prediction=0.9862 train_mean_prediction=0.4899 train_recall=0.3919 train_f1=0.4403 train_auc=0.5118 train_specificity=0.6107 train_false_positive_rate=0.3893 train_f2=0.4099 train_mcc=0.0027 train_prauc=0.5091 train_balanced_accuracy=0.5013 train_standard_deviation_prediction=0.0522 train_percentage_above_threshold=39.06 train_brier=0.2526 train_kappa=0.0027 train_informedness=0.0027 train_markedness=0.1130 train_gini=0.0236 train_optimal_threshold=0.4481
[LN783    ] [chunk_18_phase_4_ensemble.py] [info] [section 5] [TRANSFORMER] [final] VALIDATION_PRECISION=0.5443 VALIDATION_TRUE_POSITIVES=27494 VALIDATION_TRUE_NEGATIVES=1458 validation_false_positives=23022 validation_false_negatives=1280 validation_max_prediction=0.9925 validation_mean_prediction=0.5504 validation_recall=0.9555 validation_f1=0.6935 validation_auc=0.5137 validation_specificity=0.0596 validation_false_positive_rate=0.9404 validation_f2=0.8301 validation_mcc=0.0340 validation_prauc=0.5379 validation_balanced_accuracy=0.5075 validation_brier=0.2484 validation_kappa=0.0161 validation_informedness=0.0151 validation_markedness=-0.3962 validation_gini=0.0273 validation_optimal_threshold=0.5543 validation_standard_deviation_prediction=0.0252 validation_percentage_above_threshold=94.86
[LN784    ] [chunk_18_phase_4_ensemble.py] [info] [section 5] [TRANSFORMER] [final] prediction_binary_split=0.50 hyperparams=(loss=binary_crossentropy lr=0.0002 dropout=0.05 alpha=0.5 gamma=2.5 latent_dim=64) (using HPO model directly)
[LN785    ] [chunk_18_phase_4_ensemble.py] [info]    Transformer loss=binary_crossentropy pred_threshold=0.5 epochs=50
[LN786    ] [chunk_18_phase_4_ensemble.py] [info]    [Transformer] hyperparameter_optimization: dim=256, heads=4, dropout=0.05, learning_rate=0.0002, alpha=0.5, gamma=2.5, layers=4
[LN787    ] [chunk_18_phase_4_ensemble.py] [info]    Transformer training time: 1863.7s
[LN788    ] [chunk_18_phase_4_ensemble.py] [info] [pass] Transformer trained successfully
[LN789    ] [chunk_18_phase_4_ensemble.py] [info] Running Feature Stability Analysis...
[LN790    ] [chunk_18_phase_4_ensemble.py] [info]    Feature Stability:
[LN791    ] [chunk_18_phase_4_ensemble.py] [info]       Change: stability=0.030, importance=0.000
[LN792    ] [chunk_18_phase_4_ensemble.py] [info]       Volume: stability=0.009, importance=0.000
[LN793    ] [chunk_18_phase_4_ensemble.py] [info]       Price_to_52W_High: stability=0.007, importance=0.000
[LN794    ] [chunk_18_phase_4_ensemble.py] [info]       Price: stability=0.007, importance=0.000
[LN795    ] [chunk_18_phase_4_ensemble.py] [info]       Prev_Close: stability=0.007, importance=0.000
[LN796    ] [chunk_18_phase_4_ensemble.py] [info]       ATR: stability=0.007, importance=0.000
[LN797    ] [chunk_18_phase_4_ensemble.py] [info]       Rel_Volume: stability=0.007, importance=0.000
[LN798    ] [chunk_18_phase_4_ensemble.py] [info]       52W_Low: stability=0.006, importance=0.000
[LN799    ] [chunk_18_phase_4_ensemble.py] [info]       Perf_Week: stability=0.005, importance=0.000
[LN800    ] [chunk_18_phase_4_ensemble.py] [info]       Price_to_52W_Low: stability=0.004, importance=0.000
[LN801    ] [chunk_18_phase_4_ensemble.py] [info]       52W_High: stability=0.004, importance=0.000
[LN802    ] [chunk_18_phase_4_ensemble.py] [info]       Avg_Volume: stability=0.003, importance=0.000
[LN803    ] [chunk_18_phase_4_ensemble.py] [info]       Ticker_id: stability=0.003, importance=0.000
[LN804    ] [chunk_18_phase_4_ensemble.py] [info]       Perf_YTD: stability=0.003, importance=0.000
[LN805    ] [chunk_18_phase_4_ensemble.py] [info]       Volume_to_Avg_Volume: stability=0.003, importance=0.000
[LN806    ] [chunk_18_phase_4_ensemble.py] [info]       SMA50: stability=0.002, importance=0.000
[LN807    ] [chunk_18_phase_4_ensemble.py] [info]       Perf_Month: stability=0.002, importance=0.000
[LN808    ] [chunk_18_phase_4_ensemble.py] [info]       RSI_14: stability=0.002, importance=0.000
[LN809    ] [chunk_18_phase_4_ensemble.py] [info]       Market_Cap: stability=0.002, importance=0.000
[LN810    ] [chunk_18_phase_4_ensemble.py] [info]       SMA20: stability=0.001, importance=0.000
[LN811    ] [chunk_18_phase_4_ensemble.py] [info]       Perf_Half_Y: stability=0.001, importance=0.000
[LN812    ] [chunk_18_phase_4_ensemble.py] [info]       Perf_Quarter: stability=0.000, importance=0.000
[LN813    ] [chunk_18_phase_4_ensemble.py] [info]       SMA200: stability=0.000, importance=0.000
[LN814    ] [chunk_18_phase_4_ensemble.py] [info]       Perf_Year: stability=0.000, importance=0.000
[LN815    ] [chunk_18_phase_4_ensemble.py] [info] Measuring Inference Latency...
[LN816    ] [chunk_18_phase_4_ensemble.py] [info]    Inference latency: 0.001 ms/sample (10000 samples)
[LN817    ] [chunk_18_phase_4_ensemble.py] [info] Running Sliding Window Validation...
[LN818    ] [chunk_18_phase_4_ensemble.py] [info]    sliding window: train_samples=125233, validation_samples=59175
[LN819    ] [chunk_18_phase_4_ensemble.py] [info]    Sliding Window validation: validation_precision=0.0073 validation_recall=0.4826 validation_f1=0.0144
[LN820    ] [chunk_18_phase_4_ensemble.py] [info]    temporal drift: Significant precision drift: -61.9% change (performance degrading over time)
[LN821    ] [chunk_18_phase_4_ensemble.py] [info]    drift: stability_score=0.580
[LN822    ] [chunk_18_phase_4_ensemble.py] [info] Running Permutation Importance on all trained models...
[LN823    ] [chunk_18_phase_4_ensemble.py] [info]    CatBoost Permutation Importance:
[LN824    ] [chunk_18_phase_4_ensemble.py] [info]       52W_High: 0.0036
[LN825    ] [chunk_18_phase_4_ensemble.py] [info]       Prev_Close: 0.0028
[LN826    ] [chunk_18_phase_4_ensemble.py] [info]       Perf_Quarter: 0.0023
[LN827    ] [chunk_18_phase_4_ensemble.py] [info]       Ticker_id: 0.0018
[LN828    ] [chunk_18_phase_4_ensemble.py] [info]       52W_Low: 0.0016
[LN829    ] [chunk_18_phase_4_ensemble.py] [info]       Market_Cap: 0.0014
[LN830    ] [chunk_18_phase_4_ensemble.py] [info]       ATR: 0.0014
[LN831    ] [chunk_18_phase_4_ensemble.py] [info]       RSI_14: 0.0013
[LN832    ] [chunk_18_phase_4_ensemble.py] [info]       Perf_Week: 0.0008
[LN833    ] [chunk_18_phase_4_ensemble.py] [info]       Perf_Month: 0.0005
[LN834    ] [chunk_18_phase_4_ensemble.py] [info]       Perf_YTD: 0.0001
[LN835    ] [chunk_18_phase_4_ensemble.py] [info]       Perf_Year: -0.0000
[LN836    ] [chunk_18_phase_4_ensemble.py] [info]       Price: -0.0002
[LN837    ] [chunk_18_phase_4_ensemble.py] [info]       Avg_Volume: -0.0016
[LN838    ] [chunk_18_phase_4_ensemble.py] [info]       SMA20: -0.0020
[LN839    ] [chunk_18_phase_4_ensemble.py] [info]       SMA200: -0.0025
[LN840    ] [chunk_18_phase_4_ensemble.py] [info]       SMA50: -0.0029
[LN841    ] [chunk_18_phase_4_ensemble.py] [info]       Perf_Half_Y: -0.0030
[LN842    ] [chunk_18_phase_4_ensemble.py] [info]       Volume: -0.0096
[LN843    ] [chunk_18_phase_4_ensemble.py] [info]    CatBoost [advanced] entropy=35535.6022, LogitComp=1.96, MI=0.0002
[LN844    ] [chunk_18_phase_4_ensemble.py] [info]    CatBoost [advanced] KS-stat=0.0434 (poor_separation), bhattacharyya=-3.1950
[LN845    ] [chunk_18_phase_4_ensemble.py] [info]    LightGBM Permutation Importance:
[LN846    ] [chunk_18_phase_4_ensemble.py] [info]       Perf_Year: 0.0032
[LN847    ] [chunk_18_phase_4_ensemble.py] [info]       52W_High: 0.0023
[LN848    ] [chunk_18_phase_4_ensemble.py] [info]       Ticker_id: 0.0022
[LN849    ] [chunk_18_phase_4_ensemble.py] [info]       Perf_Week: 0.0009
[LN850    ] [chunk_18_phase_4_ensemble.py] [info]       Perf_Month: 0.0006
[LN851    ] [chunk_18_phase_4_ensemble.py] [info]       Market_Cap: 0.0003
[LN852    ] [chunk_18_phase_4_ensemble.py] [info]       Perf_Quarter: -0.0005
[LN853    ] [chunk_18_phase_4_ensemble.py] [info]       Perf_YTD: -0.0008
[LN854    ] [chunk_18_phase_4_ensemble.py] [info]       ATR: -0.0013
[LN855    ] [chunk_18_phase_4_ensemble.py] [info]       52W_Low: -0.0018
[LN856    ] [chunk_18_phase_4_ensemble.py] [info]       Prev_Close: -0.0018
[LN857    ] [chunk_18_phase_4_ensemble.py] [info]       SMA20: -0.0026
[LN858    ] [chunk_18_phase_4_ensemble.py] [info]       Avg_Volume: -0.0030
[LN859    ] [chunk_18_phase_4_ensemble.py] [info]       SMA200: -0.0046
[LN860    ] [chunk_18_phase_4_ensemble.py] [info]       Perf_Half_Y: -0.0055
[LN861    ] [chunk_18_phase_4_ensemble.py] [info]       SMA50: -0.0058
[LN862    ] [chunk_18_phase_4_ensemble.py] [info]       RSI_14: -0.0078
[LN863    ] [chunk_18_phase_4_ensemble.py] [info]       Price: -0.0086
[LN864    ] [chunk_18_phase_4_ensemble.py] [info]       Volume: -0.0109
[LN865    ] [chunk_18_phase_4_ensemble.py] [info]    LightGBM [advanced] entropy=34064.3484, LogitComp=2.12, MI=0.0001
[LN866    ] [chunk_18_phase_4_ensemble.py] [info]    LightGBM [advanced] KS-stat=0.0373 (poor_separation), bhattacharyya=-3.1076
[LN867    ] [chunk_18_phase_4_ensemble.py] [info]    XGBoost Permutation Importance:
[LN868    ] [chunk_18_phase_4_ensemble.py] [info]       Avg_Volume: 0.0123
[LN869    ] [chunk_18_phase_4_ensemble.py] [info]       ATR: 0.0079
[LN870    ] [chunk_18_phase_4_ensemble.py] [info]       52W_High: 0.0041
[LN871    ] [chunk_18_phase_4_ensemble.py] [info]       Market_Cap: 0.0017
[LN872    ] [chunk_18_phase_4_ensemble.py] [info]       Volume: 0.0010
[LN873    ] [chunk_18_phase_4_ensemble.py] [info]       Prev_Close: 0.0005
[LN874    ] [chunk_18_phase_4_ensemble.py] [info]       Perf_Quarter: -0.0000
[LN875    ] [chunk_18_phase_4_ensemble.py] [info]       Perf_Month: -0.0007
[LN876    ] [chunk_18_phase_4_ensemble.py] [info]       SMA20: -0.0044
[LN877    ] [chunk_18_phase_4_ensemble.py] [info]       Perf_Year: -0.0045
[LN878    ] [chunk_18_phase_4_ensemble.py] [info]       Perf_Half_Y: -0.0075
[LN879    ] [chunk_18_phase_4_ensemble.py] [info]       52W_Low: -0.0076
[LN880    ] [chunk_18_phase_4_ensemble.py] [info]       SMA200: -0.0087
[LN881    ] [chunk_18_phase_4_ensemble.py] [info]       Perf_Week: -0.0107
[LN882    ] [chunk_18_phase_4_ensemble.py] [info]       RSI_14: -0.0178
[LN883    ] [chunk_18_phase_4_ensemble.py] [info]       Perf_YTD: -0.0240
[LN884    ] [chunk_18_phase_4_ensemble.py] [info]       Price: -0.0279
[LN885    ] [chunk_18_phase_4_ensemble.py] [info]       Ticker_id: -0.0288
[LN886    ] [chunk_18_phase_4_ensemble.py] [info]       SMA50: -0.0357
[LN887    ] [chunk_18_phase_4_ensemble.py] [info]    XGBoost [advanced] entropy=7859.2354, LogitComp=2.90, MI=0.0003
[LN888    ] [chunk_18_phase_4_ensemble.py] [info]    XGBoost [advanced] KS-stat=0.0721 (poor_separation), bhattacharyya=-3.0071
[LN889    ] [chunk_18_phase_4_ensemble.py] [info]    Dense Permutation Importance:
[LN890    ] [chunk_18_phase_4_ensemble.py] [info]       Perf_Year: 0.0042
[LN891    ] [chunk_18_phase_4_ensemble.py] [info]       52W_Low: 0.0009
[LN892    ] [chunk_18_phase_4_ensemble.py] [info]       Perf_Quarter: 0.0006
[LN893    ] [chunk_18_phase_4_ensemble.py] [info]       52W_High: 0.0003
[LN894    ] [chunk_18_phase_4_ensemble.py] [info]       SMA50: 0.0003
[LN895    ] [chunk_18_phase_4_ensemble.py] [info]       Perf_Half_Y: 0.0000
[LN896    ] [chunk_18_phase_4_ensemble.py] [info]       Perf_Week: -0.0002
[LN897    ] [chunk_18_phase_4_ensemble.py] [info]       Perf_YTD: -0.0003
[LN898    ] [chunk_18_phase_4_ensemble.py] [info]       SMA20: -0.0003
[LN899    ] [chunk_18_phase_4_ensemble.py] [info]       Perf_Month: -0.0004
[LN900    ] [chunk_18_phase_4_ensemble.py] [info]       Ticker_id: -0.0004
[LN901    ] [chunk_18_phase_4_ensemble.py] [info]       Market_Cap: -0.0005
[LN902    ] [chunk_18_phase_4_ensemble.py] [info]       Avg_Volume: -0.0008
[LN903    ] [chunk_18_phase_4_ensemble.py] [info]       RSI_14: -0.0012
[LN904    ] [chunk_18_phase_4_ensemble.py] [info]       ATR: -0.0013
[LN905    ] [chunk_18_phase_4_ensemble.py] [info]       Prev_Close: -0.0015
[LN906    ] [chunk_18_phase_4_ensemble.py] [info]       SMA200: -0.0017
[LN907    ] [chunk_18_phase_4_ensemble.py] [info]       Price: -0.0023
[LN908    ] [chunk_18_phase_4_ensemble.py] [info]       Volume: -0.0023
[LN909    ] [chunk_18_phase_4_ensemble.py] [info]    Dense [advanced] entropy=35810.9062, LogitComp=1.59, MI=0.0002
[LN910    ] [chunk_18_phase_4_ensemble.py] [info]    Dense [advanced] KS-stat=0.0251 (poor_separation), bhattacharyya=-3.4535
[LN911    ] [chunk_18_phase_4_ensemble.py] [info]    CNN Permutation Importance:
[LN912    ] [chunk_18_phase_4_ensemble.py] [info]       52W_Low: 0.0015
[LN913    ] [chunk_18_phase_4_ensemble.py] [info]       Perf_Year: 0.0011
[LN914    ] [chunk_18_phase_4_ensemble.py] [info]       Prev_Close: 0.0002
[LN915    ] [chunk_18_phase_4_ensemble.py] [info]       Perf_Half_Y: 0.0001
[LN916    ] [chunk_18_phase_4_ensemble.py] [info]       Price: -0.0001
[LN917    ] [chunk_18_phase_4_ensemble.py] [info]       52W_High: -0.0006
[LN918    ] [chunk_18_phase_4_ensemble.py] [info]       Market_Cap: -0.0006
[LN919    ] [chunk_18_phase_4_ensemble.py] [info]       Perf_Week: -0.0006
[LN920    ] [chunk_18_phase_4_ensemble.py] [info]       SMA200: -0.0010
[LN921    ] [chunk_18_phase_4_ensemble.py] [info]       ATR: -0.0012
[LN922    ] [chunk_18_phase_4_ensemble.py] [info]       Perf_Month: -0.0014
[LN923    ] [chunk_18_phase_4_ensemble.py] [info]       SMA20: -0.0014
[LN924    ] [chunk_18_phase_4_ensemble.py] [info]       RSI_14: -0.0016
[LN925    ] [chunk_18_phase_4_ensemble.py] [info]       Perf_YTD: -0.0017
[LN926    ] [chunk_18_phase_4_ensemble.py] [info]       Volume: -0.0019
[LN927    ] [chunk_18_phase_4_ensemble.py] [info]       Perf_Quarter: -0.0030
[LN928    ] [chunk_18_phase_4_ensemble.py] [info]       Avg_Volume: -0.0036
[LN929    ] [chunk_18_phase_4_ensemble.py] [info]       Ticker_id: -0.0038
[LN930    ] [chunk_18_phase_4_ensemble.py] [info]       SMA50: -0.0047
[LN931    ] [chunk_18_phase_4_ensemble.py] [info]    CNN [advanced] entropy=27685.8340, LogitComp=1.90, MI=0.0004
[LN932    ] [chunk_18_phase_4_ensemble.py] [info]    CNN [advanced] KS-stat=0.0327 (poor_separation), bhattacharyya=-3.0001
[LN933    ] [chunk_18_phase_4_ensemble.py] [info]    RNN Permutation Importance:
[LN934    ] [chunk_18_phase_4_ensemble.py] [info]       52W_High: 0.0053
[LN935    ] [chunk_18_phase_4_ensemble.py] [info]       Market_Cap: 0.0039
[LN936    ] [chunk_18_phase_4_ensemble.py] [info]       Price: 0.0037
[LN937    ] [chunk_18_phase_4_ensemble.py] [info]       Perf_Month: 0.0031
[LN938    ] [chunk_18_phase_4_ensemble.py] [info]       Ticker_id: 0.0027
[LN939    ] [chunk_18_phase_4_ensemble.py] [info]       Volume: 0.0024
[LN940    ] [chunk_18_phase_4_ensemble.py] [info]       52W_Low: 0.0024
[LN941    ] [chunk_18_phase_4_ensemble.py] [info]       Avg_Volume: 0.0014
[LN942    ] [chunk_18_phase_4_ensemble.py] [info]       Prev_Close: 0.0014
[LN943    ] [chunk_18_phase_4_ensemble.py] [info]       Perf_Half_Y: 0.0014
[LN944    ] [chunk_18_phase_4_ensemble.py] [info]       Perf_YTD: 0.0008
[LN945    ] [chunk_18_phase_4_ensemble.py] [info]       Perf_Quarter: 0.0001
[LN946    ] [chunk_18_phase_4_ensemble.py] [info]       Perf_Year: -0.0006
[LN947    ] [chunk_18_phase_4_ensemble.py] [info]       ATR: -0.0008
[LN948    ] [chunk_18_phase_4_ensemble.py] [info]       SMA50: -0.0009
[LN949    ] [chunk_18_phase_4_ensemble.py] [info]       SMA20: -0.0014
[LN950    ] [chunk_18_phase_4_ensemble.py] [info]       Perf_Week: -0.0017
[LN951    ] [chunk_18_phase_4_ensemble.py] [info]       RSI_14: -0.0022
[LN952    ] [chunk_18_phase_4_ensemble.py] [info]       SMA200: -0.0037
[LN953    ] [chunk_18_phase_4_ensemble.py] [info]    RNN [advanced] entropy=14193.9678, LogitComp=1.49, MI=0.0030
[LN954    ] [chunk_18_phase_4_ensemble.py] [info]    RNN [advanced] KS-stat=0.0790 (poor_separation), bhattacharyya=-3.0441
[LN955    ] [chunk_18_phase_4_ensemble.py] [info]    LSTM Permutation Importance:
[LN956    ] [chunk_18_phase_4_ensemble.py] [info]       Volume: 0.0064
[LN957    ] [chunk_18_phase_4_ensemble.py] [info]       52W_High: 0.0034
[LN958    ] [chunk_18_phase_4_ensemble.py] [info]       Perf_Half_Y: 0.0016
[LN959    ] [chunk_18_phase_4_ensemble.py] [info]       Perf_Quarter: 0.0016
[LN960    ] [chunk_18_phase_4_ensemble.py] [info]       Perf_Month: 0.0014
[LN961    ] [chunk_18_phase_4_ensemble.py] [info]       SMA50: 0.0007
[LN962    ] [chunk_18_phase_4_ensemble.py] [info]       Perf_YTD: 0.0005
[LN963    ] [chunk_18_phase_4_ensemble.py] [info]       Ticker_id: -0.0002
[LN964    ] [chunk_18_phase_4_ensemble.py] [info]       Market_Cap: -0.0002
[LN965    ] [chunk_18_phase_4_ensemble.py] [info]       Perf_Week: -0.0002
[LN966    ] [chunk_18_phase_4_ensemble.py] [info]       RSI_14: -0.0004
[LN967    ] [chunk_18_phase_4_ensemble.py] [info]       SMA20: -0.0006
[LN968    ] [chunk_18_phase_4_ensemble.py] [info]       52W_Low: -0.0008
[LN969    ] [chunk_18_phase_4_ensemble.py] [info]       Avg_Volume: -0.0011
[LN970    ] [chunk_18_phase_4_ensemble.py] [info]       ATR: -0.0021
[LN971    ] [chunk_18_phase_4_ensemble.py] [info]       Perf_Year: -0.0025
[LN972    ] [chunk_18_phase_4_ensemble.py] [info]       SMA200: -0.0029
[LN973    ] [chunk_18_phase_4_ensemble.py] [info]       Prev_Close: -0.0041
[LN974    ] [chunk_18_phase_4_ensemble.py] [info]       Price: -0.0059
[LN975    ] [chunk_18_phase_4_ensemble.py] [info]    LSTM [advanced] entropy=36874.6953, LogitComp=1.18, MI=0.0001
[LN976    ] [chunk_18_phase_4_ensemble.py] [info]    LSTM [advanced] KS-stat=0.0215 (poor_separation), bhattacharyya=-4.6127
[LN977    ] [chunk_18_phase_4_ensemble.py] [info]    VAE Permutation Importance:
[LN978    ] [chunk_18_phase_4_ensemble.py] [info]       Avg_Volume: -0.0011
[LN979    ] [chunk_18_phase_4_ensemble.py] [info]       SMA50: -0.0016
[LN980    ] [chunk_18_phase_4_ensemble.py] [info]       Perf_Quarter: -0.0018
[LN981    ] [chunk_18_phase_4_ensemble.py] [info]       Perf_Half_Y: -0.0018
[LN982    ] [chunk_18_phase_4_ensemble.py] [info]       Market_Cap: -0.0021
[LN983    ] [chunk_18_phase_4_ensemble.py] [info]       ATR: -0.0022
[LN984    ] [chunk_18_phase_4_ensemble.py] [info]       Volume: -0.0022
[LN985    ] [chunk_18_phase_4_ensemble.py] [info]       Perf_Year: -0.0023
[LN986    ] [chunk_18_phase_4_ensemble.py] [info]       SMA20: -0.0024
[LN987    ] [chunk_18_phase_4_ensemble.py] [info]       RSI_14: -0.0027
[LN988    ] [chunk_18_phase_4_ensemble.py] [info]       Ticker_id: -0.0031
[LN989    ] [chunk_18_phase_4_ensemble.py] [info]       SMA200: -0.0033
[LN990    ] [chunk_18_phase_4_ensemble.py] [info]       Perf_Week: -0.0033
[LN991    ] [chunk_18_phase_4_ensemble.py] [info]       Price: -0.0033
[LN992    ] [chunk_18_phase_4_ensemble.py] [info]       Perf_Month: -0.0034
[LN993    ] [chunk_18_phase_4_ensemble.py] [info]       52W_High: -0.0036
[LN994    ] [chunk_18_phase_4_ensemble.py] [info]       52W_Low: -0.0038
[LN995    ] [chunk_18_phase_4_ensemble.py] [info]       Perf_YTD: -0.0038
[LN996    ] [chunk_18_phase_4_ensemble.py] [info]       Prev_Close: -0.0041
[LN997    ] [chunk_18_phase_4_ensemble.py] [info]    VAE [advanced] entropy=36900.1328, LogitComp=1.17, MI=0.0000
[LN998    ] [chunk_18_phase_4_ensemble.py] [info]    VAE [advanced] KS-stat=0.0083 (poor_separation), bhattacharyya=-4.9262
[LN999    ] [chunk_18_phase_4_ensemble.py] [info]    Transformer Permutation Importance:
[LN1000   ] [chunk_18_phase_4_ensemble.py] [info]       Price: 0.0021
[LN1001   ] [chunk_18_phase_4_ensemble.py] [info]       Perf_Half_Y: 0.0014
[LN1002   ] [chunk_18_phase_4_ensemble.py] [info]       Avg_Volume: 0.0011
[LN1003   ] [chunk_18_phase_4_ensemble.py] [info]       SMA50: 0.0011
[LN1004   ] [chunk_18_phase_4_ensemble.py] [info]       52W_Low: 0.0010
[LN1005   ] [chunk_18_phase_4_ensemble.py] [info]       Ticker_id: 0.0010
[LN1006   ] [chunk_18_phase_4_ensemble.py] [info]       Perf_Quarter: 0.0009
[LN1007   ] [chunk_18_phase_4_ensemble.py] [info]       52W_High: 0.0008
[LN1008   ] [chunk_18_phase_4_ensemble.py] [info]       Perf_Month: 0.0008
[LN1009   ] [chunk_18_phase_4_ensemble.py] [info]       Perf_YTD: 0.0007
[LN1010   ] [chunk_18_phase_4_ensemble.py] [info]       RSI_14: 0.0007
[LN1011   ] [chunk_18_phase_4_ensemble.py] [info]       Market_Cap: 0.0006
[LN1012   ] [chunk_18_phase_4_ensemble.py] [info]       Volume: 0.0003
[LN1013   ] [chunk_18_phase_4_ensemble.py] [info]       Prev_Close: 0.0002
[LN1014   ] [chunk_18_phase_4_ensemble.py] [info]       SMA200: 0.0001
[LN1015   ] [chunk_18_phase_4_ensemble.py] [info]       Perf_Year: 0.0000
[LN1016   ] [chunk_18_phase_4_ensemble.py] [info]       Perf_Week: -0.0002
[LN1017   ] [chunk_18_phase_4_ensemble.py] [info]       SMA20: -0.0002
[LN1018   ] [chunk_18_phase_4_ensemble.py] [info]       ATR: -0.0003
[LN1019   ] [chunk_18_phase_4_ensemble.py] [info]    Transformer [advanced] entropy=36571.8086, LogitComp=1.80, MI=0.0006
[LN1020   ] [chunk_18_phase_4_ensemble.py] [info]    Transformer [advanced] KS-stat=0.0411 (poor_separation), bhattacharyya=-3.4049
[LN1021   ] [chunk_18_phase_4_ensemble.py] [info] Filtering architectures by minimum validation_precision > 0.53:
[LN1022   ] [chunk_18_phase_4_ensemble.py] [info]   CatBoost: validation_precision=0.5273 FAIL (Minimum Validation_Precision Required=0.53)
[LN1023   ] [chunk_18_phase_4_ensemble.py] [info]   LightGBM: validation_precision=0.5301 PASS (Minimum Validation_Precision Required=0.53)
[LN1024   ] [chunk_18_phase_4_ensemble.py] [info]   XGBoost: validation_precision=0.0812 FAIL (Minimum Validation_Precision Required=0.53)
[LN1025   ] [chunk_18_phase_4_ensemble.py] [info]   Dense: validation_precision=0.5367 PASS (Minimum Validation_Precision Required=0.53)
[LN1026   ] [chunk_18_phase_4_ensemble.py] [info]   CNN: validation_precision=0.5252 FAIL (Minimum Validation_Precision Required=0.53)
[LN1027   ] [chunk_18_phase_4_ensemble.py] [info]   RNN: validation_precision=0.0615 FAIL (Minimum Validation_Precision Required=0.53)
[LN1028   ] [chunk_18_phase_4_ensemble.py] [info]   LSTM: validation_precision=0.5365 PASS (Minimum Validation_Precision Required=0.53)
[LN1029   ] [chunk_18_phase_4_ensemble.py] [info]   VAE: validation_precision=0.5422 PASS (Minimum Validation_Precision Required=0.53)
[LN1030   ] [chunk_18_phase_4_ensemble.py] [info]   Transformer: validation_precision=0.5443 PASS (Minimum Validation_Precision Required=0.53)
[LN1031   ] [chunk_18_phase_4_ensemble.py] [info] ensemble: 5 architectures (LightGBM, Dense, LSTM, VAE, Transformer)
[LN1032   ] [chunk_18_phase_4_ensemble.py] [info]    [diagnostic-ensemble]  cumulative binary_split_predictions (1%) ≤ 0.4409, (5%) ≤ 0.4568, (10%) ≤ 0.4664, (25%) ≤ 0.4869, (50%) ≤ 0.5146, (75%) ≤ 0.5433, (90%) ≤ 0.5678, (95%) ≤ 0.5835, (99%) ≤ 0.6175, max=0.7001 binary_split_predictions distribution: 0% ≤ 0.01, 0% ≤ 0.02, 0% ≤ 0.05, 0% ≤ 0.1, 0% ≤ 0.2, 37% ≤ 0.5, 63% ≥ 0.50
[LN1033   ] [chunk_18_phase_4_ensemble.py] [info] Ensemble precision (validation): 0.5263 (LABEL_THRESHOLD=0.0, prediction_binary_split=0.50)
[LN1034   ] [chunk_18_phase_4_ensemble.py] [info] ARCHITECTURE RANKING (by validation_precision)
[LN1035   ] [chunk_18_phase_4_ensemble.py] [info] 1. Transformer  label_threshold=0.0 validation_precision=0.5443 VALIDATION_TRUE_POSITIVES=27494 VALIDATION_TRUE_NEGATIVES=1458 validation_false_positives=23022 validation_false_negatives=1280 validation_max_prediction=0.9925 validation_mean_prediction=0.5504 validation_recall=0.9555 validation_f1=0.6935 validation_auc=0.5137 validation_specificity=0.0596 validation_false_positive_rate=0.9404 validation_f2=0.8301 validation_mcc=0.0340 validation_prauc=0.5379 validation_balanced_accuracy=0.5075 validation_brier=0.2484 validation_kappa=0.0161 validation_informedness=0.0151 validation_markedness=-0.3962 validation_gini=0.0273 validation_optimal_threshold=0.5543 validation_standard_deviation_prediction=0.0252 validation_percentage_above_threshold=94.86
[LN1036   ] [chunk_18_phase_4_ensemble.py] [info] 2. VAE          label_threshold=0.0 validation_precision=0.5422 VALIDATION_TRUE_POSITIVES=15535 VALIDATION_TRUE_NEGATIVES=11365 validation_false_positives=13115 validation_false_negatives=13239 validation_max_prediction=0.6115 validation_mean_prediction=0.5006 validation_recall=0.5399 validation_f1=0.5411 validation_auc=0.5029 validation_specificity=0.4643 validation_false_positive_rate=0.5357 validation_f2=0.5404 validation_mcc=0.0042 validation_prauc=0.5460 validation_balanced_accuracy=0.5021 validation_brier=0.2500 validation_kappa=0.0042 validation_informedness=0.0042 validation_markedness=0.0065 validation_gini=0.0058 validation_optimal_threshold=0.5024 validation_standard_deviation_prediction=0.0109 validation_percentage_above_threshold=53.80
[LN1037   ] [chunk_18_phase_4_ensemble.py] [info] 3. Dense        label_threshold=0.0 validation_precision=0.5367 VALIDATION_TRUE_POSITIVES=24640 VALIDATION_TRUE_NEGATIVES=3206 validation_false_positives=21274 validation_false_negatives=4134 validation_max_prediction=0.9110 validation_mean_prediction=0.5720 validation_recall=0.8563 validation_f1=0.6598 validation_auc=0.5051 validation_specificity=0.1310 validation_false_positive_rate=0.8690 validation_f2=0.7652 validation_mcc=-0.0184 validation_prauc=0.5598 validation_balanced_accuracy=0.4936 validation_brier=0.2533 validation_kappa=-0.0134 validation_informedness=-0.0127 validation_markedness=-0.3324 validation_gini=0.0101 validation_optimal_threshold=0.6139 validation_standard_deviation_prediction=0.0705 validation_percentage_above_threshold=86.22
[LN1038   ] [chunk_18_phase_4_ensemble.py] [info] 4. LSTM         label_threshold=0.0 validation_precision=0.5365 VALIDATION_TRUE_POSITIVES=22245 VALIDATION_TRUE_NEGATIVES=5258 validation_false_positives=19222 validation_false_negatives=6529 validation_max_prediction=0.6000 validation_mean_prediction=0.5096 validation_recall=0.7731 validation_f1=0.6334 validation_auc=0.4961 validation_specificity=0.2148 validation_false_positive_rate=0.7852 validation_f2=0.7104 validation_mcc=-0.0145 validation_prauc=0.5423 validation_balanced_accuracy=0.4939 validation_brier=0.2496 validation_kappa=-0.0126 validation_informedness=-0.0121 validation_markedness=-0.2488 validation_gini=0.0000 validation_optimal_threshold=0.5225 validation_standard_deviation_prediction=0.0163 validation_percentage_above_threshold=77.87
[LN1039   ] [chunk_18_phase_4_ensemble.py] [info] 5. LightGBM     label_threshold=0.0 validation_precision=0.5301 VALIDATION_TRUE_POSITIVES=10316 VALIDATION_TRUE_NEGATIVES=15337 validation_false_positives=9143 validation_false_negatives=18458 validation_max_prediction=0.9528 validation_mean_prediction=0.4488 validation_recall=0.3585 validation_f1=0.4278 validation_auc=0.4865 validation_specificity=0.6265 validation_false_positive_rate=0.3735 validation_f2=0.3833 validation_mcc=-0.0155 validation_prauc=0.5521 validation_balanced_accuracy=0.4925 validation_brier=0.2812 validation_kappa=-0.0146 validation_informedness=-0.0150 validation_markedness=0.1567 validation_gini=0.0000 validation_optimal_threshold=0.6704 validation_standard_deviation_prediction=0.1509 validation_percentage_above_threshold=36.54
[LN1040   ] [chunk_18_phase_4_ensemble.py] [info] 6. CatBoost     label_threshold=0.0 validation_precision=0.5273 VALIDATION_TRUE_POSITIVES=10877 VALIDATION_TRUE_NEGATIVES=14728 validation_false_positives=9752 validation_false_negatives=17897 validation_max_prediction=0.9305 validation_mean_prediction=0.4739 validation_recall=0.3780 validation_f1=0.4403 validation_auc=0.4823 validation_specificity=0.6016 validation_false_positive_rate=0.3984 validation_f2=0.4007 validation_mcc=-0.0208 validation_prauc=0.5449 validation_balanced_accuracy=0.4898 validation_brier=0.2664 validation_kappa=-0.0199 validation_informedness=-0.0204 validation_markedness=0.1289 validation_gini=0.0000 validation_optimal_threshold=0.6344 validation_standard_deviation_prediction=0.1091 validation_percentage_above_threshold=38.74
[LN1041   ] [chunk_18_phase_4_ensemble.py] [info] 7. CNN          label_threshold=0.0 validation_precision=0.5252 VALIDATION_TRUE_POSITIVES=13569 VALIDATION_TRUE_NEGATIVES=12215 validation_false_positives=12265 validation_false_negatives=15205 validation_max_prediction=0.9998 validation_mean_prediction=0.4670 validation_recall=0.4716 validation_f1=0.4970 validation_auc=0.4835 validation_specificity=0.4990 validation_false_positive_rate=0.5010 validation_f2=0.4814 validation_mcc=-0.0294 validation_prauc=0.5227 validation_balanced_accuracy=0.4853 validation_brier=0.3365 validation_kappa=-0.0292 validation_informedness=-0.0294 validation_markedness=0.0242 validation_gini=0.0000 validation_optimal_threshold=0.0225 validation_standard_deviation_prediction=0.2740 validation_percentage_above_threshold=48.51
[LN1042   ] [chunk_18_phase_4_ensemble.py] [info] 8. XGBoost      label_threshold=10.0 validation_precision=0.0812 VALIDATION_TRUE_POSITIVES=179 VALIDATION_TRUE_NEGATIVES=50031 validation_false_positives=2026 validation_false_negatives=1018 validation_max_prediction=0.9860 validation_mean_prediction=0.0742 validation_recall=0.1495 validation_f1=0.1052 validation_auc=0.7913 validation_specificity=0.9611 validation_false_positive_rate=0.0389 validation_f2=0.1280 validation_mcc=0.0823 validation_prauc=0.0650 validation_balanced_accuracy=0.5553 validation_brier=0.0433 validation_kappa=0.0784 validation_informedness=0.1106 validation_markedness=0.0423 validation_gini=0.5826 validation_optimal_threshold=0.0169 validation_standard_deviation_prediction=0.1585 validation_percentage_above_threshold=4.14
[LN1043   ] [chunk_18_phase_4_ensemble.py] [info] 9. RNN          label_threshold=10.0 validation_precision=0.0615 VALIDATION_TRUE_POSITIVES=1030 VALIDATION_TRUE_NEGATIVES=36344 validation_false_positives=15713 validation_false_negatives=167 validation_max_prediction=0.9507 validation_mean_prediction=0.2948 validation_recall=0.8605 validation_f1=0.1148 validation_auc=0.8421 validation_specificity=0.6982 validation_false_positive_rate=0.3018 validation_f2=0.2392 validation_mcc=0.1784 validation_prauc=0.0886 validation_balanced_accuracy=0.7793 validation_brier=0.2022 validation_kappa=0.0761 validation_informedness=0.5586 validation_markedness=-0.2403 validation_gini=0.6842 validation_optimal_threshold=0.5626 validation_standard_deviation_prediction=0.3558 validation_percentage_above_threshold=31.44
[LN1044   ] [chunk_18_phase_4_ensemble.py] [info] hyperparameter_optimization IMPACT SUMMARY
[LN1045   ] [chunk_18_phase_4_ensemble.py] [info] CatBoost     pre_hpo_validation_precision=0.5232 post_hpo_validation_precision=0.5273 hpo_improved=Yes
[LN1046   ] [chunk_18_phase_4_ensemble.py] [info] LightGBM     pre_hpo_validation_precision=0.5292 post_hpo_validation_precision=0.5301 hpo_improved=Yes
[LN1047   ] [chunk_18_phase_4_ensemble.py] [info] XGBoost      pre_hpo_validation_precision=0.0812 post_hpo_validation_precision=0.0747 hpo_improved=No
[LN1048   ] [chunk_18_phase_4_ensemble.py] [info] Dense        pre_hpo_validation_precision=0.5203 post_hpo_validation_precision=0.5367 hpo_improved=Yes
[LN1049   ] [chunk_18_phase_4_ensemble.py] [info] CNN          pre_hpo_validation_precision=0.0000 post_hpo_validation_precision=0.0167 hpo_improved=Yes
[LN1050   ] [chunk_18_phase_4_ensemble.py] [info] RNN          pre_hpo_validation_precision=0.0000 post_hpo_validation_precision=0.0237 hpo_improved=Yes
[LN1051   ] [chunk_18_phase_4_ensemble.py] [info] LSTM         pre_hpo_validation_precision=0.5283 post_hpo_validation_precision=0.5365 hpo_improved=Yes
[LN1052   ] [chunk_18_phase_4_ensemble.py] [info] VAE          pre_hpo_validation_precision=0.5405 post_hpo_validation_precision=0.5410 hpo_improved=Yes
[LN1053   ] [chunk_18_phase_4_ensemble.py] [info] Transformer  pre_hpo_validation_precision=0.5219 post_hpo_validation_precision=0.5443 hpo_improved=Yes
[LN1054   ] [chunk_18_phase_4_ensemble.py] [info] TRAINING TIME SUMMARY
[LN1055   ] [chunk_18_phase_4_ensemble.py] [info]    CatBoost: 66.8s
[LN1056   ] [chunk_18_phase_4_ensemble.py] [info]    LightGBM: 46.9s
[LN1057   ] [chunk_18_phase_4_ensemble.py] [info]    XGBoost: 27.4s
[LN1058   ] [chunk_18_phase_4_ensemble.py] [info]    Dense: 942.8s
[LN1059   ] [chunk_18_phase_4_ensemble.py] [info]    CNN: 3262.4s
[LN1060   ] [chunk_18_phase_4_ensemble.py] [info]    RNN: 1808.6s
[LN1061   ] [chunk_18_phase_4_ensemble.py] [info]    LSTM: 1129.6s
[LN1062   ] [chunk_18_phase_4_ensemble.py] [info]    VAE: 581.6s
[LN1063   ] [chunk_18_phase_4_ensemble.py] [info]    Transformer: 1863.7s
[LN1064   ] [chunk_18_phase_4_ensemble.py] [info]    total: 9729.9s
[LN1065   ] [chunk_18_phase_4_ensemble.py] [info]    Skipping CatBoost (precision 0.5273 < 0.53)
[LN1066   ] [chunk_18_phase_4_ensemble.py] [info]    Saved LightGBM model to ./saved_models/LightGBM_model.keras
[LN1067   ] [chunk_18_phase_4_ensemble.py] [info]    Skipping XGBoost (precision 0.0812 < 0.53)
[LN1068   ] [chunk_18_phase_4_ensemble.py] [info]    Saved Dense model to ./saved_models/Dense_model.keras
[LN1069   ] [chunk_18_phase_4_ensemble.py] [info]    Saved Dense scaler to ./saved_models/Dense_scaler.joblib
[LN1070   ] [chunk_18_phase_4_ensemble.py] [info]    Skipping CNN (precision 0.5252 < 0.53)
[LN1071   ] [chunk_18_phase_4_ensemble.py] [info]    Skipping RNN (precision 0.0615 < 0.53)
[LN1072   ] [chunk_18_phase_4_ensemble.py] [info]    Saved LSTM model to ./saved_models/LSTM_model.keras
[LN1073   ] [chunk_18_phase_4_ensemble.py] [info]    Saved LSTM scaler to ./saved_models/LSTM_scaler.joblib
[LN1074   ] [chunk_18_phase_4_ensemble.py] [info]    Saved VAE model to ./saved_models/VAE_model.keras
[LN1075   ] [chunk_18_phase_4_ensemble.py] [info]    Saved VAE scaler to ./saved_models/VAE_scaler.joblib
[LN1076   ] [chunk_18_phase_4_ensemble.py] [info]    Saved Transformer model to ./saved_models/Transformer_model.keras
[LN1077   ] [chunk_18_phase_4_ensemble.py] [info]    Saved Transformer scaler to ./saved_models/Transformer_scaler.joblib
[LN1078   ] [chunk_18_phase_4_ensemble.py] [info]    Saved temporal weights to ./saved_models/temporal_weights.json
[LN1079   ] [chunk_18_phase_4_ensemble.py] [info]    Saved feature names to ./saved_models/feature_names.json
[LN1080   ] [chunk_18_phase_4_ensemble.py] [info]    Saved split date to ./saved_models/split_date.txt
[LN1081   ] [chunk_18_phase_4_ensemble.py] [info]    Saved all training dates to ./saved_models/all_dates.json
[LN1082   ] [chunk_18_phase_4_ensemble.py] [info]    Saved LightGBM metadata to ./saved_models/LightGBM_metadata.json
[LN1083   ] [chunk_18_phase_4_ensemble.py] [info]    Saved Dense metadata to ./saved_models/Dense_metadata.json
[LN1084   ] [chunk_18_phase_4_ensemble.py] [info]    Saved LSTM metadata to ./saved_models/LSTM_metadata.json
[LN1085   ] [chunk_18_phase_4_ensemble.py] [info]    Saved VAE metadata to ./saved_models/VAE_metadata.json
[LN1086   ] [chunk_18_phase_4_ensemble.py] [info]    Saved Transformer metadata to ./saved_models/Transformer_metadata.json
[LN1087   ] [chunk_18_phase_4_ensemble.py] [info]    5 model(s) and parameters saved to ./saved_models
[LN1088   ] [chunk_XX_phase_feature_analysis_b.py] [info] Phase Xb: Temporal Precision Gap Analysis - Starting
[LN1089   ] [chunk_XX_phase_feature_analysis_b.py] [info] Analyzing temporal precision gap for 9 architectures
[LN1090   ] [chunk_XX_phase_feature_analysis_b.py] [info] Label threshold: 20.0, Prediction threshold: 0.5
[LN1091   ] [chunk_XX_phase_feature_analysis_b.py] [info] Validation date split: 9 unique dates, tail=3 days each (N_DAYS=3, FRACTION=33%)
[LN1092   ] [chunk_XX_phase_feature_analysis_b.py] [info] Validation Recent dates (newest 3 days, 20251017..20251021): 17,747 samples, 91 signal cases
[LN1093   ] [chunk_XX_phase_feature_analysis_b.py] [info] Validation Older dates (oldest 3 days, 20251009..20251013): 17,755 samples, 139 signal cases
[LN1094   ] [chunk_XX_phase_feature_analysis_b.py] [info] Temporal Precision Gap (validation set): Recent = newest 3 days (20251017..20251021), Older = oldest 3 days (20251009..20251013), middle 3 days excluded as buffer
[LN1095   ] [chunk_XX_phase_feature_analysis_b.py] [info] Phase Xb: Temporal Precision Gap Analysis Report - FULL METRICS
[LN1096   ] [chunk_XX_phase_feature_analysis_b.py] [info] Architecture validation_recent_precision validation_recent_recall validation_recent_auc validation_recent_f1 validation_older_precision validation_older_recall validation_older_auc validation_older_f1    Gap
[LN1097   ] [chunk_XX_phase_feature_analysis_b.py] [info] Transformer  validation_recent_precision=  0.0050 validation_recent_recall=  0.9341 validation_recent_auc=    0.4592 validation_recent_f1=  0.0099 validation_older_precision=  0.0068 validation_older_recall=  0.8058 validation_older_auc=    0.3559 validation_older_f1=  0.0135 Gap= -0.00
[LN1098   ] [chunk_XX_phase_feature_analysis_b.py] [info] VAE          validation_recent_precision=  0.0052 validation_recent_recall=  0.5495 validation_recent_auc=    0.5209 validation_recent_f1=  0.0103 validation_older_precision=  0.0079 validation_older_recall=  0.5468 validation_older_auc=    0.4980 validation_older_f1=  0.0156 Gap= -0.00
[LN1099   ] [chunk_XX_phase_feature_analysis_b.py] [info] CNN          validation_recent_precision=  0.0079 validation_recent_recall=  0.6703 validation_recent_auc=    0.6782 validation_recent_f1=  0.0157 validation_older_precision=  0.0107 validation_older_recall=  0.7266 validation_older_auc=    0.6222 validation_older_f1=  0.0210 Gap= -0.00
[LN1100   ] [chunk_XX_phase_feature_analysis_b.py] [info] LSTM         validation_recent_precision=  0.0042 validation_recent_recall=  0.5604 validation_recent_auc=    0.4175 validation_recent_f1=  0.0083 validation_older_precision=  0.0070 validation_older_recall=  0.7482 validation_older_auc=    0.5188 validation_older_f1=  0.0138 Gap= -0.00
[LN1101   ] [chunk_XX_phase_feature_analysis_b.py] [info] Dense        validation_recent_precision=  0.0039 validation_recent_recall=  0.6264 validation_recent_auc=    0.3370 validation_recent_f1=  0.0078 validation_older_precision=  0.0073 validation_older_recall=  0.8273 validation_older_auc=    0.4209 validation_older_f1=  0.0144 Gap= -0.00
[LN1102   ] [chunk_XX_phase_feature_analysis_b.py] [info] RNN          validation_recent_precision=  0.0162 validation_recent_recall=  0.9011 validation_recent_auc=    0.8875 validation_recent_f1=  0.0317 validation_older_precision=  0.0218 validation_older_recall=  0.9424 validation_older_auc=    0.8752 validation_older_f1=  0.0425 Gap= -0.01
[LN1103   ] [chunk_XX_phase_feature_analysis_b.py] [info] LightGBM     validation_recent_precision=  0.0051 validation_recent_recall=  0.2747 validation_recent_auc=    0.4961 validation_recent_f1=  0.0101 validation_older_precision=  0.0109 validation_older_recall=  0.6115 validation_older_auc=    0.6068 validation_older_f1=  0.0213 Gap= -0.01
[LN1104   ] [chunk_XX_phase_feature_analysis_b.py] [info] CatBoost     validation_recent_precision=  0.0048 validation_recent_recall=  0.2747 validation_recent_auc=    0.4963 validation_recent_f1=  0.0095 validation_older_precision=  0.0110 validation_older_recall=  0.6547 validation_older_auc=    0.6230 validation_older_f1=  0.0216 Gap= -0.01
[LN1105   ] [chunk_XX_phase_feature_analysis_b.py] [info] XGBoost      validation_recent_precision=  0.0187 validation_recent_recall=  0.1099 validation_recent_auc=    0.7867 validation_recent_f1=  0.0319 validation_older_precision=  0.0308 validation_older_recall=  0.2158 validation_older_auc=    0.8183 validation_older_f1=  0.0539 Gap= -0.01
[LN1106   ] [chunk_XX_phase_feature_analysis_b.py] [info] BEST for recent signals: Transformer (Gap: -0.0018)
[LN1107   ] [chunk_XX_phase_feature_analysis_b.py] [info] WORST for recent signals: XGBoost (Gap: -0.0121)
[LN1108   ] [chunk_XX_phase_feature_analysis_b.py] [info] 0/9 architectures show positive temporal precision gap
[LN1109   ] [chunk_XX_phase_feature_analysis_b.py] [warning] warning: No architecture shows meaningful improvement on recent signals
[LN1110   ] [chunk_XX_phase_feature_analysis_b.py] [warning] Consider: stronger temporal weighting or different architectures
[LN1111   ] [chunk_XX_phase_feature_analysis_b.py] [info] Phase Xb: Temporal Precision Gap Analysis - COMPLETE
[LN1112   ] [chunk_20_pipeline_main.py] [info] [skip] Phase Xb: Temporal Precision Gap validation skipped (no validator)
[LN1113   ] [chunk_19_phase_5_optimization.py] [info] Loading saved models from ./saved_models...
[LN1114   ] [chunk_22_model_loader.py] [info] Loaded LightGBM model (sklearn)
[LN1115   ] [chunk_22_model_loader.py] [info] Loaded LightGBM metadata: label_threshold=0.0
[LN1116   ] [chunk_22_model_loader.py] [info] Loaded Transformer model
[LN1117   ] [chunk_22_model_loader.py] [info] Loaded Transformer metadata: label_threshold=0.0
[LN1118   ] [chunk_22_model_loader.py] [info] Loaded Dense model
[LN1119   ] [chunk_22_model_loader.py] [info] Loaded Dense metadata: label_threshold=0.0
[LN1120   ] [chunk_22_model_loader.py] [info] Loaded VAE model
[LN1121   ] [chunk_22_model_loader.py] [info] Loaded VAE metadata: label_threshold=0.0
[LN1122   ] [chunk_22_model_loader.py] [info] Loaded LSTM model
[LN1123   ] [chunk_22_model_loader.py] [info] Loaded LSTM metadata: label_threshold=0.0
[LN1124   ] [chunk_19_phase_5_optimization.py] [info] Loaded architectures: ['LightGBM', 'Transformer', 'Dense', 'VAE', 'LSTM']
[LN1125   ] [chunk_19_phase_5_optimization.py] [info] Receiving inference data from context (NO CSV loading)...
[LN1126   ] [chunk_19_phase_5_optimization.py] [info]   Inference samples: 11,844
[LN1127   ] [chunk_19_phase_5_optimization.py] [info]   Inference date(s): [20251022 20251023]
[LN1128   ] [chunk_19_phase_5_optimization.py] [info]   Feature count: 24
[LN1129   ] [chunk_19_phase_5_optimization.py] [info]   Features will be selected per-architecture from 24 total
[LN1130   ] [chunk_19_phase_5_optimization.py] [info]   Label threshold: 20.0
[LN1131   ] [chunk_19_phase_5_optimization.py] [info]   Inference data: RAW (no temporal weighting applied)
[LN1132   ] [chunk_19_phase_5_optimization.py] [info]   X shape (RAW, no weighting): (11844, 24)
[LN1133   ] [chunk_19_phase_5_optimization.py] [info]   y shape: (11844,)
[LN1134   ] [chunk_19_phase_5_optimization.py] [info]   Temporal weights applied: min=1.00, max=2.24
[LN1135   ] [chunk_19_phase_5_optimization.py] [info] 
[LN1136   ] [chunk_19_phase_5_optimization.py] [info] Per-Architecture Results on Newest Data
[LN1137   ] [chunk_19_phase_5_optimization.py] [info]   LightGBM: using 19 features (optimal threshold's pruning)
[LN1138   ] [chunk_19_phase_5_optimization.py] [info] LightGBM (LABEL_THRESHOLD=0.0, prediction_binary_split=0.50, hyperparams={'n_estimators': 800, 'num_leaves': 31, 'learning_rate': 0.08, 'min_child_samples': 200, 'reg_alpha': 0.1, 'reg_lambda': 0.5, 'subsample': 0.7, 'colsample_bytree': 0.6, 'min_split_gain': 0.01}, VALIDATION_PRECISION=0.5301):
[LN1139   ] [chunk_19_phase_5_optimization.py] [info]    predictions: mean=0.5306, std=0.1150, min=0.1295, max=0.9888
[LN1140   ] [chunk_19_phase_5_optimization.py] [info]    INFERENCE predictions: 61.36% positive predictions (7,268 / 11,844)
[LN1141   ] [chunk_19_phase_5_optimization.py] [info]   LightGBM t=0.0: inference_precision=0.6808 inference_recall=0.6433 inference_auc=0.5609 inference_f1=0.6615 inference_false_negatives=2744 inference_true_negatives=1832 inference_true_positives=4948 inference_false_positives=2320
[LN1142   ] [chunk_19_phase_5_optimization.py] [info]   LightGBM - Inference: inference_precision=0.6808 inference_true_positives=4948 inference_true_negatives=1832 inference_false_positives=2320 inference_false_negatives=2744 inference_max_prediction=0.9888 inference_mean_prediction=0.5306 inference_recall=0.6433 inference_f1=0.6615 inference_auc=0.5609 inference_specificity=0.4412 inference_false_positive_rate=0.5588 inference_f2=0.6504 inference_mcc=0.0828 inference_prauc=0.6974 inference_balanced_accuracy=0.5422 inference_standard_deviation_prediction=0.1150 inference_percentage_above_threshold=61.36 inference_brier=0.2429 inference_kappa=0.0826 inference_informedness=0.0845 inference_markedness=0.1220 inference_gini=0.1218 inference_optimal_threshold=0.5074
[LN1143   ] [chunk_19_phase_5_optimization.py] [info] 
[LN1144   ] [chunk_19_phase_5_optimization.py] [info] LightGBM MODEL PREDICTED SIGNAL (7268 rows)
[LN1145   ] [chunk_19_phase_5_optimization.py] [info] LightGBM inference_precision=0.6808 prediction_binary_split=0.5 predicted=7268
[LN1146   ] [chunk_19_phase_5_optimization.py] [info] Row,Market_Cap,52W_Low,Prev_Close,Price,Volume,52W_High,Ticker_id,Perf_YTD,Perf_Year,SMA200,Perf_Half_Y,Avg_Volume,Perf_Quarter,SMA50,Perf_Month,SMA20,ATR,RSI_14,Perf_Week,Rel_Volume,Change,Price_to_52W_High,Volume_to_Avg_Volume,Price_to_52W_Low
[LN1147   ] [chunk_19_phase_5_optimization.py] [info]   Transformer: using 19 features (optimal threshold's pruning)
[LN1148   ] [chunk_19_phase_5_optimization.py] [info] Transformer (LABEL_THRESHOLD=0.0, prediction_binary_split=0.50, hyperparams={'loss_function': 'binary_crossentropy', 'dim': 256, 'heads': 4, 'dropout': 0.05, 'learning_rate': 0.0002, 'epochs': 50, 'alpha': 0.5, 'gamma': 2.5, 'ff_dim': 256, 'layers': 4}, VALIDATION_PRECISION=0.5443):
[LN1149   ] [chunk_19_phase_5_optimization.py] [info]    predictions: mean=0.4896, std=0.0538, min=0.1186, max=0.9427
[LN1150   ] [chunk_19_phase_5_optimization.py] [info]    INFERENCE predictions: 37.93% positive predictions (4,493 / 11,844)
[LN1151   ] [chunk_19_phase_5_optimization.py] [info]   Transformer t=0.0: inference_precision=0.6401 inference_recall=0.3739 inference_auc=0.5246 inference_f1=0.4721 inference_false_negatives=4816 inference_true_negatives=2535 inference_true_positives=2876 inference_false_positives=1617
[LN1152   ] [chunk_19_phase_5_optimization.py] [info]   Transformer - Inference: inference_precision=0.6401 inference_true_positives=2876 inference_true_negatives=2535 inference_false_positives=1617 inference_false_negatives=4816 inference_max_prediction=0.9427 inference_mean_prediction=0.4896 inference_recall=0.3739 inference_f1=0.4721 inference_auc=0.5246 inference_specificity=0.6105 inference_false_positive_rate=0.3895 inference_f2=0.4078 inference_mcc=-0.0153 inference_prauc=0.6592 inference_balanced_accuracy=0.4922 inference_standard_deviation_prediction=0.0538 inference_percentage_above_threshold=37.93 inference_brier=0.2567 inference_kappa=-0.0132 inference_informedness=-0.0156 inference_markedness=0.2507 inference_gini=0.0491 inference_optimal_threshold=0.4481
[LN1153   ] [chunk_19_phase_5_optimization.py] [info] 
[LN1154   ] [chunk_19_phase_5_optimization.py] [info] Transformer MODEL PREDICTED SIGNAL (4493 rows)
[LN1155   ] [chunk_19_phase_5_optimization.py] [info] Transformer inference_precision=0.6401 prediction_binary_split=0.5 predicted=4493
[LN1156   ] [chunk_19_phase_5_optimization.py] [info] Row,Market_Cap,52W_Low,Prev_Close,Price,Volume,52W_High,Ticker_id,Perf_YTD,Perf_Year,SMA200,Perf_Half_Y,Avg_Volume,Perf_Quarter,SMA50,Perf_Month,SMA20,ATR,RSI_14,Perf_Week,Rel_Volume,Change,Price_to_52W_High,Volume_to_Avg_Volume,Price_to_52W_Low
[LN1157   ] [chunk_19_phase_5_optimization.py] [info]   Dense: using 19 features (optimal threshold's pruning)
[LN1158   ] [chunk_19_phase_5_optimization.py] [info] Dense (LABEL_THRESHOLD=0.0, prediction_binary_split=0.50, hyperparams={'units': 512, 'layers': 3, 'dropout': 0.2, 'learning_rate': 0.001, 'epochs': 40, 'loss_function': 'binary_crossentropy', 'alpha': 0.25, 'gamma': 3.0, 'batch_size': 128, 'activation': 'relu'}, VALIDATION_PRECISION=0.5367):
[LN1159   ] [chunk_19_phase_5_optimization.py] [info]    predictions: mean=0.5019, std=0.0707, min=0.2156, max=0.7921
[LN1160   ] [chunk_19_phase_5_optimization.py] [info]    INFERENCE predictions: 60.68% positive predictions (7,187 / 11,844)
[LN1161   ] [chunk_19_phase_5_optimization.py] [info]   Dense t=0.0: inference_precision=0.6810 inference_recall=0.6362 inference_auc=0.5497 inference_f1=0.6578 inference_false_negatives=2798 inference_true_negatives=1859 inference_true_positives=4894 inference_false_positives=2293
[LN1162   ] [chunk_19_phase_5_optimization.py] [info]   Dense - Inference: inference_precision=0.6810 inference_true_positives=4894 inference_true_negatives=1859 inference_false_positives=2293 inference_false_negatives=2798 inference_max_prediction=0.7921 inference_mean_prediction=0.5019 inference_recall=0.6362 inference_f1=0.6578 inference_auc=0.5497 inference_specificity=0.4477 inference_false_positive_rate=0.5523 inference_f2=0.6447 inference_mcc=0.0820 inference_prauc=0.6786 inference_balanced_accuracy=0.5420 inference_standard_deviation_prediction=0.0707 inference_percentage_above_threshold=60.68 inference_brier=0.2475 inference_kappa=0.0817 inference_informedness=0.0840 inference_markedness=0.1287 inference_gini=0.0995 inference_optimal_threshold=0.4619
[LN1163   ] [chunk_19_phase_5_optimization.py] [info] 
[LN1164   ] [chunk_19_phase_5_optimization.py] [info] Dense MODEL PREDICTED SIGNAL (7187 rows)
[LN1165   ] [chunk_19_phase_5_optimization.py] [info] Dense inference_precision=0.6810 prediction_binary_split=0.5 predicted=7187
[LN1166   ] [chunk_19_phase_5_optimization.py] [info] Row,Market_Cap,52W_Low,Prev_Close,Price,Volume,52W_High,Ticker_id,Perf_YTD,Perf_Year,SMA200,Perf_Half_Y,Avg_Volume,Perf_Quarter,SMA50,Perf_Month,SMA20,ATR,RSI_14,Perf_Week,Rel_Volume,Change,Price_to_52W_High,Volume_to_Avg_Volume,Price_to_52W_Low
[LN1167   ] [chunk_19_phase_5_optimization.py] [info]   VAE: using 19 features (optimal threshold's pruning)
[LN1168   ] [chunk_19_phase_5_optimization.py] [info] VAE (LABEL_THRESHOLD=0.0, prediction_binary_split=0.50, hyperparams={'loss_function': 'focal_loss', 'latent_dim': 256, 'learning_rate': 0.0005, 'dropout': 0.02, 'epochs': 80, 'alpha': 1.0, 'gamma': 2.0, 'encoder_layers': 3, 'decoder_layers': 3}, VALIDATION_PRECISION=0.5422):
[LN1169   ] [chunk_19_phase_5_optimization.py] [info]    predictions: mean=0.5005, std=0.0110, min=0.4399, max=0.5844
[LN1170   ] [chunk_19_phase_5_optimization.py] [info]    INFERENCE predictions: 53.25% positive predictions (6,307 / 11,844)
[LN1171   ] [chunk_19_phase_5_optimization.py] [info]   VAE t=0.0: inference_precision=0.6480 inference_recall=0.5313 inference_auc=0.4971 inference_f1=0.5839 inference_false_negatives=3605 inference_true_negatives=1932 inference_true_positives=4087 inference_false_positives=2220
[LN1172   ] [chunk_19_phase_5_optimization.py] [info]   VAE - Inference: inference_precision=0.6480 inference_true_positives=4087 inference_true_negatives=1932 inference_false_positives=2220 inference_false_negatives=3605 inference_max_prediction=0.5844 inference_mean_prediction=0.5005 inference_recall=0.5313 inference_f1=0.5839 inference_auc=0.4971 inference_specificity=0.4653 inference_false_positive_rate=0.5347 inference_f2=0.5512 inference_mcc=-0.0032 inference_prauc=0.6515 inference_balanced_accuracy=0.4983 inference_standard_deviation_prediction=0.0110 inference_percentage_above_threshold=53.25 inference_brier=0.2500 inference_kappa=-0.0031 inference_informedness=-0.0034 inference_markedness=0.1133 inference_gini=0.0000 inference_optimal_threshold=0.5141
[LN1173   ] [chunk_19_phase_5_optimization.py] [info] 
[LN1174   ] [chunk_19_phase_5_optimization.py] [info] VAE MODEL PREDICTED SIGNAL (6307 rows)
[LN1175   ] [chunk_19_phase_5_optimization.py] [info] VAE inference_precision=0.6480 prediction_binary_split=0.5 predicted=6307
[LN1176   ] [chunk_19_phase_5_optimization.py] [info] Row,Market_Cap,52W_Low,Prev_Close,Price,Volume,52W_High,Ticker_id,Perf_YTD,Perf_Year,SMA200,Perf_Half_Y,Avg_Volume,Perf_Quarter,SMA50,Perf_Month,SMA20,ATR,RSI_14,Perf_Week,Rel_Volume,Change,Price_to_52W_High,Volume_to_Avg_Volume,Price_to_52W_Low
[LN1177   ] [chunk_19_phase_5_optimization.py] [info]   LSTM: using 19 features (optimal threshold's pruning)
[LN1178   ] [chunk_19_phase_5_optimization.py] [info] LSTM (LABEL_THRESHOLD=0.0, prediction_binary_split=0.50, hyperparams={'lstm_units': 32, 'dropout': 0.1, 'learning_rate': 0.0005, 'epochs': 50, 'loss_function': 'binary_crossentropy', 'alpha': 0.5, 'gamma': 2.5, 'layers': 2, 'bidirectional': False}, VALIDATION_PRECISION=0.5365):
[LN1179   ] [chunk_19_phase_5_optimization.py] [info]    predictions: mean=0.5204, std=0.0551, min=0.3850, max=0.6886
[LN1180   ] [chunk_19_phase_5_optimization.py] [info]    INFERENCE predictions: 64.87% positive predictions (7,683 / 11,844)
[LN1181   ] [chunk_19_phase_5_optimization.py] [info]   LSTM t=0.0: inference_precision=0.6749 inference_recall=0.6741 inference_auc=0.5491 inference_f1=0.6745 inference_false_negatives=2507 inference_true_negatives=1654 inference_true_positives=5185 inference_false_positives=2498
[LN1182   ] [chunk_19_phase_5_optimization.py] [info]   LSTM - Inference: inference_precision=0.6749 inference_true_positives=5185 inference_true_negatives=1654 inference_false_positives=2498 inference_false_negatives=2507 inference_max_prediction=0.6886 inference_mean_prediction=0.5204 inference_recall=0.6741 inference_f1=0.6745 inference_auc=0.5491 inference_specificity=0.3984 inference_false_positive_rate=0.6016 inference_f2=0.6742 inference_mcc=0.0724 inference_prauc=0.6786 inference_balanced_accuracy=0.5362 inference_standard_deviation_prediction=0.0551 inference_percentage_above_threshold=64.87 inference_brier=0.2434 inference_kappa=0.0724 inference_informedness=0.0724 inference_markedness=0.0732 inference_gini=0.0983 inference_optimal_threshold=0.5054
[LN1183   ] [chunk_19_phase_5_optimization.py] [info] 
[LN1184   ] [chunk_19_phase_5_optimization.py] [info] LSTM MODEL PREDICTED SIGNAL (7683 rows)
[LN1185   ] [chunk_19_phase_5_optimization.py] [info] LSTM inference_precision=0.6749 prediction_binary_split=0.5 predicted=7683
[LN1186   ] [chunk_19_phase_5_optimization.py] [info] Row,Market_Cap,52W_Low,Prev_Close,Price,Volume,52W_High,Ticker_id,Perf_YTD,Perf_Year,SMA200,Perf_Half_Y,Avg_Volume,Perf_Quarter,SMA50,Perf_Month,SMA20,ATR,RSI_14,Perf_Week,Rel_Volume,Change,Price_to_52W_High,Volume_to_Avg_Volume,Price_to_52W_Low
[LN1187   ] [chunk_19_phase_5_optimization.py] [info] Majority label threshold: 0.0 (5 archs)
[LN1188   ] [chunk_19_phase_5_optimization.py] [info] 
[LN1189   ] [chunk_19_phase_5_optimization.py] [info] Consolidated Predicted Signal (5 architectures, min 5 votes):
[LN1190   ] [chunk_19_phase_5_optimization.py] [info] Row,Market_Cap,52W_Low,Prev_Close,Price,Volume,52W_High,Ticker_id,Perf_YTD,Perf_Year,SMA200,Perf_Half_Y,Avg_Volume,Perf_Quarter,SMA50,Perf_Month,SMA20,ATR,RSI_14,Perf_Week,Rel_Volume,Change,Price_to_52W_High,Volume_to_Avg_Volume,Price_to_52W_Low,VoteCount,VotingArchs
[LN1191   ] [chunk_19_phase_5_optimization.py] [info] 1,23.078444,2.469793,15.16,15.46,15.969002,3.2160718,524.0,-26.63,-36.87,3.52,-0.26,8470000.0,8.8,16.59,28.73,11.04,0.54,67.98,6.11,0.76,1.98,4.8071065,1.8853603e-06,6.259634,5,LightGBM+Transformer+Dense+VAE+LSTM
[LN1192   ] [chunk_19_phase_5_optimization.py] [info] 2,19.422379,1.6193882,5.75,5.86,13.114807,2.8136108,4399.0,-44.87,-52.51,-6.33,4.64,614370.0,0.17,12.54,10.57,1.73,0.33,55.31,-1.51,0.81,1.91,2.0827332,2.1346757e-05,3.6186504,5,LightGBM+Transformer+Dense+VAE+LSTM
[LN1193   ] [chunk_19_phase_5_optimization.py] [info] 3,24.625643,4.9496813,199.213,199.333,13.565172,5.5748878,4475.0,-19.18,-40.56,-3.85,-4.01,1030000.0,2.24,-0.07,-0.22,-0.09,5.69,50.12,1.15,0.76,-1.55,35.755516,1.317007e-05,40.271885,5,LightGBM+Transformer+Dense+VAE+LSTM
[LN1194   ] [chunk_19_phase_5_optimization.py] [info] 4,17.331226,1.0919234,4.28,4.3,13.47032,3.2363226,3130.0,-65.54,11.37,-21.93,-20.55,1760000.0,-9.28,-0.36,-2.93,-10.93,0.66,45.36,-12.96,0.4,0.47,1.3286685,7.653591e-06,3.9380054,5,LightGBM+Transformer+Dense+VAE+LSTM
[LN1195   ] [chunk_19_phase_5_optimization.py] [info] 5,22.60578,2.7140322,18.56,18.68,14.836156,2.9942312,2528.0,10.21,4.83,13.83,18.75,3800000.0,15.88,5.09,5.48,2.85,0.33,61.3,1.85,0.73,0.65,6.238663,3.9042516e-06,6.882748,5,LightGBM+Transformer+Dense+VAE+LSTM
[LN1196   ] [chunk_19_phase_5_optimization.py] [info] 6,21.217962,2.7750857,21.31,21.46,11.089836,3.1267605,1838.0,17.72,10.45,8.57,19.09,92750.0,2.04,1.89,2.83,0.48,0.28,55.02,1.08,0.71,0.7,6.863333,0.00011956696,7.7330947,5,LightGBM+Transformer+Dense+VAE+LSTM
[LN1197   ] [chunk_19_phase_5_optimization.py] [info] 7,24.625643,4.0509152,128.93,135.31,15.969002,4.91947,343.0,94.83,102.35,49.43,77.97,8470000.0,28.84,13.81,9.89,8.2,4.07,69.07,6.24,1.37,4.95,27.504995,1.8853603e-06,33.40233,5,LightGBM+Transformer+Dense+VAE+LSTM
[LN1198   ] [chunk_19_phase_5_optimization.py] [info] 8,21.141975,1.5581446,6.52,6.53,13.420914,2.1804175,4165.0,32.19,24.38,17.05,51.51,4260000.0,2.35,-3.58,-0.15,0.01,0.06,42.09,-0.15,0.16,0.15,2.9948394,3.1504494e-06,4.1908817,5,LightGBM+Transformer+Dense+VAE+LSTM
[LN1199   ] [chunk_19_phase_5_optimization.py] [info] 9,22.086803,4.1491485,67.34,67.34,13.093871,4.226688,212.0,3.92,4.65,3.08,3.14,642250.0,2.23,3.12,5.1,0.34,0.27,72.45,0.04,0.76,0.0,15.932097,2.0387499e-05,16.229837,5,LightGBM+Transformer+Dense+VAE+LSTM
[LN1200   ] [chunk_19_phase_5_optimization.py] [info] 10,19.78117,2.4518669,13.94,13.99,11.211753,3.0330281,2141.0,-22.84,-27.21,3.04,12.19,166500.0,8.79,3.22,3.4,0.98,0.4,54.5,-3.52,0.44,0.36,4.612552,6.733785e-05,5.7058563,5,LightGBM+Transformer+Dense+VAE+LSTM
[LN1201   ] [chunk_19_phase_5_optimization.py] [info] 11,19.97507,2.4466856,16.35,16.39,11.552723,2.8859174,2526.0,24.92,8.4,21.96,29.98,144820.0,22.5,10.47,13.98,2.25,0.3,65.81,-1.15,0.72,0.24,5.679303,7.977298e-05,6.6988587,5,LightGBM+Transformer+Dense+VAE+LSTM
[LN1202   ] [chunk_19_phase_5_optimization.py] [info] 12,20.993294,1.8702625,26.65,27.13,11.857288,3.450305,3997.0,39.92,-11.02,68.57,149.1765,330640.0,77.9365,32.2465,40.09,15.84,1.9,70.28,2.15,0.43,1.8,7.863073,3.5861627e-05,14.505985,5,LightGBM+Transformer+Dense+VAE+LSTM
[LN1203   ] [chunk_19_phase_5_optimization.py] [info] 13,23.203997,3.8426728,158.06,168.5,14.692053,5.1901193,3129.0,100.71,144.143,68.57,149.1765,3240000.0,61.21,11.86,10.31,4.22,5.69,58.08,3.23,0.74,6.21,32.465534,4.534584e-06,43.849686,5,LightGBM+Transformer+Dense+VAE+LSTM
[LN1204   ] [chunk_19_phase_5_optimization.py] [info] 14,24.286299,4.158883,67.88,67.52,15.044525,4.5323844,2002.0,-16.4,-25.52,-9.41,-15.46,3920000.0,-17.6,-0.22,5.29,0.76,1.39,50.98,2.6,0.87,-0.53,14.897236,3.837889e-06,16.235128,5,LightGBM+Transformer+Dense+VAE+LSTM
[LN1205   ] [chunk_19_phase_5_optimization.py] [info] 15,19.284414,2.7173402,18.6,18.5,10.439484,3.1570003,3331.0,3.93,8.12,0.57,2.61,104250.0,-9.0,4.58,2.66,1.5,0.77,52.4,-4.98,0.33,-0.54,5.859993,0.00010013893,6.808128,5,LightGBM+Transformer+Dense+VAE+LSTM
[LN1206   ] [chunk_19_phase_5_optimization.py] [info] 16,23.74027,4.9496813,199.213,199.333,13.479029,5.543614,1536.0,-0.42,6.78,8.49,20.24,1530000.0,4.92,1.4,-1.03,0.26,5.69,51.5,-1.09,0.47,-0.14,35.95723,8.809823e-06,40.271885,5,LightGBM+Transformer+Dense+VAE+LSTM
[LN1207   ] [chunk_19_phase_5_optimization.py] [info] 17,23.439283,3.476923,85.27,87.04,15.4130945,4.6570034,5177.0,115.5665,78.79,36.79,62.68,8470000.0,34.96,3.85,9.85,-3.33,5.69,48.88,-4.38,0.52,2.07,18.69013,1.8197278e-06,25.033628,5,LightGBM+Transformer+Dense+VAE+LSTM
[LN1208   ] [chunk_19_phase_5_optimization.py] [info] 18,24.10358,3.8582003,80.65,80.67,11.615121,4.536784,2914.0,41.78,20.21,14.3,36.17,170280.0,-6.1,-0.56,-0.88,-0.89,1.65,47.75,0.54,0.65,0.02,17.781317,6.821189e-05,20.908712,5,LightGBM+Transformer+Dense+VAE+LSTM
[LN1209   ] [chunk_19_phase_5_optimization.py] [info] 19,19.791937,1.2383742,6.02,5.94,11.99537,2.024193,2675.0,62.74,44.53,34.81,120.0,409990.0,5.32,0.75,-3.26,6.09,0.21,58.38,8.0,0.4,-1.33,2.9345026,2.9257713e-05,4.7966113,5,LightGBM+Transformer+Dense+VAE+LSTM
[LN1210   ] [chunk_19_phase_5_optimization.py] [info] 20,15.468008,0.31481075,0.7,0.7,14.712974,4.0432267,3996.0,-83.68,-85.7779,-66.81,-65.2279,8470000.0,-16.39,-5.34,-26.7379,-13.99,0.04,44.01,-6.03,0.06,0.62,0.17312905,1.7370689e-06,2.2235582,5,LightGBM+Transformer+Dense+VAE+LSTM
[LN1211   ] [chunk_19_phase_5_optimization.py] [info] 21,21.870668,3.5779479,39.07,38.8,12.77165,3.786233,503.0,5.92,2.29,1.64,-5.96,644690.0,4.39,4.67,5.78,2.79,0.52,64.52,1.07,0.55,-0.69,10.247652,1.981053e-05,10.844205,5,LightGBM+Transformer+Dense+VAE+LSTM
[LN1212   ] [chunk_19_phase_5_optimization.py] [info] 22,24.625643,4.738214,199.213,199.333,14.97835,5.5466995,4896.0,56.51,102.17,24.94,63.97,5400000.0,12.39,7.63,8.11,1.37,5.69,55.07,0.34,0.59,-2.36,35.937225,2.7737685e-06,42.069225,5,LightGBM+Transformer+Dense+VAE+LSTM
[LN1213   ] [chunk_19_phase_5_optimization.py] [info] 23,20.047468,0.31481075,1.39,1.4,13.567239,1.1314021,3234.0,89.57,-32.69,61.78,99.03,2450000.0,27.27,9.99,5.26,-3.58,0.1,50.8,-4.76,0.32,0.72,1.2374027,5.5376486e-06,4.4471164,5,LightGBM+Transformer+Dense+VAE+LSTM
[LN1214   ] [chunk_19_phase_5_optimization.py] [info] 24,21.359842,2.0476928,7.81,7.76,13.42474,2.3693087,1435.0,-8.17,6.89,-6.8,3.19,1850000.0,-15.74,-2.21,-1.9,0.97,0.19,49.84,2.51,0.37,-0.64,3.2752168,7.256616e-06,3.789631,5,LightGBM+Transformer+Dense+VAE+LSTM
[LN1215   ] [chunk_19_phase_5_optimization.py] [info] 25,22.001417,3.2445436,36.12,36.21,13.558867,3.745496,952.0,-0.9,14.37,8.84,28.04,1070000.0,8.06,2.12,-4.33,0.85,1.0,54.4,2.72,0.72,0.25,9.667611,1.2671839e-05,11.160275,5,LightGBM+Transformer+Dense+VAE+LSTM
[LN1216   ] [chunk_19_phase_5_optimization.py] [info] 26,20.827625,2.6693094,15.84,15.53,12.538841,3.2148678,4644.0,-15.96,-34.08,-3.28,1.17,394400.0,5.36,-1.64,-0.45,0.91,0.39,49.89,0.45,0.71,-1.96,4.830681,3.1792195e-05,5.817984,5,LightGBM+Transformer+Dense+VAE+LSTM
[LN1217   ] [chunk_19_phase_5_optimization.py] [info] 27,22.761885,3.35829,46.46,45.84,13.86921,3.900355,5657.0,22.9,24.33,18.47,35.9,1060000.0,19.16,-0.99,-0.33,-1.64,1.0,45.84,-0.17,0.99,-1.33,11.752776,1.3084161e-05,13.649804,5,LightGBM+Transformer+Dense+VAE+LSTM
[LN1218   ] [chunk_19_phase_5_optimization.py] [info] 28,22.20714,4.428672,131.87,134.48,11.9546585,5.081404,4825.0,8.26,18.17,3.3,29.46,292510.0,-0.01,0.15,1.88,1.26,4.96,51.12,-2.4,0.53,1.98,26.465124,4.086923e-05,30.365765,5,LightGBM+Transformer+Dense+VAE+LSTM
[LN1219   ] [chunk_19_phase_5_optimization.py] [info] 29,17.252718,1.6253113,27.0,27.5,10.093323,4.12277,3354.0,115.5665,144.143,40.09,149.1765,38190.0,1.78,-24.67,-24.28,-15.82,5.59,38.1,-14.85,0.63,1.85,6.6702724,0.0002642923,16.919836,5,LightGBM+Transformer+Dense+VAE+LSTM
[LN1220   ] [chunk_19_phase_5_optimization.py] [info] 30,22.25798,3.8022082,46.16,46.19,13.714419,3.9691591,3703.0,-0.99,-0.9,-1.54,-6.46,585940.0,0.5,-1.38,-2.49,-0.93,0.73,46.12,-0.47,1.54,0.06,11.637225,2.3405843e-05,12.148204,5,LightGBM+Transformer+Dense+VAE+LSTM
[LN1221   ] [chunk_19_phase_5_optimization.py] [info] 31,24.625643,4.9496813,199.213,199.333,15.45393,5.552339,5452.0,-3.51,-8.45,-3.98,2.13,4650000.0,-2.09,-2.22,-4.48,-4.34,4.14,36.69,-1.79,1.11,-2.31,35.900723,3.3234257e-06,40.271885,5,LightGBM+Transformer+Dense+VAE+LSTM
[LN1222   ] [chunk_19_phase_5_optimization.py] [info] 32,24.625643,4.6139317,127.5,127.35,14.970495,5.105521,181.0,-3.09,-7.17,-1.5,4.63,4910000.0,-9.88,2.45,3.47,3.7,2.87,59.73,3.63,0.65,-0.12,24.943584,3.0489807e-06,27.601189,5,LightGBM+Transformer+Dense+VAE+LSTM
[LN1223   ] [chunk_19_phase_5_optimization.py] [info] 33,18.177973,1.9657128,11.81,11.75,9.790151,2.6100698,4991.0,53.59,76.96,19.33,37.91,10910.0,1.29,-0.96,-2.25,-1.16,0.12,44.04,0.0,1.97,-0.51,4.5017953,0.0008973557,5.9774756,5,LightGBM+Transformer+Dense+VAE+LSTM
[LN1224   ] [chunk_19_phase_5_optimization.py] [info] 34,18.092316,2.7725887,29.89,29.56,7.8819375,3.48124,4509.0,24.62,15.74,32.5,57.65,16570.0,45.47,11.57,7.41,-1.06,1.07,54.25,-2.92,0.16,-1.1,8.491227,0.00047567516,10.661516,5,LightGBM+Transformer+Dense+VAE+LSTM
[LN1225   ] [chunk_19_phase_5_optimization.py] [info] 35,20.954378,2.2565413,13.45,13.18,13.007583,2.862201,5657.0,-11.31,-9.73,1.73,26.61,893050.0,-0.53,-4.45,-8.41,-0.36,0.32,45.22,2.17,0.5,-2.01,4.604848,1.4565347e-05,5.8407974,5,LightGBM+Transformer+Dense+VAE+LSTM
[LN1226   ] [chunk_19_phase_5_optimization.py] [info] 36,20.818577,2.6318889,18.66,18.0,13.523597,3.165897,2146.0,-3.28,3.63,1.7,-7.07,1190000.0,4.17,4.57,14.36,7.83,0.76,59.16,2.33,0.63,-3.54,5.6855927,1.1364367e-05,6.839195,5,LightGBM+Transformer+Dense+VAE+LSTM
[LN1227   ] [chunk_19_phase_5_optimization.py] [info] 37,17.875263,3.1616704,32.13,31.0,10.228068,3.6103773,633.0,22.77,15.33,13.17,23.11,10910.0,0.0,1.14,14.81,-1.3,1.58,49.78,-2.94,2.44,-3.53,8.58636,0.00093749474,9.804944,5,LightGBM+Transformer+Dense+VAE+LSTM
[LN1228   ] [chunk_19_phase_5_optimization.py] [info] 38,23.10003,4.434382,108.4,105.98,14.487683,4.760463,1610.0,6.59,21.91,3.14,7.15,770410.0,5.81,-1.57,-4.11,-4.88,2.59,37.52,-3.31,2.44,-2.23,22.26254,1.880516e-05,23.89961,5,LightGBM+Transformer+Dense+VAE+LSTM
[LN1229   ] [chunk_19_phase_5_optimization.py] [info] 39,23.965467,4.9496813,199.213,199.333,13.302818,5.5748878,1439.0,52.2,68.98,28.22,46.87,1330000.0,33.88,7.13,6.7,2.25,5.69,60.7,4.25,0.45,1.17,35.755516,1.0002119e-05,40.271885,5,LightGBM+Transformer+Dense+VAE+LSTM
[LN1230   ] [chunk_19_phase_5_optimization.py] [info] 40,23.981747,3.1005425,27.66,27.83,15.969002,3.708437,2522.0,-14.71,-23.67,0.34,9.87,8470000.0,8.37,0.8,1.2,2.37,0.86,52.99,2.32,1.19,0.61,7.5045094,1.8853603e-06,8.975848,5,LightGBM+Transformer+Dense+VAE+LSTM
[LN1231   ] [chunk_19_phase_5_optimization.py] [info] 41,20.27242,2.308567,17.03,17.03,12.193549,2.904165,3578.0,54.26,30.7,24.83,64.86,228970.0,12.11,3.51,1.79,2.86,0.39,61.42,5.06,0.86,0.0,5.8639917,5.3253916e-05,7.37687,5,LightGBM+Transformer+Dense+VAE+LSTM
[LN1232   ] [chunk_19_phase_5_optimization.py] [info] 42,24.625643,4.516448,185.83,191.37,14.923567,5.397348,5623.0,38.8,46.78,13.37,54.04,4620000.0,-0.43,-4.15,-5.29,-4.7,5.69,43.41,-9.04,0.66,2.98,35.456303,3.2302094e-06,42.37179,5,LightGBM+Transformer+Dense+VAE+LSTM
[LN1233   ] [chunk_19_phase_5_optimization.py] [info] 43,15.65606,0.49469623,0.76,0.77,12.273852,1.8976198,2798.0,-71.12,-85.7779,-42.83,-36.9,6850000.0,-28.3,-27.52,-26.7379,-15.82,0.15,38.73,-5.12,0.03,0.95,0.40577146,1.7918034e-06,1.5565107,5,LightGBM+Transformer+Dense+VAE+LSTM
[LN1234   ] [chunk_19_phase_5_optimization.py] [info] 44,23.443245,3.6475365,76.85,76.86,14.933864,4.644391,4438.0,17.59,99.53,-1.9,12.68,3650000.0,-9.58,-7.36,-2.86,-5.11,3.85,42.11,-2.26,0.84,0.01,16.548994,4.0914697e-06,21.071756,5,LightGBM+Transformer+Dense+VAE+LSTM
[LN1235   ] [chunk_19_phase_5_optimization.py] [info] 45,20.710302,1.0224509,2.56,2.57,14.478598,1.7578579,2521.0,-15.18,-46.12,-3.31,14.73,5300000.0,1.98,-5.94,-3.75,-2.91,0.12,43.64,-1.91,0.37,0.39,1.4620067,2.7318108e-06,2.513568,5,LightGBM+Transformer+Dense+VAE+LSTM
[LN1236   ] [chunk_19_phase_5_optimization.py] [info] 46,24.625643,4.9496813,199.213,199.333,15.969002,5.5748878,3524.0,-3.04,30.09,-19.53,-18.78,8470000.0,-32.32,-15.12,-14.33,-11.0,5.69,36.68,-5.37,1.31,-6.99,35.755516,1.8853603e-06,40.271885,5,LightGBM+Transformer+Dense+VAE+LSTM
[LN1237   ] [chunk_19_phase_5_optimization.py] [info] 47,20.553782,4.663345,177.75,155.0,11.375489,5.228324,5657.0,37.85,31.55,3.14,14.22,48560.0,-2.57,-9.98,-11.93,-10.94,5.69,36.62,-10.28,1.79,-7.17,29.646212,0.00023425637,33.237946,5,LightGBM+Transformer+Dense+VAE+LSTM
[LN1238   ] [chunk_19_phase_5_optimization.py] [info] 48,22.963976,3.5473158,37.53,37.55,14.282912,3.6602228,2148.0,8.21,5.15,3.03,3.7,2810000.0,2.4,0.7,0.59,0.31,0.14,61.79,0.11,0.57,0.05,10.258939,5.0828867e-06,10.585468,5,LightGBM+Transformer+Dense+VAE+LSTM
[LN1239   ] [chunk_19_phase_5_optimization.py] [info] 49,24.613453,2.203869,11.52,11.46,15.969002,2.531313,5507.0,29.2,9.43,16.5,17.54,8470000.0,14.6,7.46,5.82,3.46,0.22,63.37,3.15,0.71,-0.52,4.5272946,1.8853603e-06,5.199946,5,LightGBM+Transformer+Dense+VAE+LSTM
[LN1240   ] [chunk_19_phase_5_optimization.py] [info] 50,15.468008,0.31481075,0.7,0.7,12.697703,1.1314021,954.0,-83.68,-85.7779,-66.81,-65.2279,8470000.0,-49.21,-27.52,-26.7379,-15.82,0.04,27.6321,-14.17,0.04,0.0,0.61870134,1.4991385e-06,2.2235582,5,LightGBM+Transformer+Dense+VAE+LSTM
[LN1241   ] [chunk_19_phase_5_optimization.py] [info] 51,20.590534,2.5095992,13.03,13.06,12.894757,2.7186604,4099.0,-2.68,-6.04,0.04,4.31,316750.0,3.73,-0.73,-2.9,-1.35,0.16,46.21,-0.46,1.26,0.23,4.8038363,4.0709572e-05,5.204018,5,LightGBM+Transformer+Dense+VAE+LSTM
[LN1242   ] [chunk_19_phase_5_optimization.py] [info] 52,23.173409,4.9496813,199.213,199.333,13.0856085,5.5748878,4072.0,-2.3,19.32,-10.17,-11.34,666640.0,-16.14,-6.76,-7.9,-1.62,4.61,40.06,-0.12,0.72,-1.04,35.755516,1.9629197e-05,40.271885,5,LightGBM+Transformer+Dense+VAE+LSTM
[LN1243   ] [chunk_19_phase_5_optimization.py] [info] 53,19.95166,2.7479117,17.26,17.27,10.120452,2.9724636,2519.0,3.85,-5.11,4.92,10.21,82110.0,8.62,2.57,0.06,-0.37,0.15,54.68,0.52,0.3,0.06,5.809995,0.00012325481,6.2847724,5,LightGBM+Transformer+Dense+VAE+LSTM
[LN1244   ] [chunk_19_phase_5_optimization.py] [info] 54,24.376259,4.9496813,199.213,199.333,13.407089,5.5748878,5575.0,13.54,12.36,8.79,17.05,807570.0,6.27,-1.45,-0.6,-2.96,5.69,42.04,-1.41,0.82,-0.55,35.755516,1.6601767e-05,40.271885,5,LightGBM+Transformer+Dense+VAE+LSTM
[LN1245   ] [chunk_19_phase_5_optimization.py] [info] 55,18.368546,0.36464313,1.11,1.13,9.726333,1.3937664,5015.0,-8.13,-14.39,8.55,21.64,1450000.0,48.8,-4.97,-20.98,-14.9,0.13,41.82,-11.22,0.03,1.8,0.8107528,6.707816e-06,3.0989203,5,LightGBM+Transformer+Dense+VAE+LSTM
[LN1246   ] [chunk_19_phase_5_optimization.py] [info] 56,20.922117,2.6602595,20.49,20.55,13.30418,3.426865,1735.0,-8.67,-28.82,1.86,12.3,462080.0,-3.07,2.04,7.03,-0.48,1.06,50.09,-5.52,1.3,0.29,5.9967346,2.8791941e-05,7.72481,5,LightGBM+Transformer+Dense+VAE+LSTM
[LN1247   ] [chunk_19_phase_5_optimization.py] [info] 57,17.814812,2.1353493,8.29,9.49,14.743192,3.1315734,3705.0,-46.41,0.0,-24.37,0.0,4650000.0,0.0,-24.37,0.0,-15.82,3.4,27.6321,-14.85,0.54,6.21,3.0304255,3.1705788e-06,4.444238,5,LightGBM+Transformer+Dense+VAE+LSTM
[LN1248   ] [chunk_19_phase_5_optimization.py] [info] 58,21.564833,3.2880287,40.85,40.85,13.180955,3.7988544,1235.0,10.67,36.71,13.73,32.93,943110.0,7.73,4.72,1.36,-1.42,1.53,51.39,-1.02,0.56,0.0,10.7532425,1.3976052e-05,12.423858,5,LightGBM+Transformer+Dense+VAE+LSTM
[LN1249   ] [chunk_19_phase_5_optimization.py] [info] 59,19.629015,0.48242614,2.66,2.65,15.368833,1.4861397,4477.0,69.87,140.91,68.57,149.1765,4870000.0,77.9365,32.2465,40.09,17.61,0.28,63.89,1.92,0.97,-0.38,1.7831433,3.1558177e-06,5.4930687,5,LightGBM+Transformer+Dense+VAE+LSTM
[LN1250   ] [chunk_19_phase_5_optimization.py] [info] 60,22.817596,3.8893683,52.63,53.87,14.096694,4.7791233,752.0,-20.78,0.0,-12.0,0.0,6210000.0,0.0,-11.8,-20.3,-12.06,4.65,39.69,-6.39,0.21,2.36,11.271941,2.269999e-06,13.850578,5,LightGBM+Transformer+Dense+VAE+LSTM
[LN1251   ] [chunk_19_phase_5_optimization.py] [info] 61,15.468008,0.5187938,1.19,1.19,11.931675,1.8900954,5625.0,45.12,-0.69,-51.16,-59.73,1670000.0,-42.93,-20.83,-26.7379,-14.23,0.14,38.13,-7.75,0.09,0.0,0.62959784,7.1447157e-06,2.2937822,5,LightGBM+Transformer+Dense+VAE+LSTM
[LN1252   ] [chunk_19_phase_5_optimization.py] [info] 62,18.522243,2.1162555,7.89,7.86,10.631423,2.2246234,4677.0,1.55,-4.73,2.07,4.8,45850.0,3.15,0.61,0.06,-0.5,0.07,48.43,0.26,0.9,-0.38,3.5331821,0.00023187399,3.7141073,5,LightGBM+Transformer+Dense+VAE+LSTM
[LN1253   ] [chunk_19_phase_5_optimization.py] [info] 63,22.554247,4.4716387,120.07,121.11,13.346328,4.933034,411.0,7.06,-9.67,3.13,8.06,513500.0,-5.24,-1.58,0.15,1.01,3.33,50.46,2.58,1.22,0.87,24.550814,2.5990901e-05,27.08403,5,LightGBM+Transformer+Dense+VAE+LSTM
[LN1254   ] [chunk_19_phase_5_optimization.py] [info] 64,24.625643,4.7647347,199.213,199.333,14.174711,5.4743695,5174.0,63.73,58.46,35.75,63.11,1760000.0,12.51,9.13,8.6,5.17,5.42,72.22,4.42,0.82,2.18,36.41205,8.053813e-06,41.835068,5,LightGBM+Transformer+Dense+VAE+LSTM
[LN1255   ] [chunk_19_phase_5_optimization.py] [info] 65,24.489801,3.791436,44.93,44.67,15.282736,4.1802163,1286.0,-22.16,-15.01,-14.52,-27.92,6680000.0,-4.33,-3.73,-1.59,0.08,0.91,45.94,1.4,0.65,-0.58,10.686049,2.2878346e-06,11.781816,5,LightGBM+Transformer+Dense+VAE+LSTM
[LN1256   ] [chunk_19_phase_5_optimization.py] [info] 66,24.625643,4.9496813,199.213,199.333,14.2376,5.5748878,3121.0,7.5,-6.89,-2.32,0.12,1680000.0,-4.82,-4.39,-5.07,-2.28,5.69,36.78,1.31,0.91,0.04,35.755516,8.474762e-06,40.271885,5,LightGBM+Transformer+Dense+VAE+LSTM
[LN1257   ] [chunk_19_phase_5_optimization.py] [info] 67,24.113066,2.4051416,11.08,11.21,15.570075,2.6630528,4087.0,-3.44,-8.17,-3.2,6.64,6620000.0,-2.78,-2.0,-8.56,-1.01,0.22,46.71,3.51,0.87,1.17,4.2094545,2.3519751e-06,4.660848,5,LightGBM+Transformer+Dense+VAE+LSTM
[LN1258   ] [chunk_19_phase_5_optimization.py] [info] 68,19.394901,1.9358598,6.83,6.83,11.913258,2.3804717,5576.0,-14.84,-25.92,-3.63,-2.15,242700.0,11.6,-0.51,0.74,-0.04,0.18,50.11,-0.29,0.61,0.0,2.8691792,4.908635e-05,3.528148,5,LightGBM+Transformer+Dense+VAE+LSTM
[LN1259   ] [chunk_19_phase_5_optimization.py] [info] 69,22.449598,4.9496813,199.213,199.333,11.979266,5.5748878,925.0,6.48,4.61,0.96,2.7,118970.0,-3.95,0.93,3.01,2.66,5.69,53.07,5.07,1.34,-0.3,35.755516,0.00010069149,40.271885,5,LightGBM+Transformer+Dense+VAE+LSTM
[LN1260   ] [chunk_19_phase_5_optimization.py] [info] 70,20.01336,2.0228713,7.69,7.5,11.984952,2.3823202,4602.0,-17.13,-13.79,-2.05,3.73,59850.0,-6.25,-3.78,-4.94,-2.94,0.18,39.0,-2.22,2.44,-2.47,3.1481917,0.00020024982,3.7076013,5,LightGBM+Transformer+Dense+VAE+LSTM
[LN1261   ] [chunk_19_phase_5_optimization.py] [info] 71,20.102085,2.2884862,9.72,9.71,11.579293,2.427454,5565.0,-1.02,-3.67,2.7,4.63,211420.0,8.01,2.63,1.57,0.4,0.07,59.18,0.31,0.51,-0.1,4.000076,5.476915e-05,4.2429795,5,LightGBM+Transformer+Dense+VAE+LSTM
[LN1262   ] [chunk_19_phase_5_optimization.py] [info] 72,24.57235,4.9496813,199.213,199.333,13.856309,5.5748878,5359.0,38.27,62.25,13.3,14.3,1630000.0,13.25,2.93,4.26,-1.3,5.27,49.99,-1.81,0.64,-0.4,35.755516,8.500803e-06,40.271885,5,LightGBM+Transformer+Dense+VAE+LSTM
[LN1263   ] [chunk_19_phase_5_optimization.py] [info] 73,23.104662,2.1994443,21.64,21.77,15.119265,3.1276374,1718.0,79.77,72.5,55.93,130.13,7180000.0,45.91,13.29,16.11,5.68,0.62,72.45,6.09,0.51,0.6,6.9605255,2.1057472e-06,9.897955,5,LightGBM+Transformer+Dense+VAE+LSTM
[LN1264   ] [chunk_19_phase_5_optimization.py] [info] 74,22.638718,4.9432125,199.213,199.333,12.075195,5.5260506,269.0,29.22,24.6,23.12,46.54,193650.0,10.74,2.25,0.72,0.23,5.69,52.36,2.18,0.91,0.86,36.071514,6.235577e-05,40.324585,5,LightGBM+Transformer+Dense+VAE+LSTM
[LN1265   ] [chunk_19_phase_5_optimization.py] [info] 75,21.311052,2.4638534,12.35,12.28,13.297187,2.7985,3847.0,-6.9,-6.97,-1.25,4.16,974830.0,-2.77,-1.15,-1.6,-0.63,0.29,47.95,3.72,0.61,-0.57,4.388065,1.3640519e-05,4.984063,5,LightGBM+Transformer+Dense+VAE+LSTM
[LN1266   ] [chunk_19_phase_5_optimization.py] [info] 76,18.83972,2.417698,11.83,11.83,10.031441,2.5771818,4145.0,5.25,-1.07,4.41,9.03,42640.0,4.69,0.37,-1.33,-0.86,0.1,46.1,-0.42,0.53,0.0,4.5902853,0.00023525894,4.8930845,5,LightGBM+Transformer+Dense+VAE+LSTM
[LN1267   ] [chunk_19_phase_5_optimization.py] [info] 77,22.262281,4.287029,81.18,76.56,14.172614,4.649761,4792.0,-18.14,-21.05,-9.81,-14.23,606860.0,-1.38,-4.05,-2.88,-6.7,2.38,37.5,-4.97,2.36,-5.69,16.465363,2.335401e-05,17.858522,5,LightGBM+Transformer+Dense+VAE+LSTM
[LN1268   ] [chunk_19_phase_5_optimization.py] [info] 78,19.618927,2.398804,10.48,10.48,7.5807,2.501436,5505.0,4.59,0.0,2.01,2.64,10910.0,0.87,0.3,0.23,0.03,0.04,52.05,-0.08,0.24,0.0,4.189594,0.0006948396,4.368844,5,LightGBM+Transformer+Dense+VAE+LSTM
[LN1269   ] [chunk_19_phase_5_optimization.py] [info] 79,22.917152,4.6596584,199.213,199.333,13.623669,5.3982983,2379.0,4.59,58.77,13.65,49.8,2370000.0,16.2,0.09,0.0,-0.23,0.69,51.88,-0.29,0.35,-0.02,36.92515,5.748383e-06,42.778458,5,LightGBM+Transformer+Dense+VAE+LSTM
[LN1270   ] [chunk_19_phase_5_optimization.py] [info] 80,19.41774,3.2280338,35.36,35.45,9.322418,3.5970383,208.0,36.71,37.03,12.79,23.99,23590.0,9.13,4.54,5.95,3.96,0.56,68.03,1.93,0.47,0.25,9.85533,0.00039518517,10.981917,5,LightGBM+Transformer+Dense+VAE+LSTM
[LN1271   ] [chunk_19_phase_5_optimization.py] [info] 81,19.990692,1.4134231,7.86,7.81,14.222535,2.5047092,5626.0,51.06,118.77,14.85,4.13,2540000.0,27.2,-13.29,-9.29,-10.9,0.63,38.41,-14.85,0.59,-0.64,3.1181264,5.5994233e-06,5.525593,5,LightGBM+Transformer+Dense+VAE+LSTM
[LN1272   ] [chunk_19_phase_5_optimization.py] [info] 82,24.144266,2.562639,23.09,23.19,15.969002,3.3120017,2517.0,8.62,16.12,16.06,43.33,8470000.0,11.87,-2.26,-5.19,-4.51,0.95,43.58,3.07,1.22,0.43,7.0018077,1.8853603e-06,9.049265,5,LightGBM+Transformer+Dense+VAE+LSTM
[LN1273   ] [chunk_19_phase_5_optimization.py] [info] 83,24.625643,4.9496813,199.213,199.333,14.873256,5.5748878,181.0,-28.99,-33.57,-16.56,-14.28,4950000.0,-11.77,1.16,4.49,1.9,5.69,54.89,6.75,0.58,0.27,35.755516,3.004698e-06,40.271885,5,LightGBM+Transformer+Dense+VAE+LSTM
[LN1274   ] [chunk_19_phase_5_optimization.py] [info] 84,21.09483,0.7129498,5.64,5.55,15.202284,2.0476928,450.0,115.5665,144.143,68.57,149.1765,6510000.0,55.46,10.99,1.09,-0.44,0.48,51.63,1.28,0.61,-1.6,2.7103674,2.3352202e-06,7.7845592,5,LightGBM+Transformer+Dense+VAE+LSTM
[LN1275   ] [chunk_19_phase_5_optimization.py] [info] 85,19.792698,2.184927,8.86,8.88,11.34897,2.3311725,5564.0,1.6,-1.55,4.23,8.03,159990.0,8.42,2.97,2.19,0.77,0.09,59.58,0.45,0.53,0.23,3.8092418,7.09355e-05,4.064209,5,LightGBM+Transformer+Dense+VAE+LSTM
[LN1276   ] [chunk_19_phase_5_optimization.py] [info] 86,24.625643,4.9496813,199.213,199.333,13.965391,5.5748878,1489.0,10.79,15.35,-2.69,1.06,1380000.0,-9.27,-0.17,0.1,2.6,5.69,55.77,2.68,0.84,1.53,35.755516,1.0119849e-05,40.271885,5,LightGBM+Transformer+Dense+VAE+LSTM
[LN1277   ] [chunk_19_phase_5_optimization.py] [info] 87,20.913887,0.35767445,61.78,63.64,13.92386,4.173156,3707.0,115.5665,144.143,68.57,149.1765,975490.0,77.9365,32.2465,5.49,8.73,4.22,64.81,14.79,1.14,3.01,15.24985,1.4273708e-05,177.92715,5,LightGBM+Transformer+Dense+VAE+LSTM
[LN1278   ] [chunk_19_phase_5_optimization.py] [info] 88,21.734867,1.816452,7.59,7.57,13.574307,2.223542,4567.0,10.83,24.51,8.82,16.28,852570.0,1.34,-2.35,-1.82,-3.27,0.15,41.24,-1.69,0.92,-0.26,3.4044783,1.5921634e-05,4.1674647,5,LightGBM+Transformer+Dense+VAE+LSTM
[LN1279   ] [chunk_19_phase_5_optimization.py] [info] 89,24.48679,3.3955145,120.47,125.72,15.797154,4.930148,5657.0,115.5665,144.143,68.57,149.1765,8470000.0,77.9365,22.07,14.61,3.39,5.69,61.82,-0.16,0.83,4.36,25.500248,1.8650713e-06,37.025314,5,LightGBM+Transformer+Dense+VAE+LSTM
[LN1280   ] [chunk_19_phase_5_optimization.py] [info] 90,22.80645,3.6609943,48.09,48.12,14.365973,4.3198853,2378.0,-14.61,-13.19,-4.18,5.36,5110000.0,0.48,2.76,1.88,3.71,2.47,53.61,-0.31,0.34,0.06,11.139185,2.811345e-06,13.1439705,5,LightGBM+Transformer+Dense+VAE+LSTM
[LN1281   ] [chunk_19_phase_5_optimization.py] [info] 91,18.054966,0.85441536,3.1,3.09,12.399689,3.3261147,5657.0,-83.68,-79.23,-49.87,-44.98,3910000.0,69.78,-7.21,-13.45,-4.57,0.26,46.82,4.04,0.06,-0.32,0.9290119,3.171276e-06,3.616508,5,LightGBM+Transformer+Dense+VAE+LSTM
[LN1282   ] [chunk_19_phase_5_optimization.py] [info] 92,18.504286,1.9110229,9.45,9.66,10.739457,2.4141264,1237.0,23.44,16.87,27.36,55.39,71920.0,28.18,15.46,11.99,7.26,0.46,59.68,-4.31,0.64,2.28,4.001447,0.00014932505,5.0548844,5,LightGBM+Transformer+Dense+VAE+LSTM
[LN1283   ] [chunk_19_phase_5_optimization.py] [info] 93,24.625643,4.0064235,61.97,61.01,15.466308,4.2811007,3326.0,2.14,-13.37,-4.95,-6.88,7390000.0,-13.56,-1.98,-5.25,-1.69,1.25,43.01,-0.96,0.7,-1.55,14.251008,2.0928699e-06,15.2280445,5,LightGBM+Transformer+Dense+VAE+LSTM
[LN1284   ] [chunk_19_phase_5_optimization.py] [info] 94,20.398891,2.745346,23.5,23.62,11.767661,3.2441537,2015.0,27.88,22.19,21.65,24.05,260630.0,28.58,5.85,6.88,3.06,0.71,61.58,3.6,0.49,0.51,7.2807894,4.515083e-05,8.603651,5,LightGBM+Transformer+Dense+VAE+LSTM
[LN1285   ] [chunk_19_phase_5_optimization.py] [info] 95,21.791418,0.5423243,7.26,7.15,15.324479,2.5136561,5251.0,115.5665,144.143,65.67,93.77,8470000.0,-8.22,10.12,16.07,-12.55,0.8,45.25,-14.85,0.42,-1.52,2.8444624,1.8092655e-06,13.183993,5,LightGBM+Transformer+Dense+VAE+LSTM
[LN1286   ] [chunk_19_phase_5_optimization.py] [info] 96,21.224041,3.7565382,62.53,62.67,9.153347,4.1785326,2155.0,23.45,26.67,13.96,25.26,17020.0,8.82,2.2,1.51,-0.06,0.85,56.45,-0.13,0.55,0.22,14.998089,0.00053779944,16.682913,5,LightGBM+Transformer+Dense+VAE+LSTM
[LN1287   ] [chunk_19_phase_5_optimization.py] [info] 97,23.865692,2.656055,15.2,15.09,14.9882145,2.875822,5360.0,11.28,-6.85,-2.6,0.33,3470000.0,-8.32,-4.98,-4.49,-1.75,0.22,37.6,0.07,0.93,-0.72,5.2471952,4.31937e-06,5.6813583,5,LightGBM+Transformer+Dense+VAE+LSTM
[LN1288   ] [chunk_19_phase_5_optimization.py] [info] 98,18.581608,1.9315214,13.65,13.7,7.5807,2.9533465,4989.0,-4.49,46.11,29.09,37.05,19200.0,53.13,10.44,16.64,1.61,0.55,61.03,0.77,0.05,0.4,4.6388054,0.00039482812,7.0928545,5,LightGBM+Transformer+Dense+VAE+LSTM
[LN1289   ] [chunk_19_phase_5_optimization.py] [info] 99,21.488733,2.7219532,20.91,20.93,13.96143,3.189653,4014.0,5.18,23.92,4.73,23.19,575980.0,-5.76,-3.03,-2.1,0.61,0.63,48.91,5.12,2.01,0.1,6.5618424,2.4239434e-05,7.6893315,5,LightGBM+Transformer+Dense+VAE+LSTM
[LN1290   ] [chunk_19_phase_5_optimization.py] [info] 100,21.731224,4.2499228,129.19,131.99,11.690075,4.909045,3543.0,33.49,25.79,37.99,57.73,179590.0,39.23,11.51,11.21,4.99,4.15,62.86,3.25,0.66,2.17,26.8871,6.509313e-05,31.057035,5,LightGBM+Transformer+Dense+VAE+LSTM
[LN1291   ] [chunk_19_phase_5_optimization.py] [info] 101,22.9819,4.932097,180.67,179.46,12.829036,5.246445,1700.0,11.82,-0.02,6.03,10.15,381220.0,9.08,6.08,8.72,3.55,3.44,62.99,1.9,0.98,-0.67,34.20602,3.3652577e-05,36.386147,5,LightGBM+Transformer+Dense+VAE+LSTM
[LN1292   ] [chunk_19_phase_5_optimization.py] [info] 102,22.92934,3.8891637,64.75,65.16,14.185375,4.4424157,3225.0,-2.5,-15.72,17.3,23.88,1980000.0,7.07,11.04,21.18,3.66,1.57,67.71,0.31,0.73,0.63,14.667694,7.1643312e-06,16.754244,5,LightGBM+Transformer+Dense+VAE+LSTM
[LN1293   ] [chunk_19_phase_5_optimization.py] [info] 103,23.667706,2.0386195,15.35,14.8,12.907188,2.8003254,2927.0,115.12,93.97,38.16,65.18,464240.0,6.47,9.23,11.11,9.0,0.37,63.35,2.99,0.87,-3.58,5.2851,2.7802835e-05,7.2598147,5,LightGBM+Transformer+Dense+VAE+LSTM
[LN1294   ] [chunk_19_phase_5_optimization.py] [info] 104,21.663273,3.314913,48.23,49.07,7.7735944,3.9365206,2926.0,44.32,78.44,29.16,59.94,13890.0,0.68,7.57,16.03,3.9,1.26,59.9,0.37,0.17,1.74,12.465323,0.000559654,14.802802,5,LightGBM+Transformer+Dense+VAE+LSTM
[LN1295   ] [chunk_19_phase_5_optimization.py] [info] 105,22.236193,2.1114247,15.03,15.2,14.325758,2.8780742,1540.0,41.4,80.32,33.95,75.94,2750000.0,40.35,4.79,4.11,3.64,0.78,56.31,-1.3,0.61,1.13,5.281309,5.209367e-06,7.198931,5,LightGBM+Transformer+Dense+VAE+LSTM
[LN1296   ] [chunk_19_phase_5_optimization.py] [info] 106,23.89505,4.414252,125.48,124.74,14.136031,4.916178,3808.0,21.7,30.26,9.31,35.0,1180000.0,-4.07,-3.7,-3.68,-3.74,3.56,41.28,0.14,1.17,-0.59,25.37337,1.1979688e-05,28.25847,5,LightGBM+Transformer+Dense+VAE+LSTM
[LN1297   ] [chunk_19_phase_5_optimization.py] [info] 107,22.971395,2.6706944,14.91,14.85,12.848024,2.939162,4333.0,-7.88,11.07,-3.18,-6.49,647850.0,3.77,3.52,6.99,3.51,0.23,61.36,1.23,0.59,-0.4,5.0524607,1.9831788e-05,5.5603514,5,LightGBM+Transformer+Dense+VAE+LSTM
[LN1298   ] [chunk_19_phase_5_optimization.py] [info] 108,19.498274,1.7544037,6.23,6.22,11.609062,2.0188951,5173.0,21.25,10.48,8.64,16.48,216010.0,4.54,0.3,-0.32,0.02,0.09,49.83,-0.32,0.51,-0.16,3.0808933,5.3743173e-05,3.5453641,5,LightGBM+Transformer+Dense+VAE+LSTM
[LN1299   ] [chunk_19_phase_5_optimization.py] [info] 109,21.798267,1.4951488,15.22,16.03,15.514684,3.218876,2017.0,0.94,-22.49,68.57,149.1765,6280000.0,70.9,32.2465,40.09,4.74,1.88,55.48,-14.85,0.87,5.32,4.9799995,2.470491e-06,10.721341,5,LightGBM+Transformer+Dense+VAE+LSTM
[LN1300   ] [chunk_19_phase_5_optimization.py] [info] 110,19.74313,1.7457155,4.93,4.93,13.093361,2.099244,5657.0,-25.75,-27.82,-14.49,-12.12,587390.0,-10.53,-7.85,-8.19,-3.81,0.08,27.94,0.2,0.83,0.0,2.3484643,2.2290746e-05,2.8240569,5,LightGBM+Transformer+Dense+VAE+LSTM
[LN1301   ] [chunk_19_phase_5_optimization.py] [info] 111,19.624464,2.2628043,14.92,14.95,11.40563,3.0955777,5146.0,-12.73,3.68,14.16,4.18,206280.0,41.71,8.18,7.25,3.04,0.41,63.56,1.77,0.44,0.2,4.82947,5.529198e-05,6.6068463,5,LightGBM+Transformer+Dense+VAE+LSTM
[LN1302   ] [chunk_19_phase_5_optimization.py] [info] 112,23.374393,4.7666936,118.18,116.33,14.376625,5.1496434,1175.0,-28.37,-27.47,-13.61,-15.44,1820000.0,-11.07,-4.13,-5.48,-3.34,2.19,36.57,-1.08,0.96,-1.57,22.589914,7.899244e-06,24.404757,5,LightGBM+Transformer+Dense+VAE+LSTM
[LN1303   ] [chunk_19_phase_5_optimization.py] [info] 113,19.545156,1.6272779,10.49,10.67,13.622808,2.793616,1766.0,85.57,-15.59,49.7,88.18,621720.0,44.19,13.29,36.62,-4.01,0.89,52.13,-6.24,1.33,1.72,3.8194225,2.1911486e-05,6.5569625,5,LightGBM+Transformer+Dense+VAE+LSTM
[LN1304   ] [chunk_19_phase_5_optimization.py] [info] 114,15.55948,0.87962675,2.29,2.2,10.923886,3.1337535,5563.0,-60.14,-60.32,-25.57,17.65,311160.0,-1.57,-22.74,-26.7379,-15.82,0.34,35.03,-14.85,0.18,-3.93,0.7020335,3.5106976e-05,2.5010607,5,LightGBM+Transformer+Dense+VAE+LSTM
[LN1305   ] [chunk_19_phase_5_optimization.py] [info] 115,17.969538,2.4051416,10.45,10.55,12.584485,2.4849067,4240.0,3.43,0.0,3.05,0.0,65830.0,4.15,2.73,3.33,2.28,0.1,68.0,2.43,2.44,0.96,4.245632,0.00019116641,4.386436,5,LightGBM+Transformer+Dense+VAE+LSTM
[LN1306   ] [chunk_19_phase_5_optimization.py] [info] 116,15.468008,0.31481075,0.7,0.7,13.100743,1.1314021,2808.0,-57.28,-9.09,-2.64,-9.86,6160000.0,20.05,6.31,-4.89,-5.64,0.04,49.22,-4.85,0.08,1.14,0.61870134,2.126744e-06,2.2235582,5,LightGBM+Transformer+Dense+VAE+LSTM
[LN1307   ] [chunk_19_phase_5_optimization.py] [info] 117,18.893867,0.83724755,2.2,2.26,13.273213,1.6331544,3708.0,-9.24,-46.45,13.23,2.73,764850.0,4.63,3.89,9.71,0.87,0.16,51.02,-9.24,0.76,2.73,1.3838251,1.7354008e-05,2.6993213,5,LightGBM+Transformer+Dense+VAE+LSTM
[LN1308   ] [chunk_19_phase_5_optimization.py] [info] 118,24.625643,4.9496813,199.213,199.333,14.218583,5.5748878,270.0,12.37,-7.53,0.82,4.66,2250000.0,-4.47,1.67,4.9,-0.11,5.69,50.83,-0.99,0.67,-1.04,35.755516,6.3193706e-06,40.271885,5,LightGBM+Transformer+Dense+VAE+LSTM
[LN1309   ] [chunk_19_phase_5_optimization.py] [info] 119,21.529741,2.243896,11.78,11.66,14.063034,2.818995,181.0,-15.81,-22.47,-0.13,4.39,2330000.0,-3.48,-1.52,-2.67,-2.34,0.29,44.93,-1.77,0.55,-1.02,4.1362257,6.035637e-06,5.196319,5,LightGBM+Transformer+Dense+VAE+LSTM
[LN1310   ] [chunk_19_phase_5_optimization.py] [info] 120,24.625643,3.0873995,24.72,24.67,15.969002,3.406848,4146.0,-7.01,-14.73,-0.26,8.3,8470000.0,-0.48,-0.87,2.41,-2.19,0.5,47.14,1.82,0.69,-0.2,7.2412972,1.8853603e-06,7.9905434,5,LightGBM+Transformer+Dense+VAE+LSTM
[LN1311   ] [chunk_19_phase_5_optimization.py] [info] 121,17.49333,0.85441536,3.66,3.59,10.685103,3.0657246,5361.0,66.2,41.9,27.53,44.85,2410000.0,58.86,-13.46,-26.7379,-15.82,0.71,41.24,-6.02,0.03,-1.91,1.1710119,4.433653e-06,4.2017035,5,LightGBM+Transformer+Dense+VAE+LSTM
[LN1312   ] [chunk_19_phase_5_optimization.py] [info] 122,24.625643,4.9496813,199.213,199.333,14.10654,5.5748878,181.0,-3.82,-3.22,-6.77,-4.41,1720000.0,-8.77,-4.15,-3.41,-1.97,4.21,37.07,0.5,0.78,-0.85,35.755516,8.201477e-06,40.271885,5,LightGBM+Transformer+Dense+VAE+LSTM
[LN1313   ] [chunk_19_phase_5_optimization.py] [info] 123,20.809444,2.533697,12.68,12.56,14.244082,2.7682042,4239.0,-0.24,-9.05,-2.32,4.06,805820.0,1.37,2.88,4.15,3.06,0.28,57.89,7.81,1.9,-0.95,4.5372376,1.7676506e-05,4.9571834,5,LightGBM+Transformer+Dense+VAE+LSTM
[LN1314   ] [chunk_19_phase_5_optimization.py] [info] 124,16.34124,0.31481075,0.7,0.7,15.969002,1.1314021,5562.0,-77.95,-82.41,-65.97,-65.2279,8470000.0,-49.21,-27.52,-26.7379,0.45,0.09,41.63,-10.28,2.44,5.69,0.61870134,1.8853603e-06,2.2235582,5,LightGBM+Transformer+Dense+VAE+LSTM
[LN1315   ] [chunk_19_phase_5_optimization.py] [info] 125,21.431301,2.569554,17.53,17.72,13.352927,3.0699117,4678.0,18.53,-11.93,5.38,22.63,1060000.0,-5.74,-5.24,-10.82,-1.33,0.44,43.07,1.32,0.59,1.06,5.772153,1.2597101e-05,6.896138,5,LightGBM+Transformer+Dense+VAE+LSTM
[LN1316   ] [chunk_19_phase_5_optimization.py] [info] 126,24.353456,4.284276,76.4,76.26,14.006224,4.607168,207.0,-10.17,-19.16,-11.9,-19.46,2190000.0,-16.98,-2.17,1.68,1.64,1.34,51.02,1.14,0.55,-0.18,16.552467,6.395536e-06,17.799974,5,LightGBM+Transformer+Dense+VAE+LSTM
[LN1317   ] [chunk_19_phase_5_optimization.py] [info] 127,21.745716,4.9496813,164.98,155.9,12.638621,5.500033,5447.0,-8.88,-18.19,-16.12,-11.65,113060.0,-10.09,-8.36,-6.53,-5.53,5.69,37.22,-5.65,2.44,-5.5,28.345285,0.000111786845,31.496977,5,LightGBM+Transformer+Dense+VAE+LSTM
[LN1318   ] [chunk_19_phase_5_optimization.py] [info] 128,20.223513,2.5209172,12.67,12.7,11.42001,2.689207,3709.0,0.47,-8.04,3.99,6.54,142000.0,10.05,3.07,1.44,0.74,0.11,64.51,0.87,0.64,0.24,4.7225814,8.04226e-05,5.037849,5,LightGBM+Transformer+Dense+VAE+LSTM
[LN1319   ] [chunk_19_phase_5_optimization.py] [info] 129,24.508818,2.4578779,11.73,11.84,15.969002,2.74084,4086.0,-4.89,-10.7,-4.74,7.11,8470000.0,-4.69,-3.68,-11.97,-2.04,0.28,42.97,2.42,1.27,0.94,4.3198433,1.8853603e-06,4.8171635,5,LightGBM+Transformer+Dense+VAE+LSTM
[LN1320   ] [chunk_19_phase_5_optimization.py] [info] 130,23.816124,3.8862948,58.08,57.27,14.784877,4.4958014,1712.0,-28.27,-32.31,4.07,-1.6,3370000.0,8.16,3.48,4.05,3.2,1.44,58.03,0.97,0.78,-1.39,12.738551,4.3872037e-06,14.736402,5,LightGBM+Transformer+Dense+VAE+LSTM
[LN1321   ] [chunk_19_phase_5_optimization.py] [info] 131,20.299917,2.2834022,9.73,9.71,11.9094305,2.4132316,5579.0,-0.1,-3.57,3.19,4.97,272790.0,7.65,2.49,2.1,0.41,0.08,57.56,0.41,0.54,-0.21,4.02365,4.365787e-05,4.252426,5,LightGBM+Transformer+Dense+VAE+LSTM
[LN1322   ] [chunk_19_phase_5_optimization.py] [info] 132,21.03075,3.0605834,27.7,27.84,10.392742,3.3655703,4391.0,2.92,10.04,7.42,19.18,102560.0,4.7,2.13,2.24,1.17,0.37,60.71,1.16,0.32,0.51,8.272001,0.00010133329,9.096306,5,LightGBM+Transformer+Dense+VAE+LSTM
[LN1323   ] [chunk_19_phase_5_optimization.py] [info] 133,21.65543,2.9982293,20.97,20.73,13.854016,3.317091,1287.0,-0.67,-1.38,-6.22,-10.61,1500000.0,-1.14,2.09,5.23,0.71,0.63,51.85,0.97,0.69,-1.14,6.249452,9.2360115e-06,6.914081,5,LightGBM+Transformer+Dense+VAE+LSTM
[LN1324   ] [chunk_19_phase_5_optimization.py] [info] 134,19.241518,1.0043017,7.45,7.33,12.54512,2.5185027,4761.0,62.89,31.6,28.17,134.94,598200.0,-28.42,1.21,0.69,-1.5,0.55,48.53,-2.91,0.47,-1.61,2.9104595,2.0971447e-05,7.298604,5,LightGBM+Transformer+Dense+VAE+LSTM
[LN1325   ] [chunk_19_phase_5_optimization.py] [info] 135,24.10358,4.7586637,142.69,141.54,13.380602,4.9752846,1606.0,17.22,10.61,5.62,3.33,1090000.0,1.51,1.98,2.0,0.21,1.91,54.37,0.03,0.59,-0.81,28.448626,1.2275782e-05,29.743645,5,LightGBM+Transformer+Dense+VAE+LSTM
[LN1326   ] [chunk_19_phase_5_optimization.py] [info] 136,23.433313,3.3061538,36.2,36.23,15.285968,3.904394,1112.0,8.18,30.89,-5.01,0.56,7200000.0,-0.22,-6.87,-3.13,-5.31,1.21,37.77,-4.93,0.6,0.08,9.279289,2.123051e-06,10.958353,5,LightGBM+Transformer+Dense+VAE+LSTM
[LN1327   ] [chunk_19_phase_5_optimization.py] [info] 137,24.528372,4.187987,76.84,76.53,14.961591,4.4308167,1881.0,3.38,9.25,2.19,1.86,4490000.0,-4.34,-1.04,2.5,1.32,1.66,54.23,5.34,0.7,-0.4,17.272211,3.3322028e-06,18.273697,5,LightGBM+Transformer+Dense+VAE+LSTM
[LN1328   ] [chunk_19_phase_5_optimization.py] [info] 138,19.466278,2.7080503,15.13,15.15,10.73911,2.8786366,3426.0,1.47,-9.82,1.7,4.48,63890.0,3.06,1.01,0.33,0.39,0.15,54.35,0.26,0.72,0.13,5.2629085,0.0001680875,5.594431,5,LightGBM+Transformer+Dense+VAE+LSTM
[LN1329   ] [chunk_19_phase_5_optimization.py] [info] 139,24.625643,4.9496813,199.213,199.333,15.7917595,5.5748878,5502.0,9.47,20.61,0.27,3.05,5950000.0,-3.1,0.38,2.15,0.22,5.69,51.6,3.15,1.21,0.17,35.755516,2.6540772e-06,40.271885,5,LightGBM+Transformer+Dense+VAE+LSTM
[LN1330   ] [chunk_19_phase_5_optimization.py] [info] 140,22.53646,4.512068,132.44,134.01,14.235543,4.9490438,2810.0,23.42,29.92,15.02,22.76,659180.0,-1.44,7.44,8.85,4.49,3.23,62.81,-0.18,2.31,1.19,27.07796,2.1595837e-05,29.700354,5,LightGBM+Transformer+Dense+VAE+LSTM
[LN1331   ] [chunk_19_phase_5_optimization.py] [info] 141,23.71147,2.107786,12.26,12.44,13.2007475,2.6333268,5561.0,70.16,37.14,20.54,30.4,794220.0,12.58,0.53,-0.56,1.88,0.22,56.63,4.19,0.68,1.47,4.7240624,1.6621021e-05,5.9019275,5,LightGBM+Transformer+Dense+VAE+LSTM
[LN1332   ] [chunk_19_phase_5_optimization.py] [info] 142,20.443499,1.5973654,4.81,4.82,12.885531,1.9444805,4600.0,1.9,6.4,-1.54,2.99,598040.0,-10.91,3.3,-0.21,2.86,0.13,57.9,3.66,0.66,0.21,2.478811,2.154627e-05,3.0174687,5,LightGBM+Transformer+Dense+VAE+LSTM
[LN1333   ] [chunk_19_phase_5_optimization.py] [info] 143,18.664646,1.0647107,4.1,4.16,12.892097,1.7083778,5630.0,41.02,38.67,48.6,77.78,577460.0,35.06,17.39,19.88,5.96,0.29,60.21,2.72,0.69,1.46,2.4350584,2.2325525e-05,3.9071646,5,LightGBM+Transformer+Dense+VAE+LSTM
[LN1334   ] [chunk_19_phase_5_optimization.py] [info] 144,17.74498,2.3933394,10.6,10.6,12.071844,2.472328,3884.0,6.43,0.0,2.91,4.43,74200.0,1.83,1.04,0.66,0.44,0.05,57.65,0.86,2.36,0.0,4.287457,0.00016269331,4.428958,5,LightGBM+Transformer+Dense+VAE+LSTM
[LN1335   ] [chunk_19_phase_5_optimization.py] [info] 145,23.233677,4.4417095,93.95,93.47,13.687814,4.8048406,714.0,4.61,8.06,-11.33,-16.89,2270000.0,-10.3,-2.78,-0.04,1.23,2.26,47.84,0.51,0.39,-0.51,19.4533,6.029874e-06,21.0437,5,LightGBM+Transformer+Dense+VAE+LSTM
[LN1336   ] [chunk_19_phase_5_optimization.py] [info] 146,22.765783,3.407842,46.45,47.67,14.752755,4.1125116,2022.0,-3.35,-11.49,10.39,33.9,4330000.0,-15.79,10.3,8.96,5.14,2.26,56.94,-1.63,0.59,2.63,11.591455,3.4071027e-06,13.988325,5,LightGBM+Transformer+Dense+VAE+LSTM
[LN1337   ] [chunk_19_phase_5_optimization.py] [info] 147,23.711973,1.8640801,10.01,10.05,14.50638,2.427454,1652.0,75.7,49.33,33.85,30.35,1730000.0,46.08,11.34,5.68,2.35,0.22,62.91,2.45,1.16,0.4,4.14014,8.385191e-06,5.391399,5,LightGBM+Transformer+Dense+VAE+LSTM
[LN1338   ] [chunk_19_phase_5_optimization.py] [info] 148,15.468008,0.31481075,0.7,0.7,15.880475,1.4929041,1104.0,-83.68,-85.7779,-66.81,-65.2279,8470000.0,-49.21,-27.52,-26.7379,-15.82,0.05,27.6321,-9.09,0.7,5.59,0.46888477,1.8749085e-06,2.2235582,5,LightGBM+Transformer+Dense+VAE+LSTM
[LN1339   ] [chunk_19_phase_5_optimization.py] [info] 149,19.415857,2.6383429,18.8,18.76,11.656818,3.0378335,3575.0,42.12,27.19,14.6,20.18,27070.0,7.75,0.08,-2.09,-1.36,0.39,47.18,-2.95,2.44,-0.21,6.1754537,0.0004306176,7.110524,5,LightGBM+Transformer+Dense+VAE+LSTM
[LN1340   ] [chunk_19_phase_5_optimization.py] [info] 150,23.678698,2.6195831,17.47,17.52,15.969002,3.0464253,2930.0,2.22,2.52,2.6,17.82,8470000.0,-5.65,-5.3,-6.66,-2.51,0.47,42.79,4.41,0.39,0.29,5.7510023,1.8853603e-06,6.688087,5,LightGBM+Transformer+Dense+VAE+LSTM
[LN1341   ] [chunk_19_phase_5_optimization.py] [info] 151,15.468008,2.5982354,14.6,14.61,11.999369,2.7997174,5657.0,2.53,-5.01,-0.6,5.95,170330.0,-1.68,-2.28,-2.6,-1.0,0.17,39.65,-0.48,0.95,0.07,5.218384,7.0447764e-05,5.6230474,5,LightGBM+Transformer+Dense+VAE+LSTM
[LN1342   ] [chunk_19_phase_5_optimization.py] [info] 152,24.01353,4.9496813,199.213,199.333,13.449347,5.5748878,3321.0,41.75,21.43,39.64,90.53,2670000.0,36.72,9.18,4.67,2.81,5.69,59.74,4.98,0.26,1.51,35.755516,5.037208e-06,40.271885,5,LightGBM+Transformer+Dense+VAE+LSTM
[LN1343   ] [chunk_19_phase_5_optimization.py] [info] 153,24.625643,3.820346,49.99,49.52,14.842774,4.112839,4905.0,2.67,-7.72,-2.91,-7.51,3150000.0,-1.69,1.89,6.72,1.03,0.94,53.9,-1.0,0.89,-0.94,12.040344,4.7119916e-06,12.962176,5,LightGBM+Transformer+Dense+VAE+LSTM
[LN1344   ] [chunk_19_phase_5_optimization.py] [info] 154,18.2493,1.5518088,7.04,7.0,10.389457,2.5478814,3806.0,48.62,10.58,2.76,31.58,81520.0,-17.94,0.71,-3.71,-6.2,0.5,44.26,-9.09,0.4,-0.57,2.7473805,0.00012744672,4.5108647,5,LightGBM+Transformer+Dense+VAE+LSTM
[LN1345   ] [chunk_19_phase_5_optimization.py] [info] 155,24.625643,4.8748155,172.41,175.39,14.73511,5.293305,1542.0,-1.09,6.17,5.49,14.07,1520000.0,-1.42,2.96,1.97,1.27,3.79,56.01,0.82,1.65,1.73,33.134308,9.694151e-06,35.978798,5,LightGBM+Transformer+Dense+VAE+LSTM
[LN1346   ] [chunk_19_phase_5_optimization.py] [info] 156,20.343029,0.91629076,2.04,2.01,15.963434,1.7833912,1493.0,-26.1,4.88,-26.28,-19.28,7380000.0,-30.45,-9.68,-22.99,-5.64,0.15,39.52,-3.83,1.16,-1.47,1.1270663,2.163067e-06,2.1936269,5,LightGBM+Transformer+Dense+VAE+LSTM
[LN1347   ] [chunk_19_phase_5_optimization.py] [info] 157,23.36944,1.773256,9.2,9.33,15.969002,2.3951643,1430.0,65.43,58.67,29.29,63.97,8470000.0,10.94,1.92,3.9,0.86,0.26,52.04,-3.81,0.89,1.41,3.8953485,1.8853603e-06,5.2615075,5,LightGBM+Transformer+Dense+VAE+LSTM
[LN1348   ] [chunk_19_phase_5_optimization.py] [info] 158,23.037779,3.5097528,41.99,40.73,14.894152,3.8066626,3992.0,19.16,19.92,6.89,6.01,1370000.0,13.61,-0.54,-1.45,-4.1,0.93,41.53,-0.44,2.14,-3.0,10.699661,1.0871644e-05,11.604806,5,LightGBM+Transformer+Dense+VAE+LSTM
[LN1349   ] [chunk_19_phase_5_optimization.py] [info] 159,20.429981,3.3127303,37.19,37.49,10.660454,3.8379457,2812.0,20.35,33.94,2.23,7.76,111990.0,-7.89,4.12,6.96,3.16,0.93,59.93,-0.5,0.38,0.81,9.768247,9.519113e-05,11.316949,5,LightGBM+Transformer+Dense+VAE+LSTM
[LN1350   ] [chunk_19_phase_5_optimization.py] [info] 160,16.201517,0.32930374,0.7,0.7,13.278034,1.446919,4821.0,-59.45,-85.7779,-34.58,-43.82,6190000.0,-30.3,-7.52,5.38,-9.46,0.06,45.2,-6.37,0.09,6.21,0.48378658,2.1450783e-06,2.125697,5,LightGBM+Transformer+Dense+VAE+LSTM
[LN1351   ] [chunk_19_phase_5_optimization.py] [info] 161,23.766836,4.9496813,194.9,193.56,13.510108,5.461074,1096.0,3.67,-5.71,-7.94,-7.33,913900.0,-12.06,-0.96,-4.81,-2.26,4.2,44.31,2.76,0.81,-0.69,35.44358,1.4782918e-05,39.105545,5,LightGBM+Transformer+Dense+VAE+LSTM
[LN1352   ] [chunk_19_phase_5_optimization.py] [info] 162,24.625643,3.810876,46.8,45.95,13.853908,4.048824,4480.0,1.17,-3.53,-8.31,-13.58,1410000.0,-12.86,-1.54,-0.91,-0.18,0.71,47.65,1.61,0.74,-1.82,11.348974,9.825467e-06,12.057595,5,LightGBM+Transformer+Dense+VAE+LSTM
[LN1353   ] [chunk_19_phase_5_optimization.py] [info] 163,21.385954,0.5988365,0.84,0.85,15.399617,1.1314021,4332.0,-19.12,-34.17,-19.82,-19.89,3890000.0,-22.8,-15.14,-13.99,-6.28,0.04,36.21,-6.96,1.25,1.6,0.7512802,3.958771e-06,1.4194192,5,LightGBM+Transformer+Dense+VAE+LSTM
[LN1354   ] [chunk_19_phase_5_optimization.py] [info] 164,20.206507,2.2915242,13.83,13.82,12.98567,2.727199,2505.0,16.82,5.58,17.03,37.38,347320.0,13.46,4.66,3.13,0.6,0.4,54.25,7.38,1.26,-0.07,5.06747,3.7388203e-05,6.0309205,5,LightGBM+Transformer+Dense+VAE+LSTM
[LN1355   ] [chunk_19_phase_5_optimization.py] [info] 165,21.99583,1.5706971,10.78,10.95,14.412703,2.702032,3999.0,97.65,119.88,13.2,1.01,2540000.0,4.89,-1.29,3.69,-4.09,0.8,46.4,-14.85,0.72,1.58,4.0525055,5.6742924e-06,6.971427,5,LightGBM+Transformer+Dense+VAE+LSTM
[LN1356   ] [chunk_19_phase_5_optimization.py] [info] 166,24.625643,3.1780539,127.22,134.33,15.969002,5.0425215,2507.0,115.5665,144.143,68.57,149.1765,8470000.0,28.12,9.18,5.94,-2.91,5.69,52.2,2.2,0.62,5.59,26.63945,1.8853603e-06,42.268005,5,LightGBM+Transformer+Dense+VAE+LSTM
[LN1357   ] [chunk_19_phase_5_optimization.py] [info] 167,20.323893,3.1675825,77.85,78.67,10.191745,4.5108595,4514.0,115.5665,0.0,68.57,149.1765,60690.0,77.9365,11.79,15.03,1.18,5.59,54.99,-0.98,0.44,1.05,17.440136,0.0001679312,24.835976,5,LightGBM+Transformer+Dense+VAE+LSTM
[LN1358   ] [chunk_19_phase_5_optimization.py] [info] 168,24.107317,1.5871923,5.32,5.23,13.21858,1.9050882,5172.0,30.1,10.81,6.38,6.09,619510.0,-2.97,-0.42,2.95,2.9,0.08,54.81,1.36,0.89,-1.69,2.7452798,2.1337155e-05,3.295127,5,LightGBM+Transformer+Dense+VAE+LSTM
[LN1359   ] [chunk_19_phase_5_optimization.py] [info] 169,23.299688,2.4078455,22.71,22.82,15.101952,3.3214324,5255.0,101.06,93.88,28.14,71.58,5600000.0,7.14,-5.79,-3.71,-0.65,0.67,45.18,0.84,0.65,0.48,6.8705297,2.696777e-06,9.477352,5,LightGBM+Transformer+Dense+VAE+LSTM
[LN1360   ] [chunk_19_phase_5_optimization.py] [info] 170,19.9197,2.4553063,12.01,12.03,11.146893,2.580217,3768.0,7.6,-0.99,6.49,7.79,88730.0,11.49,4.44,1.69,-0.17,0.08,63.56,-0.41,0.78,0.17,4.662399,0.0001256271,4.8995924,5,LightGBM+Transformer+Dense+VAE+LSTM
[LN1361   ] [chunk_19_phase_5_optimization.py] [info] 171,19.815836,1.160021,3.8,3.74,14.569901,2.9533465,4444.0,-70.25,-78.77,-33.94,-49.66,3710000.0,19.11,10.62,12.65,4.86,0.28,54.02,-6.5,0.57,-1.58,1.26636,3.927197e-06,3.2240798,5,LightGBM+Transformer+Dense+VAE+LSTM
[LN1362   ] [chunk_19_phase_5_optimization.py] [info] 172,24.356632,1.6808279,7.07,7.1,15.969002,2.1341665,2814.0,59.4,29.74,14.6,15.69,8470000.0,11.46,0.9,-2.61,0.84,0.14,53.76,3.5,0.6,0.42,3.3268259,1.8853603e-06,4.2241087,5,LightGBM+Transformer+Dense+VAE+LSTM
[LN1363   ] [chunk_19_phase_5_optimization.py] [info] 173,22.95328,3.6913764,46.45,46.19,13.664196,3.8780525,3916.0,11.98,13.21,3.93,2.17,1040000.0,2.96,2.18,1.94,0.14,0.62,54.29,-0.52,0.83,-0.56,11.910618,1.313865e-05,12.512948,5,LightGBM+Transformer+Dense+VAE+LSTM
[LN1364   ] [chunk_19_phase_5_optimization.py] [info] 174,21.787977,0.9242589,13.6,13.61,15.969002,2.9333248,3844.0,115.5665,144.143,68.57,149.1765,8470000.0,54.84,32.2465,40.09,17.61,1.49,63.21,-12.92,0.79,0.04,4.6397862,1.8853603e-06,14.725311,5,LightGBM+Transformer+Dense+VAE+LSTM
[LN1365   ] [chunk_19_phase_5_optimization.py] [info] 175,23.010736,3.8942664,76.6,77.22,14.576592,4.4334326,1178.0,24.85,24.49,22.09,44.69,2570000.0,13.58,7.82,12.03,2.61,2.47,57.6,4.56,0.83,0.81,17.417656,5.671826e-06,19.829153,5,LightGBM+Transformer+Dense+VAE+LSTM
[LN1366   ] [chunk_19_phase_5_optimization.py] [info] 176,20.93028,2.7047112,14.74,14.54,13.061679,3.0558863,5444.0,-22.99,-21.09,-13.61,-16.53,640540.0,-13.5,-3.01,-2.61,0.66,0.29,47.3,2.39,0.73,-1.36,4.7580304,2.0391668e-05,5.375805,5,LightGBM+Transformer+Dense+VAE+LSTM
[LN1367   ] [chunk_19_phase_5_optimization.py] [info] 177,21.12873,2.5525653,17.12,17.17,12.971141,2.9559515,3319.0,30.87,34.88,18.09,37.36,776440.0,36.6,3.07,3.87,2.66,0.47,58.53,5.99,0.55,0.29,5.8086205,1.6705915e-05,6.7265663,5,LightGBM+Transformer+Dense+VAE+LSTM
[LN1368   ] [chunk_19_phase_5_optimization.py] [info] 178,21.08094,0.7275486,4.32,4.44,15.969002,2.2460148,4637.0,16.23,-17.93,48.92,125.38,8470000.0,50.51,-13.39,-26.7379,-15.82,0.59,38.66,-11.9,0.53,2.78,1.9768348,1.8853603e-06,6.102685,5,LightGBM+Transformer+Dense+VAE+LSTM
[LN1369   ] [chunk_19_phase_5_optimization.py] [info] 179,20.772057,0.93609333,2.39,2.41,13.088512,1.3787661,5364.0,43.45,2.12,11.47,23.59,1270000.0,1.69,-7.61,-10.41,-3.02,0.08,40.08,-1.23,0.38,0.84,1.7479397,1.0305916e-05,2.5745294,5,LightGBM+Transformer+Dense+VAE+LSTM
[LN1370   ] [chunk_19_phase_5_optimization.py] [info] 180,24.596132,3.609295,48.11,47.6,15.969002,3.9021747,1886.0,26.46,17.53,8.64,2.74,5940000.0,8.21,5.99,7.62,2.29,0.72,64.64,0.51,1.94,-1.06,12.198326,2.6883843e-06,13.188171,5,LightGBM+Transformer+Dense+VAE+LSTM
[LN1371   ] [chunk_19_phase_5_optimization.py] [info] 181,20.93028,2.530517,47.97,47.96,13.881844,3.8973153,5310.0,115.5665,69.44,68.57,149.1765,889380.0,77.9365,20.93,0.44,0.13,0.33,72.45,0.13,1.2,-0.02,12.305907,1.560845e-05,18.952648,5,LightGBM+Transformer+Dense+VAE+LSTM
[LN1372   ] [chunk_19_phase_5_optimization.py] [info] 182,23.93733,4.417997,104.39,104.46,14.929441,4.81389,1887.0,5.91,22.95,-0.12,0.99,3430000.0,7.4,4.31,1.32,-0.75,3.57,52.59,5.95,0.89,0.07,21.699705,4.352607e-06,23.6442,5,LightGBM+Transformer+Dense+VAE+LSTM
[LN1373   ] [chunk_19_phase_5_optimization.py] [info] 183,22.590443,3.2665224,35.39,35.41,14.393811,3.719166,927.0,2.79,9.09,5.86,21.81,2260000.0,-2.77,-5.01,-5.02,-5.98,1.17,39.51,-1.14,0.79,0.06,9.520951,6.368943e-06,10.840275,5,LightGBM+Transformer+Dense+VAE+LSTM
[LN1374   ] [chunk_19_phase_5_optimization.py] [info] 184,24.199572,4.301494,113.22,114.61,14.554434,4.7811384,5049.0,16.77,27.08,13.11,30.88,1800000.0,1.49,0.7,1.46,-0.37,3.05,50.94,1.47,1.16,1.23,23.97128,8.085796e-06,26.64423,5,LightGBM+Transformer+Dense+VAE+LSTM
[LN1375   ] [chunk_19_phase_5_optimization.py] [info] 185,20.938377,1.4586151,10.13,10.18,13.716542,2.5055258,2695.0,43.18,5.82,68.57,117.99,847370.0,55.18,32.2465,38.88,4.6,0.6,60.18,-0.2,1.07,0.49,4.0630193,1.6187194e-05,6.9792233,5,LightGBM+Transformer+Dense+VAE+LSTM
[LN1376   ] [chunk_19_phase_5_optimization.py] [info] 186,21.811829,3.7518542,49.75,49.86,13.004714,3.9932342,1429.0,10.09,-6.42,7.14,-0.38,337860.0,11.12,7.07,8.96,5.97,1.01,71.61,3.04,1.32,0.22,12.486119,3.849143e-05,13.289429,5,LightGBM+Transformer+Dense+VAE+LSTM
[LN1377   ] [chunk_19_phase_5_optimization.py] [info] 187,23.533873,3.21165,33.76,31.65,15.969002,3.6625354,3217.0,-5.86,3.98,0.2,19.61,8470000.0,-4.7,-2.0,-4.26,-3.35,1.21,43.03,-4.93,2.44,-6.25,8.641555,1.8853603e-06,9.854748,5,LightGBM+Transformer+Dense+VAE+LSTM
[LN1378   ] [chunk_19_phase_5_optimization.py] [info] 188,18.080723,0.7514161,1.15,1.11,15.008017,1.3454723,3105.0,-35.47,-43.94,-29.22,-31.9,1050000.0,-30.19,-27.52,-26.7379,-15.82,0.23,35.92,-14.85,2.44,-3.48,0.8249891,1.42933495e-05,1.4772109,5,LightGBM+Transformer+Dense+VAE+LSTM
[LN1379   ] [chunk_19_phase_5_optimization.py] [info] 189,17.648924,0.31481075,0.7,0.7,15.524975,3.3300593,452.0,-83.68,-85.7779,-66.81,-15.47,8470000.0,77.9365,-14.69,-26.7379,-15.82,0.1,45.37,-3.9,0.09,1.19,0.21020646,1.8329368e-06,2.2235582,5,LightGBM+Transformer+Dense+VAE+LSTM
[LN1380   ] [chunk_19_phase_5_optimization.py] [info] 190,24.625643,4.9496813,199.213,199.333,15.286156,5.452968,1242.0,23.4,40.14,10.05,18.91,3710000.0,3.38,0.43,-1.92,2.86,5.69,54.74,8.31,1.17,-0.15,36.554955,4.1202575e-06,40.271885,5,LightGBM+Transformer+Dense+VAE+LSTM
[LN1381   ] [chunk_19_phase_5_optimization.py] [info] 191,20.072008,1.2837077,4.08,4.11,13.159607,2.0425181,3991.0,28.44,32.15,-1.12,-9.27,733840.0,-18.29,-9.28,-16.12,-0.09,0.18,42.45,1.23,0.71,0.74,2.012222,1.7932529e-05,3.2016633,5,LightGBM+Transformer+Dense+VAE+LSTM
[LN1382   ] [chunk_19_phase_5_optimization.py] [info] 192,24.625643,4.9496813,199.213,199.333,13.185466,5.5748878,2641.0,54.46,40.85,22.76,44.81,540980.0,12.99,-0.02,1.82,0.95,5.69,52.5,0.2,0.98,0.76,35.755516,2.4373296e-05,40.271885,5,LightGBM+Transformer+Dense+VAE+LSTM
[LN1383   ] [chunk_19_phase_5_optimization.py] [info] 193,17.865206,2.387845,10.02,9.98,7.5807,2.4024305,5583.0,0.5,0.0,0.36,0.0,90940.0,0.0,0.36,0.6,0.1,0.04,52.17,-0.2,0.03,-0.4,4.1541266,8.335936e-05,4.179501,5,LightGBM+Transformer+Dense+VAE+LSTM
[LN1384   ] [chunk_19_phase_5_optimization.py] [info] 194,23.66137,1.8885837,7.38,7.52,15.540099,2.2332351,5443.0,15.87,-3.09,7.23,8.83,7010000.0,3.01,5.84,0.53,1.12,0.18,56.35,1.21,0.8,1.9,3.3673124,2.2168472e-06,3.9818199,5,LightGBM+Transformer+Dense+VAE+LSTM
[LN1385   ] [chunk_19_phase_5_optimization.py] [info] 195,23.161255,4.9496813,199.213,199.333,13.044419,5.5748878,4564.0,-2.24,-12.81,-0.02,6.71,427340.0,-1.63,-2.05,-2.87,-4.82,5.28,38.58,-3.43,1.08,0.28,35.755516,3.0524687e-05,40.271885,5,LightGBM+Transformer+Dense+VAE+LSTM
[LN1386   ] [chunk_19_phase_5_optimization.py] [info] 196,18.644705,0.47623417,0.7,0.7,11.845777,1.408545,5367.0,-38.25,-64.67,-42.46,-37.03,818470.0,-40.0,-22.06,-17.8,-11.82,0.05,33.74,-11.89,0.17,1.08,0.49696675,1.4473074e-05,1.4698651,5,LightGBM+Transformer+Dense+VAE+LSTM
[LN1387   ] [chunk_19_phase_5_optimization.py] [info] 197,19.402908,2.3693087,10.14,10.15,7.5807,2.4849067,4933.0,2.4,0.0,0.94,0.0,49530.0,1.28,0.62,0.77,0.47,0.08,68.2,0.31,0.03,0.08,4.0846605,0.0001530527,4.28395,5,LightGBM+Transformer+Dense+VAE+LSTM
[LN1388   ] [chunk_19_phase_5_optimization.py] [info] 198,19.92211,1.1693814,2.63,2.68,13.508986,1.678964,5115.0,-13.27,-4.63,-6.55,-14.1,1380000.0,6.56,-0.56,0.37,-4.61,0.14,45.62,-7.9,0.53,1.9,1.5962224,9.789121e-06,2.29181,5,LightGBM+Transformer+Dense+VAE+LSTM
[LN1389   ] [chunk_19_phase_5_optimization.py] [info] 199,21.908056,2.6188545,18.9,18.74,14.079338,3.4995332,2697.0,-24.34,-36.19,8.6,24.35,1610000.0,10.56,15.66,21.22,8.51,0.86,63.79,7.64,0.81,-0.85,5.3549995,8.74493e-06,7.1558,5,LightGBM+Transformer+Dense+VAE+LSTM
[LN1390   ] [chunk_19_phase_5_optimization.py] [info] 200,24.042168,3.4725873,37.75,37.36,15.646914,3.670206,4273.0,15.1,14.15,6.29,3.06,5600000.0,2.16,1.94,2.36,0.29,0.62,53.91,0.13,1.11,-1.03,10.179265,2.7940916e-06,10.758549,5,LightGBM+Transformer+Dense+VAE+LSTM
[LN1391   ] [chunk_19_phase_5_optimization.py] [info] 201,23.744665,4.1188745,100.47,100.62,14.974406,4.779628,1544.0,34.27,49.49,12.76,23.87,4490000.0,-12.05,0.93,4.92,7.9,3.28,60.71,7.01,0.71,0.15,21.05185,3.335057e-06,24.429003,5,LightGBM+Transformer+Dense+VAE+LSTM
[LN1392   ] [chunk_19_phase_5_optimization.py] [info] 202,19.600565,2.6878474,17.7,17.39,13.113734,4.128263,5171.0,-62.33,-52.87,-25.57,-22.3,433480.0,-22.09,-5.65,16.01,5.69,1.43,51.42,-1.47,1.14,-1.75,4.2124257,3.0252224e-05,6.469861,5,LightGBM+Transformer+Dense+VAE+LSTM
[LN1393   ] [chunk_19_phase_5_optimization.py] [info] 203,24.625643,4.3466587,101.21,98.27,15.969002,4.6978407,4000.0,24.31,20.92,4.53,9.01,4660000.0,0.62,-5.16,-5.03,-4.47,2.19,33.49,-2.87,2.44,-2.9,20.918121,3.4268244e-06,22.608171,5,LightGBM+Transformer+Dense+VAE+LSTM
[LN1394   ] [chunk_19_phase_5_optimization.py] [info] 204,22.801456,1.3887912,7.04,7.79,15.969002,2.427454,3214.0,46.7,18.57,64.55,133.23,8470000.0,77.9365,32.2465,37.63,15.02,0.44,69.44,10.97,1.6,6.21,3.2091236,1.8853603e-06,5.6091943,5,LightGBM+Transformer+Dense+VAE+LSTM
[LN1395   ] [chunk_19_phase_5_optimization.py] [info] 205,21.749308,2.0464017,9.09,9.12,13.010703,2.329227,1890.0,11.63,5.31,6.48,16.03,491520.0,3.05,1.31,1.67,0.03,0.1,53.59,0.44,0.91,0.33,3.915462,2.6470343e-05,4.456603,5,LightGBM+Transformer+Dense+VAE+LSTM
[LN1396   ] [chunk_19_phase_5_optimization.py] [info] 206,24.625643,4.400112,97.48,96.15,14.976931,4.623305,4907.0,16.8,3.69,6.01,5.6,4970000.0,0.84,2.02,1.84,-0.41,1.42,50.64,-2.32,0.64,-1.36,20.796812,3.013467e-06,21.851715,5,LightGBM+Transformer+Dense+VAE+LSTM
[LN1397   ] [chunk_19_phase_5_optimization.py] [info] 207,24.625643,4.269138,107.03,106.68,14.816223,4.7173376,717.0,38.85,40.59,15.85,35.52,3400000.0,5.71,0.73,-1.32,-0.44,2.22,49.87,-0.04,0.8,-0.33,22.614452,4.3577124e-06,24.988651,5,LightGBM+Transformer+Dense+VAE+LSTM
[LN1398   ] [chunk_19_phase_5_optimization.py] [info] 208,22.05299,1.9139771,7.98,7.9,13.57276,2.360854,2171.0,-14.87,2.33,6.3,16.01,985850.0,16.69,-1.89,-4.13,-0.8,0.22,47.36,-0.88,0.8,-1.0,3.3462467,1.3767571e-05,4.127531,5,LightGBM+Transformer+Dense+VAE+LSTM
[LN1399   ] [chunk_19_phase_5_optimization.py] [info] 209,23.050543,3.1842844,26.85,26.25,15.969002,4.0722694,3493.0,-36.87,-51.21,-10.77,-4.16,8470000.0,-23.13,0.88,1.43,-2.59,1.36,47.71,-3.28,0.85,-2.23,6.4460373,1.8853603e-06,8.24361,5,LightGBM+Transformer+Dense+VAE+LSTM
[LN1400   ] [chunk_19_phase_5_optimization.py] [info] 210,24.625643,4.473009,181.16,180.28,15.969002,5.281273,3830.0,34.25,30.64,23.33,75.52,8470000.0,3.76,0.44,1.04,-2.04,5.58,47.71,0.25,0.93,-0.49,34.135708,1.8853603e-06,40.303963,5,LightGBM+Transformer+Dense+VAE+LSTM
[LN1401   ] [chunk_19_phase_5_optimization.py] [info] 211,19.004906,0.90825856,12.12,11.21,12.63086,2.6741486,3958.0,115.5665,0.0,68.57,149.1765,254060.0,77.9365,-4.62,0.09,-6.45,0.85,40.21,-10.89,1.2,-7.17,4.1919885,4.971605e-05,12.3423,5,LightGBM+Transformer+Dense+VAE+LSTM
[LN1402   ] [chunk_19_phase_5_optimization.py] [info] 212,22.704268,3.8480177,109.17,109.12,12.860513,4.744149,4635.0,94.93,117.41,48.89,73.29,588470.0,26.22,7.87,12.6,5.4,4.07,62.04,-1.85,0.65,-0.05,23.000963,2.1854152e-05,28.357458,5,LightGBM+Transformer+Dense+VAE+LSTM
[LN1403   ] [chunk_19_phase_5_optimization.py] [info] 213,19.03619,2.2772672,12.13,12.21,10.133805,2.6056483,2637.0,20.3,5.08,8.6,16.73,48840.0,2.86,-0.31,-0.33,0.59,0.16,51.47,0.0,0.52,0.66,4.685974,0.00020748987,5.3616896,5,LightGBM+Transformer+Dense+VAE+LSTM
[LN1404   ] [chunk_19_phase_5_optimization.py] [info] 214,20.21164,1.9726912,10.76,10.68,13.565412,2.6504211,5657.0,28.06,25.06,20.23,47.51,1850000.0,-4.9,13.91,19.33,1.98,0.61,55.12,-6.15,0.42,-0.74,4.029548,7.332655e-06,5.4139237,5,LightGBM+Transformer+Dense+VAE+LSTM
[LN1405   ] [chunk_19_phase_5_optimization.py] [info] 215,24.342527,4.5319543,117.4,115.91,14.060557,4.780635,5657.0,23.26,16.57,8.62,6.43,2080000.0,5.83,4.24,3.47,0.68,1.62,57.09,-0.24,0.61,-1.27,24.245733,6.7598835e-06,25.576164,5,LightGBM+Transformer+Dense+VAE+LSTM
[LN1406   ] [chunk_19_phase_5_optimization.py] [info] 216,17.587582,1.2029723,6.97,7.03,9.349145,2.1838017,4788.0,98.42,62.07,59.62,149.1765,30770.0,41.81,-0.07,-3.51,-0.37,0.37,50.88,-2.58,0.37,0.98,3.219157,0.00030383962,5.8438587,5,LightGBM+Transformer+Dense+VAE+LSTM
[LN1407   ] [chunk_19_phase_5_optimization.py] [info] 217,18.893494,1.3635374,4.4,4.53,10.246297,2.387845,2940.0,-14.85,31.69,-31.38,-35.19,104040.0,-25.49,-16.05,-21.35,-12.93,0.23,29.66,-8.85,0.27,2.95,1.8971081,9.8484204e-05,3.322241,5,LightGBM+Transformer+Dense+VAE+LSTM
[LN1408   ] [chunk_19_phase_5_optimization.py] [info] 218,23.407705,4.9496813,199.213,199.333,12.264111,5.5748878,1693.0,-3.64,-9.67,1.09,-1.67,322100.0,3.68,1.24,1.08,-0.71,5.69,50.82,2.47,0.66,0.24,35.755516,3.8075475e-05,40.271885,5,LightGBM+Transformer+Dense+VAE+LSTM
[LN1409   ] [chunk_19_phase_5_optimization.py] [info] 219,19.379227,0.81536484,3.75,3.7,9.050641,2.8656235,4850.0,51.45,144.143,12.76,45.67,47530.0,-14.75,4.26,7.87,0.48,0.29,51.17,-5.37,0.18,-1.33,1.2911675,0.00019041955,4.537846,5,LightGBM+Transformer+Dense+VAE+LSTM
[LN1410   ] [chunk_19_phase_5_optimization.py] [info] 220,22.896881,4.815188,199.213,199.333,12.396908,5.332574,529.0,43.7,45.52,23.48,46.69,354870.0,20.5,3.31,5.24,2.6,3.76,60.56,2.52,0.68,0.91,37.38026,3.493366e-05,41.39672,5,LightGBM+Transformer+Dense+VAE+LSTM
[LN1411   ] [chunk_19_phase_5_optimization.py] [info] 221,24.09572,2.3015845,23.56,23.92,15.85275,3.3617632,2939.0,115.5665,126.94,49.29,63.05,8470000.0,48.66,4.26,2.62,-4.36,1.16,48.22,-13.27,0.42,1.53,7.1153135,1.8716352e-06,10.392839,5,LightGBM+Transformer+Dense+VAE+LSTM
[LN1412   ] [chunk_19_phase_5_optimization.py] [info] 222,24.625643,4.478586,130.06,133.29,15.852708,4.9260936,4111.0,37.43,6.75,16.42,29.07,8470000.0,12.53,4.66,1.78,1.85,3.63,59.06,4.66,0.89,2.48,27.057951,1.8716302e-06,29.761625,5,LightGBM+Transformer+Dense+VAE+LSTM
[LN1413   ] [chunk_19_phase_5_optimization.py] [info] 223,23.422611,3.987316,67.65,67.9,13.646305,4.259718,5657.0,24.63,15.3,8.21,11.84,1200000.0,5.11,0.8,0.86,-0.11,1.03,51.5,-0.41,0.7,0.37,15.940023,1.1371921e-05,17.029,5,LightGBM+Transformer+Dense+VAE+LSTM
[LN1414   ] [chunk_19_phase_5_optimization.py] [info] 224,24.625643,4.9496813,199.213,199.333,13.821883,5.5748878,181.0,4.83,6.92,5.83,14.03,1490000.0,2.16,-0.13,-4.23,-0.7,5.69,48.57,3.34,0.67,0.55,35.755516,9.276432e-06,40.271885,5,LightGBM+Transformer+Dense+VAE+LSTM
[LN1415   ] [chunk_19_phase_5_optimization.py] [info] 225,19.343868,1.0296195,1.86,2.07,15.901086,2.4807312,247.0,-55.48,-16.19,-64.8,-64.25,8470000.0,-49.21,-27.52,-26.7379,-15.82,0.35,34.3,-5.48,0.81,6.21,0.83443135,1.8773419e-06,2.0104516,5,LightGBM+Transformer+Dense+VAE+LSTM
[LN1416   ] [chunk_19_phase_5_optimization.py] [info] 226,23.085062,2.7219532,23.63,23.48,15.969002,3.4108176,3630.0,-8.74,-0.97,5.93,36.91,8470000.0,-1.43,-4.46,-6.94,-1.21,0.8,45.24,2.76,1.63,-0.63,6.88398,1.8853603e-06,8.626159,5,LightGBM+Transformer+Dense+VAE+LSTM
[LN1417   ] [chunk_19_phase_5_optimization.py] [info] 227,15.468008,1.2974632,2.73,2.78,10.580429,2.9439125,5440.0,-54.58,-64.44,-49.52,-40.47,348430.0,-49.21,-26.13,-26.65,-11.5,0.39,33.01,-12.58,0.11,1.83,0.9443215,3.036601e-05,2.1426427,5,LightGBM+Transformer+Dense+VAE+LSTM
[LN1418   ] [chunk_19_phase_5_optimization.py] [info] 228,19.727743,0.88789123,11.67,11.88,14.226623,3.2035592,5441.0,-29.37,144.143,27.45,87.38,3160000.0,8.59,-1.98,-11.34,-15.79,1.42,42.47,-6.82,0.48,1.8,3.7083755,4.5020956e-06,13.380016,5,LightGBM+Transformer+Dense+VAE+LSTM
[LN1419   ] [chunk_19_phase_5_optimization.py] [info] 229,19.822208,1.4906543,3.55,3.65,14.840784,2.2995806,2496.0,-47.33,-2.14,-23.59,-23.32,4030000.0,-26.26,-4.79,-4.95,-1.47,0.16,44.5,0.27,0.69,2.82,1.587246,3.6825766e-06,2.448589,5,LightGBM+Transformer+Dense+VAE+LSTM
[LN1420   ] [chunk_19_phase_5_optimization.py] [info] 230,24.625643,4.1309977,83.43,83.4,14.580769,4.4724383,552.0,27.29,7.7,12.96,19.91,5090000.0,14.78,3.27,10.67,0.41,1.43,55.5,-0.51,0.42,-0.04,18.647545,2.864591e-06,20.188828,5,LightGBM+Transformer+Dense+VAE+LSTM
[LN1421   ] [chunk_19_phase_5_optimization.py] [info] 231,15.468008,1.4816046,9.44,8.95,9.364263,3.1663187,3212.0,115.5665,0.0,42.97,114.11,51720.0,51.44,-11.9,-21.56,-14.76,1.31,41.75,-10.1,0.23,-5.19,2.8266265,0.0001810569,6.040748,5,LightGBM+Transformer+Dense+VAE+LSTM
[LN1422   ] [chunk_19_phase_5_optimization.py] [info] 232,19.903534,1.401183,5.16,5.14,12.977093,1.9139771,5657.0,3.63,4.9,14.03,17.35,1550000.0,41.21,0.24,-0.39,-0.02,0.04,55.89,0.19,0.28,-0.39,2.6855075,8.372318e-06,3.6683288,5,LightGBM+Transformer+Dense+VAE+LSTM
[LN1423   ] [chunk_19_phase_5_optimization.py] [info] 233,24.625643,4.8211684,175.94,176.06,14.4211445,5.2007046,5657.0,39.7,35.37,13.96,19.16,2870000.0,8.97,3.8,2.98,1.5,3.01,59.07,2.31,0.64,0.07,33.853107,5.024789e-06,36.51812,5,LightGBM+Transformer+Dense+VAE+LSTM
[LN1424   ] [chunk_19_phase_5_optimization.py] [info] 234,24.127127,3.2503746,25.64,25.41,15.969002,3.6033216,2942.0,-17.26,-28.4,-9.2,-14.27,8470000.0,-11.4,-3.63,-4.97,-0.53,0.47,44.44,1.11,0.78,-0.9,7.051827,1.8853603e-06,7.8175607,5,LightGBM+Transformer+Dense+VAE+LSTM
[LN1425   ] [chunk_19_phase_5_optimization.py] [info] 235,22.238394,3.1086144,28.29,28.04,14.02109,3.5981338,3972.0,20.86,-8.1,-8.61,-12.87,1840000.0,-5.56,0.16,1.96,2.15,0.69,53.78,3.47,0.67,-0.88,7.7929287,7.6201572e-06,9.020096,5,LightGBM+Transformer+Dense+VAE+LSTM
[LN1426   ] [chunk_19_phase_5_optimization.py] [info] 236,20.962282,1.61542,5.35,4.91,14.56671,2.2170272,5023.0,-25.38,-25.61,-10.63,-12.16,1180000.0,-9.07,-9.23,-9.41,-7.32,0.23,38.74,-4.29,1.8,-7.17,2.2146773,1.234467e-05,3.0394573,5,LightGBM+Transformer+Dense+VAE+LSTM
[LN1427   ] [chunk_19_phase_5_optimization.py] [info] 237,21.038076,1.5602477,8.96,8.95,15.090117,2.4309783,405.0,48.18,32.79,29.72,96.27,7500000.0,29.52,4.51,12.3,1.14,0.69,52.72,2.11,0.48,-0.11,3.6816454,2.0120156e-06,5.7362685,5,LightGBM+Transformer+Dense+VAE+LSTM
[LN1428   ] [chunk_19_phase_5_optimization.py] [info] 238,23.579737,3.8807387,83.82,82.92,14.08357,4.49032,4757.0,46.27,66.44,19.78,34.63,2130000.0,10.97,-1.33,1.01,-1.65,1.81,45.13,-2.46,0.61,-1.07,18.466389,6.612004e-06,21.367065,5,LightGBM+Transformer+Dense+VAE+LSTM
[LN1429   ] [chunk_19_phase_5_optimization.py] [info] 239,20.688198,1.166271,13.46,13.61,13.361237,3.0204248,4170.0,67.61,-12.31,68.57,149.1765,1190000.0,41.33,14.02,16.23,9.76,0.93,61.25,2.25,0.53,1.11,4.5059886,1.122793e-05,11.669673,5,LightGBM+Transformer+Dense+VAE+LSTM
[LN1430   ] [chunk_19_phase_5_optimization.py] [info] 240,22.750097,4.9496813,199.213,199.333,12.280517,5.5748878,1895.0,-5.17,-21.25,3.17,5.74,355330.0,3.43,0.32,3.25,-0.41,5.69,49.49,-1.88,0.61,-0.08,35.755516,3.456088e-05,40.271885,5,LightGBM+Transformer+Dense+VAE+LSTM
[LN1431   ] [chunk_19_phase_5_optimization.py] [info] 241,15.468008,0.31481075,0.7,0.7,15.969002,1.9919755,5657.0,-83.68,-85.7779,-66.81,-65.2279,8470000.0,-49.21,-27.52,-26.7379,-15.82,0.3,30.02,-14.85,2.44,-7.17,0.35140994,1.8853603e-06,2.2235582,5,LightGBM+Transformer+Dense+VAE+LSTM
[LN1432   ] [chunk_19_phase_5_optimization.py] [info] 242,18.269857,2.3960755,10.26,10.32,8.721929,2.4882345,5242.0,3.2,0.0,2.23,0.0,325330.0,0.0,2.23,2.69,1.73,0.09,71.74,0.78,0.03,0.54,4.147519,2.6809481e-05,4.307043,5,LightGBM+Transformer+Dense+VAE+LSTM
[LN1433   ] [chunk_19_phase_5_optimization.py] [info] 243,22.730137,1.7681496,17.76,18.24,15.969002,3.257327,4934.0,-8.06,144.143,49.62,94.46,8470000.0,55.76,14.53,2.59,-0.13,1.51,52.73,-12.14,0.46,2.7,5.5996833,1.8853603e-06,10.315869,5,LightGBM+Transformer+Dense+VAE+LSTM
[LN1434   ] [chunk_19_phase_5_optimization.py] [info] 244,21.880148,4.9496813,199.213,199.333,7.5807,5.5748878,4716.0,36.45,10.76,11.28,26.15,10910.0,5.98,-9.46,-8.78,-4.94,5.69,34.58,-3.62,0.67,0.66,35.755516,0.0006948396,40.271885,5,LightGBM+Transformer+Dense+VAE+LSTM
[LN1435   ] [chunk_19_phase_5_optimization.py] [info] 245,24.207579,4.0549107,70.46,69.96,14.2323675,4.2907333,5635.0,18.8,8.18,6.13,2.27,2620000.0,5.27,1.99,2.16,0.95,1.06,55.44,0.59,0.58,-0.71,16.304905,5.4322013e-06,17.253155,5,LightGBM+Transformer+Dense+VAE+LSTM
[LN1436   ] [chunk_19_phase_5_optimization.py] [info] 246,18.509882,1.18479,13.61,13.3,11.154764,3.4735181,4408.0,-19.39,-52.58,39.12,72.28,224060.0,77.9365,19.65,-2.06,-6.33,1.16,50.01,-8.02,0.31,-2.28,3.8289711,4.9784718e-05,11.225618,5,LightGBM+Transformer+Dense+VAE+LSTM
[LN1437   ] [chunk_19_phase_5_optimization.py] [info] 247,22.50329,2.2126603,8.98,9.1,15.538883,2.630449,991.0,-22.42,-19.68,-5.09,1.22,6150000.0,-9.18,-4.01,-2.15,-0.76,0.25,46.28,3.88,0.91,1.34,3.4594855,2.5266477e-06,4.112696,5,LightGBM+Transformer+Dense+VAE+LSTM
[LN1438   ] [chunk_19_phase_5_optimization.py] [info] 248,22.291882,3.109061,22.61,23.08,15.396464,3.8426728,1449.0,-30.94,-47.31,-18.61,-15.05,7660000.0,-21.92,-8.34,-12.38,-4.19,1.02,44.14,6.21,0.63,2.08,6.006236,2.0099824e-06,7.4234633,5,LightGBM+Transformer+Dense+VAE+LSTM
[LN1439   ] [chunk_19_phase_5_optimization.py] [info] 249,18.590677,0.31481075,0.7,0.7,15.969002,1.4158531,2825.0,-83.68,-84.92,-52.24,-45.46,8470000.0,-49.21,-27.52,-26.7379,-15.82,0.05,35.69,-2.57,0.19,-2.07,0.49440154,1.8853603e-06,2.2235582,5,LightGBM+Transformer+Dense+VAE+LSTM
[LN1440   ] [chunk_19_phase_5_optimization.py] [info] 250,21.602892,2.4832387,12.33,12.43,12.988172,2.6454654,3881.0,2.14,-2.81,2.67,5.97,508540.0,6.88,1.3,0.16,-0.44,0.12,50.98,-0.16,0.86,0.81,4.6986065,2.5540117e-05,5.00556,5,LightGBM+Transformer+Dense+VAE+LSTM
[LN1441   ] [chunk_19_phase_5_optimization.py] [info] 251,20.34357,0.31481075,2.63,2.66,14.202203,2.6246686,5315.0,115.5665,144.143,-6.64,149.1765,3350000.0,-49.21,-26.55,12.71,-10.47,0.48,41.69,-14.85,0.44,1.14,1.0134612,4.2394636e-06,8.449521,5,LightGBM+Transformer+Dense+VAE+LSTM
[LN1442   ] [chunk_19_phase_5_optimization.py] [info] 252,15.468008,0.31481075,0.7,0.7,14.151174,1.4609379,5657.0,-83.68,-78.01,-58.98,-58.25,4630000.0,-36.44,-10.82,-7.34,-8.4,0.04,44.73,-7.94,0.3,-1.77,0.47914425,3.056409e-06,2.2235582,5,LightGBM+Transformer+Dense+VAE+LSTM
[LN1443   ] [chunk_19_phase_5_optimization.py] [info] 253,16.95491,0.79750717,1.7,1.7,11.4994955,2.0579624,3096.0,-61.51,-39.35,-26.64,-9.57,1030000.0,-37.04,-20.92,-26.7379,-8.16,0.25,40.29,-13.71,0.1,0.0,0.82605976,1.1164559e-05,2.131642,5,LightGBM+Transformer+Dense+VAE+LSTM
[LN1444   ] [chunk_19_phase_5_optimization.py] [info] 254,19.674614,1.4182774,4.24,4.3,11.610824,1.9906104,5657.0,21.47,18.46,-1.41,9.97,317350.0,-4.66,-11.3,-17.62,-8.15,0.19,35.85,-0.46,0.35,1.42,2.1601415,3.6586807e-05,3.031847,5,LightGBM+Transformer+Dense+VAE+LSTM
[LN1445   ] [chunk_19_phase_5_optimization.py] [info] 255,18.305494,0.9858168,5.1,5.24,12.206292,1.9257075,2826.0,90.55,94.07,68.57,149.1765,155490.0,32.99,26.15,38.26,14.66,0.37,62.25,-1.5,1.29,2.75,2.721078,7.8502104e-05,5.315389,5,LightGBM+Transformer+Dense+VAE+LSTM
[LN1446   ] [chunk_19_phase_5_optimization.py] [info] 256,19.884514,2.4168062,12.93,12.93,11.457571,2.6567569,3714.0,7.39,0.31,4.14,9.3,111410.0,2.05,0.61,0.31,-0.42,0.16,50.0,0.23,0.85,0.0,4.866836,0.0001028415,5.3500357,5,LightGBM+Transformer+Dense+VAE+LSTM
[LN1447   ] [chunk_19_phase_5_optimization.py] [info] 257,24.625643,4.9496813,199.213,199.333,14.293779,5.5748878,2354.0,31.11,44.99,14.77,37.66,1890000.0,2.99,-2.05,-5.26,-3.23,5.69,42.11,-0.96,0.86,0.83,35.755516,7.5628463e-06,40.271885,5,LightGBM+Transformer+Dense+VAE+LSTM
[LN1448   ] [chunk_19_phase_5_optimization.py] [info] 258,24.625643,3.541249,121.53,123.34,15.969002,5.236442,1343.0,115.5665,0.0,14.28,149.1765,8470000.0,6.68,5.56,-7.54,-7.41,5.69,45.56,-12.98,0.53,1.49,23.554161,1.8853603e-06,34.829517,5,LightGBM+Transformer+Dense+VAE+LSTM
[LN1449   ] [chunk_19_phase_5_optimization.py] [info] 259,23.582033,3.999301,88.06,89.31,14.521942,4.5418043,2705.0,29.3,36.83,23.76,51.45,1800000.0,27.22,4.35,6.12,3.6,2.3,62.48,2.29,1.13,1.42,19.663992,8.0677455e-06,22.331402,5,LightGBM+Transformer+Dense+VAE+LSTM
[LN1450   ] [chunk_19_phase_5_optimization.py] [info] 260,24.026484,3.873698,154.85,163.64,15.4629965,5.5748878,203.0,23.55,143.58,37.97,149.1765,6230000.0,33.88,-17.09,-20.28,-12.94,5.69,38.73,0.06,0.83,5.68,29.353056,2.482022e-06,42.243874,5,LightGBM+Transformer+Dense+VAE+LSTM
[LN1451   ] [chunk_19_phase_5_optimization.py] [info] 261,21.835123,4.454347,113.08,113.68,12.015559,5.175302,4213.0,7.66,17.89,-14.11,-25.77,345430.0,-14.22,-4.01,-2.86,-1.57,3.8,44.23,0.96,0.48,0.53,21.965868,3.4784356e-05,25.521135,5,LightGBM+Transformer+Dense+VAE+LSTM
[LN1452   ] [chunk_19_phase_5_optimization.py] [info] 262,24.49947,4.048824,95.37,95.52,15.186267,4.6264424,1647.0,54.19,48.88,23.84,42.14,6110000.0,17.3,2.88,2.31,4.22,2.69,61.33,4.76,0.64,0.16,20.646534,2.4854774e-06,23.592035,5,LightGBM+Transformer+Dense+VAE+LSTM
[LN1453   ] [chunk_19_phase_5_optimization.py] [info] 263,16.954477,0.3220835,0.7,0.7,12.717539,1.1314021,4236.0,-54.74,-54.84,-31.49,-23.53,1750000.0,-49.21,-10.47,3.47,-8.89,0.04,42.59,-8.06,0.19,1.47,0.61870134,7.267165e-06,2.1733494,5,LightGBM+Transformer+Dense+VAE+LSTM
[LN1454   ] [chunk_19_phase_5_optimization.py] [info] 264,21.594559,4.9496813,199.213,199.333,12.399923,5.5748878,4653.0,-26.79,-25.49,-3.22,-9.39,236960.0,2.15,-0.21,-0.47,-0.33,5.69,49.23,-2.7,1.02,0.44,35.755516,5.2329182e-05,40.271885,5,LightGBM+Transformer+Dense+VAE+LSTM
[LN1455   ] [chunk_19_phase_5_optimization.py] [info] 265,20.88878,2.1587148,8.42,8.43,11.551338,2.6567569,3210.0,-15.78,-29.81,-14.23,-8.47,203270.0,-20.32,-15.31,-15.62,-13.14,0.4,29.51,-12.37,0.51,0.12,3.1730416,5.682756e-05,3.9051015,5,LightGBM+Transformer+Dense+VAE+LSTM
[LN1456   ] [chunk_19_phase_5_optimization.py] [info] 266,24.625643,4.2604237,162.64,162.01,15.600103,5.139849,4780.0,52.37,95.95,36.52,78.11,7850000.0,32.71,8.72,8.05,3.96,5.69,58.63,3.71,0.76,-0.39,31.52038,1.9872743e-06,38.026733,5,LightGBM+Transformer+Dense+VAE+LSTM
[LN1457   ] [chunk_19_phase_5_optimization.py] [info] 267,22.616377,2.5680215,12.96,13.0,15.598738,2.81241,3887.0,-13.56,-13.9,-8.98,-8.58,3740000.0,-12.33,-3.74,-2.84,2.37,0.28,50.15,3.67,1.59,0.31,4.62237,4.1707854e-06,5.062263,5,LightGBM+Transformer+Dense+VAE+LSTM
[LN1458   ] [chunk_19_phase_5_optimization.py] [info] 268,24.06648,4.9496813,199.213,199.333,13.890087,5.5748878,1691.0,-9.24,-16.14,-7.74,-10.07,1150000.0,-6.07,-5.62,-10.15,-2.16,5.69,41.25,1.81,0.94,0.29,35.755516,1.2078337e-05,40.271885,5,LightGBM+Transformer+Dense+VAE+LSTM
[LN1459   ] [chunk_19_phase_5_optimization.py] [info] 269,23.209837,2.0605135,10.41,10.31,15.478113,2.677591,5636.0,-17.19,-10.89,7.83,28.39,8470000.0,9.56,1.44,6.18,2.66,0.23,58.93,2.08,0.57,-0.96,3.850476,1.8274042e-06,5.003607,5,LightGBM+Transformer+Dense+VAE+LSTM
[LN1460   ] [chunk_19_phase_5_optimization.py] [info] 270,20.675829,2.3360198,9.72,9.65,13.771582,2.9907198,4963.0,-8.53,-42.28,-27.97,-34.08,2470000.0,-46.0,-12.9,0.21,-6.7,0.58,36.87,-4.55,0.39,-0.72,3.226648,5.575539e-06,4.130958,5,LightGBM+Transformer+Dense+VAE+LSTM
[LN1461   ] [chunk_19_phase_5_optimization.py] [info] 271,23.489586,3.9027805,77.07,79.16,12.737538,4.3826513,5438.0,58.7,49.39,24.38,36.77,773630.0,12.56,14.51,17.27,6.91,1.92,70.47,3.57,0.44,2.71,18.062126,1.6464639e-05,20.282976,5,LightGBM+Transformer+Dense+VAE+LSTM
[LN1462   ] [chunk_19_phase_5_optimization.py] [info] 272,21.277151,2.0668628,11.04,11.07,13.247616,2.786245,1898.0,-3.82,-12.9,10.44,23.14,1040000.0,-0.58,2.03,0.73,2.42,0.36,55.29,2.31,0.54,0.27,3.9730892,1.2738092e-05,5.355943,5,LightGBM+Transformer+Dense+VAE+LSTM
[LN1463   ] [chunk_19_phase_5_optimization.py] [info] 273,20.871685,2.7080503,21.2,21.35,9.720886,3.1813817,3900.0,25.59,28.85,12.49,18.28,35310.0,20.55,16.21,20.49,7.21,0.63,69.9,-0.93,0.47,0.71,6.710921,0.00027530122,7.883901,5,LightGBM+Transformer+Dense+VAE+LSTM
[LN1464   ] [chunk_19_phase_5_optimization.py] [info] 274,23.713484,4.374876,96.0,96.59,12.639694,4.6697397,2041.0,16.79,1.6,3.35,-6.15,879140.0,-0.57,6.6,0.22,2.24,2.47,58.46,1.28,0.35,0.61,20.684235,1.43773395e-05,22.078339,5,LightGBM+Transformer+Dense+VAE+LSTM
[LN1465   ] [chunk_19_phase_5_optimization.py] [info] 275,21.26559,2.2565413,9.22,9.02,15.763335,3.0726933,5657.0,-44.66,-53.17,-25.52,-29.7,6910000.0,-16.17,-6.46,-2.91,-0.66,0.28,44.45,1.63,1.01,-2.17,2.9355354,2.281235e-06,3.9972682,5,LightGBM+Transformer+Dense+VAE+LSTM
[LN1466   ] [chunk_19_phase_5_optimization.py] [info] 276,23.620281,4.320816,109.34,110.7,14.156922,4.7444973,4249.0,10.0,12.55,11.19,22.75,1310000.0,7.39,1.29,1.56,0.53,2.72,54.13,1.84,1.07,1.24,23.332293,1.0806812e-05,25.620161,5,LightGBM+Transformer+Dense+VAE+LSTM
[LN1467   ] [chunk_19_phase_5_optimization.py] [info] 277,24.23242,4.804267,152.09,150.81,13.263024,5.173491,1900.0,0.81,-8.47,2.76,6.31,1130000.0,-0.03,5.28,9.55,3.65,2.69,64.28,-0.78,0.51,-0.84,29.15053,1.1737189e-05,31.390846,5,LightGBM+Transformer+Dense+VAE+LSTM
[LN1468   ] [chunk_19_phase_5_optimization.py] [info] 278,22.728792,4.475972,120.6,121.18,13.389389,4.9610248,3933.0,10.43,30.16,2.03,14.93,1040000.0,-9.38,-6.88,-10.02,-4.15,4.29,40.45,-1.58,0.63,0.48,24.426405,1.2874412e-05,27.073448,5,LightGBM+Transformer+Dense+VAE+LSTM
[LN1469   ] [chunk_19_phase_5_optimization.py] [info] 279,22.30841,4.901564,199.213,199.333,11.971496,5.4683557,3764.0,34.42,52.03,20.27,55.47,143480.0,11.46,3.51,5.89,2.34,5.69,56.94,1.17,1.1,1.17,36.45209,8.343668e-05,40.66722,5,LightGBM+Transformer+Dense+VAE+LSTM
[LN1470   ] [chunk_19_phase_5_optimization.py] [info] 280,22.684769,3.6699514,63.59,63.6,14.493354,4.1789923,202.0,31.92,44.68,17.75,39.5,2020000.0,9.54,1.69,0.09,-0.01,0.23,62.19,0.08,0.98,0.02,15.218981,7.1749278e-06,17.32993,5,LightGBM+Transformer+Dense+VAE+LSTM
[LN1471   ] [chunk_19_phase_5_optimization.py] [info] 281,23.679216,4.674976,157.7,160.77,13.698551,5.1193104,2828.0,20.32,12.0,19.32,31.42,816100.0,12.07,6.92,9.03,3.36,3.97,58.96,3.01,1.09,1.95,31.404621,1.6785383e-05,34.38948,5,LightGBM+Transformer+Dense+VAE+LSTM
[LN1472   ] [chunk_19_phase_5_optimization.py] [info] 282,23.134705,2.1938856,17.82,17.87,15.356225,3.146305,2491.0,115.5665,48.42,24.49,11.76,5700000.0,27.37,6.75,3.59,-5.4,1.04,47.83,-14.85,0.82,0.28,5.679678,2.6940745e-06,8.145365,5,LightGBM+Transformer+Dense+VAE+LSTM
[LN1473   ] [chunk_19_phase_5_optimization.py] [info] 283,18.157236,2.3674362,10.23,10.24,7.5807,2.4336133,5657.0,-0.49,0.0,0.36,0.0,89030.0,-0.58,0.75,1.19,0.35,0.06,53.96,-0.39,0.03,0.1,4.207735,8.51477e-05,4.3253546,5,LightGBM+Transformer+Dense+VAE+LSTM
[LN1474   ] [chunk_19_phase_5_optimization.py] [info] 284,24.625643,4.9496813,199.213,199.333,13.013026,5.5748878,3307.0,39.14,56.0,15.51,15.19,788710.0,11.4,9.19,4.26,3.02,5.69,65.71,2.26,0.57,-0.33,35.755516,1.6499127e-05,40.271885,5,LightGBM+Transformer+Dense+VAE+LSTM
[LN1475   ] [chunk_19_phase_5_optimization.py] [info] 285,22.320631,4.1708426,87.58,87.71,13.108773,4.5510306,3430.0,17.49,-0.42,16.35,27.49,588790.0,19.41,0.02,-0.1,-0.36,1.99,52.39,4.48,0.84,0.15,19.272556,2.226392e-05,21.029324,5,LightGBM+Transformer+Dense+VAE+LSTM
[LN1476   ] [chunk_19_phase_5_optimization.py] [info] 286,18.709911,2.8112082,22.82,22.78,10.292687,3.2140644,626.0,28.63,33.45,19.52,38.14,28660.0,15.28,4.72,2.71,-0.18,0.4,53.45,-3.47,1.03,-0.18,7.0875993,0.00035913076,8.103277,5,LightGBM+Transformer+Dense+VAE+LSTM
[LN1477   ] [chunk_19_phase_5_optimization.py] [info] 287,24.625643,4.04865,145.04,141.25,15.969002,5.0414877,3188.0,95.56,93.92,52.32,111.67,8470000.0,44.46,16.24,7.06,1.02,5.5,57.93,-2.44,1.35,-2.61,28.017523,1.8853603e-06,34.888176,5,LightGBM+Transformer+Dense+VAE+LSTM
[LN1478   ] [chunk_19_phase_5_optimization.py] [info] 288,21.28288,2.5281258,12.63,12.36,13.050388,2.9590683,5493.0,-21.01,-26.76,-6.64,-9.85,868460.0,-13.69,-2.83,-0.56,0.89,0.33,48.0,0.24,0.54,-2.14,4.1769905,1.5027046e-05,4.888997,5,LightGBM+Transformer+Dense+VAE+LSTM
[LN1479   ] [chunk_19_phase_5_optimization.py] [info] 289,21.760002,3.1484535,37.96,38.34,12.560125,3.7665348,3606.0,13.03,40.85,22.96,46.45,708030.0,39.37,-1.62,-2.47,-0.73,1.2,49.8,4.07,0.4,1.0,10.179117,1.7739538e-05,12.177407,5,LightGBM+Transformer+Dense+VAE+LSTM
[LN1480   ] [chunk_19_phase_5_optimization.py] [info] 290,20.617573,1.7155981,7.59,7.72,12.448764,2.2470725,5083.0,10.92,11.4,14.98,36.64,595330.0,12.21,-0.04,1.71,2.77,0.31,53.91,3.76,0.43,1.71,3.4355814,2.0910695e-05,4.4998884,5,LightGBM+Transformer+Dense+VAE+LSTM
[LN1481   ] [chunk_19_phase_5_optimization.py] [info] 291,19.24332,1.96851,15.69,15.82,11.01495,2.817801,5374.0,34.64,35.56,62.55,131.29,45200.0,77.9365,19.85,13.73,9.01,0.68,70.66,9.94,1.34,0.83,5.614307,0.00024369359,8.036535,5,LightGBM+Transformer+Dense+VAE+LSTM
[LN1482   ] [chunk_19_phase_5_optimization.py] [info] 292,22.05299,4.4097633,122.33,123.04,11.587393,4.840084,4329.0,33.49,33.72,20.21,20.97,206360.0,14.79,6.01,4.8,0.97,2.68,60.06,0.15,0.52,0.58,25.421045,5.615135e-05,27.901724,5,LightGBM+Transformer+Dense+VAE+LSTM
[LN1483   ] [chunk_19_phase_5_optimization.py] [info] 293,24.625643,4.467631,123.3,120.96,15.35784,5.144,2949.0,-18.22,-13.95,-7.8,6.81,3840000.0,-20.5,-10.07,-12.31,-2.86,4.45,40.0,2.93,1.22,-1.9,23.514774,3.9994375e-06,27.074753,5,LightGBM+Transformer+Dense+VAE+LSTM
[LN1484   ] [chunk_19_phase_5_optimization.py] [info] 294,21.217962,3.178887,28.35,27.36,14.04301,3.772301,5657.0,-23.83,-26.77,-6.68,-5.13,1000000.0,-6.72,-1.58,3.44,0.14,1.03,48.65,-1.62,1.25,-3.49,7.2528677,1.404301e-05,8.606787,5,LightGBM+Transformer+Dense+VAE+LSTM
[LN1485   ] [chunk_19_phase_5_optimization.py] [info] 295,20.671045,1.3584092,4.27,4.16,14.886807,2.4212565,5436.0,-41.49,-39.8,-18.02,28.79,4340000.0,-5.88,-12.18,-19.07,-4.57,0.3,42.64,-2.35,0.67,-2.58,1.718116,3.43014e-06,3.0624058,5,LightGBM+Transformer+Dense+VAE+LSTM
[LN1486   ] [chunk_19_phase_5_optimization.py] [info] 296,20.379337,2.2679937,11.27,11.21,10.962354,2.5257287,5553.0,11.32,11.21,12.4,16.95,47050.0,14.62,7.12,5.06,2.54,0.3,60.81,1.63,1.23,-0.53,4.438323,0.0002329937,4.9426947,5,LightGBM+Transformer+Dense+VAE+LSTM
[LN1487   ] [chunk_19_phase_5_optimization.py] [info] 297,23.282816,3.3017454,44.47,45.02,13.371664,3.980429,3205.0,63.23,65.58,19.8,48.04,1670000.0,7.32,-2.58,-2.07,2.76,1.39,52.03,1.69,0.38,1.24,11.310339,8.006985e-06,13.635213,5,LightGBM+Transformer+Dense+VAE+LSTM
[LN1488   ] [chunk_19_phase_5_optimization.py] [info] 298,22.447817,4.5293684,132.05,126.37,14.184238,5.2637777,1645.0,-4.48,34.85,-17.68,-19.66,1320000.0,-17.67,-11.06,-7.73,-1.47,5.0,39.6,-1.49,1.09,-4.3,24.007473,1.0745635e-05,27.900137,5,LightGBM+Transformer+Dense+VAE+LSTM
[LN1489   ] [chunk_19_phase_5_optimization.py] [info] 299,19.910952,4.332574,110.4,108.53,10.012297,4.783316,3605.0,38.06,27.22,8.44,13.26,34310.0,13.43,1.02,1.85,-0.49,2.71,50.42,1.25,0.65,-1.69,22.68928,0.00029181864,25.049776,5,LightGBM+Transformer+Dense+VAE+LSTM
[LN1490   ] [chunk_19_phase_5_optimization.py] [info] 300,24.48493,3.1949928,31.84,31.59,13.564851,3.5804586,2488.0,10.65,3.57,4.47,4.81,928530.0,-4.59,-3.72,-5.67,1.41,0.53,49.02,3.24,0.84,-0.79,8.822892,1.4608952e-05,9.887346,5,LightGBM+Transformer+Dense+VAE+LSTM
[LN1491   ] [chunk_19_phase_5_optimization.py] [info] 301,19.624794,2.4484155,11.47,11.51,10.654809,2.5718486,3399.0,2.95,-3.11,1.82,2.68,63690.0,6.77,1.72,2.13,1.05,0.11,64.05,0.17,0.67,0.35,4.47538,0.00016729171,4.7009993,5,LightGBM+Transformer+Dense+VAE+LSTM
[LN1492   ] [chunk_19_phase_5_optimization.py] [info] 302,23.368021,4.2244954,85.93,86.93,14.501544,4.658237,1058.0,1.89,3.27,0.84,12.46,2570000.0,-6.83,0.29,-5.15,-1.01,2.44,50.23,4.71,0.77,1.16,18.661568,5.6426243e-06,20.577606,5,LightGBM+Transformer+Dense+VAE+LSTM
[LN1493   ] [chunk_19_phase_5_optimization.py] [info] 303,24.625643,4.9496813,199.213,199.333,14.27184,5.5748878,1188.0,15.79,21.37,1.62,2.14,1930000.0,-3.81,0.82,1.69,0.53,5.47,53.29,2.43,0.82,0.41,35.755516,7.394736e-06,40.271885,5,LightGBM+Transformer+Dense+VAE+LSTM
[LN1494   ] [chunk_19_phase_5_optimization.py] [info] 304,21.89884,3.288775,33.14,33.63,13.817978,4.049696,4425.0,-20.06,-38.25,-4.87,-10.65,1640000.0,23.01,9.8,16.93,5.98,1.27,59.53,-1.0,0.61,1.48,8.304327,8.425596e-06,10.225692,5,LightGBM+Transformer+Dense+VAE+LSTM
[LN1495   ] [chunk_19_phase_5_optimization.py] [info] 305,24.282322,3.5587707,64.5,65.09,15.792705,4.3875117,3304.0,13.5,-13.42,8.26,38.14,8250000.0,-5.95,-0.4,-1.15,-0.1,2.6,49.27,-0.4,0.87,0.91,14.835288,1.9142672e-06,18.290024,5,LightGBM+Transformer+Dense+VAE+LSTM
[LN1496   ] [chunk_19_phase_5_optimization.py] [info] 306,23.169085,4.217152,104.21,104.21,13.73488,4.665983,3415.0,31.31,44.58,24.02,40.86,823910.0,17.46,6.29,4.61,3.96,2.44,65.88,5.72,1.12,0.0,22.333986,1.6670365e-05,24.710989,5,LightGBM+Transformer+Dense+VAE+LSTM
[LN1497   ] [chunk_19_phase_5_optimization.py] [info] 307,23.23854,4.0800767,63.37,60.99,15.546857,4.3126764,1728.0,-8.42,-10.3,-3.98,-3.82,1810000.0,2.28,-0.09,1.89,-1.48,1.23,43.78,-1.96,2.44,-3.76,14.14203,8.5894235e-06,14.948249,5,LightGBM+Transformer+Dense+VAE+LSTM
[LN1498   ] [chunk_19_phase_5_optimization.py] [info] 308,24.330935,4.350794,199.213,197.05,15.489964,5.5748878,4455.0,20.56,143.57,19.8,83.87,6600000.0,33.03,-13.19,-17.01,-5.66,5.69,40.78,-1.85,0.81,-4.21,35.346,2.3469643e-06,45.290585,5,LightGBM+Transformer+Dense+VAE+LSTM
[LN1499   ] [chunk_19_phase_5_optimization.py] [info] 309,19.386295,1.8961195,6.12,6.11,10.855106,2.0095553,4235.0,2.35,-5.56,1.47,3.56,95850.0,4.8,1.46,0.16,0.11,0.05,53.05,-0.65,0.54,-0.16,3.0404735,0.000113250986,3.2223709,5,LightGBM+Transformer+Dense+VAE+LSTM
[LN1500   ] [chunk_19_phase_5_optimization.py] [info] 310,23.235302,2.5533438,18.36,18.3,15.646158,3.2461019,4409.0,15.09,18.6,6.43,43.53,7690000.0,-17.53,-8.71,-4.89,-4.56,0.86,39.86,-3.33,0.81,-0.33,5.6375313,2.0346108e-06,7.1670723,5,LightGBM+Transformer+Dense+VAE+LSTM
[LN1501   ] [chunk_19_phase_5_optimization.py] [info] 311,22.896881,4.33716,115.73,115.66,13.571292,4.87168,249.0,23.32,19.48,9.06,25.44,633010.0,-1.44,-5.88,-7.37,-4.47,2.74,37.18,-4.53,1.24,-0.06,23.741299,2.14393e-05,26.66722,5,LightGBM+Transformer+Dense+VAE+LSTM
[LN1502   ] [chunk_19_phase_5_optimization.py] [info] 312,16.618872,1.0331845,2.0,2.08,12.378466,2.675527,5657.0,-70.99,-71.03,-51.47,-50.48,2890000.0,-35.0,-12.52,-15.45,-15.26,0.21,39.29,-14.85,0.08,4.0,0.77741694,4.283206e-06,2.0131931,5,LightGBM+Transformer+Dense+VAE+LSTM
[LN1503   ] [chunk_19_phase_5_optimization.py] [info] 313,22.811419,3.0368743,21.37,21.05,13.074593,3.2323842,4815.0,0.05,-7.47,-3.18,-7.31,360590.0,-5.31,-3.11,-2.5,-1.72,0.26,40.01,-2.59,1.32,-1.5,6.512221,3.6258887e-05,6.931469,5,LightGBM+Transformer+Dense+VAE+LSTM
[LN1504   ] [chunk_19_phase_5_optimization.py] [info] 314,24.625643,1.6919391,9.77,9.7,14.867765,2.442347,4655.0,112.72,92.84,24.05,36.43,4020000.0,8.14,-1.92,-5.73,-3.19,0.2,43.69,-2.02,0.71,-0.72,3.9715896,3.698449e-06,5.7330666,5,LightGBM+Transformer+Dense+VAE+LSTM
[LN1505   ] [chunk_19_phase_5_optimization.py] [info] 315,16.591219,0.96698385,3.13,3.23,12.1412945,3.8918202,1423.0,-76.9,-76.25,-51.59,-34.62,7690000.0,27.17,-24.65,-26.7379,-15.82,0.78,38.22,-11.26,0.03,3.19,0.8299458,1.5788419e-06,3.3402832,5,LightGBM+Transformer+Dense+VAE+LSTM
[LN1506   ] [chunk_19_phase_5_optimization.py] [info] 316,22.516691,4.9496813,199.213,199.333,11.471707,5.5748878,4193.0,14.39,14.96,16.62,43.65,152610.0,7.98,0.01,-3.58,0.06,5.69,50.59,3.03,0.63,1.85,35.755516,7.517009e-05,40.271885,5,LightGBM+Transformer+Dense+VAE+LSTM
[LN1507   ] [chunk_19_phase_5_optimization.py] [info] 317,24.226719,4.191925,68.36,68.03,15.377864,4.51983,1381.0,-11.53,-11.5,-10.36,-5.67,4180000.0,-11.27,-1.48,-0.48,1.19,1.45,50.74,3.91,1.14,-0.48,15.051451,3.678915e-06,16.22882,5,LightGBM+Transformer+Dense+VAE+LSTM
[LN1508   ] [chunk_19_phase_5_optimization.py] [info] 318,20.095007,1.2641268,7.18,7.16,13.137353,2.3978953,1340.0,33.83,-5.29,52.26,95.63,716370.0,52.02,13.18,10.49,-0.62,0.5,54.75,-6.41,0.71,-0.28,2.985952,1.833878e-05,5.663989,5,LightGBM+Transformer+Dense+VAE+LSTM
[LN1509   ] [chunk_19_phase_5_optimization.py] [info] 319,24.625643,4.9496813,156.95,157.45,15.573894,5.2488647,2624.0,5.66,-5.34,-7.83,-3.39,3260000.0,-14.63,-6.78,-6.31,-1.46,2.72,37.68,2.67,1.78,0.32,29.996964,4.777268e-06,31.810127,5,LightGBM+Transformer+Dense+VAE+LSTM
[LN1510   ] [chunk_19_phase_5_optimization.py] [info] 320,24.617329,2.244956,12.43,12.34,15.969002,2.6246686,1906.0,26.65,15.24,16.11,22.66,8470000.0,7.59,4.63,6.1,2.65,0.31,59.07,5.11,2.44,-0.72,4.7015457,1.8853603e-06,5.496767,5,LightGBM+Transformer+Dense+VAE+LSTM
[LN1511   ] [chunk_19_phase_5_optimization.py] [info] 321,22.424372,2.3551776,10.83,11.08,15.969002,4.3890023,879.0,-4.69,-3.14,-18.42,-43.18,8470000.0,-30.94,-17.78,-20.69,-12.64,0.81,36.16,-5.7,0.96,2.31,2.5244918,1.8853603e-06,4.7045283,5,LightGBM+Transformer+Dense+VAE+LSTM
[LN1512   ] [chunk_19_phase_5_optimization.py] [info] 322,24.500156,4.251918,78.94,78.85,14.977866,4.489423,181.0,8.31,1.68,-2.0,-4.37,4520000.0,-1.56,-1.32,1.22,-1.71,1.54,46.54,2.38,0.71,-0.11,17.563505,3.313687e-06,18.544573,5,LightGBM+Transformer+Dense+VAE+LSTM
[LN1513   ] [chunk_19_phase_5_optimization.py] [info] 323,19.651548,1.088562,7.2,7.25,11.82637,2.9816334,4840.0,5.38,-59.65,46.0,106.55,88720.0,14.35,32.2465,40.09,17.61,0.51,71.83,10.02,1.54,0.69,2.4315531,0.00013329994,6.660163,5,LightGBM+Transformer+Dense+VAE+LSTM
[LN1514   ] [chunk_19_phase_5_optimization.py] [info] 324,24.625643,4.337291,85.5,85.44,15.333368,4.774575,4685.0,-6.37,-11.42,-7.34,1.88,8470000.0,-9.51,0.29,1.39,2.45,1.91,54.83,1.3,0.46,-0.07,17.894785,1.810315e-06,19.698933,5,LightGBM+Transformer+Dense+VAE+LSTM
[LN1515   ] [chunk_19_phase_5_optimization.py] [info] 325,24.625643,3.542697,43.6,43.61,15.748438,3.9132223,5186.0,0.53,2.78,1.43,15.07,7740000.0,-4.47,-3.14,-4.97,-1.3,1.07,46.42,6.13,0.89,0.02,11.144268,2.034682e-06,12.309831,5,LightGBM+Transformer+Dense+VAE+LSTM
[LN1516   ] [chunk_19_phase_5_optimization.py] [info] 326,24.051893,2.1972246,11.74,11.66,15.39638,2.569554,5590.0,37.34,21.08,15.09,25.24,5220000.0,2.01,0.45,2.91,1.88,0.15,56.72,1.57,0.93,-0.68,4.537752,2.9494981e-06,5.3066945,5,LightGBM+Transformer+Dense+VAE+LSTM
[LN1517   ] [chunk_19_phase_5_optimization.py] [info] 327,21.497993,0.8064759,1.62,1.64,14.141952,1.166271,4785.0,13.89,-21.15,8.3,-1.8,2650000.0,7.19,10.92,7.19,4.73,0.06,60.47,7.89,0.52,1.23,1.4061912,5.336585e-06,2.0335388,5,LightGBM+Transformer+Dense+VAE+LSTM
[LN1518   ] [chunk_19_phase_5_optimization.py] [info] 328,24.625643,4.7863245,199.213,199.333,15.969002,5.5748878,3989.0,68.07,61.18,38.24,103.67,8470000.0,14.26,2.15,-9.2,-3.19,5.69,47.14,-10.52,0.77,2.72,35.755516,1.8853603e-06,41.646362,5,LightGBM+Transformer+Dense+VAE+LSTM
[LN1519   ] [chunk_19_phase_5_optimization.py] [info] 329,18.161263,1.9286187,6.33,6.3,11.750327,2.2396452,4098.0,-18.12,-22.26,-1.99,3.19,58920.0,0.32,-3.19,-5.75,-4.42,0.12,34.29,-2.7,2.15,-0.39,2.8129454,0.0001994285,3.2665868,5,LightGBM+Transformer+Dense+VAE+LSTM
[LN1520   ] [chunk_19_phase_5_optimization.py] [info] 330,21.811829,2.241773,13.44,13.53,11.840494,2.7511096,3303.0,18.48,-7.14,13.46,20.05,213040.0,2.11,0.66,0.59,0.74,0.51,51.39,3.52,0.65,0.67,4.9180155,5.5578737e-05,6.0354013,5,LightGBM+Transformer+Dense+VAE+LSTM
[LN1521   ] [chunk_19_phase_5_optimization.py] [info] 331,24.625643,3.6712246,41.61,41.8,15.969002,4.215677,1189.0,-30.68,-29.98,-14.88,-15.62,8470000.0,-10.61,1.8,5.69,1.92,1.08,54.46,0.1,0.57,0.46,9.915371,1.8853603e-06,11.385847,5,LightGBM+Transformer+Dense+VAE+LSTM
[LN1522   ] [chunk_19_phase_5_optimization.py] [info] 332,23.814308,4.7098904,147.72,150.08,14.025006,5.2395225,699.0,-1.86,-18.72,11.04,25.58,1600000.0,14.11,5.05,9.01,1.81,4.13,58.21,5.5,0.77,1.6,28.643833,8.765629e-06,31.86486,5,LightGBM+Transformer+Dense+VAE+LSTM
[LN1523   ] [chunk_19_phase_5_optimization.py] [info] 333,23.13021,4.665418,129.22,127.71,12.755672,4.9910445,1249.0,1.36,0.23,3.39,-8.14,544600.0,7.5,6.31,11.64,3.12,2.7,59.89,-2.21,0.64,-1.17,25.58783,2.3422095e-05,27.37375,5,LightGBM+Transformer+Dense+VAE+LSTM
[LN1524   ] [chunk_19_phase_5_optimization.py] [info] 334,20.585669,2.4292178,10.76,10.69,13.618718,2.9770591,3498.0,-31.52,-31.43,-18.47,-19.74,636940.0,-17.77,-5.05,-1.38,0.02,0.3,44.4,-1.47,1.29,-0.65,3.5907922,2.1381476e-05,4.4005938,5,LightGBM+Transformer+Dense+VAE+LSTM
[LN1525   ] [chunk_19_phase_5_optimization.py] [info] 335,20.211123,3.0572977,26.36,26.38,10.854721,3.353057,878.0,12.59,11.31,7.16,15.85,64690.0,0.11,-1.1,2.01,-0.96,0.38,46.0,-1.27,0.8,0.08,7.8674474,0.00016779597,8.628535,5,LightGBM+Transformer+Dense+VAE+LSTM
[LN1526   ] [chunk_19_phase_5_optimization.py] [info] 336,19.270918,2.2470725,8.99,9.0,11.164247,3.314186,4557.0,-49.75,-60.09,-29.81,-25.31,68340.0,-32.48,-10.5,-10.63,-6.98,0.64,41.79,-4.46,1.03,0.11,2.7155988,0.0001633633,4.0052114,5,LightGBM+Transformer+Dense+VAE+LSTM
[LN1527   ] [chunk_19_phase_5_optimization.py] [info] 337,21.108528,3.1236856,26.34,24.46,13.797993,4.286479,2834.0,-54.31,-51.55,-14.55,-23.73,832510.0,-5.78,0.43,7.09,-2.78,1.52,46.54,-10.07,1.18,-7.14,5.706315,1.6573968e-05,7.8304935,5,LightGBM+Transformer+Dense+VAE+LSTM
[LN1528   ] [chunk_19_phase_5_optimization.py] [info] 338,16.879835,0.31481075,1.23,1.24,13.580005,1.2029723,3388.0,48.9,-21.52,68.57,149.1765,1250000.0,77.9365,32.2465,40.09,17.61,0.25,58.66,-14.85,0.63,0.81,1.0307802,1.0864003e-05,3.9388745,5,LightGBM+Transformer+Dense+VAE+LSTM
[LN1529   ] [chunk_19_phase_5_optimization.py] [info] 339,22.060896,0.9516579,1.98,2.0,14.557589,1.1474024,1121.0,15.1,6.88,6.07,9.89,2500000.0,6.95,-0.61,-6.1,0.05,0.05,50.19,2.56,0.84,1.01,1.7430675,5.8230357e-06,2.1015956,5,LightGBM+Transformer+Dense+VAE+LSTM
[LN1530   ] [chunk_19_phase_5_optimization.py] [info] 340,15.468008,0.31481075,0.7,0.7,15.969002,2.0399208,5657.0,-83.68,-80.82,-66.81,-65.2279,8470000.0,-49.21,-27.52,-26.7379,-15.82,0.46,27.6321,-14.85,2.44,5.59,0.3431506,1.8853603e-06,2.2235582,5,LightGBM+Transformer+Dense+VAE+LSTM
[LN1531   ] [chunk_19_phase_5_optimization.py] [info] 341,20.666718,2.6085982,15.04,15.12,11.852856,2.8763855,763.0,5.0,-3.51,2.78,7.62,266800.0,7.62,4.46,6.7,2.24,0.2,66.34,1.75,0.53,0.53,5.256597,4.4425997e-05,5.7962165,5,LightGBM+Transformer+Dense+VAE+LSTM
[LN1532   ] [chunk_19_phase_5_optimization.py] [info] 342,21.141975,2.0215476,11.82,11.58,13.662886,2.6769035,496.0,28.95,61.51,25.07,42.96,1960000.0,29.68,-3.9,-10.09,0.39,0.43,47.15,0.26,0.44,-2.03,4.325894,6.9708603e-06,5.728285,5,LightGBM+Transformer+Dense+VAE+LSTM
[LN1533   ] [chunk_19_phase_5_optimization.py] [info] 343,21.349205,2.0215476,9.55,9.45,13.351635,2.5710843,2482.0,-2.98,-11.85,7.66,23.37,1290000.0,17.1,-1.46,1.61,1.11,0.28,50.48,0.21,0.49,-1.05,3.675492,1.0350105e-05,4.6746364,5,LightGBM+Transformer+Dense+VAE+LSTM
[LN1534   ] [chunk_19_phase_5_optimization.py] [info] 344,22.902554,2.9386327,18.78,18.47,15.9614315,3.4310799,932.0,-33.44,-37.41,-17.23,-25.88,8470000.0,-3.85,-1.95,-0.32,-0.64,0.42,46.99,1.09,0.74,-1.65,5.383145,1.8844665e-06,6.285236,5,LightGBM+Transformer+Dense+VAE+LSTM
[LN1535   ] [chunk_19_phase_5_optimization.py] [info] 345,24.23511,3.366606,31.27,31.42,15.969002,3.5562048,5550.0,7.57,-3.59,-1.5,-3.2,8030000.0,-5.87,-3.02,-1.47,-0.81,0.45,44.5,2.25,1.09,0.48,8.835261,1.9886677e-06,9.332842,5,LightGBM+Transformer+Dense+VAE+LSTM
[LN1536   ] [chunk_19_phase_5_optimization.py] [info] 346,20.146835,3.1650531,35.92,35.28,11.303968,3.6344233,1422.0,36.27,38.03,22.7,47.68,99340.0,18.95,3.87,1.12,1.46,0.76,55.24,-2.03,0.82,-1.78,9.70718,0.0001137907,11.146732,5,LightGBM+Transformer+Dense+VAE+LSTM
[LN1537   ] [chunk_19_phase_5_optimization.py] [info] 347,24.59904,4.1618476,199.213,199.333,14.756026,5.5748878,5054.0,115.5665,101.41,68.57,149.1765,4030000.0,50.05,11.61,1.21,-0.43,5.69,55.8,0.17,0.63,5.28,35.755516,3.6615452e-06,47.895317,5,LightGBM+Transformer+Dense+VAE+LSTM
[LN1538   ] [chunk_19_phase_5_optimization.py] [info] 348,22.849113,4.5694394,138.52,138.18,13.182575,5.0043488,2835.0,12.2,22.15,14.22,26.79,741010.0,16.87,6.45,6.63,1.91,3.28,61.21,2.93,0.72,-0.25,27.611984,1.7790011e-05,30.240034,5,LightGBM+Transformer+Dense+VAE+LSTM
[LN1539   ] [chunk_19_phase_5_optimization.py] [info] 349,20.221945,4.4986978,129.65,131.19,10.073357,4.9837437,1158.0,3.5,21.77,11.89,21.94,51080.0,32.45,0.79,-5.71,-2.49,4.99,48.64,-1.99,0.46,1.19,26.323586,0.00019720745,29.161772,5,LightGBM+Transformer+Dense+VAE+LSTM
[LN1540   ] [chunk_19_phase_5_optimization.py] [info] 350,20.687172,2.8243506,19.48,19.1,13.098023,3.7321784,5216.0,-45.63,-52.56,-19.36,-14.31,891780.0,-10.29,2.94,15.13,-2.88,0.83,49.63,-1.55,0.55,-1.95,5.117655,1.4687505e-05,6.762616,5,LightGBM+Transformer+Dense+VAE+LSTM
[LN1541   ] [chunk_19_phase_5_optimization.py] [info] 351,22.674873,1.7526721,90.71,90.47,13.166535,4.6015635,181.0,115.5665,144.143,68.57,149.1765,1660000.0,36.07,7.57,9.59,1.43,3.71,56.97,-2.63,0.31,-0.26,19.660707,7.931648e-06,51.61833,5,LightGBM+Transformer+Dense+VAE+LSTM
[LN1542   ] [chunk_19_phase_5_optimization.py] [info] 352,22.92934,2.360854,16.02,16.12,15.673959,2.9523027,4328.0,67.05,41.4,31.11,42.78,8470000.0,24.57,8.58,9.81,-2.26,0.56,51.04,-10.79,0.17,0.62,5.4601445,1.8505264e-06,6.8280377,5,LightGBM+Transformer+Dense+VAE+LSTM
[LN1543   ] [chunk_19_phase_5_optimization.py] [info] 353,24.625643,4.9496813,199.213,199.333,14.727957,5.5748878,1733.0,-6.13,-17.99,-6.11,-19.24,2210000.0,19.78,6.24,6.1,0.23,5.69,56.31,-0.55,1.13,0.31,35.755516,6.6642338e-06,40.271885,5,LightGBM+Transformer+Dense+VAE+LSTM
[LN1544   ] [chunk_19_phase_5_optimization.py] [info] 354,22.184204,3.1063788,53.61,53.72,14.286388,4.0842943,200.0,93.1,73.85,16.22,31.06,2000000.0,6.25,12.02,13.19,6.17,1.18,68.9,0.11,0.8,0.21,13.152823,7.1431946e-06,17.293447,5,LightGBM+Transformer+Dense+VAE+LSTM
[LN1545   ] [chunk_19_phase_5_optimization.py] [info] 355,19.682177,0.95551145,2.94,2.93,12.803059,1.6272779,2481.0,-2.98,4.27,10.09,41.55,756510.0,26.84,-12.59,-9.01,-3.03,0.14,41.93,-1.01,0.48,-0.34,1.800553,1.6923846e-05,3.0664206,5,LightGBM+Transformer+Dense+VAE+LSTM
[LN1546   ] [chunk_19_phase_5_optimization.py] [info] 356,19.408548,2.3969858,10.55,10.55,7.5807,2.5368664,4686.0,4.46,0.0,1.49,3.33,74550.0,-1.86,0.66,0.57,0.53,0.04,60.8,0.43,0.03,0.0,4.158674,0.00010168611,4.401361,5,LightGBM+Transformer+Dense+VAE+LSTM
[LN1547   ] [chunk_19_phase_5_optimization.py] [info] 357,18.498104,2.5703194,16.75,16.75,7.5807,2.9977303,3376.0,14.73,35.24,7.21,22.26,10910.0,0.36,-2.49,-3.74,-1.79,0.19,40.52,-1.06,0.06,0.0,5.5875607,0.0006948396,6.5166993,5,LightGBM+Transformer+Dense+VAE+LSTM
[LN1548   ] [chunk_19_phase_5_optimization.py] [info] 358,23.847391,3.2059932,32.99,33.45,15.633887,3.7352858,4192.0,15.34,1.27,-0.02,29.9,8470000.0,-11.76,-3.12,1.36,3.07,1.15,50.91,2.64,0.6,1.39,8.955138,1.8457954e-06,10.433584,5,LightGBM+Transformer+Dense+VAE+LSTM
[LN1549   ] [chunk_19_phase_5_optimization.py] [info] 359,21.4214,2.064328,11.53,11.66,14.367337,2.6468837,4083.0,61.05,66.1,14.23,37.66,3140000.0,-5.05,0.93,-2.75,3.57,0.33,55.84,4.67,0.55,1.13,4.40518,4.575585e-06,5.6483274,5,LightGBM+Transformer+Dense+VAE+LSTM
[LN1550   ] [chunk_19_phase_5_optimization.py] [info] 360,21.57768,2.1983352,8.94,9.05,15.3390255,2.9982293,3919.0,-39.34,-48.14,-21.72,-25.33,3990000.0,-11.36,-8.82,-13.06,-9.05,0.32,31.73,-3.52,1.15,1.23,3.0184484,3.8443673e-06,4.1167517,5,LightGBM+Transformer+Dense+VAE+LSTM
[LN1551   ] [chunk_19_phase_5_optimization.py] [info] 361,17.2207,1.3737155,5.12,5.12,10.641106,2.8225687,477.0,-0.97,-12.18,-19.33,-44.77,797400.0,-10.65,-22.4,-14.95,-15.82,1.04,42.86,-14.85,0.05,0.0,1.8139505,1.3344753e-05,3.727118,5,LightGBM+Transformer+Dense+VAE+LSTM
[LN1552   ] [chunk_19_phase_5_optimization.py] [info] 362,16.393452,0.79750717,1.54,1.61,13.387763,5.5748878,5657.0,-83.68,-85.7779,-66.81,-65.2279,7900000.0,-49.21,-10.83,-3.59,-10.08,0.41,40.41,-12.02,0.08,4.55,0.28879505,1.6946535e-06,2.0187905,5,LightGBM+Transformer+Dense+VAE+LSTM
[LN1553   ] [chunk_19_phase_5_optimization.py] [info] 363,20.31629,2.541602,15.4,15.43,12.557331,3.0469005,4784.0,10.06,19.8,-5.18,7.23,427640.0,-10.55,0.53,8.51,3.43,0.62,53.76,2.19,0.66,0.19,5.0641627,2.9364259e-05,6.0709743,5,LightGBM+Transformer+Dense+VAE+LSTM
[LN1554   ] [chunk_19_phase_5_optimization.py] [info] 364,24.597795,4.9496813,199.213,199.333,13.081956,5.570975,2341.0,21.29,50.28,14.46,25.64,819460.0,6.17,3.35,5.81,-0.42,4.71,54.25,1.39,0.59,1.06,35.780632,1.5964119e-05,40.271885,5,LightGBM+Transformer+Dense+VAE+LSTM
[LN1555   ] [chunk_19_phase_5_optimization.py] [info] 365,24.625643,4.394449,165.71,166.6,14.828899,5.2142835,395.0,35.05,9.35,20.07,48.74,5070000.0,2.1,11.68,15.45,3.97,5.69,56.76,-2.68,0.54,0.54,31.950699,2.9248322e-06,37.911465,5,LightGBM+Transformer+Dense+VAE+LSTM
[LN1556   ] [chunk_19_phase_5_optimization.py] [info] 366,20.05483,2.3924258,10.0,10.01,13.890684,2.398804,1552.0,0.2,0.0,0.32,0.0,1800000.0,0.0,0.32,0.0,0.33,0.04,55.8,0.2,0.6,0.1,4.172913,7.717046e-06,4.1840377,5,LightGBM+Transformer+Dense+VAE+LSTM
[LN1557   ] [chunk_19_phase_5_optimization.py] [info] 367,20.084513,2.091864,7.95,7.94,12.088212,2.3272777,4234.0,-1.85,-13.6,2.56,5.59,479370.0,10.43,4.28,2.32,0.46,0.08,61.89,1.28,0.37,-0.13,3.4117115,2.5216872e-05,3.7956576,5,LightGBM+Transformer+Dense+VAE+LSTM
[LN1558   ] [chunk_19_phase_5_optimization.py] [info] 368,24.625643,3.8488703,61.8,61.59,14.112004,4.2922387,877.0,23.01,-5.33,-0.27,-6.44,2340000.0,-12.26,1.96,3.53,2.22,0.83,58.82,0.08,0.57,-0.34,14.349155,6.030771e-06,16.002098,5,LightGBM+Transformer+Dense+VAE+LSTM
[LN1559   ] [chunk_19_phase_5_optimization.py] [info] 369,21.538631,1.0402768,2.36,2.39,15.523427,2.1377103,2620.0,-6.64,-32.68,-12.65,-11.15,8470000.0,-16.43,-3.94,-4.4,-3.61,0.13,43.66,-5.53,0.57,1.27,1.1180186,1.832754e-06,2.2974656,5,LightGBM+Transformer+Dense+VAE+LSTM
[LN1560   ] [chunk_19_phase_5_optimization.py] [info] 370,17.872152,2.3997118,10.21,10.21,7.5807,2.469793,4913.0,1.9,0.0,1.34,0.0,34790.0,0.0,1.32,1.49,1.09,0.07,72.45,0.59,0.03,-0.01,4.1339498,0.00021789882,4.254678,5,LightGBM+Transformer+Dense+VAE+LSTM
[LN1561   ] [chunk_19_phase_5_optimization.py] [info] 371,22.270828,2.9079933,31.6,32.25,14.11073,3.609295,5007.0,17.7,-9.03,14.08,49.03,1470000.0,-1.53,2.11,5.95,3.73,1.08,55.75,1.35,0.91,2.06,8.935263,9.599136e-06,11.090121,5,LightGBM+Transformer+Dense+VAE+LSTM
[LN1562   ] [chunk_19_phase_5_optimization.py] [info] 372,19.231121,2.371178,10.77,10.78,10.319167,2.511224,3567.0,2.18,-4.18,3.36,6.94,57210.0,8.12,1.95,1.79,0.33,0.1,55.58,-0.65,0.53,0.09,4.2927275,0.00018037348,4.5462637,5,LightGBM+Transformer+Dense+VAE+LSTM
[LN1563   ] [chunk_19_phase_5_optimization.py] [info] 373,20.88878,2.1747518,10.37,10.4,13.207719,2.8009331,2480.0,-21.39,-27.63,5.84,14.66,983900.0,15.56,4.82,5.16,1.08,0.28,56.81,1.07,0.55,0.29,3.7130482,1.3423843e-05,4.782155,5,LightGBM+Transformer+Dense+VAE+LSTM
[LN1564   ] [chunk_19_phase_5_optimization.py] [info] 374,24.531704,4.9496813,199.213,199.333,12.828309,5.5748878,277.0,-10.19,-8.51,-5.8,0.86,494660.0,-8.24,-3.39,-2.79,-1.44,5.69,44.19,2.23,0.75,1.14,35.755516,2.5933588e-05,40.271885,5,LightGBM+Transformer+Dense+VAE+LSTM
[LN1565   ] [chunk_19_phase_5_optimization.py] [info] 375,19.350716,0.6881346,2.35,2.26,14.544504,1.4724721,4211.0,76.56,25.56,45.4,80.8,2190000.0,35.33,8.35,7.62,-15.55,0.29,45.55,-14.85,0.95,-3.83,1.5348339,6.6413263e-06,3.284241,5,LightGBM+Transformer+Dense+VAE+LSTM
[LN1566   ] [chunk_19_phase_5_optimization.py] [info] 376,22.193441,3.5049567,39.35,39.31,11.478479,3.7909846,181.0,5.99,3.91,0.8,3.94,169420.0,-8.33,0.91,3.88,1.55,0.68,53.68,-0.86,0.57,-0.1,10.369338,6.7751615e-05,11.215546,5,LightGBM+Transformer+Dense+VAE+LSTM
[LN1567   ] [chunk_19_phase_5_optimization.py] [info] 377,18.89056,1.4350846,9.0,8.35,10.535451,3.2580965,3799.0,-31.05,0.0,13.2,39.4,158100.0,63.73,-9.17,-26.7379,-15.82,0.93,33.42,-14.85,0.24,-7.17,2.5628462,6.663789e-05,5.8184724,5,LightGBM+Transformer+Dense+VAE+LSTM
[LN1568   ] [chunk_19_phase_5_optimization.py] [info] 378,22.079102,2.5572274,13.66,13.64,15.621142,3.3199873,1252.0,-36.26,-47.88,-23.03,-32.31,5530000.0,-17.93,0.2,9.56,3.39,0.43,55.09,-0.29,1.1,-0.15,4.1084495,2.8247998e-06,5.333902,5,LightGBM+Transformer+Dense+VAE+LSTM
[LN1569   ] [chunk_19_phase_5_optimization.py] [info] 379,24.23511,3.62727,43.43,43.2,11.62082,3.871826,1109.0,14.74,13.62,2.54,9.84,122490.0,-1.17,-1.87,-1.64,-0.46,0.4,43.32,-0.48,0.91,-0.53,11.157527,9.487158e-05,11.909783,5,LightGBM+Transformer+Dense+VAE+LSTM
[LN1570   ] [chunk_19_phase_5_optimization.py] [info] 380,20.556124,3.099191,24.98,24.48,12.711911,3.5785065,4251.0,-7.69,-25.48,-4.86,-4.23,341060.0,4.84,-0.96,-1.69,-1.13,0.75,48.89,2.38,0.97,-2.0,6.8408427,3.7271773e-05,7.8988357,5,LightGBM+Transformer+Dense+VAE+LSTM
[LN1571   ] [chunk_19_phase_5_optimization.py] [info] 381,23.504566,4.8185863,168.53,166.74,14.393309,5.305293,2838.0,-2.3,-6.1,12.41,25.39,1290000.0,11.67,16.51,25.49,13.56,5.69,68.8,-1.67,1.38,-1.06,31.42899,1.1157604e-05,34.603508,5,LightGBM+Transformer+Dense+VAE+LSTM
[LN1572   ] [chunk_19_phase_5_optimization.py] [info] 382,19.291555,0.57097954,1.95,1.91,14.953288,1.2470323,4849.0,83.65,60.5,23.12,42.54,2740000.0,6.11,4.78,17.18,0.78,0.15,50.87,-11.57,1.14,-2.05,1.5316364,5.4574043e-06,3.3451285,5,LightGBM+Transformer+Dense+VAE+LSTM
[LN1573   ] [chunk_19_phase_5_optimization.py] [info] 383,18.451307,2.3233676,10.02,10.02,9.376871,2.472328,3719.0,6.48,0.6,1.94,3.51,28860.0,1.42,1.47,1.82,0.27,0.07,59.27,0.04,0.41,0.0,4.0528607,0.0003249089,4.3127055,5,LightGBM+Transformer+Dense+VAE+LSTM
[LN1574   ] [chunk_19_phase_5_optimization.py] [info] 384,24.625643,4.9496813,199.213,199.333,12.646329,5.5748878,724.0,2.52,16.72,-1.62,5.5,216170.0,-9.57,-6.31,-7.82,-3.11,5.69,41.07,2.85,1.44,-2.62,35.755516,5.8501777e-05,40.271885,5,LightGBM+Transformer+Dense+VAE+LSTM
[LN1575   ] [chunk_19_phase_5_optimization.py] [info] 385,23.744179,4.9496813,199.213,199.333,12.505581,5.5748878,577.0,40.7,37.31,18.95,31.56,349980.0,9.36,-0.68,-3.07,-0.51,5.69,49.6,2.09,0.77,1.93,35.755516,3.573227e-05,40.271885,5,LightGBM+Transformer+Dense+VAE+LSTM
[LN1576   ] [chunk_19_phase_5_optimization.py] [info] 386,24.625643,3.2164729,27.56,26.25,15.969002,3.4806244,2960.0,-4.2,6.1,-4.54,-2.31,8470000.0,-4.16,-3.81,-5.64,-5.28,0.6,33.46,-3.53,2.12,-4.75,7.54175,1.8853603e-06,8.161113,5,LightGBM+Transformer+Dense+VAE+LSTM
[LN1577   ] [chunk_19_phase_5_optimization.py] [info] 387,23.817486,4.697385,198.75,199.333,13.96477,5.472859,2841.0,43.55,66.09,13.98,41.36,1430000.0,-7.18,-1.82,-8.31,0.1,5.69,48.91,-1.51,0.81,3.93,36.4221,9.765573e-06,42.43489,5,LightGBM+Transformer+Dense+VAE+LSTM
[LN1578   ] [chunk_19_phase_5_optimization.py] [info] 388,24.625643,4.9496813,199.213,199.333,15.969002,5.5748878,2615.0,29.65,22.98,10.54,24.28,5360000.0,9.73,7.67,6.53,0.42,5.69,57.97,3.27,2.44,-0.87,35.755516,2.9792914e-06,40.271885,5,LightGBM+Transformer+Dense+VAE+LSTM
[LN1579   ] [chunk_19_phase_5_optimization.py] [info] 389,21.91111,3.7755158,76.48,76.48,7.5807,4.35002,5657.0,61.38,56.85,18.28,14.85,1110000.0,2.27,0.98,0.37,0.3,0.13,72.45,0.25,0.03,0.0,17.58153,6.8294594e-06,20.256836,5,LightGBM+Transformer+Dense+VAE+LSTM
[LN1580   ] [chunk_19_phase_5_optimization.py] [info] 390,19.050728,3.795489,48.57,48.82,10.780518,4.0484753,5548.0,-1.39,0.0,1.01,0.0,517930.0,0.0,1.01,0.23,2.62,2.52,52.1,-0.63,0.09,0.51,12.058862,2.0814623e-05,12.8626375,5,LightGBM+Transformer+Dense+VAE+LSTM
[LN1581   ] [chunk_19_phase_5_optimization.py] [info] 391,19.934378,1.9459101,15.5,14.99,12.194936,3.0022113,4020.0,13.08,-10.13,18.12,61.36,141180.0,-0.86,-8.87,-17.0,0.59,0.95,47.74,8.15,1.4,-3.29,4.992986,8.637863e-05,7.7033362,5,LightGBM+Transformer+Dense+VAE+LSTM
[LN1582   ] [chunk_19_phase_5_optimization.py] [info] 392,21.973167,4.617296,131.69,132.2,12.537411,5.15462,3383.0,-0.56,-19.85,7.05,23.3,283320.0,8.19,-8.31,-9.05,-4.59,4.6,39.24,-2.18,0.98,0.39,25.646894,4.4251767e-05,28.631474,5,LightGBM+Transformer+Dense+VAE+LSTM
[LN1583   ] [chunk_19_phase_5_optimization.py] [info] 393,23.682335,4.9496813,199.213,199.333,12.982579,5.5748878,5488.0,20.79,15.01,27.23,43.79,804090.0,39.97,7.79,-2.86,-2.36,5.69,52.34,-1.5,0.54,1.08,35.755516,1.614568e-05,40.271885,5,LightGBM+Transformer+Dense+VAE+LSTM
[LN1584   ] [chunk_19_phase_5_optimization.py] [info] 394,19.596224,2.024193,9.65,9.93,11.60668,2.6741486,2840.0,2.47,16.05,13.69,-0.16,120660.0,19.93,20.28,22.29,7.54,0.7,61.52,1.48,0.91,2.9,3.7133312,9.619327e-05,4.9056587,5,LightGBM+Transformer+Dense+VAE+LSTM
[LN1585   ] [chunk_19_phase_5_optimization.py] [info] 395,22.354465,1.2325603,6.42,6.46,15.969002,2.1505988,3677.0,115.5665,117.51,45.01,86.71,8470000.0,46.49,-0.15,-5.42,-8.26,0.35,43.21,-13.75,0.75,0.62,3.0038147,1.8853603e-06,5.241123,5,LightGBM+Transformer+Dense+VAE+LSTM
[LN1586   ] [chunk_19_phase_5_optimization.py] [info] 396,23.351551,4.934402,194.1,196.88,13.180735,5.3602586,2478.0,13.37,14.27,9.23,23.15,401780.0,0.48,-0.66,-4.23,0.59,4.12,51.77,4.46,1.32,1.43,36.72957,3.280585e-05,39.899464,5,LightGBM+Transformer+Dense+VAE+LSTM
[LN1587   ] [chunk_19_phase_5_optimization.py] [info] 397,24.45688,4.9496813,199.213,199.333,12.315492,5.5748878,5431.0,108.28,144.143,60.25,129.11,176560.0,54.53,14.79,5.44,-0.09,5.69,54.3,-7.85,1.26,-4.07,35.755516,6.9752445e-05,40.271885,5,LightGBM+Transformer+Dense+VAE+LSTM
[LN1588   ] [chunk_19_phase_5_optimization.py] [info] 398,20.605225,0.97832614,3.41,3.48,13.418954,2.2289386,3500.0,-36.15,-59.06,22.19,68.12,1440000.0,29.37,22.85,27.94,8.01,0.2,62.25,-0.29,0.47,2.05,1.5612812,9.318718e-06,3.557096,5,LightGBM+Transformer+Dense+VAE+LSTM
[LN1589   ] [chunk_19_phase_5_optimization.py] [info] 399,21.338451,2.791165,77.57,80.52,12.768601,4.8103943,4326.0,115.5665,144.143,40.7,149.1765,720010.0,-11.05,-11.87,-26.7379,-10.47,5.69,40.01,-9.3,0.49,3.8,16.738752,1.7733923e-05,28.848167,5,LightGBM+Transformer+Dense+VAE+LSTM
[LN1590   ] [chunk_19_phase_5_optimization.py] [info] 400,24.301773,2.636912,16.58,16.3,15.969002,3.1232455,4095.0,-19.23,-19.9,3.38,-6.27,8470000.0,15.77,5.32,11.19,1.36,0.46,55.7,-1.21,0.85,-1.69,5.21893,1.8853603e-06,6.1814723,5,LightGBM+Transformer+Dense+VAE+LSTM
[LN1591   ] [chunk_19_phase_5_optimization.py] [info] 401,24.121458,3.5210524,64.77,67.17,15.943555,4.3087835,2614.0,52.08,79.55,22.41,58.94,6520000.0,2.55,2.68,4.2,-2.37,2.48,49.78,-1.97,1.29,3.71,15.589087,2.4453304e-06,19.076683,5,LightGBM+Transformer+Dense+VAE+LSTM
[LN1592   ] [chunk_19_phase_5_optimization.py] [info] 402,20.88878,4.9496813,199.213,199.333,11.230032,5.567734,251.0,15.87,1.24,5.47,14.88,63450.0,-10.42,-0.74,-0.97,-1.67,5.69,45.86,-0.21,1.19,-0.79,35.80146,0.00017699026,40.271885,5,LightGBM+Transformer+Dense+VAE+LSTM
[LN1593   ] [chunk_19_phase_5_optimization.py] [info] 403,23.844309,4.21109,103.58,102.99,14.31605,4.778703,1506.0,35.83,26.94,7.17,9.79,3070000.0,-4.25,-2.68,-1.44,0.96,2.69,48.38,-0.86,0.54,-0.57,21.551872,4.663208e-06,24.45685,5,LightGBM+Transformer+Dense+VAE+LSTM
[LN1594   ] [chunk_19_phase_5_optimization.py] [info] 404,18.179882,0.64710325,2.53,2.57,14.052339,1.9947003,3969.0,-9.82,-10.14,21.1,144.76,8470000.0,42.78,-27.52,-26.7379,-15.82,0.46,35.8,-11.99,0.12,1.58,1.2884141,1.6590718e-06,3.9715455,5,LightGBM+Transformer+Dense+VAE+LSTM
[LN1595   ] [chunk_19_phase_5_optimization.py] [info] 405,24.625643,4.9496813,199.213,199.333,14.77809,5.5748878,963.0,43.48,33.3,35.3,69.62,3030000.0,20.0,12.66,10.79,3.23,5.69,62.33,-3.78,0.87,1.28,35.755516,4.877257e-06,40.271885,5,LightGBM+Transformer+Dense+VAE+LSTM
[LN1596   ] [chunk_19_phase_5_optimization.py] [info] 406,23.316278,2.9543893,28.03,28.38,12.190944,3.3738263,842.0,50.48,38.44,19.51,16.74,284840.0,21.18,10.04,6.97,5.26,0.49,71.82,3.05,0.69,1.25,8.411815,4.2799267e-05,9.606046,5,LightGBM+Transformer+Dense+VAE+LSTM
[LN1597   ] [chunk_19_phase_5_optimization.py] [info] 407,21.23609,1.3635374,3.06,3.1,15.652489,2.2955604,224.0,-55.2,-56.64,-40.48,-41.18,8190000.0,-46.18,-10.05,-1.59,-1.04,0.12,41.35,4.03,0.77,1.31,1.3504328,1.9111708e-06,2.2734983,5,LightGBM+Transformer+Dense+VAE+LSTM
[LN1598   ] [chunk_19_phase_5_optimization.py] [info] 408,24.625643,3.7273788,133.16,128.0,15.561098,5.0211797,4435.0,115.5665,144.143,37.93,101.64,8170000.0,8.36,-1.14,-3.19,-2.71,5.69,45.71,-7.62,0.7,-3.88,25.492018,1.9046631e-06,34.340485,5,LightGBM+Transformer+Dense+VAE+LSTM
[LN1599   ] [chunk_19_phase_5_optimization.py] [info] 409,22.786324,4.9496813,199.213,199.333,13.557778,5.4377313,303.0,22.86,27.17,8.19,20.37,438280.0,2.67,-4.44,-5.38,-4.06,5.47,39.01,-2.33,1.76,-3.59,36.657383,3.0934058e-05,40.271885,5,LightGBM+Transformer+Dense+VAE+LSTM
[LN1600   ] [chunk_19_phase_5_optimization.py] [info] 410,20.954378,2.2596776,15.11,14.68,14.501307,3.1570003,4889.0,11.04,-24.83,13.45,10.38,2410000.0,52.44,-6.07,-2.2,-5.42,0.88,43.72,-2.46,0.82,-2.85,4.6499834,6.0171396e-06,6.496502,5,LightGBM+Transformer+Dense+VAE+LSTM
[LN1601   ] [chunk_19_phase_5_optimization.py] [info] 411,23.33407,2.4150205,13.1,12.9,15.279065,2.945491,2843.0,8.59,7.46,-5.84,-17.62,5620000.0,-3.59,-12.22,-14.74,-4.15,0.37,34.87,1.34,0.77,-1.53,4.3795753,2.7186948e-06,5.3415694,5,LightGBM+Transformer+Dense+VAE+LSTM
[LN1602   ] [chunk_19_phase_5_optimization.py] [info] 412,20.69573,1.6467336,13.17,13.2,15.969002,2.6644466,4233.0,115.5665,0.0,55.21,0.0,2470000.0,0.0,32.2465,40.09,17.61,0.96,72.45,14.79,2.44,0.23,4.9541245,6.465183e-06,8.015868,5,LightGBM+Transformer+Dense+VAE+LSTM
[LN1603   ] [chunk_19_phase_5_optimization.py] [info] 413,21.311052,0.31481075,5.35,5.53,15.630655,2.09433,3566.0,115.5665,144.143,68.57,149.1765,8330000.0,67.07,32.2465,38.94,11.57,0.5,61.21,-13.59,0.74,3.36,2.6404624,1.8764292e-06,17.566109,5,LightGBM+Transformer+Dense+VAE+LSTM
[LN1604   ] [chunk_19_phase_5_optimization.py] [info] 414,21.990213,1.8453002,12.12,12.12,7.5807,2.6454654,4657.0,115.5665,106.47,37.72,42.92,5680000.0,24.44,3.93,1.08,-1.87,0.41,49.77,-2.73,0.03,0.0,4.5814247,1.3346303e-06,6.568037,5,LightGBM+Transformer+Dense+VAE+LSTM
[LN1605   ] [chunk_19_phase_5_optimization.py] [info] 415,21.36512,3.2995338,31.14,32.17,13.0772505,4.316821,5594.0,-43.04,0.0,-11.04,0.0,952080.0,-23.98,3.38,5.51,-1.56,2.66,49.19,-6.21,0.5,3.31,7.452243,1.3735454e-05,9.749863,5,LightGBM+Transformer+Dense+VAE+LSTM
[LN1606   ] [chunk_19_phase_5_optimization.py] [info] 416,22.88198,1.6974487,12.99,12.93,15.969002,2.7997174,2476.0,115.5665,75.2,68.57,119.9,8470000.0,77.9365,19.15,18.08,0.13,0.88,53.6,-14.85,0.56,-0.46,4.6183233,1.8853603e-06,7.617314,5,LightGBM+Transformer+Dense+VAE+LSTM
[LN1607   ] [chunk_19_phase_5_optimization.py] [info] 417,16.737597,0.31481075,0.7,0.7,12.847998,1.4929041,5657.0,-83.68,-78.09,-66.81,-65.2279,3660000.0,-49.21,-27.52,-26.2,-15.82,0.06,27.6321,-2.13,0.1,0.81,0.46888477,3.510382e-06,2.2235582,5,LightGBM+Transformer+Dense+VAE+LSTM
[LN1608   ] [chunk_19_phase_5_optimization.py] [info] 418,22.318605,4.210348,82.42,82.24,12.890028,4.434026,3920.0,18.76,11.33,10.05,4.75,415980.0,12.77,5.69,5.07,1.69,1.2,63.36,1.33,0.95,-0.22,18.547478,3.0987132e-05,19.532825,5,LightGBM+Transformer+Dense+VAE+LSTM
[LN1609   ] [chunk_19_phase_5_optimization.py] [info] 419,21.135376,1.4632554,18.27,17.81,13.2993555,3.8501475,2060.0,115.5665,144.143,67.21,149.1765,340390.0,77.04,-20.41,-26.7379,-15.82,3.22,38.09,-14.85,1.75,-2.52,4.625797,3.9070936e-05,12.171491,5,LightGBM+Transformer+Dense+VAE+LSTM
[LN1610   ] [chunk_19_phase_5_optimization.py] [info] 420,19.265734,0.5068176,2.53,2.5,12.828652,1.3862944,1300.0,57.23,26.9,68.02,149.1765,1200000.0,9.65,17.99,17.37,0.28,0.23,53.11,-6.37,0.31,-1.19,1.8033688,1.0690544e-05,4.932741,5,LightGBM+Transformer+Dense+VAE+LSTM
[LN1611   ] [chunk_19_phase_5_optimization.py] [info] 421,24.625643,4.7553988,199.213,199.333,15.026662,5.3217897,1641.0,37.13,37.68,30.13,37.23,3690000.0,32.27,9.71,19.88,0.18,1.95,72.45,0.13,0.91,-0.06,37.45601,4.072266e-06,41.9172,5,LightGBM+Transformer+Dense+VAE+LSTM
[LN1612   ] [chunk_19_phase_5_optimization.py] [info] 422,22.446032,2.8986707,19.0,19.15,14.86049,3.6030493,1420.0,-30.41,-29.18,-17.34,-15.82,4460000.0,-10.18,0.59,5.51,5.78,0.52,60.14,5.51,0.64,0.79,5.314943,3.3319484e-06,6.606477,5,LightGBM+Transformer+Dense+VAE+LSTM
[LN1613   ] [chunk_19_phase_5_optimization.py] [info] 423,21.627483,2.7536607,17.56,17.95,15.110166,3.830379,181.0,-47.87,-29.75,-23.01,-18.48,8470000.0,-30.99,1.99,-1.05,-2.18,0.94,47.79,-0.61,0.38,2.22,4.68622,1.783963e-06,6.518595,5,LightGBM+Transformer+Dense+VAE+LSTM
[LN1614   ] [chunk_19_phase_5_optimization.py] [info] 424,24.625643,4.458409,125.95,125.77,14.768449,4.855929,4210.0,18.99,6.79,13.36,21.68,3450000.0,14.04,9.74,11.44,6.2,2.76,68.19,3.8,0.75,-0.14,25.900297,4.2807096e-06,28.209616,5,LightGBM+Transformer+Dense+VAE+LSTM
[LN1615   ] [chunk_19_phase_5_optimization.py] [info] 425,19.694786,2.4587338,11.52,11.59,10.836084,2.5564518,3602.0,1.67,-0.34,2.27,4.04,68360.0,5.08,2.62,1.22,1.1,0.09,63.68,0.78,0.74,0.61,4.5336275,0.00015851499,4.7138085,5,LightGBM+Transformer+Dense+VAE+LSTM
[LN1616   ] [chunk_19_phase_5_optimization.py] [info] 426,20.342897,2.7193198,19.34,19.31,11.927575,3.0964823,1507.0,24.82,32.26,6.39,-1.23,150140.0,11.23,2.63,0.99,0.09,0.4,53.29,0.52,1.01,-0.16,6.236109,7.9443016e-05,7.1010404,5,LightGBM+Transformer+Dense+VAE+LSTM
[LN1617   ] [chunk_19_phase_5_optimization.py] [info] 427,24.625643,4.0398884,76.9,76.7,13.243703,4.359909,3678.0,29.08,14.43,11.72,6.14,655100.0,6.31,6.3,7.8,3.22,0.96,67.7,1.05,0.86,-0.26,17.592112,2.0216306e-05,18.985674,5,LightGBM+Transformer+Dense+VAE+LSTM
[LN1618   ] [chunk_19_phase_5_optimization.py] [info] 428,19.49271,2.6049094,19.49,19.46,10.684005,3.4965076,5138.0,-1.32,50.97,-17.32,-23.98,113050.0,-17.19,-3.57,-9.87,-2.73,0.67,40.12,-2.85,0.39,-0.15,5.5655537,9.45069e-05,7.470509,5,LightGBM+Transformer+Dense+VAE+LSTM
[LN1619   ] [chunk_19_phase_5_optimization.py] [info] 429,20.53695,3.5397992,60.42,61.14,11.1857395,4.2591524,3903.0,39.53,78.69,17.07,45.68,65550.0,3.24,-1.0,-1.59,0.75,1.83,49.97,3.47,1.1,1.19,14.354968,0.00017064439,17.272165,5,LightGBM+Transformer+Dense+VAE+LSTM
[LN1620   ] [chunk_19_phase_5_optimization.py] [info] 430,21.727568,2.221375,18.94,19.14,14.181845,3.3196256,3367.0,20.23,59.9,4.84,56.63,2950000.0,-18.62,-13.92,-16.09,-0.98,1.02,42.44,4.53,0.49,1.06,5.7657104,4.807405e-06,8.616284,5,LightGBM+Transformer+Dense+VAE+LSTM
[LN1621   ] [chunk_19_phase_5_optimization.py] [info] 431,18.2836,2.3969858,10.33,10.34,8.527342,2.442347,3294.0,3.4,0.0,2.17,0.0,540960.0,0.0,2.17,2.27,1.29,0.07,72.45,0.24,0.03,0.1,4.2336326,1.576335e-05,4.313751,5,LightGBM+Transformer+Dense+VAE+LSTM
[LN1622   ] [chunk_19_phase_5_optimization.py] [info] 432,16.540745,0.31481075,0.7,0.7,12.627975,1.1314021,4173.0,-21.28,-40.28,-0.18,-5.88,4080000.0,33.84,6.43,8.43,1.32,0.05,52.66,-2.71,0.07,2.99,0.61870134,3.0950919e-06,2.2235582,5,LightGBM+Transformer+Dense+VAE+LSTM
[LN1623   ] [chunk_19_phase_5_optimization.py] [info] 433,22.570145,4.9496813,199.213,199.333,12.383696,5.5748878,1089.0,-17.82,-27.51,-16.48,-20.37,190040.0,-7.51,-2.9,-4.72,-0.95,5.69,44.19,1.04,1.26,-0.89,35.755516,6.516363e-05,40.271885,5,LightGBM+Transformer+Dense+VAE+LSTM
[LN1624   ] [chunk_19_phase_5_optimization.py] [info] 434,20.51952,1.2919837,6.48,6.38,11.484742,2.098018,3679.0,27.86,52.63,36.96,101.9,552310.0,49.77,8.67,-0.62,3.54,0.21,58.43,3.57,0.18,-1.54,3.0409653,2.0794014e-05,4.938143,5,LightGBM+Transformer+Dense+VAE+LSTM
[LN1625   ] [chunk_19_phase_5_optimization.py] [info] 435,20.134209,2.1102133,10.41,10.55,11.179437,2.4604433,4554.0,8.21,8.43,12.63,28.82,123880.0,9.1,2.76,1.34,1.17,0.19,55.1,0.76,0.58,1.34,4.2878456,9.024408e-05,4.999495,5,LightGBM+Transformer+Dense+VAE+LSTM
[LN1626   ] [chunk_19_phase_5_optimization.py] [info] 436,22.46898,3.9199913,199.213,199.333,15.029747,5.5748878,3085.0,115.5665,144.143,68.57,149.1765,1480000.0,29.92,14.84,4.05,-12.7,5.69,45.45,-14.85,2.28,-7.17,35.755516,1.0155234e-05,50.85037,5,LightGBM+Transformer+Dense+VAE+LSTM
[LN1627   ] [chunk_19_phase_5_optimization.py] [info] 437,24.625643,4.9496813,199.213,199.333,14.668372,5.5748878,4782.0,-2.41,-13.1,-4.94,-0.8,1930000.0,-2.46,-5.47,-3.27,-1.53,5.69,39.56,0.09,1.22,-0.62,35.755516,7.600193e-06,40.271885,5,LightGBM+Transformer+Dense+VAE+LSTM
[LN1628   ] [chunk_19_phase_5_optimization.py] [info] 438,20.254158,0.6523252,4.11,3.71,15.969002,1.8421357,5164.0,43.8,144.143,68.57,149.1765,3730000.0,77.9365,32.2465,40.09,7.74,0.49,54.79,-14.85,2.44,-7.17,2.0139668,4.281234e-06,5.6873474,5,LightGBM+Transformer+Dense+VAE+LSTM
[LN1629   ] [chunk_19_phase_5_optimization.py] [info] 439,22.992294,4.0915074,68.2,69.04,13.674804,4.3974075,330.0,1.22,-12.16,1.02,5.73,1130000.0,-4.19,-3.78,-4.06,-2.33,1.36,42.61,-0.46,0.77,1.23,15.700159,1.2101596e-05,16.873978,5,LightGBM+Transformer+Dense+VAE+LSTM
[LN1630   ] [chunk_19_phase_5_optimization.py] [info] 440,20.938377,2.6390574,24.12,24.1,12.133867,3.2276373,4278.0,51.48,55.79,12.4,4.28,455090.0,1.26,0.8,0.96,0.26,0.1,61.12,0.25,0.41,-0.08,7.466762,2.6662567e-05,9.132049,5,LightGBM+Transformer+Dense+VAE+LSTM
[LN1631   ] [chunk_19_phase_5_optimization.py] [info] 441,24.625643,4.673763,146.8,147.47,13.232419,5.0123672,4625.0,22.37,17.99,15.25,25.33,1040000.0,11.68,2.21,0.13,0.89,1.5,59.35,1.49,0.54,0.46,29.421228,1.272348e-05,31.552734,5,LightGBM+Transformer+Dense+VAE+LSTM
[LN1632   ] [chunk_19_phase_5_optimization.py] [info] 442,24.228523,2.261763,27.19,28.08,15.969002,3.443618,4914.0,82.34,144.143,55.15,128.11,8470000.0,32.45,6.06,-1.27,3.05,1.64,54.11,5.56,0.71,3.27,8.154214,1.8853603e-06,12.415093,5,LightGBM+Transformer+Dense+VAE+LSTM
[LN1633   ] [chunk_19_phase_5_optimization.py] [info] 443,24.625643,4.9496813,199.213,199.333,15.969002,5.495199,302.0,0.77,16.94,3.23,18.52,8470000.0,-4.47,-1.86,0.4,0.65,5.19,50.06,3.09,0.71,1.44,36.27403,1.8853603e-06,40.271885,5,LightGBM+Transformer+Dense+VAE+LSTM
[LN1634   ] [chunk_19_phase_5_optimization.py] [info] 444,21.886417,3.2260501,29.56,29.64,13.799661,3.63178,2471.0,-3.07,-16.69,-0.62,4.77,1090000.0,-2.02,-4.18,-5.36,-3.73,0.6,36.81,-0.27,0.9,0.27,8.161287,1.2660239e-05,9.187706,5,LightGBM+Transformer+Dense+VAE+LSTM
[LN1635   ] [chunk_19_phase_5_optimization.py] [info] 445,19.193378,0.3852624,1.78,1.73,14.172471,1.2412686,5545.0,115.5665,141.57,59.3,71.29,1680000.0,77.9365,-1.69,-13.5,-15.82,0.16,38.48,-14.85,0.85,-2.81,1.3937354,8.4359945e-06,4.490446,5,LightGBM+Transformer+Dense+VAE+LSTM
[LN1636   ] [chunk_19_phase_5_optimization.py] [info] 446,23.920305,4.884316,140.2,139.72,14.116862,5.506591,5056.0,-36.78,-41.59,-17.63,-25.48,2540000.0,-20.4,-4.0,4.75,-0.03,3.3,45.7,0.29,0.53,-0.34,25.37323,5.55782e-06,28.605848,5,LightGBM+Transformer+Dense+VAE+LSTM
[LN1637   ] [chunk_19_phase_5_optimization.py] [info] 447,21.12873,3.4304326,37.81,37.95,13.622018,3.7079465,4855.0,15.88,0.0,5.74,12.78,607670.0,4.81,3.38,4.12,3.91,1.15,61.39,3.75,1.36,0.37,10.234776,2.2416802e-05,11.062745,5,LightGBM+Transformer+Dense+VAE+LSTM
[LN1638   ] [chunk_19_phase_5_optimization.py] [info] 448,17.100924,1.1817272,2.34,2.41,10.925705,5.5748878,5657.0,-83.68,0.0,-66.81,-65.2279,655100.0,-49.21,-27.52,-26.7379,-15.82,1.17,28.89,-8.37,0.08,2.99,0.43229568,1.667792e-05,2.0393877,5,LightGBM+Transformer+Dense+VAE+LSTM
[LN1639   ] [chunk_19_phase_5_optimization.py] [info] 449,23.363037,1.3244189,48.03,49.19,15.969002,5.0875964,768.0,115.5665,144.143,68.57,149.1765,8470000.0,23.59,-5.42,-5.26,-9.12,4.5,44.93,-3.7,0.41,2.42,9.668613,1.8853603e-06,37.140816,5,LightGBM+Transformer+Dense+VAE+LSTM
[LN1640   ] [chunk_19_phase_5_optimization.py] [info] 450,19.714724,2.0515563,8.99,8.91,12.57175,3.0740812,5657.0,-47.99,-49.6,-18.58,-14.74,541150.0,-10.63,-13.6,-15.22,-3.55,0.41,38.51,0.11,0.53,-0.89,2.898427,2.3231543e-05,4.3430443,5,LightGBM+Transformer+Dense+VAE+LSTM
[LN1641   ] [chunk_19_phase_5_optimization.py] [info] 451,18.920729,0.57661337,1.33,1.3,14.49604,1.3056265,4812.0,-18.24,-18.75,-21.11,32.6,1090000.0,-27.37,-27.52,-26.7379,-15.82,0.13,27.6321,-9.72,1.81,-2.26,0.9956906,1.3299119e-05,2.2545435,5,LightGBM+Transformer+Dense+VAE+LSTM
[LN1642   ] [chunk_19_phase_5_optimization.py] [info] 452,18.926775,0.63657683,2.51,2.47,15.119306,1.7351891,3290.0,115.5665,144.143,-0.8,1.65,4360000.0,-16.84,-25.85,-26.27,-15.82,0.24,32.33,-13.03,0.84,-1.59,1.423476,3.4677307e-06,3.8801286,5,LightGBM+Transformer+Dense+VAE+LSTM
[LN1643   ] [chunk_19_phase_5_optimization.py] [info] 453,21.05257,4.155283,90.2,91.34,11.286088,4.626834,5485.0,2.96,9.47,14.27,31.08,158570.0,23.02,7.27,11.54,3.16,2.83,64.5,2.06,0.5,1.26,19.741362,7.117417e-05,21.981657,5,LightGBM+Transformer+Dense+VAE+LSTM
[LN1644   ] [chunk_19_phase_5_optimization.py] [info] 454,22.392859,3.1616704,34.59,33.49,14.491678,3.8603086,5202.0,11.26,37.42,-3.56,-16.9,2190000.0,-9.24,2.3,-5.42,-5.33,1.28,43.21,-3.96,0.9,-3.18,8.675472,6.6172047e-06,10.592503,5,LightGBM+Transformer+Dense+VAE+LSTM
[LN1645   ] [chunk_19_phase_5_optimization.py] [info] 455,24.625643,4.2345414,108.54,110.55,15.133411,4.7329473,2848.0,40.06,43.26,15.81,37.57,4550000.0,-1.06,2.7,3.76,1.65,2.59,55.93,1.08,0.82,1.85,23.357538,3.3260244e-06,26.106724,5,LightGBM+Transformer+Dense+VAE+LSTM
[LN1646   ] [chunk_19_phase_5_optimization.py] [info] 456,23.541664,3.1671615,27.21,27.19,14.937811,3.5031521,2204.0,-0.69,1.46,-3.45,8.5,3570000.0,-11.17,-5.97,-6.53,-0.74,0.51,42.08,2.72,0.86,-0.07,7.7615814,4.184261e-06,8.584974,5,LightGBM+Transformer+Dense+VAE+LSTM
[LN1647   ] [chunk_19_phase_5_optimization.py] [info] 457,20.459522,0.31481075,1.01,0.97,15.041456,1.1314021,2608.0,100.54,-18.27,41.69,54.26,6040000.0,57.12,8.46,4.09,-2.6,0.07,49.93,-11.58,0.56,-3.7,0.85734326,2.4903075e-06,3.0812163,5,LightGBM+Transformer+Dense+VAE+LSTM
[LN1648   ] [chunk_19_phase_5_optimization.py] [info] 458,22.354465,2.177022,16.73,17.23,14.5567045,2.9279885,5108.0,21.77,67.61,51.82,96.02,1530000.0,40.42,24.65,26.32,10.69,0.61,72.45,1.59,1.37,2.99,5.884586,9.514186e-06,7.9144816,5,LightGBM+Transformer+Dense+VAE+LSTM
[LN1649   ] [chunk_19_phase_5_optimization.py] [info] 459,19.67971,0.33647224,2.31,2.19,15.969002,1.3987169,2327.0,100.92,67.18,68.57,149.1765,8470000.0,45.03,11.79,-6.41,0.63,0.25,52.16,4.29,0.82,-5.19,1.5657207,1.8853603e-06,6.508709,5,LightGBM+Transformer+Dense+VAE+LSTM
[LN1650   ] [chunk_19_phase_5_optimization.py] [info] 460,22.951128,3.824939,57.02,56.97,14.441743,4.146937,3879.0,9.45,3.49,6.08,12.57,1710000.0,8.27,-1.37,-0.73,1.84,1.0,55.21,2.37,1.1,-0.09,13.73785,8.445464e-06,14.894356,5,LightGBM+Transformer+Dense+VAE+LSTM
[LN1651   ] [chunk_19_phase_5_optimization.py] [info] 461,18.526392,1.6114359,39.1,39.9,8.99206,3.9751856,4835.0,115.5665,144.143,68.57,149.1765,23090.0,77.9365,32.2465,40.09,7.27,3.93,64.95,-1.51,0.35,2.05,10.037268,0.00038943524,24.760525,5,LightGBM+Transformer+Dense+VAE+LSTM
[LN1652   ] [chunk_19_phase_5_optimization.py] [info] 462,24.592173,3.8126445,75.92,78.56,15.358657,4.6077666,5657.0,-7.57,6.29,12.94,36.63,6870000.0,-2.7,2.96,2.71,2.85,2.84,55.74,5.39,0.68,3.48,17.049475,2.2356123e-06,20.60512,5,LightGBM+Transformer+Dense+VAE+LSTM
[LN1653   ] [chunk_19_phase_5_optimization.py] [info] 463,24.625643,2.575661,20.35,20.61,15.73219,3.1009927,622.0,55.08,63.44,17.96,31.86,8470000.0,5.05,1.35,-0.53,1.64,0.45,55.03,3.31,0.68,1.28,6.6462584,1.8574015e-06,8.001829,5,LightGBM+Transformer+Dense+VAE+LSTM
[LN1654   ] [chunk_19_phase_5_optimization.py] [info] 464,24.349737,4.3522115,197.05,199.333,14.838786,5.5748878,4455.0,22.87,144.143,22.01,78.9,6610000.0,34.18,-11.26,-14.79,-3.12,5.69,43.33,0.93,0.42,1.91,35.755516,2.2448996e-06,45.800392,5,LightGBM+Transformer+Dense+VAE+LSTM
[LN1655   ] [chunk_19_phase_5_optimization.py] [info] 465,20.36244,2.010895,8.9,8.87,12.457928,2.384165,5324.0,4.35,5.6,6.46,22.01,640760.0,4.48,-1.63,-2.1,2.69,0.16,53.42,4.11,0.4,-0.34,3.72038,1.9442425e-05,4.410971,5,LightGBM+Transformer+Dense+VAE+LSTM
[LN1656   ] [chunk_19_phase_5_optimization.py] [info] 466,21.705345,2.4849067,12.42,12.49,12.44069,2.6651428,3833.0,1.88,-5.74,3.17,6.93,514610.0,7.58,2.86,2.21,0.91,0.09,62.9,0.56,0.49,0.56,4.686428,2.4174988e-05,5.0263457,5,LightGBM+Transformer+Dense+VAE+LSTM
[LN1657   ] [chunk_19_phase_5_optimization.py] [info] 467,21.36512,2.9507349,26.42,26.48,12.575814,3.3634956,3796.0,22.25,24.38,14.59,25.86,582640.0,19.01,5.03,2.28,1.21,0.58,57.77,2.56,0.5,0.23,7.872762,2.1584192e-05,8.974035,5,LightGBM+Transformer+Dense+VAE+LSTM
[LN1658   ] [chunk_19_phase_5_optimization.py] [info] 468,21.65543,4.1743875,124.79,129.86,15.734988,5.5748878,1302.0,56.03,0.0,-16.43,0.0,8470000.0,-32.67,-1.97,-1.31,-4.71,5.69,46.23,1.09,0.6,4.06,23.293741,1.8577318e-06,31.108757,5,LightGBM+Transformer+Dense+VAE+LSTM
[LN1659   ] [chunk_19_phase_5_optimization.py] [info] 469,21.99583,4.1540275,63.13,63.05,13.543024,4.6989336,2968.0,-37.97,-33.59,-28.22,-32.62,698930.0,-23.28,-17.38,-12.91,-8.52,2.29,28.72,-3.74,1.09,-0.13,13.417937,1.9376797e-05,15.1780405,5,LightGBM+Transformer+Dense+VAE+LSTM
[LN1660   ] [chunk_19_phase_5_optimization.py] [info] 470,20.04094,1.4398351,3.27,3.29,13.672406,1.6505798,5644.0,-16.71,-14.55,-11.64,-8.36,1060000.0,-12.03,-5.38,-3.52,-1.67,0.05,37.36,0.92,0.82,0.61,1.9932389,1.2898497e-05,2.2849839,5,LightGBM+Transformer+Dense+VAE+LSTM
[LN1661   ] [chunk_19_phase_5_optimization.py] [info] 471,19.300266,2.266958,14.82,14.72,8.391176,3.1144037,3406.0,38.26,33.98,-2.69,9.04,13570.0,-26.75,-11.76,-10.84,-2.68,0.54,40.28,1.03,0.32,-0.67,4.726426,0.0006183623,6.4932833,5,LightGBM+Transformer+Dense+VAE+LSTM
[LN1662   ] [chunk_19_phase_5_optimization.py] [info] 472,22.40223,4.315486,100.11,100.76,12.9245825,4.7370753,3073.0,6.4,-4.14,4.88,18.0,652030.0,1.38,-3.24,-0.9,0.38,2.45,48.25,0.32,0.63,0.65,21.270508,1.9822068e-05,23.34847,5,LightGBM+Transformer+Dense+VAE+LSTM
[LN1663   ] [chunk_19_phase_5_optimization.py] [info] 473,21.493374,3.207208,30.92,30.33,13.427333,3.9187999,3502.0,-2.69,17.83,-18.04,-25.44,1130000.0,-19.63,-8.77,-8.29,-2.31,1.24,42.63,1.37,0.6,-1.89,7.739614,1.1882596e-05,9.456823,5,LightGBM+Transformer+Dense+VAE+LSTM
[LN1664   ] [chunk_19_phase_5_optimization.py] [info] 474,19.651169,2.5265284,15.05,15.15,11.784745,2.8195915,3639.0,9.15,7.29,8.34,17.81,93710.0,5.94,0.71,0.07,-1.02,0.21,47.01,-2.01,1.4,0.66,5.3731184,0.00012575761,5.9963703,5,LightGBM+Transformer+Dense+VAE+LSTM
[LN1665   ] [chunk_19_phase_5_optimization.py] [info] 475,24.09469,2.0333977,9.51,9.48,15.969002,2.3860066,1809.0,17.62,12.06,16.9,15.19,8470000.0,26.57,14.49,15.61,7.56,0.23,67.41,0.0,1.84,-0.32,3.9731658,1.8853603e-06,4.6621475,5,LightGBM+Transformer+Dense+VAE+LSTM
[LN1666   ] [chunk_19_phase_5_optimization.py] [info] 476,18.443615,0.95551145,1.82,1.74,12.993943,2.070653,5428.0,-58.87,-68.71,-49.84,-23.35,237960.0,-49.21,-27.52,-26.7379,-15.82,0.36,27.6321,-14.85,1.85,-4.4,0.8403146,5.4605578e-05,1.8210143,5,LightGBM+Transformer+Dense+VAE+LSTM
[LN1667   ] [chunk_19_phase_5_optimization.py] [info] 477,18.599413,0.8329091,2.22,2.25,13.109971,1.9169226,2728.0,22.95,-60.8,13.23,17.19,1600000.0,53.06,-4.87,-10.71,-7.46,0.15,43.73,-8.54,0.31,1.35,1.1737562,8.193731e-06,2.701375,5,LightGBM+Transformer+Dense+VAE+LSTM
[LN1668   ] [chunk_19_phase_5_optimization.py] [info] 478,19.180925,0.95551145,3.01,2.88,13.903912,2.6318889,965.0,-9.72,-77.32,-9.0,18.52,967580.0,-29.06,-19.54,-11.66,-15.82,0.42,35.56,-14.85,1.13,-4.32,1.0942712,1.436978e-05,3.0140927,5,LightGBM+Transformer+Dense+VAE+LSTM
[LN1669   ] [chunk_19_phase_5_optimization.py] [info] 479,18.108023,1.6639261,140.53,129.92,11.03663,5.484797,4959.0,115.5665,144.143,68.57,149.1765,462520.0,77.9365,32.2465,40.09,16.4,5.69,59.16,-14.85,0.13,-7.17,23.687294,2.3861952e-05,78.08039,5,LightGBM+Transformer+Dense+VAE+LSTM
[LN1670   ] [chunk_19_phase_5_optimization.py] [info] 480,19.881758,0.31481075,4.39,4.61,15.038846,1.704748,5271.0,115.5665,144.143,68.57,42.72,1810000.0,25.27,28.36,28.06,17.61,0.29,72.45,14.79,1.88,5.01,2.704212,8.308755e-06,14.643719,5,LightGBM+Transformer+Dense+VAE+LSTM
[LN1671   ] [chunk_19_phase_5_optimization.py] [info] 481,23.01479,4.9496813,199.213,199.333,12.315756,5.5748878,4131.0,6.75,22.66,-4.05,-15.0,438500.0,8.76,-2.48,-0.06,0.03,5.69,48.42,-0.13,0.51,0.59,35.755516,2.8086104e-05,40.271885,5,LightGBM+Transformer+Dense+VAE+LSTM
[LN1672   ] [chunk_19_phase_5_optimization.py] [info] 482,20.120325,2.3302002,10.08,10.09,11.87836,2.4458194,5544.0,-0.1,-2.98,2.81,5.54,215120.0,7.34,1.74,0.5,-0.27,0.08,52.39,0.0,0.67,0.1,4.125407,5.5217366e-05,4.3301,5,LightGBM+Transformer+Dense+VAE+LSTM
[LN1673   ] [chunk_19_phase_5_optimization.py] [info] 483,24.625643,3.2665224,34.32,35.0,15.952571,3.6076694,808.0,18.4,11.22,9.28,20.69,7010000.0,8.7,1.98,-0.6,2.75,0.65,59.04,6.77,1.21,1.98,9.701554,2.2756876e-06,10.714759,5,LightGBM+Transformer+Dense+VAE+LSTM
[LN1674   ] [chunk_19_phase_5_optimization.py] [info] 484,19.92309,1.1118575,4.42,4.42,12.548339,1.8050047,4377.0,56.74,95.58,32.67,66.79,476180.0,35.58,-0.55,6.51,-0.94,0.21,50.57,-1.34,0.59,0.0,2.4487472,2.635209e-05,3.9753294,5,LightGBM+Transformer+Dense+VAE+LSTM
[LN1675   ] [chunk_19_phase_5_optimization.py] [info] 485,23.301966,4.47358,136.19,136.7,13.329995,5.1388526,5272.0,8.54,-10.91,14.34,35.27,1500000.0,11.1,-0.58,-0.36,0.91,3.7,52.2,1.75,0.41,0.37,26.601269,8.886664e-06,30.557184,5,LightGBM+Transformer+Dense+VAE+LSTM
[LN1676   ] [chunk_19_phase_5_optimization.py] [info] 486,20.246439,0.52472854,2.72,2.68,15.025277,1.5973654,1829.0,21.82,30.1,59.01,149.1765,7090000.0,77.48,5.0,10.29,-2.82,0.2,50.5,1.13,0.47,-1.47,1.6777627,2.1192209e-06,5.107403,5,LightGBM+Transformer+Dense+VAE+LSTM
[LN1677   ] [chunk_19_phase_5_optimization.py] [info] 487,22.32467,3.2646136,31.09,30.04,15.278074,3.6230068,226.0,4.45,8.41,-0.7,8.57,1930000.0,14.96,2.27,8.02,-2.61,1.1,48.26,-2.47,2.23,-3.38,8.291456,7.9161e-06,9.201701,5,LightGBM+Transformer+Dense+VAE+LSTM
[LN1678   ] [chunk_19_phase_5_optimization.py] [info] 488,21.777578,2.93492,38.9,38.77,12.903341,3.708437,2971.0,96.01,49.78,41.38,88.57,506400.0,47.25,6.78,7.43,1.19,1.14,59.86,-0.39,0.79,-0.33,10.454539,2.5480533e-05,13.2099,5,LightGBM+Transformer+Dense+VAE+LSTM
[LN1679   ] [chunk_19_phase_5_optimization.py] [info] 489,24.625643,4.9484053,170.71,172.19,15.944653,5.405781,5383.0,-8.17,-12.04,-7.41,6.2,7570000.0,-6.92,-7.36,-6.64,-3.41,5.59,39.95,-1.87,1.11,0.87,31.852938,2.106295e-06,34.79707,5,LightGBM+Transformer+Dense+VAE+LSTM
[LN1680   ] [chunk_19_phase_5_optimization.py] [info] 490,22.727446,3.2272408,43.11,43.5,13.790346,3.800868,181.0,53.06,76.9,24.47,39.96,1420000.0,16.47,3.38,3.35,3.96,0.94,60.92,2.43,0.69,0.9,11.444755,9.711512e-06,13.479007,5,LightGBM+Transformer+Dense+VAE+LSTM
[LN1681   ] [chunk_19_phase_5_optimization.py] [info] 491,23.021843,3.914021,50.61,50.31,13.009231,4.2696977,5427.0,-21.45,-22.4,-10.9,-8.51,378060.0,-10.21,-2.55,-1.72,-0.8,1.18,45.42,0.02,1.18,-0.59,11.783036,3.4410492e-05,12.853789,5,LightGBM+Transformer+Dense+VAE+LSTM
[LN1682   ] [chunk_19_phase_5_optimization.py] [info] 492,24.625643,3.0933125,25.55,24.62,15.969002,3.42719,5107.0,8.12,13.67,-9.0,-10.57,8470000.0,-12.07,-12.17,-13.06,-6.94,0.6,27.6321,-6.03,2.44,-3.64,7.1837277,1.8853603e-06,7.959105,5,LightGBM+Transformer+Dense+VAE+LSTM
[LN1683   ] [chunk_19_phase_5_optimization.py] [info] 493,22.516691,3.763291,57.01,57.01,13.989107,4.0676584,5384.0,15.94,30.91,5.17,6.16,946470.0,-0.16,0.39,0.28,0.27,0.21,56.44,0.05,1.26,0.0,14.015435,1.4780297e-05,15.148974,5,LightGBM+Transformer+Dense+VAE+LSTM
[LN1684   ] [chunk_19_phase_5_optimization.py] [info] 494,18.233267,0.63657683,1.91,1.93,12.167176,1.6233408,4588.0,47.33,-46.39,36.42,45.11,119530.0,23.72,11.21,11.88,5.44,0.08,66.45,3.76,1.61,1.05,1.1889062,0.00010179182,3.0318413,5,LightGBM+Transformer+Dense+VAE+LSTM
[LN1685   ] [chunk_19_phase_5_optimization.py] [info] 495,19.61099,0.5007753,0.72,0.8,15.969002,3.5771096,3598.0,-35.89,-40.67,-66.81,-53.51,8470000.0,-49.21,-27.52,-26.7379,-14.28,0.32,34.13,5.02,1.45,6.21,0.22364426,1.8853603e-06,1.5975229,5,LightGBM+Transformer+Dense+VAE+LSTM
[LN1686   ] [chunk_19_phase_5_optimization.py] [info] 496,21.135376,2.179287,9.41,9.45,13.05377,2.4024305,2600.0,-3.67,-4.74,-1.75,-0.53,781300.0,-3.57,-0.38,0.11,0.27,0.09,50.64,1.5,0.6,0.43,3.9335165,1.6707756e-05,4.336281,5,LightGBM+Transformer+Dense+VAE+LSTM
[LN1687   ] [chunk_19_phase_5_optimization.py] [info] 497,24.245205,4.1174097,160.4,160.12,14.707954,5.1311407,2733.0,115.5665,121.53,62.54,132.19,2430000.0,54.04,9.24,13.56,1.32,4.6,57.98,-1.88,1.01,-0.17,31.205538,6.0526563e-06,38.888527,5,LightGBM+Transformer+Dense+VAE+LSTM
[LN1688   ] [chunk_19_phase_5_optimization.py] [info] 498,23.620281,3.14974,23.3,23.74,15.6514,3.432373,1375.0,-7.05,-0.25,-7.05,-6.76,7890000.0,0.47,-0.03,-0.04,1.18,0.63,52.6,5.14,0.8,1.89,6.9164977,1.983701e-06,7.53713,5,LightGBM+Transformer+Dense+VAE+LSTM
[LN1689   ] [chunk_19_phase_5_optimization.py] [info] 499,21.564833,2.4484155,15.95,15.88,14.153649,3.5360196,1557.0,-22.08,-39.8,0.87,2.52,1960000.0,16.17,6.21,17.8,1.88,0.85,53.83,-5.02,0.72,-0.44,4.4909253,7.2212497e-06,6.485827,5,LightGBM+Transformer+Dense+VAE+LSTM
[LN1690   ] [chunk_19_phase_5_optimization.py] [info] 500,22.01525,3.3847291,30.11,30.02,13.611139,3.8381612,5179.0,-23.77,-28.76,-10.97,-8.22,1380000.0,-9.61,0.17,0.33,1.66,0.73,52.73,2.84,0.59,-0.3,7.8214536,9.863144e-06,8.869247,5,LightGBM+Transformer+Dense+VAE+LSTM
[LN1691   ] [chunk_19_phase_5_optimization.py] [info] 501,22.688978,3.6293948,47.39,44.01,15.969002,4.1353264,2974.0,-17.02,-15.79,-3.17,9.04,3370000.0,-1.85,2.76,12.36,1.21,1.71,50.6,-6.44,2.44,-7.13,10.642448,4.738576e-06,12.125989,5,LightGBM+Transformer+Dense+VAE+LSTM
[LN1692   ] [chunk_19_phase_5_optimization.py] [info] 502,24.625643,4.2604237,162.01,167.03,15.597315,5.139849,4780.0,57.09,102.07,40.43,75.6,7810000.0,34.24,11.83,12.23,6.37,5.69,63.01,6.68,0.76,3.1,32.497063,1.9970953e-06,39.20502,5,LightGBM+Transformer+Dense+VAE+LSTM
[LN1693   ] [chunk_19_phase_5_optimization.py] [info] 503,19.888556,1.8840348,5.96,5.76,14.966999,2.8201878,4349.0,-38.72,-54.18,-45.43,-45.76,3600000.0,-45.56,-11.61,-9.15,-6.58,0.26,35.53,-2.04,0.88,-3.36,2.0424173,4.1575e-06,3.0572684,5,LightGBM+Transformer+Dense+VAE+LSTM
[LN1694   ] [chunk_19_phase_5_optimization.py] [info] 504,22.442455,4.9496813,199.213,199.333,12.622409,5.5748878,2320.0,2.28,23.25,-1.11,5.97,197990.0,-1.25,-4.62,-3.82,-1.16,5.69,44.18,0.13,1.53,-3.77,35.755516,6.3752756e-05,40.271885,5,LightGBM+Transformer+Dense+VAE+LSTM
[LN1695   ] [chunk_19_phase_5_optimization.py] [info] 505,23.021843,4.012411,55.67,55.33,11.91435,4.3734903,5426.0,-19.92,-21.14,-11.83,-9.9,141080.0,-12.49,-2.8,-3.44,-1.35,1.2,43.58,-1.06,1.06,-0.61,12.651223,8.4451014e-05,13.789713,5,LightGBM+Transformer+Dense+VAE+LSTM
[LN1696   ] [chunk_19_phase_5_optimization.py] [info] 506,23.117517,2.9616582,47.46,48.49,15.969002,4.303795,2463.0,100.54,110.37,5.89,72.32,8470000.0,-15.89,-5.23,-8.94,-11.93,4.05,42.84,-14.85,0.58,2.17,11.266801,1.8853603e-06,16.372583,5,LightGBM+Transformer+Dense+VAE+LSTM
[LN1697   ] [chunk_19_phase_5_optimization.py] [info] 507,24.625643,4.9496813,199.213,199.333,14.67725,5.5748878,4660.0,13.13,21.37,-0.57,1.82,1690000.0,-3.3,3.26,3.6,2.37,5.69,57.77,3.26,1.4,0.84,35.755516,8.684763e-06,40.271885,5,LightGBM+Transformer+Dense+VAE+LSTM
[LN1698   ] [chunk_19_phase_5_optimization.py] [info] 508,23.923977,4.825269,188.47,191.39,13.609118,5.31763,3069.0,32.85,12.79,21.56,31.49,825780.0,17.24,3.3,2.13,0.54,4.39,55.21,3.79,0.99,1.55,35.9916,1.648032e-05,39.66411,5,LightGBM+Transformer+Dense+VAE+LSTM
[LN1699   ] [chunk_19_phase_5_optimization.py] [info] 509,20.762487,0.3220835,1.86,1.89,15.960418,1.3812819,3597.0,115.5665,144.143,68.57,62.93,8470000.0,77.9365,32.2465,40.09,2.91,0.26,55.63,-14.85,0.64,1.61,1.3682942,1.884347e-06,5.8680434,5,LightGBM+Transformer+Dense+VAE+LSTM
[LN1700   ] [chunk_19_phase_5_optimization.py] [info] 510,19.816034,2.0055258,7.03,7.04,12.15085,2.1482677,3563.0,0.0,-7.0,2.47,3.23,113700.0,7.32,2.89,2.47,0.7,0.06,63.04,0.0,1.66,0.14,3.2770588,0.00010686764,3.5103014,5,LightGBM+Transformer+Dense+VAE+LSTM
[LN1701   ] [chunk_19_phase_5_optimization.py] [info] 511,24.625643,4.1872277,87.42,88.82,14.940201,4.5913754,3641.0,14.89,19.54,5.27,18.84,3530000.0,-6.35,-2.78,1.92,0.15,1.86,47.43,1.0,0.87,1.6,19.344965,4.2323513e-06,21.212126,5,LightGBM+Transformer+Dense+VAE+LSTM
[LN1702   ] [chunk_19_phase_5_optimization.py] [info] 512,23.685442,4.225373,95.48,96.69,13.887712,4.6091623,667.0,24.34,8.82,22.68,19.67,2040000.0,25.13,14.97,22.41,11.06,3.05,71.82,1.43,0.53,1.27,20.977781,6.8077015e-06,22.883188,5,LightGBM+Transformer+Dense+VAE+LSTM
[LN1703   ] [chunk_19_phase_5_optimization.py] [info] 513,21.731224,2.862201,22.66,22.83,12.318084,3.1755507,181.0,13.02,4.58,10.09,21.18,234860.0,2.84,3.08,2.65,1.43,0.27,60.48,1.42,0.95,0.75,7.1893044,5.2448624e-05,7.9763794,5,LightGBM+Transformer+Dense+VAE+LSTM
[LN1704   ] [chunk_19_phase_5_optimization.py] [info] 514,23.876429,2.0476928,9.54,9.64,15.82397,3.2771447,5541.0,-59.83,0.0,-26.75,10.68,8470000.0,-33.79,-23.66,-26.7379,-15.82,0.7,32.25,5.59,0.87,1.05,2.941585,1.8682373e-06,4.7077374,5,LightGBM+Transformer+Dense+VAE+LSTM
[LN1705   ] [chunk_19_phase_5_optimization.py] [info] 515,19.844776,0.9282193,4.45,4.49,11.775674,1.8531681,4551.0,68.16,144.143,18.98,38.15,309350.0,-4.06,0.67,-2.39,-1.62,0.2,49.1,2.51,0.42,0.9,2.4228778,3.806586e-05,4.8372188,5,LightGBM+Transformer+Dense+VAE+LSTM
[LN1706   ] [chunk_19_phase_5_optimization.py] [info] 516,24.625643,4.9496813,199.213,199.333,15.377823,5.5748878,1462.0,51.77,66.52,16.19,35.98,3190000.0,1.87,-1.93,-2.36,-5.31,5.69,41.39,-4.53,1.5,0.9,35.755516,4.8206343e-06,40.271885,5,LightGBM+Transformer+Dense+VAE+LSTM
[LN1707   ] [chunk_19_phase_5_optimization.py] [info] 517,23.155123,4.9496813,199.213,199.333,12.843152,5.5748878,2462.0,53.51,11.04,24.54,30.73,453380.0,9.54,4.71,4.53,1.66,5.69,57.85,2.63,0.83,2.27,35.755516,2.8327566e-05,40.271885,5,LightGBM+Transformer+Dense+VAE+LSTM
[LN1708   ] [chunk_19_phase_5_optimization.py] [info] 518,19.813503,1.2947272,8.1,7.86,11.288744,2.384165,1755.0,18.27,-19.99,54.94,96.62,262370.0,77.9365,23.68,12.68,-1.94,0.79,52.24,-10.63,0.3,-2.9,3.2967515,4.3026048e-05,6.070777,5,LightGBM+Transformer+Dense+VAE+LSTM
[LN1709   ] [chunk_19_phase_5_optimization.py] [info] 519,24.625643,4.2029,94.31,94.6,15.857632,4.611053,4691.0,27.82,33.48,9.07,19.17,8470000.0,-2.53,0.09,2.41,0.51,1.95,52.08,1.27,0.85,0.31,20.515923,1.8722116e-06,22.508268,5,LightGBM+Transformer+Dense+VAE+LSTM
[LN1710   ] [chunk_19_phase_5_optimization.py] [info] 520,24.625643,4.9496813,199.213,199.333,14.029022,5.5748878,328.0,-4.96,-4.5,-7.24,-6.49,1260000.0,-8.46,-5.53,-3.5,-3.87,5.69,34.42,-0.52,0.98,-0.51,35.755516,1.1134145e-05,40.271885,5,LightGBM+Transformer+Dense+VAE+LSTM
[LN1711   ] [chunk_19_phase_5_optimization.py] [info] 521,18.80934,2.4212565,11.35,11.39,10.185767,2.6063867,3470.0,-2.36,-8.22,2.41,4.3,31810.0,7.35,1.95,0.09,0.13,0.13,54.96,-0.18,0.83,0.35,4.3700347,0.00032020645,4.704169,5,LightGBM+Transformer+Dense+VAE+LSTM
[LN1712   ] [chunk_19_phase_5_optimization.py] [info] 522,22.599672,4.8587265,165.33,166.72,12.310518,5.2141204,3504.0,0.57,-2.42,1.91,8.74,223960.0,-7.39,-2.14,-1.69,-1.86,3.09,43.37,1.02,0.99,0.84,31.974714,5.4967488e-05,34.31352,5,LightGBM+Transformer+Dense+VAE+LSTM
[LN1713   ] [chunk_19_phase_5_optimization.py] [info] 523,18.666056,2.329227,10.39,10.41,9.265396,2.4815679,5539.0,2.76,-5.36,4.16,6.99,35350.0,9.93,3.66,2.16,1.44,0.09,66.17,0.87,0.3,0.19,4.1949286,0.00026210456,4.4692936,5,LightGBM+Transformer+Dense+VAE+LSTM
[LN1714   ] [chunk_19_phase_5_optimization.py] [info] 524,22.870365,3.1475947,27.93,27.96,14.809861,3.45537,838.0,0.43,0.22,6.25,8.84,2080000.0,9.09,1.96,2.46,2.86,0.43,62.97,4.25,1.3,0.11,8.091753,7.1201257e-06,8.882974,5,LightGBM+Transformer+Dense+VAE+LSTM
[LN1715   ] [chunk_19_phase_5_optimization.py] [info] 525,15.468008,0.31481075,0.7,0.7,12.98297,1.1314021,5425.0,-62.5,-80.75,-32.03,-28.44,8470000.0,-19.5,-22.79,-26.7379,-15.57,0.07,41.56,-14.85,0.05,-2.21,0.61870134,1.5328183e-06,2.2235582,5,LightGBM+Transformer+Dense+VAE+LSTM
[LN1716   ] [chunk_19_phase_5_optimization.py] [info] 526,24.625643,4.9496813,199.213,199.333,13.9750395,5.5748878,5328.0,11.71,3.62,2.8,3.34,1180000.0,3.08,-1.77,-2.73,-1.82,5.61,45.79,2.88,0.99,0.23,35.755516,1.1843254e-05,40.271885,5,LightGBM+Transformer+Dense+VAE+LSTM
[LN1717   ] [chunk_19_phase_5_optimization.py] [info] 527,20.470371,2.5176964,14.89,14.92,12.334475,2.775709,3338.0,22.6,1.63,9.07,13.37,139090.0,3.83,2.48,3.25,0.86,0.2,60.29,0.61,1.63,0.2,5.3752036,8.867981e-05,5.926052,5,LightGBM+Transformer+Dense+VAE+LSTM
[LN1718   ] [chunk_19_phase_5_optimization.py] [info] 528,23.880692,4.288265,116.76,117.79,14.23502,4.9159584,3793.0,1.47,-6.01,10.38,33.59,1940000.0,12.25,-0.28,-4.43,-0.97,3.32,47.75,-1.35,0.79,0.88,23.960741,7.337639e-06,27.467983,5,LightGBM+Transformer+Dense+VAE+LSTM
[LN1719   ] [chunk_19_phase_5_optimization.py] [info] 529,21.09483,1.427916,6.43,6.39,13.236404,2.0451088,1374.0,32.85,94.82,25.01,50.0,770500.0,7.21,4.39,6.86,-0.38,0.25,52.4,-0.31,0.73,-0.62,3.124528,1.717898e-05,4.475053,5,LightGBM+Transformer+Dense+VAE+LSTM
[LN1720   ] [chunk_19_phase_5_optimization.py] [info] 530,22.211666,4.2997313,85.12,84.37,12.020851,4.6322017,2978.0,8.32,-1.95,-3.9,-14.27,233660.0,-1.38,0.27,0.62,1.39,1.97,51.99,-1.33,0.71,-0.88,18.213802,5.144591e-05,19.622156,5,LightGBM+Transformer+Dense+VAE+LSTM
[LN1721   ] [chunk_19_phase_5_optimization.py] [info] 531,15.468008,2.285439,14.23,14.4,13.764809,2.81241,4957.0,61.98,39.4,30.2,51.26,1030000.0,14.47,10.23,11.37,0.77,0.52,54.78,-7.57,0.92,1.19,5.1201634,1.3363892e-05,6.300759,5,LightGBM+Transformer+Dense+VAE+LSTM
[LN1722   ] [chunk_19_phase_5_optimization.py] [info] 532,24.28488,4.6627784,124.88,125.25,14.144416,4.913904,2460.0,14.49,3.57,1.58,5.04,1460000.0,1.54,-4.39,-5.01,-3.38,2.22,37.91,1.02,0.95,0.3,25.488897,9.687956e-06,26.861666,5,LightGBM+Transformer+Dense+VAE+LSTM
[LN1723   ] [chunk_19_phase_5_optimization.py] [info] 533,21.619354,0.7323679,2.72,2.73,15.969002,1.4861397,1558.0,51.67,19.21,44.25,92.25,8470000.0,22.97,6.83,-0.73,-4.93,0.2,46.83,-11.65,0.82,0.37,1.836974,1.8853603e-06,3.7276347,5,LightGBM+Transformer+Dense+VAE+LSTM
[LN1724   ] [chunk_19_phase_5_optimization.py] [info] 534,24.625643,4.7249956,143.06,142.4,15.439079,4.993557,5230.0,17.87,23.12,10.77,12.57,4950000.0,12.62,1.66,1.4,-0.23,2.11,52.18,-0.11,1.02,-0.46,28.516747,3.119006e-06,30.137594,5,LightGBM+Transformer+Dense+VAE+LSTM
[LN1725   ] [chunk_19_phase_5_optimization.py] [info] 535,18.06014,1.4793292,12.06,11.68,11.056572,2.8661928,2858.0,115.5665,0.0,68.57,149.1765,609320.0,51.89,25.69,40.09,-13.88,1.47,48.75,-14.85,0.1,-3.19,4.075092,1.8145756e-05,7.89547,5,LightGBM+Transformer+Dense+VAE+LSTM
[LN1726   ] [chunk_19_phase_5_optimization.py] [info] 536,22.691776,3.1838703,33.37,33.31,13.892687,3.6485782,5423.0,18.0,33.19,-1.14,1.9,1910000.0,-7.55,-0.79,1.4,2.07,0.6,54.62,3.61,0.57,-0.18,9.129583,7.273658e-06,10.46211,5,LightGBM+Transformer+Dense+VAE+LSTM
[LN1727   ] [chunk_19_phase_5_optimization.py] [info] 537,18.7676,2.3350523,10.92,11.06,11.731546,3.0170045,5004.0,-15.31,-3.41,-21.2,-27.92,65610.0,-8.82,-8.68,-9.93,-5.29,0.45,38.56,-4.41,1.9,1.28,3.6658878,0.0001788073,4.7365108,5,LightGBM+Transformer+Dense+VAE+LSTM
[LN1728   ] [chunk_19_phase_5_optimization.py] [info] 538,21.445972,3.3840513,55.84,56.37,11.846522,4.123418,3683.0,38.33,66.78,22.68,71.6,258760.0,21.49,0.3,1.92,2.64,1.62,54.96,1.57,0.54,0.95,13.670698,4.578189e-05,16.657549,5,LightGBM+Transformer+Dense+VAE+LSTM
[LN1729   ] [chunk_19_phase_5_optimization.py] [info] 539,23.41654,3.5962157,49.52,49.37,11.101508,3.9273057,1739.0,32.08,35.88,12.53,11.97,130590.0,5.67,3.69,5.69,1.97,0.59,65.2,0.96,0.51,-0.3,12.570959,8.50104e-05,13.72832,5,LightGBM+Transformer+Dense+VAE+LSTM
[LN1730   ] [chunk_19_phase_5_optimization.py] [info] 540,22.92049,3.269569,32.68,33.07,15.06276,3.7734504,3365.0,-4.56,-18.31,-2.52,5.25,4680000.0,-13.97,-6.04,-4.28,-0.28,0.97,46.87,4.35,0.74,1.19,8.763863,3.2185385e-06,10.114483,5,LightGBM+Transformer+Dense+VAE+LSTM
[LN1731   ] [chunk_19_phase_5_optimization.py] [info] 541,21.224041,2.3636801,12.85,12.99,13.896758,3.075929,3284.0,-11.09,-31.52,1.22,9.62,1530000.0,9.44,-0.27,0.23,-0.57,0.46,50.12,0.7,0.71,1.09,4.2231145,9.082848e-06,5.4956675,5,LightGBM+Transformer+Dense+VAE+LSTM
[LN1732   ] [chunk_19_phase_5_optimization.py] [info] 542,16.779753,0.31481075,0.7,0.7,12.884781,1.7561322,3184.0,-83.68,-84.31,-14.22,18.95,3350000.0,30.0,16.17,40.09,-15.82,0.09,47.1,-14.85,0.12,1.78,0.39860323,3.8462035e-06,2.2235582,5,LightGBM+Transformer+Dense+VAE+LSTM
[LN1733   ] [chunk_19_phase_5_optimization.py] [info] 543,20.220623,2.870736,20.81,20.9,12.073581,3.1263218,421.0,19.22,3.47,7.08,12.49,175950.0,-1.32,-0.12,3.06,-1.04,0.29,46.89,-0.9,1.0,0.43,6.685172,6.861938e-05,7.2803636,5,LightGBM+Transformer+Dense+VAE+LSTM
[LN1734   ] [chunk_19_phase_5_optimization.py] [info] 544,23.792713,3.3634956,149.29,146.95,15.83022,5.0345473,4886.0,115.5665,0.0,68.57,149.1765,5270000.0,77.9365,32.2465,38.11,15.42,5.69,68.19,1.84,1.42,-1.57,29.188326,3.0038368e-06,43.689667,5,LightGBM+Transformer+Dense+VAE+LSTM
[LN1735   ] [chunk_19_phase_5_optimization.py] [info] 545,17.434772,1.5686159,3.91,3.95,12.306442,2.9112632,5600.0,-43.57,-74.84,-31.88,-15.33,274410.0,-40.24,-17.84,-5.28,-7.79,0.37,38.14,-6.62,0.81,1.02,1.3567994,4.4846918e-05,2.5181434,5,LightGBM+Transformer+Dense+VAE+LSTM
[LN1736   ] [chunk_19_phase_5_optimization.py] [info] 546,21.101702,0.7793249,11.39,11.66,15.216225,2.8349764,281.0,115.5665,144.143,68.57,149.1765,8470000.0,42.2,17.08,5.14,-5.52,1.34,49.94,-8.76,0.46,2.37,4.112909,1.7964846e-06,14.961668,5,LightGBM+Transformer+Dense+VAE+LSTM
[LN1737   ] [chunk_19_phase_5_optimization.py] [info] 547,22.369999,4.1964498,66.93,65.75,12.752105,4.6183825,5657.0,-24.03,-30.4,-12.96,-9.6,242840.0,-8.9,-7.45,-5.0,-3.11,1.86,38.0,-2.07,1.42,-1.76,14.236586,5.2512376e-05,15.668006,5,LightGBM+Transformer+Dense+VAE+LSTM
[LN1738   ] [chunk_19_phase_5_optimization.py] [info] 548,19.620255,2.451005,13.17,13.12,8.847073,2.6844404,4080.0,13.89,18.3,8.7,18.52,25350.0,6.06,0.25,-1.65,0.36,0.26,51.42,0.85,0.27,-0.38,4.8874245,0.00034899692,5.352906,5,LightGBM+Transformer+Dense+VAE+LSTM
[LN1739   ] [chunk_19_phase_5_optimization.py] [info] 549,18.063435,0.95551145,3.02,3.07,9.491451,1.9213247,5329.0,40.69,82.56,-18.14,-16.88,65180.0,-19.5,-6.06,-10.58,-3.35,0.09,39.45,-0.42,0.2,1.56,1.5978559,0.00014561907,3.212939,5,LightGBM+Transformer+Dense+VAE+LSTM
[LN1740   ] [chunk_19_phase_5_optimization.py] [info] 550,22.46898,2.7880929,18.5,18.65,15.8282385,3.6216707,3063.0,-38.25,-26.86,-22.36,-23.88,8470000.0,-36.13,-11.06,-18.84,-14.86,1.19,34.69,-9.16,0.76,0.81,5.149557,1.8687413e-06,6.6891603,5,LightGBM+Transformer+Dense+VAE+LSTM
[LN1741   ] [chunk_19_phase_5_optimization.py] [info] 551,24.625643,3.960051,62.16,58.93,15.969002,4.1979537,5657.0,8.89,13.33,0.29,-1.14,6500000.0,1.92,-2.2,-6.25,-6.51,1.46,34.75,-5.76,1.99,-5.2,14.037792,2.4567696e-06,14.881122,5,LightGBM+Transformer+Dense+VAE+LSTM
[LN1742   ] [chunk_19_phase_5_optimization.py] [info] 552,19.427872,2.6063867,13.91,13.87,12.077881,2.8501284,4549.0,-3.78,-13.2,-1.21,3.43,108800.0,0.65,0.11,-1.21,-1.54,0.14,39.99,-1.7,1.62,-0.29,4.8664474,0.00011100994,5.3215437,5,LightGBM+Transformer+Dense+VAE+LSTM
[LN1743   ] [chunk_19_phase_5_optimization.py] [info] 553,23.776323,3.4669852,51.93,51.78,15.969002,4.3445845,3950.0,-17.87,-22.88,6.17,29.58,8470000.0,-9.03,3.3,1.65,2.55,2.46,52.41,-2.25,1.4,-0.29,11.918286,1.8853603e-06,14.935166,5,LightGBM+Transformer+Dense+VAE+LSTM
[LN1744   ] [chunk_19_phase_5_optimization.py] [info] 554,19.024286,0.91629076,4.28,4.27,14.280149,2.38968,4979.0,-20.78,121.24,11.42,71.49,2990000.0,-26.25,-5.25,-0.93,-10.68,0.47,42.83,-13.91,0.53,-0.23,1.7868502,4.77597e-06,4.660093,5,LightGBM+Transformer+Dense+VAE+LSTM
[LN1745   ] [chunk_19_phase_5_optimization.py] [info] 555,20.216398,0.5007753,3.66,3.7,15.032813,1.6409366,2980.0,115.5665,144.143,68.57,149.1765,4760000.0,77.9365,32.2465,40.09,12.12,0.35,58.97,1.37,0.71,1.09,2.2548099,3.158154e-06,7.388543,5,LightGBM+Transformer+Dense+VAE+LSTM
[LN1746   ] [chunk_19_phase_5_optimization.py] [info] 556,24.625643,4.944068,147.11,146.39,14.263812,5.2521687,5657.0,-10.15,-22.73,-6.9,-3.88,3020000.0,-3.77,-1.28,3.33,1.35,2.7,53.21,2.18,0.52,-0.49,27.872295,4.7231165e-06,29.60922,5,LightGBM+Transformer+Dense+VAE+LSTM
[LN1747   ] [chunk_19_phase_5_optimization.py] [info] 557,19.979288,0.5068176,2.21,2.09,14.905683,1.5260563,2313.0,115.5665,126.93,32.64,113.44,3770000.0,13.59,-18.64,-26.7379,-13.53,0.18,37.59,-9.52,0.79,-5.43,1.3695432,3.953762e-06,4.1237717,5,LightGBM+Transformer+Dense+VAE+LSTM
[LN1748   ] [chunk_19_phase_5_optimization.py] [info] 558,22.97245,4.6595635,153.65,154.86,11.313132,5.273051,2082.0,18.49,47.64,0.76,8.73,115320.0,-10.35,-8.18,-8.93,-7.06,5.69,36.07,-6.4,0.71,0.79,29.368198,9.8102086e-05,33.23487,5,LightGBM+Transformer+Dense+VAE+LSTM
[LN1749   ] [chunk_19_phase_5_optimization.py] [info] 559,24.625643,4.473009,180.28,182.16,15.969002,5.281273,3830.0,35.65,26.76,24.47,71.15,8470000.0,4.99,1.48,2.93,-1.14,5.41,50.43,0.19,0.64,1.04,34.491684,1.8853603e-06,40.724262,5,LightGBM+Transformer+Dense+VAE+LSTM
[LN1750   ] [chunk_19_phase_5_optimization.py] [info] 560,21.484072,1.9358598,39.82,36.01,15.786105,4.074142,3349.0,115.5665,144.143,68.57,149.1765,3260000.0,59.76,11.37,8.04,-13.7,4.35,44.88,-14.85,2.2,-7.17,8.838671,4.8423635e-06,18.601553,5,LightGBM+Transformer+Dense+VAE+LSTM
[LN1751   ] [chunk_19_phase_5_optimization.py] [info] 561,22.590443,4.464528,125.48,131.93,13.851108,5.4355545,3966.0,-20.84,-36.89,4.22,4.95,1430000.0,32.67,9.23,0.74,-1.38,5.69,52.53,-2.72,0.73,5.14,24.271673,9.6860895e-06,29.550716,5,LightGBM+Transformer+Dense+VAE+LSTM
[LN1752   ] [chunk_19_phase_5_optimization.py] [info] 562,23.541067,3.7045066,46.16,46.06,13.683111,3.9702919,2219.0,3.41,11.04,-3.12,-5.63,1270000.0,-4.48,-2.79,-0.86,0.22,0.89,48.47,3.34,0.69,-0.22,11.601162,1.0774103e-05,12.433504,5,LightGBM+Transformer+Dense+VAE+LSTM
[LN1753   ] [chunk_19_phase_5_optimization.py] [info] 563,20.477915,2.4815679,14.57,14.7,14.001932,3.3094475,1021.0,-31.34,-37.37,-15.77,-20.5,1340000.0,14.93,5.16,-2.39,-0.53,0.65,51.21,-1.93,0.9,0.86,4.441829,1.0449203e-05,5.9236746,5,LightGBM+Transformer+Dense+VAE+LSTM
[LN1754   ] [chunk_19_phase_5_optimization.py] [info] 564,18.145323,2.398804,10.56,10.56,11.871103,2.6898863,3282.0,5.02,0.0,-0.16,3.27,163210.0,-0.52,0.08,0.14,-0.09,0.05,47.99,-0.42,0.88,0.05,3.9258165,7.273514e-05,4.402194,5,LightGBM+Transformer+Dense+VAE+LSTM
[LN1755   ] [chunk_19_phase_5_optimization.py] [info] 565,22.381495,1.1184149,12.61,12.88,15.969002,2.844328,5657.0,115.5665,107.41,68.57,149.1765,8470000.0,77.9365,15.98,12.98,0.04,1.17,54.02,-7.07,0.41,2.1,4.528311,1.8853603e-06,11.516298,5,LightGBM+Transformer+Dense+VAE+LSTM
[LN1756   ] [chunk_19_phase_5_optimization.py] [info] 566,15.468008,2.3321438,10.63,10.64,11.833471,2.4890647,3643.0,6.19,-4.66,4.83,9.02,184160.0,9.13,3.67,2.01,1.29,0.13,65.31,1.04,0.75,0.09,4.2746983,6.425647e-05,4.5623255,5,LightGBM+Transformer+Dense+VAE+LSTM
[LN1757   ] [chunk_19_phase_5_optimization.py] [info] 567,21.952906,2.3655598,19.26,19.35,14.342392,3.033991,3727.0,51.05,32.99,38.14,72.77,1420000.0,42.38,5.72,2.76,6.52,0.58,64.07,7.44,1.19,0.47,6.377738,1.0100276e-05,8.179882,5,LightGBM+Transformer+Dense+VAE+LSTM
[LN1758   ] [chunk_19_phase_5_optimization.py] [info] 568,22.188833,4.3888783,91.15,89.35,13.773257,4.8473315,938.0,-13.18,-1.99,-10.35,-3.59,1030000.0,-14.84,-12.95,-8.1,-3.78,2.98,34.39,-2.73,0.93,-1.97,18.432821,1.3372094e-05,20.358278,5,LightGBM+Transformer+Dense+VAE+LSTM
[LN1759   ] [chunk_19_phase_5_optimization.py] [info] 569,24.625643,3.652734,39.8,38.4,15.969002,3.8784661,5651.0,-3.98,-12.13,-9.96,-10.3,8470000.0,-10.86,-10.54,-11.07,-7.18,0.75,27.6321,-4.86,2.44,-3.52,9.900821,1.8853603e-06,10.512673,5,LightGBM+Transformer+Dense+VAE+LSTM
[LN1760   ] [chunk_19_phase_5_optimization.py] [info] 570,23.618073,4.1691427,68.58,67.37,14.759964,4.4686627,3400.0,-11.63,-13.69,-8.6,-10.19,2590000.0,-5.87,-0.85,3.33,0.71,1.42,50.93,1.16,0.99,-1.76,15.0760975,5.698828e-06,16.159197,5,LightGBM+Transformer+Dense+VAE+LSTM
[LN1761   ] [chunk_19_phase_5_optimization.py] [info] 571,24.625643,4.9496813,199.213,199.333,14.801459,5.5748878,968.0,2.4,-5.01,0.92,0.33,1910000.0,5.12,1.95,1.68,1.08,4.95,56.85,5.48,1.4,2.32,35.755516,7.749455e-06,40.271885,5,LightGBM+Transformer+Dense+VAE+LSTM
[LN1762   ] [chunk_19_phase_5_optimization.py] [info] 572,24.625643,4.9496813,199.213,199.333,14.219166,5.4954453,5657.0,7.1,2.03,-4.31,-4.99,1580000.0,-5.9,-1.82,-1.51,-0.59,3.19,45.98,1.32,0.95,-0.16,36.2724,8.999472e-06,40.271885,5,LightGBM+Transformer+Dense+VAE+LSTM
[LN1763   ] [chunk_19_phase_5_optimization.py] [info] 573,24.625643,4.8023806,169.27,170.03,15.693546,5.2100325,4375.0,10.68,0.6,8.29,15.5,7890000.0,7.34,4.23,-2.03,2.56,4.29,58.65,3.63,0.83,0.45,32.635113,1.9890426e-06,35.405357,5,LightGBM+Transformer+Dense+VAE+LSTM
[LN1764   ] [chunk_19_phase_5_optimization.py] [info] 574,24.074923,4.902976,141.02,135.86,14.552318,5.4564314,3905.0,-22.98,-31.4,-16.21,-14.5,2050000.0,-18.69,-6.13,-3.69,-2.64,4.72,42.07,-1.62,1.02,-3.66,24.899057,7.098691e-06,27.709702,5,LightGBM+Transformer+Dense+VAE+LSTM
[LN1765   ] [chunk_19_phase_5_optimization.py] [info] 575,22.763187,3.7614326,73.65,72.98,13.222614,4.7734776,1264.0,44.83,48.61,4.3,1.66,891120.0,6.87,-4.31,-12.95,-9.84,3.76,40.05,-8.17,0.62,-0.91,15.288645,1.4838197e-05,19.402182,5,LightGBM+Transformer+Dense+VAE+LSTM
[LN1766   ] [chunk_19_phase_5_optimization.py] [info] 576,21.8611,3.21165,29.09,28.02,13.444775,3.8141897,5657.0,6.99,0.07,-14.3,-17.1,693970.0,-24.62,-12.96,-13.76,-10.4,1.3,34.92,-2.84,0.99,-3.68,7.3462524,1.937371e-05,8.724488,5,LightGBM+Transformer+Dense+VAE+LSTM
[LN1767   ] [chunk_19_phase_5_optimization.py] [info] 577,21.738497,2.4336133,11.82,11.84,12.903334,2.5922651,3594.0,1.54,-3.19,3.27,6.19,735760.0,6.67,2.1,1.72,0.55,0.09,57.3,-0.17,0.55,0.17,4.567434,1.7537423e-05,4.8651934,5,LightGBM+Transformer+Dense+VAE+LSTM
[LN1768   ] [chunk_19_phase_5_optimization.py] [info] 578,20.584072,2.2915242,21.22,20.01,13.32474,3.3199873,595.0,-15.3,0.0,17.68,80.97,779120.0,34.87,-3.82,-11.94,-4.79,1.41,43.6,-2.98,0.79,-5.68,6.0271316,1.7102297e-05,8.73218,5,LightGBM+Transformer+Dense+VAE+LSTM
[LN1769   ] [chunk_19_phase_5_optimization.py] [info] 579,23.691113,3.4265401,34.48,35.17,14.454473,3.8854737,2221.0,-18.04,-12.1,-5.24,0.37,3030000.0,-12.03,3.74,6.09,-0.11,1.39,52.66,1.72,0.63,2.0,9.051663,4.770453e-06,10.263997,5,LightGBM+Transformer+Dense+VAE+LSTM
[LN1770   ] [chunk_19_phase_5_optimization.py] [info] 580,21.359842,4.501364,123.51,122.07,10.227634,4.9262385,3684.0,13.49,2.02,18.2,29.3,64290.0,26.63,4.15,-2.2,0.54,3.12,54.75,0.16,0.43,-1.17,24.779554,0.00015908593,27.118446,5,LightGBM+Transformer+Dense+VAE+LSTM
[LN1771   ] [chunk_19_phase_5_optimization.py] [info] 581,24.625643,3.9456513,60.27,60.22,15.05423,4.18205,3882.0,12.75,-5.34,5.55,5.37,5160000.0,4.01,1.47,0.4,0.75,0.74,56.08,1.57,0.67,-0.08,14.399636,2.9174864e-06,15.262373,5,LightGBM+Transformer+Dense+VAE+LSTM
[LN1772   ] [chunk_19_phase_5_optimization.py] [info] 582,19.660358,2.4561641,23.6,23.94,12.121196,4.361186,1635.0,-59.33,110.0,-35.07,-32.75,584220.0,-27.19,-10.21,-9.18,-8.36,1.71,40.43,-10.9,0.31,1.44,5.4893327,2.0747655e-05,9.746905,5,LightGBM+Transformer+Dense+VAE+LSTM
[LN1773   ] [chunk_19_phase_5_optimization.py] [info] 583,24.021322,4.9496813,199.213,199.333,13.400689,5.5748878,3180.0,3.61,31.96,-3.83,7.11,917390.0,-10.99,-0.68,1.53,3.29,5.69,54.33,1.46,0.72,-0.26,35.755516,1.4607406e-05,40.271885,5,LightGBM+Transformer+Dense+VAE+LSTM
[LN1774   ] [chunk_19_phase_5_optimization.py] [info] 584,21.29988,3.2921262,33.93,34.08,10.117429,3.5762706,5388.0,10.21,11.16,8.14,19.41,43250.0,3.87,1.02,0.68,0.31,0.44,55.93,0.89,0.57,0.44,9.52948,0.000233929,10.351973,5,LightGBM+Transformer+Dense+VAE+LSTM
[LN1775   ] [chunk_19_phase_5_optimization.py] [info] 585,23.615303,4.9496813,199.213,199.333,12.431214,5.5748878,4878.0,2.12,6.34,5.31,11.56,314070.0,4.97,3.74,2.12,1.78,5.69,57.72,0.73,0.8,1.07,35.755516,3.958103e-05,40.271885,5,LightGBM+Transformer+Dense+VAE+LSTM
[LN1776   ] [chunk_19_phase_5_optimization.py] [info] 586,21.955826,4.5981455,163.38,164.1,11.051048,5.23191,2587.0,33.77,31.79,18.68,30.77,162570.0,3.61,-4.63,-2.63,-5.15,5.69,41.53,-2.37,0.39,0.44,31.365215,6.797717e-05,35.6883,5,LightGBM+Transformer+Dense+VAE+LSTM
[LN1777   ] [chunk_19_phase_5_optimization.py] [info] 587,18.33436,2.6830742,14.47,14.4,10.8314495,2.875822,4548.0,-4.38,-11.71,-1.6,1.55,46160.0,3.6,0.48,-0.83,-1.21,0.14,42.97,-1.53,1.1,-0.48,5.007264,0.00023465013,5.3669777,5,LightGBM+Transformer+Dense+VAE+LSTM
[LN1778   ] [chunk_19_phase_5_optimization.py] [info] 588,23.450464,3.0349529,35.88,36.22,15.082844,3.7743688,4040.0,79.13,45.93,27.15,39.25,6160000.0,24.3,-0.03,-0.47,-6.94,1.84,44.55,-13.82,0.58,0.95,9.596307,2.4485137e-06,11.934287,5,LightGBM+Transformer+Dense+VAE+LSTM
[LN1779   ] [chunk_19_phase_5_optimization.py] [info] 589,24.625643,4.9496813,199.213,199.333,15.969002,5.5563645,2308.0,33.23,53.03,32.4,57.14,8470000.0,30.73,7.5,2.38,2.31,5.69,61.05,0.73,0.59,0.48,35.874714,1.8853603e-06,40.271885,5,LightGBM+Transformer+Dense+VAE+LSTM
[LN1780   ] [chunk_19_phase_5_optimization.py] [info] 590,18.15437,2.3978953,10.21,10.22,10.311715,2.442347,2985.0,2.15,0.0,1.01,0.0,496610.0,0.0,1.01,0.84,0.53,0.08,66.11,0.15,0.06,0.05,4.1844997,2.0764212e-05,4.262071,5,LightGBM+Transformer+Dense+VAE+LSTM
[LN1781   ] [chunk_19_phase_5_optimization.py] [info] 591,24.625643,4.9496813,199.213,199.333,15.969002,5.554238,2309.0,33.69,54.25,32.96,58.89,8470000.0,31.01,7.51,2.4,2.34,5.69,60.82,0.64,0.57,0.55,35.88845,1.8853603e-06,40.271885,5,LightGBM+Transformer+Dense+VAE+LSTM
[LN1782   ] [chunk_19_phase_5_optimization.py] [info] 592,22.17722,1.18479,3.33,3.38,15.969002,1.5303947,2223.0,17.36,5.96,15.43,27.55,8470000.0,10.82,7.9,8.68,4.27,0.09,62.39,4.0,1.37,1.5,2.2085805,1.8853603e-06,2.8528264,5,LightGBM+Transformer+Dense+VAE+LSTM
[LN1783   ] [chunk_19_phase_5_optimization.py] [info] 593,18.138582,0.8285518,3.95,3.95,9.841665,1.7817091,5279.0,102.9,70.19,64.63,108.99,88720.0,23.82,18.86,30.36,-1.86,0.23,55.7,-4.82,0.21,0.0,2.2169724,0.000110929504,4.767354,5,LightGBM+Transformer+Dense+VAE+LSTM
[LN1784   ] [chunk_19_phase_5_optimization.py] [info] 594,18.845882,1.6937791,5.92,6.01,11.745481,2.5494452,3829.0,11.09,-21.85,-20.91,-45.16,126980.0,-22.75,-3.91,1.01,-0.85,0.3,45.66,-1.31,0.99,1.52,2.3573756,9.249867e-05,3.5482786,5,LightGBM+Transformer+Dense+VAE+LSTM
[LN1785   ] [chunk_19_phase_5_optimization.py] [info] 595,20.2371,2.7775762,17.84,17.74,13.897562,3.8006444,4205.0,-39.23,-49.93,-24.77,-8.37,1250000.0,-45.98,-16.22,-8.84,-2.21,0.98,40.49,-4.32,0.87,-0.56,4.6676297,1.111805e-05,6.386863,5,LightGBM+Transformer+Dense+VAE+LSTM
[LN1786   ] [chunk_19_phase_5_optimization.py] [info] 596,15.571643,1.3609766,5.27,4.96,13.784929,2.7491922,3644.0,-20.77,-35.88,4.26,43.76,271640.0,-24.85,-4.35,3.23,-15.82,0.72,41.11,-14.85,2.44,-5.88,1.8041663,5.0747054e-05,3.6444418,5,LightGBM+Transformer+Dense+VAE+LSTM
[LN1787   ] [chunk_19_phase_5_optimization.py] [info] 597,20.743069,2.0781908,9.65,9.72,13.350563,2.3749058,326.0,15.58,7.76,10.68,19.56,526570.0,7.17,3.82,3.96,1.56,0.11,61.58,2.21,1.19,0.73,4.092794,2.5353824e-05,4.677145,5,LightGBM+Transformer+Dense+VAE+LSTM
[LN1788   ] [chunk_19_phase_5_optimization.py] [info] 598,22.146374,3.3304172,38.28,38.47,13.039397,3.778263,5159.0,12.78,35.89,4.56,5.4,1190000.0,-3.85,-0.9,3.08,-0.82,0.98,47.99,-0.16,0.39,0.5,10.181928,1.0957477e-05,11.5511055,5,LightGBM+Transformer+Dense+VAE+LSTM
[LN1789   ] [chunk_19_phase_5_optimization.py] [info] 599,23.549395,3.2611687,36.02,34.36,15.969002,4.264228,1206.0,-43.28,-43.67,-28.65,-44.2,8470000.0,21.03,4.58,-0.84,-5.44,1.41,45.78,-3.59,1.14,-4.61,8.057731,1.8853603e-06,10.5361,5,LightGBM+Transformer+Dense+VAE+LSTM
[LN1790   ] [chunk_19_phase_5_optimization.py] [info] 600,18.374218,0.7129498,1.85,1.86,11.692652,1.3029127,4918.0,-8.37,-27.34,7.01,41.98,162740.0,-2.62,-0.47,-1.59,-0.09,0.04,49.53,1.09,0.74,0.54,1.4275706,7.184867e-05,2.6088793,5,LightGBM+Transformer+Dense+VAE+LSTM
[LN1791   ] [chunk_19_phase_5_optimization.py] [info] 601,18.334032,0.44468582,0.84,0.85,14.535844,1.1314021,4306.0,8.45,-5.5,-2.58,27.28,611920.0,-5.57,-16.09,-13.57,-6.12,0.06,37.42,-1.65,2.44,1.28,0.7512802,2.3754485e-05,1.9114618,5,LightGBM+Transformer+Dense+VAE+LSTM
[LN1792   ] [chunk_19_phase_5_optimization.py] [info] 602,24.19926,4.9496813,199.213,199.333,13.560914,5.5748878,5657.0,5.79,14.07,3.01,7.92,559130.0,5.84,-1.31,-3.53,-2.35,5.69,43.91,1.03,1.39,-0.72,35.755516,2.4253597e-05,40.271885,5,LightGBM+Transformer+Dense+VAE+LSTM
[LN1793   ] [chunk_19_phase_5_optimization.py] [info] 603,24.625643,4.5379615,164.6,156.74,15.855136,5.299816,4714.0,47.73,58.48,4.49,30.13,4120000.0,-0.72,-14.27,-15.39,-11.95,5.69,30.04,-4.09,1.87,-4.78,29.57461,3.848334e-06,34.539738,5,LightGBM+Transformer+Dense+VAE+LSTM
[LN1794   ] [chunk_19_phase_5_optimization.py] [info] 604,21.391096,3.830813,48.33,44.5,13.977834,4.6314225,422.0,-46.6,-52.21,-24.71,-14.03,605190.0,-18.71,-10.92,-9.48,-5.9,1.81,38.21,-2.77,1.94,-7.17,9.608279,2.3096603e-05,11.616333,5,LightGBM+Transformer+Dense+VAE+LSTM
[LN1795   ] [chunk_19_phase_5_optimization.py] [info] 605,23.328175,4.291281,81.61,81.67,14.164153,4.5418043,2224.0,-3.11,-3.95,-3.05,1.45,713620.0,-3.45,-3.22,-2.9,-1.64,1.62,42.2,0.12,1.99,0.07,17.98184,1.9848314e-05,19.031612,5,LightGBM+Transformer+Dense+VAE+LSTM
[LN1796   ] [chunk_19_phase_5_optimization.py] [info] 606,24.02243,4.9496813,199.213,199.333,12.852702,5.5748878,812.0,2.66,6.07,-3.44,-2.53,740170.0,-8.51,-5.1,-1.66,-0.66,3.99,41.31,2.53,0.52,-0.36,35.755516,1.7364528e-05,40.271885,5,LightGBM+Transformer+Dense+VAE+LSTM
[LN1797   ] [chunk_19_phase_5_optimization.py] [info] 607,19.688894,2.6644466,15.71,15.84,10.502269,3.056357,3057.0,-8.44,0.0,0.33,0.0,319610.0,0.0,0.33,5.6,0.97,1.3,46.37,-3.41,0.11,0.83,5.182641,3.285964e-05,5.944949,5,LightGBM+Transformer+Dense+VAE+LSTM
[LN1798   ] [chunk_19_phase_5_optimization.py] [info] 608,21.25976,2.4292178,11.78,11.83,13.062766,2.5587766,3593.0,4.78,1.02,5.64,10.46,460670.0,8.04,3.47,4.78,1.76,0.09,68.79,1.37,1.02,0.42,4.6233034,2.8356017e-05,4.86988,5,LightGBM+Transformer+Dense+VAE+LSTM
[LN1799   ] [chunk_19_phase_5_optimization.py] [info] 609,21.401299,3.609295,37.77,36.98,12.61443,4.0066056,5657.0,-15.4,-25.86,-10.28,-15.24,390940.0,-5.66,-6.39,-7.8,-2.82,0.95,39.22,0.03,0.77,-2.09,9.229758,3.2266922e-05,10.245769,5,LightGBM+Transformer+Dense+VAE+LSTM
[LN1800   ] [chunk_19_phase_5_optimization.py] [info] 610,23.800117,4.9496813,187.41,186.46,13.479559,5.4349003,1586.0,-0.12,13.67,-7.35,-6.97,1180000.0,-8.81,-5.9,-0.08,-1.25,3.75,39.1,-0.53,0.61,-0.51,34.307896,1.1423355e-05,37.671112,5,LightGBM+Transformer+Dense+VAE+LSTM
[LN1801   ] [chunk_19_phase_5_optimization.py] [info] 611,23.082232,4.602667,108.1,108.28,14.489367,5.209486,4746.0,-14.79,-7.78,-27.34,-35.04,2050000.0,-32.77,-13.0,-6.45,0.52,3.56,38.34,-2.93,0.96,0.17,20.78516,7.0679835e-06,23.52549,5,LightGBM+Transformer+Dense+VAE+LSTM
[LN1802   ] [chunk_19_phase_5_optimization.py] [info] 612,22.866856,3.921181,90.67,92.06,14.008579,4.632396,4393.0,31.65,-9.92,14.55,44.95,1790000.0,7.95,1.44,-1.3,1.4,3.24,52.87,0.42,0.68,1.53,19.873085,7.826022e-06,23.477621,5,LightGBM+Transformer+Dense+VAE+LSTM
[LN1803   ] [chunk_19_phase_5_optimization.py] [info] 613,20.256313,0.6981347,2.27,2.21,13.666157,1.4609379,1806.0,-11.95,-19.05,38.11,57.86,1400000.0,27.01,15.72,15.71,-5.56,0.17,50.38,-12.65,0.61,-2.64,1.5127269,9.76154e-06,3.1655781,5,LightGBM+Transformer+Dense+VAE+LSTM
[LN1804   ] [chunk_19_phase_5_optimization.py] [info] 614,24.579142,4.713486,158.21,158.55,14.444504,5.2232704,1517.0,13.4,-14.88,13.07,25.79,3650000.0,9.1,-4.88,-5.32,-1.52,4.8,46.13,3.68,0.51,0.21,30.354546,3.9573983e-06,33.637524,5,LightGBM+Transformer+Dense+VAE+LSTM
[LN1805   ] [chunk_19_phase_5_optimization.py] [info] 615,22.346607,2.501436,20.37,19.62,15.969002,3.2108436,4006.0,45.98,22.86,23.61,63.09,8470000.0,35.78,4.59,6.4,-3.43,1.62,49.04,-6.7,1.14,-3.68,6.1105437,1.8853603e-06,7.843495,5,LightGBM+Transformer+Dense+VAE+LSTM
[LN1806   ] [chunk_19_phase_5_optimization.py] [info] 616,21.818539,2.6354795,18.36,17.89,14.089043,3.0435696,4023.0,-1.57,-3.13,3.68,19.35,1440000.0,-1.0,-2.74,-2.13,-0.18,0.49,47.57,2.46,0.91,-2.56,5.8779664,9.7840575e-06,6.7881384,5,LightGBM+Transformer+Dense+VAE+LSTM
[LN1807   ] [chunk_19_phase_5_optimization.py] [info] 617,19.789804,3.295837,28.28,27.5,11.669143,3.7227976,4977.0,-30.56,-28.4,-12.8,-6.46,216640.0,-23.61,-13.37,-9.72,-4.11,0.85,27.6321,-1.79,0.54,-2.76,7.3869176,5.386421e-05,8.34386,5,LightGBM+Transformer+Dense+VAE+LSTM
[LN1808   ] [chunk_19_phase_5_optimization.py] [info] 618,22.15835,1.8900954,9.97,10.05,12.243161,2.401525,1726.0,72.35,49.08,22.95,25.56,211080.0,19.79,7.65,2.97,5.48,0.2,66.03,7.14,0.98,0.8,4.1848407,5.8002468e-05,5.317192,5,LightGBM+Transformer+Dense+VAE+LSTM
[LN1809   ] [chunk_19_phase_5_optimization.py] [info] 619,21.694044,3.8661885,57.51,54.19,14.142206,5.1063695,2088.0,-63.41,-60.4,-34.72,-27.86,1540000.0,-23.42,-0.27,9.7,3.56,2.56,52.47,1.01,0.9,-5.77,10.612236,9.183251e-06,14.016389,5,LightGBM+Transformer+Dense+VAE+LSTM
[LN1810   ] [chunk_19_phase_5_optimization.py] [info] 620,16.574253,0.7371641,1.61,1.6,12.005895,1.978239,4893.0,-40.63,-55.43,-25.29,-25.75,8470000.0,21.21,-27.52,-12.57,5.44,0.19,41.97,3.23,0.03,-0.62,0.80880016,1.417461e-06,2.1704803,5,LightGBM+Transformer+Dense+VAE+LSTM
[LN1811   ] [chunk_19_phase_5_optimization.py] [info] 621,24.625643,4.9496813,199.213,199.333,15.033709,5.5748878,1412.0,68.18,78.6,16.66,45.52,2850000.0,2.98,-5.77,-8.75,-4.67,5.69,45.39,-0.78,1.19,4.63,35.755516,5.274985e-06,40.271885,5,LightGBM+Transformer+Dense+VAE+LSTM
[LN1812   ] [chunk_19_phase_5_optimization.py] [info] 622,20.339323,3.0325463,20.06,19.33,12.385545,3.2596338,5657.0,-16.46,-14.01,-14.39,-18.23,41920.0,-12.42,-9.33,-6.62,-6.41,0.39,27.6321,-5.01,2.44,-3.64,5.930114,0.00029545667,6.3741813,5,LightGBM+Transformer+Dense+VAE+LSTM
[LN1813   ] [chunk_19_phase_5_optimization.py] [info] 623,22.96928,4.0224905,134.42,140.65,13.529421,4.96515,3405.0,34.74,39.13,41.45,89.73,1180000.0,41.36,17.47,13.48,5.59,5.69,60.28,2.11,0.64,4.63,28.327444,1.146561e-05,34.9659,5,LightGBM+Transformer+Dense+VAE+LSTM
[LN1814   ] [chunk_19_phase_5_optimization.py] [info] 624,22.755354,3.6968477,51.69,51.68,14.335113,4.162315,5657.0,-4.74,4.53,-1.11,14.21,1820000.0,-6.68,-7.2,-9.19,-4.87,2.01,42.51,10.12,0.92,-0.02,12.416168,7.876436e-06,13.979478,5,LightGBM+Transformer+Dense+VAE+LSTM
[LN1815   ] [chunk_19_phase_5_optimization.py] [info] 625,23.8421,3.3714252,38.11,38.8,15.440712,3.9251366,5280.0,6.45,31.44,-2.74,7.93,8380000.0,-20.33,-2.38,3.38,4.76,1.3,53.92,3.74,0.61,1.81,9.885006,1.842567e-06,11.508486,5,LightGBM+Transformer+Dense+VAE+LSTM
[LN1816   ] [chunk_19_phase_5_optimization.py] [info] 626,21.33303,3.900962,115.67,117.17,11.286037,4.8825746,1632.0,41.82,133.31,19.28,37.85,174780.0,8.32,-2.33,0.38,-2.68,5.65,47.99,3.52,0.46,1.3,23.997585,6.457282e-05,30.03618,5,LightGBM+Transformer+Dense+VAE+LSTM
[LN1817   ] [chunk_19_phase_5_optimization.py] [info] 627,24.4777,4.2172995,96.0,95.67,14.4769,4.600961,1847.0,26.18,41.69,11.94,12.59,2670000.0,8.52,4.55,4.45,0.27,1.69,56.8,-0.36,0.73,-0.34,20.79348,5.42206e-06,22.685133,5,LightGBM+Transformer+Dense+VAE+LSTM
[LN1818   ] [chunk_19_phase_5_optimization.py] [info] 628,24.625643,3.706965,55.79,55.29,14.98452,4.0861444,691.0,13.23,-1.83,8.68,12.13,3200000.0,4.03,0.69,3.35,-0.81,1.26,49.64,-1.76,1.01,-0.9,13.531093,4.6826626e-06,14.915167,5,LightGBM+Transformer+Dense+VAE+LSTM
[LN1819   ] [chunk_19_phase_5_optimization.py] [info] 629,20.312542,1.408545,7.37,7.31,15.969002,2.342767,4257.0,22.86,82.75,45.44,80.05,6400000.0,17.34,19.81,20.83,0.49,0.91,52.58,-3.31,1.73,-0.81,3.120242,2.4951567e-06,5.1897526,5,LightGBM+Transformer+Dense+VAE+LSTM
[LN1820   ] [chunk_19_phase_5_optimization.py] [info] 630,18.20724,1.658228,4.36,4.4,10.0958,2.098018,5419.0,-29.6,-35.95,-11.64,-18.82,47710.0,-6.98,-3.0,-6.78,-4.15,0.17,40.2,-3.72,0.51,0.92,2.0972176,0.00021160765,2.6534348,5,LightGBM+Transformer+Dense+VAE+LSTM
[LN1821   ] [chunk_19_phase_5_optimization.py] [info] 631,20.01604,2.0489824,11.79,11.88,12.159604,2.8864753,5603.0,-18.57,-5.71,13.78,42.96,383240.0,51.34,2.32,-3.1,1.37,0.47,55.56,2.59,0.5,0.76,4.1157465,3.1728432e-05,5.7980003,5,LightGBM+Transformer+Dense+VAE+LSTM
[LN1822   ] [chunk_19_phase_5_optimization.py] [info] 632,21.81519,0.6931472,14.87,15.94,15.969002,3.3375473,4403.0,-3.69,144.143,23.12,129.68,8470000.0,-4.61,-10.6,-25.55,-15.82,2.27,41.12,-14.85,1.78,6.21,4.7759624,1.8853603e-06,22.99656,5,LightGBM+Transformer+Dense+VAE+LSTM
[LN1823   ] [chunk_19_phase_5_optimization.py] [info] 633,19.936995,2.4078455,30.87,30.78,11.117955,3.633631,5333.0,87.23,115.85,44.98,95.93,116500.0,17.93,19.05,24.16,-0.8,2.12,53.45,-5.13,0.58,-0.29,8.470865,9.543309e-05,12.783212,5,LightGBM+Transformer+Dense+VAE+LSTM
[LN1824   ] [chunk_19_phase_5_optimization.py] [info] 634,22.268698,3.1717842,34.02,32.93,14.598754,3.818591,490.0,-13.07,-9.06,0.12,24.45,1070000.0,-0.45,-6.1,-7.68,-5.7,1.12,39.39,0.06,2.04,-3.2,8.623599,1.3643696e-05,10.382169,5,LightGBM+Transformer+Dense+VAE+LSTM
[LN1825   ] [chunk_19_phase_5_optimization.py] [info] 635,18.682583,2.5649493,26.14,24.99,7.5807,3.7462046,5604.0,-19.39,0.0,-11.73,-37.49,10910.0,-9.29,-7.41,-8.46,-4.34,1.25,44.29,-4.07,0.15,-4.4,6.6707516,0.0006948396,9.742883,5,LightGBM+Transformer+Dense+VAE+LSTM
[LN1826   ] [chunk_19_phase_5_optimization.py] [info] 636,18.18673,0.31481075,1.29,1.33,11.233847,1.2089603,1796.0,77.76,18.75,67.94,149.1765,7890000.0,77.9365,-13.21,-7.64,-4.49,0.15,46.0,8.13,0.03,3.1,1.1001188,1.4238082e-06,4.2247605,5,LightGBM+Transformer+Dense+VAE+LSTM
[LN1827   ] [chunk_19_phase_5_optimization.py] [info] 637,16.849983,0.31481075,0.72,0.73,13.356342,1.1314021,325.0,-22.24,-30.74,8.27,37.23,971970.0,11.58,2.15,6.41,-13.29,0.1,44.34,-14.85,0.65,1.83,0.6452171,1.3741517e-05,2.3188534,5,LightGBM+Transformer+Dense+VAE+LSTM
[LN1828   ] [chunk_19_phase_5_optimization.py] [info] 638,22.481123,4.334542,80.39,76.0,15.220716,4.736812,5657.0,-24.6,-8.09,-14.73,-10.49,942750.0,-17.39,-8.69,-7.79,-4.05,2.42,36.55,-2.46,2.44,-5.46,16.044546,1.6145019e-05,17.533571,5,LightGBM+Transformer+Dense+VAE+LSTM
[LN1829   ] [chunk_19_phase_5_optimization.py] [info] 639,20.483662,3.0120976,30.71,30.87,11.234838,3.5139306,5417.0,8.51,50.44,8.71,10.29,120860.0,14.8,-0.31,-0.23,0.53,0.68,50.88,1.58,0.63,0.52,8.785034,9.2957445e-05,10.248672,5,LightGBM+Transformer+Dense+VAE+LSTM
[LN1830   ] [chunk_19_phase_5_optimization.py] [info] 640,19.795736,0.37156355,2.0,1.97,15.095704,1.4206958,2751.0,17.26,144.143,49.21,149.1765,8470000.0,2.6,3.83,12.57,-7.77,0.19,46.17,-7.94,0.42,-1.5,1.3866445,1.7822555e-06,5.301919,5,LightGBM+Transformer+Dense+VAE+LSTM
[LN1831   ] [chunk_19_phase_5_optimization.py] [info] 641,22.209406,4.9496813,199.213,199.333,10.499573,5.5748878,2230.0,16.36,28.1,3.79,10.55,43620.0,10.42,-7.43,-12.24,-4.46,5.69,42.57,6.81,0.83,-1.58,35.755516,0.00024070549,40.271885,5,LightGBM+Transformer+Dense+VAE+LSTM
[LN1832   ] [chunk_19_phase_5_optimization.py] [info] 642,18.894302,3.5695326,54.23,54.92,10.3389,4.278054,3475.0,13.4,9.47,15.83,2.79,34250.0,25.7,10.43,5.72,0.77,2.13,56.76,-1.61,0.9,1.27,12.837612,0.0003018657,15.385767,5,LightGBM+Transformer+Dense+VAE+LSTM
[LN1833   ] [chunk_19_phase_5_optimization.py] [info] 643,22.172535,3.6936183,49.82,49.34,11.129583,4.0523067,181.0,12.81,15.59,5.02,4.45,389950.0,-4.31,-3.02,3.01,-0.51,1.17,46.36,-0.9,0.17,-0.96,12.175781,2.8541053e-05,13.358175,5,LightGBM+Transformer+Dense+VAE+LSTM
[LN1834   ] [chunk_19_phase_5_optimization.py] [info] 644,24.625643,4.8567066,153.03,151.51,15.620924,5.164786,4135.0,-0.36,-13.43,6.37,11.97,7910000.0,5.62,3.81,6.57,3.35,2.67,61.11,-0.76,0.77,-0.99,29.335194,1.9748325e-06,31.196035,5,LightGBM+Transformer+Dense+VAE+LSTM
[LN1835   ] [chunk_19_phase_5_optimization.py] [info] 645,15.468008,0.31481075,0.7,0.7,15.51592,1.2919837,5282.0,-80.46,-76.89,-58.37,-65.2279,4800000.0,-31.6,-18.8,-11.54,-15.82,0.08,45.26,-14.85,1.14,6.21,0.5418025,3.2324833e-06,2.2235582,5,LightGBM+Transformer+Dense+VAE+LSTM
[LN1836   ] [chunk_19_phase_5_optimization.py] [info] 646,24.625643,4.9496813,199.213,199.333,14.495098,5.5748878,1268.0,2.81,6.23,-3.15,-3.43,2330000.0,0.7,-0.49,-0.34,1.4,5.69,51.88,1.78,0.85,-0.28,35.755516,6.221072e-06,40.271885,5,LightGBM+Transformer+Dense+VAE+LSTM
[LN1837   ] [chunk_19_phase_5_optimization.py] [info] 647,19.337572,0.74193734,3.59,3.47,10.383658,1.8687205,1156.0,92.78,89.1,68.57,129.8,193650.0,37.7,6.48,0.0,-7.48,0.39,46.65,-14.85,0.17,-3.34,1.8568854,5.3620748e-05,4.6769447,5,LightGBM+Transformer+Dense+VAE+LSTM
[LN1838   ] [chunk_19_phase_5_optimization.py] [info] 648,22.066132,3.4632328,66.11,68.06,13.974752,4.3274384,4187.0,18.12,-15.13,42.23,93.3,1480000.0,35.47,13.72,18.94,6.75,2.96,60.88,2.79,0.79,2.95,15.727549,9.4424e-06,19.652159,5,LightGBM+Transformer+Dense+VAE+LSTM
[LN1839   ] [chunk_19_phase_5_optimization.py] [info] 649,23.768265,2.766319,72.23,73.03,14.758961,4.4586406,4664.0,115.5665,144.143,68.57,149.1765,5200000.0,77.9365,11.84,-0.1,-2.65,2.9,53.23,0.97,0.49,1.11,16.379433,2.8382617e-06,26.399702,5,LightGBM+Transformer+Dense+VAE+LSTM
[LN1840   ] [chunk_19_phase_5_optimization.py] [info] 650,23.192213,3.105931,22.93,22.99,15.552716,3.6568727,582.0,-21.16,-37.13,-20.25,-24.4,7460000.0,-21.32,-1.96,1.91,0.75,0.66,49.21,0.09,0.76,0.26,6.2867928,2.0848145e-06,7.401967,5,LightGBM+Transformer+Dense+VAE+LSTM
[LN1841   ] [chunk_19_phase_5_optimization.py] [info] 651,19.323563,1.8855534,17.94,17.18,12.665812,3.0056827,5474.0,115.5665,144.143,50.56,72.84,342830.0,49.26,13.22,13.62,-2.56,1.11,51.28,-3.91,0.92,-4.24,5.71584,3.6944875e-05,9.111383,5,LightGBM+Transformer+Dense+VAE+LSTM
[LN1842   ] [chunk_19_phase_5_optimization.py] [info] 652,23.03679,2.3475585,14.29,14.2,15.565849,2.910719,181.0,10.33,-17.49,18.52,40.32,8470000.0,2.9,4.57,6.29,-0.71,0.47,52.17,-4.18,0.56,-0.63,4.87852,1.8377626e-06,6.0488377,5,LightGBM+Transformer+Dense+VAE+LSTM
[LN1843   ] [chunk_19_phase_5_optimization.py] [info] 653,24.625643,4.9496813,199.213,199.333,13.898738,5.5748878,192.0,-0.48,-2.46,-10.16,-14.79,1480000.0,-10.36,-5.37,-7.24,-5.15,5.69,35.21,0.83,0.74,-0.19,35.755516,9.391039e-06,40.271885,5,LightGBM+Transformer+Dense+VAE+LSTM
[LN1844   ] [chunk_19_phase_5_optimization.py] [info] 654,18.57091,0.9477894,1.72,1.69,15.494425,2.9755297,3051.0,-68.59,-85.7779,-56.02,-56.1,5200000.0,-47.19,-15.23,-23.87,-15.82,0.22,38.66,-10.58,1.03,-1.74,0.5679661,2.979697e-06,1.7830966,5,LightGBM+Transformer+Dense+VAE+LSTM
[LN1845   ] [chunk_19_phase_5_optimization.py] [info] 655,22.723394,4.2907333,93.57,89.02,12.870609,5.050625,5187.0,-34.1,-33.92,-5.77,5.31,326930.0,-4.87,-3.82,-2.06,-2.26,3.13,44.18,-6.6,1.19,-4.86,17.625542,3.936809e-05,20.747036,5,LightGBM+Transformer+Dense+VAE+LSTM
[LN1846   ] [chunk_19_phase_5_optimization.py] [info] 656,21.271387,3.4391353,52.88,52.92,13.770304,4.123094,4372.0,28.85,-2.85,20.9,59.45,1220000.0,20.44,10.41,14.37,9.2,2.24,63.4,-0.21,0.78,0.08,12.835022,1.1287135e-05,15.387589,5,LightGBM+Transformer+Dense+VAE+LSTM
[LN1847   ] [chunk_19_phase_5_optimization.py] [info] 657,22.05034,3.2228677,40.43,40.08,14.458052,4.151512,1329.0,-21.61,-31.72,18.37,20.04,1410000.0,29.33,8.74,13.93,-6.43,2.0,48.39,-5.27,1.34,-0.87,9.654313,1.0253937e-05,12.436129,5,LightGBM+Transformer+Dense+VAE+LSTM
[LN1848   ] [chunk_19_phase_5_optimization.py] [info] 658,22.006973,3.2752562,38.98,39.61,14.398915,3.8716176,1564.0,16.26,-7.24,17.37,32.25,3010000.0,37.53,11.03,9.06,2.17,2.19,54.44,-8.05,0.6,1.62,10.2308655,4.7836925e-06,12.093711,5,LightGBM+Transformer+Dense+VAE+LSTM
[LN1849   ] [chunk_19_phase_5_optimization.py] [info] 659,24.366625,2.7769542,30.0,29.44,15.969002,3.5204608,1005.0,18.14,38.35,15.4,57.43,8470000.0,-1.04,-2.49,-3.06,1.82,0.99,50.52,4.36,0.97,-1.87,8.362541,1.8853603e-06,10.601543,5,LightGBM+Transformer+Dense+VAE+LSTM
[LN1850   ] [chunk_19_phase_5_optimization.py] [info] 660,22.734161,4.860355,170.06,168.03,13.254379,5.306682,1410.0,11.34,20.94,-2.58,2.88,649290.0,2.24,-7.11,-8.54,-5.26,5.69,39.72,-1.58,0.88,-1.19,31.66385,2.041365e-05,34.57155,5,LightGBM+Transformer+Dense+VAE+LSTM
[LN1851   ] [chunk_19_phase_5_optimization.py] [info] 661,22.45315,3.8797064,115.91,118.08,13.11493,4.852655,941.0,46.19,43.82,43.2,76.4,478410.0,23.24,19.82,15.2,2.1,5.28,57.84,-3.4,1.04,1.87,24.33307,2.7413578e-05,30.435293,5,LightGBM+Transformer+Dense+VAE+LSTM
[LN1852   ] [chunk_19_phase_5_optimization.py] [info] 662,20.438992,2.004179,13.99,14.12,11.932156,3.421,5392.0,1.58,-50.23,23.42,39.94,213420.0,27.67,10.07,10.66,1.12,0.73,54.02,-4.85,0.71,0.93,4.127448,5.5909266e-05,7.0452785,5,LightGBM+Transformer+Dense+VAE+LSTM
[LN1853   ] [chunk_19_phase_5_optimization.py] [info] 663,21.69025,2.5408144,13.03,13.16,14.533149,3.2526975,5657.0,-30.66,-46.13,-14.48,-4.01,3490000.0,-17.9,-1.43,2.25,4.08,0.4,54.53,4.28,0.59,1.0,4.0458727,4.164226e-06,5.179442,5,LightGBM+Transformer+Dense+VAE+LSTM
[LN1854   ] [chunk_19_phase_5_optimization.py] [info] 664,23.172544,3.5316408,41.69,41.3,14.257543,3.769768,5657.0,13.71,2.28,8.12,2.3,1960000.0,11.32,5.25,9.26,2.36,0.8,60.79,-0.1,0.79,-0.94,10.955582,7.2742564e-06,11.694282,5,LightGBM+Transformer+Dense+VAE+LSTM
[LN1855   ] [chunk_19_phase_5_optimization.py] [info] 665,22.249323,3.5354369,73.5,73.99,13.490521,4.545951,4344.0,91.67,60.98,44.5,64.96,1090000.0,34.15,15.51,12.18,3.62,3.72,56.66,-2.3,0.66,0.66,16.276024,1.2376625e-05,20.928106,5,LightGBM+Transformer+Dense+VAE+LSTM
[LN1856   ] [chunk_19_phase_5_optimization.py] [info] 666,22.279303,4.9496813,199.213,199.333,11.744299,5.5748878,181.0,-0.85,4.78,-1.36,8.78,173830.0,1.39,-2.33,-0.54,-1.79,5.69,45.89,-1.46,0.73,-3.15,35.755516,6.756198e-05,40.271885,5,LightGBM+Transformer+Dense+VAE+LSTM
[LN1857   ] [chunk_19_phase_5_optimization.py] [info] 667,22.160728,3.4965076,33.36,33.39,14.668609,4.4026866,815.0,-55.68,-49.42,-43.38,-55.36,3360000.0,-39.0,-9.67,-8.67,-3.51,1.32,38.08,0.54,0.7,0.09,7.5840054,4.3656573e-06,9.549529,5,LightGBM+Transformer+Dense+VAE+LSTM
[LN1858   ] [chunk_19_phase_5_optimization.py] [info] 668,20.938377,2.4553063,19.88,19.91,9.2739725,3.189653,2233.0,48.52,35.91,24.86,54.96,46410.0,1.56,0.03,-0.15,0.01,0.07,54.56,0.25,0.23,0.15,6.2420583,0.00019982703,8.108969,5,LightGBM+Transformer+Dense+VAE+LSTM
[LN1859   ] [chunk_19_phase_5_optimization.py] [info] 669,23.17427,1.8594182,7.34,7.41,15.131702,2.213754,181.0,25.81,16.69,6.75,15.06,4600000.0,1.93,-3.98,-7.95,-3.78,0.12,37.96,-1.98,0.81,0.95,3.3472555,3.2895005e-06,3.9851177,5,LightGBM+Transformer+Dense+VAE+LSTM
[LN1860   ] [chunk_19_phase_5_optimization.py] [info] 670,22.14878,4.8739753,199.213,199.333,11.093599,5.5545473,4007.0,47.84,70.86,15.12,22.35,162770.0,9.49,3.84,8.76,-0.0,5.69,52.45,0.32,0.4,1.78,35.88645,6.815507e-05,40.89742,5,LightGBM+Transformer+Dense+VAE+LSTM
[LN1861   ] [chunk_19_phase_5_optimization.py] [info] 671,21.949978,2.3978953,11.34,11.42,13.816021,2.5595503,3647.0,1.24,-3.06,2.96,6.23,925680.0,6.43,1.84,1.24,0.46,0.09,57.05,-0.09,1.08,0.71,4.4617214,1.4925267e-05,4.76251,5,LightGBM+Transformer+Dense+VAE+LSTM
[LN1862   ] [chunk_19_phase_5_optimization.py] [info] 672,24.36976,4.9496813,199.213,199.333,12.398736,5.5748878,2440.0,33.57,21.62,11.87,28.46,367350.0,-1.91,0.54,0.27,0.73,5.69,52.81,3.32,0.66,1.79,35.755516,3.3751836e-05,40.271885,5,LightGBM+Transformer+Dense+VAE+LSTM
[LN1863   ] [chunk_19_phase_5_optimization.py] [info] 673,20.913887,2.3379521,10.53,10.53,12.528844,2.5360749,3731.0,-2.59,-8.03,-0.16,1.74,309710.0,6.58,1.22,0.77,-0.6,0.09,48.63,-1.13,0.89,0.0,4.1520853,4.045347e-05,4.5039415,5,LightGBM+Transformer+Dense+VAE+LSTM
[LN1864   ] [chunk_19_phase_5_optimization.py] [info] 674,24.625643,4.9496813,199.213,199.333,14.086631,5.5748878,1952.0,-15.34,-11.4,1.1,10.42,1970000.0,-2.07,2.32,1.89,0.02,5.69,52.83,0.53,0.67,-0.52,35.755516,7.150574e-06,40.271885,5,LightGBM+Transformer+Dense+VAE+LSTM
[LN1865   ] [chunk_19_phase_5_optimization.py] [info] 675,21.000898,1.8389611,6.62,6.65,13.554791,2.1575594,2095.0,-2.49,0.45,-5.76,-0.15,1320000.0,-10.38,-6.61,-5.0,-1.35,0.18,43.13,2.15,0.58,0.45,3.0821865,1.0268781e-05,3.6161723,5,LightGBM+Transformer+Dense+VAE+LSTM
[LN1866   ] [chunk_19_phase_5_optimization.py] [info] 676,24.208805,4.424727,87.88,87.46,14.015105,4.640634,181.0,-5.3,-15.23,-4.17,-5.04,2160000.0,-1.61,-3.35,-3.64,-2.91,1.83,41.45,1.43,0.57,-0.48,18.846563,6.488475e-06,19.766191,5,LightGBM+Transformer+Dense+VAE+LSTM
[LN1867   ] [chunk_19_phase_5_optimization.py] [info] 677,22.0042,1.541159,4.16,4.12,15.127675,2.2016592,1269.0,-40.8,-45.72,-19.7,-18.25,8240000.0,-19.53,-2.3,4.04,-0.65,0.17,47.16,-0.72,0.45,-0.96,1.871316,1.8358829e-06,2.6733127,5,LightGBM+Transformer+Dense+VAE+LSTM
[LN1868   ] [chunk_19_phase_5_optimization.py] [info] 678,22.803957,4.5771823,128.3,128.9,14.085347,5.041617,3381.0,8.2,-20.06,10.49,18.15,776910.0,6.62,-0.53,0.81,2.11,3.38,53.2,1.5,1.69,0.47,25.567194,1.812996e-05,28.16143,5,LightGBM+Transformer+Dense+VAE+LSTM
[LN1869   ] [chunk_19_phase_5_optimization.py] [info] 679,19.3675,1.1939225,7.27,7.3,10.343805,2.2396452,5284.0,115.5665,144.143,68.57,149.1765,54920.0,77.9365,20.27,24.79,5.46,0.54,60.54,-8.06,0.57,0.41,3.2594447,0.00018834314,6.1143,5,LightGBM+Transformer+Dense+VAE+LSTM
[LN1870   ] [chunk_19_phase_5_optimization.py] [info] 680,22.8274,2.339881,15.03,15.44,15.969002,2.982647,4065.0,21.48,18.31,23.71,36.4,8470000.0,26.77,19.59,25.32,2.38,1.03,55.07,-3.08,0.79,2.73,5.17661,1.8853603e-06,6.5986266,5,LightGBM+Transformer+Dense+VAE+LSTM
[LN1871   ] [chunk_19_phase_5_optimization.py] [info] 681,22.963976,3.516904,57.11,57.14,14.749927,4.475972,831.0,9.09,62.7,-10.49,-7.1,4040000.0,-3.97,-4.24,5.64,8.52,2.19,55.82,4.79,0.63,0.05,12.765942,3.6509718e-06,16.247244,5,LightGBM+Transformer+Dense+VAE+LSTM
[LN1872   ] [chunk_19_phase_5_optimization.py] [info] 682,24.013905,3.652734,47.29,46.52,15.838313,3.891616,1953.0,16.94,6.45,11.36,10.03,4110000.0,10.92,3.99,5.54,-0.08,0.74,56.17,-0.58,1.84,-1.63,11.953902,3.853604e-06,12.735666,5,LightGBM+Transformer+Dense+VAE+LSTM
[LN1873   ] [chunk_19_phase_5_optimization.py] [info] 683,15.468008,2.2126603,11.8,11.65,14.242751,2.6679225,2439.0,19.73,17.68,8.55,12.45,1830000.0,7.37,-0.4,2.73,3.35,0.27,55.15,3.37,0.84,-1.27,4.3666935,7.782924e-06,5.265155,5,LightGBM+Transformer+Dense+VAE+LSTM
[LN1874   ] [chunk_19_phase_5_optimization.py] [info] 684,22.184204,4.144087,101.81,102.46,11.006241,4.7643085,3939.0,49.27,50.81,8.67,13.66,86890.0,-4.68,-2.26,-1.26,-0.39,2.86,46.51,-0.19,0.69,0.64,21.505745,0.00012666867,24.724386,5,LightGBM+Transformer+Dense+VAE+LSTM
[LN1875   ] [chunk_19_phase_5_optimization.py] [info] 685,20.854294,4.9496813,199.213,199.333,9.349841,5.5748878,683.0,46.61,122.55,39.5,64.24,18750.0,16.67,15.01,17.35,7.78,5.69,72.45,4.67,0.61,2.32,35.755516,0.0004986582,40.271885,5,LightGBM+Transformer+Dense+VAE+LSTM
[LN1876   ] [chunk_19_phase_5_optimization.py] [info] 686,22.893461,1.7833912,11.05,11.2,15.969002,2.634045,1805.0,115.5665,94.78,51.55,64.71,8470000.0,75.27,9.34,6.77,-2.9,0.56,50.4,-11.95,0.69,1.36,4.2520156,1.8853603e-06,6.28017,5,LightGBM+Transformer+Dense+VAE+LSTM
[LN1877   ] [chunk_19_phase_5_optimization.py] [info] 687,16.528217,0.6931472,2.65,2.67,12.09074,2.751748,5657.0,-69.38,-82.8,0.14,61.81,8100000.0,56.14,-22.78,-26.7379,-15.82,0.58,37.39,-14.85,0.03,0.75,0.9702923,1.492684e-06,3.8519957,5,LightGBM+Transformer+Dense+VAE+LSTM
[LN1878   ] [chunk_19_phase_5_optimization.py] [info] 688,18.115921,1.1052568,4.43,4.53,11.867118,2.8616292,5394.0,32.07,-30.31,-26.99,-6.61,651830.0,-49.21,-16.35,-6.98,-10.34,0.45,37.3,-6.98,0.22,2.26,1.5830142,1.8205848e-05,4.0985947,5,LightGBM+Transformer+Dense+VAE+LSTM
[LN1879   ] [chunk_19_phase_5_optimization.py] [info] 689,24.625643,4.9496813,199.213,199.333,13.561434,5.5748878,4319.0,2.28,-7.71,4.06,4.25,830580.0,6.44,5.0,9.11,2.82,5.02,61.87,-0.15,0.93,-1.48,35.755516,1.6327667e-05,40.271885,5,LightGBM+Transformer+Dense+VAE+LSTM
[LN1880   ] [chunk_19_phase_5_optimization.py] [info] 690,22.400362,1.286474,3.84,3.87,13.736898,1.6193882,1757.0,34.37,39.71,11.92,12.5,501870.0,18.71,4.59,0.0,1.16,0.09,57.57,1.57,1.84,0.78,2.3897913,2.7371427e-05,3.0082223,5,LightGBM+Transformer+Dense+VAE+LSTM
[LN1881   ] [chunk_19_phase_5_optimization.py] [info] 691,23.09351,2.4915512,34.72,37.56,15.969002,4.0676584,4868.0,109.48,98.1,25.97,126.81,8470000.0,-27.31,-2.33,-5.32,-8.23,4.81,45.73,-14.85,1.18,6.21,9.233814,1.8853603e-06,15.074946,5,LightGBM+Transformer+Dense+VAE+LSTM
[LN1882   ] [chunk_19_phase_5_optimization.py] [info] 692,22.95328,4.9496813,199.213,199.333,10.740215,5.56195,4041.0,23.72,26.43,0.16,6.21,78820.0,-3.32,-9.75,-12.04,-4.61,5.67,34.21,-2.57,0.59,0.46,35.838688,0.00013626256,40.271885,5,LightGBM+Transformer+Dense+VAE+LSTM
[LN1883   ] [chunk_19_phase_5_optimization.py] [info] 693,23.129309,4.6101575,183.09,189.04,13.60124,5.3193445,2295.0,21.92,13.44,26.24,66.1,1070000.0,20.44,3.95,12.95,6.72,5.69,57.57,-1.87,0.76,3.25,35.53821,1.2711439e-05,41.005104,5,LightGBM+Transformer+Dense+VAE+LSTM
[LN1884   ] [chunk_19_phase_5_optimization.py] [info] 694,23.091639,4.9496813,199.213,199.333,12.437224,5.4447956,191.0,-0.77,8.85,3.92,9.52,375370.0,13.58,-1.07,-1.68,-1.78,3.96,46.8,1.87,0.67,0.67,36.60982,3.3133238e-05,40.271885,5,LightGBM+Transformer+Dense+VAE+LSTM
[LN1885   ] [chunk_19_phase_5_optimization.py] [info] 695,20.486124,0.42526773,1.71,1.76,15.969002,1.4516138,942.0,-14.15,77.8,68.57,120.0,8470000.0,77.9365,32.2465,40.09,17.61,0.24,60.94,5.39,0.86,3.23,1.2124437,1.8853603e-06,4.1385694,5,LightGBM+Transformer+Dense+VAE+LSTM
[LN1886   ] [chunk_19_phase_5_optimization.py] [info] 696,24.119785,3.868071,54.83,56.35,15.969002,4.1742334,5335.0,6.2,-4.36,2.42,15.0,4780000.0,-5.02,-3.27,-1.74,1.84,1.41,51.33,2.16,2.44,2.77,13.499485,3.3407953e-06,14.567985,5,LightGBM+Transformer+Dense+VAE+LSTM
[LN1887   ] [chunk_19_phase_5_optimization.py] [info] 697,21.949978,4.6707706,109.08,108.2,13.3477745,5.377637,3786.0,-28.86,-51.2,-21.99,-21.35,358220.0,-25.8,-9.29,-5.22,-1.39,3.18,36.1,-0.51,1.75,-0.81,20.120363,3.726139e-05,23.165342,5,LightGBM+Transformer+Dense+VAE+LSTM
[LN1888   ] [chunk_19_phase_5_optimization.py] [info] 698,23.403603,3.7469125,47.88,48.7,14.653999,4.053696,1798.0,3.24,6.22,-6.44,-2.7,2920000.0,-7.47,-6.01,-7.4,-1.76,1.28,42.51,3.13,0.79,1.71,12.013727,5.018493e-06,12.997368,5,LightGBM+Transformer+Dense+VAE+LSTM
[LN1889   ] [chunk_19_phase_5_optimization.py] [info] 699,21.745716,3.1018925,23.42,22.68,13.119626,3.437208,5471.0,-3.74,4.32,-9.12,-11.34,203840.0,-7.65,-4.23,-4.59,-2.93,0.62,41.08,0.13,2.44,-3.16,6.598379,6.436237e-05,7.3116655,5,LightGBM+Transformer+Dense+VAE+LSTM
[LN1890   ] [chunk_19_phase_5_optimization.py] [info] 700,20.237701,2.442347,11.57,11.57,10.892211,2.56418,3557.0,4.52,-3.26,3.64,5.66,124750.0,8.23,1.92,1.67,-0.17,0.09,55.66,0.0,0.43,0.0,4.512164,8.7312306e-05,4.7372465,5,LightGBM+Transformer+Dense+VAE+LSTM
[LN1891   ] [chunk_19_phase_5_optimization.py] [info] 701,20.4684,2.0806909,10.61,10.56,13.86761,2.5144656,1367.0,11.04,14.29,10.01,34.35,1730000.0,-4.69,-1.48,0.0,-0.39,0.06,40.38,-0.28,0.61,-0.47,4.1997,8.015959e-06,5.0752378,5,LightGBM+Transformer+Dense+VAE+LSTM
[LN1892   ] [chunk_19_phase_5_optimization.py] [info] 702,23.740759,4.502251,103.98,103.16,13.934733,4.7511735,5657.0,-2.34,-1.94,2.46,1.64,1460000.0,5.75,1.36,4.22,3.71,2.31,59.61,3.24,0.77,-0.79,21.71253,9.544338e-06,22.912983,5,LightGBM+Transformer+Dense+VAE+LSTM
[LN1893   ] [chunk_19_phase_5_optimization.py] [info] 703,20.188232,1.704748,79.29,81.29,11.057802,4.6634393,3442.0,115.5665,144.143,68.57,82.39,53680.0,77.9365,29.47,11.3,-7.98,5.69,52.06,-1.54,1.18,2.52,17.431341,0.00020599483,47.684464,5,LightGBM+Transformer+Dense+VAE+LSTM
[LN1894   ] [chunk_19_phase_5_optimization.py] [info] 704,21.167952,2.0412204,13.51,13.53,14.53894,2.8290873,5657.0,8.5,-16.38,26.58,62.23,1290000.0,56.42,10.26,9.55,7.27,0.63,62.56,6.96,1.59,0.15,4.782461,1.12704965e-05,6.628388,5,LightGBM+Transformer+Dense+VAE+LSTM
[LN1895   ] [chunk_19_phase_5_optimization.py] [info] 705,23.2247,1.7191888,18.98,18.98,15.969002,3.203153,1017.0,115.5665,144.143,68.57,149.1765,8470000.0,77.9365,14.63,8.96,-4.67,1.44,50.09,-14.85,0.85,0.0,5.9254117,1.8853603e-06,11.040091,5,LightGBM+Transformer+Dense+VAE+LSTM
[LN1896   ] [chunk_19_phase_5_optimization.py] [info] 706,22.579563,1.5789787,13.89,13.32,15.969002,2.933857,5415.0,99.1,58.01,68.15,149.1765,8470000.0,49.49,5.79,-2.63,-6.2,1.27,47.05,-14.85,0.8,-4.1,4.5400987,1.8853603e-06,8.435833,5,LightGBM+Transformer+Dense+VAE+LSTM
[LN1897   ] [chunk_19_phase_5_optimization.py] [info] 707,21.25976,2.3075726,12.86,12.71,13.715061,2.9724636,3732.0,-18.32,34.78,-6.4,7.44,1350000.0,-17.47,-17.23,-21.49,-8.14,0.73,31.88,-2.68,0.67,-1.17,4.275914,1.0159305e-05,5.507952,5,LightGBM+Transformer+Dense+VAE+LSTM
[LN1898   ] [chunk_19_phase_5_optimization.py] [info] 708,23.842983,4.9496813,199.213,199.333,11.242494,5.5748878,1825.0,89.16,128.6,18.59,29.04,121390.0,7.8,-0.53,-0.48,-2.91,5.69,46.33,-0.71,0.63,2.13,35.755516,9.261466e-05,40.271885,5,LightGBM+Transformer+Dense+VAE+LSTM
[LN1899   ] [chunk_19_phase_5_optimization.py] [info] 709,24.625643,4.522549,96.11,95.96,14.021048,4.752728,1213.0,-5.47,-14.52,-3.41,-1.71,1720000.0,0.09,1.16,4.13,0.58,1.66,53.28,1.37,0.71,-0.16,20.19051,8.151772e-06,21.218122,5,LightGBM+Transformer+Dense+VAE+LSTM
[LN1900   ] [chunk_19_phase_5_optimization.py] [info] 710,18.227823,0.8329091,2.36,2.34,9.136371,1.5644405,4774.0,-9.85,1.74,10.47,45.94,37450.0,11.72,-16.48,-16.61,-9.81,0.17,34.73,-5.08,0.25,-1.06,1.4957423,0.00024396184,2.8094301,5,LightGBM+Transformer+Dense+VAE+LSTM
[LN1901   ] [chunk_19_phase_5_optimization.py] [info] 711,23.453077,2.7930038,35.25,36.29,15.967504,3.8699503,5395.0,61.5,65.94,28.61,62.66,8470000.0,10.74,-9.45,-18.36,-3.33,2.11,43.77,4.52,0.73,2.95,9.377381,1.8851835e-06,12.993179,5,LightGBM+Transformer+Dense+VAE+LSTM
[LN1902   ] [chunk_19_phase_5_optimization.py] [info] 712,23.46797,4.1855555,109.55,111.7,13.029281,4.7530727,3166.0,35.64,21.66,19.33,44.78,591070.0,15.43,4.15,2.67,2.04,2.29,57.66,2.85,0.77,1.96,23.500587,2.2043549e-05,26.68702,5,LightGBM+Transformer+Dense+VAE+LSTM
[LN1903   ] [chunk_19_phase_5_optimization.py] [info] 713,20.188353,0.6151856,1.84,1.95,15.969002,1.3137237,4042.0,6.56,5.98,43.27,71.05,7340000.0,26.62,32.2465,40.09,17.61,0.14,66.74,10.8,1.24,5.98,1.4843304,2.1756134e-06,3.1697748,5,LightGBM+Transformer+Dense+VAE+LSTM
[LN1904   ] [chunk_19_phase_5_optimization.py] [info] 714,21.18069,3.8163927,87.68,87.76,12.021711,4.6611724,5285.0,46.02,104.33,16.47,48.29,388110.0,12.1,-8.73,-9.52,-3.41,3.97,40.43,-3.04,0.43,0.09,18.82788,3.097501e-05,22.995537,5,LightGBM+Transformer+Dense+VAE+LSTM
[LN1905   ] [chunk_19_phase_5_optimization.py] [info] 715,20.490652,0.97077894,2.15,2.19,15.842838,2.6034303,2760.0,-70.41,-77.92,-30.42,-34.82,8470000.0,-30.03,-4.04,3.3,-0.7,0.14,48.4,-2.23,0.51,1.86,0.8411979,1.870465e-06,2.2559204,5,LightGBM+Transformer+Dense+VAE+LSTM
[LN1906   ] [chunk_19_phase_5_optimization.py] [info] 716,24.625643,4.1386805,82.84,83.25,15.543071,4.474378,3649.0,16.12,-0.93,15.5,25.47,8470000.0,15.87,8.87,12.76,1.52,1.69,62.99,-2.12,0.57,0.49,18.605938,1.8350732e-06,20.115107,5,LightGBM+Transformer+Dense+VAE+LSTM
[LN1907   ] [chunk_19_phase_5_optimization.py] [info] 717,20.190996,2.0856721,13.34,13.48,11.021347,2.9533465,5529.0,47.32,0.0,21.82,84.91,138280.0,-4.6,1.14,0.3,4.2,0.67,55.51,3.14,0.44,1.05,4.5643134,7.970312e-05,6.4631443,5,LightGBM+Transformer+Dense+VAE+LSTM
[LN1908   ] [chunk_19_phase_5_optimization.py] [info] 718,16.735981,0.31481075,0.7,0.7,15.969002,1.1314021,181.0,-83.68,-85.7779,-66.81,-65.2279,8470000.0,-49.21,-27.52,-26.7379,-15.82,0.04,40.2,-14.85,0.84,-3.45,0.61870134,1.8853603e-06,2.2235582,5,LightGBM+Transformer+Dense+VAE+LSTM
[LN1909   ] [chunk_19_phase_5_optimization.py] [info] 719,23.924385,4.7669487,199.213,199.333,14.333929,5.5176134,2101.0,29.94,16.69,34.11,67.84,2610000.0,23.57,6.96,4.49,0.15,5.69,54.49,-3.7,0.64,2.53,36.12667,5.491927e-06,41.815636,5,LightGBM+Transformer+Dense+VAE+LSTM
[LN1910   ] [chunk_19_phase_5_optimization.py] [info] 720,23.73782,4.9496813,199.213,199.333,12.916053,5.5748878,4532.0,45.59,65.22,24.36,52.75,626460.0,12.76,8.18,7.78,4.37,5.69,64.52,4.06,0.65,1.26,35.755516,2.0617521e-05,40.271885,5,LightGBM+Transformer+Dense+VAE+LSTM
[LN1911   ] [chunk_19_phase_5_optimization.py] [info] 721,23.260923,4.9496813,199.213,199.333,12.570671,5.5748878,736.0,44.43,14.54,29.55,48.69,363700.0,17.11,7.06,14.28,7.07,5.69,65.88,3.42,0.79,1.38,35.755516,3.4563294e-05,40.271885,5,LightGBM+Transformer+Dense+VAE+LSTM
[LN1912   ] [chunk_19_phase_5_optimization.py] [info] 722,23.890005,2.304583,94.37,101.42,15.919613,4.8422165,640.0,115.5665,144.143,68.57,149.1765,8470000.0,77.9365,32.2465,40.09,6.34,5.69,58.8,-11.88,0.61,6.21,20.944952,1.8795292e-06,44.00796,5,LightGBM+Transformer+Dense+VAE+LSTM
[LN1913   ] [chunk_19_phase_5_optimization.py] [info] 723,23.210669,3.5893354,36.6,36.31,14.855666,3.8632529,5413.0,-16.36,-17.08,-10.59,-12.65,2480000.0,-10.15,-3.26,-2.05,-0.18,0.63,44.04,1.11,1.14,-0.79,9.398815,5.990188e-06,10.116079,5,LightGBM+Transformer+Dense+VAE+LSTM
[LN1914   ] [chunk_19_phase_5_optimization.py] [info] 724,16.355537,0.97077894,4.02,4.2,11.1297455,2.442347,1737.0,57.89,85.02,60.06,111.06,707560.0,77.9365,32.2465,40.09,17.61,0.8,58.55,-14.85,0.1,4.48,1.7196573,1.5729755e-05,4.3264227,5,LightGBM+Transformer+Dense+VAE+LSTM
[LN1915   ] [chunk_19_phase_5_optimization.py] [info] 725,24.625643,3.5621817,51.14,51.85,15.296492,4.0991664,864.0,42.76,51.39,11.01,22.14,4480000.0,-0.77,-4.6,-1.01,0.45,0.81,46.94,1.39,0.98,1.39,12.648913,3.4143955e-06,14.555686,5,LightGBM+Transformer+Dense+VAE+LSTM
[LN1916   ] [chunk_19_phase_5_optimization.py] [info] 726,19.679567,2.4239173,40.61,37.5,11.743196,4.354013,3001.0,-1.5,-50.57,58.55,115.02,222410.0,77.9365,8.39,-2.67,-15.82,5.35,45.26,-14.85,0.57,-7.17,8.612744,5.2799765e-05,15.470824,5,LightGBM+Transformer+Dense+VAE+LSTM
[LN1917   ] [chunk_19_phase_5_optimization.py] [info] 727,16.317766,0.37843645,1.49,1.5,11.756554,2.138889,350.0,-46.43,-11.76,16.17,50.0,6690000.0,-17.13,-20.92,-15.25,-15.82,0.22,40.19,-1.32,0.03,0.67,0.70129865,1.7573324e-06,3.9636774,5,LightGBM+Transformer+Dense+VAE+LSTM
[LN1918   ] [chunk_19_phase_5_optimization.py] [info] 728,17.667358,1.1151416,4.75,4.73,10.506764,1.9810015,5287.0,29.59,18.25,25.18,98.32,61100.0,14.25,-10.44,-8.95,-8.89,0.29,35.86,-5.4,0.6,-0.42,2.3876812,0.00017196014,4.241614,5,LightGBM+Transformer+Dense+VAE+LSTM
[LN1919   ] [chunk_19_phase_5_optimization.py] [info] 729,15.61887,1.011601,3.68,3.68,10.528998,2.0693913,4895.0,36.8,23.91,11.25,-4.66,1240000.0,7.6,-15.75,-9.8,-8.03,0.25,38.56,-9.85,0.03,0.0,1.7783008,8.491127e-06,3.637798,5,LightGBM+Transformer+Dense+VAE+LSTM
[LN1920   ] [chunk_19_phase_5_optimization.py] [info] 730,21.647524,1.6351056,8.1,8.21,15.969002,2.3804717,2103.0,91.38,55.49,27.59,33.93,8470000.0,20.38,-0.11,-2.49,-7.37,0.48,44.21,-13.67,0.54,1.36,3.4488964,1.8853603e-06,5.0210824,5,LightGBM+Transformer+Dense+VAE+LSTM
[LN1921   ] [chunk_19_phase_5_optimization.py] [info] 731,22.287706,3.7445507,44.59,44.64,13.798768,4.0799074,4836.0,-14.24,-13.12,-11.6,-13.64,1180000.0,-19.89,1.15,5.81,3.45,0.89,59.05,2.6,0.83,0.11,10.941424,1.1693872e-05,11.921324,5,LightGBM+Transformer+Dense+VAE+LSTM
[LN1922   ] [chunk_19_phase_5_optimization.py] [info] 732,22.29604,1.6311994,17.91,17.91,14.716855,3.255015,4261.0,24.81,0.0,23.77,136.59,7600000.0,18.37,-1.69,-17.31,-15.82,1.57,40.76,-12.27,0.32,0.0,5.502279,1.9364284e-06,10.9796505,5,LightGBM+Transformer+Dense+VAE+LSTM
[LN1923   ] [chunk_19_phase_5_optimization.py] [info] 733,24.625643,4.815107,156.05,156.66,14.03533,5.0732346,4580.0,3.56,6.36,10.72,11.96,2650000.0,13.25,4.15,4.84,1.89,2.79,59.64,0.93,0.47,0.39,30.87971,5.2963505e-06,32.535103,5,LightGBM+Transformer+Dense+VAE+LSTM
[LN1924   ] [chunk_19_phase_5_optimization.py] [info] 734,18.862028,0.6678294,1.3,1.34,9.7290745,2.179287,5093.0,-67.03,-75.35,-39.6,-15.19,299320.0,-15.72,-15.56,-14.65,-11.21,0.13,35.61,-5.63,0.06,2.68,0.61488,3.2503925e-05,2.0065005,5,LightGBM+Transformer+Dense+VAE+LSTM
[LN1925   ] [chunk_19_phase_5_optimization.py] [info] 735,21.723898,1.1755733,4.51,4.61,15.555589,1.9796212,584.0,21.96,78.68,11.38,36.39,8470000.0,17.9,9.46,7.96,-1.19,0.22,54.56,1.99,0.59,2.22,2.3287284,1.8365512e-06,3.9214907,5,LightGBM+Transformer+Dense+VAE+LSTM
[LN1926   ] [chunk_19_phase_5_optimization.py] [info] 736,24.625643,4.9496813,199.213,199.333,15.969002,5.5748878,3524.0,-1.62,30.07,-18.24,-18.67,8470000.0,-29.8,-13.33,-11.87,-9.48,5.69,38.55,0.38,0.78,1.46,35.755516,1.8853603e-06,40.271885,5,LightGBM+Transformer+Dense+VAE+LSTM
[LN1927   ] [chunk_19_phase_5_optimization.py] [info] 737,24.625643,2.4114394,15.04,14.93,14.773927,2.8472323,3556.0,27.39,39.66,8.76,21.88,3330000.0,1.77,-3.43,-6.34,-2.57,0.28,43.04,-1.19,0.78,-0.73,5.2436886,4.4366147e-06,6.191323,5,LightGBM+Transformer+Dense+VAE+LSTM
[LN1928   ] [chunk_19_phase_5_optimization.py] [info] 738,20.913887,1.141033,4.38,4.34,12.298606,1.7227666,5229.0,10.71,14.21,24.1,72.91,1170000.0,5.85,0.33,-3.56,-2.94,0.04,36.03,-3.56,0.19,-0.91,2.5192037,1.051163e-05,3.803571,5,LightGBM+Transformer+Dense+VAE+LSTM
[LN1929   ] [chunk_19_phase_5_optimization.py] [info] 739,23.464106,4.2394543,81.23,80.33,15.009641,4.6821313,3940.0,-6.64,-22.47,3.67,5.19,3660000.0,5.03,3.35,4.23,2.39,2.04,57.34,4.04,0.9,-1.11,17.156717,4.100995e-06,18.948193,5,LightGBM+Transformer+Dense+VAE+LSTM
[LN1930   ] [chunk_19_phase_5_optimization.py] [info] 740,23.9329,2.8741295,104.28,98.62,15.969002,4.956531,3616.0,115.5665,144.143,68.57,149.1765,8470000.0,77.9365,3.45,-8.52,-15.82,5.69,40.59,-14.85,1.58,-5.43,19.89698,1.8853603e-06,34.313,5,LightGBM+Transformer+Dense+VAE+LSTM
[LN1931   ] [chunk_19_phase_5_optimization.py] [info] 741,22.409664,4.8186674,186.42,186.45,12.0255995,5.3415685,3005.0,19.02,4.17,18.47,10.25,350860.0,26.31,13.46,15.09,1.04,5.69,58.43,-1.0,0.48,0.02,34.90548,3.427464e-05,38.69327,5,LightGBM+Transformer+Dense+VAE+LSTM
[LN1932   ] [chunk_19_phase_5_optimization.py] [info] 742,23.770641,4.9496813,197.38,196.1,13.834033,5.51359,4667.0,-3.78,-19.46,-9.39,-12.0,1120000.0,-16.17,-2.03,0.45,1.69,3.93,50.58,-0.67,0.91,-0.65,35.56666,1.2351815e-05,39.61871,5,LightGBM+Transformer+Dense+VAE+LSTM
[LN1933   ] [chunk_19_phase_5_optimization.py] [info] 743,21.488733,3.4578927,35.98,35.17,13.588294,3.9928653,2565.0,-21.07,-18.78,-4.03,5.11,630550.0,-2.58,-1.9,1.56,0.46,1.2,48.28,-4.06,1.26,-2.25,8.80821,2.1549908e-05,10.170935,5,LightGBM+Transformer+Dense+VAE+LSTM
[LN1934   ] [chunk_19_phase_5_optimization.py] [info] 744,19.648214,2.0333977,6.95,7.01,12.383981,2.989211,5657.0,-47.88,-45.28,-30.44,-9.31,678970.0,-35.09,-13.29,-12.92,-6.51,0.4,35.73,-0.99,0.35,0.86,2.3451004,1.8239363e-05,3.447432,5,LightGBM+Transformer+Dense+VAE+LSTM
[LN1935   ] [chunk_19_phase_5_optimization.py] [info] 745,22.657682,1.1631508,5.21,5.23,15.969002,1.9373018,863.0,114.34,53.37,49.67,66.03,8470000.0,50.72,12.67,7.84,-0.53,0.26,53.41,-11.95,0.86,0.38,2.699631,1.8853603e-06,4.4964075,5,LightGBM+Transformer+Dense+VAE+LSTM
[LN1936   ] [chunk_19_phase_5_optimization.py] [info] 746,20.94641,2.8859174,18.96,19.02,10.880309,3.145875,4946.0,10.58,3.09,-1.76,-8.07,116940.0,2.37,2.55,2.04,2.23,0.32,60.25,2.98,0.45,0.32,6.046013,9.30418e-05,6.5906253,5,LightGBM+Transformer+Dense+VAE+LSTM
[LN1937   ] [chunk_19_phase_5_optimization.py] [info] 747,20.88027,1.0188473,6.48,6.76,14.22937,2.1029139,4533.0,64.08,5.13,68.57,111.91,1910000.0,77.9365,32.2465,40.09,11.06,0.42,64.28,3.84,0.79,4.32,3.2145872,7.4499317e-06,6.6349487,5,LightGBM+Transformer+Dense+VAE+LSTM
[LN1938   ] [chunk_19_phase_5_optimization.py] [info] 748,24.625643,4.9496813,199.213,199.333,14.049912,5.5748878,5468.0,29.79,9.82,18.44,41.24,509220.0,2.73,-4.31,-2.3,-6.5,5.69,38.39,-9.08,2.44,-7.17,35.755516,2.7591046e-05,40.271885,5,LightGBM+Transformer+Dense+VAE+LSTM
[LN1939   ] [chunk_19_phase_5_optimization.py] [info] 749,24.625643,4.4668274,121.46,120.74,15.341564,4.833182,2246.0,30.71,39.92,10.81,13.74,6950000.0,3.91,4.5,6.22,3.3,3.02,59.59,2.45,0.66,-0.59,24.981472,2.2074194e-06,27.03037,5,LightGBM+Transformer+Dense+VAE+LSTM
[LN1940   ] [chunk_19_phase_5_optimization.py] [info] 750,24.213694,4.9496813,199.213,199.333,13.859627,5.5748878,5609.0,-14.76,-12.42,-17.52,-18.54,1190000.0,-21.2,-7.54,-3.36,-3.13,5.18,36.54,2.5,0.88,-1.13,35.755516,1.1646745e-05,40.271885,5,LightGBM+Transformer+Dense+VAE+LSTM
[LN1941   ] [chunk_19_phase_5_optimization.py] [info] 751,24.625643,2.5517862,16.07,15.91,14.564412,2.9156063,4860.0,9.8,24.59,4.07,15.37,2010000.0,-1.97,-3.38,-5.97,-1.25,0.28,45.46,0.82,1.05,-1.0,5.456841,7.245976e-06,6.2348485,5,LightGBM+Transformer+Dense+VAE+LSTM
[LN1942   ] [chunk_19_phase_5_optimization.py] [info] 752,21.484072,2.6232183,18.24,18.37,12.931416,3.092405,4953.0,12.08,35.57,5.11,10.66,872130.0,-7.18,0.2,4.43,0.79,0.53,51.77,3.49,0.47,0.71,5.94036,1.4827395e-05,7.0028486,5,LightGBM+Transformer+Dense+VAE+LSTM
[LN1943   ] [chunk_19_phase_5_optimization.py] [info] 753,21.122042,2.7047112,16.86,16.91,13.6466,2.9486406,1724.0,10.74,0.18,4.0,8.19,1080000.0,6.15,0.2,1.26,0.8,0.16,55.85,1.02,0.78,0.3,5.734846,1.263574e-05,6.2520537,5,LightGBM+Transformer+Dense+VAE+LSTM
[LN1944   ] [chunk_19_phase_5_optimization.py] [info] 754,19.160807,0.604316,3.49,3.38,12.898107,1.8547343,4370.0,115.5665,-8.15,68.57,149.1765,719570.0,77.9365,32.2465,40.09,12.46,0.3,61.65,0.9,0.56,-3.15,1.8223635,1.7924742e-05,5.5931005,5,LightGBM+Transformer+Dense+VAE+LSTM
[LN1945   ] [chunk_19_phase_5_optimization.py] [info] 755,24.625643,4.9496813,199.213,199.333,14.691949,5.5748878,181.0,-20.37,-28.85,-8.17,-1.88,4310000.0,-4.48,0.72,0.24,2.28,5.69,55.11,7.56,0.56,0.01,35.755516,3.408805e-06,40.271885,5,LightGBM+Transformer+Dense+VAE+LSTM
[LN1946   ] [chunk_19_phase_5_optimization.py] [info] 756,21.385954,3.6643305,47.06,47.31,12.198927,3.8862948,3853.0,19.59,16.84,13.72,7.6,245740.0,15.79,9.93,8.51,5.04,0.72,72.45,4.14,0.81,0.53,12.173549,4.9641603e-05,12.910953,5,LightGBM+Transformer+Dense+VAE+LSTM
[LN1947   ] [chunk_19_phase_5_optimization.py] [info] 757,18.564434,0.87129337,2.37,2.45,12.996065,1.5706971,5657.0,-22.35,16.67,19.62,62.25,1640000.0,25.64,25.93,28.27,14.09,0.3,58.23,-6.13,0.27,3.38,1.559817,7.92443e-06,2.8119116,5,LightGBM+Transformer+Dense+VAE+LSTM
[LN1948   ] [chunk_19_phase_5_optimization.py] [info] 758,23.03382,3.1574259,27.78,27.53,15.85715,3.5278301,2765.0,-1.75,-12.93,6.38,9.77,6070000.0,5.68,3.55,4.68,2.69,0.72,58.05,4.52,1.27,-0.9,7.8036637,2.6123805e-06,8.719128,5,LightGBM+Transformer+Dense+VAE+LSTM
[LN1949   ] [chunk_19_phase_5_optimization.py] [info] 759,24.625643,4.9496813,199.213,199.333,14.616698,5.5748878,4579.0,-7.67,-13.8,-12.66,-14.24,821520.0,-14.75,-6.55,-5.09,-4.95,5.69,33.84,-4.02,2.44,-5.7,35.755516,1.7792261e-05,40.271885,5,LightGBM+Transformer+Dense+VAE+LSTM
[LN1950   ] [chunk_19_phase_5_optimization.py] [info] 760,20.638578,1.4632554,44.26,47.37,14.021594,4.933322,3650.0,115.5665,144.143,68.57,149.1765,1600000.0,38.06,-14.09,5.6,0.66,5.69,49.1,2.22,0.77,6.21,9.602049,8.763496e-06,32.373024,5,LightGBM+Transformer+Dense+VAE+LSTM
[LN1951   ] [chunk_19_phase_5_optimization.py] [info] 761,19.817371,2.089392,19.61,19.46,11.667421,3.0750055,286.0,100.62,69.22,48.56,74.06,76540.0,26.49,16.89,26.04,4.26,0.86,63.22,-3.04,1.52,-0.79,6.328444,0.00015243562,9.313715,5,LightGBM+Transformer+Dense+VAE+LSTM
[LN1952   ] [chunk_19_phase_5_optimization.py] [info] 762,20.512384,1.7800242,5.67,5.69,15.791222,2.0347056,189.0,-6.32,-0.52,-4.1,2.55,2670000.0,-8.22,2.51,3.35,2.14,0.13,57.41,2.52,2.44,0.35,2.7964733,5.9143154e-06,3.1965857,5,LightGBM+Transformer+Dense+VAE+LSTM
[LN1953   ] [chunk_19_phase_5_optimization.py] [info] 763,22.21392,2.1090004,9.3,9.42,14.482439,2.5486636,669.0,3.97,1.73,-0.84,5.49,2810000.0,-4.17,-2.3,-0.95,2.15,0.23,52.09,3.52,0.69,1.29,3.6960547,5.1538927e-06,4.466571,5,LightGBM+Transformer+Dense+VAE+LSTM
[LN1954   ] [chunk_19_phase_5_optimization.py] [info] 764,18.86029,1.6193882,9.84,9.5,11.096986,2.6115394,1731.0,86.27,92.31,14.61,87.38,97110.0,-3.94,-12.13,-14.03,-9.11,0.58,37.19,-5.47,0.68,-3.46,3.6377013,0.00011427233,5.8664126,5,LightGBM+Transformer+Dense+VAE+LSTM
[LN1955   ] [chunk_19_phase_5_optimization.py] [info] 765,23.34285,4.6405373,122.57,124.2,13.998712,5.274844,738.0,-13.1,-32.81,-4.74,2.72,1980000.0,-8.98,-5.61,4.15,-0.3,4.8,46.81,1.02,0.61,1.33,23.54572,7.0700567e-06,26.764141,5,LightGBM+Transformer+Dense+VAE+LSTM
[LN1956   ] [chunk_19_phase_5_optimization.py] [info] 766,21.19327,1.3217559,52.11,59.64,12.10987,4.350278,5066.0,115.5665,144.143,68.57,149.1765,359970.0,77.9365,8.28,8.61,-6.25,5.69,50.16,-3.28,0.5,6.21,13.709469,3.3641332e-05,45.1218,5,LightGBM+Transformer+Dense+VAE+LSTM
[LN1957   ] [chunk_19_phase_5_optimization.py] [info] 767,23.964685,3.8811514,49.18,47.93,15.384539,4.248924,2249.0,-24.84,-30.3,-11.9,-15.0,5770000.0,-6.15,-3.34,-6.22,-2.78,0.99,41.51,0.46,0.83,-2.54,11.280503,2.6662979e-06,12.349428,5,LightGBM+Transformer+Dense+VAE+LSTM
[LN1958   ] [chunk_19_phase_5_optimization.py] [info] 768,24.625643,4.9496813,199.213,199.333,13.383701,5.5748878,3744.0,29.08,14.37,16.01,30.81,755980.0,6.32,1.98,3.32,-0.75,5.69,52.14,1.13,0.86,1.55,35.755516,1.7703776e-05,40.271885,5,LightGBM+Transformer+Dense+VAE+LSTM
[LN1959   ] [chunk_19_phase_5_optimization.py] [info] 769,22.761885,3.2355363,29.27,29.35,14.887456,3.5360196,1474.0,-2.3,10.05,2.34,3.49,3260000.0,5.69,-0.89,-6.41,-0.1,0.72,49.16,3.42,0.9,0.27,8.300293,4.5667043e-06,9.071139,5,LightGBM+Transformer+Dense+VAE+LSTM
[LN1960   ] [chunk_19_phase_5_optimization.py] [info] 770,23.418568,3.476923,89.1,85.27,15.908613,4.6570034,5177.0,115.5665,72.82,34.5,72.09,8470000.0,34.62,2.17,1.36,-4.78,5.69,46.54,-7.22,0.85,-4.3,18.310059,1.8782306e-06,24.524557,5,LightGBM+Transformer+Dense+VAE+LSTM
[LN1961   ] [chunk_19_phase_5_optimization.py] [info] 771,24.625643,3.6338952,87.01,88.91,15.969002,4.600961,3651.0,115.5665,54.44,50.62,59.62,8470000.0,35.22,10.08,6.52,0.62,3.77,53.91,-9.52,1.3,2.18,19.324223,1.8853603e-06,24.46686,5,LightGBM+Transformer+Dense+VAE+LSTM
[LN1962   ] [chunk_19_phase_5_optimization.py] [info] 772,21.987392,2.70538,18.74,18.73,13.632335,2.989211,782.0,18.1,1.9,12.35,17.5,1600000.0,17.95,2.54,3.71,1.71,0.28,59.82,0.92,0.52,-0.05,6.265867,8.520209e-06,6.923242,5,LightGBM+Transformer+Dense+VAE+LSTM
[LN1963   ] [chunk_19_phase_5_optimization.py] [info] 773,15.468008,2.5463152,13.0,12.91,11.738395,2.748552,4500.0,-3.66,-10.1,-1.29,3.12,70560.0,3.03,0.15,-0.77,-1.0,0.14,45.48,-0.54,1.78,-0.69,4.697018,0.00016636046,5.070071,5,LightGBM+Transformer+Dense+VAE+LSTM
[LN1964   ] [chunk_19_phase_5_optimization.py] [info] 774,21.115309,2.8027542,20.01,20.01,15.963491,3.2665224,3418.0,-3.1,-5.35,9.62,20.4,838280.0,19.75,0.4,0.4,0.17,0.06,63.58,-0.35,2.44,0.0,6.1257806,1.904315e-05,7.139406,5,LightGBM+Transformer+Dense+VAE+LSTM
[LN1965   ] [chunk_19_phase_5_optimization.py] [info] 775,22.602732,4.0347714,90.88,90.89,12.598412,4.6145263,3823.0,16.11,-10.16,16.89,22.86,456350.0,11.64,11.21,14.27,3.55,4.01,56.75,0.52,0.65,0.01,19.696497,2.7606908e-05,22.526678,5,LightGBM+Transformer+Dense+VAE+LSTM
[LN1966   ] [chunk_19_phase_5_optimization.py] [info] 776,24.156609,3.9702919,96.27,95.68,15.739486,4.762174,5398.0,-1.46,29.3,7.69,38.57,5750000.0,5.02,-5.9,-5.63,-2.53,4.22,43.02,-2.56,1.19,-0.61,20.091663,2.7373019e-06,24.098984,5,LightGBM+Transformer+Dense+VAE+LSTM
[LN1967   ] [chunk_19_phase_5_optimization.py] [info] 777,23.415863,4.4550447,131.25,125.45,14.120299,5.0875964,5657.0,-4.35,14.33,1.57,20.95,1210000.0,-9.3,-4.07,-3.58,-3.87,5.18,42.5,-4.3,1.12,-4.42,24.65801,1.1669668e-05,28.159088,5,LightGBM+Transformer+Dense+VAE+LSTM
[LN1968   ] [chunk_19_phase_5_optimization.py] [info] 778,24.625643,4.9496813,199.213,199.333,15.969002,5.5748878,3513.0,23.5,24.3,13.7,34.41,8470000.0,1.33,1.72,2.04,0.6,5.69,56.6,1.75,0.69,0.0,35.755516,1.8853603e-06,40.271885,5,LightGBM+Transformer+Dense+VAE+LSTM
[LN1969   ] [chunk_19_phase_5_optimization.py] [info] 779,20.067646,2.4857397,12.54,12.59,11.1629,2.6261168,3865.0,3.45,-2.18,7.29,11.32,154520.0,13.42,4.33,2.27,0.29,0.12,59.15,-0.32,0.46,0.4,4.794151,7.224243e-05,5.064891,5,LightGBM+Transformer+Dense+VAE+LSTM
[LN1970   ] [chunk_19_phase_5_optimization.py] [info] 780,21.217962,2.903617,27.8,28.03,12.754579,3.440418,5222.0,15.11,44.63,23.38,50.7,445030.0,34.11,1.24,-2.2,1.76,0.73,55.19,3.01,0.78,0.83,8.147265,2.8660043e-05,9.653477,5,LightGBM+Transformer+Dense+VAE+LSTM
[LN1971   ] [chunk_19_phase_5_optimization.py] [info] 781,21.602892,3.2063982,43.1,43.1,12.481858,3.7882721,4952.0,62.69,15.71,36.75,55.82,1020000.0,49.34,0.34,0.35,0.15,0.13,71.53,0.19,0.26,0.0,11.377218,1.2237116e-05,13.441874,5,LightGBM+Transformer+Dense+VAE+LSTM
[LN1972   ] [chunk_19_phase_5_optimization.py] [info] 782,24.625643,4.9496813,188.11,186.53,14.333891,5.53335,639.0,-17.78,-22.45,-6.06,-8.76,1950000.0,0.65,-1.92,0.26,-1.22,3.93,46.01,0.68,0.86,-0.84,33.71014,7.3507135e-06,37.685253,5,LightGBM+Transformer+Dense+VAE+LSTM
[LN1973   ] [chunk_19_phase_5_optimization.py] [info] 783,20.502308,1.4861397,17.66,17.33,13.223827,3.1228054,5467.0,62.72,38.42,31.12,71.41,1150000.0,-8.55,-5.88,-3.67,-0.9,0.99,47.48,2.36,0.48,-1.87,5.549497,1.1498981e-05,11.661084,5,LightGBM+Transformer+Dense+VAE+LSTM
[LN1974   ] [chunk_19_phase_5_optimization.py] [info] 784,21.322102,1.9516082,16.67,16.2,15.174099,3.1086144,3008.0,15.38,-22.67,43.76,130.44,7970000.0,26.66,3.34,-5.37,2.35,0.86,53.04,2.73,0.49,-2.82,5.211325,1.903902e-06,8.300846,5,LightGBM+Transformer+Dense+VAE+LSTM
[LN1975   ] [chunk_19_phase_5_optimization.py] [info] 785,20.05096,1.7065647,9.62,9.64,12.105634,2.4731715,1146.0,21.26,-14.84,34.88,66.21,233960.0,44.31,12.82,3.54,0.71,0.12,71.77,-0.41,0.77,0.21,3.8978293,5.174232e-05,5.648775,5,LightGBM+Transformer+Dense+VAE+LSTM
[LN1976   ] [chunk_19_phase_5_optimization.py] [info] 786,23.140072,4.9496813,199.213,199.333,13.928885,5.5748878,4262.0,-11.92,-16.34,-5.03,4.02,529250.0,-7.57,-3.6,-3.35,-0.01,5.69,47.59,3.49,2.12,0.91,35.755516,2.631816e-05,40.271885,5,LightGBM+Transformer+Dense+VAE+LSTM
[LN1977   ] [chunk_19_phase_5_optimization.py] [info] 787,21.705345,4.6634393,199.213,199.333,11.825295,5.3127627,2426.0,77.1,78.2,36.58,44.4,159630.0,49.22,14.54,14.77,6.87,5.69,65.89,8.42,0.86,2.68,37.519653,7.4079406e-05,42.74378,5,LightGBM+Transformer+Dense+VAE+LSTM
[LN1978   ] [chunk_19_phase_5_optimization.py] [info] 788,24.625643,4.9496813,199.213,199.333,12.8362,5.5748878,1799.0,-11.77,-5.46,-0.6,1.8,455520.0,3.81,5.31,5.34,3.66,5.69,65.89,2.36,0.82,0.35,35.755516,2.8179224e-05,40.271885,5,LightGBM+Transformer+Dense+VAE+LSTM
[LN1979   ] [chunk_19_phase_5_optimization.py] [info] 789,20.781534,0.31481075,5.4,5.72,15.969002,2.4849067,3037.0,-6.99,144.143,65.07,119.16,8470000.0,72.29,32.2465,40.09,6.62,0.88,54.63,-10.06,1.53,5.93,2.3018973,1.8853603e-06,18.169647,5,LightGBM+Transformer+Dense+VAE+LSTM
[LN1980   ] [chunk_19_phase_5_optimization.py] [info] 790,15.468008,2.373975,10.11,10.11,7.5807,2.4159138,5657.0,0.9,0.0,0.63,0.0,37290.0,0.0,0.63,0.8,0.5,0.04,72.45,0.5,0.03,0.0,4.184752,0.00020329042,4.25868,5,LightGBM+Transformer+Dense+VAE+LSTM
[LN1981   ] [chunk_19_phase_5_optimization.py] [info] 791,24.625643,4.9496813,199.213,199.333,15.969002,5.5748878,5340.0,11.18,105.15,33.79,73.01,8470000.0,42.06,13.37,1.4,2.34,5.69,58.79,4.72,1.42,2.28,35.755516,1.8853603e-06,40.271885,5,LightGBM+Transformer+Dense+VAE+LSTM
[LN1982   ] [chunk_19_phase_5_optimization.py] [info] 792,17.349197,0.41210964,0.7,0.7,12.297886,1.773256,5524.0,-82.1,-83.92,-59.49,-58.68,541590.0,-49.21,3.56,5.53,-10.97,0.09,45.2,-14.85,0.4,4.09,0.39475405,2.2707003e-05,1.698577,5,LightGBM+Transformer+Dense+VAE+LSTM
[LN1983   ] [chunk_19_phase_5_optimization.py] [info] 793,20.364904,2.9724636,25.22,25.22,10.896776,3.2865345,3692.0,2.27,6.91,6.32,17.36,59950.0,4.04,0.98,1.73,-0.32,0.32,50.69,-0.47,0.9,0.0,7.6737366,0.00018176441,8.484545,5,LightGBM+Transformer+Dense+VAE+LSTM
[LN1984   ] [chunk_19_phase_5_optimization.py] [info] 794,24.625643,4.35002,199.213,199.333,15.969002,5.4966764,267.0,90.6,47.61,68.57,149.1765,8470000.0,42.01,27.95,40.09,12.57,5.69,65.63,-3.51,0.93,-3.28,36.26428,1.8853603e-06,45.823467,5,LightGBM+Transformer+Dense+VAE+LSTM
[LN1985   ] [chunk_19_phase_5_optimization.py] [info] 795,19.810917,1.286474,3.82,3.91,10.057667,2.1961129,4668.0,-29.68,-46.84,-9.04,4.83,52280.0,-17.86,-7.99,-8.43,-6.09,0.18,38.27,-6.24,0.45,2.36,1.7804185,0.00019238077,3.0393152,5,LightGBM+Transformer+Dense+VAE+LSTM
[LN1986   ] [chunk_19_phase_5_optimization.py] [info] 796,21.917189,3.6635616,62.37,62.7,13.364168,4.332705,2424.0,15.6,2.55,18.98,24.95,898170.0,9.96,1.39,0.53,-3.21,2.58,46.94,-5.83,0.71,0.53,14.471329,1.4879331e-05,17.114492,5,LightGBM+Transformer+Dense+VAE+LSTM
[LN1987   ] [chunk_19_phase_5_optimization.py] [info] 797,19.172003,0.604316,1.38,1.44,15.011134,1.6974487,1968.0,-40.74,-35.14,-8.92,26.32,8470000.0,-49.21,-19.79,-12.73,0.59,0.13,45.04,2.13,0.24,4.35,0.8483319,1.7722708e-06,2.3828595,5,LightGBM+Transformer+Dense+VAE+LSTM
[LN1988   ] [chunk_19_phase_5_optimization.py] [info] 798,22.856249,4.5009203,126.02,126.1,13.083215,4.9631243,5657.0,1.11,12.3,1.76,13.22,437580.0,-4.55,-4.65,-4.27,-2.4,3.93,44.32,4.87,1.1,0.06,25.407383,2.9899024e-05,28.016493,5,LightGBM+Transformer+Dense+VAE+LSTM
[LN1989   ] [chunk_19_phase_5_optimization.py] [info] 799,22.87967,4.228001,75.14,75.14,13.843216,4.3901186,181.0,6.66,0.21,2.09,-1.51,1030000.0,2.2,3.78,6.31,3.64,1.14,66.53,0.79,1.0,0.0,17.11571,1.3440016e-05,17.771992,5,LightGBM+Transformer+Dense+VAE+LSTM
[LN1990   ] [chunk_19_phase_5_optimization.py] [info] 800,19.974543,1.1151416,4.29,4.21,13.74972,1.8733394,1475.0,91.36,76.89,20.14,53.09,1020000.0,4.73,-6.69,-8.28,-10.7,0.31,40.48,-14.85,0.92,-1.86,2.2473235,1.3480118e-05,3.7753053,5,LightGBM+Transformer+Dense+VAE+LSTM
[LN1991   ] [chunk_19_phase_5_optimization.py] [info] 801,24.625643,4.9496813,199.213,199.333,14.11409,5.5748878,5099.0,6.39,4.3,0.81,6.1,1330000.0,-5.07,0.9,3.19,3.03,5.69,57.63,3.74,1.01,-1.36,35.755516,1.0612097e-05,40.271885,5,LightGBM+Transformer+Dense+VAE+LSTM
[LN1992   ] [chunk_19_phase_5_optimization.py] [info] 802,22.186522,4.3138814,76.63,75.26,13.675091,5.1041865,2252.0,-49.81,-43.17,-27.14,-21.14,1000000.0,-20.19,-13.09,-9.1,-9.3,3.94,34.77,-11.8,0.87,-1.79,14.74476,1.36750905e-05,17.446005,5,LightGBM+Transformer+Dense+VAE+LSTM
[LN1993   ] [chunk_19_phase_5_optimization.py] [info] 803,20.364676,1.5173227,12.21,12.38,14.172839,2.60417,487.0,38.48,9.95,68.57,137.62,1450000.0,77.9365,32.2465,40.09,17.61,0.51,72.45,2.4,0.99,1.39,4.753914,9.774371e-06,8.159108,5,LightGBM+Transformer+Dense+VAE+LSTM
[LN1994   ] [chunk_19_phase_5_optimization.py] [info] 804,20.177452,0.43825492,1.56,1.54,15.822786,1.2089603,5466.0,33.91,18.46,38.84,100.31,8410000.0,10.0,-2.58,-5.52,-13.77,0.14,39.62,-12.0,0.88,-1.28,1.2738217,1.8814252e-06,3.5139365,5,LightGBM+Transformer+Dense+VAE+LSTM
[LN1995   ] [chunk_19_phase_5_optimization.py] [info] 805,24.625643,4.0404162,68.07,69.66,15.916448,4.5502915,4369.0,-18.38,-13.53,-2.95,7.55,8470000.0,-10.67,1.09,2.65,0.02,2.4,51.11,5.47,0.63,2.34,15.308909,1.8791555e-06,17.240797,5,LightGBM+Transformer+Dense+VAE+LSTM
[LN1996   ] [chunk_19_phase_5_optimization.py] [info] 806,19.915695,3.1285133,22.53,22.76,13.090805,4.413525,4864.0,-57.85,-15.7,-39.33,-33.91,934290.0,-40.23,-21.34,-26.7379,-15.81,1.74,28.69,-7.74,0.52,1.02,5.1568756,1.40115e-05,7.2750206,5,LightGBM+Transformer+Dense+VAE+LSTM
[LN1997   ] [chunk_19_phase_5_optimization.py] [info] 807,23.900904,4.9496813,199.213,199.333,10.221359,5.5748878,3402.0,9.85,18.57,-0.11,4.85,42460.0,-6.44,-1.94,-1.69,-1.2,5.69,44.59,0.8,0.65,0.51,35.755516,0.00024072915,40.271885,5,LightGBM+Transformer+Dense+VAE+LSTM
[LN1998   ] [chunk_19_phase_5_optimization.py] [info] 808,21.694044,2.052841,8.07,8.1,14.010122,2.2289386,2887.0,3.05,0.75,1.69,5.74,952240.0,0.62,-0.56,-0.98,-0.56,0.06,44.56,-0.37,1.28,0.37,3.6340168,1.4712806e-05,3.9457514,5,LightGBM+Transformer+Dense+VAE+LSTM
[LN1999   ] [chunk_19_phase_5_optimization.py] [info] 809,18.563742,2.261763,9.3,9.27,10.644353,2.3646204,3693.0,6.43,-0.1,1.58,0.0,19650.0,1.76,0.2,-0.16,-0.33,0.09,47.85,0.65,2.13,-0.32,3.9202907,0.0005416974,4.0985723,5,LightGBM+Transformer+Dense+VAE+LSTM
[LN2000   ] [chunk_19_phase_5_optimization.py] [info] 810,20.905588,3.6568727,78.05,77.36,12.609923,5.204776,4578.0,6.57,102.2,-33.14,-48.48,555510.0,-37.41,-13.49,-17.15,-6.94,4.56,37.01,2.61,0.54,-0.88,14.863273,2.2699724e-05,21.154688,5,LightGBM+Transformer+Dense+VAE+LSTM
[LN2001   ] [chunk_19_phase_5_optimization.py] [info] 811,22.64459,2.2192035,37.34,38.6,15.884708,3.848444,2279.0,115.5665,144.143,68.57,149.1765,8470000.0,26.19,20.95,12.57,0.34,3.46,53.74,-3.28,0.88,3.37,10.030027,1.8754082e-06,17.393627,5,LightGBM+Transformer+Dense+VAE+LSTM
[LN2002   ] [chunk_19_phase_5_optimization.py] [info] 812,20.743069,2.3951643,10.79,10.83,12.270497,2.5233257,3554.0,1.88,-4.75,2.68,3.93,265820.0,7.44,2.14,1.31,0.46,0.1,58.19,1.21,0.8,0.37,4.2919545,4.6160923e-05,4.5216107,5,LightGBM+Transformer+Dense+VAE+LSTM
[LN2003   ] [chunk_19_phase_5_optimization.py] [info] 813,24.625643,4.000034,171.59,183.2,15.969002,5.223055,5611.0,61.25,63.41,56.07,118.41,7590000.0,33.27,25.19,29.36,9.87,5.69,68.99,3.03,1.27,6.21,35.07526,2.1039527e-06,45.79961,5,LightGBM+Transformer+Dense+VAE+LSTM
[LN2004   ] [chunk_19_phase_5_optimization.py] [info] 814,20.00359,2.4379897,13.26,13.26,11.055625,2.6658382,1578.0,13.43,13.92,8.14,9.05,78200.0,5.41,3.56,5.74,1.19,0.14,67.32,0.3,0.81,0.0,4.974045,0.00014137628,5.438907,5,LightGBM+Transformer+Dense+VAE+LSTM
[LN2005   ] [chunk_19_phase_5_optimization.py] [info] 815,23.25219,4.9496813,188.41,189.75,12.687613,5.4587765,4501.0,-11.18,-11.85,-3.72,-0.94,462690.0,-3.46,-1.02,-0.67,-1.49,3.84,46.34,0.89,0.7,0.71,34.760536,2.742141e-05,38.3358,5,LightGBM+Transformer+Dense+VAE+LSTM
[LN2006   ] [chunk_19_phase_5_optimization.py] [info] 816,21.497993,3.3772461,46.18,45.63,12.320495,3.8936553,3514.0,28.17,7.59,21.28,40.36,363950.0,14.68,6.74,1.04,2.2,1.39,57.22,4.54,0.62,-1.19,11.719065,3.3852164e-05,13.511008,5,LightGBM+Transformer+Dense+VAE+LSTM
[LN2007   ] [chunk_19_phase_5_optimization.py] [info] 817,19.594461,1.8293763,5.68,5.76,13.071708,3.0194488,3909.0,-63.52,-65.76,-49.04,-52.86,639610.0,-49.21,-27.52,-26.7379,-13.68,0.39,27.67,-6.49,0.74,1.41,1.907633,2.0436997e-05,3.148614,5,LightGBM+Transformer+Dense+VAE+LSTM
[LN2008   ] [chunk_19_phase_5_optimization.py] [info] 818,24.625643,4.9496813,199.213,199.333,14.471003,5.5748878,2421.0,46.65,7.16,20.91,28.92,1300000.0,31.66,6.41,5.65,3.31,5.69,66.4,4.9,1.48,-0.23,35.755516,1.113154e-05,40.271885,5,LightGBM+Transformer+Dense+VAE+LSTM
[LN2009   ] [chunk_19_phase_5_optimization.py] [info] 819,23.629074,4.707907,199.213,199.333,14.011125,5.338211,5205.0,63.92,29.55,30.9,66.54,1130000.0,35.22,7.88,5.23,3.34,4.67,64.58,3.91,1.08,0.87,37.340786,1.2399225e-05,42.340042,5,LightGBM+Transformer+Dense+VAE+LSTM
[LN2010   ] [chunk_19_phase_5_optimization.py] [info] 820,24.625643,4.9496813,199.213,199.333,15.504822,5.5748878,2888.0,22.87,32.08,7.92,20.4,8150000.0,-1.37,-2.83,-6.02,-3.47,5.69,39.41,-1.34,0.66,0.15,35.755516,1.9024321e-06,40.271885,5,LightGBM+Transformer+Dense+VAE+LSTM
[LN2011   ] [chunk_19_phase_5_optimization.py] [info] 821,24.625643,4.9496813,193.54,192.34,14.426313,5.439122,1362.0,5.28,-9.08,-7.77,-8.3,1920000.0,-13.96,-5.0,-3.85,-1.62,3.93,42.86,4.33,0.96,-0.62,35.362324,7.5137045e-06,38.859066,5,LightGBM+Transformer+Dense+VAE+LSTM
[LN2012   ] [chunk_19_phase_5_optimization.py] [info] 822,24.625643,4.9496813,199.213,199.333,15.624044,5.5748878,1323.0,-23.71,-12.44,-6.5,-3.65,8470000.0,-5.22,3.74,3.73,4.17,5.69,56.16,3.68,0.67,-0.62,35.755516,1.8446333e-06,40.271885,5,LightGBM+Transformer+Dense+VAE+LSTM
[LN2013   ] [chunk_19_phase_5_optimization.py] [info] 823,19.702698,2.2491844,9.23,9.2,11.402698,2.4051416,3012.0,-2.65,-8.58,1.1,2.91,117980.0,7.98,1.8,1.32,-0.04,0.07,54.25,-0.76,0.76,-0.33,3.8251386,9.664941e-05,4.0903716,5,LightGBM+Transformer+Dense+VAE+LSTM
[LN2014   ] [chunk_19_phase_5_optimization.py] [info] 824,24.316185,4.4805136,101.94,100.77,14.080055,4.752469,1667.0,12.93,-5.17,-0.79,-9.45,2210000.0,-1.46,1.43,1.98,0.22,1.64,52.25,-0.3,0.59,-1.15,21.203716,6.371066e-06,22.490725,5,LightGBM+Transformer+Dense+VAE+LSTM
[LN2015   ] [chunk_19_phase_5_optimization.py] [info] 825,18.669647,2.4680996,18.51,19.0,10.82371,3.8177123,5221.0,-0.47,-45.56,-14.25,-3.11,147120.0,-40.04,-16.17,8.14,-0.65,1.77,45.34,-5.82,0.34,2.65,4.9768023,7.357063e-05,7.6982307,5,LightGBM+Transformer+Dense+VAE+LSTM
[LN2016   ] [chunk_19_phase_5_optimization.py] [info] 826,24.625643,4.3534985,116.98,117.87,14.895103,4.8112082,1318.0,27.4,27.8,17.62,29.03,4010000.0,17.8,2.88,4.68,0.05,2.57,54.81,0.8,0.73,0.76,24.499043,3.7144898e-06,27.074776,5,LightGBM+Transformer+Dense+VAE+LSTM
[LN2017   ] [chunk_19_phase_5_optimization.py] [info] 827,20.078604,1.6714733,9.88,9.75,12.762853,2.9897141,4312.0,-29.6,-40.91,0.68,1.04,897060.0,45.96,7.64,4.61,-2.91,0.47,51.31,-3.37,0.39,-1.32,3.2611814,1.4227424e-05,5.833177,5,LightGBM+Transformer+Dense+VAE+LSTM
[LN2018   ] [chunk_19_phase_5_optimization.py] [info] 828,24.625643,3.645711,84.14,85.84,15.493572,4.486161,2277.0,80.64,82.52,51.24,95.62,7450000.0,55.06,11.65,7.42,1.72,2.42,60.22,-1.01,0.72,2.02,19.1344,2.0796742e-06,23.545477,5,LightGBM+Transformer+Dense+VAE+LSTM
[LN2019   ] [chunk_19_phase_5_optimization.py] [info] 829,22.800203,3.6054978,42.25,42.27,14.14703,3.910021,3737.0,3.48,-12.43,1.35,3.2,1260000.0,-1.1,-0.12,0.64,-0.26,0.56,48.75,-0.02,1.11,0.05,10.810683,1.1227801e-05,11.7237625,5,LightGBM+Transformer+Dense+VAE+LSTM
[LN2020   ] [chunk_19_phase_5_optimization.py] [info] 830,20.577684,0.31481075,2.48,2.37,15.969002,1.5539252,4735.0,8.22,144.143,68.57,149.1765,8470000.0,77.9365,31.97,24.74,-8.85,0.35,48.72,-14.85,0.8,-4.44,1.52517,1.8853603e-06,7.5283327,5,LightGBM+Transformer+Dense+VAE+LSTM
[LN2021   ] [chunk_19_phase_5_optimization.py] [info] 831,23.89211,3.7857792,115.33,114.9,14.643806,4.7838182,5292.0,75.88,144.143,29.9,68.23,3690000.0,6.06,5.58,1.3,0.29,3.27,53.65,-1.38,0.62,-0.37,24.01847,3.968511e-06,30.350422,5,LightGBM+Transformer+Dense+VAE+LSTM
[LN2022   ] [chunk_19_phase_5_optimization.py] [info] 832,23.598524,2.8981194,139.44,120.12,15.969002,5.2721786,3927.0,115.5665,144.143,68.57,149.1765,8470000.0,61.04,12.86,-15.79,-13.69,5.69,43.94,-14.85,1.67,-7.17,22.78375,1.8853603e-06,41.447567,5,LightGBM+Transformer+Dense+VAE+LSTM
[LN2023   ] [chunk_19_phase_5_optimization.py] [info] 833,19.914686,0.47623417,2.2,2.2,15.969002,1.9125011,4397.0,-18.52,144.143,37.08,80.33,8470000.0,13.99,32.2465,36.65,13.48,0.26,58.24,-13.39,1.02,0.0,1.1503261,1.8853603e-06,4.619576,5,LightGBM+Transformer+Dense+VAE+LSTM
[LN2024   ] [chunk_19_phase_5_optimization.py] [info] 834,19.453508,1.0647107,4.75,4.77,14.890473,3.1599748,5464.0,35.89,22.62,-21.62,-64.72,6760000.0,-21.93,-26.27,-22.56,-15.82,0.62,36.06,-14.85,0.43,0.42,1.5095057,2.2027327e-06,4.48009,5,LightGBM+Transformer+Dense+VAE+LSTM
[LN2025   ] [chunk_19_phase_5_optimization.py] [info] 835,23.086946,2.1804175,10.2,10.09,15.969002,2.453588,181.0,9.55,-2.79,5.29,15.71,8470000.0,3.91,1.36,3.38,1.0,0.17,54.15,1.71,1.01,-1.08,4.1123447,1.8853603e-06,4.6275544,5,LightGBM+Transformer+Dense+VAE+LSTM
[LN2026   ] [chunk_19_phase_5_optimization.py] [info] 836,22.946808,3.4141135,31.38,31.05,15.55183,3.8969095,1276.0,-25.86,-34.3,-11.32,-15.44,5990000.0,-4.93,-3.4,-7.95,0.22,0.7,46.92,1.11,0.95,-1.05,7.9678526,2.5962988e-06,9.094601,5,LightGBM+Transformer+Dense+VAE+LSTM
[LN2027   ] [chunk_19_phase_5_optimization.py] [info] 837,19.369284,1.9810015,13.97,13.98,12.026802,2.8478122,4139.0,26.29,-3.65,41.24,68.23,221190.0,13.38,27.89,40.09,17.61,0.71,72.45,11.22,0.76,0.07,4.909032,5.4373173e-05,7.0570364,5,LightGBM+Transformer+Dense+VAE+LSTM
[LN2028   ] [chunk_19_phase_5_optimization.py] [info] 838,19.942097,0.7178398,4.07,4.07,12.950246,1.7474592,181.0,104.52,30.45,62.72,149.1765,866180.0,24.09,11.75,14.33,-2.83,0.25,52.17,-1.45,0.49,0.0,2.3290958,1.4950987e-05,5.669789,5,LightGBM+Transformer+Dense+VAE+LSTM
[LN2029   ] [chunk_19_phase_5_optimization.py] [info] 839,21.57768,3.214466,64.45,65.15,13.22083,4.236278,4948.0,61.58,43.82,53.56,146.13,1100000.0,49.5,18.64,10.18,5.3,3.11,62.79,9.22,0.5,1.09,15.379066,1.2018937e-05,20.267752,5,LightGBM+Transformer+Dense+VAE+LSTM
[LN2030   ] [chunk_19_phase_5_optimization.py] [info] 840,21.28288,2.1114247,38.9,39.6,12.173188,3.7884984,4801.0,58.4,0.0,68.57,149.1765,271680.0,77.9365,32.2465,40.09,17.61,3.1,72.2,14.79,0.71,1.8,10.45269,4.4807082e-05,18.75511,5,LightGBM+Transformer+Dense+VAE+LSTM
[LN2031   ] [chunk_19_phase_5_optimization.py] [info] 841,19.862598,2.360854,11.04,10.99,11.19853,2.6137395,3553.0,-0.45,-12.98,3.1,8.49,108660.0,7.43,0.11,-0.63,0.44,0.16,51.73,2.04,0.67,-0.45,4.204704,0.00010306028,4.655095,5,LightGBM+Transformer+Dense+VAE+LSTM
[LN2032   ] [chunk_19_phase_5_optimization.py] [info] 842,20.596785,3.0591764,24.84,24.87,10.727685,3.2619352,2553.0,12.94,5.34,6.0,10.19,73400.0,2.81,1.13,1.76,0.46,0.25,54.78,0.12,0.62,0.12,7.624308,0.00014615375,8.129639,5,LightGBM+Transformer+Dense+VAE+LSTM
[LN2033   ] [chunk_19_phase_5_optimization.py] [info] 843,21.465202,3.4213266,43.11,42.72,13.960221,4.474606,1010.0,-44.57,-49.44,-20.49,-20.15,1490000.0,-12.51,8.58,5.04,0.97,1.63,53.75,-4.75,0.77,-0.9,9.54721,9.369276e-06,12.486384,5,LightGBM+Transformer+Dense+VAE+LSTM
[LN2034   ] [chunk_19_phase_5_optimization.py] [info] 844,19.276838,1.7715567,10.97,10.85,11.970281,3.0243196,181.0,-24.18,0.0,-3.43,32.0,140140.0,-26.19,-6.15,-10.85,-15.82,1.07,35.44,-14.85,1.13,-1.09,3.5875835,8.541659e-05,6.1245565,5,LightGBM+Transformer+Dense+VAE+LSTM
[LN2035   ] [chunk_19_phase_5_optimization.py] [info] 845,19.485668,0.53649336,1.45,1.4,14.339827,1.1314021,2259.0,73.91,44.63,56.06,74.89,2210000.0,72.84,15.39,18.64,-4.63,0.12,49.18,-14.63,0.77,-3.45,1.2374027,6.4886094e-06,2.6095383,5,LightGBM+Transformer+Dense+VAE+LSTM
[LN2036   ] [chunk_19_phase_5_optimization.py] [info] 846,18.985313,1.1505721,4.05,4.13,14.083482,3.8048832,3016.0,-83.68,75.36,-55.79,-60.89,2130000.0,-35.97,-11.64,-10.22,-11.83,0.4,40.53,-8.02,0.61,1.98,1.0854473,6.6119633e-06,3.5895188,5,LightGBM+Transformer+Dense+VAE+LSTM
[LN2037   ] [chunk_19_phase_5_optimization.py] [info] 847,18.502813,2.712706,18.1,18.14,8.670773,2.9673328,2274.0,20.93,10.27,8.11,13.02,10910.0,2.17,0.7,1.17,0.02,0.25,52.1,-1.04,0.64,0.22,6.113234,0.00079475454,6.68705,5,LightGBM+Transformer+Dense+VAE+LSTM
[LN2038   ] [chunk_19_phase_5_optimization.py] [info] 848,20.45059,0.6151856,5.13,5.08,15.067979,2.036012,427.0,115.5665,144.143,68.57,133.03,5510000.0,43.1,6.68,13.14,-7.14,0.43,47.47,-14.85,0.63,-0.97,2.4950738,2.7346605e-06,8.257669,5,LightGBM+Transformer+Dense+VAE+LSTM
[LN2039   ] [chunk_19_phase_5_optimization.py] [info] 849,19.438698,1.0224509,6.67,6.4,12.505703,2.1667655,3029.0,71.12,23.08,68.57,149.1765,474560.0,47.81,24.48,-0.62,-1.6,0.64,52.09,-8.7,0.57,-4.05,2.9537115,2.6352207e-05,6.259469,5,LightGBM+Transformer+Dense+VAE+LSTM
[LN2040   ] [chunk_19_phase_5_optimization.py] [info] 850,23.596266,1.011601,3.3,3.35,15.969002,1.4838747,589.0,84.49,32.64,27.21,40.95,8470000.0,19.64,5.99,0.3,3.62,0.08,59.51,2.76,1.0,1.52,2.257603,1.8853603e-06,3.3115826,5,LightGBM+Transformer+Dense+VAE+LSTM
[LN2041   ] [chunk_19_phase_5_optimization.py] [info] 851,19.556107,1.3350011,24.5,24.9,8.537388,4.0208774,319.0,115.5665,0.0,-16.06,0.0,79830.0,-0.32,-27.52,-26.7379,-7.76,2.45,39.11,-2.39,0.06,1.63,6.1926785,0.00010694461,18.65167,5,LightGBM+Transformer+Dense+VAE+LSTM
[LN2042   ] [chunk_19_phase_5_optimization.py] [info] 852,18.88454,2.171337,8.37,8.42,10.641895,2.2894998,3741.0,4.69,-1.06,2.92,4.08,45790.0,5.38,2.2,1.45,0.73,0.12,57.85,-0.47,0.91,0.6,3.677659,0.00023240653,3.8777955,5,LightGBM+Transformer+Dense+VAE+LSTM
[LN2043   ] [chunk_19_phase_5_optimization.py] [info] 853,22.225119,1.9473377,60.5,60.55,13.043551,4.2195077,3342.0,115.5665,0.0,63.95,0.0,270480.0,77.9365,12.75,7.17,10.85,5.69,58.11,3.52,1.71,0.08,14.350016,4.822372e-05,31.093733,5,LightGBM+Transformer+Dense+VAE+LSTM
[LN2044   ] [chunk_19_phase_5_optimization.py] [info] 854,17.302885,1.8718022,9.13,9.29,10.792551,2.4292178,3910.0,16.11,-1.69,25.85,28.78,19890.0,55.35,14.12,5.33,5.63,0.6,56.63,-2.42,2.44,1.75,3.8242764,0.00054261193,4.9631314,5,LightGBM+Transformer+Dense+VAE+LSTM
[LN2045   ] [chunk_19_phase_5_optimization.py] [info] 855,21.217962,2.585506,49.47,48.95,11.525388,4.12552,2775.0,42.3,99.8,55.47,123.21,112130.0,21.68,1.85,4.59,-8.47,3.14,44.79,-6.87,0.9,-1.05,11.8651705,0.00010278594,18.932465,5,LightGBM+Transformer+Dense+VAE+LSTM
[LN2046   ] [chunk_19_phase_5_optimization.py] [info] 856,21.993027,1.8213183,27.81,24.72,10.951754,4.036892,3738.0,115.5665,0.0,2.1,149.1765,76120.0,-49.21,-27.52,-26.7379,-15.82,4.08,35.32,-10.82,0.75,-7.17,6.1235228,0.00014387484,13.572587,5,LightGBM+Transformer+Dense+VAE+LSTM
[LN2047   ] [chunk_19_phase_5_optimization.py] [info] 857,17.253683,1.5390154,29.18,28.21,9.721606,3.7639868,347.0,115.5665,118.37,68.57,149.1765,72250.0,77.9365,32.2465,40.09,17.61,4.51,70.01,-11.78,0.23,-3.33,7.4947124,0.0001345551,18.3299,5,LightGBM+Transformer+Dense+VAE+LSTM
[LN2048   ] [chunk_19_phase_5_optimization.py] [info] 858,20.409199,2.554899,13.27,13.22,12.54771,2.6878474,4411.0,-0.75,-1.71,0.27,3.12,169460.0,-0.23,-1.07,-1.27,-0.77,0.13,45.51,0.69,1.66,-0.38,4.9184337,7.404526e-05,5.1743727,5,LightGBM+Transformer+Dense+VAE+LSTM
[LN2049   ] [chunk_19_phase_5_optimization.py] [info] 859,23.02485,3.406848,52.98,53.44,14.439946,4.1494637,4611.0,22.18,11.92,33.1,38.52,2060000.0,40.98,22.03,22.74,9.59,2.01,72.15,7.57,0.91,0.87,12.878772,7.0096826e-06,15.686053,5,LightGBM+Transformer+Dense+VAE+LSTM
[LN2050   ] [chunk_19_phase_5_optimization.py] [info] 860,24.16208,2.4185889,16.78,17.31,15.969002,2.9755297,1403.0,14.26,2.37,18.8,42.94,8470000.0,19.71,3.07,-2.81,0.75,0.52,53.98,3.41,0.95,3.16,5.817452,1.8853603e-06,7.1570663,5,LightGBM+Transformer+Dense+VAE+LSTM
[LN2051   ] [chunk_19_phase_5_optimization.py] [info] 861,21.615263,1.6014057,6.76,6.89,15.508613,2.3125355,2415.0,-15.36,-4.04,18.28,42.95,8470000.0,50.44,5.46,5.67,1.15,0.16,60.99,0.29,0.62,1.92,2.9794137,1.8310051e-06,4.3024697,5,LightGBM+Transformer+Dense+VAE+LSTM
[LN2052   ] [chunk_19_phase_5_optimization.py] [info] 862,20.772057,3.4011974,36.44,36.58,11.977427,3.6923733,2262.0,17.62,0.0,2.8,0.0,304150.0,7.02,0.66,1.82,0.07,1.2,52.18,1.3,0.52,0.38,9.906907,3.938e-05,10.755036,5,LightGBM+Transformer+Dense+VAE+LSTM
[LN2053   ] [chunk_19_phase_5_optimization.py] [info] 863,22.18188,4.0807524,83.5,83.53,13.506443,4.9096355,1223.0,-21.7,-22.62,7.76,11.09,831810.0,6.9,3.83,0.7,-7.38,4.42,44.36,-10.08,0.88,0.04,17.013483,1.6237413e-05,20.469263,5,LightGBM+Transformer+Dense+VAE+LSTM
[LN2054   ] [chunk_19_phase_5_optimization.py] [info] 864,24.625643,4.9496813,199.213,199.333,14.381204,5.5748878,5613.0,4.95,-11.6,-5.12,-14.18,1820000.0,-10.01,6.09,12.22,3.16,5.69,61.75,3.43,0.97,-0.89,35.755516,7.90176e-06,40.271885,5,LightGBM+Transformer+Dense+VAE+LSTM
[LN2055   ] [chunk_19_phase_5_optimization.py] [info] 865,23.624138,4.637153,199.213,199.333,13.4566765,5.5748878,506.0,115.5665,65.2,68.57,144.57,1080000.0,33.49,21.79,20.81,-1.18,5.69,55.48,-2.62,0.64,2.56,35.755516,1.24598855e-05,42.986073,5,LightGBM+Transformer+Dense+VAE+LSTM
[LN2056   ] [chunk_19_phase_5_optimization.py] [info] 866,21.000898,1.5830939,6.14,6.07,14.86337,2.8786366,3654.0,-50.0,-56.8,-12.69,16.73,6130000.0,16.28,6.07,11.99,2.79,0.35,55.43,2.36,0.46,-1.14,2.108637,2.4246933e-06,3.8342638,5,LightGBM+Transformer+Dense+VAE+LSTM
[LN2057   ] [chunk_19_phase_5_optimization.py] [info] 867,23.492098,1.3912818,6.84,6.89,15.969002,2.1994443,3695.0,58.03,34.05,45.31,64.83,8470000.0,40.04,3.79,-3.23,-4.43,0.39,49.16,0.88,0.36,0.73,3.1326094,1.8853603e-06,4.952267,5,LightGBM+Transformer+Dense+VAE+LSTM
[LN2058   ] [chunk_19_phase_5_optimization.py] [info] 868,21.148533,4.9496813,199.213,199.333,10.677869,5.5748878,5657.0,9.0,12.79,7.85,18.24,74900.0,11.8,-8.82,-12.58,-7.87,5.69,37.67,-2.36,0.58,0.08,35.755516,0.00014256166,40.271885,5,LightGBM+Transformer+Dense+VAE+LSTM
[LN2059   ] [chunk_19_phase_5_optimization.py] [info] 869,22.415205,4.9496813,199.213,199.333,11.940876,5.476422,3516.0,0.21,4.17,11.45,17.95,205530.0,11.85,6.62,4.1,1.02,4.9,59.72,3.58,0.75,0.29,36.398403,5.8097972e-05,40.271885,5,LightGBM+Transformer+Dense+VAE+LSTM
[LN2060   ] [chunk_19_phase_5_optimization.py] [info] 870,24.625643,4.0998297,92.21,94.61,15.969002,4.634632,5403.0,56.85,17.59,12.39,21.14,8470000.0,3.64,-0.77,-3.24,-1.12,2.74,49.01,2.26,0.99,2.6,20.413704,1.8853603e-06,23.076569,5,LightGBM+Transformer+Dense+VAE+LSTM
[LN2061   ] [chunk_19_phase_5_optimization.py] [info] 871,23.978281,2.9177706,71.35,71.72,15.969002,4.6423697,446.0,115.5665,144.143,68.57,149.1765,8470000.0,32.0,25.63,31.6,-3.97,5.69,51.09,-14.85,1.09,0.52,15.449007,1.8853603e-06,24.58041,5,LightGBM+Transformer+Dense+VAE+LSTM
[LN2062   ] [chunk_19_phase_5_optimization.py] [info] 872,24.625643,4.450269,99.8,99.38,15.001923,4.7578053,4092.0,-4.46,-6.73,0.91,7.23,2830000.0,-2.16,0.92,2.57,2.31,2.68,56.33,4.43,1.16,-0.42,20.887781,5.3010326e-06,22.331234,5,LightGBM+Transformer+Dense+VAE+LSTM
[LN2063   ] [chunk_19_phase_5_optimization.py] [info] 873,19.699947,2.0605135,11.08,11.03,12.584177,3.1103992,4949.0,-21.61,19.24,-1.98,14.66,526990.0,-1.08,2.8,-5.57,-11.17,0.85,43.81,-7.85,0.55,-0.45,3.5461683,2.3879347e-05,5.3530345,5,LightGBM+Transformer+Dense+VAE+LSTM
[LN2064   ] [chunk_19_phase_5_optimization.py] [info] 874,23.268797,3.8113184,45.14,45.05,14.294077,3.9749978,2269.0,-6.46,-11.16,-5.36,-8.12,1990000.0,-3.49,-3.43,-1.51,-1.16,0.66,41.39,1.01,0.81,-0.2,11.33334,7.182953e-06,11.820057,5,LightGBM+Transformer+Dense+VAE+LSTM
[LN2065   ] [chunk_19_phase_5_optimization.py] [info] 875,24.089182,2.711378,15.19,15.09,15.969002,3.2646136,3020.0,-29.32,-34.16,-28.97,-33.67,8470000.0,-33.93,-16.35,-10.5,-4.51,0.68,37.98,6.95,0.71,-0.66,4.6222925,1.8853603e-06,5.565436,5,LightGBM+Transformer+Dense+VAE+LSTM
[LN2066   ] [chunk_19_phase_5_optimization.py] [info] 876,20.0882,2.2884862,10.01,10.02,11.142267,2.4256873,2777.0,1.62,-1.76,4.31,7.05,178970.0,8.44,2.78,1.93,0.94,0.08,61.8,0.4,0.39,0.1,4.130788,6.2257735e-05,4.3784404,5,LightGBM+Transformer+Dense+VAE+LSTM
[LN2067   ] [chunk_19_phase_5_optimization.py] [info] 877,24.335535,4.745019,186.97,186.85,13.897297,5.36359,5235.0,31.48,44.99,11.07,20.33,1160000.0,9.88,-3.2,-4.57,-3.13,4.54,41.37,-0.52,0.94,-0.06,34.836742,1.1980428e-05,39.378136,5,LightGBM+Transformer+Dense+VAE+LSTM
[LN2068   ] [chunk_19_phase_5_optimization.py] [info] 878,20.447552,0.84156716,1.97,1.96,13.382276,1.3837912,3860.0,-17.3,-20.65,3.47,32.43,1900000.0,4.26,-4.83,-9.26,-4.2,0.09,42.59,-2.97,0.34,-0.51,1.4163986,7.043303e-06,2.328988,5,LightGBM+Transformer+Dense+VAE+LSTM
[LN2069   ] [chunk_19_phase_5_optimization.py] [info] 879,21.271387,1.7227666,8.88,8.88,12.3115,2.2945528,4769.0,19.19,63.84,22.37,55.24,998220.0,35.78,0.86,0.34,0.2,0.04,68.37,0.34,0.22,0.0,3.870035,1.2333453e-05,5.1544995,5,LightGBM+Transformer+Dense+VAE+LSTM
[LN2070   ] [chunk_19_phase_5_optimization.py] [info] 880,24.06895,1.2753628,2.72,2.71,15.537349,1.5665305,5657.0,-23.45,-18.0,-9.65,-4.91,8260000.0,-7.51,-0.78,-0.37,1.56,0.06,51.4,1.5,0.68,-0.37,1.7299377,1.8810349e-06,2.1248856,5,LightGBM+Transformer+Dense+VAE+LSTM
[LN2071   ] [chunk_19_phase_5_optimization.py] [info] 881,23.506424,4.612146,196.76,199.333,13.464885,5.4064093,3551.0,50.52,59.84,28.71,66.83,979260.0,10.06,5.14,-0.5,-1.57,5.69,51.87,0.75,0.72,4.15,36.86976,1.3750061e-05,43.219147,5,LightGBM+Transformer+Dense+VAE+LSTM
[LN2072   ] [chunk_19_phase_5_optimization.py] [info] 882,19.3082,0.31481075,0.7,9.98,15.552548,1.1314021,2410.0,0.0,0.0,0.0,0.0,10910.0,0.0,0.0,0.0,0.0,0.04,27.6321,0.0,0.03,0.0,8.820913,0.0014255315,31.701586,5,LightGBM+Transformer+Dense+VAE+LSTM
[LN2073   ] [chunk_19_phase_5_optimization.py] [info] 883,21.949978,0.52472854,2.92,2.88,15.969002,1.7191888,4222.0,35.21,21.52,68.57,149.1765,8470000.0,56.52,21.45,20.0,-13.25,0.4,47.3,-14.85,0.61,-1.37,1.6752087,1.8853603e-06,5.488552,5,LightGBM+Transformer+Dense+VAE+LSTM
[LN2074   ] [chunk_19_phase_5_optimization.py] [info] 884,21.701591,1.1817272,13.44,13.51,15.969002,4.829273,4671.0,74.7,42.04,1.44,149.1765,8470000.0,-38.59,-21.22,-23.18,-15.82,1.29,34.96,-7.31,0.3,0.48,2.7975223,1.8853603e-06,11.432419,5,LightGBM+Transformer+Dense+VAE+LSTM
[LN2075   ] [chunk_19_phase_5_optimization.py] [info] 885,24.625643,4.395683,113.08,113.03,15.75296,4.8338184,1528.0,1.51,16.98,2.78,25.57,8160000.0,-6.95,-1.44,-0.35,0.75,2.07,50.55,2.87,0.85,-0.04,23.38317,1.9305098e-06,25.713865,5,LightGBM+Transformer+Dense+VAE+LSTM
[LN2076   ] [chunk_19_phase_5_optimization.py] [info] 886,22.751413,2.9396908,29.9,29.66,13.024139,3.5357282,5657.0,4.51,34.82,9.9,45.61,550380.0,0.1,0.29,3.13,0.31,0.8,51.18,0.61,0.82,-0.8,8.388654,2.3663904e-05,10.089497,5,LightGBM+Transformer+Dense+VAE+LSTM
[LN2077   ] [chunk_19_phase_5_optimization.py] [info] 887,23.159508,2.5817308,16.8,16.63,15.567269,3.0086484,2546.0,-5.08,-5.14,4.52,19.38,8470000.0,0.48,-1.63,-4.26,-0.01,0.35,48.78,2.72,0.64,-1.01,5.5273986,1.8379303e-06,6.4414153,5,LightGBM+Transformer+Dense+VAE+LSTM
[LN2078   ] [chunk_19_phase_5_optimization.py] [info] 888,24.625643,3.2710886,38.06,38.22,13.953985,3.7741394,5405.0,28.06,20.09,9.99,28.21,1820000.0,-0.49,-5.13,-7.97,-4.03,0.66,36.77,-1.67,0.63,0.42,10.126812,7.667025e-06,11.684183,5,LightGBM+Transformer+Dense+VAE+LSTM
[LN2079   ] [chunk_19_phase_5_optimization.py] [info] 889,21.659359,2.706716,54.78,56.53,13.675699,4.2695575,290.0,115.5665,137.02,57.98,149.1765,1190000.0,30.86,0.51,-5.17,-5.72,4.72,46.25,-10.34,0.73,3.19,13.240248,1.1492184e-05,20.885088,5,LightGBM+Transformer+Dense+VAE+LSTM
[LN2080   ] [chunk_19_phase_5_optimization.py] [info] 890,18.507591,0.31481075,2.78,2.76,8.828641,1.6563215,5615.0,115.5665,144.143,68.57,149.1765,237850.0,77.9365,4.84,-11.82,-7.87,0.39,47.37,-3.49,0.03,-0.72,1.6663431,3.7118523e-05,8.767172,5,LightGBM+Transformer+Dense+VAE+LSTM
[LN2081   ] [chunk_19_phase_5_optimization.py] [info] 891,19.350243,2.6318889,15.23,15.15,10.5584135,2.8831234,4538.0,2.5,-8.79,-0.5,3.77,58860.0,-1.75,-1.39,-0.33,-0.28,0.19,44.95,-0.53,0.65,-0.53,5.254718,0.00017938181,5.756322,5,LightGBM+Transformer+Dense+VAE+LSTM
[LN2082   ] [chunk_19_phase_5_optimization.py] [info] 892,21.619354,3.5709403,42.39,43.7,13.549145,4.256038,4265.0,-29.17,-30.68,-15.86,-12.93,971160.0,-15.98,0.41,7.08,5.19,2.28,51.74,-7.08,0.79,3.09,10.267765,1.3951507e-05,12.237674,5,LightGBM+Transformer+Dense+VAE+LSTM
[LN2083   ] [chunk_19_phase_5_optimization.py] [info] 893,23.396034,3.9783723,96.03,98.28,14.630613,4.6844435,4574.0,32.2,27.64,19.31,52.02,3540000.0,9.05,1.58,0.07,-0.29,3.88,52.02,3.09,0.64,2.34,20.980082,4.1329417e-06,24.70357,5,LightGBM+Transformer+Dense+VAE+LSTM
[LN2084   ] [chunk_19_phase_5_optimization.py] [info] 894,23.909204,4.101155,63.74,63.33,14.370515,4.3734903,1801.0,-11.75,-14.6,-6.44,-8.63,2230000.0,-6.0,-1.36,-2.81,0.74,1.02,50.36,2.98,0.78,-0.64,14.480425,6.4441774e-06,15.441993,5,LightGBM+Transformer+Dense+VAE+LSTM
[LN2085   ] [chunk_19_phase_5_optimization.py] [info] 895,21.059738,1.2383742,2.75,2.73,15.969002,1.8809906,264.0,-31.41,-36.36,-10.17,0.74,8470000.0,-16.0,-4.79,-6.51,-5.14,0.13,42.51,-0.73,2.11,-0.73,1.4513628,1.8853603e-06,2.2045033,5,LightGBM+Transformer+Dense+VAE+LSTM
[LN2086   ] [chunk_19_phase_5_optimization.py] [info] 896,22.632809,4.7798796,132.83,133.22,13.0376005,5.213467,3387.0,-1.65,-3.21,-7.87,0.6,812630.0,-11.01,-1.43,-0.93,-0.85,3.27,46.78,-0.6,0.57,0.29,25.553051,1.604371e-05,27.870995,5,LightGBM+Transformer+Dense+VAE+LSTM
[LN2087   ] [chunk_19_phase_5_optimization.py] [info] 897,24.625643,4.4188404,87.08,87.03,15.565707,4.983675,5461.0,-30.98,-33.73,-13.64,-12.02,8410000.0,-15.96,1.71,3.73,1.91,1.77,56.33,1.62,0.68,-0.06,17.463017,1.8508571e-06,19.695211,5,LightGBM+Transformer+Dense+VAE+LSTM
[LN2088   ] [chunk_19_phase_5_optimization.py] [info] 898,23.31103,2.0668628,7.77,7.87,15.969002,2.65886,4880.0,-26.93,-23.81,-11.15,-5.52,8470000.0,-19.45,2.35,-4.26,-1.99,0.36,48.68,1.42,0.29,1.29,2.9599152,1.8853603e-06,3.8077033,5,LightGBM+Transformer+Dense+VAE+LSTM
[LN2089   ] [chunk_19_phase_5_optimization.py] [info] 899,22.291882,2.3542283,16.75,16.9,14.106296,2.8925915,4768.0,23.54,8.19,28.47,49.56,1820000.0,37.4,5.26,7.71,4.93,0.48,64.02,3.49,0.73,0.9,5.8425117,7.750712e-06,7.178573,5,LightGBM+Transformer+Dense+VAE+LSTM
[LN2090   ] [chunk_19_phase_5_optimization.py] [info] 900,23.037779,4.57821,199.213,199.333,13.557514,5.5748878,5041.0,97.54,108.18,55.65,137.54,508290.0,31.69,3.4,-10.51,-5.27,5.69,45.6,-8.93,1.52,-7.17,35.755516,2.6672793e-05,43.539505,5,LightGBM+Transformer+Dense+VAE+LSTM
[LN2091   ] [chunk_19_phase_5_optimization.py] [info] 901,21.742113,2.4680996,15.15,15.05,11.621484,2.9327924,5347.0,-9.88,0.0,5.52,11.15,300150.0,4.88,-1.13,1.14,0.48,0.45,49.93,2.87,0.37,-0.66,5.131628,3.871892e-05,6.0978093,5,LightGBM+Transformer+Dense+VAE+LSTM
[LN2092   ] [chunk_19_phase_5_optimization.py] [info] 902,18.09176,2.3145137,11.05,11.07,10.08088,2.5360749,5571.0,1.05,-2.42,2.01,8.79,19700.0,0.96,-1.19,-2.16,-1.31,0.12,41.6,-0.95,1.21,0.23,4.365013,0.0005117198,4.782862,5,LightGBM+Transformer+Dense+VAE+LSTM
[LN2093   ] [chunk_19_phase_5_optimization.py] [info] 903,19.874212,2.1690538,28.15,27.5,10.514013,3.4691675,428.0,74.24,65.73,61.21,149.1765,144210.0,48.22,9.07,7.15,3.45,1.64,55.01,-5.45,0.26,-2.33,7.926974,7.2907664e-05,12.67834,5,LightGBM+Transformer+Dense+VAE+LSTM
[LN2094   ] [chunk_19_phase_5_optimization.py] [info] 904,21.015936,4.4754033,105.56,101.85,10.208284,4.724818,3779.0,-7.15,7.01,0.58,0.25,18780.0,1.69,-2.06,-1.25,-3.74,2.7,40.03,-2.83,1.44,-3.51,21.556385,0.0005435721,22.757727,5,LightGBM+Transformer+Dense+VAE+LSTM
[LN2095   ] [chunk_19_phase_5_optimization.py] [info] 905,22.779951,3.7614326,65.77,66.89,14.173532,4.388257,2406.0,39.9,29.2,9.11,12.89,2060000.0,14.84,-6.55,-11.57,-1.76,1.93,42.28,0.01,0.7,1.7,15.242953,6.880355e-06,17.783117,5,LightGBM+Transformer+Dense+VAE+LSTM
[LN2096   ] [chunk_19_phase_5_optimization.py] [info] 906,20.743069,1.0818052,2.22,2.17,14.896212,1.4350846,485.0,-9.96,-4.82,-12.97,-8.44,3600000.0,-19.03,-10.29,-14.57,-10.96,0.14,36.92,-8.05,0.82,-2.25,1.5121061,4.1378366e-06,2.0059063,5,LightGBM+Transformer+Dense+VAE+LSTM
[LN2097   ] [chunk_19_phase_5_optimization.py] [info] 907,16.08454,0.8671005,1.63,1.7,12.014773,1.5810385,4996.0,-41.58,-39.93,-28.13,-34.5,4460000.0,-13.27,-8.53,-20.19,-11.46,0.27,45.94,-14.85,0.04,4.29,1.0752426,2.6938953e-06,1.9605571,5,LightGBM+Transformer+Dense+VAE+LSTM
[LN2098   ] [chunk_19_phase_5_optimization.py] [info] 908,24.625643,4.9496813,199.213,199.333,13.434662,5.5748878,238.0,97.19,58.9,40.92,91.25,1180000.0,41.11,1.11,1.23,0.12,5.69,50.94,-3.55,0.58,-0.19,35.755516,1.1385307e-05,40.271885,5,LightGBM+Transformer+Dense+VAE+LSTM
[LN2099   ] [chunk_19_phase_5_optimization.py] [info] 909,24.625643,4.9496813,199.213,199.333,12.825291,5.5748878,744.0,9.74,12.44,9.42,22.78,561000.0,0.15,-1.33,-0.26,-3.02,5.69,42.92,-3.96,0.66,-0.41,35.755516,2.286148e-05,40.271885,5,LightGBM+Transformer+Dense+VAE+LSTM
[LN2100   ] [chunk_19_phase_5_optimization.py] [info] 910,24.625643,4.3525977,79.86,78.44,15.639765,4.616901,1141.0,-13.72,-21.05,-10.64,-15.38,5360000.0,-10.79,-3.74,-3.32,-0.17,1.35,44.85,0.46,1.16,-1.78,16.989752,2.9178666e-06,18.021421,5,LightGBM+Transformer+Dense+VAE+LSTM
[LN2101   ] [chunk_19_phase_5_optimization.py] [info] 911,19.226084,2.3075726,10.09,10.1,11.506636,2.4630017,3482.0,2.43,-5.16,2.74,5.76,61940.0,7.68,1.85,-0.1,0.04,0.08,55.58,-0.2,1.6,0.1,4.100687,0.00018577068,4.3768935,5,LightGBM+Transformer+Dense+VAE+LSTM
[LN2102   ] [chunk_19_phase_5_optimization.py] [info] 912,23.854403,4.8388977,187.99,188.03,13.436514,5.3980722,5657.0,1.54,34.54,3.83,24.19,1240000.0,3.48,-4.0,-6.17,-1.76,5.42,44.76,0.28,0.55,0.02,34.832806,1.0835898e-05,38.858025,5,LightGBM+Transformer+Dense+VAE+LSTM
[LN2103   ] [chunk_19_phase_5_optimization.py] [info] 913,23.982132,3.7213466,52.1,51.66,13.181136,3.9791207,2125.0,24.27,15.24,9.31,6.41,594620.0,5.28,3.01,4.41,1.57,0.57,64.07,0.45,0.89,-0.84,12.982768,2.2167327e-05,13.8820715,5,LightGBM+Transformer+Dense+VAE+LSTM
[LN2104   ] [chunk_19_phase_5_optimization.py] [info] 914,24.263065,1.0152307,2.2,2.21,15.969002,1.2892326,181.0,19.46,-1.6,-1.59,-10.16,8470000.0,-7.53,-0.71,-3.49,0.43,0.05,48.89,-0.9,1.74,0.45,1.714198,1.8853603e-06,2.176845,5,LightGBM+Transformer+Dense+VAE+LSTM
[LN2105   ] [chunk_19_phase_5_optimization.py] [info] 915,18.601501,0.5007753,1.95,2.0,12.523493,1.1505721,2782.0,68.07,50.38,68.57,149.1765,318300.0,69.49,27.31,21.95,3.6,0.13,62.2,-0.5,0.86,2.56,1.7382658,3.9344937e-05,3.9938073,5,LightGBM+Transformer+Dense+VAE+LSTM
[LN2106   ] [chunk_19_phase_5_optimization.py] [info] 916,15.698025,0.53062826,0.76,0.77,13.138498,3.6888795,5197.0,-83.68,-85.7779,-66.81,-65.2279,2470000.0,-40.05,-27.52,-26.7379,-15.82,0.11,34.15,-10.08,0.21,2.3,0.20873547,5.3192302e-06,1.45111,5,LightGBM+Transformer+Dense+VAE+LSTM
[LN2107   ] [chunk_19_phase_5_optimization.py] [info] 917,20.93028,0.79299253,3.47,3.59,15.969002,2.008214,2127.0,115.5665,122.98,1.26,20.07,8470000.0,-2.45,-7.31,-13.49,-6.52,0.21,39.96,-2.45,0.67,3.46,1.7876581,1.8853603e-06,4.527155,5,LightGBM+Transformer+Dense+VAE+LSTM
[LN2108   ] [chunk_19_phase_5_optimization.py] [info] 918,22.332705,2.3758357,18.56,18.64,15.686541,2.9821403,3247.0,10.1,16.35,35.57,69.15,8470000.0,42.51,13.28,7.25,4.01,0.58,64.92,3.79,0.72,0.43,6.250544,1.8520119e-06,7.8456607,5,LightGBM+Transformer+Dense+VAE+LSTM
[LN2109   ] [chunk_19_phase_5_optimization.py] [info] 919,23.441267,1.8115621,51.83,55.86,15.969002,4.319486,2784.0,115.5665,144.143,68.57,149.1765,8470000.0,77.9365,32.2465,18.5,-1.02,5.69,54.83,-9.66,0.86,6.21,12.932094,1.8853603e-06,30.835266,5,LightGBM+Transformer+Dense+VAE+LSTM
[LN2110   ] [chunk_19_phase_5_optimization.py] [info] 920,21.825207,4.191169,115.36,110.22,13.523901,4.8683033,5516.0,24.23,25.65,13.67,41.27,360710.0,-2.74,-9.1,-8.81,-5.62,3.43,35.78,-4.65,2.07,-4.46,22.640331,3.749245e-05,26.298153,5,LightGBM+Transformer+Dense+VAE+LSTM
[LN2111   ] [chunk_19_phase_5_optimization.py] [info] 921,24.416138,4.9496813,199.213,199.333,12.93368,5.5748878,4573.0,24.97,32.31,16.09,43.7,850760.0,-0.38,3.33,4.29,2.81,5.69,59.67,2.63,0.49,1.96,35.755516,1.52025e-05,40.271885,5,LightGBM+Transformer+Dense+VAE+LSTM
[LN2112   ] [chunk_19_phase_5_optimization.py] [info] 922,19.782707,2.3145137,10.2,10.19,10.974506,2.4612968,3582.0,1.09,-3.69,4.53,5.6,100690.0,11.0,4.24,3.87,0.91,0.08,66.31,0.0,0.58,-0.1,4.140094,0.00010899301,4.4026527,5,LightGBM+Transformer+Dense+VAE+LSTM
[LN2113   ] [chunk_19_phase_5_optimization.py] [info] 923,24.625643,4.9496813,199.213,199.333,14.835682,5.5573297,181.0,14.51,7.81,8.88,24.62,3430000.0,6.79,-0.26,-2.14,1.22,5.69,52.12,0.7,0.81,1.22,35.868484,4.3252717e-06,40.271885,5,LightGBM+Transformer+Dense+VAE+LSTM
[LN2114   ] [chunk_19_phase_5_optimization.py] [info] 924,23.387712,4.9496813,199.213,199.333,13.247778,5.5748878,1616.0,-3.32,8.81,-14.85,-16.42,1770000.0,-13.91,0.16,4.08,-3.19,5.69,47.52,-5.18,0.32,1.91,35.755516,7.4846203e-06,40.271885,5,LightGBM+Transformer+Dense+VAE+LSTM
[LN2115   ] [chunk_19_phase_5_optimization.py] [info] 925,20.913887,1.2149128,5.39,5.38,12.768564,1.9050882,1400.0,57.77,94.22,22.12,65.03,524230.0,-1.47,-0.16,0.37,-0.17,0.04,49.51,0.19,0.67,-0.19,2.8240163,2.4356797e-05,4.4283013,5,LightGBM+Transformer+Dense+VAE+LSTM
[LN2116   ] [chunk_19_phase_5_optimization.py] [info] 926,20.11714,2.6318889,17.1,17.25,12.7619505,3.6906278,184.0,-28.12,0.0,-20.75,0.0,946680.0,-24.74,-15.29,-10.76,-8.68,1.3,38.54,-8.24,0.37,0.88,4.674001,1.3480743e-05,6.5542283,5,LightGBM+Transformer+Dense+VAE+LSTM
[LN2117   ] [chunk_19_phase_5_optimization.py] [info] 927,23.667706,2.1758873,8.14,8.23,15.969002,2.5047092,265.0,-12.54,-25.99,-10.85,-14.8,8470000.0,-15.5,-0.45,3.13,1.73,0.15,53.68,1.11,0.76,1.11,3.2858105,1.8853603e-06,3.7823648,5,LightGBM+Transformer+Dense+VAE+LSTM
[LN2118   ] [chunk_19_phase_5_optimization.py] [info] 928,20.165821,4.9496813,199.213,199.333,13.040611,5.5748878,1530.0,-26.8,-14.38,-1.0,8.07,111220.0,1.53,-7.09,-12.27,-3.87,5.69,42.36,-3.2,2.44,0.61,35.755516,0.000117250594,40.271885,5,LightGBM+Transformer+Dense+VAE+LSTM
[LN2119   ] [chunk_19_phase_5_optimization.py] [info] 929,21.000898,2.3055806,17.67,17.41,13.300349,3.0204248,5657.0,18.92,32.19,27.66,39.06,548170.0,30.61,8.13,6.81,-0.45,0.7,53.88,-6.15,1.09,-1.47,5.7640896,2.4263183e-05,7.5512433,5,LightGBM+Transformer+Dense+VAE+LSTM
[LN2120   ] [chunk_19_phase_5_optimization.py] [info] 930,18.222473,1.1878434,7.97,8.15,10.835317,2.4898942,1161.0,53.39,42.64,68.57,149.1765,114340.0,77.9365,21.0,34.63,-1.66,0.9,53.08,-1.27,0.44,2.2,3.2732315,9.476401e-05,6.8611736,5,LightGBM+Transformer+Dense+VAE+LSTM
[LN2121   ] [chunk_19_phase_5_optimization.py] [info] 931,21.781055,3.6475365,68.7,68.32,12.806298,4.35427,5122.0,23.39,87.43,37.88,36.72,678290.0,64.63,13.77,23.63,1.7,2.82,58.34,-8.87,0.54,-0.55,15.690346,1.888027e-05,18.73045,5,LightGBM+Transformer+Dense+VAE+LSTM
[LN2122   ] [chunk_19_phase_5_optimization.py] [info] 932,19.798414,0.99694866,2.35,2.38,13.650158,1.5644405,5072.0,-6.3,-33.52,-5.39,33.71,1380000.0,-21.45,-9.4,-13.45,-2.82,0.1,42.97,2.59,0.62,1.28,1.5213106,9.891419e-06,2.3872845,5,LightGBM+Transformer+Dense+VAE+LSTM
[LN2123   ] [chunk_19_phase_5_optimization.py] [info] 933,24.625643,4.777778,125.25,123.96,14.713084,5.478929,1989.0,-39.66,-37.13,-29.25,-29.93,5110000.0,-12.72,-5.53,-5.08,-0.91,2.97,43.63,5.05,0.48,-1.03,22.624859,2.8792729e-06,25.945114,5,LightGBM+Transformer+Dense+VAE+LSTM
[LN2124   ] [chunk_19_phase_5_optimization.py] [info] 934,23.805634,2.600465,18.97,19.02,15.555381,3.1696856,5184.0,-13.7,4.62,9.68,29.21,8470000.0,14.99,-0.11,-1.3,-3.3,0.52,44.17,-3.11,0.52,0.26,6.000595,1.8365266e-06,7.3140764,5,LightGBM+Transformer+Dense+VAE+LSTM
[LN2125   ] [chunk_19_phase_5_optimization.py] [info] 935,20.434263,1.5602477,7.86,8.05,13.54099,3.1780539,3580.0,-41.28,-64.29,3.27,9.23,1660000.0,77.9365,12.65,4.27,3.6,0.42,58.2,-0.37,0.46,2.42,2.5329967,8.1572225e-06,5.159437,5,LightGBM+Transformer+Dense+VAE+LSTM
[LN2126   ] [chunk_19_phase_5_optimization.py] [info] 936,24.147528,4.29497,103.95,103.93,13.536951,4.8770275,2787.0,-1.12,-15.78,7.96,21.81,1430000.0,4.62,5.37,2.67,0.04,2.44,54.54,-1.76,0.53,-0.02,21.31011,9.466399e-06,24.198074,5,LightGBM+Transformer+Dense+VAE+LSTM
[LN2127   ] [chunk_19_phase_5_optimization.py] [info] 937,24.625643,4.1358066,199.213,198.47,15.969002,5.37412,3552.0,115.5665,78.56,68.57,149.1765,8470000.0,77.63,27.27,19.27,6.41,5.69,63.32,3.4,0.95,-1.89,36.930695,1.8853603e-06,47.988224,5,LightGBM+Transformer+Dense+VAE+LSTM
[LN2128   ] [chunk_19_phase_5_optimization.py] [info] 938,24.182102,4.59097,136.65,138.45,13.982954,5.1447,3816.0,18.63,-11.31,6.47,20.09,1600000.0,-5.06,-1.46,1.5,1.35,4.02,51.56,4.36,0.74,1.32,26.91119,8.739346e-06,30.157026,5,LightGBM+Transformer+Dense+VAE+LSTM
[LN2129   ] [chunk_19_phase_5_optimization.py] [info] 939,16.02598,0.8064759,2.29,2.32,12.734298,3.3562,1615.0,-75.76,-85.7779,-47.91,-45.28,2260000.0,6.91,-19.48,-26.7379,-15.82,0.39,38.78,-14.85,0.15,1.31,0.69125795,5.6346453e-06,2.8767135,5,LightGBM+Transformer+Dense+VAE+LSTM
[LN2130   ] [chunk_19_phase_5_optimization.py] [info] 940,23.952885,2.7440608,17.17,16.31,15.969002,3.3225148,4028.0,-29.88,-31.36,-16.8,-11.69,8470000.0,-18.53,-7.97,-5.67,-1.4,0.7,44.35,2.64,1.81,-5.01,4.908932,1.8853603e-06,5.943746,5,LightGBM+Transformer+Dense+VAE+LSTM
[LN2131   ] [chunk_19_phase_5_optimization.py] [info] 941,22.8727,4.9496813,199.213,199.333,11.963663,5.5748878,4291.0,-2.4,-4.35,-2.73,0.52,173240.0,-0.31,-2.02,-3.15,-2.05,5.69,44.93,2.52,0.91,-0.15,35.755516,6.905832e-05,40.271885,5,LightGBM+Transformer+Dense+VAE+LSTM
[LN2132   ] [chunk_19_phase_5_optimization.py] [info] 942,24.625643,4.9496813,199.213,199.333,14.090686,5.5748878,429.0,49.54,45.14,35.1,53.54,1650000.0,45.72,16.8,9.45,3.44,5.69,64.25,1.65,0.8,2.46,35.755516,8.53981e-06,40.271885,5,LightGBM+Transformer+Dense+VAE+LSTM
[LN2133   ] [chunk_19_phase_5_optimization.py] [info] 943,22.170185,3.9225671,52.81,53.35,15.072402,4.9692574,1993.0,-53.81,0.0,-18.89,0.0,8470000.0,0.0,-12.34,-3.37,-7.39,5.03,41.34,-7.68,0.27,1.02,10.736011,1.7795044e-06,13.600786,5,LightGBM+Transformer+Dense+VAE+LSTM
[LN2134   ] [chunk_19_phase_5_optimization.py] [info] 944,18.682737,0.7030975,2.24,2.29,12.525551,1.9768549,5150.0,-24.67,-56.55,26.8,33.14,403130.0,18.65,17.99,24.46,6.36,0.18,57.72,-7.66,0.68,2.23,1.1584057,3.107075e-05,3.2570162,5,LightGBM+Transformer+Dense+VAE+LSTM
[LN2135   ] [chunk_19_phase_5_optimization.py] [info] 945,21.8643,3.460095,87.22,83.69,12.624786,4.5741954,2789.0,32.0,64.84,50.16,81.26,422410.0,38.08,27.18,34.14,13.4,4.13,67.02,12.55,0.72,-4.05,18.296114,2.9887518e-05,24.187197,5,LightGBM+Transformer+Dense+VAE+LSTM
[LN2136   ] [chunk_19_phase_5_optimization.py] [info] 946,24.08607,4.35002,83.02,83.03,14.531327,4.4334326,2905.0,2.54,2.29,2.2,0.31,2780000.0,4.01,3.15,7.89,0.61,0.39,70.4,0.13,0.73,0.01,18.728153,5.227096e-06,19.087269,5,LightGBM+Transformer+Dense+VAE+LSTM
[LN2137   ] [chunk_19_phase_5_optimization.py] [info] 947,22.139118,4.9496813,199.213,199.333,11.797541,5.5748878,4266.0,54.13,22.03,52.49,85.33,256740.0,37.55,16.66,16.35,7.05,5.69,62.68,0.98,0.52,2.63,35.755516,4.5951314e-05,40.271885,5,LightGBM+Transformer+Dense+VAE+LSTM
[LN2138   ] [chunk_19_phase_5_optimization.py] [info] 948,20.499609,2.2170272,10.63,10.4,14.799013,3.419692,3776.0,-44.8,-59.18,-15.06,-9.72,1020000.0,-9.72,9.44,19.54,5.77,0.7,56.2,3.69,2.44,-2.16,3.0412097,1.4508837e-05,4.690966,5,LightGBM+Transformer+Dense+VAE+LSTM
[LN2139   ] [chunk_19_phase_5_optimization.py] [info] 949,21.370369,1.541159,9.48,9.12,14.53318,2.4265711,504.0,99.56,73.71,59.18,100.88,1530000.0,77.9365,8.17,9.09,-0.38,0.45,52.11,-8.71,1.34,-3.75,3.7583897,9.498811e-06,5.917624,5,LightGBM+Transformer+Dense+VAE+LSTM
[LN2140   ] [chunk_19_phase_5_optimization.py] [info] 950,20.547245,0.7323679,4.23,4.11,15.273694,2.00148,4837.0,115.5665,108.63,68.57,149.1765,4010000.0,55.68,17.57,18.79,-4.55,0.48,50.5,-14.85,1.07,-2.84,2.0534804,3.8089013e-06,5.6119337,5,LightGBM+Transformer+Dense+VAE+LSTM
[LN2141   ] [chunk_19_phase_5_optimization.py] [info] 951,18.17222,2.4006188,10.21,10.21,7.5807,2.4940317,4994.0,1.79,0.0,1.18,0.0,88550.0,0.0,1.18,1.59,0.66,0.06,72.29,0.39,0.03,0.0,4.0937734,8.560926e-05,4.25307,5,LightGBM+Transformer+Dense+VAE+LSTM
[LN2142   ] [chunk_19_phase_5_optimization.py] [info] 952,20.854294,1.8148247,22.15,21.13,12.394136,3.4164143,5457.0,28.53,-18.42,68.57,135.83,506150.0,55.03,13.89,26.15,5.94,1.19,57.45,-5.16,0.48,-4.6,6.184847,2.448708e-05,11.642998,5,LightGBM+Transformer+Dense+VAE+LSTM
[LN2143   ] [chunk_19_phase_5_optimization.py] [info] 953,21.96164,4.9496813,199.213,199.333,11.53159,5.5748878,2906.0,-15.1,-9.63,-11.3,-7.23,119740.0,-15.2,-6.04,-3.6,-0.86,5.69,44.15,-1.39,0.85,-0.23,35.755516,9.6305244e-05,40.271885,5,LightGBM+Transformer+Dense+VAE+LSTM
[LN2144   ] [chunk_19_phase_5_optimization.py] [info] 954,23.494604,3.0955777,61.6,61.95,14.980185,4.215677,1038.0,115.5665,90.85,48.66,66.53,5970000.0,32.83,4.97,19.41,1.68,2.39,55.81,-3.64,0.54,0.57,14.695149,2.5092438e-06,20.01242,5,LightGBM+Transformer+Dense+VAE+LSTM
[LN2145   ] [chunk_19_phase_5_optimization.py] [info] 955,23.63616,2.8981194,120.12,124.7,15.969002,5.2721786,3927.0,115.5665,144.143,68.57,149.1765,8470000.0,65.17,16.13,-4.93,-10.58,5.69,46.28,-14.85,0.87,3.81,23.65246,1.8853603e-06,43.0279,5,LightGBM+Transformer+Dense+VAE+LSTM
[LN2146   ] [chunk_19_phase_5_optimization.py] [info] 956,19.109217,1.0224509,5.19,5.16,12.17652,2.4406064,5121.0,-2.27,144.143,35.84,25.55,405950.0,54.95,30.16,26.47,1.99,0.34,58.33,-10.73,0.48,-0.58,2.1142287,2.9995123e-05,5.046697,5,LightGBM+Transformer+Dense+VAE+LSTM
[LN2147   ] [chunk_19_phase_5_optimization.py] [info] 957,24.625643,4.9496813,199.213,199.333,14.8678465,5.5748878,4164.0,-6.21,-10.37,-14.69,-16.82,3110000.0,-11.8,-8.76,-8.09,-6.43,5.36,32.7,-0.52,0.92,-0.92,35.755516,4.780658e-06,40.271885,5,LightGBM+Transformer+Dense+VAE+LSTM
[LN2148   ] [chunk_19_phase_5_optimization.py] [info] 958,20.59557,2.0693913,13.29,12.34,14.070399,3.3407395,5657.0,-46.3,-41.46,9.45,13.84,1050000.0,33.55,19.49,17.86,-4.34,0.94,50.27,-14.85,1.23,-7.15,3.693793,1.340038e-05,5.9631066,5,LightGBM+Transformer+Dense+VAE+LSTM
[LN2149   ] [chunk_19_phase_5_optimization.py] [info] 959,17.608974,0.77472717,2.22,2.26,13.364195,2.65886,856.0,-62.22,-74.28,-17.63,22.16,8470000.0,24.86,-27.52,-12.4,-10.14,0.24,37.21,-8.13,0.07,1.8,0.84998834,1.5778271e-06,2.917156,5,LightGBM+Transformer+Dense+VAE+LSTM
[LN2150   ] [chunk_19_phase_5_optimization.py] [info] 960,15.468008,1.0986123,2.9,2.85,9.5668955,1.7065647,5657.0,-22.76,0.0,-19.41,0.0,335190.0,0.0,-19.41,-23.54,-15.82,0.45,40.37,-14.85,0.04,-1.74,1.6700218,2.8541708e-05,2.5941818,5,LightGBM+Transformer+Dense+VAE+LSTM
[LN2151   ] [chunk_19_phase_5_optimization.py] [info] 961,18.59799,0.31481075,0.7,0.7,13.561432,1.1314021,2135.0,71.93,28.81,32.23,65.62,733610.0,15.13,-0.83,1.37,-9.02,0.07,43.75,-14.85,1.06,-1.73,0.61870134,1.8485887e-05,2.2235582,5,LightGBM+Transformer+Dense+VAE+LSTM
[LN2152   ] [chunk_19_phase_5_optimization.py] [info] 962,24.625643,4.665324,129.03,127.26,14.7430315,4.8754263,1614.0,18.12,6.15,7.18,5.43,2930000.0,6.11,2.92,2.93,1.16,1.87,56.44,-0.11,0.86,-1.37,26.102333,5.0317512e-06,27.277847,5,LightGBM+Transformer+Dense+VAE+LSTM
[LN2153   ] [chunk_19_phase_5_optimization.py] [info] 963,24.625643,4.907125,199.213,199.333,15.969002,5.5748878,5342.0,46.28,43.88,34.0,83.06,8470000.0,19.57,8.84,2.18,-0.94,5.69,52.42,-5.2,1.26,-1.91,35.755516,1.8853603e-06,40.62114,5,LightGBM+Transformer+Dense+VAE+LSTM
[LN2154   ] [chunk_19_phase_5_optimization.py] [info] 964,19.003735,2.7298117,15.75,15.68,10.374491,2.8610573,5512.0,1.62,-4.68,1.32,3.23,36700.0,2.35,0.16,-0.63,-0.39,0.11,47.07,0.06,0.87,-0.44,5.480491,0.00028268367,5.743986,5,LightGBM+Transformer+Dense+VAE+LSTM
[LN2155   ] [chunk_19_phase_5_optimization.py] [info] 965,18.149529,2.3915112,9.98,9.98,11.384853,2.3978953,4993.0,0.5,0.0,0.14,0.0,185940.0,0.0,0.14,0.0,0.14,0.04,72.45,0.1,0.47,0.0,4.161983,6.122864e-05,4.1730933,5,LightGBM+Transformer+Dense+VAE+LSTM
[LN2156   ] [chunk_19_phase_5_optimization.py] [info] 966,20.13583,2.1162555,11.13,11.0,13.938354,2.9058075,2909.0,29.87,-10.71,-9.18,-14.6,1090000.0,-24.55,-14.47,-14.93,-4.83,0.66,38.47,-0.36,1.03,-1.17,3.7855225,1.278748e-05,5.1978602,5,LightGBM+Transformer+Dense+VAE+LSTM
[LN2157   ] [chunk_19_phase_5_optimization.py] [info] 967,21.844944,4.7546244,131.48,130.3,11.854975,4.9529357,1282.0,7.38,8.11,3.72,-2.45,127290.0,7.19,0.88,-0.93,-3.33,2.64,42.82,-2.07,1.11,-0.9,26.30763,9.313359e-05,27.4049,5,LightGBM+Transformer+Dense+VAE+LSTM
[LN2158   ] [chunk_19_phase_5_optimization.py] [info] 968,18.968918,1.3001916,3.53,3.57,11.869662,1.9257075,5352.0,-28.46,-34.85,-12.37,-18.31,401440.0,-32.13,-1.63,0.0,0.95,0.19,49.15,-0.28,0.36,1.13,1.8538642,2.9567713e-05,2.745749,5,LightGBM+Transformer+Dense+VAE+LSTM
[LN2159   ] [chunk_19_phase_5_optimization.py] [info] 969,21.811829,3.5109482,54.85,54.45,13.072849,4.0928435,3133.0,17.58,3.18,18.0,46.14,616170.0,24.69,-0.03,2.29,2.92,1.43,54.9,1.04,0.77,-0.73,13.303709,2.1216303e-05,15.508631,5,LightGBM+Transformer+Dense+VAE+LSTM
[LN2160   ] [chunk_19_phase_5_optimization.py] [info] 970,21.108528,2.029463,10.45,10.4,13.867879,2.6404848,387.0,10.64,15.04,4.93,25.0,1990000.0,9.13,-6.37,-2.62,-0.68,0.43,46.33,-1.79,0.53,-0.48,3.9386706,6.9687835e-06,5.124508,5,LightGBM+Transformer+Dense+VAE+LSTM
[LN2161   ] [chunk_19_phase_5_optimization.py] [info] 971,21.851437,1.8325815,6.94,7.1,14.369997,2.9123507,4607.0,-45.43,26.56,-19.75,-13.83,3150000.0,-25.03,-5.87,-5.71,-6.49,0.44,43.24,-5.33,0.55,2.31,2.4378932,4.5619036e-06,3.8743162,5,LightGBM+Transformer+Dense+VAE+LSTM
[LN2162   ] [chunk_19_phase_5_optimization.py] [info] 972,21.03075,1.4609379,3.62,3.62,13.877558,2.2823825,4220.0,-47.84,-51.8,-26.33,-30.65,2150000.0,-22.48,-0.6,1.4,-0.28,0.14,49.93,2.55,0.49,0.0,1.586062,6.4546784e-06,2.4778602,5,LightGBM+Transformer+Dense+VAE+LSTM
[LN2163   ] [chunk_19_phase_5_optimization.py] [info] 973,20.913887,0.74668795,1.51,1.52,13.889023,1.1314021,3976.0,3.4,4.83,3.72,4.11,2360000.0,10.95,4.71,2.7,-0.23,0.05,54.19,1.33,0.46,0.66,1.3434658,5.8851792e-06,2.0356562,5,LightGBM+Transformer+Dense+VAE+LSTM
[LN2164   ] [chunk_19_phase_5_optimization.py] [info] 974,24.625643,4.000034,174.8,171.59,15.969002,5.2227316,5611.0,51.03,52.86,46.49,119.99,7340000.0,31.11,18.0,20.32,4.26,5.69,61.19,-4.94,2.44,-1.84,32.854458,2.1756134e-06,42.897137,5,LightGBM+Transformer+Dense+VAE+LSTM
[LN2165   ] [chunk_19_phase_5_optimization.py] [info] 975,15.822382,0.33647224,0.7,0.7,13.383059,1.474763,4796.0,-37.29,-51.89,-40.41,-51.04,1340000.0,-16.24,-16.09,-26.7379,-13.46,0.07,40.27,-7.31,0.49,3.16,0.47465253,9.987357e-06,2.0804093,5,LightGBM+Transformer+Dense+VAE+LSTM
[LN2166   ] [chunk_19_phase_5_optimization.py] [info] 976,24.625643,1.2697605,4.52,4.54,15.969002,1.7387103,3239.0,66.91,42.77,14.47,16.11,7510000.0,5.09,1.01,1.57,0.59,0.08,53.66,0.89,1.4,0.44,2.611131,2.1263652e-06,3.5754774,5,LightGBM+Transformer+Dense+VAE+LSTM
[LN2167   ] [chunk_19_phase_5_optimization.py] [info] 977,24.051176,2.0719132,12.46,12.82,15.826587,2.646175,448.0,27.31,24.35,26.32,48.04,7180000.0,22.1,15.54,11.09,8.92,0.39,64.29,1.91,1.04,2.89,4.844729,2.20426e-06,6.1875176,5,LightGBM+Transformer+Dense+VAE+LSTM
[LN2168   ] [chunk_19_phase_5_optimization.py] [info] 978,24.125463,3.7371933,61.91,62.51,14.531987,4.1831183,181.0,23.73,11.37,18.34,28.15,3660000.0,12.94,1.55,1.68,1.46,1.75,54.56,-0.62,0.56,0.97,14.9433975,3.9704883e-06,16.726456,5,LightGBM+Transformer+Dense+VAE+LSTM
[LN2169   ] [chunk_19_phase_5_optimization.py] [info] 979,24.625643,4.9496813,199.213,199.333,15.165453,5.3887978,4058.0,18.17,13.64,13.47,22.14,8040000.0,5.78,7.7,7.14,2.56,5.22,60.58,4.63,0.48,1.22,36.990253,1.8862504e-06,40.271885,5,LightGBM+Transformer+Dense+VAE+LSTM
[LN2170   ] [chunk_19_phase_5_optimization.py] [info] 980,21.445972,3.9796817,93.76,94.9,11.958169,4.6101575,314.0,71.67,60.09,33.36,36.27,453510.0,40.63,1.86,-0.09,3.44,2.59,58.94,3.21,0.34,1.22,20.584978,2.6368038e-05,23.846128,5,LightGBM+Transformer+Dense+VAE+LSTM
[LN2171   ] [chunk_19_phase_5_optimization.py] [info] 981,23.22224,4.7793756,199.213,199.333,12.38926,5.381969,430.0,46.01,56.23,19.28,25.28,477080.0,20.03,0.6,4.0,-1.9,5.69,47.27,-2.91,0.5,-0.83,37.03719,2.5968937e-05,41.706913,5,LightGBM+Transformer+Dense+VAE+LSTM
[LN2172   ] [chunk_19_phase_5_optimization.py] [info] 982,23.78385,4.9496813,199.213,199.333,12.790442,5.5748878,2393.0,49.76,33.55,17.14,26.29,698950.0,13.02,7.67,6.68,5.84,5.69,64.4,3.55,0.51,0.89,35.755516,1.829951e-05,40.271885,5,LightGBM+Transformer+Dense+VAE+LSTM
[LN2173   ] [chunk_19_phase_5_optimization.py] [info] 983,20.781534,3.9845297,59.87,59.55,11.514094,4.342766,1354.0,-9.98,-14.93,-1.55,-0.22,115830.0,3.39,1.92,2.34,0.74,1.48,53.32,-1.75,0.86,-0.53,13.712459,9.9405115e-05,14.945302,5,LightGBM+Transformer+Dense+VAE+LSTM
[LN2174   ] [chunk_19_phase_5_optimization.py] [info]   Total consensus rows: 983
[LN2175   ] [chunk_19_phase_5_optimization.py] [info] 
[LN2176   ] [chunk_19_phase_5_optimization.py] [info] FINAL PREDICTION RESULTS (sorted by inference_precision)
[LN2177   ] [chunk_19_phase_5_optimization.py] [info] 1. Dense        inference_precision=0.6810 inference_recall=0.6362 inference_auc=0.5497 inference_f1=0.6578 inference_fn=2798 inference_tn=1859 inference_tp=4894 inference_fp=2293
[LN2178   ] [chunk_19_phase_5_optimization.py] [info] 2. LightGBM     inference_precision=0.6808 inference_recall=0.6433 inference_auc=0.5609 inference_f1=0.6615 inference_fn=2744 inference_tn=1832 inference_tp=4948 inference_fp=2320
[LN2179   ] [chunk_19_phase_5_optimization.py] [info] 3. LSTM         inference_precision=0.6749 inference_recall=0.6741 inference_auc=0.5491 inference_f1=0.6745 inference_fn=2507 inference_tn=1654 inference_tp=5185 inference_fp=2498
[LN2180   ] [chunk_19_phase_5_optimization.py] [info] 4. VAE          inference_precision=0.6480 inference_recall=0.5313 inference_auc=0.4971 inference_f1=0.5839 inference_fn=3605 inference_tn=1932 inference_tp=4087 inference_fp=2220
[LN2181   ] [chunk_19_phase_5_optimization.py] [info] 5. Transformer  inference_precision=0.6401 inference_recall=0.3739 inference_auc=0.5246 inference_f1=0.4721 inference_fn=4816 inference_tn=2535 inference_tp=2876 inference_fp=1617
[LN2182   ] [chunk_19_phase_5_optimization.py] [info] Best architecture: Dense (inference_precision: 0.6810)
[LN2183   ] [chunk_19_phase_5_optimization.py] [info] phase 5 total time: 5.2s
[LN2184   ] [chunk_19_phase_5_optimization.py] [info] data points evaluated: 11844 (date(s)=[20251022 20251023])
[LN2185   ] [chunk_20_pipeline_main.py] [info] [time] Total execution time: 12826.02s
[LN2186   ] [chunk_20_pipeline_main.py] [info] Phase timings:
[LN2187   ] [chunk_20_pipeline_main.py] [info]    Pipeline Setup: 12.26s
[LN2188   ] [chunk_20_pipeline_main.py] [info]    Temporal Weighting: 0.10s
[LN2189   ] [chunk_20_pipeline_main.py] [info]    Phase Xa: Raw Feature Importance: 885.01s
[LN2190   ] [chunk_20_pipeline_main.py] [info]    Neural Ensemble: 11913.12s
[LN2191   ] [chunk_20_pipeline_main.py] [info]    Phase Xb: Temporal Precision Gap: 0.07s
[LN2192   ] [chunk_20_pipeline_main.py] [info]    Prediction Optimization: 5.19s
[LN2193   ] [chunk_20_pipeline_main.py] [info] [stat] Final Results:
[LN2194   ] [chunk_20_pipeline_main.py] [info]    inference_precision=0.6511
[LN2195   ] [chunk_20_pipeline_main.py] [info]    inference_recall=0.0832
[LN2196   ] [chunk_20_pipeline_main.py] [info]    inference_f1=0.1476
[LN2197   ] [chunk_20_pipeline_main.py] [info]    inference_auc=0.5003
[LN2198   ] [chunk_20_pipeline_main.py] [info] METRICS REVIEW REPORT
[LN2199   ] [chunk_20_pipeline_main.py] [info] [architecture performance] (sorted by validation_precision)
[LN2200   ] [chunk_20_pipeline_main.py] [info] 1. Transformer     validation_precision=0.5443 validation_recall=0.9555 validation_auc=0.5137 validation_true_positives=27494 validation_false_positives=23022 PASS (Minimum Validation_Precision Required=0.53)
[LN2201   ] [chunk_20_pipeline_main.py] [info] 2. VAE             validation_precision=0.5422 validation_recall=0.5399 validation_auc=0.5029 validation_true_positives=15535 validation_false_positives=13115 PASS (Minimum Validation_Precision Required=0.53)
[LN2202   ] [chunk_20_pipeline_main.py] [info] 3. Dense           validation_precision=0.5367 validation_recall=0.8563 validation_auc=0.5051 validation_true_positives=24640 validation_false_positives=21274 PASS (Minimum Validation_Precision Required=0.53)
[LN2203   ] [chunk_20_pipeline_main.py] [info] 4. LSTM            validation_precision=0.5365 validation_recall=0.7731 validation_auc=0.4961 validation_true_positives=22245 validation_false_positives=19222 PASS (Minimum Validation_Precision Required=0.53)
[LN2204   ] [chunk_20_pipeline_main.py] [info] 5. LightGBM        validation_precision=0.5301 validation_recall=0.3585 validation_auc=0.4865 validation_true_positives=10316 validation_false_positives= 9143 PASS (Minimum Validation_Precision Required=0.53)
[LN2205   ] [chunk_20_pipeline_main.py] [info] 6. CatBoost        validation_precision=0.5273 validation_recall=0.3780 validation_auc=0.4823 validation_true_positives=10877 validation_false_positives= 9752 FAIL (Minimum Validation_Precision Required=0.53)
[LN2206   ] [chunk_20_pipeline_main.py] [info] 7. CNN             validation_precision=0.5252 validation_recall=0.4716 validation_auc=0.4835 validation_true_positives=13569 validation_false_positives=12265 FAIL (Minimum Validation_Precision Required=0.53)
[LN2207   ] [chunk_20_pipeline_main.py] [info] 8. XGBoost         validation_precision=0.0812 validation_recall=0.1495 validation_auc=0.7913 validation_true_positives=  179 validation_false_positives= 2026 FAIL (Minimum Validation_Precision Required=0.53)
[LN2208   ] [chunk_20_pipeline_main.py] [info] 9. RNN             validation_precision=0.0615 validation_recall=0.8605 validation_auc=0.8421 validation_true_positives= 1030 validation_false_positives=15713 FAIL (Minimum Validation_Precision Required=0.53)
[LN2209   ] [chunk_20_pipeline_main.py] [info] [standardized metrics table]
[LN2210   ] [chunk_20_pipeline_main.py] [info] Architecture,Phase,Loss,Epochs,Precision,Recall,AUC,F1,TP,FP,TN,FN,MaxPred,MeanPred,StdPred,PctAboveThresh,BestEpoch,TrainingTime,LabelThresh,ThresholdSource,HPO_Trials,HPO_Improvement,KeyHyperparams,TrainLoss,ValLoss,LossDelta,MCC,PRAUC,Specificity,BalancedAccuracy,PredictionThreshold
[LN2211   ] [chunk_20_pipeline_main.py] [info] VAE,Train,binary_crossentropy,80,0.4984,0.5329,0.4959,0.5150,31823,32030,27559,27898,0.6115,0.5006,0.0109,N/A,0,0.0,0.0,section4,20,0.5368,dropout=0.02,learning_rate=0.0005,latent_dim=256,0.0000,0.0000,0.0000,-0.0047,0.4973,0.4625,0.4977,0.5
[LN2212   ] [chunk_20_pipeline_main.py] [info] VAE,Validation,binary_crossentropy,80,0.5422,0.5399,0.5029,0.5411,15535,13115,11365,13239,0.6115,0.5006,0.0109,N/A,0,0.0,0.0,section4,20,0.5368,dropout=0.02,learning_rate=0.0005,latent_dim=256,0.0000,0.0000,0.0000,0.0042,0.5460,0.4643,0.5021,0.5
[LN2213   ] [chunk_20_pipeline_main.py] [info] VAE,Inference,binary_crossentropy,N/A,0.6480,0.5313,0.4971,0.5839,4087,2220,1932,3605,0.5844,0.5005,0.0110,53.25,N/A,N/A,0.0,N/A,N/A,N/A,N/A,0.4653,0.5347,0.5512,-0.0032,0.6515,0.4983,0.50
[LN2214   ] [chunk_20_pipeline_main.py] [info] Dense,Train,binary_crossentropy,40,0.5348,0.6019,0.5575,0.5664,35945,31265,28324,23776,0.9110,0.5003,0.0795,N/A,0,0.0,0.0,section3,20,0.0000,units=512,layers=3,dropout=0.2,learning_rate=0.001,0.0000,0.0000,0.0000,0.0778,0.5475,0.4753,0.5386,0.5
[LN2215   ] [chunk_20_pipeline_main.py] [info] Dense,Validation,binary_crossentropy,40,0.5367,0.8563,0.5051,0.6598,24640,21274,3206,4134,0.9110,0.5720,0.0705,N/A,0,0.0,0.0,section3,20,0.0000,units=512,layers=3,dropout=0.2,learning_rate=0.001,0.0000,0.0000,0.0000,-0.0184,0.5598,0.1310,0.4936,0.5
[LN2216   ] [chunk_20_pipeline_main.py] [info] Dense,Inference,binary_crossentropy,N/A,0.6810,0.6362,0.5497,0.6578,4894,2293,1859,2798,0.7921,0.5019,0.0707,60.68,N/A,N/A,0.0,N/A,N/A,N/A,N/A,0.4477,0.5523,0.6447,0.0820,0.6786,0.5420,0.50
[LN2217   ] [chunk_20_pipeline_main.py] [info] CNN,Train,binary_crossentropy,50,0.5051,0.3253,0.5081,0.3957,19429,19039,40550,40292,0.9998,0.3459,0.2575,N/A,0,0.0,0.0,section4,20,0.0000,filters=64,layers=3,dropout=0.05,learning_rate=0.0005,0.0000,0.0000,0.0000,0.0062,0.5059,0.6805,0.5029,0.5
[LN2218   ] [chunk_20_pipeline_main.py] [info] CNN,Validation,binary_crossentropy,50,0.5252,0.4716,0.4835,0.4970,13569,12265,12215,15205,0.9998,0.4670,0.2740,N/A,0,0.0,0.0,section4,20,0.0000,filters=64,layers=3,dropout=0.05,learning_rate=0.0005,0.0000,0.0000,0.0000,-0.0294,0.5227,0.4990,0.4853,0.5
[LN2219   ] [chunk_20_pipeline_main.py] [info] CNN,Inference,N/A,N/A,N/A,N/A,N/A,N/A,N/A,N/A,N/A,N/A,N/A,N/A,N/A,N/A,N/A,N/A,N/A,N/A,N/A,N/A,N/A,N/A,N/A,N/A,N/A,N/A,N/A,N/A,N/A,N/A,N/A,N/A
[LN2220   ] [chunk_20_pipeline_main.py] [info] RNN,Train,binary_crossentropy,20,0.0663,0.7717,0.8370,0.1221,1971,27761,88995,583,0.9507,0.2652,0.2810,N/A,0,0.0,10.0,section4,20,0.0000,units=64,layers=2,dropout=0.1,learning_rate=0.001,0.0000,0.0000,0.0000,0.1787,0.0848,0.7622,0.7670,0.5
[LN2221   ] [chunk_20_pipeline_main.py] [info] RNN,Validation,binary_crossentropy,20,0.0615,0.8605,0.8421,0.1148,1030,15713,36344,167,0.9507,0.2948,0.3558,N/A,0,0.0,10.0,section4,20,0.0000,units=64,layers=2,dropout=0.1,learning_rate=0.001,0.0000,0.0000,0.0000,0.1784,0.0886,0.6982,0.7793,0.5
[LN2222   ] [chunk_20_pipeline_main.py] [info] RNN,Inference,N/A,N/A,N/A,N/A,N/A,N/A,N/A,N/A,N/A,N/A,N/A,N/A,N/A,N/A,N/A,N/A,N/A,N/A,N/A,N/A,N/A,N/A,N/A,N/A,N/A,N/A,N/A,N/A,N/A,N/A,N/A,N/A
[LN2223   ] [chunk_20_pipeline_main.py] [info] LSTM,Train,binary_crossentropy,50,0.5270,0.6600,0.5512,0.5860,39418,35382,24207,20303,0.6000,0.5110,0.0486,N/A,0,0.0,0.0,section3,20,0.0000,lstm_units=32,layers=2,dropout=0.1,learning_rate=0.0005,0.0000,0.0000,0.0000,0.0685,0.5463,0.4062,0.5331,0.5
[LN2224   ] [chunk_20_pipeline_main.py] [info] LSTM,Validation,binary_crossentropy,50,0.5365,0.7731,0.4961,0.6334,22245,19222,5258,6529,0.6000,0.5096,0.0163,N/A,0,0.0,0.0,section3,20,0.0000,lstm_units=32,layers=2,dropout=0.1,learning_rate=0.0005,0.0000,0.0000,0.0000,-0.0145,0.5423,0.2148,0.4939,0.5
[LN2225   ] [chunk_20_pipeline_main.py] [info] LSTM,Inference,binary_crossentropy,N/A,0.6749,0.6741,0.5491,0.6745,5185,2498,1654,2507,0.6886,0.5204,0.0551,64.87,N/A,N/A,0.0,N/A,N/A,N/A,N/A,0.3984,0.6016,0.6742,0.0724,0.6786,0.5362,0.50
[LN2226   ] [chunk_20_pipeline_main.py] [info] Transformer,Train,binary_crossentropy,50,0.5023,0.3919,0.5118,0.4403,23407,23196,36393,36314,0.9925,0.4899,0.0522,N/A,0,0.0,0.0,section3,20,0.0000,layers=4,dim=256,heads=4,dropout=0.05,learning_rate=0.0002,0.0000,0.0000,0.0000,0.0027,0.5091,0.6107,0.5013,0.5
[LN2227   ] [chunk_20_pipeline_main.py] [info] Transformer,Validation,binary_crossentropy,50,0.5443,0.9555,0.5137,0.6935,27494,23022,1458,1280,0.9925,0.5504,0.0252,N/A,0,0.0,0.0,section3,20,0.0000,layers=4,dim=256,heads=4,dropout=0.05,learning_rate=0.0002,0.0000,0.0000,0.0000,0.0340,0.5379,0.0596,0.5075,0.5
[LN2228   ] [chunk_20_pipeline_main.py] [info] Transformer,Inference,binary_crossentropy,N/A,0.6401,0.3739,0.5246,0.4721,2876,1617,2535,4816,0.9427,0.4896,0.0538,37.93,N/A,N/A,0.0,N/A,N/A,N/A,N/A,0.6105,0.3895,0.4078,-0.0153,0.6592,0.4922,0.50
[LN2229   ] [chunk_20_pipeline_main.py] [info] [info] CSV saved to metrics_summary.csv
[LN2230   ] [chunk_20_pipeline_main.py] [info] END OF METRICS REVIEW
[LN2231   ] [pipeline] [info] Pipeline execution validated successfully
Stock Analysis Pipeline completed successfully!
