[LN1      ] [pipeline] [info] Running in CPU mode
[LN2      ] [chunk_20_pipeline_main.py] [info] [running] Starting Stock Analysis Pipeline...
[LN3      ] [chunk_20_pipeline_main.py] [info]    Data path: for_train_x_2025_10_24_clean.csv
[LN4      ] [chunk_20_pipeline_main.py] [info]    Dataset shape: 6,727,216 rows x 23 columns (937.4 MB)
[LN5      ] [chunk_20_pipeline_main.py] [info]    Sampling: size=184408, enabled=True, forced=True
[LN6      ] [chunk_20_pipeline_main.py] [info]    hyperparameter_optimization: trials=5, continue_until_target=False, epochs_per_trial=5, stagnation_threshold=50
[LN7      ] [chunk_20_pipeline_main.py] [info]    Label_Thresholds: 20.0 to 0.0 (3 thresholds)
   [feature] Winsorized 21 features at 2/95 percentiles
   [feature] Log-transformed 4 skewed features
   [feature] Added 3 ratio features
   [feature] Total features: 21 -> 24
[LN8      ] [chunk_16_phase_1_setup.py] [info] Data loaded: 184408 samples, 24 features
[LN9      ] [chunk_02_utils_logging.py] [info] [date] Temporal Coverage:  Date range: 20250910 to 20251023  Unique dates: 32  Total samples: 184408
[LN10     ] [chunk_16_phase_1_setup.py] [info] Target Distribution (ChangeY):
[LN11     ] [chunk_16_phase_1_setup.py] [info]    Min: -99.75 | Max: 32500.00 | Mean: 0.05
[LN12     ] [chunk_16_phase_1_setup.py] [info]    Median: 0.00 | Std: 15.36
[LN13     ] [chunk_16_phase_1_setup.py] [warning] sanity check: Extreme target values detected (max=32500.00)
[LN14     ] [chunk_16_phase_1_setup.py] [info] [class] Class Distribution (LABEL_THRESHOLD=20.0):
[LN15     ] [chunk_16_phase_1_setup.py] [info]   Total samples: 6,727,216
[LN16     ] [chunk_16_phase_1_setup.py] [info]   Signal cases: 25,902 (0.4%)
[LN17     ] [chunk_16_phase_1_setup.py] [info]   Normal cases: 6,701,314 (99.6%)
[LN18     ] [chunk_16_phase_1_setup.py] [info]   Imbalance ratio: 258.7:1
[LN19     ] [chunk_16_phase_1_setup.py] [info] [class] Class Distribution (LABEL_THRESHOLD=10.0):
[LN20     ] [chunk_16_phase_1_setup.py] [info]   Total samples: 6,727,216
[LN21     ] [chunk_16_phase_1_setup.py] [info]   Signal cases: 106,942 (1.6%)
[LN22     ] [chunk_16_phase_1_setup.py] [info]   Normal cases: 6,620,274 (98.4%)
[LN23     ] [chunk_16_phase_1_setup.py] [info]   Imbalance ratio: 61.9:1
[LN24     ] [chunk_16_phase_1_setup.py] [info] [class] Class Distribution (LABEL_THRESHOLD= 0.0):
[LN25     ] [chunk_16_phase_1_setup.py] [info]   Total samples: 6,727,216
[LN26     ] [chunk_16_phase_1_setup.py] [info]   Signal cases: 3,465,261 (51.5%)
[LN27     ] [chunk_16_phase_1_setup.py] [info]   Normal cases: 3,261,955 (48.5%)
[LN28     ] [chunk_16_phase_1_setup.py] [info]   Imbalance ratio: 1.1:1
[LN29     ] [chunk_16_phase_1_setup.py] [info] [class] Class Distribution (LABEL_THRESHOLD=20.0):
[LN30     ] [chunk_16_phase_1_setup.py] [info]   Total samples: 184,408
[LN31     ] [chunk_16_phase_1_setup.py] [info]   Signal cases: 1,078 (0.6%)
[LN32     ] [chunk_16_phase_1_setup.py] [info]   Normal cases: 183,330 (99.4%)
[LN33     ] [chunk_16_phase_1_setup.py] [info]   Imbalance ratio: 170.1:1
[LN34     ] [chunk_16_phase_1_setup.py] [info] [class] Class Distribution (LABEL_THRESHOLD=10.0):
[LN35     ] [chunk_16_phase_1_setup.py] [info]   Total samples: 184,408
[LN36     ] [chunk_16_phase_1_setup.py] [info]   Signal cases: 4,028 (2.2%)
[LN37     ] [chunk_16_phase_1_setup.py] [info]   Normal cases: 180,380 (97.8%)
[LN38     ] [chunk_16_phase_1_setup.py] [info]   Imbalance ratio: 44.8:1
[LN39     ] [chunk_16_phase_1_setup.py] [info] [class] Class Distribution (LABEL_THRESHOLD= 0.0):
[LN40     ] [chunk_16_phase_1_setup.py] [info]   Total samples: 184,408
[LN41     ] [chunk_16_phase_1_setup.py] [info]   Signal cases: 96,187 (52.2%)
[LN42     ] [chunk_16_phase_1_setup.py] [info]   Normal cases: 88,221 (47.8%)
[LN43     ] [chunk_16_phase_1_setup.py] [info]   Imbalance ratio: 1.1:1
[stat] Feature Quality Analysis:
  feature_0: μ=20.270, σ=2.478, skew=-0.106, kurt=-0.713, missing=0.0%
  feature_1: μ=2.379, σ=1.348, skew=0.259, kurt=-0.927, missing=0.0%
  feature_2: μ=36.193, σ=52.535, skew=2.043, kurt=3.225, missing=0.0%
  feature_3: μ=36.227, σ=52.569, skew=2.042, kurt=3.223, missing=0.0%
  feature_4: μ=12.594, σ=2.152, skew=-0.670, kurt=0.341, missing=0.0%
  feature_5: μ=3.207, σ=1.222, skew=0.264, kurt=-0.775, missing=0.0%
  feature_6: μ=2972.375, σ=1704.246, skew=-0.017, kurt=-1.229, missing=0.0%
  feature_7: μ=3.275, σ=45.811, skew=0.552, kurt=0.543, missing=0.0%
  feature_8: μ=6.125, σ=52.192, skew=0.874, kurt=1.054, missing=0.0%
  feature_9: μ=3.303, σ=29.850, skew=-0.076, kurt=0.801, missing=0.0%
  feature_10: μ=19.520, σ=48.693, skew=1.011, kurt=1.161, missing=0.0%
  feature_11: μ=1474551.399, σ=2209805.429, skew=2.109, kurt=3.583, missing=0.0%
  feature_12: μ=6.974, σ=28.842, skew=0.560, kurt=0.808, missing=0.0%
  feature_13: μ=1.741, σ=13.285, skew=0.092, kurt=1.096, missing=0.0%
  feature_14: μ=2.399, σ=15.021, skew=0.604, kurt=0.992, missing=0.0%
  feature_15: μ=0.318, σ=7.468, skew=0.142, kurt=0.955, missing=0.0%
  feature_16: μ=1.129, σ=1.495, skew=1.937, kurt=2.866, missing=0.0%
  feature_17: μ=50.697, σ=11.752, skew=-0.019, kurt=-0.567, missing=0.0%
  feature_18: μ=0.012, σ=6.545, skew=-0.030, kurt=1.012, missing=0.0%
  feature_19: μ=0.898, σ=0.590, skew=0.986, kurt=0.741, missing=0.0%
  feature_20: μ=-0.020, σ=2.992, skew=-0.320, kurt=0.985, missing=0.0%
  feature_21: μ=8.349, σ=9.509, skew=1.779, kurt=2.865, missing=0.0%
  feature_22: μ=0.000, σ=0.000, skew=3.626, kurt=15.282, missing=0.0%
  feature_23: μ=10.603, σ=11.410, skew=4.996, kurt=163.562, missing=0.0%
[LN44     ] [chunk_16_phase_1_setup.py] [info] Data concentration: 184408 samples retained
[LN45     ] [chunk_16_phase_1_setup.py] [info] Data preprocessing complete: 24 features
[LN46     ] [chunk_16_phase_1_setup.py] [info]   Feature names (24): ['Market_Cap', '52W_Low', 'Prev_Close', 'Price', 'Volume', '52W_High', 'Ticker_id', 'Perf_YTD', 'Perf_Year', 'SMA200', 'Perf_Half_Y', 'Avg_Volume', 'Perf_Quarter', 'SMA50', 'Perf_Month', 'SMA20', 'ATR', 'RSI_14', 'Perf_Week', 'Rel_Volume', 'Change', 'Price_to_52W_High', 'Volume_to_Avg_Volume', 'Price_to_52W_Low']
[LN47     ] [chunk_16_phase_1_setup.py] [info] [data split] Summary:
[LN48     ] [chunk_16_phase_1_setup.py] [info]   Total: 184,408 samples, 32 dates
[LN49     ] [chunk_16_phase_1_setup.py] [info]   train: 119,310 samples (64.7%), dates < 20251009
[LN50     ] [chunk_16_phase_1_setup.py] [info]   validation: 59,175 samples (32.1%), dates >= 20251009
[LN51     ] [chunk_16_phase_1_setup.py] [info]   Inference: 5,923 samples (3.2%), date = 20251023
[LN52     ] [chunk_17_phase_3_temporal.py] [info] Processing 184408 samples with temporal weighting
[LN53     ] [chunk_17_phase_3_temporal.py] [info] Extracted 9 temporal features
[LN54     ] [chunk_17_phase_3_temporal.py] [info] Temporal weights: min=1.000, max=10.000, mean=5.815
[LN55     ] [chunk_XX_phase_feature_analysis_a.py] [info] Phase Xa: Raw Feature Importance Analysis - Starting
[LN56     ] [chunk_XX_phase_feature_analysis_a.py] [info] Subsampling 184408 -> 100000 for feature analysis
[LN57     ] [chunk_XX_phase_feature_analysis_a.py] [info] Analyzing 24 raw features on 100000 samples
[LN58     ] [chunk_XX_feature_importance.py] [info] Starting 6-method feature importance analysis
[LN59     ] [chunk_XX_feature_importance.py] [info] Features: 24, Samples: 100000
[LN60     ] [chunk_XX_feature_importance.py] [info]   Method 1/6: Statistical Correlation (label_threshold=20.0, +0.601%, kept 19/24) Done in 0.4s: Change=0.038873 | SMA20=0.029064 | Perf_Half_Y=0.027145 | Perf_Week=0.025326 | Market_Cap=0.022936 | Perf_YTD=0.022405 | SMA50=0.021675 | Perf_Month=0.019955 | Perf_Year=0.017525 | Volume=0.014913 | Price_to_52W_High=0.012989 | Avg_Volume=0.012834 | Prev_Close=0.011758 | Rel_Volume=0.010800 | Price=0.010739 | Price_to_52W_Low=0.010269 | 52W_Low=0.008274 | Perf_Quarter=0.006780 | 52W_High=0.004372
[LN61     ] [chunk_XX_feature_importance.py] [info]   Method 2/6: Tree-Based Importance (label_threshold=20.0, +0.601%, kept 19/24) Done in 86.0s: Price_to_52W_High=0.070073 | 52W_Low=0.068314 | Rel_Volume=0.066749 | Perf_Week=0.062517 | Volume=0.062410 | Market_Cap=0.058348 | Change=0.053253 | Prev_Close=0.045351 | Price_to_52W_Low=0.044892 | SMA20=0.040512 | Perf_Half_Y=0.036889 | Avg_Volume=0.035458 | Perf_Month=0.033617 | SMA50=0.031961 | Perf_Year=0.030958 | Perf_YTD=0.028899 | Price=0.028162 | Perf_Quarter=0.027543 | 52W_High=0.026819
[LN62     ] [chunk_XX_feature_importance.py] [info]   Method 3/6: Permutation Importance (label_threshold=20.0, +0.601%, baseline AUC=0.5000, kept 19/24) Done in 55.4s: Market_Cap=0.000000 | 52W_Low=0.000000 | Prev_Close=0.000000 | Price=0.000000 | Volume=0.000000 | 52W_High=0.000000 | Perf_YTD=0.000000 | Perf_Year=0.000000 | Perf_Half_Y=0.000000 | Avg_Volume=0.000000 | Perf_Quarter=0.000000 | SMA50=0.000000 | Perf_Month=0.000000 | SMA20=0.000000 | Perf_Week=0.000000 | Rel_Volume=0.000000 | Change=0.000000 | Price_to_52W_High=0.000000 | Price_to_52W_Low=0.000000
[LN63     ] [chunk_XX_feature_importance.py] [info]   Method 4/6: Neural Weight Analysis (label_threshold=20.0, +0.601%, kept 19/24) Done in 4.3s: 52W_High=0.182047 | Market_Cap=0.163637 | Prev_Close=0.162950 | Rel_Volume=0.160405 | Price_to_52W_High=0.155897 | SMA20=0.155177 | 52W_Low=0.155115 | Perf_Year=0.154997 | Volume=0.151966 | Price=0.149072 | Perf_YTD=0.145902 | Perf_Week=0.138809 | Perf_Quarter=0.138631 | Perf_Half_Y=0.133433 | Change=0.132754 | Perf_Month=0.132748 | Price_to_52W_Low=0.132381 | SMA50=0.132324 | Avg_Volume=0.072058
[LN64     ] [chunk_XX_feature_importance.py] [info]   Method 5/6: SHAP Values (label_threshold=20.0, +0.601%, kept 19/24) Done in 11.3s: Avg_Volume=0.000949 | Perf_Half_Y=0.000005 | Perf_Year=0.000004 | Prev_Close=0.000003 | Perf_YTD=0.000003 | Perf_Quarter=0.000003 | Perf_Week=0.000002 | Price=0.000002 | SMA50=0.000001 | Price_to_52W_Low=0.000001 | SMA20=0.000001 | Perf_Month=0.000001 | Price_to_52W_High=0.000000 | 52W_Low=0.000000 | Rel_Volume=0.000000 | Market_Cap=0.000000 | 52W_High=0.000000 | Volume=0.000000 | Change=0.000000
[LN65     ] [chunk_XX_feature_importance.py] [info]   Method 6/6: Ablation Study (label_threshold=20.0, +0.601%, kept 19/24) Done in 107.7s: 52W_Low=0.838063 | SMA20=0.787606 | Perf_Quarter=0.785754 | SMA50=0.782266 | Price_to_52W_High=0.780691 | Change=0.777767 | Perf_Month=0.777387 | Perf_Week=0.774548 | Prev_Close=0.773897 | Price=0.769835 | Market_Cap=0.767032 | Perf_YTD=0.690944 | Rel_Volume=0.680735 | 52W_High=0.671990 | Price_to_52W_Low=0.654399 | Perf_Half_Y=0.643247 | Volume=0.590904 | Perf_Year=0.590667 | Avg_Volume=0.473451
[LN66     ] [chunk_XX_feature_importance.py] [info]   Consolidated ranking (label_threshold=20.0, +0.601%, kept 19/24): #1 Price_to_52W_High=10.08 | #2 52W_Low=10.58 | #2 Prev_Close=10.58 | #4 Market_Cap=11.58 | #5 Perf_Half_Y=13.08 | #6 SMA20=14.92 | #7 Perf_Week=15.25 | #7 Price=15.25 | #10 Volume=16.58 | #10 Rel_Volume=16.58 | #10 Avg_Volume=16.58 | #12 52W_High=17.08 | #13 Perf_Month=17.58 | #14 Change=17.75 | #14 Perf_Quarter=17.75 | #16 Perf_YTD=17.92 | #16 Price_to_52W_Low=17.92 | #18 SMA50=18.25 | #19 Perf_Year=18.42
[LN67     ] [chunk_XX_feature_importance.py] [info]   Consolidated pruning (label_threshold=20.0, +0.601%, pruned 5/24): #20 RSI_14=18.75 | #21 Volume_to_Avg_Volume=21.08 | #22 SMA200=21.25 | #23 ATR=21.75 | #24 Ticker_id=23.42
[LN68     ] [chunk_XX_feature_importance.py] [info]   Method 1/6: Statistical Correlation (label_threshold=10.0, +2.182%, kept 19/24) Done in 2.4s: Change=0.038873 | SMA20=0.029064 | Perf_Half_Y=0.027145 | Perf_Week=0.025326 | Market_Cap=0.022936 | Perf_YTD=0.022405 | SMA50=0.021675 | Perf_Month=0.019955 | Perf_Year=0.017525 | Volume=0.014913 | Price_to_52W_High=0.012989 | Avg_Volume=0.012834 | Prev_Close=0.011758 | Rel_Volume=0.010800 | Price=0.010739 | Price_to_52W_Low=0.010269 | 52W_Low=0.008274 | Perf_Quarter=0.006780 | 52W_High=0.004372
[LN69     ] [chunk_XX_feature_importance.py] [info]   Method 2/6: Tree-Based Importance (label_threshold=10.0, +2.182%, kept 19/24) Done in 81.2s: 52W_Low=0.138357 | Change=0.079618 | Perf_Week=0.063773 | SMA20=0.059042 | Price_to_52W_High=0.057823 | SMA50=0.046441 | Volume=0.045782 | Rel_Volume=0.044570 | Market_Cap=0.040232 | Perf_Month=0.038582 | Price_to_52W_Low=0.038377 | Prev_Close=0.035893 | Price=0.030295 | Perf_Year=0.030052 | Perf_Half_Y=0.027868 | Perf_Quarter=0.027146 | Perf_YTD=0.025546 | 52W_High=0.023916 | Avg_Volume=0.021955
[LN70     ] [chunk_XX_feature_importance.py] [info]   Method 3/6: Permutation Importance (label_threshold=10.0, +2.182%, baseline AUC=0.4469, kept 19/24) Done in 59.1s: Prev_Close=0.002852 | Price=0.002552 | Perf_Month=0.000715 | Price_to_52W_High=0.000504 | SMA20=0.000247 | SMA50=0.000239 | Market_Cap=0.000166 | Price_to_52W_Low=0.000131 | 52W_Low=0.000123 | Perf_Half_Y=0.000121 | Perf_Quarter=0.000117 | Perf_Year=0.000116 | Perf_Week=0.000113 | Perf_YTD=0.000065 | 52W_High=0.000028 | Rel_Volume=0.000012 | Change=0.000003 | Avg_Volume=0.000000 | Volume=0.000000
[LN71     ] [chunk_XX_feature_importance.py] [info]   Method 4/6: Neural Weight Analysis (label_threshold=10.0, +2.182%, kept 19/24) Done in 4.3s: 52W_Low=0.192658 | Prev_Close=0.168378 | Price=0.160282 | Volume=0.158579 | 52W_High=0.158293 | Perf_Quarter=0.156862 | Market_Cap=0.151849 | Price_to_52W_High=0.146494 | Rel_Volume=0.146330 | Perf_Month=0.144947 | Perf_YTD=0.144630 | Perf_Week=0.143663 | SMA20=0.137743 | Change=0.137051 | SMA50=0.136301 | Perf_Half_Y=0.132348 | Price_to_52W_Low=0.130884 | Perf_Year=0.125630 | Avg_Volume=0.067727
[LN72     ] [chunk_XX_feature_importance.py] [info]   Method 5/6: SHAP Values (label_threshold=10.0, +2.182%, kept 19/24) Done in 11.0s: Avg_Volume=0.002363 | Perf_Year=0.000058 | Price=0.000046 | Perf_YTD=0.000037 | Perf_Half_Y=0.000029 | Prev_Close=0.000023 | Perf_Month=0.000017 | Perf_Quarter=0.000014 | Perf_Week=0.000008 | Price_to_52W_High=0.000007 | SMA50=0.000005 | SMA20=0.000003 | Price_to_52W_Low=0.000003 | Market_Cap=0.000002 | Volume=0.000002 | 52W_High=0.000001 | 52W_Low=0.000001 | Change=0.000001 | Rel_Volume=0.000000
[LN73     ] [chunk_XX_feature_importance.py] [info]   Method 6/6: Ablation Study (label_threshold=10.0, +2.182%, kept 19/24) Done in 108.4s: 52W_Low=0.795822 | Change=0.761141 | Perf_Week=0.753198 | Price_to_52W_High=0.743239 | Prev_Close=0.741245 | SMA20=0.740495 | Price=0.738462 | Perf_Month=0.733618 | SMA50=0.728560 | Market_Cap=0.715686 | Perf_Half_Y=0.715458 | Perf_YTD=0.709635 | Perf_Quarter=0.694135 | Perf_Year=0.690939 | 52W_High=0.668510 | Price_to_52W_Low=0.640141 | Rel_Volume=0.640053 | Volume=0.585386 | Avg_Volume=0.496984
[LN74     ] [chunk_XX_feature_importance.py] [info]   Consolidated ranking (label_threshold=10.0, +2.182%, kept 19/24): #2 52W_Low=9.00 | #2 Prev_Close=9.00 | #2 Price_to_52W_High=9.00 | #4 Price=9.67 | #5 Market_Cap=11.67 | #6 Perf_Month=13.00 | #7 Perf_Half_Y=13.50 | #8 Perf_Week=14.50 | #9 SMA20=14.83 | #10 SMA50=16.17 | #11 Change=17.00 | #12 Volume=17.08 | #13 Perf_Quarter=17.33 | #14 52W_High=18.00 | #15 Price_to_52W_Low=18.17 | #16 Perf_YTD=18.33 | #17 Perf_Year=19.17 | #18 Avg_Volume=19.75 | #19 Rel_Volume=20.67
[LN75     ] [chunk_XX_feature_importance.py] [info]   Consolidated pruning (label_threshold=10.0, +2.182%, pruned 5/24): #20 SMA200=20.83 | #21 RSI_14=20.92 | #22 ATR=23.17 | #23 Ticker_id=24.08 | #24 Volume_to_Avg_Volume=25.17
[LN76     ] [chunk_XX_feature_importance.py] [info]   Method 1/6: Statistical Correlation (label_threshold=0.0, +52.060%, kept 19/24) Done in 2.4s: Change=0.038873 | SMA20=0.029064 | Perf_Half_Y=0.027145 | Perf_Week=0.025326 | RSI_14=0.024932 | Market_Cap=0.022936 | Perf_YTD=0.022405 | SMA50=0.021675 | Perf_Month=0.019955 | Volume=0.014913 | Price_to_52W_High=0.012989 | Avg_Volume=0.012834 | Prev_Close=0.011758 | Rel_Volume=0.010800 | Price=0.010739 | Price_to_52W_Low=0.010269 | 52W_Low=0.008274 | ATR=0.004425 | 52W_High=0.004372
[LN77     ] [chunk_XX_feature_importance.py] [info]   Method 2/6: Tree-Based Importance (label_threshold=0.0, +52.060%, kept 19/24) Done in 81.2s: Change=0.120119 | ATR=0.076927 | Volume=0.067702 | Rel_Volume=0.067190 | Perf_Week=0.050698 | SMA20=0.048458 | Market_Cap=0.041054 | Perf_Half_Y=0.040651 | SMA50=0.039701 | Price_to_52W_Low=0.038714 | RSI_14=0.038237 | Perf_Month=0.036462 | Perf_YTD=0.035392 | 52W_Low=0.030660 | Price_to_52W_High=0.028421 | Avg_Volume=0.027925 | 52W_High=0.026730 | Prev_Close=0.023917 | Price=0.021690
[LN78     ] [chunk_XX_feature_importance.py] [info]   Method 3/6: Permutation Importance (label_threshold=0.0, +52.060%, baseline AUC=0.4896, kept 19/24) Done in 56.1s: SMA50=0.000029 | Perf_YTD=0.000028 | 52W_Low=0.000023 | Perf_Month=0.000021 | Volume=0.000018 | Market_Cap=0.000017 | Perf_Week=0.000013 | Price_to_52W_High=0.000012 | Price_to_52W_Low=0.000011 | Change=0.000004 | ATR=0.000002 | 52W_High=0.000002 | Rel_Volume=0.000002 | SMA20=0.000000 | Prev_Close=0.000000 | Price=0.000000 | Avg_Volume=0.000000 | Perf_Half_Y=0.000000 | RSI_14=0.000000
[LN79     ] [chunk_XX_feature_importance.py] [info]   Method 4/6: Neural Weight Analysis (label_threshold=0.0, +52.060%, kept 19/24) Done in 4.4s: RSI_14=0.176820 | Rel_Volume=0.167409 | ATR=0.162005 | 52W_High=0.161582 | Market_Cap=0.157782 | Price=0.152252 | Volume=0.146618 | Price_to_52W_High=0.146231 | Price_to_52W_Low=0.143997 | SMA20=0.142908 | Perf_Half_Y=0.133884 | Perf_YTD=0.131571 | Prev_Close=0.130665 | Perf_Month=0.127280 | Perf_Week=0.127003 | Change=0.119378 | SMA50=0.118144 | 52W_Low=0.115715 | Avg_Volume=0.075850
[LN80     ] [chunk_XX_feature_importance.py] [info]   Method 5/6: SHAP Values (label_threshold=0.0, +52.060%, kept 19/24) Done in 10.8s: Avg_Volume=0.022345 | RSI_14=0.000021 | Prev_Close=0.000015 | Price=0.000015 | Perf_Half_Y=0.000013 | Perf_YTD=0.000010 | Price_to_52W_Low=0.000004 | Change=0.000004 | SMA20=0.000004 | Perf_Month=0.000003 | SMA50=0.000003 | Volume=0.000003 | Perf_Week=0.000003 | Market_Cap=0.000002 | Price_to_52W_High=0.000002 | Rel_Volume=0.000001 | 52W_Low=0.000001 | 52W_High=0.000000 | ATR=0.000000
[LN81     ] [chunk_XX_feature_importance.py] [info]   Method 6/6: Ablation Study (label_threshold=0.0, +52.060%, kept 19/24) Done in 108.7s: Change=0.531313 | SMA50=0.522471 | SMA20=0.521284 | ATR=0.520298 | Perf_Month=0.517778 | 52W_Low=0.517568 | 52W_High=0.515267 | Price_to_52W_Low=0.514940 | Volume=0.513992 | Perf_YTD=0.513879 | Rel_Volume=0.513863 | Avg_Volume=0.511682 | Price_to_52W_High=0.510908 | Prev_Close=0.510510 | Price=0.510255 | Perf_Week=0.509484 | RSI_14=0.508607 | Market_Cap=0.507508 | Perf_Half_Y=0.494436
[LN82     ] [chunk_XX_feature_importance.py] [info]   Consolidated ranking (label_threshold=0.0, +52.060%, kept 19/24): #1 Volume=12.50 | #2 Market_Cap=13.17 | #3 Change=14.17 | #4 Price_to_52W_Low=14.50 | #5 Perf_Month=14.83 | #7 Price_to_52W_High=15.17 | #7 SMA50=15.17 | #7 52W_Low=15.17 | #9 Perf_Half_Y=15.42 | #10 Perf_YTD=16.00 | #11 SMA20=16.25 | #12 Rel_Volume=16.83 | #13 ATR=17.00 | #14 52W_High=17.17 | #15 RSI_14=17.42 | #15 Price=17.42 | #17 Prev_Close=17.92 | #17 Avg_Volume=17.92 | #19 Perf_Week=18.33
[LN83     ] [chunk_XX_feature_importance.py] [info]   Consolidated pruning (label_threshold=0.0, +52.060%, pruned 5/24): #19 SMA200=18.33 | #21 Perf_Quarter=18.67 | #22 Perf_Year=19.17 | #23 Ticker_id=20.17 | #24 Volume_to_Avg_Volume=21.33
[LN84     ] [chunk_XX_feature_importance.py] [info] [cross-threshold] Always pruned (3/3): ['SMA200', 'Ticker_id', 'Volume_to_Avg_Volume']
[LN85     ] [chunk_XX_feature_importance.py] [info] [cross-threshold] Never pruned (0/3): ['52W_High', '52W_Low', 'Avg_Volume', 'Change', 'Market_Cap', 'Perf_Half_Y', 'Perf_Month', 'Perf_Week', 'Perf_YTD', 'Prev_Close', 'Price', 'Price_to_52W_High', 'Price_to_52W_Low', 'Rel_Volume', 'SMA20', 'SMA50', 'Volume']
[LN86     ] [chunk_XX_feature_importance.py] [info] [cross-threshold] Borderline: {'ATR': 2, 'Perf_Quarter': 1, 'Perf_Year': 1, 'RSI_14': 2}
[LN87     ] [chunk_XX_feature_importance.py] [info] Computing feature correlation matrix...
[LN88     ] [chunk_XX_feature_importance.py] [info] total time: 795.2s (13.3 min)
[LN89     ] [chunk_XX_feature_importance.py] [info] features: 24 total -> 19 kept, 5 pruned
[LN90     ] [chunk_XX_feature_importance.py] [info] dropped: ['Ticker_id', 'SMA200', 'ATR', 'RSI_14', 'Volume_to_Avg_Volume']
[LN91     ] [chunk_XX_feature_importance.py] [info] ================================================================================
FEATURE IMPORTANCE ANALYSIS REPORT
================================================================================

Original features: 24 | After pruning: 19 | Dropped: 5
Runtime: 13.3 min
  - Correlation: 0.0s
  - Tree: 0.0s
  - Permutation: 0.0s
  - Neural: 0.0s
  - shap: 0.0s
  - Ablation: 0.0s

Dropped features: ['Ticker_id', 'SMA200', 'ATR', 'RSI_14', 'Volume_to_Avg_Volume']
Kept features: ['Price_to_52W_High', '52W_Low', 'Prev_Close', 'Market_Cap', 'Perf_Half_Y', 'SMA20', 'Perf_Week', 'Price', 'Volume', 'Rel_Volume', 'Avg_Volume', '52W_High', 'Perf_Month', 'Change', 'Perf_Quarter', 'Perf_YTD', 'Price_to_52W_Low', 'SMA50', 'Perf_Year']

--------------------------------------------------------------------------------
CONSOLIDATED RANKING (1 = most important)
--------------------------------------------------------------------------------
             feature  mean_rank  consolidated_rank
   Price_to_52W_High  10.083333                1.0
             52W_Low  10.583333                2.5
          Prev_Close  10.583333                2.5
          Market_Cap  11.583333                4.0
         Perf_Half_Y  13.083333                5.0
               SMA20  14.916667                6.0
           Perf_Week  15.250000                7.5
               Price  15.250000                7.5
              Volume  16.583333               10.0
          Rel_Volume  16.583333               10.0
          Avg_Volume  16.583333               10.0
            52W_High  17.083333               12.0
          Perf_Month  17.583333               13.0
              Change  17.750000               14.5
        Perf_Quarter  17.750000               14.5
            Perf_YTD  17.916667               16.5
    Price_to_52W_Low  17.916667               16.5
               SMA50  18.250000               18.0
           Perf_Year  18.416667               19.0
              RSI_14  18.750000               20.0
Volume_to_Avg_Volume  21.083333               21.0
              SMA200  21.250000               22.0
                 ATR  21.750000               23.0
           Ticker_id  23.416667               24.0

--------------------------------------------------------------------------------
TOP FEATURES PER METHOD
--------------------------------------------------------------------------------

Spearman Correlation:
            feature  rank  spearman_abs
      Perf_Half_Y  17.0      0.027145
       Market_Cap  19.0      0.022936
Price_to_52W_High  19.0      0.012989
          52W_Low  22.0      0.008274
       Prev_Close  26.0      0.011758

Tree Importance (RF+GBM):
            feature  rank  combined_importance
Price_to_52W_High   1.0             0.070073
          52W_Low   2.0             0.068314
       Rel_Volume   3.0             0.066749
        Perf_Week   4.0             0.062517
           Volume   5.0             0.062410

Permutation Importance:
     feature  rank
Market_Cap  12.5
   52W_Low  12.5
Prev_Close  12.5
     Price  12.5
    Volume  12.5

Neural Weight Magnitude:
     feature  rank
  52W_High   1.0
Market_Cap   2.0
Prev_Close   3.0
       ATR   4.0
    RSI_14   5.0

SHAP Values:
      feature  rank  mean_abs_shap
 Avg_Volume   1.0       0.000949
  Ticker_id   2.0       0.000116
Perf_Half_Y   3.0       0.000005
  Perf_Year   4.0       0.000004
 Prev_Close   5.0       0.000003

Ablation Study (AUC):
            feature  rank      auc
          52W_Low   1.0 0.838063
            SMA20   2.0 0.787606
     Perf_Quarter   3.0 0.785754
            SMA50   4.0 0.782266
Price_to_52W_High   5.0 0.780691

================================================================================
[LN92     ] [chunk_XX_feature_importance.py] [info] Report saved to ./feature_importance_report.txt
[LN93     ] [chunk_XX_feature_importance.py] [info] Consolidated ranking saved to ./feature_importance_report.csv
[LN94     ] [chunk_XX_feature_importance.py] [info] Metadata saved to ./feature_importance_report_meta.json
[LN95     ] [chunk_XX_phase_feature_analysis_a.py] [info] complete: 24 raw features (per-threshold pruning stored)
[LN96     ] [chunk_XX_phase_feature_analysis_a.py] [info]   First threshold (20.0): 19 kept
[LN97     ] [chunk_20_pipeline_main.py] [info] [skip] Phase Xa: Raw Feature Importance validation skipped (no validator)
[LN98     ] [chunk_18_phase_4_ensemble.py] [info] Target column: ChangeY
[LN99     ] [chunk_18_phase_4_ensemble.py] [info] Features (24): ['Market_Cap', '52W_Low', 'Prev_Close', 'Price', 'Volume', '52W_High', 'Ticker_id', 'Perf_YTD', 'Perf_Year', 'SMA200', 'Perf_Half_Y', 'Avg_Volume', 'Perf_Quarter', 'SMA50', 'Perf_Month', 'SMA20', 'ATR', 'RSI_14', 'Perf_Week', 'Rel_Volume', 'Change', 'Price_to_52W_High', 'Volume_to_Avg_Volume', 'Price_to_52W_Low']
[LN100    ] [chunk_18_phase_4_ensemble.py] [info] Per-threshold feature pruning loaded for 3 thresholds
[LN101    ] [chunk_18_phase_4_ensemble.py] [info] Training ensemble on 184408 samples
[LN102    ] [chunk_18_phase_4_ensemble.py] [info] Date split: 32 total, top 2 held out
[LN103    ] [chunk_18_phase_4_ensemble.py] [info]   Remaining dates: 30 (after excluding top 2)
[LN104    ] [chunk_18_phase_4_ensemble.py] [info]   Validation split: 30% = 9 dates
[LN105    ] [chunk_18_phase_4_ensemble.py] [info]   Training split: 70% = 21 dates
[LN106    ] [chunk_18_phase_4_ensemble.py] [info] Training set: 119,310 rows, 21 unique dates
[LN107    ] [chunk_18_phase_4_ensemble.py] [info] Validation set: 53,254 rows, 9 unique dates
[LN108    ] [chunk_18_phase_4_ensemble.py] [info] [stat] split ratio: train=70.0% | validation=30.0%
[LN109    ] [chunk_18_phase_4_ensemble.py] [info] [stat] Class Distribution at Label Thresholds (20.0 to 0.0, step -10.0):
[LN110    ] [chunk_18_phase_4_ensemble.py] [info]    LABEL_THRESHOLD= 20.0: train_positives=689 ( 0.58%) | validation_positives=336 ( 0.63%) [ok]
[LN111    ] [chunk_18_phase_4_ensemble.py] [info]    LABEL_THRESHOLD= 10.0: train_positives=2,554 ( 2.14%) | validation_positives=1,197 ( 2.25%) [ok]
[LN112    ] [chunk_18_phase_4_ensemble.py] [info]    LABEL_THRESHOLD=  0.0: train_positives=59,721 (50.06%) | validation_positives=28,774 (54.03%) [ok]
[LN113    ] [chunk_18_phase_4_ensemble.py] [info] [section 1] [baseline] Training 9 architectures
[LN114    ] [chunk_18_phase_4_ensemble.py] [info] [section 1] [baseline] Testing 3 thresholds per architecture (20.0 to 0.0, step -10.0)
[LN115    ] [chunk_18_phase_4_ensemble.py] [info] [section 1] [CATBOOST] [baseline] Training with threshold optimization...
[LN116    ] [chunk_18_phase_4_ensemble.py] [info] [section 1] [CATBOOST] [baseline] before_threshold_optimization:
[LN117    ] [chunk_18_phase_4_ensemble.py] [info] [section 1] [CATBOOST] [baseline] predictions: mean=0.0085, std=0.0284, min=0.0000, max=0.8721
[LN118    ] [chunk_18_phase_4_ensemble.py] [info] [section 1] [CATBOOST] [baseline]  percentiles: p1=0.0000, p5=0.0001, p10=0.0001, p25=0.0003, p50=0.0010, p75=0.0051, p90=0.0190, p95=0.0375, p99=0.1251, max=0.8721 | histogram: bins[50999,1359,400...2,0,1]
[LN119    ] [chunk_18_phase_4_ensemble.py] [info] [section 1] [CATBOOST] [baseline] Histogram bins: [50999, 1359, 400, 203, 107] ... [1, 3, 2, 0, 1]
[LN120    ] [chunk_18_phase_4_ensemble.py] [info] [section 1] [CATBOOST] [baseline] % positive predictions (prediction_threshold=0.50): 0.04%
[LN121    ] [chunk_18_phase_4_ensemble.py] [info] [section 1] [CATBOOST] [baseline] LABEL_THRESHOLD=20.0,
[LN122    ] [chunk_18_phase_4_ensemble.py] [info] [section 1] [CATBOOST] [baseline] VALIDATION_PRECISION=0.0000 VALIDATION_TRUE_POSITIVES=0 VALIDATION_TRUE_NEGATIVES=52899 validation_false_positives=19 validation_false_negatives=336 validation_max_prediction=0.8721 validation_mean_prediction=0.0085 validation_recall=0.0000 validation_f1=0.0000 validation_auc=0.8429 validation_specificity=0.9996 validation_false_positive_rate=0.0004 validation_f2=0.0000 validation_mcc=-0.0015 validation_prauc=0.0306 validation_balanced_accuracy=0.4998 validation_brier=0.0067 validation_kappa=-0.0007 validation_informedness=-0.0004 validation_markedness=-0.0004 validation_gini=0.6858 validation_optimal_threshold=0.0045 validation_standard_deviation_prediction=0.0284 validation_percentage_above_threshold=0.04
[LN123    ] [chunk_18_phase_4_ensemble.py] [info] [section 1] [CATBOOST] [baseline] prediction_binary_split=0.50 loss=binary_crossentropy, lr=0.001
[LN124    ] [chunk_12_evaluation_evaluator.py] [info] [CATBOOST] LABEL_THRESHOLD=20.0 | Train: 0=118,621,1=689 [ok] | Val: 0=52,918,1=336 [ok]
[LN125    ] [chunk_12_evaluation_evaluator.py] [info] [reject] Skipping threshold 20.0: only 19 positive VALIDATION predictions (min=53)
[LN126    ] [chunk_12_evaluation_evaluator.py] [info] [CATBOOST] LABEL_THRESHOLD=10.0 | Train: 0=116,756,1=2,554 [ok] | Val: 0=52,057,1=1,197 [ok]
[LN127    ] [chunk_12_evaluation_evaluator.py] [info] [CATBOOST] [diagnostic] LABEL_THRESHOLD=10.0 train_precision=0.8549 train_true_positives=1880 train_true_negatives=116437 train_false_positives=319 train_false_negatives=674 train_max_prediction=0.9644 train_mean_prediction=0.0694 train_recall=0.7361 train_f1=0.7911 train_auc=0.9843 train_specificity=0.9973 train_false_positive_rate=0.0027 train_f2=0.7571 train_mcc=0.7892 train_prauc=0.8515 train_balanced_accuracy=0.8667 train_brier=0.0145 train_kappa=0.7869 train_informedness=0.7334 train_markedness=0.8522 train_gini=0.9687 train_optimal_threshold=0.2521 train_standard_deviation_prediction=0.1192 train_percentage_above_threshold=1.84
[LN128    ] [chunk_12_evaluation_evaluator.py] [info] [CATBOOST] [diagnostic] LABEL_THRESHOLD=10.0 VALIDATION_PRECISION=0.1318 VALIDATION_TRUE_POSITIVES=41 VALIDATION_TRUE_NEGATIVES=51787 validation_false_positives=270 validation_false_negatives=1156 validation_max_prediction=0.9356 validation_mean_prediction=0.0568 validation_recall=0.0343 validation_f1=0.0544 validation_auc=0.8216 validation_specificity=0.9948 validation_false_positive_rate=0.0052 validation_f2=0.0402 validation_mcc=0.0565 validation_prauc=0.0791 validation_balanced_accuracy=0.5145 validation_brier=0.0268 validation_kappa=0.0455 validation_informedness=0.0291 validation_markedness=0.1266 validation_gini=0.6432 validation_optimal_threshold=0.0368 validation_standard_deviation_prediction=0.0920 validation_percentage_above_threshold=0.58
[LN129    ] [chunk_12_evaluation_evaluator.py] [info] [CATBOOST] LABEL_THRESHOLD=0.0 | Train: 0=59,589,1=59,721 [ok] | Val: 0=24,480,1=28,774 [ok]
[LN130    ] [chunk_12_evaluation_evaluator.py] [info] [CATBOOST] [diagnostic] LABEL_THRESHOLD=0.0 train_precision=0.6735 train_true_positives=39509 train_true_negatives=40434 train_false_positives=19155 train_false_negatives=20212 train_max_prediction=0.9859 train_mean_prediction=0.5003 train_recall=0.6616 train_f1=0.6675 train_auc=0.7405 train_specificity=0.6785 train_false_positive_rate=0.3215 train_f2=0.6639 train_mcc=0.3402 train_prauc=0.7401 train_balanced_accuracy=0.6701 train_brier=0.2178 train_kappa=0.3401 train_informedness=0.3401 train_markedness=0.3520 train_gini=0.4809 train_optimal_threshold=0.5001 train_standard_deviation_prediction=0.1061 train_percentage_above_threshold=49.17
[LN131    ] [chunk_12_evaluation_evaluator.py] [info] [CATBOOST] [diagnostic] LABEL_THRESHOLD=0.0 VALIDATION_PRECISION=0.5198 VALIDATION_TRUE_POSITIVES=11088 VALIDATION_TRUE_NEGATIVES=14236 validation_false_positives=10244 validation_false_negatives=17686 validation_max_prediction=0.9849 validation_mean_prediction=0.4733 validation_recall=0.3853 validation_f1=0.4426 validation_auc=0.4792 validation_specificity=0.5815 validation_false_positive_rate=0.4185 validation_f2=0.4064 validation_mcc=-0.0337 validation_prauc=0.5458 validation_balanced_accuracy=0.4834 validation_brier=0.2710 validation_kappa=-0.0324 validation_informedness=-0.0331 validation_markedness=0.1013 validation_gini=0.0000 validation_optimal_threshold=0.6555 validation_standard_deviation_prediction=0.1259 validation_percentage_above_threshold=40.06
[LN132    ] [chunk_18_phase_4_ensemble.py] [info] [section 1] [CATBOOST] [label_threshold_optimal]  percentiles: p1=0.2103, p5=0.2815, p10=0.3188, p25=0.3840, p50=0.4661, p75=0.5557, p90=0.6328, p95=0.6839, p99=0.8205, max=0.9849 | histogram: bins[29,121,369...242,113,15]
[LN133    ] [chunk_18_phase_4_ensemble.py] [info] [section 1] [CATBOOST] [label_threshold_optimal] LABEL_THRESHOLD=0.0
[LN134    ] [chunk_18_phase_4_ensemble.py] [info] [section 1] [CATBOOST] [label_threshold_optimal] train_precision=0.6735 train_true_positives=39509 train_true_negatives=40434 train_false_positives=19155 train_false_negatives=20212 train_max_prediction=0.9859 train_mean_prediction=0.5003 train_recall=0.6616 train_f1=0.6675 train_auc=0.7405 train_specificity=0.6785 train_false_positive_rate=0.3215 train_f2=0.6639 train_mcc=0.3402 train_prauc=0.7401 train_balanced_accuracy=0.6701 train_brier=0.2178 train_kappa=0.3401 train_informedness=0.3401 train_markedness=0.3520 train_gini=0.4809 train_optimal_threshold=0.5001 train_standard_deviation_prediction=0.1061 train_percentage_above_threshold=49.17
[LN135    ] [chunk_18_phase_4_ensemble.py] [info] [section 1] [CATBOOST] [label_threshold_optimal] VALIDATION_PRECISION=0.5198 VALIDATION_TRUE_POSITIVES=11088 VALIDATION_TRUE_NEGATIVES=14236 validation_false_positives=10244 validation_false_negatives=17686 validation_max_prediction=0.9849 validation_mean_prediction=0.4733 validation_recall=0.3853 validation_f1=0.4426 validation_auc=0.4792 validation_specificity=0.5815 validation_false_positive_rate=0.4185 validation_f2=0.4064 validation_mcc=-0.0337 validation_prauc=0.5458 validation_balanced_accuracy=0.4834 validation_brier=0.2710 validation_kappa=-0.0324 validation_informedness=-0.0331 validation_markedness=0.1013 validation_gini=0.0000 validation_optimal_threshold=0.6555 validation_standard_deviation_prediction=0.1259 validation_percentage_above_threshold=40.06
[LN136    ] [chunk_18_phase_4_ensemble.py] [info] [section 1] [CATBOOST] [label_threshold_optimal] prediction_binary_split=0.50
[LN137    ] [chunk_21_hyperparam_optimizer.py] [info] [section 2] [CATBOOST] [hyperparameter_optimization search] Running Bayesian optimization (5 trials)...
[LN138    ] [chunk_21_hyperparam_optimizer.py] [info] [section 2] [CATBOOST] [hyperparameter_optimization search baseline] LABEL_THRESHOLD=0.0
[LN139    ] [chunk_21_hyperparam_optimizer.py] [info] [section 2] [CATBOOST] [hyperparameter_optimization search baseline] VALIDATION_PRECISION=0.5193 VALIDATION_TRUE_POSITIVES=10749 VALIDATION_TRUE_NEGATIVES=14528 validation_false_positives=9952 validation_false_negatives=18025 validation_max_prediction=0.9181 validation_mean_prediction=0.4763 validation_recall=0.3736 validation_f1=0.4345 validation_auc=0.4764 validation_specificity=0.5935 validation_false_positive_rate=0.4065 validation_f2=0.3958 validation_mcc=-0.0337 validation_prauc=0.5450 validation_balanced_accuracy=0.4835 validation_brier=0.2637 validation_kappa=-0.0322 validation_informedness=-0.0330 validation_markedness=0.1127 validation_gini=0.0000 validation_optimal_threshold=0.6340 validation_standard_deviation_prediction=0.0960 validation_percentage_above_threshold=38.87
[LN140    ] [chunk_21_hyperparam_optimizer.py] [info] [section 2] [CATBOOST] [hyperparameter_optimization search baseline] TRIAL 1/5: iterations=500, depth=5, learning_rate=0.05, auto_class_weights=SqrtBalanced, l2_leaf_reg=5
[LN141    ] [chunk_21_hyperparam_optimizer.py] [info] [section 2] [CATBOOST] [hyperparameter_optimization search baseline] LABEL_THRESHOLD=0.0
[LN142    ] [chunk_21_hyperparam_optimizer.py] [info] [section 2] [CATBOOST] [hyperparameter_optimization search baseline] VALIDATION_PRECISION=0.5211 VALIDATION_TRUE_POSITIVES=10849 VALIDATION_TRUE_NEGATIVES=14508 validation_false_positives=9972 validation_false_negatives=17925 validation_max_prediction=0.9430 validation_mean_prediction=0.4763 validation_recall=0.3770 validation_f1=0.4375 validation_auc=0.4788 validation_specificity=0.5926 validation_false_positive_rate=0.4074 validation_f2=0.3991 validation_mcc=-0.0310 validation_prauc=0.5489 validation_balanced_accuracy=0.4848 validation_brier=0.2654 validation_kappa=-0.0296 validation_informedness=-0.0303 validation_markedness=0.1137 validation_gini=0.0000 validation_optimal_threshold=0.6443 validation_standard_deviation_prediction=0.1070 validation_percentage_above_threshold=39.10
[LN143    ] [chunk_21_hyperparam_optimizer.py] [info] [section 2] [CATBOOST] [hyperparameter_optimization search baseline] TRIAL 2/5: iterations=300, depth=6, learning_rate=0.08, auto_class_weights=SqrtBalanced, l2_leaf_reg=3
[LN144    ] [chunk_21_hyperparam_optimizer.py] [info] [section 2] [CATBOOST] [hyperparameter_optimization search baseline] LABEL_THRESHOLD=0.0
[LN145    ] [chunk_21_hyperparam_optimizer.py] [info] [section 2] [CATBOOST] [hyperparameter_optimization search baseline] VALIDATION_PRECISION=0.5200 VALIDATION_TRUE_POSITIVES=10658 VALIDATION_TRUE_NEGATIVES=14640 validation_false_positives=9840 validation_false_negatives=18116 validation_max_prediction=0.9224 validation_mean_prediction=0.4766 validation_recall=0.3704 validation_f1=0.4326 validation_auc=0.4777 validation_specificity=0.5980 validation_false_positive_rate=0.4020 validation_f2=0.3930 validation_mcc=-0.0323 validation_prauc=0.5471 validation_balanced_accuracy=0.4842 validation_brier=0.2637 validation_kappa=-0.0308 validation_informedness=-0.0316 validation_markedness=0.1180 validation_gini=0.0000 validation_optimal_threshold=0.6265 validation_standard_deviation_prediction=0.0978 validation_percentage_above_threshold=38.49
[LN146    ] [chunk_21_hyperparam_optimizer.py] [info] [section 2] [CATBOOST] [hyperparameter_optimization search baseline] TRIAL 3/5: iterations=500, depth=5, learning_rate=0.05, auto_class_weights=Balanced, l2_leaf_reg=3
[LN147    ] [chunk_21_hyperparam_optimizer.py] [info] [section 2] [CATBOOST] [hyperparameter_optimization search baseline] LABEL_THRESHOLD=0.0
[LN148    ] [chunk_21_hyperparam_optimizer.py] [info] [section 2] [CATBOOST] [hyperparameter_optimization search baseline] VALIDATION_PRECISION=0.5211 VALIDATION_TRUE_POSITIVES=10733 VALIDATION_TRUE_NEGATIVES=14615 validation_false_positives=9865 validation_false_negatives=18041 validation_max_prediction=0.9749 validation_mean_prediction=0.4724 validation_recall=0.3730 validation_f1=0.4348 validation_auc=0.4809 validation_specificity=0.5970 validation_false_positive_rate=0.4030 validation_f2=0.3955 validation_mcc=-0.0307 validation_prauc=0.5466 validation_balanced_accuracy=0.4850 validation_brier=0.2671 validation_kappa=-0.0292 validation_informedness=-0.0300 validation_markedness=0.1181 validation_gini=0.0000 validation_optimal_threshold=0.6379 validation_standard_deviation_prediction=0.1112 validation_percentage_above_threshold=38.68
[LN149    ] [chunk_21_hyperparam_optimizer.py] [info] [section 2] [CATBOOST] [hyperparameter_optimization search baseline] TRIAL 4/5: iterations=400, depth=5, learning_rate=0.1, auto_class_weights=SqrtBalanced, l2_leaf_reg=7
[LN150    ] [chunk_21_hyperparam_optimizer.py] [info] [section 2] [CATBOOST] [hyperparameter_optimization search baseline] LABEL_THRESHOLD=0.0
[LN151    ] [chunk_21_hyperparam_optimizer.py] [info] [section 2] [CATBOOST] [hyperparameter_optimization search baseline] VALIDATION_PRECISION=0.5197 VALIDATION_TRUE_POSITIVES=10755 VALIDATION_TRUE_NEGATIVES=14541 validation_false_positives=9939 validation_false_negatives=18019 validation_max_prediction=0.9590 validation_mean_prediction=0.4750 validation_recall=0.3738 validation_f1=0.4348 validation_auc=0.4772 validation_specificity=0.5940 validation_false_positive_rate=0.4060 validation_f2=0.3960 validation_mcc=-0.0330 validation_prauc=0.5475 validation_balanced_accuracy=0.4839 validation_brier=0.2656 validation_kappa=-0.0315 validation_informedness=-0.0322 validation_markedness=0.1137 validation_gini=0.0000 validation_optimal_threshold=0.6361 validation_standard_deviation_prediction=0.1050 validation_percentage_above_threshold=38.86
[LN152    ] [chunk_21_hyperparam_optimizer.py] [info] [section 2] [CATBOOST] [hyperparameter_optimization search baseline] TRIAL 5/5: iterations=500, depth=6, learning_rate=0.05, auto_class_weights=SqrtBalanced, l2_leaf_reg=5
[LN153    ] [chunk_21_hyperparam_optimizer.py] [info] [section 2] [CATBOOST] [best trial] LABEL_THRESHOLD=0.0
[LN154    ] [chunk_21_hyperparam_optimizer.py] [info] [section 2] [CATBOOST] [best trial] VALIDATION_PRECISION=0.5211 VALIDATION_TRUE_POSITIVES=10733 VALIDATION_TRUE_NEGATIVES=14615 validation_false_positives=9865 validation_false_negatives=18041 validation_max_prediction=0.9749 validation_mean_prediction=0.4724 validation_recall=0.3730 validation_f1=0.4348 validation_auc=0.4809 validation_specificity=0.5970 validation_false_positive_rate=0.4030 validation_f2=0.3955 validation_mcc=-0.0307 validation_prauc=0.5466 validation_balanced_accuracy=0.4850 validation_brier=0.2671 validation_kappa=-0.0292 validation_informedness=-0.0300 validation_markedness=0.1181 validation_gini=0.0000 validation_optimal_threshold=0.6379 validation_standard_deviation_prediction=0.1112 validation_percentage_above_threshold=38.68
[LN155    ] [chunk_21_hyperparam_optimizer.py] [info] [section 2] [CATBOOST] [best trial] iterations=400, depth=5, learning_rate=0.1, auto_class_weights=SqrtBalanced, l2_leaf_reg=7
[LN156    ] [chunk_18_phase_4_ensemble.py] [info]    [diagnostic-hyperparameter_optimization]  percentiles: p1=0.2300, p5=0.3017, p10=0.3369, p25=0.3948, p50=0.4668, p75=0.5452, p90=0.6154, p95=0.6573, p99=0.7742, max=0.9749 | histogram: bins[20,58,279...142,24,1]
[LN157    ] [chunk_18_phase_4_ensemble.py] [info]    hyperparameter_optimization improved: 0.5211 > 0.5198
[LN158    ] [chunk_18_phase_4_ensemble.py] [info] [section 3] [CATBOOST] [HYPERPARAMETER_OPTIMIZATION] LABEL_THRESHOLD=0.0,
[LN159    ] [chunk_18_phase_4_ensemble.py] [info] [section 3] [CATBOOST] [HYPERPARAMETER_OPTIMIZATION] VALIDATION_PRECISION=0.5211 VALIDATION_TRUE_POSITIVES=10733 VALIDATION_TRUE_NEGATIVES=14615 validation_false_positives=9865 validation_false_negatives=18041 validation_max_prediction=0.9749 validation_mean_prediction=0.4724 validation_recall=0.3730 validation_f1=0.4348 validation_auc=0.4809 validation_specificity=0.5970 validation_false_positive_rate=0.4030 validation_f2=0.3955 validation_mcc=-0.0307 validation_prauc=0.5466 validation_balanced_accuracy=0.4850 validation_brier=0.2671 validation_kappa=-0.0292 validation_informedness=-0.0300 validation_markedness=0.1181 validation_gini=0.0000 validation_optimal_threshold=0.6379 validation_standard_deviation_prediction=0.1112 validation_percentage_above_threshold=38.68
[LN160    ] [chunk_18_phase_4_ensemble.py] [info] [section 3] [CATBOOST] [HYPERPARAMETER_OPTIMIZATION] prediction_binary_split=0.50 hyperparams=(loss=binary_crossentropy lr=0.1 dropout=0.1 alpha=0.0 gamma=0.0 latent_dim=0) improved=True {'iterations': 400, 'depth': 5, 'learning_rate': 0.1, 'auto_class_weights': 'SqrtBalanced', 'l2_leaf_reg': 7}
[LN161    ] [chunk_18_phase_4_ensemble.py] [info]    Running post hyperparameter_optimization threshold search for CatBoost...
[LN162    ] [chunk_12_evaluation_evaluator.py] [info] [CATBOOST] LABEL_THRESHOLD=20.0 | Train: 0=118,621,1=689 [ok] | Val: 0=52,918,1=336 [ok]
[LN163    ] [chunk_12_evaluation_evaluator.py] [info] [CATBOOST] [reject] skipping LABEL_THRESHOLD=20.0: precision=0.0127 <= baseline+0.0100=0.0163
[LN164    ] [chunk_12_evaluation_evaluator.py] [info] [CATBOOST] LABEL_THRESHOLD=10.0 | Train: 0=116,756,1=2,554 [ok] | Val: 0=52,057,1=1,197 [ok]
[LN165    ] [chunk_12_evaluation_evaluator.py] [info] [CATBOOST] [reject] skipping LABEL_THRESHOLD=10.0: precision=0.0244 <= baseline+0.0100=0.0325
[LN166    ] [chunk_12_evaluation_evaluator.py] [info] [CATBOOST] LABEL_THRESHOLD=0.0 | Train: 0=59,589,1=59,721 [ok] | Val: 0=24,480,1=28,774 [ok]
[LN167    ] [chunk_12_evaluation_evaluator.py] [info] [CATBOOST] [diagnostic] LABEL_THRESHOLD=0.0 train_precision=0.6119 train_true_positives=35491 train_true_negatives=37081 train_false_positives=22508 train_false_negatives=24230 train_max_prediction=0.9823 train_mean_prediction=0.5003 train_recall=0.5943 train_f1=0.6030 train_auc=0.6565 train_specificity=0.6223 train_false_positive_rate=0.3777 train_f2=0.5977 train_mcc=0.2166 train_prauc=0.6566 train_balanced_accuracy=0.6083 train_brier=0.2323 train_kappa=0.2166 train_informedness=0.2166 train_markedness=0.2342 train_gini=0.3130 train_optimal_threshold=0.4974 train_standard_deviation_prediction=0.0945 train_percentage_above_threshold=48.61
[LN168    ] [chunk_12_evaluation_evaluator.py] [info] [CATBOOST] [diagnostic] LABEL_THRESHOLD=0.0 VALIDATION_PRECISION=0.5211 VALIDATION_TRUE_POSITIVES=10733 VALIDATION_TRUE_NEGATIVES=14615 validation_false_positives=9865 validation_false_negatives=18041 validation_max_prediction=0.9749 validation_mean_prediction=0.4724 validation_recall=0.3730 validation_f1=0.4348 validation_auc=0.4809 validation_specificity=0.5970 validation_false_positive_rate=0.4030 validation_f2=0.3955 validation_mcc=-0.0307 validation_prauc=0.5466 validation_balanced_accuracy=0.4850 validation_brier=0.2671 validation_kappa=-0.0292 validation_informedness=-0.0300 validation_markedness=0.1181 validation_gini=0.0000 validation_optimal_threshold=0.6379 validation_standard_deviation_prediction=0.1112 validation_percentage_above_threshold=38.68
[LN169    ] [chunk_18_phase_4_ensemble.py] [info]    hyperparameter_optimization model threshold search: LABEL_THRESHOLD=0.0, VALIDATION_PRECISION=0.5211
[LN170    ] [chunk_18_phase_4_ensemble.py] [info]    post hyperparameter_optimization threshold search: LABEL_THRESHOLD=0.0, VALIDATION_PRECISION=0.5211
[LN171    ] [chunk_18_phase_4_ensemble.py] [info]    post hyperparameter_optimization no improvement: keeping LABEL_THRESHOLD=0.0
[LN172    ] [chunk_18_phase_4_ensemble.py] [info] [section 4] [CATBOOST] [post hyperparameter_optimization] [diagnostic]  percentiles: p1=0.2300, p5=0.3017, p10=0.3369, p25=0.3948, p50=0.4668, p75=0.5452, p90=0.6154, p95=0.6573, p99=0.7742, max=0.9749 | histogram: bins[20,58,279...142,24,1]
[LN173    ] [chunk_18_phase_4_ensemble.py] [info] [section 4] [CATBOOST] [post hyperparameter_optimization] LABEL_THRESHOLD=0.0,
[LN174    ] [chunk_18_phase_4_ensemble.py] [info] [section 4] [CATBOOST] [post hyperparameter_optimization] VALIDATION_PRECISION=0.5211 VALIDATION_TRUE_POSITIVES=10733 VALIDATION_TRUE_NEGATIVES=14615 validation_false_positives=9865 validation_false_negatives=18041 validation_max_prediction=0.9749 validation_mean_prediction=0.4724 validation_recall=0.3730 validation_f1=0.4348 validation_auc=0.4809 validation_specificity=0.5970 validation_false_positive_rate=0.4030 validation_f2=0.3955 validation_mcc=-0.0307 validation_prauc=0.5466 validation_balanced_accuracy=0.4850 validation_brier=0.2671 validation_kappa=-0.0292 validation_informedness=-0.0300 validation_markedness=0.1181 validation_gini=0.0000 validation_optimal_threshold=0.6379 validation_standard_deviation_prediction=0.1112 validation_percentage_above_threshold=38.68
[LN175    ] [chunk_18_phase_4_ensemble.py] [info] [section 4] [CATBOOST] [post hyperparameter_optimization] prediction_binary_split=0.50 hyperparams=(loss=binary_crossentropy lr=0.1 dropout=0.0 alpha=1.0 gamma=1.0 latent_dim=64) source=section3
[LN176    ] [chunk_18_phase_4_ensemble.py] [info]    Using Hyperparameter_Optimized model directly (no change to Label_Threshold)
[LN177    ] [chunk_18_phase_4_ensemble.py] [info]    Train predictions: mean=0.5003, std=0.0945, min=0.1096, max=0.9823
[LN178    ] [chunk_18_phase_4_ensemble.py] [info]    validation predictions:   mean=0.4724, std=0.1112, min=0.0824, max=0.9749
[LN179    ] [chunk_18_phase_4_ensemble.py] [info] [section 5] [CATBOOST] [final] [diagnostic] Train  percentiles: p1=0.2695, p5=0.3582, p10=0.3929, p25=0.4450, p50=0.4974, p75=0.5504, p90=0.6042, p95=0.6466, p99=0.8057, max=0.9823 | histogram: bins[44,178,440...286,130,222]
[LN180    ] [chunk_18_phase_4_ensemble.py] [info] [section 5] [CATBOOST] [final] [diagnostic] validation    percentiles: p1=0.2300, p5=0.3017, p10=0.3369, p25=0.3948, p50=0.4668, p75=0.5452, p90=0.6154, p95=0.6573, p99=0.7742, max=0.9749 | histogram: bins[20,58,279...142,24,1]
[LN181    ] [chunk_18_phase_4_ensemble.py] [info]    Train predictions: 48.61% positive predictions (57,999 / 119,310)
[LN182    ] [chunk_18_phase_4_ensemble.py] [info]    validation predictions:   38.68% positive predictions (20,598 / 53,254)
[LN183    ] [chunk_18_phase_4_ensemble.py] [info]    [info] Section 4 all rejected - using Section 3 results for Section 5
[LN184    ] [chunk_18_phase_4_ensemble.py] [info]    [diagnostic] prediction_buckets: 0-10:196, 10-20:2367, 20-30:11641, 30-40:18448, 40-50:13923, 50-60:5319, 60-70:982, 70-80:357, 80-90:17, 90-100:0
[LN185    ] [chunk_18_phase_4_ensemble.py] [info] [section 5] [CATBOOST] [final] LABEL_THRESHOLD=0.0,
[LN186    ] [chunk_18_phase_4_ensemble.py] [info] [section 5] [CATBOOST] [final] train_precision=0.6119 train_true_positives=35491 train_true_negatives=37081 train_false_positives=22508 train_false_negatives=24230 train_max_prediction=0.9823 train_mean_prediction=0.5003 train_recall=0.5943 train_f1=0.6030 train_auc=0.6565 train_specificity=0.6223 train_false_positive_rate=0.3777 train_f2=0.5977 train_mcc=0.2166 train_prauc=0.6566 train_balanced_accuracy=0.6083 train_standard_deviation_prediction=0.0945 train_percentage_above_threshold=48.61 train_brier=0.2323 train_kappa=0.2166 train_informedness=0.2166 train_markedness=0.2342 train_gini=0.3130 train_optimal_threshold=0.4974
[LN187    ] [chunk_18_phase_4_ensemble.py] [info] [section 5] [CATBOOST] [final] VALIDATION_PRECISION=0.5211 VALIDATION_TRUE_POSITIVES=10733 VALIDATION_TRUE_NEGATIVES=14615 validation_false_positives=9865 validation_false_negatives=18041 validation_max_prediction=0.9749 validation_mean_prediction=0.4724 validation_recall=0.3730 validation_f1=0.4348 validation_auc=0.4809 validation_specificity=0.5970 validation_false_positive_rate=0.4030 validation_f2=0.3955 validation_mcc=-0.0307 validation_prauc=0.5466 validation_balanced_accuracy=0.4850 validation_brier=0.2671 validation_kappa=-0.0292 validation_informedness=-0.0300 validation_markedness=0.1181 validation_gini=0.0000 validation_optimal_threshold=0.6379 validation_standard_deviation_prediction=0.1112 validation_percentage_above_threshold=38.68
[LN188    ] [chunk_18_phase_4_ensemble.py] [info] [section 5] [CATBOOST] [final] prediction_binary_split=0.50 hyperparams=(loss=binary_crossentropy lr=0.1 dropout=0.0 alpha=1.0 gamma=1.0 latent_dim=64) (using HPO model directly)
[LN189    ] [chunk_18_phase_4_ensemble.py] [info]    [CatBoost] loss: binary_crossentropy | pred_threshold: 0.5 | epochs: 3
[LN190    ] [chunk_18_phase_4_ensemble.py] [info]    [CatBoost] hyperparameter_optimization: learning_rate=0.1
[LN191    ] [chunk_18_phase_4_ensemble.py] [info]    CatBoost training time: 51.1s
[LN192    ] [chunk_18_phase_4_ensemble.py] [info] [pass] CatBoost trained successfully
[LN193    ] [chunk_18_phase_4_ensemble.py] [info] [section 1] [LIGHTGBM] [baseline] Training with threshold optimization...
[LN194    ] [chunk_18_phase_4_ensemble.py] [info] [section 1] [LIGHTGBM] [baseline] before_threshold_optimization:
[LN195    ] [chunk_18_phase_4_ensemble.py] [info] [section 1] [LIGHTGBM] [baseline] predictions: mean=0.0047, std=0.0321, min=0.0000, max=0.9744
[LN196    ] [chunk_18_phase_4_ensemble.py] [info] [section 1] [LIGHTGBM] [baseline]  percentiles: p1=0.0000, p5=0.0000, p10=0.0000, p25=0.0000, p50=0.0000, p75=0.0004, p90=0.0040, p95=0.0130, p99=0.1047, max=0.9744 | histogram: bins[52210,478,184...0,1,4]
[LN197    ] [chunk_18_phase_4_ensemble.py] [info] [section 1] [LIGHTGBM] [baseline] Histogram bins: [52210, 478, 184, 111, 58] ... [6, 5, 0, 1, 4]
[LN198    ] [chunk_18_phase_4_ensemble.py] [info] [section 1] [LIGHTGBM] [baseline] % positive predictions (prediction_threshold=0.50): 0.10%
[LN199    ] [chunk_18_phase_4_ensemble.py] [info] [section 1] [LIGHTGBM] [baseline] LABEL_THRESHOLD=20.0,
[LN200    ] [chunk_18_phase_4_ensemble.py] [info] [section 1] [LIGHTGBM] [baseline] VALIDATION_PRECISION=0.0588 VALIDATION_TRUE_POSITIVES=3 VALIDATION_TRUE_NEGATIVES=52870 validation_false_positives=48 validation_false_negatives=333 validation_max_prediction=0.9744 validation_mean_prediction=0.0047 validation_recall=0.0089 validation_f1=0.0155 validation_auc=0.8599 validation_specificity=0.9991 validation_false_positive_rate=0.0009 validation_f2=0.0108 validation_mcc=0.0205 validation_prauc=0.0375 validation_balanced_accuracy=0.5040 validation_brier=0.0069 validation_kappa=0.0139 validation_informedness=0.0080 validation_markedness=0.0579 validation_gini=0.7197 validation_optimal_threshold=0.0004 validation_standard_deviation_prediction=0.0321 validation_percentage_above_threshold=0.10
[LN201    ] [chunk_18_phase_4_ensemble.py] [info] [section 1] [LIGHTGBM] [baseline] prediction_binary_split=0.50 loss=binary_crossentropy, lr=0.001
[LN202    ] [chunk_12_evaluation_evaluator.py] [info] [LIGHTGBM] LABEL_THRESHOLD=20.0 | Train: 0=118,621,1=689 [ok] | Val: 0=52,918,1=336 [ok]
[LN203    ] [chunk_12_evaluation_evaluator.py] [info] [reject] Skipping threshold 20.0: only 51 positive VALIDATION predictions (min=53)
[LN204    ] [chunk_12_evaluation_evaluator.py] [info] [LIGHTGBM] LABEL_THRESHOLD=10.0 | Train: 0=116,756,1=2,554 [ok] | Val: 0=52,057,1=1,197 [ok]
[LN205    ] [chunk_12_evaluation_evaluator.py] [info] [LIGHTGBM] [diagnostic] LABEL_THRESHOLD=10.0 train_precision=0.5354 train_true_positives=2554 train_true_negatives=114540 train_false_positives=2216 train_false_negatives=0 train_max_prediction=0.9941 train_mean_prediction=0.0792 train_recall=1.0000 train_f1=0.6974 train_auc=0.9999 train_specificity=0.9810 train_false_positive_rate=0.0190 train_f2=0.8521 train_mcc=0.7248 train_prauc=0.9926 train_balanced_accuracy=0.9905 train_brier=0.0182 train_kappa=0.6888 train_informedness=0.9810 train_markedness=0.5165 train_gini=0.9997 train_optimal_threshold=0.8045 train_standard_deviation_prediction=0.1754 train_percentage_above_threshold=4.00
[LN206    ] [chunk_12_evaluation_evaluator.py] [info] [LIGHTGBM] [diagnostic] LABEL_THRESHOLD=10.0 VALIDATION_PRECISION=0.1116 VALIDATION_TRUE_POSITIVES=174 VALIDATION_TRUE_NEGATIVES=50672 validation_false_positives=1385 validation_false_negatives=1023 validation_max_prediction=0.9837 validation_mean_prediction=0.0608 validation_recall=0.1454 validation_f1=0.1263 validation_auc=0.8333 validation_specificity=0.9734 validation_false_positive_rate=0.0266 validation_f2=0.1371 validation_mcc=0.1044 validation_prauc=0.0823 validation_balanced_accuracy=0.5594 validation_brier=0.0354 validation_kappa=0.1035 validation_informedness=0.1188 validation_markedness=0.0850 validation_gini=0.6666 validation_optimal_threshold=0.0139 validation_standard_deviation_prediction=0.1380 validation_percentage_above_threshold=2.93
[LN207    ] [chunk_12_evaluation_evaluator.py] [info] [LIGHTGBM] LABEL_THRESHOLD=0.0 | Train: 0=59,589,1=59,721 [ok] | Val: 0=24,480,1=28,774 [ok]
[LN208    ] [chunk_12_evaluation_evaluator.py] [info] [LIGHTGBM] [diagnostic] LABEL_THRESHOLD=0.0 train_precision=0.7866 train_true_positives=46196 train_true_negatives=47058 train_false_positives=12531 train_false_negatives=13525 train_max_prediction=0.9957 train_mean_prediction=0.5001 train_recall=0.7735 train_f1=0.7800 train_auc=0.8654 train_specificity=0.7897 train_false_positive_rate=0.2103 train_f2=0.7761 train_mcc=0.5633 train_prauc=0.8646 train_balanced_accuracy=0.7816 train_brier=0.1825 train_kappa=0.5632 train_informedness=0.5632 train_markedness=0.5763 train_gini=0.7308 train_optimal_threshold=0.4939 train_standard_deviation_prediction=0.1479 train_percentage_above_threshold=49.22
[LN209    ] [chunk_12_evaluation_evaluator.py] [info] [LIGHTGBM] [diagnostic] LABEL_THRESHOLD=0.0 VALIDATION_PRECISION=0.5223 VALIDATION_TRUE_POSITIVES=10051 VALIDATION_TRUE_NEGATIVES=15289 validation_false_positives=9191 validation_false_negatives=18723 validation_max_prediction=0.9796 validation_mean_prediction=0.4406 validation_recall=0.3493 validation_f1=0.4187 validation_auc=0.4815 validation_specificity=0.6246 validation_false_positive_rate=0.3754 validation_f2=0.3741 validation_mcc=-0.0271 validation_prauc=0.5487 validation_balanced_accuracy=0.4869 validation_brier=0.2904 validation_kappa=-0.0254 validation_informedness=-0.0261 validation_markedness=0.1469 validation_gini=0.0000 validation_optimal_threshold=0.7179 validation_standard_deviation_prediction=0.1701 validation_percentage_above_threshold=36.13
[LN210    ] [chunk_18_phase_4_ensemble.py] [info] [section 1] [LIGHTGBM] [label_threshold_optimal]  percentiles: p1=0.1129, p5=0.1747, p10=0.2205, p25=0.3135, p50=0.4333, p75=0.5577, p90=0.6664, p95=0.7299, p99=0.8554, max=0.9796 | histogram: bins[130,794,1826...318,190,173]
[LN211    ] [chunk_18_phase_4_ensemble.py] [info] [section 1] [LIGHTGBM] [label_threshold_optimal] LABEL_THRESHOLD=0.0
[LN212    ] [chunk_18_phase_4_ensemble.py] [info] [section 1] [LIGHTGBM] [label_threshold_optimal] train_precision=0.7866 train_true_positives=46196 train_true_negatives=47058 train_false_positives=12531 train_false_negatives=13525 train_max_prediction=0.9957 train_mean_prediction=0.5001 train_recall=0.7735 train_f1=0.7800 train_auc=0.8654 train_specificity=0.7897 train_false_positive_rate=0.2103 train_f2=0.7761 train_mcc=0.5633 train_prauc=0.8646 train_balanced_accuracy=0.7816 train_brier=0.1825 train_kappa=0.5632 train_informedness=0.5632 train_markedness=0.5763 train_gini=0.7308 train_optimal_threshold=0.4939 train_standard_deviation_prediction=0.1479 train_percentage_above_threshold=49.22
[LN213    ] [chunk_18_phase_4_ensemble.py] [info] [section 1] [LIGHTGBM] [label_threshold_optimal] VALIDATION_PRECISION=0.5223 VALIDATION_TRUE_POSITIVES=10051 VALIDATION_TRUE_NEGATIVES=15289 validation_false_positives=9191 validation_false_negatives=18723 validation_max_prediction=0.9796 validation_mean_prediction=0.4406 validation_recall=0.3493 validation_f1=0.4187 validation_auc=0.4815 validation_specificity=0.6246 validation_false_positive_rate=0.3754 validation_f2=0.3741 validation_mcc=-0.0271 validation_prauc=0.5487 validation_balanced_accuracy=0.4869 validation_brier=0.2904 validation_kappa=-0.0254 validation_informedness=-0.0261 validation_markedness=0.1469 validation_gini=0.0000 validation_optimal_threshold=0.7179 validation_standard_deviation_prediction=0.1701 validation_percentage_above_threshold=36.13
[LN214    ] [chunk_18_phase_4_ensemble.py] [info] [section 1] [LIGHTGBM] [label_threshold_optimal] prediction_binary_split=0.50
[LN215    ] [chunk_21_hyperparam_optimizer.py] [info] [section 2] [LIGHTGBM] [hyperparameter_optimization search] Running Bayesian optimization (5 trials)...
[LN216    ] [chunk_21_hyperparam_optimizer.py] [info] [section 2] [LIGHTGBM] [hyperparameter_optimization search baseline] LABEL_THRESHOLD=0.0
[LN217    ] [chunk_21_hyperparam_optimizer.py] [info] [section 2] [LIGHTGBM] [hyperparameter_optimization search baseline] VALIDATION_PRECISION=0.5247 VALIDATION_TRUE_POSITIVES=10280 VALIDATION_TRUE_NEGATIVES=15169 validation_false_positives=9311 validation_false_negatives=18494 validation_max_prediction=0.9415 validation_mean_prediction=0.4598 validation_recall=0.3573 validation_f1=0.4251 validation_auc=0.4805 validation_specificity=0.6196 validation_false_positive_rate=0.3804 validation_f2=0.3816 validation_mcc=-0.0239 validation_prauc=0.5528 validation_balanced_accuracy=0.4885 validation_brier=0.2717 validation_kappa=-0.0225 validation_informedness=-0.0231 validation_markedness=0.1444 validation_gini=0.0000 validation_optimal_threshold=0.6566 validation_standard_deviation_prediction=0.1236 validation_percentage_above_threshold=36.79
[LN218    ] [chunk_21_hyperparam_optimizer.py] [info] [section 2] [LIGHTGBM] [hyperparameter_optimization search baseline] TRIAL 1/5: n_estimators=500, num_leaves=63, learning_rate=0.03, min_child_samples=200, reg_alpha=1.0, reg_lambda=10.0, subsample=0.8, colsample_bytree=0.8, min_split_gain=0.0
[LN219    ] [chunk_21_hyperparam_optimizer.py] [info] [section 2] [LIGHTGBM] [hyperparameter_optimization search baseline] LABEL_THRESHOLD=0.0
[LN220    ] [chunk_21_hyperparam_optimizer.py] [info] [section 2] [LIGHTGBM] [hyperparameter_optimization search baseline] VALIDATION_PRECISION=0.5219 VALIDATION_TRUE_POSITIVES=10254 VALIDATION_TRUE_NEGATIVES=15087 validation_false_positives=9393 validation_false_negatives=18520 validation_max_prediction=0.9450 validation_mean_prediction=0.4583 validation_recall=0.3564 validation_f1=0.4235 validation_auc=0.4817 validation_specificity=0.6163 validation_false_positive_rate=0.3837 validation_f2=0.3805 validation_mcc=-0.0282 validation_prauc=0.5524 validation_balanced_accuracy=0.4863 validation_brier=0.2736 validation_kappa=-0.0266 validation_informedness=-0.0273 validation_markedness=0.1382 validation_gini=0.0000 validation_optimal_threshold=0.6510 validation_standard_deviation_prediction=0.1301 validation_percentage_above_threshold=36.89
[LN221    ] [chunk_21_hyperparam_optimizer.py] [info] [section 2] [LIGHTGBM] [hyperparameter_optimization search baseline] TRIAL 2/5: n_estimators=300, num_leaves=127, learning_rate=0.05, min_child_samples=100, reg_alpha=0.5, reg_lambda=10.0, subsample=0.9, colsample_bytree=0.8, min_split_gain=0.1
[LN222    ] [chunk_21_hyperparam_optimizer.py] [info] [section 2] [LIGHTGBM] [hyperparameter_optimization search baseline] LABEL_THRESHOLD=0.0
[LN223    ] [chunk_21_hyperparam_optimizer.py] [info] [section 2] [LIGHTGBM] [hyperparameter_optimization search baseline] VALIDATION_PRECISION=0.5201 VALIDATION_TRUE_POSITIVES=10366 VALIDATION_TRUE_NEGATIVES=14917 validation_false_positives=9563 validation_false_negatives=18408 validation_max_prediction=0.9171 validation_mean_prediction=0.4627 validation_recall=0.3603 validation_f1=0.4257 validation_auc=0.4796 validation_specificity=0.6094 validation_false_positive_rate=0.3906 validation_f2=0.3839 validation_mcc=-0.0313 validation_prauc=0.5489 validation_balanced_accuracy=0.4848 validation_brier=0.2698 validation_kappa=-0.0296 validation_informedness=-0.0304 validation_markedness=0.1295 validation_gini=0.0000 validation_optimal_threshold=0.6532 validation_standard_deviation_prediction=0.1179 validation_percentage_above_threshold=37.42
[LN224    ] [chunk_21_hyperparam_optimizer.py] [info] [section 2] [LIGHTGBM] [hyperparameter_optimization search baseline] TRIAL 3/5: n_estimators=300, num_leaves=31, learning_rate=0.05, min_child_samples=50, reg_alpha=0.5, reg_lambda=10.0, subsample=0.8, colsample_bytree=1.0, min_split_gain=0.0
[LN225    ] [chunk_21_hyperparam_optimizer.py] [info] [section 2] [LIGHTGBM] [hyperparameter_optimization search baseline] LABEL_THRESHOLD=0.0
[LN226    ] [chunk_21_hyperparam_optimizer.py] [info] [section 2] [LIGHTGBM] [hyperparameter_optimization search baseline] VALIDATION_PRECISION=0.5244 VALIDATION_TRUE_POSITIVES=10258 VALIDATION_TRUE_NEGATIVES=15178 validation_false_positives=9302 validation_false_negatives=18516 validation_max_prediction=0.9661 validation_mean_prediction=0.4524 validation_recall=0.3565 validation_f1=0.4245 validation_auc=0.4828 validation_specificity=0.6200 validation_false_positive_rate=0.3800 validation_f2=0.3809 validation_mcc=-0.0243 validation_prauc=0.5511 validation_balanced_accuracy=0.4883 validation_brier=0.2797 validation_kappa=-0.0228 validation_informedness=-0.0235 validation_markedness=0.1445 validation_gini=0.0000 validation_optimal_threshold=0.6818 validation_standard_deviation_prediction=0.1471 validation_percentage_above_threshold=36.73
[LN227    ] [chunk_21_hyperparam_optimizer.py] [info] [section 2] [LIGHTGBM] [hyperparameter_optimization search baseline] TRIAL 4/5: n_estimators=800, num_leaves=127, learning_rate=0.03, min_child_samples=100, reg_alpha=1.0, reg_lambda=1.0, subsample=0.9, colsample_bytree=1.0, min_split_gain=0.01
[LN228    ] [chunk_21_hyperparam_optimizer.py] [info] [section 2] [LIGHTGBM] [hyperparameter_optimization search baseline] LABEL_THRESHOLD=0.0
[LN229    ] [chunk_21_hyperparam_optimizer.py] [info] [section 2] [LIGHTGBM] [hyperparameter_optimization search baseline] VALIDATION_PRECISION=0.5252 VALIDATION_TRUE_POSITIVES=10135 VALIDATION_TRUE_NEGATIVES=15317 validation_false_positives=9163 validation_false_negatives=18639 validation_max_prediction=0.9722 validation_mean_prediction=0.4409 validation_recall=0.3522 validation_f1=0.4217 validation_auc=0.4818 validation_specificity=0.6257 validation_false_positive_rate=0.3743 validation_f2=0.3771 validation_mcc=-0.0229 validation_prauc=0.5486 validation_balanced_accuracy=0.4890 validation_brier=0.2903 validation_kappa=-0.0215 validation_informedness=-0.0221 validation_markedness=0.1509 validation_gini=0.0000 validation_optimal_threshold=0.7401 validation_standard_deviation_prediction=0.1698 validation_percentage_above_threshold=36.24
[LN230    ] [chunk_21_hyperparam_optimizer.py] [info] [section 2] [LIGHTGBM] [hyperparameter_optimization search baseline] TRIAL 5/5: n_estimators=800, num_leaves=63, learning_rate=0.08, min_child_samples=50, reg_alpha=0.1, reg_lambda=10.0, subsample=0.7, colsample_bytree=0.8, min_split_gain=0.01
[LN231    ] [chunk_21_hyperparam_optimizer.py] [info] [section 2] [LIGHTGBM] [best trial] LABEL_THRESHOLD=0.0
[LN232    ] [chunk_21_hyperparam_optimizer.py] [info] [section 2] [LIGHTGBM] [best trial] VALIDATION_PRECISION=0.5252 VALIDATION_TRUE_POSITIVES=10135 VALIDATION_TRUE_NEGATIVES=15317 validation_false_positives=9163 validation_false_negatives=18639 validation_max_prediction=0.9722 validation_mean_prediction=0.4409 validation_recall=0.3522 validation_f1=0.4217 validation_auc=0.4818 validation_specificity=0.6257 validation_false_positive_rate=0.3743 validation_f2=0.3771 validation_mcc=-0.0229 validation_prauc=0.5486 validation_balanced_accuracy=0.4890 validation_brier=0.2903 validation_kappa=-0.0215 validation_informedness=-0.0221 validation_markedness=0.1509 validation_gini=0.0000 validation_optimal_threshold=0.7401 validation_standard_deviation_prediction=0.1698 validation_percentage_above_threshold=36.24
[LN233    ] [chunk_21_hyperparam_optimizer.py] [info] [section 2] [LIGHTGBM] [best trial] n_estimators=800, num_leaves=63, learning_rate=0.08, min_child_samples=50, reg_alpha=0.1, reg_lambda=10.0, subsample=0.7, colsample_bytree=0.8, min_split_gain=0.01
[LN234    ] [chunk_18_phase_4_ensemble.py] [info]    [diagnostic-hyperparameter_optimization]  percentiles: p1=0.1147, p5=0.1765, p10=0.2207, p25=0.3131, p50=0.4337, p75=0.5605, p90=0.6669, p95=0.7299, p99=0.8536, max=0.9722 | histogram: bins[162,871,1930...320,189,180]
[LN235    ] [chunk_18_phase_4_ensemble.py] [info]    hyperparameter_optimization improved: 0.5252 > 0.5223
[LN236    ] [chunk_18_phase_4_ensemble.py] [info] [section 3] [LIGHTGBM] [HYPERPARAMETER_OPTIMIZATION] LABEL_THRESHOLD=0.0,
[LN237    ] [chunk_18_phase_4_ensemble.py] [info] [section 3] [LIGHTGBM] [HYPERPARAMETER_OPTIMIZATION] VALIDATION_PRECISION=0.5252 VALIDATION_TRUE_POSITIVES=10135 VALIDATION_TRUE_NEGATIVES=15317 validation_false_positives=9163 validation_false_negatives=18639 validation_max_prediction=0.9722 validation_mean_prediction=0.4409 validation_recall=0.3522 validation_f1=0.4217 validation_auc=0.4818 validation_specificity=0.6257 validation_false_positive_rate=0.3743 validation_f2=0.3771 validation_mcc=-0.0229 validation_prauc=0.5486 validation_balanced_accuracy=0.4890 validation_brier=0.2903 validation_kappa=-0.0215 validation_informedness=-0.0221 validation_markedness=0.1509 validation_gini=0.0000 validation_optimal_threshold=0.7401 validation_standard_deviation_prediction=0.1698 validation_percentage_above_threshold=36.24
[LN238    ] [chunk_18_phase_4_ensemble.py] [info] [section 3] [LIGHTGBM] [HYPERPARAMETER_OPTIMIZATION] prediction_binary_split=0.50 hyperparams=(loss=binary_crossentropy lr=0.08 dropout=0.1 alpha=0.0 gamma=0.0 latent_dim=0) improved=True {'n_estimators': 800, 'num_leaves': 63, 'learning_rate': 0.08, 'min_child_samples': 50, 'reg_alpha': 0.1, 'reg_lambda': 10.0, 'subsample': 0.7, 'colsample_bytree': 0.8, 'min_split_gain': 0.01}
[LN239    ] [chunk_18_phase_4_ensemble.py] [info]    Running post hyperparameter_optimization threshold search for LightGBM...
[LN240    ] [chunk_12_evaluation_evaluator.py] [info] [LIGHTGBM] LABEL_THRESHOLD=20.0 | Train: 0=118,621,1=689 [ok] | Val: 0=52,918,1=336 [ok]
[LN241    ] [chunk_12_evaluation_evaluator.py] [info] [LIGHTGBM] [reject] skipping LABEL_THRESHOLD=20.0: precision=0.0092 <= baseline+0.0100=0.0163
[LN242    ] [chunk_12_evaluation_evaluator.py] [info] [LIGHTGBM] LABEL_THRESHOLD=10.0 | Train: 0=116,756,1=2,554 [ok] | Val: 0=52,057,1=1,197 [ok]
[LN243    ] [chunk_12_evaluation_evaluator.py] [info] [LIGHTGBM] [reject] skipping LABEL_THRESHOLD=10.0: precision=0.0277 <= baseline+0.0100=0.0325
[LN244    ] [chunk_12_evaluation_evaluator.py] [info] [LIGHTGBM] LABEL_THRESHOLD=0.0 | Train: 0=59,589,1=59,721 [ok] | Val: 0=24,480,1=28,774 [ok]
[LN245    ] [chunk_12_evaluation_evaluator.py] [info] [LIGHTGBM] [diagnostic] LABEL_THRESHOLD=0.0 train_precision=0.7895 train_true_positives=46209 train_true_negatives=47271 train_false_positives=12318 train_false_negatives=13512 train_max_prediction=0.9943 train_mean_prediction=0.5001 train_recall=0.7737 train_f1=0.7816 train_auc=0.8673 train_specificity=0.7933 train_false_positive_rate=0.2067 train_f2=0.7769 train_mcc=0.5671 train_prauc=0.8660 train_balanced_accuracy=0.7835 train_brier=0.1818 train_kappa=0.5670 train_informedness=0.5670 train_markedness=0.5828 train_gini=0.7346 train_optimal_threshold=0.5007 train_standard_deviation_prediction=0.1485 train_percentage_above_threshold=49.05
[LN246    ] [chunk_12_evaluation_evaluator.py] [info] [LIGHTGBM] [diagnostic] LABEL_THRESHOLD=0.0 VALIDATION_PRECISION=0.5252 VALIDATION_TRUE_POSITIVES=10135 VALIDATION_TRUE_NEGATIVES=15317 validation_false_positives=9163 validation_false_negatives=18639 validation_max_prediction=0.9722 validation_mean_prediction=0.4409 validation_recall=0.3522 validation_f1=0.4217 validation_auc=0.4818 validation_specificity=0.6257 validation_false_positive_rate=0.3743 validation_f2=0.3771 validation_mcc=-0.0229 validation_prauc=0.5486 validation_balanced_accuracy=0.4890 validation_brier=0.2903 validation_kappa=-0.0215 validation_informedness=-0.0221 validation_markedness=0.1509 validation_gini=0.0000 validation_optimal_threshold=0.7401 validation_standard_deviation_prediction=0.1698 validation_percentage_above_threshold=36.24
[LN247    ] [chunk_18_phase_4_ensemble.py] [info]    hyperparameter_optimization model threshold search: LABEL_THRESHOLD=0.0, VALIDATION_PRECISION=0.5252
[LN248    ] [chunk_18_phase_4_ensemble.py] [info]    post hyperparameter_optimization threshold search: LABEL_THRESHOLD=0.0, VALIDATION_PRECISION=0.5252
[LN249    ] [chunk_18_phase_4_ensemble.py] [info]    post hyperparameter_optimization no improvement: keeping LABEL_THRESHOLD=0.0
[LN250    ] [chunk_18_phase_4_ensemble.py] [info] [section 4] [LIGHTGBM] [post hyperparameter_optimization] [diagnostic]  percentiles: p1=0.1147, p5=0.1765, p10=0.2207, p25=0.3131, p50=0.4337, p75=0.5605, p90=0.6669, p95=0.7299, p99=0.8536, max=0.9722 | histogram: bins[162,871,1930...320,189,180]
[LN251    ] [chunk_18_phase_4_ensemble.py] [info] [section 4] [LIGHTGBM] [post hyperparameter_optimization] LABEL_THRESHOLD=0.0,
[LN252    ] [chunk_18_phase_4_ensemble.py] [info] [section 4] [LIGHTGBM] [post hyperparameter_optimization] VALIDATION_PRECISION=0.5252 VALIDATION_TRUE_POSITIVES=10135 VALIDATION_TRUE_NEGATIVES=15317 validation_false_positives=9163 validation_false_negatives=18639 validation_max_prediction=0.9722 validation_mean_prediction=0.4409 validation_recall=0.3522 validation_f1=0.4217 validation_auc=0.4818 validation_specificity=0.6257 validation_false_positive_rate=0.3743 validation_f2=0.3771 validation_mcc=-0.0229 validation_prauc=0.5486 validation_balanced_accuracy=0.4890 validation_brier=0.2903 validation_kappa=-0.0215 validation_informedness=-0.0221 validation_markedness=0.1509 validation_gini=0.0000 validation_optimal_threshold=0.7401 validation_standard_deviation_prediction=0.1698 validation_percentage_above_threshold=36.24
[LN253    ] [chunk_18_phase_4_ensemble.py] [info] [section 4] [LIGHTGBM] [post hyperparameter_optimization] prediction_binary_split=0.50 hyperparams=(loss=binary_crossentropy lr=0.08 dropout=0.0 alpha=1.0 gamma=1.0 latent_dim=64) source=section3
[LN254    ] [chunk_18_phase_4_ensemble.py] [info]    Using Hyperparameter_Optimized model directly (no change to Label_Threshold)
[LN255    ] [chunk_18_phase_4_ensemble.py] [info]    Train predictions: mean=0.5001, std=0.1485, min=0.0394, max=0.9943
[LN256    ] [chunk_18_phase_4_ensemble.py] [info]    validation predictions:   mean=0.4409, std=0.1698, min=0.0425, max=0.9722
[LN257    ] [chunk_18_phase_4_ensemble.py] [info] [section 5] [LIGHTGBM] [final] [diagnostic] Train  percentiles: p1=0.1611, p5=0.2606, p10=0.3127, p25=0.4012, p50=0.4966, p75=0.5954, p90=0.6884, p95=0.7480, p99=0.8825, max=0.9943 | histogram: bins[149,548,1089...869,532,396]
[LN258    ] [chunk_18_phase_4_ensemble.py] [info] [section 5] [LIGHTGBM] [final] [diagnostic] validation    percentiles: p1=0.1147, p5=0.1765, p10=0.2207, p25=0.3131, p50=0.4337, p75=0.5605, p90=0.6669, p95=0.7299, p99=0.8536, max=0.9722 | histogram: bins[162,871,1930...320,189,180]
[LN259    ] [chunk_18_phase_4_ensemble.py] [info]    Train predictions: 49.05% positive predictions (58,527 / 119,310)
[LN260    ] [chunk_18_phase_4_ensemble.py] [info]    validation predictions:   36.24% positive predictions (19,298 / 53,254)
[LN261    ] [chunk_18_phase_4_ensemble.py] [info]    [info] Section 4 all rejected - using Section 3 results for Section 5
[LN262    ] [chunk_18_phase_4_ensemble.py] [info]    [diagnostic] prediction_buckets: 0-10:3678, 10-20:8048, 20-30:10840, 30-40:11120, 40-50:9517, 50-60:6019, 60-70:2707, 70-80:778, 80-90:277, 90-100:0
[LN263    ] [chunk_18_phase_4_ensemble.py] [info] [section 5] [LIGHTGBM] [final] LABEL_THRESHOLD=0.0,
[LN264    ] [chunk_18_phase_4_ensemble.py] [info] [section 5] [LIGHTGBM] [final] train_precision=0.7895 train_true_positives=46209 train_true_negatives=47271 train_false_positives=12318 train_false_negatives=13512 train_max_prediction=0.9943 train_mean_prediction=0.5001 train_recall=0.7737 train_f1=0.7816 train_auc=0.8673 train_specificity=0.7933 train_false_positive_rate=0.2067 train_f2=0.7769 train_mcc=0.5671 train_prauc=0.8660 train_balanced_accuracy=0.7835 train_standard_deviation_prediction=0.1485 train_percentage_above_threshold=49.05 train_brier=0.1818 train_kappa=0.5670 train_informedness=0.5670 train_markedness=0.5828 train_gini=0.7346 train_optimal_threshold=0.5007
[LN265    ] [chunk_18_phase_4_ensemble.py] [info] [section 5] [LIGHTGBM] [final] VALIDATION_PRECISION=0.5252 VALIDATION_TRUE_POSITIVES=10135 VALIDATION_TRUE_NEGATIVES=15317 validation_false_positives=9163 validation_false_negatives=18639 validation_max_prediction=0.9722 validation_mean_prediction=0.4409 validation_recall=0.3522 validation_f1=0.4217 validation_auc=0.4818 validation_specificity=0.6257 validation_false_positive_rate=0.3743 validation_f2=0.3771 validation_mcc=-0.0229 validation_prauc=0.5486 validation_balanced_accuracy=0.4890 validation_brier=0.2903 validation_kappa=-0.0215 validation_informedness=-0.0221 validation_markedness=0.1509 validation_gini=0.0000 validation_optimal_threshold=0.7401 validation_standard_deviation_prediction=0.1698 validation_percentage_above_threshold=36.24
[LN266    ] [chunk_18_phase_4_ensemble.py] [info] [section 5] [LIGHTGBM] [final] prediction_binary_split=0.50 hyperparams=(loss=binary_crossentropy lr=0.08 dropout=0.0 alpha=1.0 gamma=1.0 latent_dim=64) (using HPO model directly)
[LN267    ] [chunk_18_phase_4_ensemble.py] [info]    [LightGBM] loss: binary_crossentropy | pred_threshold: 0.5 | epochs: 3
[LN268    ] [chunk_18_phase_4_ensemble.py] [info]    [LightGBM] hyperparameter_optimization: learning_rate=0.08
[LN269    ] [chunk_18_phase_4_ensemble.py] [info]    LightGBM training time: 27.2s
[LN270    ] [chunk_18_phase_4_ensemble.py] [info] [pass] LightGBM trained successfully
[LN271    ] [chunk_18_phase_4_ensemble.py] [info] [section 1] [XGBOOST] [baseline] Training with threshold optimization...
[LN272    ] [chunk_18_phase_4_ensemble.py] [info] [section 1] [XGBOOST] [baseline] before_threshold_optimization:
[LN273    ] [chunk_18_phase_4_ensemble.py] [info] [section 1] [XGBOOST] [baseline] predictions: mean=0.0036, std=0.0195, min=0.0000, max=0.8507
[LN274    ] [chunk_18_phase_4_ensemble.py] [info] [section 1] [XGBOOST] [baseline]  percentiles: p1=0.0000, p5=0.0000, p10=0.0000, p25=0.0001, p50=0.0002, p75=0.0011, p90=0.0058, p95=0.0137, p99=0.0640, max=0.8507 | histogram: bins[52402,493,169...0,1,1]
[LN275    ] [chunk_18_phase_4_ensemble.py] [info] [section 1] [XGBOOST] [baseline] Histogram bins: [52402, 493, 169, 69, 38] ... [2, 3, 0, 1, 1]
[LN276    ] [chunk_18_phase_4_ensemble.py] [info] [section 1] [XGBOOST] [baseline] % positive predictions (prediction_threshold=0.50): 0.03%
[LN277    ] [chunk_18_phase_4_ensemble.py] [info] [section 1] [XGBOOST] [baseline] LABEL_THRESHOLD=20.0,
[LN278    ] [chunk_18_phase_4_ensemble.py] [info] [section 1] [XGBOOST] [baseline] VALIDATION_PRECISION=0.0000 VALIDATION_TRUE_POSITIVES=0 VALIDATION_TRUE_NEGATIVES=52903 validation_false_positives=15 validation_false_negatives=336 validation_max_prediction=0.8507 validation_mean_prediction=0.0036 validation_recall=0.0000 validation_f1=0.0000 validation_auc=0.8645 validation_specificity=0.9997 validation_false_positive_rate=0.0003 validation_f2=0.0000 validation_mcc=-0.0013 validation_prauc=0.0323 validation_balanced_accuracy=0.4999 validation_brier=0.0065 validation_kappa=-0.0005 validation_informedness=-0.0003 validation_markedness=-0.0003 validation_gini=0.7289 validation_optimal_threshold=0.0008 validation_standard_deviation_prediction=0.0195 validation_percentage_above_threshold=0.03
[LN279    ] [chunk_18_phase_4_ensemble.py] [info] [section 1] [XGBOOST] [baseline] prediction_binary_split=0.50 loss=binary_crossentropy, lr=0.001
[LN280    ] [chunk_12_evaluation_evaluator.py] [info] [XGBOOST] LABEL_THRESHOLD=20.0 | Train: 0=118,621,1=689 [ok] | Val: 0=52,918,1=336 [ok]
[LN281    ] [chunk_12_evaluation_evaluator.py] [info] [XGBOOST] [diagnostic] LABEL_THRESHOLD=20.0 train_precision=0.7821 train_true_positives=689 train_true_negatives=118429 train_false_positives=192 train_false_negatives=0 train_max_prediction=0.9995 train_mean_prediction=0.0172 train_recall=1.0000 train_f1=0.8777 train_auc=1.0000 train_specificity=0.9984 train_false_positive_rate=0.0016 train_f2=0.9472 train_mcc=0.8836 train_prauc=0.9998 train_balanced_accuracy=0.9992 train_brier=0.0021 train_kappa=0.8769 train_informedness=0.9984 train_markedness=0.7804 train_gini=1.0000 train_optimal_threshold=0.8242 train_standard_deviation_prediction=0.0863 train_percentage_above_threshold=0.74
[LN282    ] [chunk_12_evaluation_evaluator.py] [info] [XGBOOST] [diagnostic] LABEL_THRESHOLD=20.0 VALIDATION_PRECISION=0.0548 VALIDATION_TRUE_POSITIVES=4 VALIDATION_TRUE_NEGATIVES=52849 validation_false_positives=69 validation_false_negatives=332 validation_max_prediction=0.9274 validation_mean_prediction=0.0078 validation_recall=0.0119 validation_f1=0.0196 validation_auc=0.8272 validation_specificity=0.9987 validation_false_positive_rate=0.0013 validation_f2=0.0141 validation_mcc=0.0227 validation_prauc=0.0271 validation_balanced_accuracy=0.5053 validation_brier=0.0073 validation_kappa=0.0173 validation_informedness=0.0106 validation_markedness=0.0535 validation_gini=0.6544 validation_optimal_threshold=0.0014 validation_standard_deviation_prediction=0.0385 validation_percentage_above_threshold=0.14
[LN283    ] [chunk_12_evaluation_evaluator.py] [info] [XGBOOST] LABEL_THRESHOLD=10.0 | Train: 0=116,756,1=2,554 [ok] | Val: 0=52,057,1=1,197 [ok]
[LN284    ] [chunk_12_evaluation_evaluator.py] [info] [XGBOOST] [diagnostic] LABEL_THRESHOLD=10.0 train_precision=0.3110 train_true_positives=2554 train_true_negatives=111099 train_false_positives=5657 train_false_negatives=0 train_max_prediction=0.9982 train_mean_prediction=0.1122 train_recall=1.0000 train_f1=0.4745 train_auc=0.9999 train_specificity=0.9515 train_false_positive_rate=0.0485 train_f2=0.6930 train_mcc=0.5440 train_prauc=0.9960 train_balanced_accuracy=0.9758 train_brier=0.0364 train_kappa=0.4568 train_informedness=0.9515 train_markedness=0.2626 train_gini=0.9998 train_optimal_threshold=0.9277 train_standard_deviation_prediction=0.2110 train_percentage_above_threshold=6.88
[LN285    ] [chunk_12_evaluation_evaluator.py] [info] [XGBOOST] [diagnostic] LABEL_THRESHOLD=10.0 VALIDATION_PRECISION=0.0785 VALIDATION_TRUE_POSITIVES=171 VALIDATION_TRUE_NEGATIVES=50050 validation_false_positives=2007 validation_false_negatives=1026 validation_max_prediction=0.9920 validation_mean_prediction=0.0741 validation_recall=0.1429 validation_f1=0.1013 validation_auc=0.7764 validation_specificity=0.9614 validation_false_positive_rate=0.0386 validation_f2=0.1227 validation_mcc=0.0781 validation_prauc=0.0615 validation_balanced_accuracy=0.5522 validation_brier=0.0441 validation_kappa=0.0745 validation_informedness=0.1043 validation_markedness=0.0400 validation_gini=0.5528 validation_optimal_threshold=0.0116 validation_standard_deviation_prediction=0.1595 validation_percentage_above_threshold=4.09
[LN286    ] [chunk_12_evaluation_evaluator.py] [info] [XGBOOST] LABEL_THRESHOLD=0.0 | Train: 0=59,589,1=59,721 [ok] | Val: 0=24,480,1=28,774 [ok]
[LN287    ] [chunk_12_evaluation_evaluator.py] [info] [XGBOOST] [reject] skipping LABEL_THRESHOLD=0.0: pos_pred_ratio=96.53% outside [0%, 60%]
[LN288    ] [chunk_18_phase_4_ensemble.py] [info] [section 1] [XGBOOST] [label_threshold_optimal]  percentiles: p1=0.0002, p5=0.0005, p10=0.0008, p25=0.0018, p50=0.0062, p75=0.0509, p90=0.2520, p95=0.4450, p99=0.7939, max=0.9920 | histogram: bins[39802,3491,1963...150,168,70]
[LN289    ] [chunk_18_phase_4_ensemble.py] [info] [section 1] [XGBOOST] [label_threshold_optimal] LABEL_THRESHOLD=10.0
[LN290    ] [chunk_18_phase_4_ensemble.py] [info] [section 1] [XGBOOST] [label_threshold_optimal] train_precision=0.3110 train_true_positives=2554 train_true_negatives=111099 train_false_positives=5657 train_false_negatives=0 train_max_prediction=0.9982 train_mean_prediction=0.1122 train_recall=1.0000 train_f1=0.4745 train_auc=0.9999 train_specificity=0.9515 train_false_positive_rate=0.0485 train_f2=0.6930 train_mcc=0.5440 train_prauc=0.9960 train_balanced_accuracy=0.9758 train_brier=0.0364 train_kappa=0.4568 train_informedness=0.9515 train_markedness=0.2626 train_gini=0.9998 train_optimal_threshold=0.9277 train_standard_deviation_prediction=0.2110 train_percentage_above_threshold=6.88
[LN291    ] [chunk_18_phase_4_ensemble.py] [info] [section 1] [XGBOOST] [label_threshold_optimal] VALIDATION_PRECISION=0.0785 VALIDATION_TRUE_POSITIVES=171 VALIDATION_TRUE_NEGATIVES=50050 validation_false_positives=2007 validation_false_negatives=1026 validation_max_prediction=0.9920 validation_mean_prediction=0.0741 validation_recall=0.1429 validation_f1=0.1013 validation_auc=0.7764 validation_specificity=0.9614 validation_false_positive_rate=0.0386 validation_f2=0.1227 validation_mcc=0.0781 validation_prauc=0.0615 validation_balanced_accuracy=0.5522 validation_brier=0.0441 validation_kappa=0.0745 validation_informedness=0.1043 validation_markedness=0.0400 validation_gini=0.5528 validation_optimal_threshold=0.0116 validation_standard_deviation_prediction=0.1595 validation_percentage_above_threshold=4.09
[LN292    ] [chunk_18_phase_4_ensemble.py] [info] [section 1] [XGBOOST] [label_threshold_optimal] prediction_binary_split=0.50
[LN293    ] [chunk_21_hyperparam_optimizer.py] [info] [section 2] [XGBOOST] [hyperparameter_optimization search] Running Bayesian optimization (5 trials)...
[LN294    ] [chunk_21_hyperparam_optimizer.py] [info] [section 2] [XGBOOST] [hyperparameter_optimization search baseline] LABEL_THRESHOLD=10.0
[LN295    ] [chunk_21_hyperparam_optimizer.py] [info] [section 2] [XGBOOST] [hyperparameter_optimization search baseline] VALIDATION_PRECISION=0.0539 VALIDATION_TRUE_POSITIVES=1112 VALIDATION_TRUE_NEGATIVES=32541 validation_false_positives=19516 validation_false_negatives=85 validation_max_prediction=0.9971 validation_mean_prediction=0.3960 validation_recall=0.9290 validation_f1=0.1019 validation_auc=0.8568 validation_specificity=0.6251 validation_false_positive_rate=0.3749 validation_f2=0.2188 validation_mcc=0.1686 validation_prauc=0.1061 validation_balanced_accuracy=0.7770 validation_brier=0.2820 validation_kappa=0.0620 validation_informedness=0.5541 validation_markedness=-0.3210 validation_gini=0.7137 validation_optimal_threshold=0.6980 validation_standard_deviation_prediction=0.3761 validation_percentage_above_threshold=38.74
[LN296    ] [chunk_21_hyperparam_optimizer.py] [info] [section 2] [XGBOOST] [hyperparameter_optimization search baseline] TRIAL 1/5: n_estimators=300, max_depth=3, learning_rate=0.1, scale_pos_weight=500, min_child_weight=100, reg_alpha=0.0, reg_lambda=10.0, subsample=0.6, colsample_bytree=0.5, gamma=0
[LN297    ] [chunk_21_hyperparam_optimizer.py] [info] [section 2] [XGBOOST] [hyperparameter_optimization search baseline] LABEL_THRESHOLD=10.0
[LN298    ] [chunk_21_hyperparam_optimizer.py] [info] [section 2] [XGBOOST] [hyperparameter_optimization search baseline] VALIDATION_PRECISION=0.0711 VALIDATION_TRUE_POSITIVES=961 VALIDATION_TRUE_NEGATIVES=39504 validation_false_positives=12553 validation_false_negatives=236 validation_max_prediction=0.9917 validation_mean_prediction=0.2568 validation_recall=0.8028 validation_f1=0.1307 validation_auc=0.8510 validation_specificity=0.7589 validation_false_positive_rate=0.2411 validation_f2=0.2625 validation_mcc=0.1913 validation_prauc=0.0970 validation_balanced_accuracy=0.7809 validation_brier=0.1625 validation_kappa=0.0932 validation_informedness=0.5617 validation_markedness=-0.1700 validation_gini=0.7020 validation_optimal_threshold=0.4297 validation_standard_deviation_prediction=0.3253 validation_percentage_above_threshold=25.38
[LN299    ] [chunk_21_hyperparam_optimizer.py] [info] [section 2] [XGBOOST] [hyperparameter_optimization search baseline] TRIAL 2/5: n_estimators=500, max_depth=7, learning_rate=0.03, scale_pos_weight=400, min_child_weight=50, reg_alpha=0.0, reg_lambda=5.0, subsample=0.8, colsample_bytree=0.5, gamma=0.5
[LN300    ] [chunk_21_hyperparam_optimizer.py] [info] [section 2] [XGBOOST] [hyperparameter_optimization search baseline] LABEL_THRESHOLD=10.0
[LN301    ] [chunk_21_hyperparam_optimizer.py] [info] [section 2] [XGBOOST] [hyperparameter_optimization search baseline] VALIDATION_PRECISION=0.0588 VALIDATION_TRUE_POSITIVES=1068 VALIDATION_TRUE_NEGATIVES=34961 validation_false_positives=17096 validation_false_negatives=129 validation_max_prediction=0.9891 validation_mean_prediction=0.3477 validation_recall=0.8922 validation_f1=0.1103 validation_auc=0.8561 validation_specificity=0.6716 validation_false_positive_rate=0.3284 validation_f2=0.2327 validation_mcc=0.1763 validation_prauc=0.1044 validation_balanced_accuracy=0.7819 validation_brier=0.2328 validation_kappa=0.0712 validation_informedness=0.5638 validation_markedness=-0.2696 validation_gini=0.7121 validation_optimal_threshold=0.6700 validation_standard_deviation_prediction=0.3547 validation_percentage_above_threshold=34.11
[LN302    ] [chunk_21_hyperparam_optimizer.py] [info] [section 2] [XGBOOST] [hyperparameter_optimization search baseline] TRIAL 3/5: n_estimators=200, max_depth=7, learning_rate=0.03, scale_pos_weight=200, min_child_weight=50, reg_alpha=0.5, reg_lambda=1.0, subsample=0.6, colsample_bytree=0.5, gamma=0.1
[LN303    ] [chunk_21_hyperparam_optimizer.py] [info] [section 2] [XGBOOST] [hyperparameter_optimization search baseline] LABEL_THRESHOLD=10.0
[LN304    ] [chunk_21_hyperparam_optimizer.py] [info] [section 2] [XGBOOST] [hyperparameter_optimization search baseline] VALIDATION_PRECISION=0.0678 VALIDATION_TRUE_POSITIVES=923 VALIDATION_TRUE_NEGATIVES=39362 validation_false_positives=12695 validation_false_negatives=274 validation_max_prediction=0.9875 validation_mean_prediction=0.2637 validation_recall=0.7711 validation_f1=0.1246 validation_auc=0.8347 validation_specificity=0.7561 validation_false_positive_rate=0.2439 validation_f2=0.2507 validation_mcc=0.1791 validation_prauc=0.0841 validation_balanced_accuracy=0.7636 validation_brier=0.1646 validation_kappa=0.0869 validation_informedness=0.5272 validation_markedness=-0.1761 validation_gini=0.6695 validation_optimal_threshold=0.3699 validation_standard_deviation_prediction=0.3212 validation_percentage_above_threshold=25.57
[LN305    ] [chunk_21_hyperparam_optimizer.py] [info] [section 2] [XGBOOST] [hyperparameter_optimization search baseline] TRIAL 4/5: n_estimators=300, max_depth=7, learning_rate=0.03, scale_pos_weight=200, min_child_weight=10, reg_alpha=0.1, reg_lambda=1.0, subsample=0.6, colsample_bytree=0.7, gamma=0
[LN306    ] [chunk_21_hyperparam_optimizer.py] [info] [section 2] [XGBOOST] [hyperparameter_optimization search baseline] LABEL_THRESHOLD=10.0
[LN307    ] [chunk_21_hyperparam_optimizer.py] [info] [section 2] [XGBOOST] [hyperparameter_optimization search baseline] VALIDATION_PRECISION=0.0559 VALIDATION_TRUE_POSITIVES=1095 VALIDATION_TRUE_NEGATIVES=33550 validation_false_positives=18507 validation_false_negatives=102 validation_max_prediction=0.9754 validation_mean_prediction=0.4144 validation_recall=0.9148 validation_f1=0.1053 validation_auc=0.8552 validation_specificity=0.6445 validation_false_positive_rate=0.3555 validation_f2=0.2245 validation_mcc=0.1719 validation_prauc=0.1021 validation_balanced_accuracy=0.7796 validation_brier=0.2634 validation_kappa=0.0657 validation_informedness=0.5593 validation_markedness=-0.2997 validation_gini=0.7103 validation_optimal_threshold=0.6681 validation_standard_deviation_prediction=0.3265 validation_percentage_above_threshold=36.81
[LN308    ] [chunk_21_hyperparam_optimizer.py] [info] [section 2] [XGBOOST] [hyperparameter_optimization search baseline] TRIAL 5/5: n_estimators=300, max_depth=7, learning_rate=0.01, scale_pos_weight=400, min_child_weight=50, reg_alpha=0.5, reg_lambda=1.0, subsample=0.7, colsample_bytree=0.7, gamma=0.5
[LN309    ] [chunk_21_hyperparam_optimizer.py] [info] [section 2] [XGBOOST] [best trial] LABEL_THRESHOLD=10.0
[LN310    ] [chunk_21_hyperparam_optimizer.py] [info] [section 2] [XGBOOST] [best trial] VALIDATION_PRECISION=0.0711 VALIDATION_TRUE_POSITIVES=961 VALIDATION_TRUE_NEGATIVES=39504 validation_false_positives=12553 validation_false_negatives=236 validation_max_prediction=0.9917 validation_mean_prediction=0.2568 validation_recall=0.8028 validation_f1=0.1307 validation_auc=0.8510 validation_specificity=0.7589 validation_false_positive_rate=0.2411 validation_f2=0.2625 validation_mcc=0.1913 validation_prauc=0.0970 validation_balanced_accuracy=0.7809 validation_brier=0.1625 validation_kappa=0.0932 validation_informedness=0.5617 validation_markedness=-0.1700 validation_gini=0.7020 validation_optimal_threshold=0.4297 validation_standard_deviation_prediction=0.3253 validation_percentage_above_threshold=25.38
[LN311    ] [chunk_21_hyperparam_optimizer.py] [info] [section 2] [XGBOOST] [best trial] n_estimators=500, max_depth=7, learning_rate=0.03, scale_pos_weight=400, min_child_weight=50, reg_alpha=0.0, reg_lambda=5.0, subsample=0.8, colsample_bytree=0.5, gamma=0.5
[LN312    ] [chunk_18_phase_4_ensemble.py] [info]    [diagnostic-hyperparameter_optimization]  percentiles: p1=0.0026, p5=0.0049, p10=0.0071, p25=0.0150, p50=0.0531, p75=0.5109, p90=0.8384, p95=0.9068, p99=0.9611, max=0.9917 | histogram: bins[26218,4430,2014...1943,1971,1251]
[LN313    ] [chunk_18_phase_4_ensemble.py] [info]    hyperparameter_optimization did NOT improve: 0.0711 <= 0.0785 - using pre hyperparameter_optimization model
[LN314    ] [chunk_18_phase_4_ensemble.py] [info] [section 3] [XGBOOST] [PRE-HYPERPARAMETER_OPTIMIZATION] LABEL_THRESHOLD=10.0,
[LN315    ] [chunk_18_phase_4_ensemble.py] [info] [section 3] [XGBOOST] [PRE-HYPERPARAMETER_OPTIMIZATION] VALIDATION_PRECISION=0.0785 VALIDATION_TRUE_POSITIVES=171 VALIDATION_TRUE_NEGATIVES=50050 validation_false_positives=2007 validation_false_negatives=1026 validation_max_prediction=0.9920 validation_mean_prediction=0.0741 validation_recall=0.1429 validation_f1=0.1013 validation_auc=0.7764 validation_specificity=0.9614 validation_false_positive_rate=0.0386 validation_f2=0.1227 validation_mcc=0.0781 validation_prauc=0.0615 validation_balanced_accuracy=0.5522 validation_brier=0.0441 validation_kappa=0.0745 validation_informedness=0.1043 validation_markedness=0.0400 validation_gini=0.5528 validation_optimal_threshold=0.0116 validation_standard_deviation_prediction=0.1595 validation_percentage_above_threshold=4.09
[LN316    ] [chunk_18_phase_4_ensemble.py] [info] [section 3] [XGBOOST] [PRE-HYPERPARAMETER_OPTIMIZATION] prediction_binary_split=0.50 hyperparams=(loss=binary_crossentropy lr=0.03 dropout=0.1 alpha=0.0 gamma=0.5 latent_dim=0) improved=False {'n_estimators': 500, 'max_depth': 7, 'learning_rate': 0.03, 'scale_pos_weight': 400, 'min_child_weight': 50, 'reg_alpha': 0.0, 'reg_lambda': 5.0, 'subsample': 0.8, 'colsample_bytree': 0.5, 'gamma': 0.5}
[LN317    ] [chunk_18_phase_4_ensemble.py] [info]    Running post hyperparameter_optimization threshold search for XGBoost...
[LN318    ] [chunk_12_evaluation_evaluator.py] [info] [XGBOOST] LABEL_THRESHOLD=20.0 | Train: 0=118,621,1=689 [ok] | Val: 0=52,918,1=336 [ok]
[LN319    ] [chunk_12_evaluation_evaluator.py] [info] [reject] Skipping threshold 20.0: only 0 positive VALIDATION predictions (min=53)
[LN320    ] [chunk_12_evaluation_evaluator.py] [info] [XGBOOST] LABEL_THRESHOLD=10.0 | Train: 0=116,756,1=2,554 [ok] | Val: 0=52,057,1=1,197 [ok]
[LN321    ] [chunk_12_evaluation_evaluator.py] [info] [XGBOOST] [diagnostic] LABEL_THRESHOLD=10.0 train_precision=0.3110 train_true_positives=2554 train_true_negatives=111099 train_false_positives=5657 train_false_negatives=0 train_max_prediction=0.9982 train_mean_prediction=0.1122 train_recall=1.0000 train_f1=0.4745 train_auc=0.9999 train_specificity=0.9515 train_false_positive_rate=0.0485 train_f2=0.6930 train_mcc=0.5440 train_prauc=0.9960 train_balanced_accuracy=0.9758 train_brier=0.0364 train_kappa=0.4568 train_informedness=0.9515 train_markedness=0.2626 train_gini=0.9998 train_optimal_threshold=0.9277 train_standard_deviation_prediction=0.2110 train_percentage_above_threshold=6.88
[LN322    ] [chunk_12_evaluation_evaluator.py] [info] [XGBOOST] [diagnostic] LABEL_THRESHOLD=10.0 VALIDATION_PRECISION=0.0785 VALIDATION_TRUE_POSITIVES=171 VALIDATION_TRUE_NEGATIVES=50050 validation_false_positives=2007 validation_false_negatives=1026 validation_max_prediction=0.9920 validation_mean_prediction=0.0741 validation_recall=0.1429 validation_f1=0.1013 validation_auc=0.7764 validation_specificity=0.9614 validation_false_positive_rate=0.0386 validation_f2=0.1227 validation_mcc=0.0781 validation_prauc=0.0615 validation_balanced_accuracy=0.5522 validation_brier=0.0441 validation_kappa=0.0745 validation_informedness=0.1043 validation_markedness=0.0400 validation_gini=0.5528 validation_optimal_threshold=0.0116 validation_standard_deviation_prediction=0.1595 validation_percentage_above_threshold=4.09
[LN323    ] [chunk_12_evaluation_evaluator.py] [info] [XGBOOST] LABEL_THRESHOLD=0.0 | Train: 0=59,589,1=59,721 [ok] | Val: 0=24,480,1=28,774 [ok]
[LN324    ] [chunk_12_evaluation_evaluator.py] [info] [reject] Skipping threshold 0.0: only 0 positive VALIDATION predictions (min=53)
[LN325    ] [chunk_18_phase_4_ensemble.py] [info]    hyperparameter_optimization model threshold search: LABEL_THRESHOLD=10.0, VALIDATION_PRECISION=0.0711
[LN326    ] [chunk_18_phase_4_ensemble.py] [info]    post hyperparameter_optimization threshold search: LABEL_THRESHOLD=10.0, VALIDATION_PRECISION=0.0785
[LN327    ] [chunk_18_phase_4_ensemble.py] [info]    post hyperparameter_optimization no improvement: keeping LABEL_THRESHOLD=10.0
[LN328    ] [chunk_18_phase_4_ensemble.py] [info] [section 4] [XGBOOST] [post hyperparameter_optimization] [diagnostic]  percentiles: p1=0.0002, p5=0.0005, p10=0.0008, p25=0.0018, p50=0.0062, p75=0.0509, p90=0.2520, p95=0.4450, p99=0.7939, max=0.9920 | histogram: bins[39802,3491,1963...150,168,70]
[LN329    ] [chunk_18_phase_4_ensemble.py] [info] [section 4] [XGBOOST] [post hyperparameter_optimization] LABEL_THRESHOLD=10.0,
[LN330    ] [chunk_18_phase_4_ensemble.py] [info] [section 4] [XGBOOST] [post hyperparameter_optimization] VALIDATION_PRECISION=0.0785 VALIDATION_TRUE_POSITIVES=171 VALIDATION_TRUE_NEGATIVES=50050 validation_false_positives=2007 validation_false_negatives=1026 validation_max_prediction=0.9920 validation_mean_prediction=0.0741 validation_recall=0.1429 validation_f1=0.1013 validation_auc=0.7764 validation_specificity=0.9614 validation_false_positive_rate=0.0386 validation_f2=0.1227 validation_mcc=0.0781 validation_prauc=0.0615 validation_balanced_accuracy=0.5522 validation_brier=0.0441 validation_kappa=0.0745 validation_informedness=0.1043 validation_markedness=0.0400 validation_gini=0.5528 validation_optimal_threshold=0.0116 validation_standard_deviation_prediction=0.1595 validation_percentage_above_threshold=4.09
[LN331    ] [chunk_18_phase_4_ensemble.py] [info] [section 4] [XGBOOST] [post hyperparameter_optimization] prediction_binary_split=0.50 hyperparams=(loss=binary_crossentropy lr=0.03 dropout=0.0 alpha=1.0 gamma=0.5 latent_dim=64) source=section3
[LN332    ] [chunk_18_phase_4_ensemble.py] [info]    Using threshold-optimized model (HPO did not improve)
[LN333    ] [chunk_18_phase_4_ensemble.py] [info]    Train predictions: mean=0.1122, std=0.2110, min=0.0000, max=0.9982
[LN334    ] [chunk_18_phase_4_ensemble.py] [info]    validation predictions:   mean=0.0741, std=0.1595, min=0.0000, max=0.9920
[LN335    ] [chunk_18_phase_4_ensemble.py] [info] [section 5] [XGBOOST] [final] [diagnostic] Train  percentiles: p1=0.0001, p5=0.0004, p10=0.0007, p25=0.0022, p50=0.0122, p75=0.1139, p90=0.3793, p95=0.6090, p99=0.9868, max=0.9982 | histogram: bins[78022,9552,6042...277,224,2607]
[LN336    ] [chunk_18_phase_4_ensemble.py] [info] [section 5] [XGBOOST] [final] [diagnostic] validation    percentiles: p1=0.0002, p5=0.0005, p10=0.0008, p25=0.0018, p50=0.0062, p75=0.0509, p90=0.2520, p95=0.4450, p99=0.7939, max=0.9920 | histogram: bins[39802,3491,1963...150,168,70]
[LN337    ] [chunk_18_phase_4_ensemble.py] [info]    Train predictions: 6.88% positive predictions (8,211 / 119,310)
[LN338    ] [chunk_18_phase_4_ensemble.py] [info]    validation predictions:   4.09% positive predictions (2,178 / 53,254)
[LN339    ] [chunk_18_phase_4_ensemble.py] [info]    [info] Section 4 all rejected - using Section 3 results for Section 5
[LN340    ] [chunk_18_phase_4_ensemble.py] [info]    [diagnostic] prediction_buckets: 0-10:3410, 10-20:2041, 20-30:1325, 30-40:962, 40-50:749, 50-60:533, 60-70:382, 70-80:347, 80-90:167, 90-100:0
[LN341    ] [chunk_18_phase_4_ensemble.py] [info] [section 5] [XGBOOST] [final] LABEL_THRESHOLD=10.0,
[LN342    ] [chunk_18_phase_4_ensemble.py] [info] [section 5] [XGBOOST] [final] train_precision=0.3110 train_true_positives=2554 train_true_negatives=111099 train_false_positives=5657 train_false_negatives=0 train_max_prediction=0.9982 train_mean_prediction=0.1122 train_recall=1.0000 train_f1=0.4745 train_auc=0.9999 train_specificity=0.9515 train_false_positive_rate=0.0485 train_f2=0.6930 train_mcc=0.5440 train_prauc=0.9960 train_balanced_accuracy=0.9758 train_standard_deviation_prediction=0.2110 train_percentage_above_threshold=6.88 train_brier=0.0364 train_kappa=0.4568 train_informedness=0.9515 train_markedness=0.2626 train_gini=0.9998 train_optimal_threshold=0.9277
[LN343    ] [chunk_18_phase_4_ensemble.py] [info] [section 5] [XGBOOST] [final] VALIDATION_PRECISION=0.0785 VALIDATION_TRUE_POSITIVES=171 VALIDATION_TRUE_NEGATIVES=50050 validation_false_positives=2007 validation_false_negatives=1026 validation_max_prediction=0.9920 validation_mean_prediction=0.0741 validation_recall=0.1429 validation_f1=0.1013 validation_auc=0.7764 validation_specificity=0.9614 validation_false_positive_rate=0.0386 validation_f2=0.1227 validation_mcc=0.0781 validation_prauc=0.0615 validation_balanced_accuracy=0.5522 validation_brier=0.0441 validation_kappa=0.0745 validation_informedness=0.1043 validation_markedness=0.0400 validation_gini=0.5528 validation_optimal_threshold=0.0116 validation_standard_deviation_prediction=0.1595 validation_percentage_above_threshold=4.09
[LN344    ] [chunk_18_phase_4_ensemble.py] [info] [section 5] [XGBOOST] [final] prediction_binary_split=0.50 hyperparams=(loss=binary_crossentropy lr=0.03 dropout=0.0 alpha=1.0 gamma=0.5 latent_dim=64) (using HPO model directly)
[LN345    ] [chunk_18_phase_4_ensemble.py] [info]    [XGBoost] loss: binary_crossentropy | pred_threshold: 0.5 | epochs: 3
[LN346    ] [chunk_18_phase_4_ensemble.py] [info]    [XGBoost] hyperparameter_optimization: learning_rate=0.03, gamma=0.5
[LN347    ] [chunk_18_phase_4_ensemble.py] [info]    XGBoost training time: 23.2s
[LN348    ] [chunk_18_phase_4_ensemble.py] [info] [pass] XGBoost trained successfully
[LN349    ] [chunk_18_phase_4_ensemble.py] [info] [section 1] [DENSE] [baseline] Training with threshold optimization...
[LN350    ] [chunk_18_phase_4_ensemble.py] [info] [section 1] [DENSE] [baseline] before_threshold_optimization:
[LN351    ] [chunk_18_phase_4_ensemble.py] [info] [section 1] [DENSE] [baseline] predictions: mean=0.0307, std=0.0127, min=0.0014, max=1.0000
[LN352    ] [chunk_18_phase_4_ensemble.py] [info] [section 1] [DENSE] [baseline]  percentiles: p1=0.0014, p5=0.0016, p10=0.0081, p25=0.0273, p50=0.0343, p75=0.0377, p90=0.0428, p95=0.0440, p99=0.0459, max=1.0000 | histogram: bins[53253,0,0...0,0,1]
[LN353    ] [chunk_18_phase_4_ensemble.py] [info] [section 1] [DENSE] [baseline] Histogram bins: [53253, 0, 0, 0, 0] ... [0, 0, 0, 0, 1]
[LN354    ] [chunk_18_phase_4_ensemble.py] [info] [section 1] [DENSE] [baseline] % positive predictions (prediction_threshold=0.50): 0.00%
[LN355    ] [chunk_18_phase_4_ensemble.py] [info] [section 1] [DENSE] [baseline] LABEL_THRESHOLD=20.0,
[LN356    ] [chunk_18_phase_4_ensemble.py] [info] [section 1] [DENSE] [baseline] VALIDATION_PRECISION=0.0000 VALIDATION_TRUE_POSITIVES=0 VALIDATION_TRUE_NEGATIVES=52917 validation_false_positives=1 validation_false_negatives=336 validation_max_prediction=1.0000 validation_mean_prediction=0.0307 validation_recall=0.0000 validation_f1=0.0000 validation_auc=0.4390 validation_specificity=1.0000 validation_false_positive_rate=0.0000 validation_f2=0.0000 validation_mcc=-0.0003 validation_prauc=0.0058 validation_balanced_accuracy=0.5000 validation_brier=0.0071 validation_kappa=-0.0000 validation_informedness=-0.0000 validation_markedness=-0.0000 validation_gini=0.0000 validation_optimal_threshold=0.0451 validation_standard_deviation_prediction=0.0127 validation_percentage_above_threshold=0.00
[LN357    ] [chunk_18_phase_4_ensemble.py] [info] [section 1] [DENSE] [baseline] prediction_binary_split=0.50 loss=binary_crossentropy, lr=0.001
[LN358    ] [chunk_12_evaluation_evaluator.py] [info] [DENSE] LABEL_THRESHOLD=20.0 | Train: 0=118,621,1=689 [ok] | Val: 0=52,918,1=336 [ok]
[LN359    ] [chunk_12_evaluation_evaluator.py] [info] [DENSE] [reject] skipping LABEL_THRESHOLD=20.0: pos_pred_ratio=0.02% outside [0%, 60%]
[LN360    ] [chunk_12_evaluation_evaluator.py] [info] [DENSE] LABEL_THRESHOLD=10.0 | Train: 0=116,756,1=2,554 [ok] | Val: 0=52,057,1=1,197 [ok]
[LN361    ] [chunk_12_evaluation_evaluator.py] [info] [DENSE] [reject] skipping LABEL_THRESHOLD=10.0: pos_pred_ratio=0.07% outside [0%, 60%]
[LN362    ] [chunk_12_evaluation_evaluator.py] [info] [DENSE] LABEL_THRESHOLD=0.0 | Train: 0=59,589,1=59,721 [ok] | Val: 0=24,480,1=28,774 [ok]
[LN363    ] [chunk_12_evaluation_evaluator.py] [info] [DENSE] [reject] skipping LABEL_THRESHOLD=0.0: precision=0.5158 <= baseline+0.0200=0.5200
[LN364    ] [chunk_18_phase_4_ensemble.py] [warning] [section 1] [DENSE] [label_threshold_optimal] [warning] All label thresholds rejected — using baseline metrics at 20.0
[LN365    ] [chunk_18_phase_4_ensemble.py] [info] [section 1] [DENSE] [label_threshold_optimal] LABEL_THRESHOLD=20.0
[LN366    ] [chunk_18_phase_4_ensemble.py] [info] [section 1] [DENSE] [label_threshold_optimal] train_precision=0.0000 train_true_positives=0 train_true_negatives=52917 train_false_positives=1 train_false_negatives=336 train_max_prediction=1.0000 train_mean_prediction=0.0307 train_recall=0.0000 train_f1=0.0000 train_auc=0.4390 train_specificity=1.0000 train_false_positive_rate=0.0000 train_f2=0.0000 train_mcc=-0.0003 train_prauc=0.0058 train_balanced_accuracy=0.5000 train_brier=0.0071 train_kappa=-0.0000 train_informedness=-0.0000 train_markedness=-0.0000 train_gini=0.0000 train_optimal_threshold=0.0451 train_standard_deviation_prediction=0.0127 train_percentage_above_threshold=0.00
[LN367    ] [chunk_18_phase_4_ensemble.py] [info] [section 1] [DENSE] [label_threshold_optimal] VALIDATION_PRECISION=0.0000 VALIDATION_TRUE_POSITIVES=0 VALIDATION_TRUE_NEGATIVES=52917 validation_false_positives=1 validation_false_negatives=336 validation_max_prediction=1.0000 validation_mean_prediction=0.0307 validation_recall=0.0000 validation_f1=0.0000 validation_auc=0.4390 validation_specificity=1.0000 validation_false_positive_rate=0.0000 validation_f2=0.0000 validation_mcc=-0.0003 validation_prauc=0.0058 validation_balanced_accuracy=0.5000 validation_brier=0.0071 validation_kappa=-0.0000 validation_informedness=-0.0000 validation_markedness=-0.0000 validation_gini=0.0000 validation_optimal_threshold=0.0451 validation_standard_deviation_prediction=0.0127 validation_percentage_above_threshold=0.00
[LN368    ] [chunk_18_phase_4_ensemble.py] [info] [section 1] [DENSE] [label_threshold_optimal] prediction_binary_split=0.50
[LN369    ] [chunk_21_hyperparam_optimizer.py] [info] [section 2] [DENSE] [hyperparameter_optimization search] Running Bayesian optimization (5 trials)...
[LN370    ] [chunk_21_hyperparam_optimizer.py] [info] [section 2] [DENSE] [hyperparameter_optimization search baseline] LABEL_THRESHOLD=20.0
[LN371    ] [chunk_21_hyperparam_optimizer.py] [info] [section 2] [DENSE] [hyperparameter_optimization search baseline] VALIDATION_PRECISION=0.0252 VALIDATION_TRUE_POSITIVES=295 VALIDATION_TRUE_NEGATIVES=41529 validation_false_positives=11389 validation_false_negatives=41 validation_max_prediction=1.0000 validation_mean_prediction=0.2444 validation_recall=0.8780 validation_f1=0.0491 validation_auc=0.9098 validation_specificity=0.7848 validation_false_positive_rate=0.2152 validation_f2=0.1132 validation_mcc=0.1268 validation_prauc=0.0642 validation_balanced_accuracy=0.8314 validation_brier=0.1439 validation_kappa=0.0373 validation_informedness=0.6628 validation_markedness=-0.1900 validation_gini=0.8195 validation_optimal_threshold=0.5874 validation_standard_deviation_prediction=0.2964 validation_percentage_above_threshold=21.94
[LN372    ] [chunk_21_hyperparam_optimizer.py] [info] [section 2] [DENSE] [hyperparameter_optimization search baseline] TRIAL 1/5: units=256, layers=2, dropout=0.2, learning_rate=0.0003, epochs=30, loss_function=binary_crossentropy, alpha=1.5, gamma=4.0, batch_size=64, activation=leaky_relu
[LN373    ] [chunk_21_hyperparam_optimizer.py] [info] [section 2] [DENSE] [hyperparameter_optimization search baseline] LABEL_THRESHOLD=20.0
[LN374    ] [chunk_21_hyperparam_optimizer.py] [info] [section 2] [DENSE] [hyperparameter_optimization search baseline] VALIDATION_PRECISION=0.2333 VALIDATION_TRUE_POSITIVES=7 VALIDATION_TRUE_NEGATIVES=52895 validation_false_positives=23 validation_false_negatives=329 validation_max_prediction=0.9948 validation_mean_prediction=0.0192 validation_recall=0.0208 validation_f1=0.0383 validation_auc=0.8802 validation_specificity=0.9996 validation_false_positive_rate=0.0004 validation_f2=0.0255 validation_mcc=0.0681 validation_prauc=0.0568 validation_balanced_accuracy=0.5102 validation_brier=0.0068 validation_kappa=0.0373 validation_informedness=0.0204 validation_markedness=0.2329 validation_gini=0.7604 validation_optimal_threshold=0.0201 validation_standard_deviation_prediction=0.0364 validation_percentage_above_threshold=0.06
[LN375    ] [chunk_21_hyperparam_optimizer.py] [info] [section 2] [DENSE] [hyperparameter_optimization search baseline] TRIAL 2/5: units=1024, layers=2, dropout=0.1, learning_rate=0.001, epochs=40, loss_function=focal_loss, alpha=0.75, gamma=2.0, batch_size=32, activation=leaky_relu
[LN376    ] [chunk_21_hyperparam_optimizer.py] [info] [section 2] [DENSE] [hyperparameter_optimization search baseline] LABEL_THRESHOLD=20.0
[LN377    ] [chunk_21_hyperparam_optimizer.py] [info] [section 2] [DENSE] [hyperparameter_optimization search baseline] VALIDATION_PRECISION=0.0239 VALIDATION_TRUE_POSITIVES=303 VALIDATION_TRUE_NEGATIVES=40549 validation_false_positives=12369 validation_false_negatives=33 validation_max_prediction=1.0000 validation_mean_prediction=0.2483 validation_recall=0.9018 validation_f1=0.0466 validation_auc=0.9079 validation_specificity=0.7663 validation_false_positive_rate=0.2337 validation_f2=0.1081 validation_mcc=0.1242 validation_prauc=0.0654 validation_balanced_accuracy=0.8340 validation_brier=0.1510 validation_kappa=0.0347 validation_informedness=0.6680 validation_markedness=-0.2098 validation_gini=0.8159 validation_optimal_threshold=0.5026 validation_standard_deviation_prediction=0.3052 validation_percentage_above_threshold=23.80
[LN378    ] [chunk_21_hyperparam_optimizer.py] [info] [section 2] [DENSE] [hyperparameter_optimization search baseline] TRIAL 3/5: units=64, layers=3, dropout=0.4, learning_rate=0.0001, epochs=30, loss_function=binary_crossentropy, alpha=0.25, gamma=4.0, batch_size=32, activation=selu
[LN379    ] [chunk_21_hyperparam_optimizer.py] [info] [section 2] [DENSE] [hyperparameter_optimization search baseline] LABEL_THRESHOLD=20.0
[LN380    ] [chunk_21_hyperparam_optimizer.py] [info] [section 2] [DENSE] [hyperparameter_optimization search baseline] VALIDATION_PRECISION=0.0968 VALIDATION_TRUE_POSITIVES=18 VALIDATION_TRUE_NEGATIVES=52750 validation_false_positives=168 validation_false_negatives=318 validation_max_prediction=0.9897 validation_mean_prediction=0.0340 validation_recall=0.0536 validation_f1=0.0690 validation_auc=0.8716 validation_specificity=0.9968 validation_false_positive_rate=0.0032 validation_f2=0.0588 validation_mcc=0.0676 validation_prauc=0.0493 validation_balanced_accuracy=0.5252 validation_brier=0.0093 validation_kappa=0.0648 validation_informedness=0.0504 validation_markedness=0.0936 validation_gini=0.7432 validation_optimal_threshold=0.0433 validation_standard_deviation_prediction=0.0611 validation_percentage_above_threshold=0.35
[LN381    ] [chunk_21_hyperparam_optimizer.py] [info] [section 2] [DENSE] [hyperparameter_optimization search baseline] TRIAL 4/5: units=256, layers=2, dropout=0.2, learning_rate=0.0001, epochs=15, loss_function=focal_loss, alpha=1.25, gamma=2.5, batch_size=128, activation=leaky_relu
[LN382    ] [chunk_21_hyperparam_optimizer.py] [info] [section 2] [DENSE] [hyperparameter_optimization search baseline] LABEL_THRESHOLD=20.0
[LN383    ] [chunk_21_hyperparam_optimizer.py] [info] [section 2] [DENSE] [hyperparameter_optimization search baseline] VALIDATION_PRECISION=0.1026 VALIDATION_TRUE_POSITIVES=8 VALIDATION_TRUE_NEGATIVES=52848 validation_false_positives=70 validation_false_negatives=328 validation_max_prediction=1.0000 validation_mean_prediction=0.0267 validation_recall=0.0238 validation_f1=0.0386 validation_auc=0.8970 validation_specificity=0.9987 validation_false_positive_rate=0.0013 validation_f2=0.0281 validation_mcc=0.0466 validation_prauc=0.0594 validation_balanced_accuracy=0.5112 validation_brier=0.0079 validation_kappa=0.0364 validation_informedness=0.0225 validation_markedness=0.1012 validation_gini=0.7940 validation_optimal_threshold=0.0461 validation_standard_deviation_prediction=0.0514 validation_percentage_above_threshold=0.15
[LN384    ] [chunk_21_hyperparam_optimizer.py] [info] [section 2] [DENSE] [hyperparameter_optimization search baseline] TRIAL 5/5: units=512, layers=2, dropout=0.1, learning_rate=0.0003, epochs=30, loss_function=focal_loss, alpha=0.5, gamma=2.0, batch_size=32, activation=relu
[LN385    ] [chunk_21_hyperparam_optimizer.py] [info] [section 2] [DENSE] [best trial] LABEL_THRESHOLD=20.0
[LN386    ] [chunk_21_hyperparam_optimizer.py] [info] [section 2] [DENSE] [best trial] VALIDATION_PRECISION=0.2333 VALIDATION_TRUE_POSITIVES=7 VALIDATION_TRUE_NEGATIVES=52895 validation_false_positives=23 validation_false_negatives=329 validation_max_prediction=0.9948 validation_mean_prediction=0.0192 validation_recall=0.0208 validation_f1=0.0383 validation_auc=0.8802 validation_specificity=0.9996 validation_false_positive_rate=0.0004 validation_f2=0.0255 validation_mcc=0.0681 validation_prauc=0.0568 validation_balanced_accuracy=0.5102 validation_brier=0.0068 validation_kappa=0.0373 validation_informedness=0.0204 validation_markedness=0.2329 validation_gini=0.7604 validation_optimal_threshold=0.0201 validation_standard_deviation_prediction=0.0364 validation_percentage_above_threshold=0.06
[LN387    ] [chunk_21_hyperparam_optimizer.py] [info] [section 2] [DENSE] [best trial] units=1024, layers=2, dropout=0.1, learning_rate=0.001, epochs=40, loss_function=focal_loss, alpha=0.75, gamma=2.0, batch_size=32, activation=leaky_relu
[LN388    ] [chunk_18_phase_4_ensemble.py] [info]    [diagnostic-hyperparameter_optimization]  percentiles: p1=0.0000, p5=0.0001, p10=0.0003, p25=0.0028, p50=0.0072, p75=0.0217, p90=0.0485, p95=0.0747, p99=0.1631, max=0.9948 | histogram: bins[48135,3577,880...3,0,2]
[LN389    ] [chunk_18_phase_4_ensemble.py] [info]    hyperparameter_optimization improved: 0.2333 > 0.0000
[LN390    ] [chunk_18_phase_4_ensemble.py] [info] [section 3] [DENSE] [HYPERPARAMETER_OPTIMIZATION] LABEL_THRESHOLD=20.0,
[LN391    ] [chunk_18_phase_4_ensemble.py] [info] [section 3] [DENSE] [HYPERPARAMETER_OPTIMIZATION] VALIDATION_PRECISION=0.2333 VALIDATION_TRUE_POSITIVES=7 VALIDATION_TRUE_NEGATIVES=52895 validation_false_positives=23 validation_false_negatives=329 validation_max_prediction=0.9948 validation_mean_prediction=0.0192 validation_recall=0.0208 validation_f1=0.0383 validation_auc=0.8802 validation_specificity=0.9996 validation_false_positive_rate=0.0004 validation_f2=0.0255 validation_mcc=0.0681 validation_prauc=0.0568 validation_balanced_accuracy=0.5102 validation_brier=0.0068 validation_kappa=0.0373 validation_informedness=0.0204 validation_markedness=0.2329 validation_gini=0.7604 validation_optimal_threshold=0.0201 validation_standard_deviation_prediction=0.0364 validation_percentage_above_threshold=0.06
[LN392    ] [chunk_18_phase_4_ensemble.py] [info] [section 3] [DENSE] [HYPERPARAMETER_OPTIMIZATION] prediction_binary_split=0.50 hyperparams=(loss=focal_loss lr=0.001 dropout=0.1 alpha=0.75 gamma=2.0 latent_dim=0) improved=True {'units': 1024, 'layers': 2, 'dropout': 0.1, 'learning_rate': 0.001, 'epochs': 40, 'loss_function': 'focal_loss', 'alpha': 0.75, 'gamma': 2.0, 'batch_size': 32, 'activation': 'leaky_relu'}
[LN393    ] [chunk_18_phase_4_ensemble.py] [info]    Running post hyperparameter_optimization threshold search for Dense...
[LN394    ] [chunk_12_evaluation_evaluator.py] [info] [DENSE] LABEL_THRESHOLD=20.0 | Train: 0=118,621,1=689 [ok] | Val: 0=52,918,1=336 [ok]
[LN395    ] [chunk_12_evaluation_evaluator.py] [info] [DENSE] [reject] skipping LABEL_THRESHOLD=20.0: pos_pred_ratio=0.06% outside [0%, 60%]
[LN396    ] [chunk_12_evaluation_evaluator.py] [info] [DENSE] LABEL_THRESHOLD=10.0 | Train: 0=116,756,1=2,554 [ok] | Val: 0=52,057,1=1,197 [ok]
[LN397    ] [chunk_12_evaluation_evaluator.py] [info] [DENSE] [diagnostic] LABEL_THRESHOLD=10.0 train_precision=0.0290 train_true_positives=2 train_true_negatives=116689 train_false_positives=67 train_false_negatives=2552 train_max_prediction=0.9711 train_mean_prediction=0.0262 train_recall=0.0008 train_f1=0.0015 train_auc=0.7947 train_specificity=0.9994 train_false_positive_rate=0.0006 train_f2=0.0010 train_mcc=0.0013 train_prauc=0.0631 train_balanced_accuracy=0.5001 train_brier=0.0211 train_kappa=0.0004 train_informedness=0.0002 train_markedness=0.0284 train_gini=0.5894 train_optimal_threshold=0.0224 train_standard_deviation_prediction=0.0395 train_percentage_above_threshold=0.06
[LN398    ] [chunk_12_evaluation_evaluator.py] [info] [DENSE] [diagnostic] LABEL_THRESHOLD=10.0 VALIDATION_PRECISION=0.1071 VALIDATION_TRUE_POSITIVES=15 VALIDATION_TRUE_NEGATIVES=51932 validation_false_positives=125 validation_false_negatives=1182 validation_max_prediction=1.0000 validation_mean_prediction=0.0392 validation_recall=0.0125 validation_f1=0.0224 validation_auc=0.7912 validation_specificity=0.9976 validation_false_positive_rate=0.0024 validation_f2=0.0152 validation_mcc=0.0293 validation_prauc=0.0642 validation_balanced_accuracy=0.5051 validation_brier=0.0245 validation_kappa=0.0178 validation_informedness=0.0101 validation_markedness=0.1047 validation_gini=0.5824 validation_optimal_threshold=0.0233 validation_standard_deviation_prediction=0.0702 validation_percentage_above_threshold=0.26
[LN399    ] [chunk_12_evaluation_evaluator.py] [info] [DENSE] LABEL_THRESHOLD=0.0 | Train: 0=59,589,1=59,721 [ok] | Val: 0=24,480,1=28,774 [ok]
[LN400    ] [chunk_12_evaluation_evaluator.py] [info] [reject] Skipping threshold 0.0: only 0 positive VALIDATION predictions (min=5)
[LN401    ] [chunk_18_phase_4_ensemble.py] [info]    hyperparameter_optimization model threshold search: LABEL_THRESHOLD=20.0, VALIDATION_PRECISION=0.2333
[LN402    ] [chunk_18_phase_4_ensemble.py] [info]    post hyperparameter_optimization threshold search: LABEL_THRESHOLD=10.0, VALIDATION_PRECISION=0.1071
[LN403    ] [chunk_18_phase_4_ensemble.py] [info]    post hyperparameter_optimization no improvement: keeping LABEL_THRESHOLD=20.0
[LN404    ] [chunk_18_phase_4_ensemble.py] [info] [section 4] [DENSE] [post hyperparameter_optimization] [diagnostic]  percentiles: p1=0.0000, p5=0.0001, p10=0.0003, p25=0.0028, p50=0.0072, p75=0.0217, p90=0.0485, p95=0.0747, p99=0.1631, max=0.9948 | histogram: bins[48135,3577,880...3,0,2]
[LN405    ] [chunk_18_phase_4_ensemble.py] [info] [section 4] [DENSE] [post hyperparameter_optimization] LABEL_THRESHOLD=20.0,
[LN406    ] [chunk_18_phase_4_ensemble.py] [info] [section 4] [DENSE] [post hyperparameter_optimization] VALIDATION_PRECISION=0.2333 VALIDATION_TRUE_POSITIVES=7 VALIDATION_TRUE_NEGATIVES=52895 validation_false_positives=23 validation_false_negatives=329 validation_max_prediction=0.9948 validation_mean_prediction=0.0192 validation_recall=0.0208 validation_f1=0.0383 validation_auc=0.8802 validation_specificity=0.9996 validation_false_positive_rate=0.0004 validation_f2=0.0255 validation_mcc=0.0681 validation_prauc=0.0568 validation_balanced_accuracy=0.5102 validation_brier=0.0068 validation_kappa=0.0373 validation_informedness=0.0204 validation_markedness=0.2329 validation_gini=0.7604 validation_optimal_threshold=0.0201 validation_standard_deviation_prediction=0.0364 validation_percentage_above_threshold=0.06
[LN407    ] [chunk_18_phase_4_ensemble.py] [info] [section 4] [DENSE] [post hyperparameter_optimization] prediction_binary_split=0.50 hyperparams=(loss=focal_loss lr=0.001 dropout=0.1 alpha=0.75 gamma=2.0 latent_dim=64) source=section3
[LN408    ] [chunk_18_phase_4_ensemble.py] [info]    Using Hyperparameter_Optimized model directly (no change to Label_Threshold)
[LN409    ] [chunk_18_phase_4_ensemble.py] [info]    Train predictions: mean=0.0248, std=0.0359, min=0.0000, max=0.9900
[LN410    ] [chunk_18_phase_4_ensemble.py] [info]    validation predictions:   mean=0.0192, std=0.0364, min=0.0000, max=0.9948
[LN411    ] [chunk_18_phase_4_ensemble.py] [info] [section 5] [DENSE] [final] [diagnostic] Train  percentiles: p1=0.0001, p5=0.0011, p10=0.0027, p25=0.0056, p50=0.0125, p75=0.0308, p90=0.0616, p95=0.0859, p99=0.1563, max=0.9900 | histogram: bins[102310,12704,2921...1,2,6]
[LN412    ] [chunk_18_phase_4_ensemble.py] [info] [section 5] [DENSE] [final] [diagnostic] validation    percentiles: p1=0.0000, p5=0.0001, p10=0.0003, p25=0.0028, p50=0.0072, p75=0.0217, p90=0.0485, p95=0.0747, p99=0.1631, max=0.9948 | histogram: bins[48135,3577,880...3,0,2]
[LN413    ] [chunk_18_phase_4_ensemble.py] [info]    Train predictions: 0.03% positive predictions (40 / 119,310)
[LN414    ] [chunk_18_phase_4_ensemble.py] [info]    validation predictions:   0.06% positive predictions (30 / 53,254)
[LN415    ] [chunk_18_phase_4_ensemble.py] [info]    [info] Section 4 all rejected - using Section 3 results for Section 5
[LN416    ] [chunk_18_phase_4_ensemble.py] [info]    [diagnostic] prediction_buckets: 0-10:1217, 10-20:193, 20-30:62, 30-40:26, 40-50:10, 50-60:9, 60-70:3, 70-80:6, 80-90:2, 90-100:0
[LN417    ] [chunk_18_phase_4_ensemble.py] [info] [section 5] [DENSE] [final] LABEL_THRESHOLD=20.0,
[LN418    ] [chunk_18_phase_4_ensemble.py] [info] [section 5] [DENSE] [final] train_precision=0.1500 train_true_positives=6 train_true_negatives=118587 train_false_positives=34 train_false_negatives=683 train_max_prediction=0.9900 train_mean_prediction=0.0248 train_recall=0.0087 train_f1=0.0165 train_auc=0.8811 train_specificity=0.9997 train_false_positive_rate=0.0003 train_f2=0.0107 train_mcc=0.0349 train_prauc=0.0541 train_balanced_accuracy=0.5042 train_standard_deviation_prediction=0.0359 train_percentage_above_threshold=0.03 train_brier=0.0065 train_kappa=0.0158 train_informedness=0.0084 train_markedness=0.1497 train_gini=0.7622 train_optimal_threshold=0.0305
[LN419    ] [chunk_18_phase_4_ensemble.py] [info] [section 5] [DENSE] [final] VALIDATION_PRECISION=0.2333 VALIDATION_TRUE_POSITIVES=7 VALIDATION_TRUE_NEGATIVES=52895 validation_false_positives=23 validation_false_negatives=329 validation_max_prediction=0.9948 validation_mean_prediction=0.0192 validation_recall=0.0208 validation_f1=0.0383 validation_auc=0.8802 validation_specificity=0.9996 validation_false_positive_rate=0.0004 validation_f2=0.0255 validation_mcc=0.0681 validation_prauc=0.0568 validation_balanced_accuracy=0.5102 validation_brier=0.0068 validation_kappa=0.0373 validation_informedness=0.0204 validation_markedness=0.2329 validation_gini=0.7604 validation_optimal_threshold=0.0201 validation_standard_deviation_prediction=0.0364 validation_percentage_above_threshold=0.06
[LN420    ] [chunk_18_phase_4_ensemble.py] [info] [section 5] [DENSE] [final] prediction_binary_split=0.50 hyperparams=(loss=focal_loss lr=0.001 dropout=0.1 alpha=0.75 gamma=2.0 latent_dim=64) (using HPO model directly)
[LN421    ] [chunk_18_phase_4_ensemble.py] [info]    [Dense] loss: focal_loss | pred_threshold: 0.5 | epochs: 40
[LN422    ] [chunk_18_phase_4_ensemble.py] [info]    [Dense] hyperparameter_optimization: units=1024, layers=2, dropout=0.1, learning_rate=0.001, alpha=0.75, gamma=2.0
[LN423    ] [chunk_18_phase_4_ensemble.py] [info]    Dense training time: 378.0s
[LN424    ] [chunk_18_phase_4_ensemble.py] [info] [pass] Dense trained successfully
[LN425    ] [chunk_18_phase_4_ensemble.py] [info] [section 1] [CNN] [baseline] Training with threshold optimization...
[LN426    ] [chunk_18_phase_4_ensemble.py] [info] [section 1] [CNN] [baseline] before_threshold_optimization:
[LN427    ] [chunk_18_phase_4_ensemble.py] [info] [section 1] [CNN] [baseline] predictions: mean=0.0175, std=0.0071, min=0.0081, max=0.0342
[LN428    ] [chunk_18_phase_4_ensemble.py] [info] [section 1] [CNN] [baseline]  percentiles: p1=0.0082, p5=0.0095, p10=0.0112, p25=0.0121, p50=0.0143, p75=0.0225, p90=0.0296, p95=0.0309, p99=0.0336, max=0.0342 | histogram: bins[2545,455,9813...2592,738,1019]
[LN429    ] [chunk_18_phase_4_ensemble.py] [info] [section 1] [CNN] [baseline] Histogram bins: [2545, 455, 9813, 10387, 4262] ... [1513, 2119, 2592, 738, 1019]
[LN430    ] [chunk_18_phase_4_ensemble.py] [info] [section 1] [CNN] [baseline] % positive predictions (prediction_threshold=0.50): 0.00%
[LN431    ] [chunk_18_phase_4_ensemble.py] [warning] [section 1] [CNN] [baseline] [warning] No predictions >= 0.5!
[LN432    ] [chunk_18_phase_4_ensemble.py] [info] [section 1] [CNN] [baseline] LABEL_THRESHOLD=20.0,
[LN433    ] [chunk_18_phase_4_ensemble.py] [info] [section 1] [CNN] [baseline] VALIDATION_PRECISION=0.0000 VALIDATION_TRUE_POSITIVES=0 VALIDATION_TRUE_NEGATIVES=52918 validation_false_positives=0 validation_false_negatives=336 validation_max_prediction=0.0342 validation_mean_prediction=0.0175 validation_recall=0.0000 validation_f1=0.0000 validation_auc=0.4439 validation_specificity=1.0000 validation_false_positive_rate=0.0000 validation_f2=0.0000 validation_mcc=0.0000 validation_prauc=0.0061 validation_balanced_accuracy=0.5000 validation_brier=0.0065 validation_kappa=0.0000 validation_informedness=0.0000 validation_markedness=1.0000 validation_gini=0.0000 validation_optimal_threshold=0.0299 validation_standard_deviation_prediction=0.0071 validation_percentage_above_threshold=0.00
[LN434    ] [chunk_18_phase_4_ensemble.py] [info] [section 1] [CNN] [baseline] prediction_binary_split=0.50 loss=binary_crossentropy, lr=0.001
[LN435    ] [chunk_12_evaluation_evaluator.py] [info] [CNN] LABEL_THRESHOLD=20.0 | Train: 0=118,621,1=689 [ok] | Val: 0=52,918,1=336 [ok]
[LN436    ] [chunk_12_evaluation_evaluator.py] [info] [reject] Skipping threshold 20.0: only 0 positive VALIDATION predictions (min=5)
[LN437    ] [chunk_12_evaluation_evaluator.py] [info] [CNN] LABEL_THRESHOLD=10.0 | Train: 0=116,756,1=2,554 [ok] | Val: 0=52,057,1=1,197 [ok]
[LN438    ] [chunk_12_evaluation_evaluator.py] [info] [reject] Skipping threshold 10.0: only 0 positive VALIDATION predictions (min=5)
[LN439    ] [chunk_12_evaluation_evaluator.py] [info] [CNN] LABEL_THRESHOLD=0.0 | Train: 0=59,589,1=59,721 [ok] | Val: 0=24,480,1=28,774 [ok]
[LN440    ] [chunk_12_evaluation_evaluator.py] [info] [CNN] [reject] skipping LABEL_THRESHOLD=0.0: precision=0.5149 <= baseline+0.0200=0.5200
[LN441    ] [chunk_18_phase_4_ensemble.py] [warning] [section 1] [CNN] [label_threshold_optimal] [warning] All label thresholds rejected — using baseline metrics at 20.0
[LN442    ] [chunk_18_phase_4_ensemble.py] [info] [section 1] [CNN] [label_threshold_optimal] LABEL_THRESHOLD=20.0
[LN443    ] [chunk_18_phase_4_ensemble.py] [info] [section 1] [CNN] [label_threshold_optimal] train_precision=0.0000 train_true_positives=0 train_true_negatives=52918 train_false_positives=0 train_false_negatives=336 train_max_prediction=0.0342 train_mean_prediction=0.0175 train_recall=0.0000 train_f1=0.0000 train_auc=0.4439 train_specificity=1.0000 train_false_positive_rate=0.0000 train_f2=0.0000 train_mcc=0.0000 train_prauc=0.0061 train_balanced_accuracy=0.5000 train_brier=0.0065 train_kappa=0.0000 train_informedness=0.0000 train_markedness=1.0000 train_gini=0.0000 train_optimal_threshold=0.0299 train_standard_deviation_prediction=0.0071 train_percentage_above_threshold=0.00
[LN444    ] [chunk_18_phase_4_ensemble.py] [info] [section 1] [CNN] [label_threshold_optimal] VALIDATION_PRECISION=0.0000 VALIDATION_TRUE_POSITIVES=0 VALIDATION_TRUE_NEGATIVES=52918 validation_false_positives=0 validation_false_negatives=336 validation_max_prediction=0.0342 validation_mean_prediction=0.0175 validation_recall=0.0000 validation_f1=0.0000 validation_auc=0.4439 validation_specificity=1.0000 validation_false_positive_rate=0.0000 validation_f2=0.0000 validation_mcc=0.0000 validation_prauc=0.0061 validation_balanced_accuracy=0.5000 validation_brier=0.0065 validation_kappa=0.0000 validation_informedness=0.0000 validation_markedness=1.0000 validation_gini=0.0000 validation_optimal_threshold=0.0299 validation_standard_deviation_prediction=0.0071 validation_percentage_above_threshold=0.00
[LN445    ] [chunk_18_phase_4_ensemble.py] [info] [section 1] [CNN] [label_threshold_optimal] prediction_binary_split=0.50
[LN446    ] [chunk_21_hyperparam_optimizer.py] [info] [section 2] [CNN] [hyperparameter_optimization search] Running Bayesian optimization (5 trials)...
[LN447    ] [chunk_21_hyperparam_optimizer.py] [info] [section 2] [CNN] [hyperparameter_optimization search baseline] LABEL_THRESHOLD=20.0
[LN448    ] [chunk_21_hyperparam_optimizer.py] [info] [section 2] [CNN] [hyperparameter_optimization search baseline] VALIDATION_PRECISION=0.0218 VALIDATION_TRUE_POSITIVES=305 VALIDATION_TRUE_NEGATIVES=39259 validation_false_positives=13659 validation_false_negatives=31 validation_max_prediction=0.9985 validation_mean_prediction=0.2666 validation_recall=0.9077 validation_f1=0.0427 validation_auc=0.9060 validation_specificity=0.7419 validation_false_positive_rate=0.2581 validation_f2=0.0996 validation_mcc=0.1169 validation_prauc=0.0658 validation_balanced_accuracy=0.8248 validation_brier=0.1314 validation_kappa=0.0307 validation_informedness=0.6496 validation_markedness=-0.2363 validation_gini=0.8119 validation_optimal_threshold=0.5915 validation_standard_deviation_prediction=0.2497 validation_percentage_above_threshold=26.22
[LN449    ] [chunk_21_hyperparam_optimizer.py] [info] [section 2] [CNN] [hyperparameter_optimization search baseline] TRIAL 1/5: loss_function=binary_crossentropy, filters=512, kernel_size=11, dropout=0.0, learning_rate=0.0005, epochs=30, alpha=0.75, gamma=2.0, layers=3, pooling=none
[LN450    ] [chunk_21_hyperparam_optimizer.py] [info] [section 2] [CNN] [hyperparameter_optimization search baseline] LABEL_THRESHOLD=20.0
[LN451    ] [chunk_21_hyperparam_optimizer.py] [info] [section 2] [CNN] [hyperparameter_optimization search baseline] VALIDATION_PRECISION=0.0000 VALIDATION_TRUE_POSITIVES=0 VALIDATION_TRUE_NEGATIVES=52918 validation_false_positives=0 validation_false_negatives=336 validation_max_prediction=0.1343 validation_mean_prediction=0.0449 validation_recall=0.0000 validation_f1=0.0000 validation_auc=0.8286 validation_specificity=1.0000 validation_false_positive_rate=0.0000 validation_f2=0.0000 validation_mcc=0.0000 validation_prauc=0.0193 validation_balanced_accuracy=0.5000 validation_brier=0.0103 validation_kappa=0.0000 validation_informedness=0.0000 validation_markedness=1.0000 validation_gini=0.6572 validation_optimal_threshold=0.1143 validation_standard_deviation_prediction=0.0590 validation_percentage_above_threshold=0.00
[LN452    ] [chunk_21_hyperparam_optimizer.py] [info] [section 2] [CNN] [hyperparameter_optimization search baseline] TRIAL 2/5: loss_function=focal_loss, filters=512, kernel_size=7, dropout=0.1, learning_rate=0.005, epochs=50, alpha=0.25, gamma=2.5, layers=3, pooling=none
[LN453    ] [chunk_21_hyperparam_optimizer.py] [info] [section 2] [CNN] [hyperparameter_optimization search baseline] LABEL_THRESHOLD=20.0
[LN454    ] [chunk_21_hyperparam_optimizer.py] [info] [section 2] [CNN] [hyperparameter_optimization search baseline] VALIDATION_PRECISION=0.0000 VALIDATION_TRUE_POSITIVES=0 VALIDATION_TRUE_NEGATIVES=52917 validation_false_positives=1 validation_false_negatives=336 validation_max_prediction=0.5706 validation_mean_prediction=0.0410 validation_recall=0.0000 validation_f1=0.0000 validation_auc=0.8577 validation_specificity=1.0000 validation_false_positive_rate=0.0000 validation_f2=0.0000 validation_mcc=-0.0003 validation_prauc=0.0346 validation_balanced_accuracy=0.5000 validation_brier=0.0094 validation_kappa=-0.0000 validation_informedness=-0.0000 validation_markedness=-0.0000 validation_gini=0.7155 validation_optimal_threshold=0.0677 validation_standard_deviation_prediction=0.0548 validation_percentage_above_threshold=0.00
[LN455    ] [chunk_21_hyperparam_optimizer.py] [info] [section 2] [CNN] [hyperparameter_optimization search baseline] TRIAL 3/5: loss_function=focal_loss, filters=512, kernel_size=5, dropout=0.05, learning_rate=0.01, epochs=80, alpha=0.25, gamma=3.0, layers=1, pooling=none
[LN456    ] [chunk_21_hyperparam_optimizer.py] [info] [section 2] [CNN] [hyperparameter_optimization search baseline] LABEL_THRESHOLD=20.0
[LN457    ] [chunk_21_hyperparam_optimizer.py] [info] [section 2] [CNN] [hyperparameter_optimization search baseline] VALIDATION_PRECISION=0.0000 VALIDATION_TRUE_POSITIVES=0 VALIDATION_TRUE_NEGATIVES=52918 validation_false_positives=0 validation_false_negatives=336 validation_max_prediction=0.1574 validation_mean_prediction=0.0638 validation_recall=0.0000 validation_f1=0.0000 validation_auc=0.8052 validation_specificity=1.0000 validation_false_positive_rate=0.0000 validation_f2=0.0000 validation_mcc=0.0000 validation_prauc=0.0168 validation_balanced_accuracy=0.5000 validation_brier=0.0136 validation_kappa=0.0000 validation_informedness=0.0000 validation_markedness=1.0000 validation_gini=0.6104 validation_optimal_threshold=0.1496 validation_standard_deviation_prediction=0.0712 validation_percentage_above_threshold=0.00
[LN458    ] [chunk_21_hyperparam_optimizer.py] [info] [section 2] [CNN] [hyperparameter_optimization search baseline] TRIAL 4/5: loss_function=focal_loss, filters=128, kernel_size=5, dropout=0.0, learning_rate=0.005, epochs=80, alpha=0.75, gamma=3.0, layers=3, pooling=max
[LN459    ] [chunk_21_hyperparam_optimizer.py] [info] [section 2] [CNN] [hyperparameter_optimization search baseline] LABEL_THRESHOLD=20.0
[LN460    ] [chunk_21_hyperparam_optimizer.py] [info] [section 2] [CNN] [hyperparameter_optimization search baseline] VALIDATION_PRECISION=0.0171 VALIDATION_TRUE_POSITIVES=325 VALIDATION_TRUE_NEGATIVES=34189 validation_false_positives=18729 validation_false_negatives=11 validation_max_prediction=1.0000 validation_mean_prediction=0.3005 validation_recall=0.9673 validation_f1=0.0335 validation_auc=0.9063 validation_specificity=0.6461 validation_false_positive_rate=0.3539 validation_f2=0.0797 validation_mcc=0.1013 validation_prauc=0.0620 validation_balanced_accuracy=0.8067 validation_brier=0.2024 validation_kappa=0.0214 validation_informedness=0.6133 validation_markedness=-0.3369 validation_gini=0.8126 validation_optimal_threshold=0.6856 validation_standard_deviation_prediction=0.3409 validation_percentage_above_threshold=35.78
[LN461    ] [chunk_21_hyperparam_optimizer.py] [info] [section 2] [CNN] [hyperparameter_optimization search baseline] TRIAL 5/5: loss_function=binary_crossentropy, filters=128, kernel_size=11, dropout=0.05, learning_rate=0.0005, epochs=80, alpha=0.5, gamma=2.5, layers=3, pooling=avg
[LN462    ] [chunk_21_hyperparam_optimizer.py] [info] [section 2] [CNN] [best trial] LABEL_THRESHOLD=20.0
[LN463    ] [chunk_21_hyperparam_optimizer.py] [info] [section 2] [CNN] [best trial] VALIDATION_PRECISION=0.0218 VALIDATION_TRUE_POSITIVES=305 VALIDATION_TRUE_NEGATIVES=39259 validation_false_positives=13659 validation_false_negatives=31 validation_max_prediction=0.9985 validation_mean_prediction=0.2666 validation_recall=0.9077 validation_f1=0.0427 validation_auc=0.9060 validation_specificity=0.7419 validation_false_positive_rate=0.2581 validation_f2=0.0996 validation_mcc=0.1169 validation_prauc=0.0658 validation_balanced_accuracy=0.8248 validation_brier=0.1314 validation_kappa=0.0307 validation_informedness=0.6496 validation_markedness=-0.2363 validation_gini=0.8119 validation_optimal_threshold=0.5915 validation_standard_deviation_prediction=0.2497 validation_percentage_above_threshold=26.22
[LN464    ] [chunk_21_hyperparam_optimizer.py] [info] [section 2] [CNN] [best trial] loss_function=binary_crossentropy, filters=512, kernel_size=11, dropout=0.0, learning_rate=0.0005, epochs=30, alpha=0.75, gamma=2.0, layers=3, pooling=none
[LN465    ] [chunk_18_phase_4_ensemble.py] [info]    [diagnostic-hyperparameter_optimization]  percentiles: p1=0.0113, p5=0.0163, p10=0.0205, p25=0.0404, p50=0.1542, p75=0.5198, p90=0.6497, p95=0.6929, p99=0.7603, max=0.9985 | histogram: bins[16585,6208,3878...9,0,1]
[LN466    ] [chunk_18_phase_4_ensemble.py] [info]    hyperparameter_optimization improved: 0.0218 > 0.0000
[LN467    ] [chunk_18_phase_4_ensemble.py] [info] [section 3] [CNN] [HYPERPARAMETER_OPTIMIZATION] LABEL_THRESHOLD=20.0,
[LN468    ] [chunk_18_phase_4_ensemble.py] [info] [section 3] [CNN] [HYPERPARAMETER_OPTIMIZATION] VALIDATION_PRECISION=0.0218 VALIDATION_TRUE_POSITIVES=305 VALIDATION_TRUE_NEGATIVES=39259 validation_false_positives=13659 validation_false_negatives=31 validation_max_prediction=0.9985 validation_mean_prediction=0.2666 validation_recall=0.9077 validation_f1=0.0427 validation_auc=0.9060 validation_specificity=0.7419 validation_false_positive_rate=0.2581 validation_f2=0.0996 validation_mcc=0.1169 validation_prauc=0.0658 validation_balanced_accuracy=0.8248 validation_brier=0.1314 validation_kappa=0.0307 validation_informedness=0.6496 validation_markedness=-0.2363 validation_gini=0.8119 validation_optimal_threshold=0.5915 validation_standard_deviation_prediction=0.2497 validation_percentage_above_threshold=26.22
[LN469    ] [chunk_18_phase_4_ensemble.py] [info] [section 3] [CNN] [HYPERPARAMETER_OPTIMIZATION] prediction_binary_split=0.50 hyperparams=(loss=binary_crossentropy lr=0.0005 dropout=0.0 alpha=0.75 gamma=2.0 latent_dim=0) improved=True {'loss_function': 'binary_crossentropy', 'filters': 512, 'kernel_size': 11, 'dropout': 0.0, 'learning_rate': 0.0005, 'epochs': 30, 'alpha': 0.75, 'gamma': 2.0, 'layers': 3, 'pooling': 'none'}
[LN470    ] [chunk_18_phase_4_ensemble.py] [info]    Running post hyperparameter_optimization threshold search for CNN...
[LN471    ] [chunk_12_evaluation_evaluator.py] [info] [CNN] LABEL_THRESHOLD=20.0 | Train: 0=118,621,1=689 [ok] | Val: 0=52,918,1=336 [ok]
[LN472    ] [chunk_12_evaluation_evaluator.py] [info] [CNN] [reject] skipping LABEL_THRESHOLD=20.0: precision=0.0218 <= baseline+0.0200=0.0263
[LN473    ] [chunk_12_evaluation_evaluator.py] [info] [CNN] LABEL_THRESHOLD=10.0 | Train: 0=116,756,1=2,554 [ok] | Val: 0=52,057,1=1,197 [ok]
[LN474    ] [chunk_12_evaluation_evaluator.py] [info] [CNN] [diagnostic] LABEL_THRESHOLD=10.0 train_precision=0.0593 train_true_positives=2042 train_true_negatives=84349 train_false_positives=32407 train_false_negatives=512 train_max_prediction=0.8784 train_mean_prediction=0.3180 train_recall=0.7995 train_f1=0.1104 train_auc=0.8322 train_specificity=0.7224 train_false_positive_rate=0.2776 train_f2=0.2286 train_mcc=0.1667 train_prauc=0.0869 train_balanced_accuracy=0.7610 train_brier=0.1512 train_kappa=0.0734 train_informedness=0.5220 train_markedness=-0.2183 train_gini=0.6644 train_optimal_threshold=0.4439 train_standard_deviation_prediction=0.2328 train_percentage_above_threshold=28.87
[LN475    ] [chunk_12_evaluation_evaluator.py] [info] [CNN] [diagnostic] LABEL_THRESHOLD=10.0 VALIDATION_PRECISION=0.0498 VALIDATION_TRUE_POSITIVES=1088 VALIDATION_TRUE_NEGATIVES=31305 validation_false_positives=20752 validation_false_negatives=109 validation_max_prediction=0.9999 validation_mean_prediction=0.4093 validation_recall=0.9089 validation_f1=0.0945 validation_auc=0.8413 validation_specificity=0.6014 validation_false_positive_rate=0.3986 validation_f2=0.2043 validation_mcc=0.1538 validation_prauc=0.1056 validation_balanced_accuracy=0.7551 validation_brier=0.2148 validation_kappa=0.0541 validation_informedness=0.5103 validation_markedness=-0.3488 validation_gini=0.6826 validation_optimal_threshold=0.5824 validation_standard_deviation_prediction=0.2353 validation_percentage_above_threshold=41.01
[LN476    ] [chunk_12_evaluation_evaluator.py] [info] [CNN] LABEL_THRESHOLD=0.0 | Train: 0=59,589,1=59,721 [ok] | Val: 0=24,480,1=28,774 [ok]
[LN477    ] [chunk_12_evaluation_evaluator.py] [info] [CNN] [reject] skipping LABEL_THRESHOLD=0.0: precision=0.4926 <= baseline+0.0200=0.5200
[LN478    ] [chunk_18_phase_4_ensemble.py] [info]    hyperparameter_optimization model threshold search: LABEL_THRESHOLD=20.0, VALIDATION_PRECISION=0.0218
[LN479    ] [chunk_18_phase_4_ensemble.py] [info]    post hyperparameter_optimization threshold search: LABEL_THRESHOLD=10.0, VALIDATION_PRECISION=0.0498
[LN480    ] [chunk_18_phase_4_ensemble.py] [info]    post hyperparameter_optimization improved: using LABEL_THRESHOLD=10.0
[LN481    ] [chunk_18_phase_4_ensemble.py] [info] [section 4] [CNN] [post hyperparameter_optimization] [diagnostic]  percentiles: p1=0.0246, p5=0.0475, p10=0.0796, p25=0.2075, p50=0.4005, p75=0.6158, p90=0.7199, p95=0.7731, p99=0.8244, max=0.9999 | histogram: bins[3831,3789,3029...61,0,1]
[LN482    ] [chunk_18_phase_4_ensemble.py] [info] [section 4] [CNN] [post hyperparameter_optimization] LABEL_THRESHOLD=10.0,
[LN483    ] [chunk_18_phase_4_ensemble.py] [info] [section 4] [CNN] [post hyperparameter_optimization] VALIDATION_PRECISION=0.0498 VALIDATION_TRUE_POSITIVES=1088 VALIDATION_TRUE_NEGATIVES=31305 validation_false_positives=20752 validation_false_negatives=109 validation_max_prediction=0.9999 validation_mean_prediction=0.4093 validation_recall=0.9089 validation_f1=0.0945 validation_auc=0.8413 validation_specificity=0.5933 validation_false_positive_rate=0.4067 validation_f2=0.0684 validation_mcc=0.0864 validation_prauc=0.0524 validation_balanced_accuracy=0.7684 validation_brier=0.2201 validation_kappa=0.0164 validation_informedness=0.5367 validation_markedness=-0.3922 validation_gini=0.7650 validation_optimal_threshold=0.6462 validation_standard_deviation_prediction=0.2353 validation_percentage_above_threshold=41.01
[LN484    ] [chunk_18_phase_4_ensemble.py] [info] [section 4] [CNN] [post hyperparameter_optimization] prediction_binary_split=0.50 hyperparams=(loss=binary_crossentropy lr=0.0005 dropout=0.0 alpha=0.75 gamma=2.0 latent_dim=64) source=section4
[LN485    ] [chunk_18_phase_4_ensemble.py] [info]    Using post-HPO model at LABEL_THRESHOLD=10.0 (post_hpo_prec=0.0498 > hpo=0.0218, pre_hpo=0.0000)
[LN486    ] [chunk_18_phase_4_ensemble.py] [info]    Train predictions: mean=0.3180, std=0.2328, min=0.0044, max=0.8784
[LN487    ] [chunk_18_phase_4_ensemble.py] [info]    validation predictions:   mean=0.4093, std=0.2353, min=0.0117, max=0.9999
[LN488    ] [chunk_18_phase_4_ensemble.py] [info] [section 5] [CNN] [final] [diagnostic] Train  percentiles: p1=0.0100, p5=0.0200, p10=0.0322, p25=0.0976, p50=0.2761, p75=0.5460, p90=0.6465, p95=0.6915, p99=0.7840, max=0.8784 | histogram: bins[17898,10826,7285...1395,928,86]
[LN489    ] [chunk_18_phase_4_ensemble.py] [info] [section 5] [CNN] [final] [diagnostic] validation    percentiles: p1=0.0246, p5=0.0475, p10=0.0796, p25=0.2075, p50=0.4005, p75=0.6158, p90=0.7199, p95=0.7731, p99=0.8244, max=0.9999 | histogram: bins[3831,3789,3029...61,0,1]
[LN490    ] [chunk_18_phase_4_ensemble.py] [info]    Train predictions: 28.87% positive predictions (34,449 / 119,310)
[LN491    ] [chunk_18_phase_4_ensemble.py] [info]    validation predictions:   41.01% positive predictions (21,840 / 53,254)
[LN492    ] [chunk_18_phase_4_ensemble.py] [info]    [diagnostic] prediction_buckets: 0-10:5974, 10-20:6847, 20-30:6865, 30-40:4812, 40-50:7020, 50-60:8277, 60-70:5026, 70-80:1516, 80-90:1, 90-100:0
[LN493    ] [chunk_18_phase_4_ensemble.py] [info] [section 5] [CNN] [final] LABEL_THRESHOLD=10.0,
[LN494    ] [chunk_18_phase_4_ensemble.py] [info] [section 5] [CNN] [final] train_precision=0.0593 train_true_positives=2042 train_true_negatives=84349 train_false_positives=32407 train_false_negatives=512 train_max_prediction=0.8784 train_mean_prediction=0.3180 train_recall=0.7995 train_f1=0.1104 train_auc=0.8322 train_specificity=0.7224 train_false_positive_rate=0.2776 train_f2=0.2286 train_mcc=0.1667 train_prauc=0.0869 train_balanced_accuracy=0.7610 train_standard_deviation_prediction=0.2328 train_percentage_above_threshold=28.87 train_brier=0.1512 train_kappa=0.0734 train_informedness=0.5220 train_markedness=-0.2183 train_gini=0.6644 train_optimal_threshold=0.4439
[LN495    ] [chunk_18_phase_4_ensemble.py] [info] [section 5] [CNN] [final] VALIDATION_PRECISION=0.0498 VALIDATION_TRUE_POSITIVES=1088 VALIDATION_TRUE_NEGATIVES=31305 validation_false_positives=20752 validation_false_negatives=109 validation_max_prediction=0.9999 validation_mean_prediction=0.4093 validation_recall=0.9089 validation_f1=0.0945 validation_auc=0.8413 validation_specificity=0.6014 validation_false_positive_rate=0.3986 validation_f2=0.2043 validation_mcc=0.1538 validation_prauc=0.1056 validation_balanced_accuracy=0.7551 validation_brier=0.2148 validation_kappa=0.0541 validation_informedness=0.5103 validation_markedness=-0.3488 validation_gini=0.6826 validation_optimal_threshold=0.5824 validation_standard_deviation_prediction=0.2353 validation_percentage_above_threshold=41.01
[LN496    ] [chunk_18_phase_4_ensemble.py] [info] [section 5] [CNN] [final] prediction_binary_split=0.50 hyperparams=(loss=binary_crossentropy lr=0.0005 dropout=0.0 alpha=0.75 gamma=2.0 latent_dim=64) (using HPO model directly)
[LN497    ] [chunk_18_phase_4_ensemble.py] [info]    [CNN] loss: binary_crossentropy | pred_threshold: 0.5 | epochs: 30
[LN498    ] [chunk_18_phase_4_ensemble.py] [info]    [CNN] hyperparameter_optimization: filters=512, kernel_size=11, dropout=0.0, learning_rate=0.0005, alpha=0.75, gamma=2.0, layers=3
[LN499    ] [chunk_18_phase_4_ensemble.py] [info]    CNN training time: 2173.1s
[LN500    ] [chunk_18_phase_4_ensemble.py] [info] [pass] CNN trained successfully
[LN501    ] [chunk_18_phase_4_ensemble.py] [info] [section 1] [RNN] [baseline] Training with threshold optimization...
[LN502    ] [chunk_18_phase_4_ensemble.py] [info] [section 1] [RNN] [baseline] before_threshold_optimization:
[LN503    ] [chunk_18_phase_4_ensemble.py] [info] [section 1] [RNN] [baseline] predictions: mean=0.0287, std=0.0357, min=0.0020, max=0.2264
[LN504    ] [chunk_18_phase_4_ensemble.py] [info] [section 1] [RNN] [baseline]  percentiles: p1=0.0027, p5=0.0034, p10=0.0038, p25=0.0058, p50=0.0122, p75=0.0355, p90=0.0837, p95=0.1107, p99=0.1536, max=0.2264 | histogram: bins[27821,7322,4844...48,34,8]
[LN505    ] [chunk_18_phase_4_ensemble.py] [info] [section 1] [RNN] [baseline] Histogram bins: [27821, 7322, 4844, 2581, 1968] ... [113, 70, 48, 34, 8]
[LN506    ] [chunk_18_phase_4_ensemble.py] [info] [section 1] [RNN] [baseline] % positive predictions (prediction_threshold=0.50): 0.00%
[LN507    ] [chunk_18_phase_4_ensemble.py] [warning] [section 1] [RNN] [baseline] [warning] No predictions >= 0.5!
[LN508    ] [chunk_18_phase_4_ensemble.py] [info] [section 1] [RNN] [baseline] LABEL_THRESHOLD=20.0,
[LN509    ] [chunk_18_phase_4_ensemble.py] [info] [section 1] [RNN] [baseline] VALIDATION_PRECISION=0.0000 VALIDATION_TRUE_POSITIVES=0 VALIDATION_TRUE_NEGATIVES=52918 validation_false_positives=0 validation_false_negatives=336 validation_max_prediction=0.2264 validation_mean_prediction=0.0287 validation_recall=0.0000 validation_f1=0.0000 validation_auc=0.8622 validation_specificity=1.0000 validation_false_positive_rate=0.0000 validation_f2=0.0000 validation_mcc=0.0000 validation_prauc=0.0374 validation_balanced_accuracy=0.5000 validation_brier=0.0073 validation_kappa=0.0000 validation_informedness=0.0000 validation_markedness=1.0000 validation_gini=0.7244 validation_optimal_threshold=0.0309 validation_standard_deviation_prediction=0.0357 validation_percentage_above_threshold=0.00
[LN510    ] [chunk_18_phase_4_ensemble.py] [info] [section 1] [RNN] [baseline] prediction_binary_split=0.50 loss=binary_crossentropy, lr=0.001
[LN511    ] [chunk_12_evaluation_evaluator.py] [info] [RNN] LABEL_THRESHOLD=20.0 | Train: 0=118,621,1=689 [ok] | Val: 0=52,918,1=336 [ok]
[LN512    ] [chunk_12_evaluation_evaluator.py] [info] [reject] Skipping threshold 20.0: only 0 positive VALIDATION predictions (min=5)
[LN513    ] [chunk_12_evaluation_evaluator.py] [info] [RNN] LABEL_THRESHOLD=10.0 | Train: 0=116,756,1=2,554 [ok] | Val: 0=52,057,1=1,197 [ok]
[LN514    ] [chunk_12_evaluation_evaluator.py] [info] [reject] Skipping threshold 10.0: only 0 positive VALIDATION predictions (min=5)
[LN515    ] [chunk_12_evaluation_evaluator.py] [info] [RNN] LABEL_THRESHOLD=0.0 | Train: 0=59,589,1=59,721 [ok] | Val: 0=24,480,1=28,774 [ok]
[LN516    ] [chunk_12_evaluation_evaluator.py] [info] [RNN] [reject] skipping LABEL_THRESHOLD=0.0: precision=0.5154 <= baseline+0.0200=0.5200
[LN517    ] [chunk_18_phase_4_ensemble.py] [warning] [section 1] [RNN] [label_threshold_optimal] [warning] All label thresholds rejected — using baseline metrics at 20.0
[LN518    ] [chunk_18_phase_4_ensemble.py] [info] [section 1] [RNN] [label_threshold_optimal] LABEL_THRESHOLD=20.0
[LN519    ] [chunk_18_phase_4_ensemble.py] [info] [section 1] [RNN] [label_threshold_optimal] train_precision=0.0000 train_true_positives=0 train_true_negatives=52918 train_false_positives=0 train_false_negatives=336 train_max_prediction=0.2264 train_mean_prediction=0.0287 train_recall=0.0000 train_f1=0.0000 train_auc=0.8622 train_specificity=1.0000 train_false_positive_rate=0.0000 train_f2=0.0000 train_mcc=0.0000 train_prauc=0.0374 train_balanced_accuracy=0.5000 train_brier=0.0073 train_kappa=0.0000 train_informedness=0.0000 train_markedness=1.0000 train_gini=0.7244 train_optimal_threshold=0.0309 train_standard_deviation_prediction=0.0357 train_percentage_above_threshold=0.00
[LN520    ] [chunk_18_phase_4_ensemble.py] [info] [section 1] [RNN] [label_threshold_optimal] VALIDATION_PRECISION=0.0000 VALIDATION_TRUE_POSITIVES=0 VALIDATION_TRUE_NEGATIVES=52918 validation_false_positives=0 validation_false_negatives=336 validation_max_prediction=0.2264 validation_mean_prediction=0.0287 validation_recall=0.0000 validation_f1=0.0000 validation_auc=0.8622 validation_specificity=1.0000 validation_false_positive_rate=0.0000 validation_f2=0.0000 validation_mcc=0.0000 validation_prauc=0.0374 validation_balanced_accuracy=0.5000 validation_brier=0.0073 validation_kappa=0.0000 validation_informedness=0.0000 validation_markedness=1.0000 validation_gini=0.7244 validation_optimal_threshold=0.0309 validation_standard_deviation_prediction=0.0357 validation_percentage_above_threshold=0.00
[LN521    ] [chunk_18_phase_4_ensemble.py] [info] [section 1] [RNN] [label_threshold_optimal] prediction_binary_split=0.50
[LN522    ] [chunk_21_hyperparam_optimizer.py] [info] [section 2] [RNN] [hyperparameter_optimization search] Running Bayesian optimization (5 trials)...
[LN523    ] [chunk_21_hyperparam_optimizer.py] [info] [section 2] [RNN] [hyperparameter_optimization search baseline] LABEL_THRESHOLD=20.0
[LN524    ] [chunk_21_hyperparam_optimizer.py] [info] [section 2] [RNN] [hyperparameter_optimization search baseline] VALIDATION_PRECISION=0.0197 VALIDATION_TRUE_POSITIVES=308 VALIDATION_TRUE_NEGATIVES=37607 validation_false_positives=15311 validation_false_negatives=28 validation_max_prediction=0.9192 validation_mean_prediction=0.2797 validation_recall=0.9167 validation_f1=0.0386 validation_auc=0.8982 validation_specificity=0.7107 validation_false_positive_rate=0.2893 validation_f2=0.0908 validation_mcc=0.1091 validation_prauc=0.0566 validation_balanced_accuracy=0.8137 validation_brier=0.1602 validation_kappa=0.0266 validation_informedness=0.6273 validation_markedness=-0.2696 validation_gini=0.7965 validation_optimal_threshold=0.5865 validation_standard_deviation_prediction=0.2915 validation_percentage_above_threshold=29.33
[LN525    ] [chunk_21_hyperparam_optimizer.py] [info] [section 2] [RNN] [hyperparameter_optimization search baseline] TRIAL 1/5: loss_function=binary_crossentropy, units=64, dropout=0.05, learning_rate=0.001, epochs=30, alpha=1.25, gamma=2.0, layers=2
[LN526    ] [chunk_21_hyperparam_optimizer.py] [warning]    TRIAL 2/5: REJECTED - true_positives=0 < 100 (min true_positives threshold)
[LN527    ] [chunk_21_hyperparam_optimizer.py] [info] [section 2] [RNN] [hyperparameter_optimization search baseline] LABEL_THRESHOLD=20.0
[LN528    ] [chunk_21_hyperparam_optimizer.py] [info] [section 2] [RNN] [hyperparameter_optimization search baseline] VALIDATION_PRECISION=0.0227 VALIDATION_TRUE_POSITIVES=289 VALIDATION_TRUE_NEGATIVES=40502 validation_false_positives=12416 validation_false_negatives=47 validation_max_prediction=0.9275 validation_mean_prediction=0.2694 validation_recall=0.8601 validation_f1=0.0443 validation_auc=0.8898 validation_specificity=0.7654 validation_false_positive_rate=0.2346 validation_f2=0.1029 validation_mcc=0.1162 validation_prauc=0.0481 validation_balanced_accuracy=0.8127 validation_brier=0.1466 validation_kappa=0.0324 validation_informedness=0.6255 validation_markedness=-0.2119 validation_gini=0.7795 validation_optimal_threshold=0.6025 validation_standard_deviation_prediction=0.2772 validation_percentage_above_threshold=23.86
[LN529    ] [chunk_21_hyperparam_optimizer.py] [info] [section 2] [RNN] [hyperparameter_optimization search baseline] TRIAL 3/5: loss_function=binary_crossentropy, units=256, dropout=0.1, learning_rate=0.0005, epochs=50, alpha=1.0, gamma=2.5, layers=1
[LN530    ] [chunk_21_hyperparam_optimizer.py] [info] [section 2] [RNN] [hyperparameter_optimization search baseline] LABEL_THRESHOLD=20.0
[LN531    ] [chunk_21_hyperparam_optimizer.py] [info] [section 2] [RNN] [hyperparameter_optimization search baseline] VALIDATION_PRECISION=0.0192 VALIDATION_TRUE_POSITIVES=305 VALIDATION_TRUE_NEGATIVES=37321 validation_false_positives=15597 validation_false_negatives=31 validation_max_prediction=0.9553 validation_mean_prediction=0.2813 validation_recall=0.9077 validation_f1=0.0376 validation_auc=0.8859 validation_specificity=0.7053 validation_false_positive_rate=0.2947 validation_f2=0.0884 validation_mcc=0.1061 validation_prauc=0.0386 validation_balanced_accuracy=0.8065 validation_brier=0.1753 validation_kappa=0.0255 validation_informedness=0.6130 validation_markedness=-0.2756 validation_gini=0.7718 validation_optimal_threshold=0.6558 validation_standard_deviation_prediction=0.3152 validation_percentage_above_threshold=29.86
[LN532    ] [chunk_21_hyperparam_optimizer.py] [info] [section 2] [RNN] [hyperparameter_optimization search baseline] TRIAL 4/5: loss_function=binary_crossentropy, units=128, dropout=0.0, learning_rate=0.0005, epochs=50, alpha=0.25, gamma=2.0, layers=1
[LN533    ] [chunk_21_hyperparam_optimizer.py] [warning]    TRIAL 5/5: REJECTED - true_positives=0 < 100 (min true_positives threshold)
[LN534    ] [chunk_21_hyperparam_optimizer.py] [info] [section 2] [RNN] [best trial] LABEL_THRESHOLD=20.0
[LN535    ] [chunk_21_hyperparam_optimizer.py] [info] [section 2] [RNN] [best trial] VALIDATION_PRECISION=0.0227 VALIDATION_TRUE_POSITIVES=289 VALIDATION_TRUE_NEGATIVES=40502 validation_false_positives=12416 validation_false_negatives=47 validation_max_prediction=0.9275 validation_mean_prediction=0.2694 validation_recall=0.8601 validation_f1=0.0443 validation_auc=0.8898 validation_specificity=0.7654 validation_false_positive_rate=0.2346 validation_f2=0.1029 validation_mcc=0.1162 validation_prauc=0.0481 validation_balanced_accuracy=0.8127 validation_brier=0.1466 validation_kappa=0.0324 validation_informedness=0.6255 validation_markedness=-0.2119 validation_gini=0.7795 validation_optimal_threshold=0.6025 validation_standard_deviation_prediction=0.2772 validation_percentage_above_threshold=23.86
[LN536    ] [chunk_21_hyperparam_optimizer.py] [info] [section 2] [RNN] [best trial] loss_function=binary_crossentropy, units=256, dropout=0.1, learning_rate=0.0005, epochs=50, alpha=1.0, gamma=2.5, layers=1
[LN537    ] [chunk_18_phase_4_ensemble.py] [info]    [diagnostic-hyperparameter_optimization]  percentiles: p1=0.0280, p5=0.0341, p10=0.0378, p25=0.0517, p50=0.1186, p75=0.4738, p90=0.7586, p95=0.8131, p99=0.8846, max=0.9275 | histogram: bins[17462,8162,3981...1931,1213,582]
[LN538    ] [chunk_18_phase_4_ensemble.py] [info]    hyperparameter_optimization improved: 0.0227 > 0.0000
[LN539    ] [chunk_18_phase_4_ensemble.py] [info] [section 3] [RNN] [HYPERPARAMETER_OPTIMIZATION] LABEL_THRESHOLD=20.0,
[LN540    ] [chunk_18_phase_4_ensemble.py] [info] [section 3] [RNN] [HYPERPARAMETER_OPTIMIZATION] VALIDATION_PRECISION=0.0227 VALIDATION_TRUE_POSITIVES=289 VALIDATION_TRUE_NEGATIVES=40502 validation_false_positives=12416 validation_false_negatives=47 validation_max_prediction=0.9275 validation_mean_prediction=0.2694 validation_recall=0.8601 validation_f1=0.0443 validation_auc=0.8898 validation_specificity=0.7654 validation_false_positive_rate=0.2346 validation_f2=0.1029 validation_mcc=0.1162 validation_prauc=0.0481 validation_balanced_accuracy=0.8127 validation_brier=0.1466 validation_kappa=0.0324 validation_informedness=0.6255 validation_markedness=-0.2119 validation_gini=0.7795 validation_optimal_threshold=0.6025 validation_standard_deviation_prediction=0.2772 validation_percentage_above_threshold=23.86
[LN541    ] [chunk_18_phase_4_ensemble.py] [info] [section 3] [RNN] [HYPERPARAMETER_OPTIMIZATION] prediction_binary_split=0.50 hyperparams=(loss=binary_crossentropy lr=0.0005 dropout=0.1 alpha=1.0 gamma=2.5 latent_dim=0) improved=True {'loss_function': 'binary_crossentropy', 'units': 256, 'dropout': 0.1, 'learning_rate': 0.0005, 'epochs': 50, 'alpha': 1.0, 'gamma': 2.5, 'layers': 1}
[LN542    ] [chunk_18_phase_4_ensemble.py] [info]    Running post hyperparameter_optimization threshold search for RNN...
[LN543    ] [chunk_12_evaluation_evaluator.py] [info] [RNN] LABEL_THRESHOLD=20.0 | Train: 0=118,621,1=689 [ok] | Val: 0=52,918,1=336 [ok]
[LN544    ] [chunk_12_evaluation_evaluator.py] [info] [RNN] [reject] skipping LABEL_THRESHOLD=20.0: precision=0.0227 <= baseline+0.0200=0.0263
[LN545    ] [chunk_12_evaluation_evaluator.py] [info] [RNN] LABEL_THRESHOLD=10.0 | Train: 0=116,756,1=2,554 [ok] | Val: 0=52,057,1=1,197 [ok]
[LN546    ] [chunk_12_evaluation_evaluator.py] [info] [RNN] [diagnostic] LABEL_THRESHOLD=10.0 train_precision=0.0650 train_true_positives=1895 train_true_negatives=89495 train_false_positives=27261 train_false_negatives=659 train_max_prediction=0.9122 train_mean_prediction=0.2846 train_recall=0.7420 train_f1=0.1195 train_auc=0.8339 train_specificity=0.7665 train_false_positive_rate=0.2335 train_f2=0.2407 train_mcc=0.1713 train_prauc=0.0889 train_balanced_accuracy=0.7542 train_brier=0.1519 train_kappa=0.0834 train_informedness=0.5085 train_markedness=-0.1685 train_gini=0.6678 train_optimal_threshold=0.3384 train_standard_deviation_prediction=0.2773 train_percentage_above_threshold=24.44
[LN547    ] [chunk_12_evaluation_evaluator.py] [info] [RNN] [diagnostic] LABEL_THRESHOLD=10.0 VALIDATION_PRECISION=0.0683 VALIDATION_TRUE_POSITIVES=954 VALIDATION_TRUE_NEGATIVES=39039 validation_false_positives=13018 validation_false_negatives=243 validation_max_prediction=0.9124 validation_mean_prediction=0.2741 validation_recall=0.7970 validation_f1=0.1258 validation_auc=0.8477 validation_specificity=0.7499 validation_false_positive_rate=0.2501 validation_f2=0.2543 validation_mcc=0.1843 validation_prauc=0.1025 validation_balanced_accuracy=0.7735 validation_brier=0.1586 validation_kappa=0.0880 validation_informedness=0.5469 validation_markedness=-0.1818 validation_gini=0.6953 validation_optimal_threshold=0.4003 validation_standard_deviation_prediction=0.3027 validation_percentage_above_threshold=26.24
[LN548    ] [chunk_12_evaluation_evaluator.py] [info] [RNN] LABEL_THRESHOLD=0.0 | Train: 0=59,589,1=59,721 [ok] | Val: 0=24,480,1=28,774 [ok]
[LN549    ] [chunk_12_evaluation_evaluator.py] [info] [RNN] [reject] skipping LABEL_THRESHOLD=0.0: precision=0.4943 <= baseline+0.0200=0.5200
[LN550    ] [chunk_18_phase_4_ensemble.py] [info]    hyperparameter_optimization model threshold search: LABEL_THRESHOLD=20.0, VALIDATION_PRECISION=0.0227
[LN551    ] [chunk_18_phase_4_ensemble.py] [info]    post hyperparameter_optimization threshold search: LABEL_THRESHOLD=10.0, VALIDATION_PRECISION=0.0683
[LN552    ] [chunk_18_phase_4_ensemble.py] [info]    post hyperparameter_optimization improved: using LABEL_THRESHOLD=10.0
[LN553    ] [chunk_18_phase_4_ensemble.py] [info] [section 4] [RNN] [post hyperparameter_optimization] [diagnostic]  percentiles: p1=0.0202, p5=0.0249, p10=0.0291, p25=0.0403, p50=0.0892, p75=0.5321, p90=0.8041, p95=0.8499, p99=0.8818, max=0.9124 | histogram: bins[21712,6365,2924...2246,3044,1322]
[LN554    ] [chunk_18_phase_4_ensemble.py] [info] [section 4] [RNN] [post hyperparameter_optimization] LABEL_THRESHOLD=10.0,
[LN555    ] [chunk_18_phase_4_ensemble.py] [info] [section 4] [RNN] [post hyperparameter_optimization] VALIDATION_PRECISION=0.0683 VALIDATION_TRUE_POSITIVES=954 VALIDATION_TRUE_NEGATIVES=39039 validation_false_positives=13018 validation_false_negatives=243 validation_max_prediction=0.9124 validation_mean_prediction=0.2741 validation_recall=0.7970 validation_f1=0.1258 validation_auc=0.8477 validation_specificity=0.7415 validation_false_positive_rate=0.2585 validation_f2=0.0963 validation_mcc=0.1115 validation_prauc=0.0457 validation_balanced_accuracy=0.8098 validation_brier=0.1636 validation_kappa=0.0293 validation_informedness=0.6195 validation_markedness=-0.2373 validation_gini=0.7764 validation_optimal_threshold=0.5750 validation_standard_deviation_prediction=0.3027 validation_percentage_above_threshold=26.24
[LN556    ] [chunk_18_phase_4_ensemble.py] [info] [section 4] [RNN] [post hyperparameter_optimization] prediction_binary_split=0.50 hyperparams=(loss=binary_crossentropy lr=0.0005 dropout=0.1 alpha=1.0 gamma=2.5 latent_dim=64) source=section4
[LN557    ] [chunk_18_phase_4_ensemble.py] [info]    Using post-HPO model at LABEL_THRESHOLD=10.0 (post_hpo_prec=0.0683 > hpo=0.0227, pre_hpo=0.0000)
[LN558    ] [chunk_18_phase_4_ensemble.py] [info]    Train predictions: mean=0.2846, std=0.2773, min=0.0160, max=0.9122
[LN559    ] [chunk_18_phase_4_ensemble.py] [info]    validation predictions:   mean=0.2741, std=0.3027, min=0.0150, max=0.9124
[LN560    ] [chunk_18_phase_4_ensemble.py] [info] [section 5] [RNN] [final] [diagnostic] Train  percentiles: p1=0.0204, p5=0.0248, p10=0.0297, p25=0.0514, p50=0.1538, p75=0.4912, p90=0.7658, p95=0.8329, p99=0.8765, max=0.9122 | histogram: bins[34550,14287,10227...3971,4918,2096]
[LN561    ] [chunk_18_phase_4_ensemble.py] [info] [section 5] [RNN] [final] [diagnostic] validation    percentiles: p1=0.0202, p5=0.0249, p10=0.0291, p25=0.0403, p50=0.0892, p75=0.5321, p90=0.8041, p95=0.8499, p99=0.8818, max=0.9124 | histogram: bins[21712,6365,2924...2246,3044,1322]
[LN562    ] [chunk_18_phase_4_ensemble.py] [info]    Train predictions: 24.44% positive predictions (29,156 / 119,310)
[LN563    ] [chunk_18_phase_4_ensemble.py] [info]    validation predictions:   26.24% positive predictions (13,972 / 53,254)
[LN564    ] [chunk_18_phase_4_ensemble.py] [info]    [diagnostic] prediction_buckets: 0-10:5214, 10-20:2428, 20-30:1971, 30-40:2016, 40-50:2010, 50-60:2434, 60-70:3991, 70-80:5468, 80-90:69, 90-100:0
[LN565    ] [chunk_18_phase_4_ensemble.py] [info] [section 5] [RNN] [final] LABEL_THRESHOLD=10.0,
[LN566    ] [chunk_18_phase_4_ensemble.py] [info] [section 5] [RNN] [final] train_precision=0.0650 train_true_positives=1895 train_true_negatives=89495 train_false_positives=27261 train_false_negatives=659 train_max_prediction=0.9122 train_mean_prediction=0.2846 train_recall=0.7420 train_f1=0.1195 train_auc=0.8339 train_specificity=0.7665 train_false_positive_rate=0.2335 train_f2=0.2407 train_mcc=0.1713 train_prauc=0.0889 train_balanced_accuracy=0.7542 train_standard_deviation_prediction=0.2773 train_percentage_above_threshold=24.44 train_brier=0.1519 train_kappa=0.0834 train_informedness=0.5085 train_markedness=-0.1685 train_gini=0.6678 train_optimal_threshold=0.3384
[LN567    ] [chunk_18_phase_4_ensemble.py] [info] [section 5] [RNN] [final] VALIDATION_PRECISION=0.0683 VALIDATION_TRUE_POSITIVES=954 VALIDATION_TRUE_NEGATIVES=39039 validation_false_positives=13018 validation_false_negatives=243 validation_max_prediction=0.9124 validation_mean_prediction=0.2741 validation_recall=0.7970 validation_f1=0.1258 validation_auc=0.8477 validation_specificity=0.7499 validation_false_positive_rate=0.2501 validation_f2=0.2543 validation_mcc=0.1843 validation_prauc=0.1025 validation_balanced_accuracy=0.7735 validation_brier=0.1586 validation_kappa=0.0880 validation_informedness=0.5469 validation_markedness=-0.1818 validation_gini=0.6953 validation_optimal_threshold=0.4003 validation_standard_deviation_prediction=0.3027 validation_percentage_above_threshold=26.24
[LN568    ] [chunk_18_phase_4_ensemble.py] [info] [section 5] [RNN] [final] prediction_binary_split=0.50 hyperparams=(loss=binary_crossentropy lr=0.0005 dropout=0.1 alpha=1.0 gamma=2.5 latent_dim=64) (using HPO model directly)
[LN569    ] [chunk_18_phase_4_ensemble.py] [info]    [RNN] loss: binary_crossentropy | pred_threshold: 0.5 | epochs: 50
[LN570    ] [chunk_18_phase_4_ensemble.py] [info]    [RNN] hyperparameter_optimization: units=256, dropout=0.1, learning_rate=0.0005, alpha=1.0, gamma=2.5, layers=1
[LN571    ] [chunk_18_phase_4_ensemble.py] [info]    RNN training time: 1118.4s
[LN572    ] [chunk_18_phase_4_ensemble.py] [info] [pass] RNN trained successfully
[LN573    ] [chunk_18_phase_4_ensemble.py] [info] [section 1] [LSTM] [baseline] Training with threshold optimization...
[LN574    ] [chunk_18_phase_4_ensemble.py] [info] [section 1] [LSTM] [baseline] before_threshold_optimization:
[LN575    ] [chunk_18_phase_4_ensemble.py] [info] [section 1] [LSTM] [baseline] predictions: mean=0.0424, std=0.0065, min=0.0338, max=0.0743
[LN576    ] [chunk_18_phase_4_ensemble.py] [info] [section 1] [LSTM] [baseline]  percentiles: p1=0.0345, p5=0.0355, p10=0.0365, p25=0.0388, p50=0.0407, p75=0.0438, p90=0.0509, p95=0.0573, p99=0.0667, max=0.0743 | histogram: bins[3665,5829,10384...229,42,24]
[LN577    ] [chunk_18_phase_4_ensemble.py] [info] [section 1] [LSTM] [baseline] Histogram bins: [3665, 5829, 10384, 15291, 5088] ... [406, 321, 229, 42, 24]
[LN578    ] [chunk_18_phase_4_ensemble.py] [info] [section 1] [LSTM] [baseline] % positive predictions (prediction_threshold=0.50): 0.00%
[LN579    ] [chunk_18_phase_4_ensemble.py] [warning] [section 1] [LSTM] [baseline] [warning] No predictions >= 0.5!
[LN580    ] [chunk_18_phase_4_ensemble.py] [info] [section 1] [LSTM] [baseline] LABEL_THRESHOLD=20.0,
[LN581    ] [chunk_18_phase_4_ensemble.py] [info] [section 1] [LSTM] [baseline] VALIDATION_PRECISION=0.0000 VALIDATION_TRUE_POSITIVES=0 VALIDATION_TRUE_NEGATIVES=52918 validation_false_positives=0 validation_false_negatives=336 validation_max_prediction=0.0743 validation_mean_prediction=0.0424 validation_recall=0.0000 validation_f1=0.0000 validation_auc=0.6820 validation_specificity=1.0000 validation_false_positive_rate=0.0000 validation_f2=0.0000 validation_mcc=0.0000 validation_prauc=0.0151 validation_balanced_accuracy=0.5000 validation_brier=0.0076 validation_kappa=0.0000 validation_informedness=0.0000 validation_markedness=1.0000 validation_gini=0.3641 validation_optimal_threshold=0.0410 validation_standard_deviation_prediction=0.0065 validation_percentage_above_threshold=0.00
[LN582    ] [chunk_18_phase_4_ensemble.py] [info] [section 1] [LSTM] [baseline] prediction_binary_split=0.50 loss=binary_crossentropy, lr=0.001
[LN583    ] [chunk_12_evaluation_evaluator.py] [info] [LSTM] LABEL_THRESHOLD=20.0 | Train: 0=118,621,1=689 [ok] | Val: 0=52,918,1=336 [ok]
[LN584    ] [chunk_12_evaluation_evaluator.py] [info] [reject] Skipping threshold 20.0: only 0 positive VALIDATION predictions (min=5)
[LN585    ] [chunk_12_evaluation_evaluator.py] [info] [LSTM] LABEL_THRESHOLD=10.0 | Train: 0=116,756,1=2,554 [ok] | Val: 0=52,057,1=1,197 [ok]
[LN586    ] [chunk_12_evaluation_evaluator.py] [info] [reject] Skipping threshold 10.0: only 0 positive VALIDATION predictions (min=5)
[LN587    ] [chunk_12_evaluation_evaluator.py] [info] [LSTM] LABEL_THRESHOLD=0.0 | Train: 0=59,589,1=59,721 [ok] | Val: 0=24,480,1=28,774 [ok]
[LN588    ] [chunk_12_evaluation_evaluator.py] [info] [LSTM] [reject] skipping LABEL_THRESHOLD=0.0: precision=0.5198 <= baseline+0.0200=0.5200
[LN589    ] [chunk_18_phase_4_ensemble.py] [warning] [section 1] [LSTM] [label_threshold_optimal] [warning] All label thresholds rejected — using baseline metrics at 20.0
[LN590    ] [chunk_18_phase_4_ensemble.py] [info] [section 1] [LSTM] [label_threshold_optimal] LABEL_THRESHOLD=20.0
[LN591    ] [chunk_18_phase_4_ensemble.py] [info] [section 1] [LSTM] [label_threshold_optimal] train_precision=0.0000 train_true_positives=0 train_true_negatives=52918 train_false_positives=0 train_false_negatives=336 train_max_prediction=0.0743 train_mean_prediction=0.0424 train_recall=0.0000 train_f1=0.0000 train_auc=0.6820 train_specificity=1.0000 train_false_positive_rate=0.0000 train_f2=0.0000 train_mcc=0.0000 train_prauc=0.0151 train_balanced_accuracy=0.5000 train_brier=0.0076 train_kappa=0.0000 train_informedness=0.0000 train_markedness=1.0000 train_gini=0.3641 train_optimal_threshold=0.0410 train_standard_deviation_prediction=0.0065 train_percentage_above_threshold=0.00
[LN592    ] [chunk_18_phase_4_ensemble.py] [info] [section 1] [LSTM] [label_threshold_optimal] VALIDATION_PRECISION=0.0000 VALIDATION_TRUE_POSITIVES=0 VALIDATION_TRUE_NEGATIVES=52918 validation_false_positives=0 validation_false_negatives=336 validation_max_prediction=0.0743 validation_mean_prediction=0.0424 validation_recall=0.0000 validation_f1=0.0000 validation_auc=0.6820 validation_specificity=1.0000 validation_false_positive_rate=0.0000 validation_f2=0.0000 validation_mcc=0.0000 validation_prauc=0.0151 validation_balanced_accuracy=0.5000 validation_brier=0.0076 validation_kappa=0.0000 validation_informedness=0.0000 validation_markedness=1.0000 validation_gini=0.3641 validation_optimal_threshold=0.0410 validation_standard_deviation_prediction=0.0065 validation_percentage_above_threshold=0.00
[LN593    ] [chunk_18_phase_4_ensemble.py] [info] [section 1] [LSTM] [label_threshold_optimal] prediction_binary_split=0.50
[LN594    ] [chunk_21_hyperparam_optimizer.py] [info] [section 2] [LSTM] [hyperparameter_optimization search] Running Bayesian optimization (5 trials)...
[LN595    ] [chunk_21_hyperparam_optimizer.py] [info] [section 2] [LSTM] [hyperparameter_optimization search baseline] LABEL_THRESHOLD=20.0
[LN596    ] [chunk_21_hyperparam_optimizer.py] [info] [section 2] [LSTM] [hyperparameter_optimization search baseline] VALIDATION_PRECISION=0.0190 VALIDATION_TRUE_POSITIVES=299 VALIDATION_TRUE_NEGATIVES=37492 validation_false_positives=15426 validation_false_negatives=37 validation_max_prediction=0.9422 validation_mean_prediction=0.2622 validation_recall=0.8899 validation_f1=0.0372 validation_auc=0.8695 validation_specificity=0.7085 validation_false_positive_rate=0.2915 validation_f2=0.0876 validation_mcc=0.1039 validation_prauc=0.0409 validation_balanced_accuracy=0.7992 validation_brier=0.1580 validation_kappa=0.0252 validation_informedness=0.5984 validation_markedness=-0.2725 validation_gini=0.7391 validation_optimal_threshold=0.5396 validation_standard_deviation_prediction=0.3030 validation_percentage_above_threshold=29.53
[LN597    ] [chunk_21_hyperparam_optimizer.py] [info] [section 2] [LSTM] [hyperparameter_optimization search baseline] TRIAL 1/5: lstm_units=32, dropout=0.0, learning_rate=0.002, epochs=30, loss_function=binary_crossentropy, alpha=0.5, gamma=3.0, layers=1, bidirectional=False
[LN598    ] [chunk_21_hyperparam_optimizer.py] [info] [section 2] [LSTM] [hyperparameter_optimization search baseline] LABEL_THRESHOLD=20.0
[LN599    ] [chunk_21_hyperparam_optimizer.py] [info] [section 2] [LSTM] [hyperparameter_optimization search baseline] VALIDATION_PRECISION=0.0000 VALIDATION_TRUE_POSITIVES=0 VALIDATION_TRUE_NEGATIVES=52918 validation_false_positives=0 validation_false_negatives=336 validation_max_prediction=0.3204 validation_mean_prediction=0.0393 validation_recall=0.0000 validation_f1=0.0000 validation_auc=0.8740 validation_specificity=1.0000 validation_false_positive_rate=0.0000 validation_f2=0.0000 validation_mcc=0.0000 validation_prauc=0.0454 validation_balanced_accuracy=0.5000 validation_brier=0.0087 validation_kappa=0.0000 validation_informedness=0.0000 validation_markedness=1.0000 validation_gini=0.7480 validation_optimal_threshold=0.0449 validation_standard_deviation_prediction=0.0505 validation_percentage_above_threshold=0.00
[LN600    ] [chunk_21_hyperparam_optimizer.py] [info] [section 2] [LSTM] [hyperparameter_optimization search baseline] TRIAL 2/5: lstm_units=32, dropout=0.0, learning_rate=0.0005, epochs=30, loss_function=focal_loss, alpha=1.0, gamma=2.0, layers=1, bidirectional=True
[LN601    ] [chunk_21_hyperparam_optimizer.py] [info] [section 2] [LSTM] [hyperparameter_optimization search baseline] LABEL_THRESHOLD=20.0
[LN602    ] [chunk_21_hyperparam_optimizer.py] [info] [section 2] [LSTM] [hyperparameter_optimization search baseline] VALIDATION_PRECISION=0.0178 VALIDATION_TRUE_POSITIVES=305 VALIDATION_TRUE_NEGATIVES=36052 validation_false_positives=16866 validation_false_negatives=31 validation_max_prediction=0.7156 validation_mean_prediction=0.2730 validation_recall=0.9077 validation_f1=0.0348 validation_auc=0.8616 validation_specificity=0.6813 validation_false_positive_rate=0.3187 validation_f2=0.0824 validation_mcc=0.0998 validation_prauc=0.0348 validation_balanced_accuracy=0.7945 validation_brier=0.1441 validation_kappa=0.0227 validation_informedness=0.5890 validation_markedness=-0.3010 validation_gini=0.7233 validation_optimal_threshold=0.5937 validation_standard_deviation_prediction=0.2666 validation_percentage_above_threshold=32.24
[LN603    ] [chunk_21_hyperparam_optimizer.py] [info] [section 2] [LSTM] [hyperparameter_optimization search baseline] TRIAL 3/5: lstm_units=64, dropout=0.05, learning_rate=0.005, epochs=20, loss_function=binary_crossentropy, alpha=0.25, gamma=2.0, layers=2, bidirectional=False
[LN604    ] [chunk_21_hyperparam_optimizer.py] [info] [section 2] [LSTM] [hyperparameter_optimization search baseline] LABEL_THRESHOLD=20.0
[LN605    ] [chunk_21_hyperparam_optimizer.py] [info] [section 2] [LSTM] [hyperparameter_optimization search baseline] VALIDATION_PRECISION=0.0195 VALIDATION_TRUE_POSITIVES=305 VALIDATION_TRUE_NEGATIVES=37557 validation_false_positives=15361 validation_false_negatives=31 validation_max_prediction=0.9087 validation_mean_prediction=0.2551 validation_recall=0.9077 validation_f1=0.0381 validation_auc=0.8838 validation_specificity=0.7097 validation_false_positive_rate=0.2903 validation_f2=0.0897 validation_mcc=0.1073 validation_prauc=0.0480 validation_balanced_accuracy=0.8087 validation_brier=0.1737 validation_kappa=0.0261 validation_informedness=0.6175 validation_markedness=-0.2708 validation_gini=0.7677 validation_optimal_threshold=0.6323 validation_standard_deviation_prediction=0.3343 validation_percentage_above_threshold=29.42
[LN606    ] [chunk_21_hyperparam_optimizer.py] [info] [section 2] [LSTM] [hyperparameter_optimization search baseline] TRIAL 4/5: lstm_units=64, dropout=0.0, learning_rate=0.002, epochs=50, loss_function=binary_crossentropy, alpha=0.25, gamma=2.5, layers=2, bidirectional=False
[LN607    ] [chunk_21_hyperparam_optimizer.py] [info] [section 2] [LSTM] [hyperparameter_optimization search baseline] LABEL_THRESHOLD=20.0
[LN608    ] [chunk_21_hyperparam_optimizer.py] [info] [section 2] [LSTM] [hyperparameter_optimization search baseline] VALIDATION_PRECISION=0.0000 VALIDATION_TRUE_POSITIVES=0 VALIDATION_TRUE_NEGATIVES=52918 validation_false_positives=0 validation_false_negatives=336 validation_max_prediction=0.2860 validation_mean_prediction=0.0423 validation_recall=0.0000 validation_f1=0.0000 validation_auc=0.8770 validation_specificity=1.0000 validation_false_positive_rate=0.0000 validation_f2=0.0000 validation_mcc=0.0000 validation_prauc=0.0461 validation_balanced_accuracy=0.5000 validation_brier=0.0099 validation_kappa=0.0000 validation_informedness=0.0000 validation_markedness=1.0000 validation_gini=0.7540 validation_optimal_threshold=0.0734 validation_standard_deviation_prediction=0.0597 validation_percentage_above_threshold=0.00
[LN609    ] [chunk_21_hyperparam_optimizer.py] [info] [section 2] [LSTM] [hyperparameter_optimization search baseline] TRIAL 5/5: lstm_units=64, dropout=0.05, learning_rate=0.0005, epochs=50, loss_function=focal_loss, alpha=0.25, gamma=2.5, layers=1, bidirectional=True
[LN610    ] [chunk_21_hyperparam_optimizer.py] [info] [section 2] [LSTM] [best trial] LABEL_THRESHOLD=20.0
[LN611    ] [chunk_21_hyperparam_optimizer.py] [info] [section 2] [LSTM] [best trial] VALIDATION_PRECISION=0.0190 VALIDATION_TRUE_POSITIVES=299 VALIDATION_TRUE_NEGATIVES=37492 validation_false_positives=15426 validation_false_negatives=37 validation_max_prediction=0.9422 validation_mean_prediction=0.2622 validation_recall=0.8899 validation_f1=0.0372 validation_auc=0.8695 validation_specificity=0.7085 validation_false_positive_rate=0.2915 validation_f2=0.0876 validation_mcc=0.1039 validation_prauc=0.0409 validation_balanced_accuracy=0.7992 validation_brier=0.1580 validation_kappa=0.0252 validation_informedness=0.5984 validation_markedness=-0.2725 validation_gini=0.7391 validation_optimal_threshold=0.5396 validation_standard_deviation_prediction=0.3030 validation_percentage_above_threshold=29.53
[LN612    ] [chunk_21_hyperparam_optimizer.py] [info] [section 2] [LSTM] [best trial] lstm_units=32, dropout=0.0, learning_rate=0.002, epochs=30, loss_function=binary_crossentropy, alpha=0.5, gamma=3.0, layers=1, bidirectional=False
[LN613    ] [chunk_18_phase_4_ensemble.py] [info]    [diagnostic-hyperparameter_optimization]  percentiles: p1=0.0062, p5=0.0066, p10=0.0070, p25=0.0106, p50=0.0635, p75=0.5582, p90=0.7623, p95=0.8070, p99=0.8678, max=0.9422 | histogram: bins[25683,3025,1688...2084,772,175]
[LN614    ] [chunk_18_phase_4_ensemble.py] [info]    hyperparameter_optimization improved: 0.0190 > 0.0000
[LN615    ] [chunk_18_phase_4_ensemble.py] [info] [section 3] [LSTM] [HYPERPARAMETER_OPTIMIZATION] LABEL_THRESHOLD=20.0,
[LN616    ] [chunk_18_phase_4_ensemble.py] [info] [section 3] [LSTM] [HYPERPARAMETER_OPTIMIZATION] VALIDATION_PRECISION=0.0190 VALIDATION_TRUE_POSITIVES=299 VALIDATION_TRUE_NEGATIVES=37492 validation_false_positives=15426 validation_false_negatives=37 validation_max_prediction=0.9422 validation_mean_prediction=0.2622 validation_recall=0.8899 validation_f1=0.0372 validation_auc=0.8695 validation_specificity=0.7085 validation_false_positive_rate=0.2915 validation_f2=0.0876 validation_mcc=0.1039 validation_prauc=0.0409 validation_balanced_accuracy=0.7992 validation_brier=0.1580 validation_kappa=0.0252 validation_informedness=0.5984 validation_markedness=-0.2725 validation_gini=0.7391 validation_optimal_threshold=0.5396 validation_standard_deviation_prediction=0.3030 validation_percentage_above_threshold=29.53
[LN617    ] [chunk_18_phase_4_ensemble.py] [info] [section 3] [LSTM] [HYPERPARAMETER_OPTIMIZATION] prediction_binary_split=0.50 hyperparams=(loss=binary_crossentropy lr=0.002 dropout=0.0 alpha=0.5 gamma=3.0 latent_dim=0) improved=True {'lstm_units': 32, 'dropout': 0.0, 'learning_rate': 0.002, 'epochs': 30, 'loss_function': 'binary_crossentropy', 'alpha': 0.5, 'gamma': 3.0, 'layers': 1, 'bidirectional': False}
[LN618    ] [chunk_18_phase_4_ensemble.py] [info]    Running post hyperparameter_optimization threshold search for LSTM...
[LN619    ] [chunk_12_evaluation_evaluator.py] [info] [LSTM] LABEL_THRESHOLD=20.0 | Train: 0=118,621,1=689 [ok] | Val: 0=52,918,1=336 [ok]
[LN620    ] [chunk_12_evaluation_evaluator.py] [info] [LSTM] [reject] skipping LABEL_THRESHOLD=20.0: precision=0.0190 <= baseline+0.0200=0.0263
[LN621    ] [chunk_12_evaluation_evaluator.py] [info] [LSTM] LABEL_THRESHOLD=10.0 | Train: 0=116,756,1=2,554 [ok] | Val: 0=52,057,1=1,197 [ok]
[LN622    ] [chunk_12_evaluation_evaluator.py] [info] [LSTM] [diagnostic] LABEL_THRESHOLD=10.0 train_precision=0.0578 train_true_positives=2155 train_true_negatives=81637 train_false_positives=35119 train_false_negatives=399 train_max_prediction=0.9340 train_mean_prediction=0.3015 train_recall=0.8438 train_f1=0.1082 train_auc=0.8333 train_specificity=0.6992 train_false_positive_rate=0.3008 train_f2=0.2269 train_mcc=0.1696 train_prauc=0.0853 train_balanced_accuracy=0.7715 train_brier=0.1615 train_kappa=0.0710 train_informedness=0.5430 train_markedness=-0.2430 train_gini=0.6666 train_optimal_threshold=0.4384 train_standard_deviation_prediction=0.2770 train_percentage_above_threshold=31.24
[LN623    ] [chunk_12_evaluation_evaluator.py] [info] [LSTM] [diagnostic] LABEL_THRESHOLD=10.0 VALIDATION_PRECISION=0.0550 VALIDATION_TRUE_POSITIVES=1019 VALIDATION_TRUE_NEGATIVES=34534 validation_false_positives=17523 validation_false_negatives=178 validation_max_prediction=0.9368 validation_mean_prediction=0.3237 validation_recall=0.8513 validation_f1=0.1032 validation_auc=0.8143 validation_specificity=0.6634 validation_false_positive_rate=0.3366 validation_f2=0.2184 validation_mcc=0.1601 validation_prauc=0.0824 validation_balanced_accuracy=0.7573 validation_brier=0.1825 validation_kappa=0.0637 validation_informedness=0.5147 validation_markedness=-0.2817 validation_gini=0.6287 validation_optimal_threshold=0.4785 validation_standard_deviation_prediction=0.2909 validation_percentage_above_threshold=34.82
[LN624    ] [chunk_12_evaluation_evaluator.py] [info] [LSTM] LABEL_THRESHOLD=0.0 | Train: 0=59,589,1=59,721 [ok] | Val: 0=24,480,1=28,774 [ok]
[LN625    ] [chunk_12_evaluation_evaluator.py] [info] [LSTM] [reject] skipping LABEL_THRESHOLD=0.0: precision=0.5011 <= baseline+0.0200=0.5200
[LN626    ] [chunk_18_phase_4_ensemble.py] [info]    hyperparameter_optimization model threshold search: LABEL_THRESHOLD=20.0, VALIDATION_PRECISION=0.0190
[LN627    ] [chunk_18_phase_4_ensemble.py] [info]    post hyperparameter_optimization threshold search: LABEL_THRESHOLD=10.0, VALIDATION_PRECISION=0.0550
[LN628    ] [chunk_18_phase_4_ensemble.py] [info]    post hyperparameter_optimization improved: using LABEL_THRESHOLD=10.0
[LN629    ] [chunk_18_phase_4_ensemble.py] [info] [section 4] [LSTM] [post hyperparameter_optimization] [diagnostic]  percentiles: p1=0.0086, p5=0.0108, p10=0.0147, p25=0.0380, p50=0.2189, p75=0.6052, p90=0.7454, p95=0.7827, p99=0.8639, max=0.9368 | histogram: bins[15615,4502,2997...1212,741,183]
[LN630    ] [chunk_18_phase_4_ensemble.py] [info] [section 4] [LSTM] [post hyperparameter_optimization] LABEL_THRESHOLD=10.0,
[LN631    ] [chunk_18_phase_4_ensemble.py] [info] [section 4] [LSTM] [post hyperparameter_optimization] VALIDATION_PRECISION=0.0550 VALIDATION_TRUE_POSITIVES=1019 VALIDATION_TRUE_NEGATIVES=34534 validation_false_positives=17523 validation_false_negatives=178 validation_max_prediction=0.9368 validation_mean_prediction=0.3237 validation_recall=0.8513 validation_f1=0.1032 validation_auc=0.8143 validation_specificity=0.6554 validation_false_positive_rate=0.3446 validation_f2=0.0767 validation_mcc=0.0936 validation_prauc=0.0371 validation_balanced_accuracy=0.7816 validation_brier=0.1868 validation_kappa=0.0202 validation_informedness=0.5631 validation_markedness=-0.3282 validation_gini=0.7237 validation_optimal_threshold=0.4839 validation_standard_deviation_prediction=0.2909 validation_percentage_above_threshold=34.82
[LN632    ] [chunk_18_phase_4_ensemble.py] [info] [section 4] [LSTM] [post hyperparameter_optimization] prediction_binary_split=0.50 hyperparams=(loss=binary_crossentropy lr=0.002 dropout=0.0 alpha=0.5 gamma=3.0 latent_dim=64) source=section4
[LN633    ] [chunk_18_phase_4_ensemble.py] [info]    Using post-HPO model at LABEL_THRESHOLD=10.0 (post_hpo_prec=0.0550 > hpo=0.0190, pre_hpo=0.0000)
[LN634    ] [chunk_18_phase_4_ensemble.py] [info]    Train predictions: mean=0.3015, std=0.2770, min=0.0059, max=0.9340
[LN635    ] [chunk_18_phase_4_ensemble.py] [info]    validation predictions:   mean=0.3237, std=0.2909, min=0.0062, max=0.9368
[LN636    ] [chunk_18_phase_4_ensemble.py] [info] [section 5] [LSTM] [final] [diagnostic] Train  percentiles: p1=0.0067, p5=0.0079, p10=0.0112, p25=0.0560, p50=0.1697, p75=0.5798, p90=0.7155, p95=0.7687, p99=0.8459, max=0.9340 | histogram: bins[28855,14059,12553...2490,1183,197]
[LN637    ] [chunk_18_phase_4_ensemble.py] [info] [section 5] [LSTM] [final] [diagnostic] validation    percentiles: p1=0.0086, p5=0.0108, p10=0.0147, p25=0.0380, p50=0.2189, p75=0.6052, p90=0.7454, p95=0.7827, p99=0.8639, max=0.9368 | histogram: bins[15615,4502,2997...1212,741,183]
[LN638    ] [chunk_18_phase_4_ensemble.py] [info]    Train predictions: 31.24% positive predictions (37,274 / 119,310)
[LN639    ] [chunk_18_phase_4_ensemble.py] [info]    validation predictions:   34.82% positive predictions (18,542 / 53,254)
[LN640    ] [chunk_18_phase_4_ensemble.py] [info]    [diagnostic] prediction_buckets: 0-10:5731, 10-20:3073, 20-30:2463, 30-40:3269, 40-50:4982, 50-60:4731, 60-70:6784, 70-80:1929, 80-90:116, 90-100:0
[LN641    ] [chunk_18_phase_4_ensemble.py] [info] [section 5] [LSTM] [final] LABEL_THRESHOLD=10.0,
[LN642    ] [chunk_18_phase_4_ensemble.py] [info] [section 5] [LSTM] [final] train_precision=0.0578 train_true_positives=2155 train_true_negatives=81637 train_false_positives=35119 train_false_negatives=399 train_max_prediction=0.9340 train_mean_prediction=0.3015 train_recall=0.8438 train_f1=0.1082 train_auc=0.8333 train_specificity=0.6992 train_false_positive_rate=0.3008 train_f2=0.2269 train_mcc=0.1696 train_prauc=0.0853 train_balanced_accuracy=0.7715 train_standard_deviation_prediction=0.2770 train_percentage_above_threshold=31.24 train_brier=0.1615 train_kappa=0.0710 train_informedness=0.5430 train_markedness=-0.2430 train_gini=0.6666 train_optimal_threshold=0.4384
[LN643    ] [chunk_18_phase_4_ensemble.py] [info] [section 5] [LSTM] [final] VALIDATION_PRECISION=0.0550 VALIDATION_TRUE_POSITIVES=1019 VALIDATION_TRUE_NEGATIVES=34534 validation_false_positives=17523 validation_false_negatives=178 validation_max_prediction=0.9368 validation_mean_prediction=0.3237 validation_recall=0.8513 validation_f1=0.1032 validation_auc=0.8143 validation_specificity=0.6634 validation_false_positive_rate=0.3366 validation_f2=0.2184 validation_mcc=0.1601 validation_prauc=0.0824 validation_balanced_accuracy=0.7573 validation_brier=0.1825 validation_kappa=0.0637 validation_informedness=0.5147 validation_markedness=-0.2817 validation_gini=0.6287 validation_optimal_threshold=0.4785 validation_standard_deviation_prediction=0.2909 validation_percentage_above_threshold=34.82
[LN644    ] [chunk_18_phase_4_ensemble.py] [info] [section 5] [LSTM] [final] prediction_binary_split=0.50 hyperparams=(loss=binary_crossentropy lr=0.002 dropout=0.0 alpha=0.5 gamma=3.0 latent_dim=64) (using HPO model directly)
[LN645    ] [chunk_18_phase_4_ensemble.py] [info]    [LSTM] loss: binary_crossentropy | pred_threshold: 0.5 | epochs: 30
[LN646    ] [chunk_18_phase_4_ensemble.py] [info]    [LSTM] hyperparameter_optimization: lstm_units=32, dropout=0.0, learning_rate=0.002, alpha=0.5, gamma=3.0, layers=1
[LN647    ] [chunk_18_phase_4_ensemble.py] [info]    LSTM training time: 1092.0s
[LN648    ] [chunk_18_phase_4_ensemble.py] [info] [pass] LSTM trained successfully
[LN649    ] [chunk_18_phase_4_ensemble.py] [info] [section 1] [VAE] [baseline] Training with threshold optimization...
[LN650    ] [chunk_18_phase_4_ensemble.py] [info] [section 1] [VAE] [baseline] before_threshold_optimization:
[LN651    ] [chunk_18_phase_4_ensemble.py] [info] [section 1] [VAE] [baseline] predictions: mean=0.0000, std=0.0043, min=0.0000, max=1.0000
[LN652    ] [chunk_18_phase_4_ensemble.py] [info] [section 1] [VAE] [baseline]  percentiles: p1=0.0000, p5=0.0000, p10=0.0000, p25=0.0000, p50=0.0000, p75=0.0000, p90=0.0000, p95=0.0000, p99=0.0000, max=1.0000 | histogram: bins[53253,0,0...0,0,1]
[LN653    ] [chunk_18_phase_4_ensemble.py] [info] [section 1] [VAE] [baseline] Histogram bins: [53253, 0, 0, 0, 0] ... [0, 0, 0, 0, 1]
[LN654    ] [chunk_18_phase_4_ensemble.py] [info] [section 1] [VAE] [baseline] % positive predictions (prediction_threshold=0.50): 0.00%
[LN655    ] [chunk_18_phase_4_ensemble.py] [info] [section 1] [VAE] [baseline] LABEL_THRESHOLD=20.0,
[LN656    ] [chunk_18_phase_4_ensemble.py] [info] [section 1] [VAE] [baseline] VALIDATION_PRECISION=0.0000 VALIDATION_TRUE_POSITIVES=0 VALIDATION_TRUE_NEGATIVES=52917 validation_false_positives=1 validation_false_negatives=336 validation_max_prediction=1.0000 validation_mean_prediction=0.0000 validation_recall=0.0000 validation_f1=0.0000 validation_auc=0.4923 validation_specificity=1.0000 validation_false_positive_rate=0.0000 validation_f2=0.0000 validation_mcc=-0.0003 validation_prauc=0.0063 validation_balanced_accuracy=0.5000 validation_brier=0.0063 validation_kappa=-0.0000 validation_informedness=-0.0000 validation_markedness=-0.0000 validation_gini=0.0000 validation_optimal_threshold=0.0000 validation_standard_deviation_prediction=0.0043 validation_percentage_above_threshold=0.00
[LN657    ] [chunk_18_phase_4_ensemble.py] [info] [section 1] [VAE] [baseline] prediction_binary_split=0.50 loss=binary_crossentropy, lr=0.001, dropout=0.1
[LN658    ] [chunk_12_evaluation_evaluator.py] [info] [VAE] LABEL_THRESHOLD=20.0 | Train: 0=118,621,1=689 [ok] | Val: 0=52,918,1=336 [ok]
[LN659    ] [chunk_12_evaluation_evaluator.py] [info] [reject] Skipping threshold 20.0: only 0 positive VALIDATION predictions (min=5)
[LN660    ] [chunk_12_evaluation_evaluator.py] [info] [VAE] LABEL_THRESHOLD=10.0 | Train: 0=116,756,1=2,554 [ok] | Val: 0=52,057,1=1,197 [ok]
[LN661    ] [chunk_12_evaluation_evaluator.py] [info] [reject] Skipping threshold 10.0: only 0 positive VALIDATION predictions (min=5)
[LN662    ] [chunk_12_evaluation_evaluator.py] [info] [VAE] LABEL_THRESHOLD=0.0 | Train: 0=59,589,1=59,721 [ok] | Val: 0=24,480,1=28,774 [ok]
[LN663    ] [chunk_12_evaluation_evaluator.py] [info] [VAE] [reject] skipping LABEL_THRESHOLD=0.0: pos_pred_ratio=68.51% outside [0%, 60%]
[LN664    ] [chunk_18_phase_4_ensemble.py] [warning] [section 1] [VAE] [label_threshold_optimal] [warning] All label thresholds rejected — using baseline metrics at 20.0
[LN665    ] [chunk_18_phase_4_ensemble.py] [info] [section 1] [VAE] [label_threshold_optimal] LABEL_THRESHOLD=20.0
[LN666    ] [chunk_18_phase_4_ensemble.py] [info] [section 1] [VAE] [label_threshold_optimal] train_precision=0.0000 train_true_positives=0 train_true_negatives=52917 train_false_positives=1 train_false_negatives=336 train_max_prediction=1.0000 train_mean_prediction=0.0000 train_recall=0.0000 train_f1=0.0000 train_auc=0.4923 train_specificity=1.0000 train_false_positive_rate=0.0000 train_f2=0.0000 train_mcc=-0.0003 train_prauc=0.0063 train_balanced_accuracy=0.5000 train_brier=0.0063 train_kappa=-0.0000 train_informedness=-0.0000 train_markedness=-0.0000 train_gini=0.0000 train_optimal_threshold=0.0000 train_standard_deviation_prediction=0.0043 train_percentage_above_threshold=0.00
[LN667    ] [chunk_18_phase_4_ensemble.py] [info] [section 1] [VAE] [label_threshold_optimal] VALIDATION_PRECISION=0.0000 VALIDATION_TRUE_POSITIVES=0 VALIDATION_TRUE_NEGATIVES=52917 validation_false_positives=1 validation_false_negatives=336 validation_max_prediction=1.0000 validation_mean_prediction=0.0000 validation_recall=0.0000 validation_f1=0.0000 validation_auc=0.4923 validation_specificity=1.0000 validation_false_positive_rate=0.0000 validation_f2=0.0000 validation_mcc=-0.0003 validation_prauc=0.0063 validation_balanced_accuracy=0.5000 validation_brier=0.0063 validation_kappa=-0.0000 validation_informedness=-0.0000 validation_markedness=-0.0000 validation_gini=0.0000 validation_optimal_threshold=0.0000 validation_standard_deviation_prediction=0.0043 validation_percentage_above_threshold=0.00
[LN668    ] [chunk_18_phase_4_ensemble.py] [info] [section 1] [VAE] [label_threshold_optimal] prediction_binary_split=0.50
[LN669    ] [chunk_21_hyperparam_optimizer.py] [info] [section 2] [VAE] [hyperparameter_optimization search] Running Bayesian optimization (5 trials)...
[LN670    ] [chunk_21_hyperparam_optimizer.py] [info] [section 2] [VAE] [hyperparameter_optimization search baseline] LABEL_THRESHOLD=20.0
[LN671    ] [chunk_21_hyperparam_optimizer.py] [info] [section 2] [VAE] [hyperparameter_optimization search baseline] VALIDATION_PRECISION=0.0076 VALIDATION_TRUE_POSITIVES=13 VALIDATION_TRUE_NEGATIVES=51219 validation_false_positives=1699 validation_false_negatives=323 validation_max_prediction=0.5799 validation_mean_prediction=0.3839 validation_recall=0.0387 validation_f1=0.0127 validation_auc=0.4907 validation_specificity=0.9679 validation_false_positive_rate=0.0321 validation_f2=0.0213 validation_mcc=0.0030 validation_prauc=0.0066 validation_balanced_accuracy=0.5033 validation_brier=0.1550 validation_kappa=0.0022 validation_informedness=0.0066 validation_markedness=-0.0245 validation_gini=0.0000 validation_optimal_threshold=0.4662 validation_standard_deviation_prediction=0.0784 validation_percentage_above_threshold=3.21
[LN672    ] [chunk_21_hyperparam_optimizer.py] [info] [section 2] [VAE] [hyperparameter_optimization search baseline] TRIAL 1/5: loss_function=binary_crossentropy, latent_dim=128, learning_rate=0.005, dropout=0.02, epochs=80, alpha=1.25, gamma=3.0, encoder_layers=3, decoder_layers=1
[LN673    ] [chunk_21_hyperparam_optimizer.py] [info] [section 2] [VAE] [hyperparameter_optimization search baseline] LABEL_THRESHOLD=20.0
[LN674    ] [chunk_21_hyperparam_optimizer.py] [info] [section 2] [VAE] [hyperparameter_optimization search baseline] VALIDATION_PRECISION=0.0000 VALIDATION_TRUE_POSITIVES=0 VALIDATION_TRUE_NEGATIVES=52918 validation_false_positives=0 validation_false_negatives=336 validation_max_prediction=0.1505 validation_mean_prediction=0.0443 validation_recall=0.0000 validation_f1=0.0000 validation_auc=0.5032 validation_specificity=1.0000 validation_false_positive_rate=0.0000 validation_f2=0.0000 validation_mcc=0.0000 validation_prauc=0.0064 validation_balanced_accuracy=0.5000 validation_brier=0.0082 validation_kappa=0.0000 validation_informedness=0.0000 validation_markedness=1.0000 validation_gini=0.0064 validation_optimal_threshold=0.0462 validation_standard_deviation_prediction=0.0211 validation_percentage_above_threshold=0.00
[LN675    ] [chunk_21_hyperparam_optimizer.py] [info] [section 2] [VAE] [hyperparameter_optimization search baseline] TRIAL 2/5: loss_function=focal_loss, latent_dim=128, learning_rate=0.001, dropout=0.1, epochs=30, alpha=0.75, gamma=2.5, encoder_layers=3, decoder_layers=3
[LN676    ] [chunk_21_hyperparam_optimizer.py] [info] [section 2] [VAE] [hyperparameter_optimization search baseline] LABEL_THRESHOLD=20.0
[LN677    ] [chunk_21_hyperparam_optimizer.py] [info] [section 2] [VAE] [hyperparameter_optimization search baseline] VALIDATION_PRECISION=0.0148 VALIDATION_TRUE_POSITIVES=252 VALIDATION_TRUE_NEGATIVES=36174 validation_false_positives=16744 validation_false_negatives=84 validation_max_prediction=0.9920 validation_mean_prediction=0.4355 validation_recall=0.7500 validation_f1=0.0291 validation_auc=0.7845 validation_specificity=0.6836 validation_false_positive_rate=0.3164 validation_f2=0.0687 validation_mcc=0.0736 validation_prauc=0.0303 validation_balanced_accuracy=0.7168 validation_brier=0.2148 validation_kappa=0.0169 validation_informedness=0.4336 validation_markedness=-0.3016 validation_gini=0.5689 validation_optimal_threshold=0.5308 validation_standard_deviation_prediction=0.1636 validation_percentage_above_threshold=31.91
[LN678    ] [chunk_21_hyperparam_optimizer.py] [info] [section 2] [VAE] [hyperparameter_optimization search baseline] TRIAL 3/5: loss_function=binary_crossentropy, latent_dim=32, learning_rate=0.001, dropout=0.0, epochs=50, alpha=1.25, gamma=2.0, encoder_layers=1, decoder_layers=1
[LN679    ] [chunk_21_hyperparam_optimizer.py] [info] [section 2] [VAE] [hyperparameter_optimization search baseline] LABEL_THRESHOLD=20.0
[LN680    ] [chunk_21_hyperparam_optimizer.py] [info] [section 2] [VAE] [hyperparameter_optimization search baseline] VALIDATION_PRECISION=0.0060 VALIDATION_TRUE_POSITIVES=1 VALIDATION_TRUE_NEGATIVES=52752 validation_false_positives=166 validation_false_negatives=335 validation_max_prediction=0.5212 validation_mean_prediction=0.4787 validation_recall=0.0030 validation_f1=0.0040 validation_auc=0.5166 validation_specificity=0.9969 validation_false_positive_rate=0.0031 validation_f2=0.0033 validation_mcc=-0.0002 validation_prauc=0.0064 validation_balanced_accuracy=0.4999 validation_brier=0.2295 validation_kappa=-0.0002 validation_informedness=-0.0002 validation_markedness=0.0029 validation_gini=0.0332 validation_optimal_threshold=0.4805 validation_standard_deviation_prediction=0.0089 validation_percentage_above_threshold=0.31
[LN681    ] [chunk_21_hyperparam_optimizer.py] [info] [section 2] [VAE] [hyperparameter_optimization search baseline] TRIAL 4/5: loss_function=binary_crossentropy, latent_dim=32, learning_rate=0.005, dropout=0.05, epochs=30, alpha=1.25, gamma=2.0, encoder_layers=2, decoder_layers=3
[LN682    ] [chunk_21_hyperparam_optimizer.py] [info] [section 2] [VAE] [hyperparameter_optimization search baseline] LABEL_THRESHOLD=20.0
[LN683    ] [chunk_21_hyperparam_optimizer.py] [info] [section 2] [VAE] [hyperparameter_optimization search baseline] VALIDATION_PRECISION=0.0000 VALIDATION_TRUE_POSITIVES=0 VALIDATION_TRUE_NEGATIVES=52918 validation_false_positives=0 validation_false_negatives=336 validation_max_prediction=0.2273 validation_mean_prediction=0.0721 validation_recall=0.0000 validation_f1=0.0000 validation_auc=0.5006 validation_specificity=1.0000 validation_false_positive_rate=0.0000 validation_f2=0.0000 validation_mcc=0.0000 validation_prauc=0.0063 validation_balanced_accuracy=0.5000 validation_brier=0.0113 validation_kappa=0.0000 validation_informedness=0.0000 validation_markedness=1.0000 validation_gini=0.0012 validation_optimal_threshold=0.0524 validation_standard_deviation_prediction=0.0268 validation_percentage_above_threshold=0.00
[LN684    ] [chunk_21_hyperparam_optimizer.py] [info] [section 2] [VAE] [hyperparameter_optimization search baseline] TRIAL 5/5: loss_function=focal_loss, latent_dim=32, learning_rate=0.0005, dropout=0.0, epochs=30, alpha=0.75, gamma=3.0, encoder_layers=2, decoder_layers=2
[LN685    ] [chunk_21_hyperparam_optimizer.py] [info] [section 2] [VAE] [best trial] LABEL_THRESHOLD=20.0
[LN686    ] [chunk_21_hyperparam_optimizer.py] [info] [section 2] [VAE] [best trial] VALIDATION_PRECISION=0.0148 VALIDATION_TRUE_POSITIVES=252 VALIDATION_TRUE_NEGATIVES=36174 validation_false_positives=16744 validation_false_negatives=84 validation_max_prediction=0.9920 validation_mean_prediction=0.4355 validation_recall=0.7500 validation_f1=0.0291 validation_auc=0.7845 validation_specificity=0.6836 validation_false_positive_rate=0.3164 validation_f2=0.0687 validation_mcc=0.0736 validation_prauc=0.0303 validation_balanced_accuracy=0.7168 validation_brier=0.2148 validation_kappa=0.0169 validation_informedness=0.4336 validation_markedness=-0.3016 validation_gini=0.5689 validation_optimal_threshold=0.5308 validation_standard_deviation_prediction=0.1636 validation_percentage_above_threshold=31.91
[LN687    ] [chunk_21_hyperparam_optimizer.py] [info] [section 2] [VAE] [best trial] loss_function=binary_crossentropy, latent_dim=32, learning_rate=0.001, dropout=0.0, epochs=50, alpha=1.25, gamma=2.0, encoder_layers=1, decoder_layers=1
[LN688    ] [chunk_18_phase_4_ensemble.py] [info]    [diagnostic-hyperparameter_optimization]  percentiles: p1=0.1154, p5=0.1842, p10=0.2298, p25=0.3188, p50=0.4266, p75=0.5326, p90=0.6588, p95=0.7402, p99=0.8559, max=0.9955 | histogram: bins[157,571,1509...431,135,17]
[LN689    ] [chunk_18_phase_4_ensemble.py] [info]    hyperparameter_optimization improved: 0.0139 > 0.0000
[LN690    ] [chunk_18_phase_4_ensemble.py] [info] [section 3] [VAE] [HYPERPARAMETER_OPTIMIZATION] LABEL_THRESHOLD=20.0,
[LN691    ] [chunk_18_phase_4_ensemble.py] [info] [section 3] [VAE] [HYPERPARAMETER_OPTIMIZATION] VALIDATION_PRECISION=0.0140 VALIDATION_TRUE_POSITIVES=238 VALIDATION_TRUE_NEGATIVES=36214 validation_false_positives=16704 validation_false_negatives=98 validation_max_prediction=0.9919 validation_mean_prediction=0.4352 validation_recall=0.7083 validation_f1=0.0275 validation_auc=0.7623 validation_specificity=0.6843 validation_false_positive_rate=0.3157 validation_f2=0.0651 validation_mcc=0.0668 validation_prauc=0.0375 validation_balanced_accuracy=0.6963 validation_brier=0.2149 validation_kappa=0.0154 validation_informedness=0.3927 validation_markedness=-0.3016 validation_gini=0.5246 validation_optimal_threshold=0.5315 validation_standard_deviation_prediction=0.1638 validation_percentage_above_threshold=31.81
[LN692    ] [chunk_18_phase_4_ensemble.py] [info] [section 3] [VAE] [HYPERPARAMETER_OPTIMIZATION] prediction_binary_split=0.50 hyperparams=(loss=binary_crossentropy lr=0.001 dropout=0.0 alpha=1.25 gamma=2.0 latent_dim=32) improved=True {'loss_function': 'binary_crossentropy', 'latent_dim': 32, 'learning_rate': 0.001, 'dropout': 0.0, 'epochs': 50, 'alpha': 1.25, 'gamma': 2.0, 'encoder_layers': 1, 'decoder_layers': 1}
[LN693    ] [chunk_18_phase_4_ensemble.py] [info]    Running post hyperparameter_optimization threshold search for VAE...
[LN694    ] [chunk_12_evaluation_evaluator.py] [info] [VAE] LABEL_THRESHOLD=20.0 | Train: 0=118,621,1=689 [ok] | Val: 0=52,918,1=336 [ok]
[LN695    ] [chunk_12_evaluation_evaluator.py] [info] [VAE] [reject] skipping LABEL_THRESHOLD=20.0: precision=0.0140 <= baseline+0.0200=0.0263
[LN696    ] [chunk_12_evaluation_evaluator.py] [info] [VAE] LABEL_THRESHOLD=10.0 | Train: 0=116,756,1=2,554 [ok] | Val: 0=52,057,1=1,197 [ok]
[LN697    ] [chunk_12_evaluation_evaluator.py] [info] [VAE] [reject] skipping LABEL_THRESHOLD=10.0: precision=0.0345 <= baseline+0.0200=0.0425
[LN698    ] [chunk_12_evaluation_evaluator.py] [info] [VAE] LABEL_THRESHOLD=0.0 | Train: 0=59,589,1=59,721 [ok] | Val: 0=24,480,1=28,774 [ok]
[LN699    ] [chunk_12_evaluation_evaluator.py] [info] [VAE] [diagnostic] LABEL_THRESHOLD=0.0 train_precision=0.5025 train_true_positives=23204 train_true_negatives=36617 train_false_positives=22972 train_false_negatives=36517 train_max_prediction=0.9794 train_mean_prediction=0.4634 train_recall=0.3885 train_f1=0.4382 train_auc=0.5020 train_specificity=0.6145 train_false_positive_rate=0.3855 train_f2=0.4070 train_mcc=0.0031 train_prauc=0.5003 train_balanced_accuracy=0.5015 train_brier=0.2767 train_kappa=0.0030 train_informedness=0.0030 train_markedness=0.1170 train_gini=0.0039 train_optimal_threshold=0.3296 train_standard_deviation_prediction=0.1602 train_percentage_above_threshold=38.70
[LN700    ] [chunk_12_evaluation_evaluator.py] [info] [VAE] [diagnostic] LABEL_THRESHOLD=0.0 VALIDATION_PRECISION=0.5296 VALIDATION_TRUE_POSITIVES=11599 VALIDATION_TRUE_NEGATIVES=14177 validation_false_positives=10303 validation_false_negatives=17175 validation_max_prediction=0.9792 validation_mean_prediction=0.4753 validation_recall=0.4031 validation_f1=0.4578 validation_auc=0.4886 validation_specificity=0.5791 validation_false_positive_rate=0.4209 validation_f2=0.4233 validation_mcc=-0.0180 validation_prauc=0.5293 validation_balanced_accuracy=0.4911 validation_brier=0.2882 validation_kappa=-0.0174 validation_informedness=-0.0178 validation_markedness=0.1087 validation_gini=0.0000 validation_optimal_threshold=0.1342 validation_standard_deviation_prediction=0.1786 validation_percentage_above_threshold=41.13
[LN701    ] [chunk_18_phase_4_ensemble.py] [info]    hyperparameter_optimization model threshold search: LABEL_THRESHOLD=20.0, VALIDATION_PRECISION=0.0139
[LN702    ] [chunk_18_phase_4_ensemble.py] [info]    post hyperparameter_optimization threshold search: LABEL_THRESHOLD=0.0, VALIDATION_PRECISION=0.5296
[LN703    ] [chunk_18_phase_4_ensemble.py] [info]    post hyperparameter_optimization improved: using LABEL_THRESHOLD=0.0
[LN704    ] [chunk_18_phase_4_ensemble.py] [info] [section 4] [VAE] [post hyperparameter_optimization] [diagnostic]  percentiles: p1=0.1213, p5=0.1986, p10=0.2513, p25=0.3494, p50=0.4649, p75=0.5844, p90=0.7324, p95=0.8097, p99=0.9022, max=0.9766 | histogram: bins[62,373,989...1107,688,196]
[LN705    ] [chunk_18_phase_4_ensemble.py] [info] [section 4] [VAE] [post hyperparameter_optimization] LABEL_THRESHOLD=0.0,
[LN706    ] [chunk_18_phase_4_ensemble.py] [info] [section 4] [VAE] [post hyperparameter_optimization] VALIDATION_PRECISION=0.5296 VALIDATION_TRUE_POSITIVES=11599 VALIDATION_TRUE_NEGATIVES=14177 validation_false_positives=10303 validation_false_negatives=17175 validation_max_prediction=0.9766 validation_mean_prediction=0.4760 validation_recall=0.4031 validation_f1=0.4578 validation_auc=0.4886 validation_specificity=0.5880 validation_false_positive_rate=0.4120 validation_f2=0.0532 validation_mcc=0.0529 validation_prauc=0.0213 validation_balanced_accuracy=0.6646 validation_brier=0.2568 validation_kappa=0.0099 validation_informedness=0.3291 validation_markedness=-0.4007 validation_gini=0.4689 validation_optimal_threshold=0.5505 validation_standard_deviation_prediction=0.1787 validation_percentage_above_threshold=41.40
[LN707    ] [chunk_18_phase_4_ensemble.py] [info] [section 4] [VAE] [post hyperparameter_optimization] prediction_binary_split=0.50 hyperparams=(loss=binary_crossentropy lr=0.001 dropout=0.0 alpha=1.25 gamma=2.0 latent_dim=32) source=section4
[LN708    ] [chunk_18_phase_4_ensemble.py] [info]    Using post-HPO model at LABEL_THRESHOLD=0.0 (post_hpo_prec=0.5296 > hpo=0.0139, pre_hpo=0.0000)
[LN709    ] [chunk_18_phase_4_ensemble.py] [info]    Train predictions: mean=0.4629, std=0.1599, min=0.0064, max=0.9746
[LN710    ] [chunk_18_phase_4_ensemble.py] [info]    validation predictions:   mean=0.4758, std=0.1779, min=0.0209, max=0.9796
[LN711    ] [chunk_18_phase_4_ensemble.py] [info] [section 5] [VAE] [final] [diagnostic] Train  percentiles: p1=0.1323, p5=0.2077, p10=0.2589, p25=0.3522, p50=0.4579, p75=0.5591, p90=0.6817, p95=0.7539, p99=0.8559, max=0.9746 | histogram: bins[40,482,1483...1338,542,131]
[LN712    ] [chunk_18_phase_4_ensemble.py] [info] [section 5] [VAE] [final] [diagnostic] validation    percentiles: p1=0.1237, p5=0.2002, p10=0.2515, p25=0.3506, p50=0.4640, p75=0.5838, p90=0.7300, p95=0.8084, p99=0.9028, max=0.9796 | histogram: bins[69,371,983...1054,669,175]
[LN713    ] [chunk_18_phase_4_ensemble.py] [info]    Train predictions: 38.63% positive predictions (46,088 / 119,310)
[LN714    ] [chunk_18_phase_4_ensemble.py] [info]    validation predictions:   41.38% positive predictions (22,034 / 53,254)
[LN715    ] [chunk_18_phase_4_ensemble.py] [info]    [diagnostic] prediction_buckets: 0-10:2402, 10-20:6194, 20-30:9783, 30-40:12588, 40-50:9958, 50-60:5434, 60-70:3740, 70-80:2328, 80-90:574, 90-100:0
[LN716    ] [chunk_18_phase_4_ensemble.py] [info] [section 5] [VAE] [final] LABEL_THRESHOLD=0.0,
[LN717    ] [chunk_18_phase_4_ensemble.py] [info] [section 5] [VAE] [final] train_precision=0.5050 train_true_positives=23273 train_true_negatives=36774 train_false_positives=22815 train_false_negatives=36448 train_max_prediction=0.9746 train_mean_prediction=0.4629 train_recall=0.3897 train_f1=0.4399 train_auc=0.5023 train_specificity=0.6171 train_false_positive_rate=0.3829 train_f2=0.4083 train_mcc=0.0070 train_prauc=0.5025 train_balanced_accuracy=0.5034 train_standard_deviation_prediction=0.1599 train_percentage_above_threshold=38.63 train_brier=0.2764 train_kappa=0.0068 train_informedness=0.0068 train_markedness=0.1221 train_gini=0.0046 train_optimal_threshold=0.5024
[LN718    ] [chunk_18_phase_4_ensemble.py] [info] [section 5] [VAE] [final] VALIDATION_PRECISION=0.5308 VALIDATION_TRUE_POSITIVES=11696 VALIDATION_TRUE_NEGATIVES=14142 validation_false_positives=10338 validation_false_negatives=17078 validation_max_prediction=0.9796 validation_mean_prediction=0.4758 validation_recall=0.4065 validation_f1=0.4604 validation_auc=0.4891 validation_specificity=0.5777 validation_false_positive_rate=0.4223 validation_f2=0.4265 validation_mcc=-0.0160 validation_prauc=0.5287 validation_balanced_accuracy=0.4921 validation_brier=0.2878 validation_kappa=-0.0155 validation_informedness=-0.0158 validation_markedness=0.1085 validation_gini=0.0000 validation_optimal_threshold=0.2126 validation_standard_deviation_prediction=0.1779 validation_percentage_above_threshold=41.38
[LN719    ] [chunk_18_phase_4_ensemble.py] [info] [section 5] [VAE] [final] prediction_binary_split=0.50 hyperparams=(loss=binary_crossentropy lr=0.001 dropout=0.0 alpha=1.25 gamma=2.0 latent_dim=32) (using HPO model directly)
[LN720    ] [chunk_18_phase_4_ensemble.py] [info]    [VAE] loss: binary_crossentropy | pred_threshold: 0.5 | epochs: 50
[LN721    ] [chunk_18_phase_4_ensemble.py] [info]    [VAE] hyperparameter_optimization: latent_dim=32, learning_rate=0.001, dropout=0.0, alpha=1.25, gamma=2.0
[LN722    ] [chunk_18_phase_4_ensemble.py] [info]    VAE training time: 582.9s
[LN723    ] [chunk_18_phase_4_ensemble.py] [info] [pass] VAE trained successfully
[LN724    ] [chunk_18_phase_4_ensemble.py] [info] [section 1] [TRANSFORMER] [baseline] Training with threshold optimization...
[LN725    ] [chunk_18_phase_4_ensemble.py] [info] [section 1] [TRANSFORMER] [baseline] before_threshold_optimization:
[LN726    ] [chunk_18_phase_4_ensemble.py] [info] [section 1] [TRANSFORMER] [baseline] predictions: mean=0.2407, std=0.0014, min=0.1948, max=0.2493
[LN727    ] [chunk_18_phase_4_ensemble.py] [info] [section 1] [TRANSFORMER] [baseline]  percentiles: p1=0.2365, p5=0.2396, p10=0.2404, p25=0.2408, p50=0.2409, p75=0.2409, p90=0.2410, p95=0.2413, p99=0.2428, max=0.2493 | histogram: bins[2,2,4...3969,213,31]
[LN728    ] [chunk_18_phase_4_ensemble.py] [info] [section 1] [TRANSFORMER] [baseline] Histogram bins: [2, 2, 4, 1, 1] ... [673, 47937, 3969, 213, 31]
[LN729    ] [chunk_18_phase_4_ensemble.py] [info] [section 1] [TRANSFORMER] [baseline] % positive predictions (prediction_threshold=0.50): 0.00%
[LN730    ] [chunk_18_phase_4_ensemble.py] [warning] [section 1] [TRANSFORMER] [baseline] [warning] No predictions >= 0.5!
[LN731    ] [chunk_18_phase_4_ensemble.py] [info] [section 1] [TRANSFORMER] [baseline] LABEL_THRESHOLD=20.0,
[LN732    ] [chunk_18_phase_4_ensemble.py] [info] [section 1] [TRANSFORMER] [baseline] VALIDATION_PRECISION=0.0000 VALIDATION_TRUE_POSITIVES=0 VALIDATION_TRUE_NEGATIVES=52918 validation_false_positives=0 validation_false_negatives=336 validation_max_prediction=0.2493 validation_mean_prediction=0.2407 validation_recall=0.0000 validation_f1=0.0000 validation_auc=0.5813 validation_specificity=1.0000 validation_false_positive_rate=0.0000 validation_f2=0.0000 validation_mcc=0.0000 validation_prauc=0.0084 validation_balanced_accuracy=0.5000 validation_brier=0.0612 validation_kappa=0.0000 validation_informedness=0.0000 validation_markedness=1.0000 validation_gini=0.1627 validation_optimal_threshold=0.2409 validation_standard_deviation_prediction=0.0014 validation_percentage_above_threshold=0.00
[LN733    ] [chunk_18_phase_4_ensemble.py] [info] [section 1] [TRANSFORMER] [baseline] prediction_binary_split=0.50 loss=binary_crossentropy, lr=0.001
[LN734    ] [chunk_12_evaluation_evaluator.py] [info] [TRANSFORMER] LABEL_THRESHOLD=20.0 | Train: 0=118,621,1=689 [ok] | Val: 0=52,918,1=336 [ok]
[LN735    ] [chunk_12_evaluation_evaluator.py] [info] [reject] Skipping threshold 20.0: only 0 positive VALIDATION predictions (min=5)
[LN736    ] [chunk_12_evaluation_evaluator.py] [info] [TRANSFORMER] LABEL_THRESHOLD=10.0 | Train: 0=116,756,1=2,554 [ok] | Val: 0=52,057,1=1,197 [ok]
[LN737    ] [chunk_12_evaluation_evaluator.py] [info] [reject] Skipping threshold 10.0: only 0 positive VALIDATION predictions (min=5)
[LN738    ] [chunk_12_evaluation_evaluator.py] [info] [TRANSFORMER] LABEL_THRESHOLD=0.0 | Train: 0=59,589,1=59,721 [ok] | Val: 0=24,480,1=28,774 [ok]
[LN739    ] [chunk_12_evaluation_evaluator.py] [info] [TRANSFORMER] [diagnostic] LABEL_THRESHOLD=0.0 train_precision=0.5463 train_true_positives=35398 train_true_negatives=30192 train_false_positives=29397 train_false_negatives=24323 train_max_prediction=0.7633 train_mean_prediction=0.5022 train_recall=0.5927 train_f1=0.5686 train_auc=0.5732 train_specificity=0.5067 train_false_positive_rate=0.4933 train_f2=0.5828 train_mcc=0.0998 train_prauc=0.5629 train_balanced_accuracy=0.5497 train_brier=0.2456 train_kappa=0.0994 train_informedness=0.0994 train_markedness=0.0530 train_gini=0.1463 train_optimal_threshold=0.5049 train_standard_deviation_prediction=0.0756 train_percentage_above_threshold=54.31
[LN740    ] [chunk_12_evaluation_evaluator.py] [info] [TRANSFORMER] [diagnostic] LABEL_THRESHOLD=0.0 VALIDATION_PRECISION=0.5226 VALIDATION_TRUE_POSITIVES=16241 VALIDATION_TRUE_NEGATIVES=9641 validation_false_positives=14839 validation_false_negatives=12533 validation_max_prediction=0.7837 validation_mean_prediction=0.5154 validation_recall=0.5644 validation_f1=0.5427 validation_auc=0.4748 validation_specificity=0.3938 validation_false_positive_rate=0.6062 validation_f2=0.5555 validation_mcc=-0.0422 validation_prauc=0.5278 validation_balanced_accuracy=0.4791 validation_brier=0.2575 validation_kappa=-0.0420 validation_informedness=-0.0417 validation_markedness=-0.0836 validation_gini=0.0000 validation_optimal_threshold=0.6657 validation_standard_deviation_prediction=0.0730 validation_percentage_above_threshold=58.36
[LN741    ] [chunk_18_phase_4_ensemble.py] [info] [section 1] [TRANSFORMER] [label_threshold_optimal]  percentiles: p1=0.3540, p5=0.3942, p10=0.4207, p25=0.4658, p50=0.5149, p75=0.5626, p90=0.6105, p95=0.6424, p99=0.6863, max=0.7837 | histogram: bins[9,51,291...125,39,4]
[LN742    ] [chunk_18_phase_4_ensemble.py] [info] [section 1] [TRANSFORMER] [label_threshold_optimal] LABEL_THRESHOLD=0.0
[LN743    ] [chunk_18_phase_4_ensemble.py] [info] [section 1] [TRANSFORMER] [label_threshold_optimal] train_precision=0.5463 train_true_positives=35398 train_true_negatives=30192 train_false_positives=29397 train_false_negatives=24323 train_max_prediction=0.7633 train_mean_prediction=0.5022 train_recall=0.5927 train_f1=0.5686 train_auc=0.5732 train_specificity=0.5067 train_false_positive_rate=0.4933 train_f2=0.5828 train_mcc=0.0998 train_prauc=0.5629 train_balanced_accuracy=0.5497 train_brier=0.2456 train_kappa=0.0994 train_informedness=0.0994 train_markedness=0.0530 train_gini=0.1463 train_optimal_threshold=0.5049 train_standard_deviation_prediction=0.0756 train_percentage_above_threshold=54.31
[LN744    ] [chunk_18_phase_4_ensemble.py] [info] [section 1] [TRANSFORMER] [label_threshold_optimal] VALIDATION_PRECISION=0.5226 VALIDATION_TRUE_POSITIVES=16241 VALIDATION_TRUE_NEGATIVES=9641 validation_false_positives=14839 validation_false_negatives=12533 validation_max_prediction=0.7837 validation_mean_prediction=0.5154 validation_recall=0.5644 validation_f1=0.5427 validation_auc=0.4748 validation_specificity=0.3938 validation_false_positive_rate=0.6062 validation_f2=0.5555 validation_mcc=-0.0422 validation_prauc=0.5278 validation_balanced_accuracy=0.4791 validation_brier=0.2575 validation_kappa=-0.0420 validation_informedness=-0.0417 validation_markedness=-0.0836 validation_gini=0.0000 validation_optimal_threshold=0.6657 validation_standard_deviation_prediction=0.0730 validation_percentage_above_threshold=58.36
[LN745    ] [chunk_18_phase_4_ensemble.py] [info] [section 1] [TRANSFORMER] [label_threshold_optimal] prediction_binary_split=0.50
[LN746    ] [chunk_21_hyperparam_optimizer.py] [info] [section 2] [TRANSFORMER] [hyperparameter_optimization search] Running Bayesian optimization (5 trials)...
[LN747    ] [chunk_21_hyperparam_optimizer.py] [info] [section 2] [TRANSFORMER] [hyperparameter_optimization search baseline] LABEL_THRESHOLD=0.0
[LN748    ] [chunk_21_hyperparam_optimizer.py] [info] [section 2] [TRANSFORMER] [hyperparameter_optimization search baseline] VALIDATION_PRECISION=0.5198 VALIDATION_TRUE_POSITIVES=12453 VALIDATION_TRUE_NEGATIVES=12976 validation_false_positives=11504 validation_false_negatives=16321 validation_max_prediction=0.8451 validation_mean_prediction=0.4941 validation_recall=0.4328 validation_f1=0.4723 validation_auc=0.4750 validation_specificity=0.5301 validation_false_positive_rate=0.4699 validation_f2=0.4478 validation_mcc=-0.0372 validation_prauc=0.5359 validation_balanced_accuracy=0.4814 validation_brier=0.2605 validation_kappa=-0.0366 validation_informedness=-0.0371 validation_markedness=0.0499 validation_gini=0.0000 validation_optimal_threshold=0.6591 validation_standard_deviation_prediction=0.0853 validation_percentage_above_threshold=44.99
[LN749    ] [chunk_21_hyperparam_optimizer.py] [info] [section 2] [TRANSFORMER] [hyperparameter_optimization search baseline] TRIAL 1/5: loss_function=binary_crossentropy, dim=128, heads=4, dropout=0.05, learning_rate=5e-05, epochs=20, alpha=1.25, gamma=2.0, ff_dim=64, layers=4
[LN750    ] [chunk_21_hyperparam_optimizer.py] [info] [section 2] [TRANSFORMER] [hyperparameter_optimization search baseline] LABEL_THRESHOLD=0.0
[LN751    ] [chunk_21_hyperparam_optimizer.py] [info] [section 2] [TRANSFORMER] [hyperparameter_optimization search baseline] VALIDATION_PRECISION=0.5225 VALIDATION_TRUE_POSITIVES=15495 VALIDATION_TRUE_NEGATIVES=10320 validation_false_positives=14160 validation_false_negatives=13279 validation_max_prediction=0.9852 validation_mean_prediction=0.5164 validation_recall=0.5385 validation_f1=0.5304 validation_auc=0.4773 validation_specificity=0.4216 validation_false_positive_rate=0.5784 validation_f2=0.5352 validation_mcc=-0.0401 validation_prauc=0.5409 validation_balanced_accuracy=0.4800 validation_brier=0.2600 validation_kappa=-0.0400 validation_informedness=-0.0399 validation_markedness=-0.0559 validation_gini=0.0000 validation_optimal_threshold=0.6583 validation_standard_deviation_prediction=0.0953 validation_percentage_above_threshold=55.69
[LN752    ] [chunk_21_hyperparam_optimizer.py] [info] [section 2] [TRANSFORMER] [hyperparameter_optimization search baseline] TRIAL 2/5: loss_function=binary_crossentropy, dim=64, heads=2, dropout=0.0, learning_rate=5e-05, epochs=50, alpha=0.5, gamma=1.5, ff_dim=128, layers=1
[LN753    ] [chunk_21_hyperparam_optimizer.py] [info] [section 2] [TRANSFORMER] [hyperparameter_optimization search baseline] LABEL_THRESHOLD=0.0
[LN754    ] [chunk_21_hyperparam_optimizer.py] [info] [section 2] [TRANSFORMER] [hyperparameter_optimization search baseline] VALIDATION_PRECISION=0.5251 VALIDATION_TRUE_POSITIVES=18261 VALIDATION_TRUE_NEGATIVES=7965 validation_false_positives=16515 validation_false_negatives=10513 validation_max_prediction=0.7058 validation_mean_prediction=0.5230 validation_recall=0.6346 validation_f1=0.5747 validation_auc=0.4802 validation_specificity=0.3254 validation_false_positive_rate=0.6746 validation_f2=0.6092 validation_mcc=-0.0419 validation_prauc=0.5401 validation_balanced_accuracy=0.4800 validation_brier=0.2523 validation_kappa=-0.0407 validation_informedness=-0.0400 validation_markedness=-0.1495 validation_gini=0.0000 validation_optimal_threshold=0.6273 validation_standard_deviation_prediction=0.0498 validation_percentage_above_threshold=65.30
[LN755    ] [chunk_21_hyperparam_optimizer.py] [info] [section 2] [TRANSFORMER] [hyperparameter_optimization search baseline] TRIAL 3/5: loss_function=focal_loss, dim=64, heads=4, dropout=0.05, learning_rate=0.0001, epochs=20, alpha=1.0, gamma=3.0, ff_dim=64, layers=2
[LN756    ] [chunk_21_hyperparam_optimizer.py] [info] [section 2] [TRANSFORMER] [hyperparameter_optimization search baseline] LABEL_THRESHOLD=0.0
[LN757    ] [chunk_21_hyperparam_optimizer.py] [info] [section 2] [TRANSFORMER] [hyperparameter_optimization search baseline] VALIDATION_PRECISION=0.5159 VALIDATION_TRUE_POSITIVES=12461 VALIDATION_TRUE_NEGATIVES=12788 validation_false_positives=11692 validation_false_negatives=16313 validation_max_prediction=0.7668 validation_mean_prediction=0.4902 validation_recall=0.4331 validation_f1=0.4709 validation_auc=0.4633 validation_specificity=0.5224 validation_false_positive_rate=0.4776 validation_f2=0.4474 validation_mcc=-0.0446 validation_prauc=0.5322 validation_balanced_accuracy=0.4777 validation_brier=0.2569 validation_kappa=-0.0439 validation_informedness=-0.0445 validation_markedness=0.0383 validation_gini=0.0000 validation_optimal_threshold=0.5772 validation_standard_deviation_prediction=0.0584 validation_percentage_above_threshold=45.35
[LN758    ] [chunk_21_hyperparam_optimizer.py] [info] [section 2] [TRANSFORMER] [hyperparameter_optimization search baseline] TRIAL 4/5: loss_function=binary_crossentropy, dim=256, heads=8, dropout=0.2, learning_rate=0.0002, epochs=30, alpha=0.5, gamma=2.5, ff_dim=256, layers=4
[LN759    ] [chunk_21_hyperparam_optimizer.py] [info] [section 2] [TRANSFORMER] [hyperparameter_optimization search baseline] LABEL_THRESHOLD=0.0
[LN760    ] [chunk_21_hyperparam_optimizer.py] [info] [section 2] [TRANSFORMER] [hyperparameter_optimization search baseline] VALIDATION_PRECISION=0.5251 VALIDATION_TRUE_POSITIVES=13214 VALIDATION_TRUE_NEGATIVES=12531 validation_false_positives=11949 validation_false_negatives=15560 validation_max_prediction=0.7775 validation_mean_prediction=0.4987 validation_recall=0.4592 validation_f1=0.4900 validation_auc=0.4853 validation_specificity=0.5119 validation_false_positive_rate=0.4881 validation_f2=0.4711 validation_mcc=-0.0288 validation_prauc=0.5426 validation_balanced_accuracy=0.4856 validation_brier=0.2548 validation_kappa=-0.0286 validation_informedness=-0.0289 validation_markedness=0.0370 validation_gini=0.0000 validation_optimal_threshold=0.6024 validation_standard_deviation_prediction=0.0627 validation_percentage_above_threshold=47.25
[LN761    ] [chunk_21_hyperparam_optimizer.py] [info] [section 2] [TRANSFORMER] [hyperparameter_optimization search baseline] TRIAL 5/5: loss_function=binary_crossentropy, dim=256, heads=4, dropout=0.05, learning_rate=0.0001, epochs=20, alpha=1.0, gamma=2.5, ff_dim=256, layers=4
[LN762    ] [chunk_21_hyperparam_optimizer.py] [info] [section 2] [TRANSFORMER] [best trial] LABEL_THRESHOLD=0.0
[LN763    ] [chunk_21_hyperparam_optimizer.py] [info] [section 2] [TRANSFORMER] [best trial] VALIDATION_PRECISION=0.5225 VALIDATION_TRUE_POSITIVES=15495 VALIDATION_TRUE_NEGATIVES=10320 validation_false_positives=14160 validation_false_negatives=13279 validation_max_prediction=0.9852 validation_mean_prediction=0.5164 validation_recall=0.5385 validation_f1=0.5304 validation_auc=0.4773 validation_specificity=0.4216 validation_false_positive_rate=0.5784 validation_f2=0.5352 validation_mcc=-0.0401 validation_prauc=0.5409 validation_balanced_accuracy=0.4800 validation_brier=0.2600 validation_kappa=-0.0400 validation_informedness=-0.0399 validation_markedness=-0.0559 validation_gini=0.0000 validation_optimal_threshold=0.6583 validation_standard_deviation_prediction=0.0953 validation_percentage_above_threshold=55.69
[LN764    ] [chunk_21_hyperparam_optimizer.py] [info] [section 2] [TRANSFORMER] [best trial] loss_function=binary_crossentropy, dim=64, heads=2, dropout=0.0, learning_rate=5e-05, epochs=50, alpha=0.5, gamma=1.5, ff_dim=128, layers=1
[LN765    ] [chunk_18_phase_4_ensemble.py] [info]    [diagnostic-hyperparameter_optimization]  percentiles: p1=0.3204, p5=0.3716, p10=0.4003, p25=0.4521, p50=0.5129, p75=0.5716, p90=0.6329, p95=0.6771, p99=0.7735, max=0.9852 | histogram: bins[17,89,432...57,50,153]
[LN766    ] [chunk_18_phase_4_ensemble.py] [info]    hyperparameter_optimization did NOT improve: 0.5225 <= 0.5226 - using pre hyperparameter_optimization model
[LN767    ] [chunk_18_phase_4_ensemble.py] [info] [section 3] [TRANSFORMER] [PRE-HYPERPARAMETER_OPTIMIZATION] LABEL_THRESHOLD=0.0,
[LN768    ] [chunk_18_phase_4_ensemble.py] [info] [section 3] [TRANSFORMER] [PRE-HYPERPARAMETER_OPTIMIZATION] VALIDATION_PRECISION=0.5226 VALIDATION_TRUE_POSITIVES=16241 VALIDATION_TRUE_NEGATIVES=9641 validation_false_positives=14839 validation_false_negatives=12533 validation_max_prediction=0.7837 validation_mean_prediction=0.5154 validation_recall=0.5644 validation_f1=0.5427 validation_auc=0.4748 validation_specificity=0.3938 validation_false_positive_rate=0.6062 validation_f2=0.5555 validation_mcc=-0.0422 validation_prauc=0.5278 validation_balanced_accuracy=0.4791 validation_brier=0.2575 validation_kappa=-0.0420 validation_informedness=-0.0417 validation_markedness=-0.0836 validation_gini=0.0000 validation_optimal_threshold=0.6657 validation_standard_deviation_prediction=0.0730 validation_percentage_above_threshold=58.36
[LN769    ] [chunk_18_phase_4_ensemble.py] [info] [section 3] [TRANSFORMER] [PRE-HYPERPARAMETER_OPTIMIZATION] prediction_binary_split=0.50 hyperparams=(loss=binary_crossentropy lr=5e-05 dropout=0.0 alpha=0.5 gamma=1.5 latent_dim=0) improved=False {'loss_function': 'binary_crossentropy', 'dim': 64, 'heads': 2, 'dropout': 0.0, 'learning_rate': 5e-05, 'epochs': 50, 'alpha': 0.5, 'gamma': 1.5, 'ff_dim': 128, 'layers': 1}
[LN770    ] [chunk_18_phase_4_ensemble.py] [info]    Running post hyperparameter_optimization threshold search for Transformer...
[LN771    ] [chunk_12_evaluation_evaluator.py] [info] [TRANSFORMER] LABEL_THRESHOLD=20.0 | Train: 0=118,621,1=689 [ok] | Val: 0=52,918,1=336 [ok]
[LN772    ] [chunk_12_evaluation_evaluator.py] [info] [TRANSFORMER] [reject] skipping LABEL_THRESHOLD=20.0: pos_pred_ratio=84.23% outside [0%, 60%]
[LN773    ] [chunk_12_evaluation_evaluator.py] [info] [TRANSFORMER] LABEL_THRESHOLD=10.0 | Train: 0=116,756,1=2,554 [ok] | Val: 0=52,057,1=1,197 [ok]
[LN774    ] [chunk_12_evaluation_evaluator.py] [info] [TRANSFORMER] [reject] skipping LABEL_THRESHOLD=10.0: pos_pred_ratio=74.57% outside [0%, 60%]
[LN775    ] [chunk_12_evaluation_evaluator.py] [info] [TRANSFORMER] LABEL_THRESHOLD=0.0 | Train: 0=59,589,1=59,721 [ok] | Val: 0=24,480,1=28,774 [ok]
[LN776    ] [chunk_12_evaluation_evaluator.py] [info] [TRANSFORMER] [diagnostic] LABEL_THRESHOLD=0.0 train_precision=0.5463 train_true_positives=35398 train_true_negatives=30192 train_false_positives=29397 train_false_negatives=24323 train_max_prediction=0.7633 train_mean_prediction=0.5022 train_recall=0.5927 train_f1=0.5686 train_auc=0.5732 train_specificity=0.5067 train_false_positive_rate=0.4933 train_f2=0.5828 train_mcc=0.0998 train_prauc=0.5629 train_balanced_accuracy=0.5497 train_brier=0.2456 train_kappa=0.0994 train_informedness=0.0994 train_markedness=0.0530 train_gini=0.1463 train_optimal_threshold=0.5049 train_standard_deviation_prediction=0.0756 train_percentage_above_threshold=54.31
[LN777    ] [chunk_12_evaluation_evaluator.py] [info] [TRANSFORMER] [diagnostic] LABEL_THRESHOLD=0.0 VALIDATION_PRECISION=0.5226 VALIDATION_TRUE_POSITIVES=16241 VALIDATION_TRUE_NEGATIVES=9641 validation_false_positives=14839 validation_false_negatives=12533 validation_max_prediction=0.7837 validation_mean_prediction=0.5154 validation_recall=0.5644 validation_f1=0.5427 validation_auc=0.4748 validation_specificity=0.3938 validation_false_positive_rate=0.6062 validation_f2=0.5555 validation_mcc=-0.0422 validation_prauc=0.5278 validation_balanced_accuracy=0.4791 validation_brier=0.2575 validation_kappa=-0.0420 validation_informedness=-0.0417 validation_markedness=-0.0836 validation_gini=0.0000 validation_optimal_threshold=0.6657 validation_standard_deviation_prediction=0.0730 validation_percentage_above_threshold=58.36
[LN778    ] [chunk_18_phase_4_ensemble.py] [info]    hyperparameter_optimization model threshold search: LABEL_THRESHOLD=0.0, VALIDATION_PRECISION=0.5225
[LN779    ] [chunk_18_phase_4_ensemble.py] [info]    post hyperparameter_optimization threshold search: LABEL_THRESHOLD=0.0, VALIDATION_PRECISION=0.5226
[LN780    ] [chunk_18_phase_4_ensemble.py] [info]    post hyperparameter_optimization no improvement: keeping LABEL_THRESHOLD=0.0
[LN781    ] [chunk_18_phase_4_ensemble.py] [info] [section 4] [TRANSFORMER] [post hyperparameter_optimization] [diagnostic]  percentiles: p1=0.3540, p5=0.3942, p10=0.4207, p25=0.4658, p50=0.5149, p75=0.5626, p90=0.6105, p95=0.6424, p99=0.6863, max=0.7837 | histogram: bins[9,51,291...125,39,4]
[LN782    ] [chunk_18_phase_4_ensemble.py] [info] [section 4] [TRANSFORMER] [post hyperparameter_optimization] LABEL_THRESHOLD=0.0,
[LN783    ] [chunk_18_phase_4_ensemble.py] [info] [section 4] [TRANSFORMER] [post hyperparameter_optimization] VALIDATION_PRECISION=0.5226 VALIDATION_TRUE_POSITIVES=16241 VALIDATION_TRUE_NEGATIVES=9641 validation_false_positives=14839 validation_false_negatives=12533 validation_max_prediction=0.7837 validation_mean_prediction=0.5154 validation_recall=0.5644 validation_f1=0.5427 validation_auc=0.4748 validation_specificity=0.3938 validation_false_positive_rate=0.6062 validation_f2=0.5555 validation_mcc=-0.0422 validation_prauc=0.5278 validation_balanced_accuracy=0.4791 validation_brier=0.2575 validation_kappa=-0.0420 validation_informedness=-0.0417 validation_markedness=-0.0836 validation_gini=0.0000 validation_optimal_threshold=0.6657 validation_standard_deviation_prediction=0.0730 validation_percentage_above_threshold=58.36
[LN784    ] [chunk_18_phase_4_ensemble.py] [info] [section 4] [TRANSFORMER] [post hyperparameter_optimization] prediction_binary_split=0.50 hyperparams=(loss=binary_crossentropy lr=5e-05 dropout=0.0 alpha=0.5 gamma=1.5 latent_dim=64) source=section3
[LN785    ] [chunk_18_phase_4_ensemble.py] [info]    Using threshold-optimized model (HPO did not improve)
[LN786    ] [chunk_18_phase_4_ensemble.py] [info]    Train predictions: mean=0.5022, std=0.0756, min=0.1655, max=0.7633
[LN787    ] [chunk_18_phase_4_ensemble.py] [info]    validation predictions:   mean=0.5154, std=0.0730, min=0.2703, max=0.7837
[LN788    ] [chunk_18_phase_4_ensemble.py] [info] [section 5] [TRANSFORMER] [final] [diagnostic] Train  percentiles: p1=0.2994, p5=0.3707, p10=0.4038, p25=0.4555, p50=0.5079, p75=0.5536, p90=0.5911, p95=0.6145, p99=0.6711, max=0.7633 | histogram: bins[35,118,243...756,324,41]
[LN789    ] [chunk_18_phase_4_ensemble.py] [info] [section 5] [TRANSFORMER] [final] [diagnostic] validation    percentiles: p1=0.3540, p5=0.3942, p10=0.4207, p25=0.4658, p50=0.5149, p75=0.5626, p90=0.6105, p95=0.6424, p99=0.6863, max=0.7837 | histogram: bins[9,51,291...125,39,4]
[LN790    ] [chunk_18_phase_4_ensemble.py] [info]    Train predictions: 54.31% positive predictions (64,795 / 119,310)
[LN791    ] [chunk_18_phase_4_ensemble.py] [info]    validation predictions:   58.36% positive predictions (31,080 / 53,254)
[LN792    ] [chunk_18_phase_4_ensemble.py] [info]    [info] Section 4 all rejected - using Section 3 results for Section 5
[LN793    ] [chunk_18_phase_4_ensemble.py] [info]    [diagnostic] prediction_buckets: 0-10:0, 10-20:9, 20-30:3147, 30-40:19018, 40-50:24415, 50-60:6407, 60-70:258, 70-80:0, 80-90:0, 90-100:0
[LN794    ] [chunk_18_phase_4_ensemble.py] [info] [section 5] [TRANSFORMER] [final] LABEL_THRESHOLD=0.0,
[LN795    ] [chunk_18_phase_4_ensemble.py] [info] [section 5] [TRANSFORMER] [final] train_precision=0.5463 train_true_positives=35398 train_true_negatives=30192 train_false_positives=29397 train_false_negatives=24323 train_max_prediction=0.7633 train_mean_prediction=0.5022 train_recall=0.5927 train_f1=0.5686 train_auc=0.5732 train_specificity=0.5067 train_false_positive_rate=0.4933 train_f2=0.5828 train_mcc=0.0998 train_prauc=0.5629 train_balanced_accuracy=0.5497 train_standard_deviation_prediction=0.0756 train_percentage_above_threshold=54.31 train_brier=0.2456 train_kappa=0.0994 train_informedness=0.0994 train_markedness=0.0530 train_gini=0.1463 train_optimal_threshold=0.5049
[LN796    ] [chunk_18_phase_4_ensemble.py] [info] [section 5] [TRANSFORMER] [final] VALIDATION_PRECISION=0.5226 VALIDATION_TRUE_POSITIVES=16241 VALIDATION_TRUE_NEGATIVES=9641 validation_false_positives=14839 validation_false_negatives=12533 validation_max_prediction=0.7837 validation_mean_prediction=0.5154 validation_recall=0.5644 validation_f1=0.5427 validation_auc=0.4748 validation_specificity=0.3938 validation_false_positive_rate=0.6062 validation_f2=0.5555 validation_mcc=-0.0422 validation_prauc=0.5278 validation_balanced_accuracy=0.4791 validation_brier=0.2575 validation_kappa=-0.0420 validation_informedness=-0.0417 validation_markedness=-0.0836 validation_gini=0.0000 validation_optimal_threshold=0.6657 validation_standard_deviation_prediction=0.0730 validation_percentage_above_threshold=58.36
[LN797    ] [chunk_18_phase_4_ensemble.py] [info] [section 5] [TRANSFORMER] [final] prediction_binary_split=0.50 hyperparams=(loss=binary_crossentropy lr=5e-05 dropout=0.0 alpha=0.5 gamma=1.5 latent_dim=64) (using HPO model directly)
[LN798    ] [chunk_18_phase_4_ensemble.py] [info]    [Transformer] loss: binary_crossentropy | pred_threshold: 0.5 | epochs: 3
[LN799    ] [chunk_18_phase_4_ensemble.py] [info]    [Transformer] hyperparameter_optimization: dim=64, heads=2, dropout=0.0, learning_rate=5e-05, alpha=0.5, gamma=1.5, layers=1
[LN800    ] [chunk_18_phase_4_ensemble.py] [info]    Transformer training time: 944.9s
[LN801    ] [chunk_18_phase_4_ensemble.py] [info] [pass] Transformer trained successfully
[LN802    ] [chunk_18_phase_4_ensemble.py] [info] Running Feature Stability Analysis...
[LN803    ] [chunk_18_phase_4_ensemble.py] [info]    Feature Stability (top 5):
[LN804    ] [chunk_18_phase_4_ensemble.py] [info]       Change: stability=0.029, importance=0.038
[LN805    ] [chunk_18_phase_4_ensemble.py] [info]       Volume: stability=0.008, importance=0.038
[LN806    ] [chunk_18_phase_4_ensemble.py] [info]       Price_to_52W_High: stability=0.007, importance=0.038
[LN807    ] [chunk_18_phase_4_ensemble.py] [info]       Price: stability=0.007, importance=0.038
[LN808    ] [chunk_18_phase_4_ensemble.py] [info]       Prev_Close: stability=0.007, importance=0.038
[LN809    ] [chunk_18_phase_4_ensemble.py] [info] Measuring Inference Latency...
[LN810    ] [chunk_18_phase_4_ensemble.py] [info]    Inference latency: 0.002 ms/sample (10000 samples)
[LN811    ] [chunk_18_phase_4_ensemble.py] [info] Running Sliding Window Validation...
[LN812    ] [chunk_18_phase_4_ensemble.py] [info]    sliding window: train_samples=125233, validation_samples=59175
[LN813    ] [chunk_18_phase_4_ensemble.py] [info]    Sliding Window validation: precision=0.0109 recall=0.2225 f1=0.0208
[LN814    ] [chunk_18_phase_4_ensemble.py] [info]    temporal drift: Moderate precision drift: -19.6% change
[LN815    ] [chunk_18_phase_4_ensemble.py] [info]    drift: stability_score=0.882
[LN816    ] [chunk_18_phase_4_ensemble.py] [info] Running Permutation Importance on all trained models...
[LN817    ] [chunk_18_phase_4_ensemble.py] [info]    CatBoost Permutation Importance (top 10):
[LN818    ] [chunk_18_phase_4_ensemble.py] [info]       Perf_Week: 0.0021
[LN819    ] [chunk_18_phase_4_ensemble.py] [info]       ATR: 0.0003
[LN820    ] [chunk_18_phase_4_ensemble.py] [info]       SMA20: 0.0001
[LN821    ] [chunk_18_phase_4_ensemble.py] [info]       Perf_Year: -0.0004
[LN822    ] [chunk_18_phase_4_ensemble.py] [info]       52W_High: -0.0004
[LN823    ] [chunk_18_phase_4_ensemble.py] [info]       Ticker_id: -0.0006
[LN824    ] [chunk_18_phase_4_ensemble.py] [info]       Market_Cap: -0.0009
[LN825    ] [chunk_18_phase_4_ensemble.py] [info]       Avg_Volume: -0.0011
[LN826    ] [chunk_18_phase_4_ensemble.py] [info]       SMA50: -0.0012
[LN827    ] [chunk_18_phase_4_ensemble.py] [info]       Price: -0.0014
[LN828    ] [chunk_18_phase_4_ensemble.py] [info]    CatBoost [advanced] entropy=35472.1785, LogitComp=2.06, MI=0.0005
[LN829    ] [chunk_18_phase_4_ensemble.py] [info]    CatBoost [advanced] KS-stat=0.0415 (poor_separation), bhattacharyya=-3.1250
[LN830    ] [chunk_18_phase_4_ensemble.py] [info]    LightGBM Permutation Importance (top 10):
[LN831    ] [chunk_18_phase_4_ensemble.py] [info]       Perf_Week: 0.0034
[LN832    ] [chunk_18_phase_4_ensemble.py] [info]       ATR: 0.0012
[LN833    ] [chunk_18_phase_4_ensemble.py] [info]       SMA50: 0.0002
[LN834    ] [chunk_18_phase_4_ensemble.py] [info]       Ticker_id: -0.0001
[LN835    ] [chunk_18_phase_4_ensemble.py] [info]       SMA20: -0.0002
[LN836    ] [chunk_18_phase_4_ensemble.py] [info]       52W_High: -0.0008
[LN837    ] [chunk_18_phase_4_ensemble.py] [info]       Perf_Month: -0.0012
[LN838    ] [chunk_18_phase_4_ensemble.py] [info]       Price: -0.0013
[LN839    ] [chunk_18_phase_4_ensemble.py] [info]       Prev_Close: -0.0019
[LN840    ] [chunk_18_phase_4_ensemble.py] [info]       Perf_Year: -0.0027
[LN841    ] [chunk_18_phase_4_ensemble.py] [info]    LightGBM [advanced] entropy=33248.3177, LogitComp=2.20, MI=0.0003
[LN842    ] [chunk_18_phase_4_ensemble.py] [info]    LightGBM [advanced] KS-stat=0.0446 (poor_separation), bhattacharyya=-3.0641
[LN843    ] [chunk_18_phase_4_ensemble.py] [info]    XGBoost Permutation Importance (top 10):
[LN844    ] [chunk_18_phase_4_ensemble.py] [info]       Perf_Week: 0.0093
[LN845    ] [chunk_18_phase_4_ensemble.py] [info]       Prev_Close: 0.0027
[LN846    ] [chunk_18_phase_4_ensemble.py] [info]       SMA50: -0.0008
[LN847    ] [chunk_18_phase_4_ensemble.py] [info]       Perf_YTD: -0.0013
[LN848    ] [chunk_18_phase_4_ensemble.py] [info]       ATR: -0.0029
[LN849    ] [chunk_18_phase_4_ensemble.py] [info]       Price: -0.0040
[LN850    ] [chunk_18_phase_4_ensemble.py] [info]       Perf_Half_Y: -0.0084
[LN851    ] [chunk_18_phase_4_ensemble.py] [info]       Avg_Volume: -0.0093
[LN852    ] [chunk_18_phase_4_ensemble.py] [info]       RSI_14: -0.0108
[LN853    ] [chunk_18_phase_4_ensemble.py] [info]       SMA20: -0.0109
[LN854    ] [chunk_18_phase_4_ensemble.py] [info]    XGBoost [advanced] entropy=7804.6333, LogitComp=2.91, MI=0.0004
[LN855    ] [chunk_18_phase_4_ensemble.py] [info]    XGBoost [advanced] KS-stat=0.0811 (poor_separation), bhattacharyya=-3.0006
[LN856    ] [chunk_18_phase_4_ensemble.py] [info]    Dense Permutation Importance (top 10):
[LN857    ] [chunk_18_phase_4_ensemble.py] [info]       RSI_14: 0.0576
[LN858    ] [chunk_18_phase_4_ensemble.py] [info]       52W_Low: 0.0566
[LN859    ] [chunk_18_phase_4_ensemble.py] [info]       Ticker_id: 0.0519
[LN860    ] [chunk_18_phase_4_ensemble.py] [info]       Perf_Year: 0.0271
[LN861    ] [chunk_18_phase_4_ensemble.py] [info]       52W_High: 0.0219
[LN862    ] [chunk_18_phase_4_ensemble.py] [info]       Avg_Volume: 0.0177
[LN863    ] [chunk_18_phase_4_ensemble.py] [info]       Price: 0.0093
[LN864    ] [chunk_18_phase_4_ensemble.py] [info]       Perf_Quarter: 0.0059
[LN865    ] [chunk_18_phase_4_ensemble.py] [info]       Perf_Half_Y: -0.0079
[LN866    ] [chunk_18_phase_4_ensemble.py] [info]       Perf_Week: -0.0087
[LN867    ] [chunk_18_phase_4_ensemble.py] [info]    Dense [advanced] entropy=4114.6841, LogitComp=5.80, MI=0.0000
[LN868    ] [chunk_18_phase_4_ensemble.py] [info]    Dense [advanced] KS-stat=0.0800 (poor_separation), bhattacharyya=-2.9986
[LN869    ] [chunk_18_phase_4_ensemble.py] [info]    CNN Permutation Importance (top 10):
[LN870    ] [chunk_18_phase_4_ensemble.py] [info]       Perf_Half_Y: 0.0045
[LN871    ] [chunk_18_phase_4_ensemble.py] [info]       52W_High: 0.0009
[LN872    ] [chunk_18_phase_4_ensemble.py] [info]       Perf_YTD: 0.0007
[LN873    ] [chunk_18_phase_4_ensemble.py] [info]       Perf_Week: 0.0003
[LN874    ] [chunk_18_phase_4_ensemble.py] [info]       SMA200: 0.0000
[LN875    ] [chunk_18_phase_4_ensemble.py] [info]       SMA50: -0.0001
[LN876    ] [chunk_18_phase_4_ensemble.py] [info]       Perf_Year: -0.0003
[LN877    ] [chunk_18_phase_4_ensemble.py] [info]       ATR: -0.0007
[LN878    ] [chunk_18_phase_4_ensemble.py] [info]       Volume: -0.0009
[LN879    ] [chunk_18_phase_4_ensemble.py] [info]       RSI_14: -0.0013
[LN880    ] [chunk_18_phase_4_ensemble.py] [info]    CNN [advanced] entropy=29265.5039, LogitComp=2.17, MI=0.0015
[LN881    ] [chunk_18_phase_4_ensemble.py] [info]    CNN [advanced] KS-stat=0.0655 (poor_separation), bhattacharyya=-3.0041
[LN882    ] [chunk_18_phase_4_ensemble.py] [info]    RNN Permutation Importance (top 10):
[LN883    ] [chunk_18_phase_4_ensemble.py] [info]       Perf_Half_Y: 0.0052
[LN884    ] [chunk_18_phase_4_ensemble.py] [info]       Prev_Close: 0.0051
[LN885    ] [chunk_18_phase_4_ensemble.py] [info]       52W_Low: 0.0048
[LN886    ] [chunk_18_phase_4_ensemble.py] [info]       Price: 0.0040
[LN887    ] [chunk_18_phase_4_ensemble.py] [info]       Perf_Week: 0.0017
[LN888    ] [chunk_18_phase_4_ensemble.py] [info]       RSI_14: 0.0011
[LN889    ] [chunk_18_phase_4_ensemble.py] [info]       Ticker_id: 0.0006
[LN890    ] [chunk_18_phase_4_ensemble.py] [info]       Perf_YTD: 0.0001
[LN891    ] [chunk_18_phase_4_ensemble.py] [info]       Perf_Quarter: -0.0000
[LN892    ] [chunk_18_phase_4_ensemble.py] [info]       ATR: -0.0004
[LN893    ] [chunk_18_phase_4_ensemble.py] [info]    RNN [advanced] entropy=18661.0879, LogitComp=1.75, MI=0.0033
[LN894    ] [chunk_18_phase_4_ensemble.py] [info]    RNN [advanced] KS-stat=0.0811 (poor_separation), bhattacharyya=-3.1010
[LN895    ] [chunk_18_phase_4_ensemble.py] [info]    LSTM Permutation Importance (top 10):
[LN896    ] [chunk_18_phase_4_ensemble.py] [info]       Perf_Half_Y: 0.0030
[LN897    ] [chunk_18_phase_4_ensemble.py] [info]       Perf_Year: 0.0018
[LN898    ] [chunk_18_phase_4_ensemble.py] [info]       SMA50: 0.0007
[LN899    ] [chunk_18_phase_4_ensemble.py] [info]       Price: 0.0002
[LN900    ] [chunk_18_phase_4_ensemble.py] [info]       Perf_Month: -0.0003
[LN901    ] [chunk_18_phase_4_ensemble.py] [info]       Perf_YTD: -0.0004
[LN902    ] [chunk_18_phase_4_ensemble.py] [info]       SMA200: -0.0005
[LN903    ] [chunk_18_phase_4_ensemble.py] [info]       RSI_14: -0.0005
[LN904    ] [chunk_18_phase_4_ensemble.py] [info]       Perf_Week: -0.0006
[LN905    ] [chunk_18_phase_4_ensemble.py] [info]       52W_High: -0.0012
[LN906    ] [chunk_18_phase_4_ensemble.py] [info]    LSTM [advanced] entropy=21947.7676, LogitComp=1.87, MI=0.0024
[LN907    ] [chunk_18_phase_4_ensemble.py] [info]    LSTM [advanced] KS-stat=0.0661 (poor_separation), bhattacharyya=-3.0645
[LN908    ] [chunk_18_phase_4_ensemble.py] [info]    VAE Permutation Importance (top 10):
[LN909    ] [chunk_18_phase_4_ensemble.py] [info]       Avg_Volume: 0.0015
[LN910    ] [chunk_18_phase_4_ensemble.py] [info]       52W_High: 0.0012
[LN911    ] [chunk_18_phase_4_ensemble.py] [info]       ATR: 0.0011
[LN912    ] [chunk_18_phase_4_ensemble.py] [info]       Perf_YTD: 0.0009
[LN913    ] [chunk_18_phase_4_ensemble.py] [info]       Market_Cap: 0.0005
[LN914    ] [chunk_18_phase_4_ensemble.py] [info]       Perf_Half_Y: 0.0005
[LN915    ] [chunk_18_phase_4_ensemble.py] [info]       Volume: -0.0000
[LN916    ] [chunk_18_phase_4_ensemble.py] [info]       Prev_Close: -0.0001
[LN917    ] [chunk_18_phase_4_ensemble.py] [info]       Perf_Month: -0.0001
[LN918    ] [chunk_18_phase_4_ensemble.py] [info]       SMA20: -0.0005
[LN919    ] [chunk_18_phase_4_ensemble.py] [info]    VAE [advanced] entropy=33181.4805, LogitComp=2.05, MI=0.0001
[LN920    ] [chunk_18_phase_4_ensemble.py] [info]    VAE [advanced] KS-stat=0.0187 (poor_separation), bhattacharyya=-3.0284
[LN921    ] [chunk_18_phase_4_ensemble.py] [info]    Transformer Permutation Importance (top 10):
[LN922    ] [chunk_18_phase_4_ensemble.py] [info]       Market_Cap: 0.0010
[LN923    ] [chunk_18_phase_4_ensemble.py] [info]       Perf_Week: 0.0006
[LN924    ] [chunk_18_phase_4_ensemble.py] [info]       Perf_Month: 0.0005
[LN925    ] [chunk_18_phase_4_ensemble.py] [info]       ATR: 0.0002
[LN926    ] [chunk_18_phase_4_ensemble.py] [info]       Price: -0.0002
[LN927    ] [chunk_18_phase_4_ensemble.py] [info]       52W_High: -0.0002
[LN928    ] [chunk_18_phase_4_ensemble.py] [info]       SMA50: -0.0004
[LN929    ] [chunk_18_phase_4_ensemble.py] [info]       SMA200: -0.0008
[LN930    ] [chunk_18_phase_4_ensemble.py] [info]       RSI_14: -0.0012
[LN931    ] [chunk_18_phase_4_ensemble.py] [info]       Ticker_id: -0.0024
[LN932    ] [chunk_18_phase_4_ensemble.py] [info]    Transformer [advanced] entropy=36313.8438, LogitComp=1.52, MI=0.0009
[LN933    ] [chunk_18_phase_4_ensemble.py] [info]    Transformer [advanced] KS-stat=0.0423 (poor_separation), bhattacharyya=-3.7146
[LN934    ] [chunk_18_phase_4_ensemble.py] [info] Filtering architectures by min precision > 0.53:
[LN935    ] [chunk_18_phase_4_ensemble.py] [info]   CatBoost: precision=0.5211 ✗ (below threshold)
[LN936    ] [chunk_18_phase_4_ensemble.py] [info]   LightGBM: precision=0.5252 ✗ (below threshold)
[LN937    ] [chunk_18_phase_4_ensemble.py] [info]   XGBoost: precision=0.0785 ✗ (below threshold)
[LN938    ] [chunk_18_phase_4_ensemble.py] [info]   Dense: precision=0.2333 ✗ (below threshold)
[LN939    ] [chunk_18_phase_4_ensemble.py] [info]   CNN: precision=0.0498 ✗ (below threshold)
[LN940    ] [chunk_18_phase_4_ensemble.py] [info]   RNN: precision=0.0683 ✗ (below threshold)
[LN941    ] [chunk_18_phase_4_ensemble.py] [info]   LSTM: precision=0.0550 ✗ (below threshold)
[LN942    ] [chunk_18_phase_4_ensemble.py] [info]   VAE: precision=0.5308 ✓
[LN943    ] [chunk_18_phase_4_ensemble.py] [info]   Transformer: precision=0.5226 ✗ (below threshold)
[LN944    ] [chunk_18_phase_4_ensemble.py] [info] ensemble: 1 architectures (VAE)
[LN945    ] [chunk_18_phase_4_ensemble.py] [info]    [diagnostic-ensemble]  percentiles: p1=0.1237, p5=0.2002, p10=0.2515, p25=0.3506, p50=0.4640, p75=0.5838, p90=0.7300, p95=0.8084, p99=0.9028, max=0.9796 | histogram: bins[69,371,983...1054,669,175]
[LN946    ] [chunk_18_phase_4_ensemble.py] [info] Ensemble precision (validation): 0.0118 (LABEL_THRESHOLD=20.0, prediction_binary_split=0.50)
[LN947    ] [chunk_18_phase_4_ensemble.py] [info] ARCHITECTURE RANKING (by Validation precision)
[LN948    ] [chunk_18_phase_4_ensemble.py] [info] Rank | Arch    | Thresh | validation_precision | validation_recall | validation_auc |    FN |     TN |   TP |   FP
[LN949    ] [chunk_18_phase_4_ensemble.py] [info]    1 | VAE     |    0.0 |   0.5308 |   0.4065 |   0.4891 | 17078 |  14142 | 11696 | 10338
[LN950    ] [chunk_18_phase_4_ensemble.py] [info]    2 | LightGBM |    0.0 |   0.5252 |   0.3522 |   0.4818 | 18639 |  15317 | 10135 | 9163
[LN951    ] [chunk_18_phase_4_ensemble.py] [info]    3 | Transformer |    0.0 |   0.5226 |   0.5644 |   0.4748 | 12533 |   9641 | 16241 | 14839
[LN952    ] [chunk_18_phase_4_ensemble.py] [info]    4 | CatBoost |    0.0 |   0.5211 |   0.3730 |   0.4809 | 18041 |  14615 | 10733 | 9865
[LN953    ] [chunk_18_phase_4_ensemble.py] [info]    5 | Dense   |   20.0 |   0.2333 |   0.0208 |   0.8802 |   329 |  52895 |    7 |   23
[LN954    ] [chunk_18_phase_4_ensemble.py] [info]    6 | XGBoost |   10.0 |   0.0785 |   0.1429 |   0.7764 |  1026 |  50050 |  171 | 2007
[LN955    ] [chunk_18_phase_4_ensemble.py] [info]    7 | RNN     |   10.0 |   0.0683 |   0.7970 |   0.8477 |   243 |  39039 |  954 | 13018
[LN956    ] [chunk_18_phase_4_ensemble.py] [info]    8 | LSTM    |   10.0 |   0.0550 |   0.8513 |   0.8143 |   178 |  34534 | 1019 | 17523
[LN957    ] [chunk_18_phase_4_ensemble.py] [info]    9 | CNN     |   10.0 |   0.0498 |   0.9089 |   0.8413 |   109 |  31305 | 1088 | 20752
[LN958    ] [chunk_18_phase_4_ensemble.py] [info] HPO IMPACT SUMMARY
[LN959    ] [chunk_18_phase_4_ensemble.py] [info] Architecture |  Pre-HPO P | Post-HPO P | Improved?
[LN960    ] [chunk_18_phase_4_ensemble.py] [info] CatBoost     |     0.5198 |     0.5211 | Yes      
[LN961    ] [chunk_18_phase_4_ensemble.py] [info] LightGBM     |     0.5223 |     0.5252 | Yes      
[LN962    ] [chunk_18_phase_4_ensemble.py] [info] XGBoost      |     0.0785 |     0.0711 | No       
[LN963    ] [chunk_18_phase_4_ensemble.py] [info] Dense        |     0.0000 |     0.2333 | Yes      
[LN964    ] [chunk_18_phase_4_ensemble.py] [info] CNN          |     0.0000 |     0.0218 | Yes      
[LN965    ] [chunk_18_phase_4_ensemble.py] [info] RNN          |     0.0000 |     0.0227 | Yes      
[LN966    ] [chunk_18_phase_4_ensemble.py] [info] LSTM         |     0.0000 |     0.0190 | Yes      
[LN967    ] [chunk_18_phase_4_ensemble.py] [info] VAE          |     0.0000 |     0.0139 | Yes      
[LN968    ] [chunk_18_phase_4_ensemble.py] [info] Transformer  |     0.5226 |     0.5225 | No       
[LN969    ] [chunk_18_phase_4_ensemble.py] [info] TRAINING TIME SUMMARY
[LN970    ] [chunk_18_phase_4_ensemble.py] [info]    CatBoost: 51.1s
[LN971    ] [chunk_18_phase_4_ensemble.py] [info]    LightGBM: 27.2s
[LN972    ] [chunk_18_phase_4_ensemble.py] [info]    XGBoost: 23.2s
[LN973    ] [chunk_18_phase_4_ensemble.py] [info]    Dense: 378.0s
[LN974    ] [chunk_18_phase_4_ensemble.py] [info]    CNN: 2173.1s
[LN975    ] [chunk_18_phase_4_ensemble.py] [info]    RNN: 1118.4s
[LN976    ] [chunk_18_phase_4_ensemble.py] [info]    LSTM: 1092.0s
[LN977    ] [chunk_18_phase_4_ensemble.py] [info]    VAE: 582.9s
[LN978    ] [chunk_18_phase_4_ensemble.py] [info]    Transformer: 944.9s
[LN979    ] [chunk_18_phase_4_ensemble.py] [info]    total: 6390.9s
[LN980    ] [chunk_18_phase_4_ensemble.py] [info]    Skipping CatBoost (precision 0.5211 < 0.53)
[LN981    ] [chunk_18_phase_4_ensemble.py] [info]    Skipping LightGBM (precision 0.5252 < 0.53)
[LN982    ] [chunk_18_phase_4_ensemble.py] [info]    Skipping XGBoost (precision 0.0785 < 0.53)
[LN983    ] [chunk_18_phase_4_ensemble.py] [info]    Skipping Dense (precision 0.2333 < 0.53)
[LN984    ] [chunk_18_phase_4_ensemble.py] [info]    Skipping CNN (precision 0.0498 < 0.53)
[LN985    ] [chunk_18_phase_4_ensemble.py] [info]    Skipping RNN (precision 0.0683 < 0.53)
[LN986    ] [chunk_18_phase_4_ensemble.py] [info]    Skipping LSTM (precision 0.0550 < 0.53)
[LN987    ] [chunk_18_phase_4_ensemble.py] [info]    Saved VAE model to ./saved_models/VAE_model.keras
[LN988    ] [chunk_18_phase_4_ensemble.py] [info]    Saved VAE scaler to ./saved_models/VAE_scaler.joblib
[LN989    ] [chunk_18_phase_4_ensemble.py] [info]    Skipping Transformer (precision 0.5226 < 0.53)
[LN990    ] [chunk_18_phase_4_ensemble.py] [info]    Saved temporal weights to ./saved_models/temporal_weights.json
[LN991    ] [chunk_18_phase_4_ensemble.py] [info]    Saved feature names to ./saved_models/feature_names.json
[LN992    ] [chunk_18_phase_4_ensemble.py] [info]    Saved split date to ./saved_models/split_date.txt
[LN993    ] [chunk_18_phase_4_ensemble.py] [info]    Saved all training dates to ./saved_models/all_dates.json
[LN994    ] [chunk_18_phase_4_ensemble.py] [info]    Saved VAE metadata to ./saved_models/VAE_metadata.json
[LN995    ] [chunk_18_phase_4_ensemble.py] [info]    All models and parameters saved to ./saved_models
[1m1/1[0m [32m━━━━━━━━━━━━━━━━━━━━[0m[37m[0m [1m0s[0m 12ms/step[1m1/1[0m [32m━━━━━━━━━━━━━━━━━━━━[0m[37m[0m [1m0s[0m 22ms/step
[LN996    ] [chunk_XX_phase_feature_analysis_b.py] [info] Phase Xb: Temporal Precision Gap Analysis - Starting
[LN997    ] [chunk_XX_phase_feature_analysis_b.py] [info] Analyzing temporal precision gap for 9 architectures
[LN998    ] [chunk_XX_phase_feature_analysis_b.py] [info] Label threshold: 20.0, Prediction threshold: 0.5
[LN999    ] [chunk_XX_phase_feature_analysis_b.py] [info] Date split: 9 unique dates
[LN1000   ] [chunk_XX_phase_feature_analysis_b.py] [info] Recent dates (>=20251017): 17,747 samples, 91 signal cases
[LN1001   ] [chunk_XX_phase_feature_analysis_b.py] [info] Older dates (<=20251013): 17,755 samples, 139 signal cases
[LN1002   ] [chunk_XX_phase_feature_analysis_b.py] [info] Phase Xb: Temporal Precision Gap Analysis Report - FULL METRICS
[LN1003   ] [chunk_XX_phase_feature_analysis_b.py] [info] Architecture Recent P Recent R Recent AUC Recent F1  Older P  Older R  Older AUC Older F1    Gap
[LN1004   ] [chunk_XX_phase_feature_analysis_b.py] [info] Dense          0.5000   0.0659     0.8857   0.1165   0.0000   0.0000     0.8785   0.0000  +0.50
[LN1005   ] [chunk_XX_phase_feature_analysis_b.py] [info] VAE            0.0115   0.8132     0.8016   0.0227   0.0132   0.7698     0.7108   0.0260  -0.00
[LN1006   ] [chunk_XX_phase_feature_analysis_b.py] [info] CNN            0.0127   0.9341     0.9015   0.0250   0.0165   0.9424     0.8667   0.0324  -0.00
[LN1007   ] [chunk_XX_phase_feature_analysis_b.py] [info] CatBoost       0.0056   0.3187     0.5138   0.0111   0.0103   0.6115     0.6211   0.0203  -0.00
[LN1008   ] [chunk_XX_phase_feature_analysis_b.py] [info] Transformer    0.0043   0.4286     0.4807   0.0086   0.0096   0.7842     0.5909   0.0189  -0.01
[LN1009   ] [chunk_XX_phase_feature_analysis_b.py] [info] LSTM           0.0137   0.8681     0.8762   0.0270   0.0196   0.9353     0.8481   0.0384  -0.01
[LN1010   ] [chunk_XX_phase_feature_analysis_b.py] [info] LightGBM       0.0042   0.2198     0.5073   0.0083   0.0108   0.6115     0.6138   0.0212  -0.01
[LN1011   ] [chunk_XX_phase_feature_analysis_b.py] [info] RNN            0.0171   0.9011     0.9016   0.0336   0.0254   0.8417     0.8751   0.0493  -0.01
[LN1012   ] [chunk_XX_phase_feature_analysis_b.py] [info] XGBoost        0.0211   0.1319     0.7834   0.0364   0.0387   0.2446     0.8200   0.0668  -0.02
[LN1013   ] [chunk_XX_phase_feature_analysis_b.py] [info] BEST for recent signals: Dense (Gap: +0.5000)
[LN1014   ] [chunk_XX_phase_feature_analysis_b.py] [info] WORST for recent signals: XGBoost (Gap: -0.0176)
[LN1015   ] [chunk_XX_phase_feature_analysis_b.py] [info] 1/9 architectures show positive temporal precision gap
[LN1016   ] [chunk_XX_phase_feature_analysis_b.py] [info] Phase Xb: Temporal Precision Gap Analysis - COMPLETE
[LN1017   ] [chunk_20_pipeline_main.py] [info] [skip] Phase Xb: Temporal Precision Gap validation skipped (no validator)
[LN1018   ] [chunk_19_phase_5_optimization.py] [info] Loading saved models from ./saved_models...
[LN1019   ] [chunk_22_model_loader.py] [info] Loaded VAE model
[LN1020   ] [chunk_22_model_loader.py] [info] Loaded VAE metadata: label_threshold=0.0
[LN1021   ] [chunk_19_phase_5_optimization.py] [info] Loaded architectures: ['VAE']
[LN1022   ] [chunk_19_phase_5_optimization.py] [info] Receiving inference data from context (NO CSV loading)...
[LN1023   ] [chunk_19_phase_5_optimization.py] [info]   Inference samples: 5,923
[LN1024   ] [chunk_19_phase_5_optimization.py] [info]   Inference date(s): [20251023]
[LN1025   ] [chunk_19_phase_5_optimization.py] [info]   Feature count: 24
[LN1026   ] [chunk_19_phase_5_optimization.py] [info]   Features will be selected per-architecture from 24 total
[LN1027   ] [chunk_19_phase_5_optimization.py] [info]   Label threshold: 20.0
[LN1028   ] [chunk_19_phase_5_optimization.py] [info]   Inference data: RAW (no temporal weighting applied)
[LN1029   ] [chunk_19_phase_5_optimization.py] [info]   X shape (RAW, no weighting): (5923, 24)
[LN1030   ] [chunk_19_phase_5_optimization.py] [info]   y shape: (5923,)
[LN1031   ] [chunk_19_phase_5_optimization.py] [info]   Temporal weights applied: min=1.00, max=1.00
[LN1032   ] [chunk_19_phase_5_optimization.py] [info] 
[LN1033   ] [chunk_19_phase_5_optimization.py] [info] Per-Architecture Results on Newest Data
[LN1034   ] [chunk_19_phase_5_optimization.py] [info]   VAE: using 19 features (optimal threshold's pruning)
[LN1035   ] [chunk_19_phase_5_optimization.py] [info] VAE (LABEL_THRESHOLD=0.0, prediction_binary_split=0.50, hyperparams={'loss_function': 'binary_crossentropy', 'latent_dim': 32, 'learning_rate': 0.001, 'dropout': 0.0, 'epochs': 50, 'alpha': 1.25, 'gamma': 2.0, 'encoder_layers': 1, 'decoder_layers': 1}, VALIDATION_PRECISION=0.5308):
[LN1036   ] [chunk_19_phase_5_optimization.py] [info]    predictions: mean=0.4827, std=0.1509, min=0.0524, max=0.9515
[LN1037   ] [chunk_19_phase_5_optimization.py] [info]    INFERENCE predictions: 44.08% positive predictions (2,611 / 5,923)
[LN1038   ] [chunk_19_phase_5_optimization.py] [info]   VAE t=0.0: precision=0.6430 recall=0.4385 auc=0.4954 f1=0.5214 false_negatives=2150 true_negatives=1162 true_positives=1679 false_positives=932
[LN1039   ] [chunk_19_phase_5_optimization.py] [info]   VAE - Inference: inference_precision=0.6430 inference_true_positives=1679 inference_true_negatives=1162 inference_false_positives=932 inference_false_negatives=2150 inference_max_prediction=0.9515 inference_mean_prediction=0.4827 inference_recall=0.4385 inference_f1=0.5214 inference_auc=0.4954 inference_specificity=0.5549 inference_false_positive_rate=0.4451 inference_f2=0.4683 inference_mcc=-0.0063 inference_prauc=0.6397 inference_balanced_accuracy=0.4967 inference_standard_deviation_prediction=0.1509 inference_percentage_above_threshold=44.08 inference_brier=0.2794 inference_kappa=-0.0058 inference_informedness=-0.0066 inference_markedness=0.1980 inference_gini=0.0000 inference_optimal_threshold=0.4300
[LN1040   ] [chunk_19_phase_5_optimization.py] [info] 
[LN1041   ] [chunk_19_phase_5_optimization.py] [info] VAE MODEL PREDICTED SIGNAL (2611 rows)
[LN1042   ] [chunk_19_phase_5_optimization.py] [info] architecture: VAE | precision: 0.6430 | prediction_binary_split: 0.5 | predicted: 2611
[LN1043   ] [chunk_19_phase_5_optimization.py] [info] Row,Market_Cap,52W_Low,Prev_Close,Price,Volume,52W_High,Ticker_id,Perf_YTD,Perf_Year,SMA200,Perf_Half_Y,Avg_Volume,Perf_Quarter,SMA50,Perf_Month,SMA20,ATR,RSI_14,Perf_Week,Rel_Volume,Change,Price_to_52W_High,Volume_to_Avg_Volume,Price_to_52W_Low
[LN1044   ] [chunk_19_phase_5_optimization.py] [info] Majority label threshold: 0.0 (1 archs)
[LN1045   ] [chunk_19_phase_5_optimization.py] [info] 
[LN1046   ] [chunk_19_phase_5_optimization.py] [info] FINAL PREDICTION RESULTS (sorted by precision)
[LN1047   ] [chunk_19_phase_5_optimization.py] [info] Rank | Architecture | Label_Threshold | Prediction_Binary_Split |  Precision |  Recall |     AUC |     F1 |   FN |    TN |   TP |   FP
[LN1048   ] [chunk_19_phase_5_optimization.py] [info]    1 | VAE      |             0.0 |                   0.50 |     0.6430 |  0.4385 |  0.4954 | 0.5214 | 2150 |  1162 | 1679 |  932
[LN1049   ] [chunk_19_phase_5_optimization.py] [info] Best architecture: VAE (precision: 0.6430)
[LN1050   ] [chunk_19_phase_5_optimization.py] [info] phase 5 total time: -2.3s
[LN1051   ] [chunk_19_phase_5_optimization.py] [info] data points evaluated: 5923 (date=20251023)
[LN1052   ] [chunk_19_phase_5_optimization.py] [info] 
[LN1053   ] [chunk_20_pipeline_main.py] [info] Pipeline Complete!
[LN1054   ] [chunk_20_pipeline_main.py] [info] [time] Total execution time: 9009.43s
[LN1055   ] [chunk_20_pipeline_main.py] [info] Phase timings:
[LN1056   ] [chunk_20_pipeline_main.py] [info]    Pipeline Setup: 10.38s
[LN1057   ] [chunk_20_pipeline_main.py] [info]    Temporal Weighting: 0.09s
[LN1058   ] [chunk_20_pipeline_main.py] [info]    Phase Xa: Raw Feature Importance: 795.28s
[LN1059   ] [chunk_20_pipeline_main.py] [info]    Neural Ensemble: 8204.33s
[LN1060   ] [chunk_20_pipeline_main.py] [info]    Phase Xb: Temporal Precision Gap: 0.07s
[LN1061   ] [chunk_20_pipeline_main.py] [info]    Prediction Optimization: -2.06s
[LN1062   ] [chunk_20_pipeline_main.py] [info] [stat] Final Results:
[LN1063   ] [chunk_20_pipeline_main.py] [info]    precision: 0.6465
[LN1064   ] [chunk_20_pipeline_main.py] [info]    recall: 1.0000
[LN1065   ] [chunk_20_pipeline_main.py] [info]    f1 Score: 0.7853
[LN1066   ] [chunk_20_pipeline_main.py] [info]    auc: 0.5000
[LN1067   ] [chunk_20_pipeline_main.py] [info] METRICS REVIEW REPORT
[LN1068   ] [chunk_20_pipeline_main.py] [info] [architecture performance] (sorted by Val precision)
[LN1069   ] [chunk_20_pipeline_main.py] [info] ------------------------------------------------------------
[LN1070   ] [chunk_20_pipeline_main.py] [info] 1. VAE             P=0.5308 R=0.4065 auc=0.4891 TP=11696 FP=10338 ✓
[LN1071   ] [chunk_20_pipeline_main.py] [info] 2. LightGBM        P=0.5252 R=0.3522 auc=0.4818 TP=10135 FP= 9163 ✗
[LN1072   ] [chunk_20_pipeline_main.py] [info] 3. Transformer     P=0.5226 R=0.5644 auc=0.4748 TP=16241 FP=14839 ✗
[LN1073   ] [chunk_20_pipeline_main.py] [info] 4. CatBoost        P=0.5211 R=0.3730 auc=0.4809 TP=10733 FP= 9865 ✗
[LN1074   ] [chunk_20_pipeline_main.py] [info] 5. Dense           P=0.2333 R=0.0208 auc=0.8802 TP=    7 FP=   23 ✗
[LN1075   ] [chunk_20_pipeline_main.py] [info] 6. XGBoost         P=0.0785 R=0.1429 auc=0.7764 TP=  171 FP= 2007 ✗
[LN1076   ] [chunk_20_pipeline_main.py] [info] 7. RNN             P=0.0683 R=0.7970 auc=0.8477 TP=  954 FP=13018 ✗
[LN1077   ] [chunk_20_pipeline_main.py] [info] 8. LSTM            P=0.0550 R=0.8513 auc=0.8143 TP= 1019 FP=17523 ✗
[LN1078   ] [chunk_20_pipeline_main.py] [info] 9. CNN             P=0.0498 R=0.9089 auc=0.8413 TP= 1088 FP=20752 ✗
[LN1079   ] [chunk_20_pipeline_main.py] [info] [issues identified]
[LN1080   ] [chunk_20_pipeline_main.py] [info] ------------------------------------------------------------
[LN1081   ] [chunk_20_pipeline_main.py] [info] - LightGBM: PRECISION=0.5252 below threshold 0.53
[LN1082   ] [chunk_20_pipeline_main.py] [info] - Transformer: PRECISION=0.5226 below threshold 0.53
[LN1083   ] [chunk_20_pipeline_main.py] [info] - CatBoost: PRECISION=0.5211 below threshold 0.53
[LN1084   ] [chunk_20_pipeline_main.py] [info] - Dense: PRECISION=0.2333 below threshold 0.53
[LN1085   ] [chunk_20_pipeline_main.py] [info] - XGBoost: PRECISION=0.0785 below threshold 0.53
[LN1086   ] [chunk_20_pipeline_main.py] [info] - RNN: PRECISION=0.0683 below threshold 0.53
[LN1087   ] [chunk_20_pipeline_main.py] [info] - LSTM: PRECISION=0.0550 below threshold 0.53
[LN1088   ] [chunk_20_pipeline_main.py] [info] - CNN: PRECISION=0.0498 below threshold 0.53
[LN1089   ] [chunk_20_pipeline_main.py] [info] [standardized metrics table]
[LN1090   ] [chunk_20_pipeline_main.py] [info] ------------------------------------------------------------
[LN1091   ] [chunk_20_pipeline_main.py] [info] Architecture,Phase,Loss,Epochs,Precision,Recall,AUC,F1,TP,FP,TN,FN,MaxPred,MeanPred,StdPred,PctAboveThresh,BestEpoch,TrainingTime,LabelThresh,ThresholdSource,HPO_Trials,HPO_Improvement,KeyHyperparams,TrainLoss,ValLoss,LossDelta,MCC,PRAUC,Specificity,BalancedAccuracy,PredictionThreshold
[LN1092   ] [chunk_20_pipeline_main.py] [info] VAE,Train,binary_crossentropy,50,0.5050,0.3897,0.5023,0.4399,23273,22815,36774,36448,0.9796,0.4629,0.1599,N/A,0,0.0,0.0,section4,20,0.0000,dropout=0.0,learning_rate=0.001,latent_dim=32,0.0000,0.0000,0.0000,0.0070,0.5025,0.6171,0.5034,0.5
[LN1093   ] [chunk_20_pipeline_main.py] [info] VAE,Validation,binary_crossentropy,50,0.5308,0.4065,0.4891,0.4604,11696,10338,14142,17078,0.9796,0.4758,0.1779,N/A,0,0.0,0.0,section4,20,0.0000,dropout=0.0,learning_rate=0.001,latent_dim=32,0.0000,0.0000,0.0000,-0.0160,0.5287,0.5777,0.4921,0.5
[LN1094   ] [chunk_20_pipeline_main.py] [info] VAE,Inference,binary_crossentropy,N/A,0.6430,0.4385,0.4954,0.5214,1679,932,1162,2150,0.9515,0.4827,0.1509,44.08,N/A,N/A,0.0,N/A,N/A,N/A,N/A,0.5549,0.4451,0.4683,-0.0063,0.6397,0.4967,0.50
[LN1095   ] [chunk_20_pipeline_main.py] [info] Dense,Train,binary_crossentropy,40,0.1500,0.0087,0.8811,0.0165,6,34,118587,683,0.9948,0.0248,0.0359,N/A,0,0.0,20.0,section3,20,0.0000,units=1024,layers=2,dropout=0.1,learning_rate=0.001,0.0000,0.0000,0.0000,0.0349,0.0541,0.9997,0.5042,0.5
[LN1096   ] [chunk_20_pipeline_main.py] [info] Dense,Validation,binary_crossentropy,40,0.2333,0.0208,0.8802,0.0383,7,23,52895,329,0.9948,0.0192,0.0364,N/A,0,0.0,20.0,section3,20,0.0000,units=1024,layers=2,dropout=0.1,learning_rate=0.001,0.0000,0.0000,0.0000,0.0681,0.0568,0.9996,0.5102,0.5
[LN1097   ] [chunk_20_pipeline_main.py] [info] Dense,Inference,N/A,N/A,N/A,N/A,N/A,N/A,N/A,N/A,N/A,N/A,N/A,N/A,N/A,N/A,N/A,N/A,N/A,N/A,N/A,N/A,N/A,N/A,N/A,N/A,N/A,N/A,N/A,N/A,N/A,N/A,N/A,N/A
[LN1098   ] [chunk_20_pipeline_main.py] [info] CNN,Train,binary_crossentropy,30,0.0593,0.7995,0.8322,0.1104,2042,32407,84349,512,0.9999,0.3180,0.2328,N/A,0,0.0,10.0,section4,20,0.0000,filters=512,layers=3,dropout=0.0,learning_rate=0.0005,0.0000,0.0000,0.0000,0.1667,0.0869,0.7224,0.7610,0.5
[LN1099   ] [chunk_20_pipeline_main.py] [info] CNN,Validation,binary_crossentropy,30,0.0498,0.9089,0.8413,0.0945,1088,20752,31305,109,0.9999,0.4093,0.2353,N/A,0,0.0,10.0,section4,20,0.0000,filters=512,layers=3,dropout=0.0,learning_rate=0.0005,0.0000,0.0000,0.0000,0.1538,0.1056,0.6014,0.7551,0.5
[LN1100   ] [chunk_20_pipeline_main.py] [info] CNN,Inference,N/A,N/A,N/A,N/A,N/A,N/A,N/A,N/A,N/A,N/A,N/A,N/A,N/A,N/A,N/A,N/A,N/A,N/A,N/A,N/A,N/A,N/A,N/A,N/A,N/A,N/A,N/A,N/A,N/A,N/A,N/A,N/A
[LN1101   ] [chunk_20_pipeline_main.py] [info] RNN,Train,binary_crossentropy,50,0.0650,0.7420,0.8339,0.1195,1895,27261,89495,659,0.9124,0.2846,0.2773,N/A,0,0.0,10.0,section4,20,0.0000,units=256,layers=1,dropout=0.1,learning_rate=0.0005,0.0000,0.0000,0.0000,0.1713,0.0889,0.7665,0.7542,0.5
[LN1102   ] [chunk_20_pipeline_main.py] [info] RNN,Validation,binary_crossentropy,50,0.0683,0.7970,0.8477,0.1258,954,13018,39039,243,0.9124,0.2741,0.3027,N/A,0,0.0,10.0,section4,20,0.0000,units=256,layers=1,dropout=0.1,learning_rate=0.0005,0.0000,0.0000,0.0000,0.1843,0.1025,0.7499,0.7735,0.5
[LN1103   ] [chunk_20_pipeline_main.py] [info] RNN,Inference,N/A,N/A,N/A,N/A,N/A,N/A,N/A,N/A,N/A,N/A,N/A,N/A,N/A,N/A,N/A,N/A,N/A,N/A,N/A,N/A,N/A,N/A,N/A,N/A,N/A,N/A,N/A,N/A,N/A,N/A,N/A,N/A
[LN1104   ] [chunk_20_pipeline_main.py] [info] LSTM,Train,binary_crossentropy,30,0.0578,0.8438,0.8333,0.1082,2155,35119,81637,399,0.9368,0.3015,0.2770,N/A,0,0.0,10.0,section4,20,0.0000,lstm_units=32,layers=1,dropout=0.0,learning_rate=0.002,0.0000,0.0000,0.0000,0.1696,0.0853,0.6992,0.7715,0.5
[LN1105   ] [chunk_20_pipeline_main.py] [info] LSTM,Validation,binary_crossentropy,30,0.0550,0.8513,0.8143,0.1032,1019,17523,34534,178,0.9368,0.3237,0.2909,N/A,0,0.0,10.0,section4,20,0.0000,lstm_units=32,layers=1,dropout=0.0,learning_rate=0.002,0.0000,0.0000,0.0000,0.1601,0.0824,0.6634,0.7573,0.5
[LN1106   ] [chunk_20_pipeline_main.py] [info] LSTM,Inference,N/A,N/A,N/A,N/A,N/A,N/A,N/A,N/A,N/A,N/A,N/A,N/A,N/A,N/A,N/A,N/A,N/A,N/A,N/A,N/A,N/A,N/A,N/A,N/A,N/A,N/A,N/A,N/A,N/A,N/A,N/A,N/A
[LN1107   ] [chunk_20_pipeline_main.py] [info] Transformer,Train,binary_crossentropy,3,0.5463,0.5927,0.5732,0.5686,35398,29397,30192,24323,0.7837,0.5022,0.0756,N/A,0,0.0,0.0,section3,20,0.0000,layers=1,dim=64,heads=2,dropout=0.0,learning_rate=5e-05,0.0000,0.0000,0.0000,0.0998,0.5629,0.5067,0.5497,0.5
[LN1108   ] [chunk_20_pipeline_main.py] [info] Transformer,Validation,binary_crossentropy,3,0.5226,0.5644,0.4748,0.5427,16241,14839,9641,12533,0.7837,0.5154,0.0730,N/A,0,0.0,0.0,section3,20,0.0000,layers=1,dim=64,heads=2,dropout=0.0,learning_rate=5e-05,0.0000,0.0000,0.0000,-0.0422,0.5278,0.3938,0.4791,0.5
[LN1109   ] [chunk_20_pipeline_main.py] [info] Transformer,Inference,N/A,N/A,N/A,N/A,N/A,N/A,N/A,N/A,N/A,N/A,N/A,N/A,N/A,N/A,N/A,N/A,N/A,N/A,N/A,N/A,N/A,N/A,N/A,N/A,N/A,N/A,N/A,N/A,N/A,N/A,N/A,N/A
[LN1110   ] [chunk_20_pipeline_main.py] [info] [info] CSV saved to metrics_summary.csv
[LN1111   ] [chunk_20_pipeline_main.py] [info] [recommended actions]
[LN1112   ] [chunk_20_pipeline_main.py] [info] ------------------------------------------------------------
[LN1113   ] [chunk_20_pipeline_main.py] [info] 2. For LightGBM, Transformer, CatBoost, Dense, XGBoost, RNN, LSTM, CNN: Tune alpha/gamma in FocalLoss or lower prediction threshold
[LN1114   ] [chunk_20_pipeline_main.py] [info] 3. Use VAE as primary (P=0.5308)
[LN1115   ] [chunk_20_pipeline_main.py] [info] [parameter tuning priority]
[LN1116   ] [chunk_20_pipeline_main.py] [info] ------------------------------------------------------------
[LN1117   ] [chunk_20_pipeline_main.py] [info] Priority 1: Loss Function (BCE vs FocalLoss) - highest impact
[LN1118   ] [chunk_20_pipeline_main.py] [info] Priority 2: FocalLoss Gamma - controls selectivity
[LN1119   ] [chunk_20_pipeline_main.py] [info] Priority 3: Learning Rate - convergence quality
[LN1120   ] [chunk_20_pipeline_main.py] [info] Priority 4: Dropout - capacity vs regularization
[LN1121   ] [chunk_20_pipeline_main.py] [info] [auto-apply] Analyzing config changes...
[LN1122   ] [chunk_20_pipeline_main.py] [info] [backup] Config saved to config_backup_20260605_180531.json
[LN1123   ] [chunk_20_pipeline_main.py] [info] [skip] VAE: P=0.5308 >= 0.53 (working)
[LN1124   ] [chunk_20_pipeline_main.py] [info] [auto] LightGBM: Expanded alpha range to [0.5, 0.75]
[LN1125   ] [chunk_20_pipeline_main.py] [info] [auto] Transformer: Expanded alpha range to [0.25, 0.5, 0.75, 1.0, 1.25, 1.5]
[LN1126   ] [chunk_20_pipeline_main.py] [info] [auto] Transformer: Expanded gamma range to [1.0, 1.5, 2.0, 2.5, 3.0]
[LN1127   ] [chunk_20_pipeline_main.py] [info] [auto] CatBoost: Expanded alpha range to [0.5, 0.75]
[LN1128   ] [chunk_20_pipeline_main.py] [info] [auto] Dense: Expanded gamma range to [1.5, 2.0, 2.5, 3.0, 4.0]
[LN1129   ] [chunk_20_pipeline_main.py] [info] [auto] XGBoost: Expanded alpha range to [0.5, 0.75]
[LN1130   ] [chunk_20_pipeline_main.py] [info] [auto] RNN: Expanded alpha range to [0.25, 0.5, 0.75, 1.0, 1.25, 1.5]
[LN1131   ] [chunk_20_pipeline_main.py] [info] [auto] RNN: Expanded gamma range to [1.5, 2.0, 2.5, 3.0, 3.5]
[LN1132   ] [chunk_20_pipeline_main.py] [info] [auto] LSTM: Expanded alpha range to [0.25, 0.5, 0.75, 1.0, 1.25]
[LN1133   ] [chunk_20_pipeline_main.py] [info] [auto] LSTM: Expanded gamma range to [1.5, 2.0, 2.5, 3.0]
[LN1134   ] [chunk_20_pipeline_main.py] [info] [auto] CNN: Expanded alpha range to [0.25, 0.5, 0.75, 1.0, 1.25]
[LN1135   ] [chunk_20_pipeline_main.py] [info] [auto] CNN: Expanded gamma range to [1.5, 2.0, 2.5, 3.0]
[LN1136   ] [chunk_20_pipeline_main.py] [info] [success] Applied 12 config changes:
[LN1137   ] [chunk_20_pipeline_main.py] [info]    - LightGBM: Expanded alpha to [0.5, 0.75]
[LN1138   ] [chunk_20_pipeline_main.py] [info]    - Transformer: Expanded alpha to [0.25, 0.5, 0.75, 1.0, 1.25, 1.5]
[LN1139   ] [chunk_20_pipeline_main.py] [info]    - Transformer: Expanded gamma to [1.0, 1.5, 2.0, 2.5, 3.0]
[LN1140   ] [chunk_20_pipeline_main.py] [info]    - CatBoost: Expanded alpha to [0.5, 0.75]
[LN1141   ] [chunk_20_pipeline_main.py] [info]    - Dense: Expanded gamma to [1.5, 2.0, 2.5, 3.0, 4.0]
[LN1142   ] [chunk_20_pipeline_main.py] [info]    - XGBoost: Expanded alpha to [0.5, 0.75]
[LN1143   ] [chunk_20_pipeline_main.py] [info]    - RNN: Expanded alpha to [0.25, 0.5, 0.75, 1.0, 1.25, 1.5]
[LN1144   ] [chunk_20_pipeline_main.py] [info]    - RNN: Expanded gamma to [1.5, 2.0, 2.5, 3.0, 3.5]
[LN1145   ] [chunk_20_pipeline_main.py] [info]    - LSTM: Expanded alpha to [0.25, 0.5, 0.75, 1.0, 1.25]
[LN1146   ] [chunk_20_pipeline_main.py] [info]    - LSTM: Expanded gamma to [1.5, 2.0, 2.5, 3.0]
[LN1147   ] [chunk_20_pipeline_main.py] [info]    - CNN: Expanded alpha to [0.25, 0.5, 0.75, 1.0, 1.25]
[LN1148   ] [chunk_20_pipeline_main.py] [info]    - CNN: Expanded gamma to [1.5, 2.0, 2.5, 3.0]
[LN1149   ] [chunk_20_pipeline_main.py] [info] [note] Please manually update chunk_01_config.py with:
[LN1150   ] [chunk_20_pipeline_main.py] [info]    HPO space has been adjusted based on results
[LN1151   ] [chunk_20_pipeline_main.py] [info]    Review the changes above and re-run pipeline
[LN1152   ] [chunk_20_pipeline_main.py] [info] [ADDITIONAL AUTO-TUNE RULES] (printed only)
[LN1153   ] [chunk_20_pipeline_main.py] [info] ------------------------------------------------------------
[LN1154   ] [chunk_20_pipeline_main.py] [info] [rule4] Flag VAE for feature engineering review (AUC=0.4891 barely above random 0.50)
[LN1155   ] [chunk_20_pipeline_main.py] [info] [rule1] Increase patience for LightGBM (only 3 epochs)
[LN1156   ] [chunk_20_pipeline_main.py] [info] [rule2] Expand dropout range for LightGBM (train_P=0.7895 >> val_p=0.5252, gap=0.2643)
[LN1157   ] [chunk_20_pipeline_main.py] [info] [rule4] Flag LightGBM for feature engineering review (AUC=0.4818 barely above random 0.50)
[LN1158   ] [chunk_20_pipeline_main.py] [info] [rule1] Increase patience for Transformer (only 3 epochs)
[LN1159   ] [chunk_20_pipeline_main.py] [info] [rule4] Flag Transformer for feature engineering review (AUC=0.4748 barely above random 0.50)
[LN1160   ] [chunk_20_pipeline_main.py] [info] [rule1] Increase patience for CatBoost (only 3 epochs)
[LN1161   ] [chunk_20_pipeline_main.py] [info] [rule4] Flag CatBoost for feature engineering review (AUC=0.4809 barely above random 0.50)
[LN1162   ] [chunk_20_pipeline_main.py] [info] [rule3] Expand label_threshold search for Dense (recall=0.0208 too low, need >=0.05)
[LN1163   ] [chunk_20_pipeline_main.py] [info] [rule5] Increase predictions for Dense (only 30 positive predictions)
[LN1164   ] [chunk_20_pipeline_main.py] [info] [rule1] Increase patience for XGBoost (only 3 epochs)
[LN1165   ] [chunk_20_pipeline_main.py] [info] [rule2] Expand dropout range for XGBoost (train_P=0.3110 >> val_p=0.0785, gap=0.2325)
[LN1166   ] [chunk_20_pipeline_main.py] [info] END OF METRICS REVIEW
[LN1167   ] [pipeline] [info] Pipeline execution validated successfully
Stock Analysis Pipeline completed successfully!
