[LN1      ] [pipeline] [info] Running in CPU mode
[LN2      ] [chunk_20_pipeline_main.py] [info] [running] Starting Stock Analysis Pipeline
[LN3      ] [chunk_20_pipeline_main.py] [info]    Data path: for_train_x_2025_10_24_clean.csv
[LN4      ] [chunk_20_pipeline_main.py] [info]    Dataset shape: 6,727,216 rows x 23 columns (937.4 MB)
[LN5      ] [chunk_20_pipeline_main.py] [info] date,Market_Cap,52W_Low,Prev_Close,Price,Volume,52W_High,Perf_YTD,Perf_Year,SMA200,Perf_Half_Y,Avg_Volume,Perf_Quarter,SMA50,Perf_Month,SMA20,ATR,RSI_14,Perf_Week,Rel_Volume,Change,ChangeY,Ticker_id
[LN6      ] [chunk_20_pipeline_main.py] [info] 20251023,4426490000000.0,86.62,180.28,182.16,110565391.0,195.62,35.65,26.76,24.47,71.15,173300000.0,4.99,1.48,2.93,-1.14,5.41,50.43,0.19,0.64,1.04,2.25,3830
[LN7      ] [chunk_20_pipeline_main.py] [info] 20251022,4380800000000.0,86.62,181.16,180.28,161368647.0,195.62,34.25,30.64,23.33,75.52,173780000.0,3.76,0.44,1.04,-2.04,5.58,47.71,0.25,0.93,-0.49,1.04,3830
[LN8      ] [chunk_20_pipeline_main.py] [info] 20220302,595250000000.0,109.4,234.77,242.2,38866671.0,-30.09,-17.65,89.15,4.22,8.2,52980000.0,-25.88,-6.9,-1.09,-1.43,15.31,47.85,8.19,0.73,3.16,-2.09,3830
[LN9      ] [chunk_20_pipeline_main.py] [info] 20220301,576990000000.0,102.97,243.85,234.77,41123365.0,-32.24,-20.18,75.12,1.22,3.48,53130000.0,-29.66,-10.09,2.79,-4.65,15.71,44.33,0.37,0.77,-3.72,3.16,3830
[LN10     ] [chunk_20_pipeline_main.py] [info]    Sampling: size=184408, enabled=True, forced=True
[LN11     ] [chunk_20_pipeline_main.py] [info]    hyperparameter_optimization: trials=5, continue_until_target=False, epochs_per_trial=5, stagnation_threshold=50
[LN12     ] [chunk_20_pipeline_main.py] [info]    Label_Thresholds: 20.0 to 0.0 (5 thresholds)
[LN13     ] [chunk_20_pipeline_main.py] [info] --- Configuration Summary ---
[LN14     ] [chunk_20_pipeline_main.py] [info]   [config] Preprocessing: winsor_features=True, winsor_low=3 (global), log1p=True, skewed_cols=[0, 1, 2, 3, 4, 5, 7, 8, 9, 10, 11, 12, 13, 14, 15, 16, 18, 19, 20], log1p_target=False
[LN15     ] [chunk_20_pipeline_main.py] [info]   [config] Per-arch winsor: CNN low=3 high=95, CatBoost low=1 high=99, Dense low=3 high=92, LSTM low=3 high=92, LightGBM low=1 high=99, RNN low=3 high=97, Transformer low=3 high=95, VAE low=3 high=97, XGBoost low=3 high=97
[LN16     ] [chunk_20_pipeline_main.py] [info]   [config] Top dates held out: 2
[LN17     ] [chunk_20_pipeline_main.py] [info]   [config] Gates: min_pos_ratio=0.0005, max_pos_ratio=0.65
[LN18     ] [chunk_20_pipeline_main.py] [info]   [config] Safeguards: NN={'MIN_POSITIVE_PERCENTAGE': 0, 'MIN_POSITIVE_ABSOLUTE': 5, 'PATIENCE': 10, 'MIN_PRECISION_OVER_BASELINE': 0.01}, trees={'MIN_PRECISION_OVER_BASELINE': 0.01, 'MIN_POSITIVE_PERCENTAGE': 0.001, 'MIN_POSITIVE_ABSOLUTE': 10, 'MAX_POS_PRED_RATIO': 1.0}
[LN19     ] [chunk_20_pipeline_main.py] [info]   [config] Training: hpo_epochs=5, retrain_epochs={'Dense': 15, 'VAE': 15, 'CNN': 15, 'RNN': 15, 'LSTM': 15, 'Transformer': 15}, final_epochs={'Dense': 15, 'VAE': 30, 'CNN': 20, 'RNN': 20, 'LSTM': 20, 'Transformer': 20}, tree_early_stopping=10
[LN20     ] [chunk_20_pipeline_main.py] [info]   [config] Archs: NN=['CNN', 'RNN', 'LSTM', 'Dense', 'VAE', 'Transformer'], trees=['CatBoost', 'LightGBM', 'XGBoost']
[LN21     ] [chunk_20_pipeline_main.py] [info]   [config] Ensemble: min_precision=0.5, weighting=uniform, fallback=VAE
[LN22     ] [chunk_20_pipeline_main.py] [info]   [config] Feature analysis: enabled=True
[LN23     ] [chunk_20_pipeline_main.py] [info]   [config] Temporal: multiplier=3.0
   [feature] Log-transformed 19 skewed features: columns [0, 1, 2, 3, 4, 5, 7, 8, 9, 10, 11, 12, 13, 14, 15, 16, 18, 19, 20]
   [feature] Added 5 ratio features
   [feature] Log-transformed 5 ratio features
   [feature] Added 4 polynomial interaction features
   [feature] Added 4 binned RSI zone features
   [feature] Total features: 21 -> 34
[LN24     ] [chunk_16_phase_1_setup.py] [info] Data loaded: 184408 samples, 34 features
[LN25     ] [chunk_16_phase_1_setup.py] [info] Per-arch winsorization active — global winsorization skipped in Phase 1
[LN26     ] [chunk_02_utils_logging.py] [info] [date] Temporal Coverage:  Date range: 20250910 to 20251023  Unique dates: 32  Total samples: 184408
[LN27     ] [chunk_16_phase_1_setup.py] [info] Target Distribution (ChangeY):
[LN28     ] [chunk_16_phase_1_setup.py] [info]    Min: -99.75 | Max: 32500.00 | Mean: 0.05
[LN29     ] [chunk_16_phase_1_setup.py] [info]    Median: 0.00 | Std: 15.36
[LN30     ] [chunk_16_phase_1_setup.py] [warning] sanity check: Extreme target values detected (max=32500.00)
[LN31     ] [chunk_16_phase_1_setup.py] [info] [class] Class Distribution (LABEL_THRESHOLD=20.0):
[LN32     ] [chunk_16_phase_1_setup.py] [info]   Total samples: 6,727,216
[LN33     ] [chunk_16_phase_1_setup.py] [info]   Signal cases: 25,902 (0.4%)
[LN34     ] [chunk_16_phase_1_setup.py] [info]   Normal cases: 6,701,314 (99.6%)
[LN35     ] [chunk_16_phase_1_setup.py] [info]   Imbalance ratio: 258.7:1
[LN36     ] [chunk_16_phase_1_setup.py] [info] [class] Class Distribution (LABEL_THRESHOLD=15.0):
[LN37     ] [chunk_16_phase_1_setup.py] [info]   Total samples: 6,727,216
[LN38     ] [chunk_16_phase_1_setup.py] [info]   Signal cases: 47,169 (0.7%)
[LN39     ] [chunk_16_phase_1_setup.py] [info]   Normal cases: 6,680,047 (99.3%)
[LN40     ] [chunk_16_phase_1_setup.py] [info]   Imbalance ratio: 141.6:1
[LN41     ] [chunk_16_phase_1_setup.py] [info] [class] Class Distribution (LABEL_THRESHOLD=10.0):
[LN42     ] [chunk_16_phase_1_setup.py] [info]   Total samples: 6,727,216
[LN43     ] [chunk_16_phase_1_setup.py] [info]   Signal cases: 106,942 (1.6%)
[LN44     ] [chunk_16_phase_1_setup.py] [info]   Normal cases: 6,620,274 (98.4%)
[LN45     ] [chunk_16_phase_1_setup.py] [info]   Imbalance ratio: 61.9:1
[LN46     ] [chunk_16_phase_1_setup.py] [info] [class] Class Distribution (LABEL_THRESHOLD= 5.0):
[LN47     ] [chunk_16_phase_1_setup.py] [info]   Total samples: 6,727,216
[LN48     ] [chunk_16_phase_1_setup.py] [info]   Signal cases: 363,801 (5.4%)
[LN49     ] [chunk_16_phase_1_setup.py] [info]   Normal cases: 6,363,415 (94.6%)
[LN50     ] [chunk_16_phase_1_setup.py] [info]   Imbalance ratio: 17.5:1
[LN51     ] [chunk_16_phase_1_setup.py] [info] [class] Class Distribution (LABEL_THRESHOLD= 0.0):
[LN52     ] [chunk_16_phase_1_setup.py] [info]   Total samples: 6,727,216
[LN53     ] [chunk_16_phase_1_setup.py] [info]   Signal cases: 3,465,261 (51.5%)
[LN54     ] [chunk_16_phase_1_setup.py] [info]   Normal cases: 3,261,955 (48.5%)
[LN55     ] [chunk_16_phase_1_setup.py] [info]   Imbalance ratio: 1.1:1
[LN56     ] [chunk_16_phase_1_setup.py] [info] [class] Class Distribution (LABEL_THRESHOLD=20.0):
[LN57     ] [chunk_16_phase_1_setup.py] [info]   Total samples: 184,408
[LN58     ] [chunk_16_phase_1_setup.py] [info]   Signal cases: 1,078 (0.6%)
[LN59     ] [chunk_16_phase_1_setup.py] [info]   Normal cases: 183,330 (99.4%)
[LN60     ] [chunk_16_phase_1_setup.py] [info]   Imbalance ratio: 170.1:1
[LN61     ] [chunk_16_phase_1_setup.py] [info] [class] Class Distribution (LABEL_THRESHOLD=15.0):
[LN62     ] [chunk_16_phase_1_setup.py] [info]   Total samples: 184,408
[LN63     ] [chunk_16_phase_1_setup.py] [info]   Signal cases: 1,896 (1.0%)
[LN64     ] [chunk_16_phase_1_setup.py] [info]   Normal cases: 182,512 (99.0%)
[LN65     ] [chunk_16_phase_1_setup.py] [info]   Imbalance ratio: 96.3:1
[LN66     ] [chunk_16_phase_1_setup.py] [info] [class] Class Distribution (LABEL_THRESHOLD=10.0):
[LN67     ] [chunk_16_phase_1_setup.py] [info]   Total samples: 184,408
[LN68     ] [chunk_16_phase_1_setup.py] [info]   Signal cases: 4,028 (2.2%)
[LN69     ] [chunk_16_phase_1_setup.py] [info]   Normal cases: 180,380 (97.8%)
[LN70     ] [chunk_16_phase_1_setup.py] [info]   Imbalance ratio: 44.8:1
[LN71     ] [chunk_16_phase_1_setup.py] [info] [class] Class Distribution (LABEL_THRESHOLD= 5.0):
[LN72     ] [chunk_16_phase_1_setup.py] [info]   Total samples: 184,408
[LN73     ] [chunk_16_phase_1_setup.py] [info]   Signal cases: 12,487 (6.8%)
[LN74     ] [chunk_16_phase_1_setup.py] [info]   Normal cases: 171,921 (93.2%)
[LN75     ] [chunk_16_phase_1_setup.py] [info]   Imbalance ratio: 13.8:1
[LN76     ] [chunk_16_phase_1_setup.py] [info] [class] Class Distribution (LABEL_THRESHOLD= 0.0):
[LN77     ] [chunk_16_phase_1_setup.py] [info]   Total samples: 184,408
[LN78     ] [chunk_16_phase_1_setup.py] [info]   Signal cases: 96,187 (52.2%)
[LN79     ] [chunk_16_phase_1_setup.py] [info]   Normal cases: 88,221 (47.8%)
[LN80     ] [chunk_16_phase_1_setup.py] [info]   Imbalance ratio: 1.1:1
[stat] Feature Quality Analysis:
  feature_0: μ=20.155, σ=3.260, skew=-2.282, kurt=13.057, missing=0.0%
  feature_1: μ=2.407, σ=1.424, skew=0.539, kurt=0.238, missing=0.0%
  feature_2: μ=2.780, σ=1.421, skew=0.474, kurt=0.244, missing=0.0%
  feature_3: μ=2.781, σ=1.421, skew=0.474, kurt=0.245, missing=0.0%
  feature_4: μ=12.567, σ=2.518, skew=-1.380, kurt=5.004, missing=0.0%
  feature_5: μ=3.241, σ=1.354, skew=1.276, kurt=11.927, missing=0.0%
  feature_6: μ=2978.626, σ=1718.375, skew=0.001, kurt=-1.200, missing=0.0%
  feature_7: μ=0.094, σ=3.266, skew=0.060, kurt=-1.515, missing=0.0%
  feature_8: μ=0.078, σ=3.301, skew=0.144, kurt=-1.428, missing=0.0%
  feature_9: μ=0.392, σ=2.828, skew=-0.179, kurt=-1.398, missing=0.0%
  feature_10: μ=1.171, σ=3.023, skew=-0.424, kurt=-1.175, missing=0.0%
  feature_11: μ=13.012, σ=1.993, skew=-0.915, kurt=4.562, missing=0.0%
  feature_12: μ=0.583, σ=2.773, skew=-0.172, kurt=-1.323, missing=0.0%
  feature_13: μ=0.263, σ=2.182, skew=-0.058, kurt=-1.147, missing=0.0%
  feature_14: μ=0.232, σ=2.280, skew=0.065, kurt=-1.152, missing=0.0%
  feature_15: μ=0.029, σ=1.786, skew=0.144, kurt=-0.866, missing=0.0%
  feature_16: μ=0.615, σ=0.634, skew=2.374, kurt=12.658, missing=0.0%
  feature_17: μ=50.725, σ=13.072, skew=-0.220, kurt=1.226, missing=0.0%
  feature_18: μ=-0.004, σ=1.695, skew=0.170, kurt=-0.716, missing=0.0%
  feature_19: μ=0.624, σ=0.417, skew=3.778, kurt=35.280, missing=0.0%
  feature_20: μ=0.025, σ=1.200, skew=0.104, kurt=-0.172, missing=0.0%
  feature_21: μ=0.608, σ=0.413, skew=40.793, kurt=1849.249, missing=0.0%
  feature_22: μ=0.679, σ=0.429, skew=45.730, kurt=2170.104, missing=0.0%
  feature_23: μ=0.821, σ=0.431, skew=35.001, kurt=1485.574, missing=0.0%
  feature_24: μ=0.695, σ=0.267, skew=68.446, kurt=4784.448, missing=0.0%
  feature_25: μ=0.310, σ=0.677, skew=-1.574, kurt=140.105, missing=0.0%
  feature_26: μ=-0.075, σ=4.146, skew=0.077, kurt=0.246, missing=0.0%
  feature_27: μ=0.435, σ=16.160, skew=0.240, kurt=1.066, missing=0.0%
  feature_28: μ=0.022, σ=1.001, skew=6.433, kurt=644.576, missing=0.0%
  feature_29: μ=1.669, σ=0.987, skew=0.539, kurt=0.238, missing=0.0%
  feature_30: μ=0.044, σ=0.204, skew=4.465, kurt=17.939, missing=0.0%
  feature_31: μ=0.444, σ=0.497, skew=0.227, kurt=-1.948, missing=0.0%
  feature_32: μ=0.442, σ=0.497, skew=0.235, kurt=-1.945, missing=0.0%
  feature_33: μ=0.071, σ=0.257, skew=3.335, kurt=9.123, missing=0.0%
  ... and 9 more features
[LN81     ] [chunk_16_phase_1_setup.py] [info] Data concentration: 184408 samples retained
[LN82     ] [chunk_16_phase_1_setup.py] [info] Data preprocessing complete: 34 features
[LN83     ] [chunk_16_phase_1_setup.py] [info]   Feature names (34): ['Market_Cap', '52W_Low', 'Prev_Close', 'Price', 'Volume', '52W_High', 'Ticker_id', 'Perf_YTD', 'Perf_Year', 'SMA200', 'Perf_Half_Y', 'Avg_Volume', 'Perf_Quarter', 'SMA50', 'Perf_Month', 'SMA20', 'ATR', 'RSI_14', 'Perf_Week', 'Rel_Volume', 'Change', 'Price_to_52W_High', 'Volume_to_Avg_Volume', 'Price_to_52W_Low', 'Price_to_Prev_Close', 'SMA50_to_SMA200', '52W_Low_x_SMA20', 'Change_x_Volume', 'Price_to_52W_High_x_Perf_Week', '52W_Low_x_Price_to_Prev_Close', 'RSI_oversold', 'RSI_neutral_low', 'RSI_neutral_high', 'RSI_overbought']
[LN84     ] [chunk_16_phase_1_setup.py] [info] [data split] Summary:
[LN85     ] [chunk_16_phase_1_setup.py] [info]   Total: 184,408 samples, 32 dates
[LN86     ] [chunk_16_phase_1_setup.py] [info]   train: 119,310 samples (64.7%), dates < 20251009
[LN87     ] [chunk_16_phase_1_setup.py] [info]   validation: 53,254 samples (28.9%), dates >= 20251009
[LN88     ] [chunk_16_phase_1_setup.py] [info]   Inference: 11,844 samples (6.4%), date(s) = [20251022 20251023]
[LN89     ] [chunk_17_phase_3_temporal.py] [info] Processing 184408 samples with temporal weighting
[LN90     ] [chunk_17_phase_3_temporal.py] [info] Extracted 9 temporal features
[LN91     ] [chunk_17_phase_3_temporal.py] [info] Temporal weights: min=1.000, max=4.000, mean=2.605
[LN92     ] [chunk_XX_phase_feature_analysis_a.py] [info] Phase Xa: Raw Feature Importance Analysis - Starting with methods: ['correlation', 'tree', 'permutation', 'neural', 'shap', 'ablation'] (6/6 active)
[LN93     ] [chunk_XX_phase_feature_analysis_a.py] [info] Subsampling 184408 -> 100000 for feature analysis
[LN94     ] [chunk_XX_phase_feature_analysis_a.py] [info] Analyzing 34 raw features on 100000 samples
[LN95     ] [chunk_XX_feature_importance.py] [info] Starting feature importance analysis
[LN96     ] [chunk_XX_feature_importance.py] [info] Features: 34, Samples: 100000, Active methods: ['correlation', 'tree', 'permutation', 'neural', 'shap', 'ablation']
[LN97     ] [chunk_XX_feature_importance.py] [info]   method=1 method_total=6 method_name=Statistical_Correlation label_threshold=20.0 signal_rate=0.006010 kept=34 kept_total=34 duration=3.2 Change=0.039074 Price_to_Prev_Close=0.038024 Change_x_Volume=0.036156 SMA20=0.029267 Perf_Half_Y=0.027114 Price_to_52W_High_x_Perf_Week=0.026894 Perf_Week=0.025437 52W_Low_x_SMA20=0.025376 RSI_neutral_low=0.025037 RSI_14=0.024981 Market_Cap=0.022944 Perf_YTD=0.022325 SMA50=0.021883 Perf_Month=0.020135 RSI_neutral_high=0.018583 Perf_Year=0.017532 SMA200=0.015797 Volume=0.014794 Price_to_52W_High=0.014087 Avg_Volume=0.012839 RSI_overbought=0.012297 Prev_Close=0.011708 Volume_to_Avg_Volume=0.011089 Price=0.010687 Rel_Volume=0.010538 SMA50_to_SMA200=0.008445 52W_Low=0.008245 52W_Low_x_Price_to_Prev_Close=0.007576 Perf_Quarter=0.006703 52W_High=0.004509 ATR=0.004374 Ticker_id=0.002931 Price_to_52W_Low=0.002889 RSI_oversold=0.000250
[LN98     ] [chunk_XX_feature_importance.py] [info]   method=2 method_total=6 method_name=Tree_Based_Importance label_threshold=20.0 signal_rate=0.006010 kept=34 kept_total=34 duration=139.1 Change=0.076560 Change_x_Volume=0.063950 Price_to_Prev_Close=0.057888 Perf_Week=0.048782 Rel_Volume=0.048109 Price_to_52W_High=0.046996 SMA20=0.043903 Volume_to_Avg_Volume=0.043288 52W_Low_x_Price_to_Prev_Close=0.042941 Perf_Month=0.038863 Price_to_52W_Low=0.037200 Volume=0.037133 52W_Low=0.032433 Ticker_id=0.029731 SMA50=0.028694 Market_Cap=0.027704 Perf_Half_Y=0.027664 SMA50_to_SMA200=0.025930 Price_to_52W_High_x_Perf_Week=0.025738 Perf_YTD=0.023798 Perf_Year=0.023307 SMA200=0.022663 Perf_Quarter=0.021736 Prev_Close=0.020394 Price=0.020010 ATR=0.019186 RSI_14=0.017840 Avg_Volume=0.016167 52W_Low_x_SMA20=0.015874 52W_High=0.012040 RSI_neutral_high=0.001638 RSI_neutral_low=0.000648 RSI_overbought=0.000616 RSI_oversold=0.000576
[LN99     ] [chunk_XX_feature_importance.py] [info]   method=3 method_total=6 method_name=Permutation_Importance label_threshold=20.0 signal_rate=0.006010 kept=34 kept_total=34 baseline_auc=0.5053 duration=83.2 Change_x_Volume=0.004317 Market_Cap=0.002193 Perf_Month=0.001428 52W_Low=0.001189 52W_Low_x_Price_to_Prev_Close=0.000962 SMA50=0.000630 52W_Low_x_SMA20=0.000525 RSI_14=0.000454 Perf_Week=0.000434 SMA20=0.000347 52W_High=0.000335 Prev_Close=0.000213 Rel_Volume=0.000201 Price_to_52W_High_x_Perf_Week=0.000146 Avg_Volume=0.000098 SMA200=0.000097 Price=0.000080 Volume=0.000078 Perf_Year=0.000072 SMA50_to_SMA200=0.000025 RSI_overbought=0.000002 Perf_Quarter=0.000000 Ticker_id=0.000000 Perf_Half_Y=0.000000 Price_to_52W_Low=0.000000 Volume_to_Avg_Volume=0.000000 Price_to_52W_High=0.000000 Change=0.000000 ATR=0.000000 Price_to_Prev_Close=0.000000 RSI_oversold=0.000000 Perf_YTD=0.000000 RSI_neutral_low=0.000000 RSI_neutral_high=0.000000
[LN100    ] [chunk_XX_feature_importance.py] [info]   method=4 method_total=6 method_name=Neural_Weight_Analysis label_threshold=20.0 signal_rate=0.006010 kept=34 kept_total=34 duration=4.7 Price_to_52W_High_x_Perf_Week=0.153254 Perf_Week=0.145015 RSI_neutral_high=0.143999 SMA50=0.143420 52W_Low_x_Price_to_Prev_Close=0.140585 Market_Cap=0.137502 RSI_overbought=0.136290 SMA200=0.133757 SMA20=0.132728 RSI_oversold=0.131814 52W_High=0.131423 Price=0.130061 Volume=0.128804 Perf_Year=0.128683 Perf_Quarter=0.127509 Change_x_Volume=0.127006 ATR=0.126763 Perf_YTD=0.126698 52W_Low_x_SMA20=0.124660 RSI_neutral_low=0.123909 Price_to_Prev_Close=0.121737 Volume_to_Avg_Volume=0.120582 Change=0.120135 SMA50_to_SMA200=0.117582 Perf_Half_Y=0.117088 Avg_Volume=0.117077 RSI_14=0.113986 52W_Low=0.112370 Rel_Volume=0.111821 Price_to_52W_High=0.110816 Perf_Month=0.109862 Price_to_52W_Low=0.107678 Prev_Close=0.105267 Ticker_id=0.070334
[LN101    ] [chunk_XX_feature_importance.py] [info]   method=5 method_total=6 method_name=SHAP_Values label_threshold=20.0 signal_rate=0.006010 kept=34 kept_total=34 duration=15.9 RSI_14=0.002066 Ticker_id=0.001768 Market_Cap=0.000738 Change_x_Volume=0.000559 Perf_Week=0.000483 Perf_Month=0.000424 SMA50=0.000393 52W_Low_x_SMA20=0.000348 52W_Low=0.000327 Prev_Close=0.000324 Price_to_52W_High_x_Perf_Week=0.000253 Perf_YTD=0.000226 52W_Low_x_Price_to_Prev_Close=0.000225 Volume=0.000173 RSI_neutral_low=0.000149 SMA200=0.000127 52W_High=0.000124 Price=0.000104 Avg_Volume=0.000092 RSI_neutral_high=0.000079 Perf_Year=0.000077 Rel_Volume=0.000061 Perf_Quarter=0.000054 Change=0.000029 SMA20=0.000020 Price_to_52W_Low=0.000016 Perf_Half_Y=0.000014 SMA50_to_SMA200=0.000013 ATR=0.000009 Price_to_52W_High=0.000009 RSI_oversold=0.000005 RSI_overbought=0.000003 Volume_to_Avg_Volume=0.000001 Price_to_Prev_Close=0.000001
[LN102    ] [chunk_XX_feature_importance.py] [info]   method=6 method_total=6 method_name=Ablation_Study label_threshold=20.0 signal_rate=0.006010 kept=34 kept_total=34 duration=173.0 52W_Low=0.838049 52W_Low_x_Price_to_Prev_Close=0.837090 Prev_Close=0.773738 Price=0.769478 Market_Cap=0.766872 Price_to_52W_High=0.758667 Perf_Month=0.754882 Perf_Half_Y=0.691148 Perf_Year=0.677266 Change_x_Volume=0.674760 52W_High=0.672579 52W_Low_x_SMA20=0.660134 SMA200=0.655612 Perf_YTD=0.633892 Perf_Week=0.607339 RSI_neutral_low=0.600470 Price_to_52W_High_x_Perf_Week=0.596859 ATR=0.574151 RSI_overbought=0.544987 Change=0.538478 RSI_oversold=0.524103 Ticker_id=0.511672 SMA20=0.500094 Price_to_Prev_Close=0.463421 RSI_neutral_high=0.463091 Rel_Volume=0.455588 Volume_to_Avg_Volume=0.454126 Avg_Volume=0.407195 RSI_14=0.396961 Volume=0.395591 SMA50_to_SMA200=0.370467 SMA50=0.296716 Perf_Quarter=0.216361 Price_to_52W_Low=0.181489
[LN103    ] [chunk_XX_feature_importance.py] [info]   consolidated_ranking label_threshold=20.0 signal_rate=0.006010 kept=34 kept_total=34 rank=1 Market_Cap=10.33 rank=2 52W_Low_x_Price_to_Prev_Close=11.33 rank=3 Change_x_Volume=12.00 rank=4 52W_Low=14.67 rank=5 Perf_Week=15.33 rank=6 Perf_Month=17.00 rank=7 Price=18.33 rank=8 SMA50=18.83 rank=9 Prev_Close=19.00 rank=10 52W_High=19.83 rank=11 Price_to_52W_High_x_Perf_Week=20.17 rank=12 Volume=20.50 rank=13 52W_Low_x_SMA20=20.83 rank=14 Perf_Half_Y=21.67 rank=15 Price_to_52W_High=21.83 rank=16 SMA20=22.17 rank=17 Perf_YTD=23.50 rank=18 Change=23.83 rank=19 SMA200=24.17 rank=20 Avg_Volume=25.33 rank=21 Perf_Year=26.17 rank=22 Price_to_Prev_Close=26.50 rank=23 Rel_Volume=26.83 rank=24 RSI_14=27.50 rank=25 RSI_neutral_low=28.00 rank=26 Volume_to_Avg_Volume=29.17 rank=27 Price_to_52W_Low=29.33 rank=27 RSI_neutral_high=29.33 rank=29 RSI_overbought=29.50 rank=29 Perf_Quarter=29.50 rank=31 Ticker_id=31.33 rank=31 ATR=31.33 rank=33 SMA50_to_SMA200=34.00 rank=34 RSI_oversold=34.17
[LN104    ] [chunk_XX_feature_importance.py] [info]   consolidated_pruning label_threshold=20.0 signal_rate=0.006010 pruned=0 pruned_total=34 
[LN105    ] [chunk_XX_feature_importance.py] [info]   method=1 method_total=6 method_name=Statistical_Correlation label_threshold=15.0 signal_rate=0.010340 kept=34 kept_total=34 duration=3.6 Change=0.039074 Price_to_Prev_Close=0.038024 Change_x_Volume=0.036156 SMA20=0.029267 Perf_Half_Y=0.027114 Price_to_52W_High_x_Perf_Week=0.026894 Perf_Week=0.025437 52W_Low_x_SMA20=0.025376 RSI_neutral_low=0.025037 RSI_14=0.024981 Market_Cap=0.022944 Perf_YTD=0.022325 SMA50=0.021883 Perf_Month=0.020135 RSI_neutral_high=0.018583 Perf_Year=0.017532 SMA200=0.015797 Volume=0.014794 Price_to_52W_High=0.014087 Avg_Volume=0.012839 RSI_overbought=0.012297 Prev_Close=0.011708 Volume_to_Avg_Volume=0.011089 Price=0.010687 Rel_Volume=0.010538 SMA50_to_SMA200=0.008445 52W_Low=0.008245 52W_Low_x_Price_to_Prev_Close=0.007576 Perf_Quarter=0.006703 52W_High=0.004509 ATR=0.004374 Ticker_id=0.002931 Price_to_52W_Low=0.002889 RSI_oversold=0.000250
[LN106    ] [chunk_XX_feature_importance.py] [info]   method=2 method_total=6 method_name=Tree_Based_Importance label_threshold=15.0 signal_rate=0.010340 kept=34 kept_total=34 duration=127.9 Price_to_Prev_Close=0.078231 Change_x_Volume=0.070469 SMA20=0.059522 Change=0.057180 Price_to_52W_Low=0.049974 Perf_Week=0.044063 Perf_Month=0.041760 Price_to_52W_High=0.041628 52W_Low_x_Price_to_Prev_Close=0.039572 52W_Low=0.038726 Volume_to_Avg_Volume=0.037806 Rel_Volume=0.035171 Volume=0.034370 SMA50=0.033465 Perf_Half_Y=0.026509 Avg_Volume=0.025663 SMA50_to_SMA200=0.025578 Market_Cap=0.024249 Perf_Year=0.022984 Prev_Close=0.022450 Price_to_52W_High_x_Perf_Week=0.021472 Perf_Quarter=0.020970 Price=0.020814 Perf_YTD=0.020268 RSI_14=0.019611 52W_Low_x_SMA20=0.018642 SMA200=0.017856 ATR=0.016272 Ticker_id=0.016230 52W_High=0.016036 RSI_neutral_low=0.000703 RSI_overbought=0.000671 RSI_oversold=0.000657 RSI_neutral_high=0.000430
[LN107    ] [chunk_XX_feature_importance.py] [info]   method=3 method_total=6 method_name=Permutation_Importance label_threshold=15.0 signal_rate=0.010340 kept=34 kept_total=34 baseline_auc=0.5087 duration=83.9 Change_x_Volume=0.001261 Market_Cap=0.000347 52W_Low_x_Price_to_Prev_Close=0.000181 Perf_Half_Y=0.000129 Perf_Year=0.000108 Perf_Month=0.000101 52W_High=0.000080 52W_Low=0.000054 52W_Low_x_SMA20=0.000053 Perf_YTD=0.000050 Price_to_52W_High=0.000025 Volume=0.000023 Prev_Close=0.000021 RSI_neutral_low=0.000018 SMA50=0.000010 RSI_oversold=0.000009 Perf_Week=0.000006 SMA50_to_SMA200=0.000005 RSI_neutral_high=0.000003 ATR=0.000001 Price=0.000000 Ticker_id=0.000000 SMA200=0.000000 Perf_Quarter=0.000000 SMA20=0.000000 Price_to_52W_Low=0.000000 Change=0.000000 Rel_Volume=0.000000 RSI_14=0.000000 Volume_to_Avg_Volume=0.000000 Price_to_Prev_Close=0.000000 Avg_Volume=0.000000 Price_to_52W_High_x_Perf_Week=0.000000 RSI_overbought=0.000000
[LN108    ] [chunk_XX_feature_importance.py] [info]   method=4 method_total=6 method_name=Neural_Weight_Analysis label_threshold=15.0 signal_rate=0.010340 kept=34 kept_total=34 duration=4.9 Perf_Month=0.148597 Perf_Week=0.136762 SMA50=0.136715 Perf_Quarter=0.134773 Price_to_Prev_Close=0.134407 RSI_neutral_high=0.133975 Price_to_52W_Low=0.132102 SMA50_to_SMA200=0.132093 52W_Low_x_SMA20=0.130642 Volume_to_Avg_Volume=0.130638 Prev_Close=0.130340 Change=0.129112 RSI_neutral_low=0.128424 52W_Low_x_Price_to_Prev_Close=0.128368 Ticker_id=0.127235 Perf_Year=0.127040 Volume=0.126414 Perf_Half_Y=0.125895 Change_x_Volume=0.125025 Price=0.124936 SMA20=0.124932 Avg_Volume=0.124159 SMA200=0.124075 52W_High=0.123813 Market_Cap=0.123805 Perf_YTD=0.122440 ATR=0.121375 RSI_overbought=0.121273 RSI_14=0.117567 RSI_oversold=0.117418 Price_to_52W_High_x_Perf_Week=0.117244 Price_to_52W_High=0.116729 52W_Low=0.116490 Rel_Volume=0.114556
[LN109    ] [chunk_XX_feature_importance.py] [info]   method=5 method_total=6 method_name=SHAP_Values label_threshold=15.0 signal_rate=0.010340 kept=34 kept_total=34 duration=12.6 Ticker_id=0.000000 RSI_14=0.000000 Change_x_Volume=0.000000 Perf_Quarter=0.000000 SMA200=0.000000 Perf_Year=0.000000 Perf_Half_Y=0.000000 Market_Cap=0.000000 Perf_Week=0.000000 SMA50=0.000000 52W_Low=0.000000 Prev_Close=0.000000 Change=0.000000 SMA20=0.000000 Price_to_52W_High_x_Perf_Week=0.000000 Perf_Month=0.000000 52W_Low_x_Price_to_Prev_Close=0.000000 ATR=0.000000 Perf_YTD=0.000000 Volume=0.000000 Avg_Volume=0.000000 52W_High=0.000000 52W_Low_x_SMA20=0.000000 Price=0.000000 SMA50_to_SMA200=0.000000 RSI_neutral_high=0.000000 Price_to_52W_Low=0.000000 RSI_neutral_low=0.000000 Rel_Volume=0.000000 RSI_overbought=0.000000 Price_to_52W_High=0.000000 Volume_to_Avg_Volume=0.000000 RSI_oversold=0.000000 Price_to_Prev_Close=0.000000
[LN110    ] [chunk_XX_feature_importance.py] [info]   method=6 method_total=6 method_name=Ablation_Study label_threshold=15.0 signal_rate=0.010340 kept=34 kept_total=34 duration=170.5 52W_Low=0.839693 52W_Low_x_Price_to_Prev_Close=0.838266 Prev_Close=0.796406 Price=0.790618 Perf_Month=0.770491 Market_Cap=0.768262 Change=0.767218 SMA20=0.763276 SMA50=0.759554 Perf_Week=0.751382 Price_to_52W_High=0.749642 Perf_Quarter=0.733554 Perf_Half_Y=0.698129 SMA200=0.695458 52W_High=0.685255 Change_x_Volume=0.672437 52W_Low_x_SMA20=0.661308 ATR=0.619596 Volume=0.617450 Rel_Volume=0.614231 Perf_YTD=0.609641 RSI_neutral_low=0.568980 Price_to_52W_High_x_Perf_Week=0.563348 RSI_overbought=0.549099 SMA50_to_SMA200=0.543765 RSI_oversold=0.533182 RSI_neutral_high=0.508347 Ticker_id=0.506034 Perf_Year=0.478271 Price_to_Prev_Close=0.461508 RSI_14=0.441199 Volume_to_Avg_Volume=0.404774 Avg_Volume=0.403543 Price_to_52W_Low=0.224245
[LN111    ] [chunk_XX_feature_importance.py] [info]   consolidated_ranking label_threshold=15.0 signal_rate=0.010340 kept=34 kept_total=34 rank=1 52W_Low_x_Price_to_Prev_Close=13.17 rank=2 Perf_Month=13.33 rank=2 Change_x_Volume=13.33 rank=4 Perf_Half_Y=13.67 rank=5 Market_Cap=14.83 rank=6 Prev_Close=15.17 rank=7 52W_Low=16.00 rank=8 SMA50=16.67 rank=9 Perf_Week=16.83 rank=10 Change=18.42 rank=11 Volume=19.50 rank=12 Price_to_52W_High=20.67 rank=13 Perf_Quarter=20.75 rank=14 SMA20=22.08 rank=14 Price=22.08 rank=16 52W_Low_x_SMA20=22.33 rank=17 52W_High=22.83 rank=18 Price_to_52W_Low=24.25 rank=19 Price_to_Prev_Close=24.42 rank=20 Perf_Year=24.67 rank=21 Perf_YTD=24.83 rank=22 Avg_Volume=25.92 rank=23 RSI_neutral_low=27.50 rank=24 SMA200=27.75 rank=25 Volume_to_Avg_Volume=28.25 rank=26 SMA50_to_SMA200=29.33 rank=27 Price_to_52W_High_x_Perf_Week=29.42 rank=28 ATR=30.17 rank=28 RSI_neutral_high=30.17 rank=30 RSI_14=31.25 rank=31 Rel_Volume=31.42 rank=31 Ticker_id=31.42 rank=33 RSI_overbought=34.42 rank=34 RSI_oversold=36.50
[LN112    ] [chunk_XX_feature_importance.py] [info]   consolidated_pruning label_threshold=15.0 signal_rate=0.010340 pruned=0 pruned_total=34 
[LN113    ] [chunk_XX_feature_importance.py] [info]   method=1 method_total=6 method_name=Statistical_Correlation label_threshold=10.0 signal_rate=0.021820 kept=34 kept_total=34 duration=3.9 Change=0.039074 Price_to_Prev_Close=0.038024 Change_x_Volume=0.036156 SMA20=0.029267 Perf_Half_Y=0.027114 Price_to_52W_High_x_Perf_Week=0.026894 Perf_Week=0.025437 52W_Low_x_SMA20=0.025376 RSI_neutral_low=0.025037 RSI_14=0.024981 Market_Cap=0.022944 Perf_YTD=0.022325 SMA50=0.021883 Perf_Month=0.020135 RSI_neutral_high=0.018583 Perf_Year=0.017532 SMA200=0.015797 Volume=0.014794 Price_to_52W_High=0.014087 Avg_Volume=0.012839 RSI_overbought=0.012297 Prev_Close=0.011708 Volume_to_Avg_Volume=0.011089 Price=0.010687 Rel_Volume=0.010538 SMA50_to_SMA200=0.008445 52W_Low=0.008245 52W_Low_x_Price_to_Prev_Close=0.007576 Perf_Quarter=0.006703 52W_High=0.004509 ATR=0.004374 Ticker_id=0.002931 Price_to_52W_Low=0.002889 RSI_oversold=0.000250
[LN114    ] [chunk_XX_feature_importance.py] [info]   method=2 method_total=6 method_name=Tree_Based_Importance label_threshold=10.0 signal_rate=0.021820 kept=34 kept_total=34 duration=127.4 Price_to_52W_Low=0.093126 Price_to_Prev_Close=0.077522 Change=0.069833 52W_Low=0.057117 Price_to_52W_High=0.053663 Change_x_Volume=0.051704 SMA20=0.043922 Perf_Week=0.042946 Perf_Month=0.041540 52W_Low_x_Price_to_Prev_Close=0.041090 SMA50=0.039048 Rel_Volume=0.033718 Volume=0.029050 Volume_to_Avg_Volume=0.024999 Market_Cap=0.023898 Prev_Close=0.022788 Perf_Half_Y=0.022677 Avg_Volume=0.021336 Price_to_52W_High_x_Perf_Week=0.020517 SMA50_to_SMA200=0.020077 ATR=0.019978 Perf_Year=0.019712 Perf_Quarter=0.019026 SMA200=0.018256 Perf_YTD=0.016627 Price=0.016471 RSI_14=0.015452 52W_Low_x_SMA20=0.014380 Ticker_id=0.013914 52W_High=0.013831 RSI_neutral_low=0.000938 RSI_neutral_high=0.000484 RSI_overbought=0.000199 RSI_oversold=0.000160
[LN115    ] [chunk_XX_feature_importance.py] [info]   method=3 method_total=6 method_name=Permutation_Importance label_threshold=10.0 signal_rate=0.021820 kept=34 kept_total=34 baseline_auc=0.4728 duration=78.8 Market_Cap=0.002243 SMA20=0.001645 Prev_Close=0.001024 52W_Low_x_SMA20=0.000837 52W_Low=0.000756 52W_Low_x_Price_to_Prev_Close=0.000742 Price_to_52W_High_x_Perf_Week=0.000404 Price=0.000348 Rel_Volume=0.000226 Avg_Volume=0.000144 Volume=0.000124 Perf_Half_Y=0.000100 Volume_to_Avg_Volume=0.000046 SMA200=0.000033 RSI_neutral_low=0.000032 RSI_overbought=0.000010 RSI_neutral_high=0.000007 RSI_oversold=0.000005 Price_to_Prev_Close=0.000000 Perf_Month=0.000000 Ticker_id=0.000000 52W_High=0.000000 Perf_Quarter=0.000000 SMA50=0.000000 Price_to_52W_Low=0.000000 Price_to_52W_High=0.000000 Change=0.000000 Perf_Week=0.000000 ATR=0.000000 RSI_14=0.000000 Perf_YTD=0.000000 Perf_Year=0.000000 SMA50_to_SMA200=0.000000 Change_x_Volume=0.000000
[LN116    ] [chunk_XX_feature_importance.py] [info]   method=4 method_total=6 method_name=Neural_Weight_Analysis label_threshold=10.0 signal_rate=0.021820 kept=34 kept_total=34 duration=4.8 Price_to_52W_Low=0.158843 Price_to_52W_High=0.143255 52W_High=0.138317 Prev_Close=0.137708 Perf_Week=0.136288 Volume_to_Avg_Volume=0.135745 RSI_neutral_low=0.131848 Avg_Volume=0.131263 Price_to_52W_High_x_Perf_Week=0.130385 52W_Low_x_Price_to_Prev_Close=0.129232 ATR=0.129167 SMA20=0.128146 Price=0.128059 Perf_Month=0.127384 Market_Cap=0.127185 52W_Low=0.126603 SMA200=0.125890 SMA50=0.125636 RSI_neutral_high=0.124630 Perf_YTD=0.124495 RSI_oversold=0.123372 52W_Low_x_SMA20=0.121868 Change_x_Volume=0.121837 Perf_Half_Y=0.121021 Rel_Volume=0.118852 RSI_14=0.118707 Ticker_id=0.117109 Perf_Quarter=0.116495 Price_to_Prev_Close=0.116152 Volume=0.114803 Perf_Year=0.113070 SMA50_to_SMA200=0.112935 RSI_overbought=0.110807 Change=0.109675
[LN117    ] [chunk_XX_feature_importance.py] [info]   method=5 method_total=6 method_name=SHAP_Values label_threshold=10.0 signal_rate=0.021820 kept=34 kept_total=34 duration=14.0 Ticker_id=0.002388 Change_x_Volume=0.000541 RSI_14=0.000436 Perf_Quarter=0.000193 Perf_Month=0.000143 52W_Low_x_SMA20=0.000141 Price=0.000094 SMA200=0.000092 SMA20=0.000087 Perf_YTD=0.000078 Volume=0.000069 52W_Low=0.000057 Price_to_52W_High_x_Perf_Week=0.000039 Change=0.000038 Prev_Close=0.000036 SMA50=0.000024 Perf_Year=0.000021 52W_Low_x_Price_to_Prev_Close=0.000020 ATR=0.000019 Market_Cap=0.000018 Perf_Half_Y=0.000017 Avg_Volume=0.000015 Perf_Week=0.000014 52W_High=0.000013 Rel_Volume=0.000013 SMA50_to_SMA200=0.000007 RSI_overbought=0.000006 RSI_oversold=0.000005 RSI_neutral_high=0.000004 RSI_neutral_low=0.000003 Price_to_52W_High=0.000003 Price_to_52W_Low=0.000001 Volume_to_Avg_Volume=0.000001 Price_to_Prev_Close=0.000000
[LN118    ] [chunk_XX_feature_importance.py] [info]   method=6 method_total=6 method_name=Ablation_Study label_threshold=10.0 signal_rate=0.021820 kept=34 kept_total=34 duration=161.0 52W_Low=0.795910 52W_Low_x_Price_to_Prev_Close=0.795223 Price_to_52W_Low=0.774723 Change=0.768244 Change_x_Volume=0.753936 Perf_Week=0.752143 SMA20=0.742219 Perf_Month=0.741280 Prev_Close=0.741267 Price=0.738472 SMA50=0.723348 Market_Cap=0.715711 SMA200=0.713369 Price_to_52W_High=0.712568 Perf_YTD=0.710422 Perf_Quarter=0.710086 Perf_Half_Y=0.706667 52W_High=0.668121 Perf_Year=0.654733 Rel_Volume=0.649261 Price_to_52W_High_x_Perf_Week=0.647589 52W_Low_x_SMA20=0.646418 RSI_14=0.586773 ATR=0.582262 RSI_neutral_low=0.577731 SMA50_to_SMA200=0.564356 RSI_neutral_high=0.543692 RSI_overbought=0.529519 RSI_oversold=0.505467 Ticker_id=0.470977 Price_to_Prev_Close=0.452810 Avg_Volume=0.437758 Volume_to_Avg_Volume=0.419448 Volume=0.414039
[LN119    ] [chunk_XX_feature_importance.py] [info]   consolidated_ranking label_threshold=10.0 signal_rate=0.021820 kept=34 kept_total=34 rank=1 52W_Low=11.83 rank=2 Prev_Close=13.17 rank=3 52W_Low_x_Price_to_Prev_Close=13.33 rank=4 Market_Cap=15.50 rank=5 SMA20=16.00 rank=6 Price=16.33 rank=7 Change_x_Volume=17.00 rank=8 Perf_Month=18.00 rank=9 Price_to_52W_Low=18.17 rank=10 Price_to_52W_High=18.33 rank=11 Perf_Half_Y=19.33 rank=12 Perf_Week=21.00 rank=12 Avg_Volume=21.00 rank=14 Price_to_52W_High_x_Perf_Week=21.33 rank=15 Change=21.50 rank=16 SMA50=22.00 rank=16 52W_Low_x_SMA20=22.00 rank=18 Volume=22.50 rank=19 52W_High=23.50 rank=20 Perf_YTD=24.33 rank=20 SMA200=24.33 rank=22 Perf_Quarter=25.50 rank=23 Volume_to_Avg_Volume=26.00 rank=24 Rel_Volume=26.17 rank=25 Price_to_Prev_Close=27.33 rank=26 RSI_neutral_low=27.50 rank=27 ATR=28.67 rank=28 RSI_14=29.83 rank=29 Perf_Year=31.50 rank=30 RSI_neutral_high=32.17 rank=31 RSI_overbought=33.67 rank=31 Ticker_id=33.67 rank=33 RSI_oversold=35.17 rank=34 SMA50_to_SMA200=35.67
[LN120    ] [chunk_XX_feature_importance.py] [info]   consolidated_pruning label_threshold=10.0 signal_rate=0.021820 pruned=0 pruned_total=34 
[LN121    ] [chunk_XX_feature_importance.py] [info]   method=1 method_total=6 method_name=Statistical_Correlation label_threshold=5.0 signal_rate=0.066790 kept=34 kept_total=34 duration=0.9 Change=0.039074 Price_to_Prev_Close=0.038024 Change_x_Volume=0.036156 SMA20=0.029267 Perf_Half_Y=0.027114 Price_to_52W_High_x_Perf_Week=0.026894 Perf_Week=0.025437 52W_Low_x_SMA20=0.025376 RSI_neutral_low=0.025037 RSI_14=0.024981 Market_Cap=0.022944 Perf_YTD=0.022325 SMA50=0.021883 Perf_Month=0.020135 RSI_neutral_high=0.018583 Perf_Year=0.017532 SMA200=0.015797 Volume=0.014794 Price_to_52W_High=0.014087 Avg_Volume=0.012839 RSI_overbought=0.012297 Prev_Close=0.011708 Volume_to_Avg_Volume=0.011089 Price=0.010687 Rel_Volume=0.010538 SMA50_to_SMA200=0.008445 52W_Low=0.008245 52W_Low_x_Price_to_Prev_Close=0.007576 Perf_Quarter=0.006703 52W_High=0.004509 ATR=0.004374 Ticker_id=0.002931 Price_to_52W_Low=0.002889 RSI_oversold=0.000250
[LN122    ] [chunk_XX_feature_importance.py] [info]   method=2 method_total=6 method_name=Tree_Based_Importance label_threshold=5.0 signal_rate=0.066790 kept=34 kept_total=34 duration=121.0 Price_to_52W_Low=0.128146 52W_Low=0.094768 Change=0.081442 Price_to_52W_High=0.078378 52W_Low_x_Price_to_Prev_Close=0.061916 Change_x_Volume=0.044893 Price_to_Prev_Close=0.036235 Perf_Month=0.035378 Perf_Half_Y=0.034343 SMA20=0.032628 Perf_Week=0.027454 ATR=0.025698 Prev_Close=0.024682 Perf_YTD=0.024036 SMA50=0.023298 Volume=0.021942 Price_to_52W_High_x_Perf_Week=0.020862 SMA200=0.018915 Perf_Year=0.018836 Volume_to_Avg_Volume=0.018767 Price=0.018473 Perf_Quarter=0.018422 Market_Cap=0.017462 RSI_14=0.015616 Avg_Volume=0.015536 SMA50_to_SMA200=0.014003 Rel_Volume=0.013197 52W_High=0.012070 52W_Low_x_SMA20=0.011357 Ticker_id=0.010244 RSI_neutral_high=0.000438 RSI_neutral_low=0.000244 RSI_overbought=0.000236 RSI_oversold=0.000085
[LN123    ] [chunk_XX_feature_importance.py] [info]   method=3 method_total=6 method_name=Permutation_Importance label_threshold=5.0 signal_rate=0.066790 kept=34 kept_total=34 baseline_auc=0.5585 duration=76.8 52W_Low=0.011017 52W_Low_x_Price_to_Prev_Close=0.009528 Prev_Close=0.006722 Price=0.005755 Market_Cap=0.004821 Ticker_id=0.002423 52W_Low_x_SMA20=0.001864 Perf_Month=0.001200 52W_High=0.001079 RSI_14=0.000991 Perf_YTD=0.000947 Price_to_52W_Low=0.000685 Volume=0.000683 Perf_Quarter=0.000415 Price_to_52W_High=0.000247 Rel_Volume=0.000227 SMA20=0.000179 RSI_neutral_high=0.000175 Change=0.000058 Volume_to_Avg_Volume=0.000055 RSI_oversold=0.000023 RSI_overbought=0.000021 SMA50_to_SMA200=0.000020 Price_to_52W_High_x_Perf_Week=0.000003 SMA50=0.000000 SMA200=0.000000 Perf_Half_Y=0.000000 Perf_Week=0.000000 ATR=0.000000 Price_to_Prev_Close=0.000000 Perf_Year=0.000000 Avg_Volume=0.000000 RSI_neutral_low=0.000000 Change_x_Volume=0.000000
[LN124    ] [chunk_XX_feature_importance.py] [info]   method=4 method_total=6 method_name=Neural_Weight_Analysis label_threshold=5.0 signal_rate=0.066790 kept=34 kept_total=34 duration=4.7 Market_Cap=0.149977 Price_to_52W_Low=0.147086 52W_Low=0.144018 Perf_Half_Y=0.142972 Price=0.141328 Price_to_Prev_Close=0.140834 SMA200=0.135095 Perf_Month=0.135056 Perf_YTD=0.132937 ATR=0.131582 Perf_Quarter=0.131193 RSI_overbought=0.129731 RSI_neutral_high=0.129587 Rel_Volume=0.127639 Volume_to_Avg_Volume=0.125860 Price_to_52W_High_x_Perf_Week=0.125591 Prev_Close=0.124889 Change=0.124856 52W_Low_x_Price_to_Prev_Close=0.124851 RSI_14=0.123734 SMA20=0.122427 Perf_Week=0.122239 Volume=0.121402 52W_Low_x_SMA20=0.120914 SMA50=0.120701 Avg_Volume=0.119966 Change_x_Volume=0.119385 Perf_Year=0.119071 52W_High=0.118992 Price_to_52W_High=0.118765 RSI_oversold=0.116981 RSI_neutral_low=0.115434 Ticker_id=0.113957 SMA50_to_SMA200=0.106272
[LN125    ] [chunk_XX_feature_importance.py] [info]   method=5 method_total=6 method_name=SHAP_Values label_threshold=5.0 signal_rate=0.066790 kept=34 kept_total=34 duration=11.5 Ticker_id=0.017219 RSI_14=0.001856 Change_x_Volume=0.001621 52W_Low_x_SMA20=0.001005 SMA200=0.000863 Perf_Month=0.000814 SMA50=0.000622 Perf_Year=0.000544 Perf_Half_Y=0.000521 52W_Low=0.000498 Perf_YTD=0.000377 Perf_Quarter=0.000376 52W_Low_x_Price_to_Prev_Close=0.000286 SMA20=0.000278 Volume=0.000271 Price_to_52W_High_x_Perf_Week=0.000239 Prev_Close=0.000236 Market_Cap=0.000226 Price=0.000203 Change=0.000190 52W_High=0.000176 Perf_Week=0.000168 RSI_neutral_low=0.000140 Avg_Volume=0.000135 RSI_neutral_high=0.000068 Rel_Volume=0.000050 Price_to_52W_Low=0.000046 Price_to_52W_High=0.000038 RSI_overbought=0.000022 ATR=0.000022 SMA50_to_SMA200=0.000015 Volume_to_Avg_Volume=0.000008 RSI_oversold=0.000007 Price_to_Prev_Close=0.000002
[LN126    ] [chunk_XX_feature_importance.py] [info]   method=6 method_total=6 method_name=Ablation_Study label_threshold=5.0 signal_rate=0.066790 kept=34 kept_total=34 duration=178.1 52W_Low=0.739940 52W_Low_x_Price_to_Prev_Close=0.739887 Price_to_52W_Low=0.731422 Change=0.719072 Perf_YTD=0.715376 SMA20=0.715352 Perf_Week=0.707845 SMA200=0.707686 Change_x_Volume=0.703427 SMA50=0.697947 Perf_Month=0.697352 Price_to_52W_High=0.697010 Prev_Close=0.696530 Price=0.696191 Perf_Half_Y=0.695038 Perf_Year=0.691884 Perf_Quarter=0.677049 Market_Cap=0.668981 52W_High=0.630926 Price_to_52W_High_x_Perf_Week=0.622798 Rel_Volume=0.593575 52W_Low_x_SMA20=0.580050 Avg_Volume=0.575406 Volume=0.566802 SMA50_to_SMA200=0.563637 ATR=0.556213 RSI_14=0.538172 RSI_neutral_low=0.529154 RSI_overbought=0.520670 RSI_neutral_high=0.504801 RSI_oversold=0.502625 Price_to_Prev_Close=0.499144 Ticker_id=0.497341 Volume_to_Avg_Volume=0.468403
[LN127    ] [chunk_XX_feature_importance.py] [info]   consolidated_ranking label_threshold=5.0 signal_rate=0.066790 kept=34 kept_total=34 rank=1 52W_Low=8.33 rank=2 52W_Low_x_Price_to_Prev_Close=12.50 rank=3 Perf_Month=14.33 rank=4 Price_to_52W_Low=15.00 rank=5 Perf_Half_Y=15.25 rank=6 Market_Cap=15.83 rank=6 Prev_Close=15.83 rank=8 Price=16.17 rank=9 Perf_YTD=16.50 rank=10 Change=18.50 rank=11 Change_x_Volume=18.92 rank=12 Price_to_52W_High=20.00 rank=13 SMA20=21.17 rank=13 Volume=21.17 rank=15 Perf_Quarter=21.83 rank=16 SMA50=22.58 rank=17 52W_Low_x_SMA20=22.67 rank=18 SMA200=22.92 rank=19 52W_High=24.17 rank=20 Perf_Week=24.75 rank=21 Price_to_52W_High_x_Perf_Week=25.33 rank=22 RSI_14=26.00 rank=23 Price_to_Prev_Close=26.25 rank=24 Avg_Volume=27.25 rank=25 Rel_Volume=28.33 rank=26 Perf_Year=28.92 rank=27 ATR=29.58 rank=28 Volume_to_Avg_Volume=29.67 rank=29 RSI_neutral_high=31.00 rank=30 RSI_overbought=31.67 rank=31 Ticker_id=31.83 rank=32 RSI_neutral_low=33.58 rank=33 SMA50_to_SMA200=37.00 rank=34 RSI_oversold=38.50
[LN128    ] [chunk_XX_feature_importance.py] [info]   consolidated_pruning label_threshold=5.0 signal_rate=0.066790 pruned=0 pruned_total=34 
[LN129    ] [chunk_XX_feature_importance.py] [info]   method=1 method_total=6 method_name=Statistical_Correlation label_threshold=0.0 signal_rate=0.520600 kept=34 kept_total=34 duration=1.6 Change=0.039074 Price_to_Prev_Close=0.038024 Change_x_Volume=0.036156 SMA20=0.029267 Perf_Half_Y=0.027114 Price_to_52W_High_x_Perf_Week=0.026894 Perf_Week=0.025437 52W_Low_x_SMA20=0.025376 RSI_neutral_low=0.025037 RSI_14=0.024981 Market_Cap=0.022944 Perf_YTD=0.022325 SMA50=0.021883 Perf_Month=0.020135 RSI_neutral_high=0.018583 Perf_Year=0.017532 SMA200=0.015797 Volume=0.014794 Price_to_52W_High=0.014087 Avg_Volume=0.012839 RSI_overbought=0.012297 Prev_Close=0.011708 Volume_to_Avg_Volume=0.011089 Price=0.010687 Rel_Volume=0.010538 SMA50_to_SMA200=0.008445 52W_Low=0.008245 52W_Low_x_Price_to_Prev_Close=0.007576 Perf_Quarter=0.006703 52W_High=0.004509 ATR=0.004374 Ticker_id=0.002931 Price_to_52W_Low=0.002889 RSI_oversold=0.000250
[LN130    ] [chunk_XX_feature_importance.py] [info]   method=2 method_total=6 method_name=Tree_Based_Importance label_threshold=0.0 signal_rate=0.520600 kept=34 kept_total=34 duration=130.0 Volume_to_Avg_Volume=0.086819 ATR=0.062631 Change=0.060338 Price_to_Prev_Close=0.056721 Price_to_52W_Low=0.043288 Volume=0.038391 Price_to_52W_High=0.038117 Change_x_Volume=0.035533 Price_to_52W_High_x_Perf_Week=0.034851 Perf_Half_Y=0.034661 52W_Low_x_SMA20=0.032742 SMA50=0.032731 Rel_Volume=0.030797 SMA20=0.030739 Perf_Month=0.028486 Perf_YTD=0.026962 Perf_Week=0.026445 SMA50_to_SMA200=0.026029 Market_Cap=0.025806 Avg_Volume=0.025665 Perf_Quarter=0.024620 SMA200=0.023635 RSI_14=0.023527 52W_Low_x_Price_to_Prev_Close=0.023332 Price=0.021771 Perf_Year=0.021720 Ticker_id=0.021690 52W_High=0.020744 Prev_Close=0.020125 52W_Low=0.017812 RSI_neutral_low=0.001466 RSI_neutral_high=0.001432 RSI_oversold=0.000233 RSI_overbought=0.000141
[LN131    ] [chunk_XX_feature_importance.py] [info]   method=3 method_total=6 method_name=Permutation_Importance label_threshold=0.0 signal_rate=0.520600 kept=34 kept_total=34 baseline_auc=0.5113 duration=87.0 Change_x_Volume=0.004633 Ticker_id=0.003354 RSI_14=0.000889 Perf_YTD=0.000485 SMA200=0.000485 Volume=0.000422 Avg_Volume=0.000390 Market_Cap=0.000261 52W_High=0.000169 Change=0.000166 Perf_Half_Y=0.000132 Perf_Month=0.000131 Price=0.000129 52W_Low_x_Price_to_Prev_Close=0.000117 Price_to_52W_High=0.000092 Perf_Week=0.000075 52W_Low=0.000064 Rel_Volume=0.000054 Volume_to_Avg_Volume=0.000053 Perf_Quarter=0.000041 RSI_neutral_low=0.000031 52W_Low_x_SMA20=0.000026 Perf_Year=0.000024 RSI_oversold=0.000009 RSI_neutral_high=0.000001 SMA20=0.000000 Prev_Close=0.000000 SMA50=0.000000 Price_to_52W_Low=0.000000 SMA50_to_SMA200=0.000000 Price_to_Prev_Close=0.000000 ATR=0.000000 Price_to_52W_High_x_Perf_Week=0.000000 RSI_overbought=0.000000
[LN132    ] [chunk_XX_feature_importance.py] [info]   method=4 method_total=6 method_name=Neural_Weight_Analysis label_threshold=0.0 signal_rate=0.520600 kept=34 kept_total=34 duration=5.4 RSI_overbought=0.146655 Volume_to_Avg_Volume=0.143277 SMA50=0.141713 Prev_Close=0.138288 Price_to_Prev_Close=0.138203 Perf_Half_Y=0.134868 RSI_oversold=0.134049 52W_High=0.133696 RSI_neutral_low=0.130833 Avg_Volume=0.129854 Rel_Volume=0.128597 ATR=0.126811 Price_to_52W_High_x_Perf_Week=0.126760 Market_Cap=0.126393 Price_to_52W_Low=0.125613 Perf_Week=0.125358 52W_Low=0.125210 SMA20=0.123469 Price_to_52W_High=0.123339 RSI_14=0.122877 Volume=0.122411 52W_Low_x_SMA20=0.122114 Change=0.121113 Perf_Month=0.119950 52W_Low_x_Price_to_Prev_Close=0.118451 RSI_neutral_high=0.117187 Perf_YTD=0.116436 Perf_Year=0.115598 SMA50_to_SMA200=0.115170 Perf_Quarter=0.112917 SMA200=0.110781 Price=0.110302 Change_x_Volume=0.105065 Ticker_id=0.095726
[LN133    ] [chunk_XX_feature_importance.py] [info]   method=5 method_total=6 method_name=SHAP_Values label_threshold=0.0 signal_rate=0.520600 kept=34 kept_total=34 duration=15.3 Ticker_id=0.030695 Change_x_Volume=0.007258 RSI_14=0.001353 Perf_Half_Y=0.001078 52W_Low_x_SMA20=0.000838 Perf_YTD=0.000805 Perf_Quarter=0.000659 Market_Cap=0.000629 Perf_Week=0.000573 SMA50=0.000559 Prev_Close=0.000431 Volume=0.000426 52W_Low_x_Price_to_Prev_Close=0.000379 SMA20=0.000366 Perf_Month=0.000363 Change=0.000306 Price_to_52W_High_x_Perf_Week=0.000267 SMA200=0.000173 Rel_Volume=0.000156 RSI_neutral_high=0.000149 Avg_Volume=0.000141 52W_High=0.000136 Perf_Year=0.000132 52W_Low=0.000128 RSI_neutral_low=0.000116 ATR=0.000103 RSI_overbought=0.000064 Price_to_52W_High=0.000030 Price=0.000021 SMA50_to_SMA200=0.000020 Price_to_52W_Low=0.000016 RSI_oversold=0.000013 Volume_to_Avg_Volume=0.000005 Price_to_Prev_Close=0.000001
[LN134    ] [chunk_XX_feature_importance.py] [info]   method=6 method_total=6 method_name=Ablation_Study label_threshold=0.0 signal_rate=0.520600 kept=34 kept_total=34 duration=168.3 Change=0.532309 Change_x_Volume=0.526974 Price_to_Prev_Close=0.524772 52W_Low_x_SMA20=0.521649 SMA50=0.520278 SMA20=0.520140 ATR=0.519983 Perf_Year=0.517037 Perf_Quarter=0.516480 Prev_Close=0.516383 52W_High=0.516205 52W_Low_x_Price_to_Prev_Close=0.516015 Perf_Month=0.516007 Perf_Half_Y=0.515192 Perf_YTD=0.514102 Volume=0.514056 Rel_Volume=0.513647 Price_to_52W_High_x_Perf_Week=0.512695 SMA200=0.512090 Avg_Volume=0.511682 Price=0.509544 RSI_14=0.508681 Perf_Week=0.508618 Price_to_52W_High=0.508498 Volume_to_Avg_Volume=0.508196 52W_Low=0.507691 Market_Cap=0.507528 RSI_neutral_low=0.506725 RSI_neutral_high=0.506122 Ticker_id=0.505246 Price_to_52W_Low=0.504480 SMA50_to_SMA200=0.504101 RSI_overbought=0.501640 RSI_oversold=0.501037
[LN135    ] [chunk_XX_feature_importance.py] [info]   consolidated_ranking label_threshold=0.0 signal_rate=0.520600 kept=34 kept_total=34 rank=1 Perf_Half_Y=11.67 rank=2 Change_x_Volume=14.17 rank=3 Volume=16.17 rank=4 Change=16.67 rank=5 Market_Cap=17.67 rank=6 SMA50=18.17 rank=7 Avg_Volume=19.00 rank=7 52W_Low_x_SMA20=19.00 rank=9 Prev_Close=19.33 rank=10 Perf_YTD=19.50 rank=10 52W_High=19.50 rank=12 52W_Low_x_Price_to_Prev_Close=20.33 rank=13 Perf_Month=20.67 rank=13 Price_to_52W_High=20.67 rank=15 Price_to_Prev_Close=20.83 rank=16 Volume_to_Avg_Volume=22.83 rank=17 Perf_Week=23.00 rank=18 SMA20=23.50 rank=19 Perf_Quarter=23.67 rank=20 Rel_Volume=24.00 rank=20 RSI_14=24.00 rank=22 Price_to_52W_High_x_Perf_Week=24.33 rank=23 52W_Low=24.50 rank=23 ATR=24.50 rank=25 Price=25.67 rank=26 Price_to_52W_Low=26.17 rank=27 SMA200=27.50 rank=28 RSI_neutral_low=28.50 rank=29 Perf_Year=30.17 rank=30 Ticker_id=30.33 rank=31 RSI_overbought=31.67 rank=32 RSI_neutral_high=33.50 rank=33 RSI_oversold=35.17 rank=34 SMA50_to_SMA200=37.00
[LN136    ] [chunk_XX_feature_importance.py] [info]   consolidated_pruning label_threshold=0.0 signal_rate=0.520600 pruned=0 pruned_total=34 
[LN137    ] [chunk_XX_feature_importance.py] [info] cross_threshold always_pruned=
[LN138    ] [chunk_XX_feature_importance.py] [info] cross_threshold never_pruned=52W_High ,52W_Low ,52W_Low_x_Price_to_Prev_Close ,52W_Low_x_SMA20 ,ATR ,Avg_Volume ,Change ,Change_x_Volume ,Market_Cap ,Perf_Half_Y ,Perf_Month ,Perf_Quarter ,Perf_Week ,Perf_YTD ,Perf_Year ,Prev_Close ,Price ,Price_to_52W_High ,Price_to_52W_High_x_Perf_Week ,Price_to_52W_Low ,Price_to_Prev_Close ,RSI_14 ,RSI_neutral_high ,RSI_neutral_low ,RSI_overbought ,RSI_oversold ,Rel_Volume ,SMA20 ,SMA200 ,SMA50 ,SMA50_to_SMA200 ,Ticker_id ,Volume ,Volume_to_Avg_Volume
[LN139    ] [chunk_XX_feature_importance.py] [info] cross_threshold borderline=
[LN140    ] [chunk_XX_feature_importance.py] [info] Computing feature correlation matrix
[LN141    ] [chunk_XX_feature_importance.py] [info] total time: 2013.4s (33.6 min)
[LN142    ] [chunk_XX_feature_importance.py] [info] features: 34 total -> 34 kept, 0 pruned
[LN143    ] [chunk_XX_feature_importance.py] [info] dropped: []
[LN144    ] [chunk_XX_feature_importance.py] [info] FEATURE IMPORTANCE ANALYSIS REPORT

Original features: 34 | After pruning: 34 | Dropped: 0
runtime_total=33.6min correlation=3.2s tree=139.1s permutation=83.2s neural=4.7s shap=15.9s ablation=173.0s

Dropped features: []
Kept features: ['Market_Cap', '52W_Low_x_Price_to_Prev_Close', 'Change_x_Volume', '52W_Low', 'Perf_Week', 'Perf_Month', 'Price', 'SMA50', 'Prev_Close', '52W_High', 'Price_to_52W_High_x_Perf_Week', 'Volume', '52W_Low_x_SMA20', 'Perf_Half_Y', 'Price_to_52W_High', 'SMA20', 'Perf_YTD', 'Change', 'SMA200', 'Avg_Volume', 'Perf_Year', 'Price_to_Prev_Close', 'Rel_Volume', 'RSI_14', 'RSI_neutral_low', 'Volume_to_Avg_Volume', 'Price_to_52W_Low', 'RSI_neutral_high', 'RSI_overbought', 'Perf_Quarter', 'Ticker_id', 'ATR', 'SMA50_to_SMA200', 'RSI_oversold']
CONSOLIDATED RANKING (1 = most important)
                      feature  mean_rank  consolidated_rank
                   Market_Cap  10.333333                1.0
52W_Low_x_Price_to_Prev_Close  11.333333                2.0
              Change_x_Volume  12.000000                3.0
                      52W_Low  14.666667                4.0
                    Perf_Week  15.333333                5.0
                   Perf_Month  17.000000                6.0
                        Price  18.333333                7.0
                        SMA50  18.833333                8.0
                   Prev_Close  19.000000                9.0
                     52W_High  19.833333               10.0
Price_to_52W_High_x_Perf_Week  20.166667               11.0
                       Volume  20.500000               12.0
              52W_Low_x_SMA20  20.833333               13.0
                  Perf_Half_Y  21.666667               14.0
            Price_to_52W_High  21.833333               15.0
                        SMA20  22.166667               16.0
                     Perf_YTD  23.500000               17.0
                       Change  23.833333               18.0
                       SMA200  24.166667               19.0
                   Avg_Volume  25.333333               20.0
                    Perf_Year  26.166667               21.0
          Price_to_Prev_Close  26.500000               22.0
                   Rel_Volume  26.833333               23.0
                       RSI_14  27.500000               24.0
              RSI_neutral_low  28.000000               25.0
         Volume_to_Avg_Volume  29.166667               26.0
             Price_to_52W_Low  29.333333               27.5
             RSI_neutral_high  29.333333               27.5
               RSI_overbought  29.500000               29.5
                 Perf_Quarter  29.500000               29.5
                    Ticker_id  31.333333               31.5
                          ATR  31.333333               31.5
              SMA50_to_SMA200  34.000000               33.0
                 RSI_oversold  34.166667               34.0
FEATURE IMPORTANCE RANKING PER METHOD
Spearman Correlation:
                        feature  rank  spearman_abs
                  Perf_Half_Y  25.0      0.027114
                   Market_Cap  30.0      0.022944
            Price_to_52W_High  31.0      0.014087
                   Prev_Close  32.0      0.011708
                      52W_Low  33.0      0.008245
                        Price  34.0      0.010687
52W_Low_x_Price_to_Prev_Close  34.0      0.007576
                       Volume  36.0      0.014794
                   Avg_Volume  36.0      0.012839
              Change_x_Volume  39.0      0.036156
                     52W_High  39.0      0.004509
                   Perf_Month  45.0      0.020135
             Price_to_52W_Low  45.0      0.002889
                       Change  47.0      0.039074
                        SMA50  49.0      0.021883
                     Perf_YTD  49.0      0.022325
          Price_to_Prev_Close  49.0      0.038024
              52W_Low_x_SMA20  50.0      0.025376
                 Perf_Quarter  55.0      0.006703
                    Perf_Week  57.0      0.025437
              RSI_neutral_low  57.0      0.025037
         Volume_to_Avg_Volume  57.0      0.011089
Price_to_52W_High_x_Perf_Week  59.0      0.026894
                        SMA20  59.0      0.029267
               RSI_overbought  65.0      0.012297
                   Rel_Volume  66.0      0.010538
             RSI_neutral_high  69.0      0.018583
                          ATR  70.0      0.004374
                       SMA200  70.0      0.015797
                    Perf_Year  73.0      0.017532
                       RSI_14  73.0      0.024981
                 RSI_oversold  81.0      0.000250
              SMA50_to_SMA200  83.0      0.008445
                    Ticker_id  88.0      0.002931

Tree Importance (Random Forest + Gradient Boosting):
                        feature  rank  combined_importance
                       Change   1.0             0.076560
              Change_x_Volume   2.0             0.063950
          Price_to_Prev_Close   3.0             0.057888
                    Perf_Week   4.0             0.048782
                   Rel_Volume   5.0             0.048109
            Price_to_52W_High   6.0             0.046996
                        SMA20   7.0             0.043903
         Volume_to_Avg_Volume   8.0             0.043288
52W_Low_x_Price_to_Prev_Close   9.0             0.042941
                   Perf_Month  10.0             0.038863
             Price_to_52W_Low  11.0             0.037200
                       Volume  12.0             0.037133
                      52W_Low  13.0             0.032433
                    Ticker_id  14.0             0.029731
                        SMA50  15.0             0.028694
                   Market_Cap  16.0             0.027704
                  Perf_Half_Y  17.0             0.027664
              SMA50_to_SMA200  18.0             0.025930
Price_to_52W_High_x_Perf_Week  19.0             0.025738
                     Perf_YTD  20.0             0.023798
                    Perf_Year  21.0             0.023307
                       SMA200  22.0             0.022663
                 Perf_Quarter  23.0             0.021736
                   Prev_Close  24.0             0.020394
                        Price  25.0             0.020010
                          ATR  26.0             0.019186
                       RSI_14  27.0             0.017840
                   Avg_Volume  28.0             0.016167
              52W_Low_x_SMA20  29.0             0.015874
                     52W_High  30.0             0.012040
             RSI_neutral_high  31.0             0.001638
              RSI_neutral_low  32.0             0.000648
               RSI_overbought  33.0             0.000616
                 RSI_oversold  34.0             0.000576

Permutation Importance:
                        feature  rank
              Change_x_Volume   1.0
                   Market_Cap   2.0
                   Perf_Month   3.0
                      52W_Low   4.0
52W_Low_x_Price_to_Prev_Close   5.0
                        SMA50   6.0
              52W_Low_x_SMA20   7.0
                       RSI_14   8.0
                    Perf_Week   9.0
                        SMA20  10.0
                     52W_High  11.0
                   Prev_Close  12.0
                   Rel_Volume  13.0
Price_to_52W_High_x_Perf_Week  14.0
                   Avg_Volume  15.0
                       SMA200  16.0
                        Price  17.0
                       Volume  18.0
                    Perf_Year  19.0
              SMA50_to_SMA200  20.0
               RSI_overbought  21.0
                 Perf_Quarter  28.0
                    Ticker_id  28.0
                  Perf_Half_Y  28.0
             Price_to_52W_Low  28.0
         Volume_to_Avg_Volume  28.0
            Price_to_52W_High  28.0
                       Change  28.0
                          ATR  28.0
          Price_to_Prev_Close  28.0
                 RSI_oversold  28.0
                     Perf_YTD  28.0
              RSI_neutral_low  28.0
             RSI_neutral_high  28.0

Neural Weight Magnitude:
                        feature  rank
Price_to_52W_High_x_Perf_Week   1.0
                    Perf_Week   2.0
             RSI_neutral_high   3.0
                        SMA50   4.0
52W_Low_x_Price_to_Prev_Close   5.0
                   Market_Cap   6.0
               RSI_overbought   7.0
                       SMA200   8.0
                        SMA20   9.0
                 RSI_oversold  10.0
                     52W_High  11.0
                        Price  12.0
                       Volume  13.0
                    Perf_Year  14.0
                 Perf_Quarter  15.0
              Change_x_Volume  16.0
                          ATR  17.0
                     Perf_YTD  18.0
              52W_Low_x_SMA20  19.0
              RSI_neutral_low  20.0
          Price_to_Prev_Close  21.0
         Volume_to_Avg_Volume  22.0
                       Change  23.0
              SMA50_to_SMA200  24.0
                  Perf_Half_Y  25.0
                   Avg_Volume  26.0
                       RSI_14  27.0
                      52W_Low  28.0
                   Rel_Volume  29.0
            Price_to_52W_High  30.0
                   Perf_Month  31.0
             Price_to_52W_Low  32.0
                   Prev_Close  33.0
                    Ticker_id  34.0

SHAP Values:
                        feature  rank  mean_abs_shap
                       RSI_14   1.0   2.066443e-03
                    Ticker_id   2.0   1.768156e-03
                   Market_Cap   3.0   7.382048e-04
              Change_x_Volume   4.0   5.588397e-04
                    Perf_Week   5.0   4.828053e-04
                   Perf_Month   6.0   4.241406e-04
                        SMA50   7.0   3.926227e-04
              52W_Low_x_SMA20   8.0   3.477461e-04
                      52W_Low   9.0   3.274573e-04
                   Prev_Close  10.0   3.235510e-04
Price_to_52W_High_x_Perf_Week  11.0   2.527042e-04
                     Perf_YTD  12.0   2.259706e-04
52W_Low_x_Price_to_Prev_Close  13.0   2.250241e-04
                       Volume  14.0   1.727149e-04
              RSI_neutral_low  15.0   1.487998e-04
                       SMA200  16.0   1.268050e-04
                     52W_High  17.0   1.243338e-04
                        Price  18.0   1.038330e-04
                   Avg_Volume  19.0   9.223187e-05
             RSI_neutral_high  20.0   7.926772e-05
                    Perf_Year  21.0   7.672670e-05
                   Rel_Volume  22.0   6.132667e-05
                 Perf_Quarter  23.0   5.419508e-05
                       Change  24.0   2.916896e-05
                        SMA20  25.0   1.990788e-05
             Price_to_52W_Low  26.0   1.610107e-05
                  Perf_Half_Y  27.0   1.432557e-05
              SMA50_to_SMA200  28.0   1.303103e-05
                          ATR  29.0   9.278591e-06
            Price_to_52W_High  30.0   8.545391e-06
                 RSI_oversold  31.0   4.685405e-06
               RSI_overbought  32.0   2.626864e-06
         Volume_to_Avg_Volume  33.0   1.299637e-06
          Price_to_Prev_Close  34.0   6.185234e-07

Ablation Study (AUC):
                        feature  rank      auc
                      52W_Low   1.0 0.838049
52W_Low_x_Price_to_Prev_Close   2.0 0.837090
                   Prev_Close   3.0 0.773738
                        Price   4.0 0.769478
                   Market_Cap   5.0 0.766872
            Price_to_52W_High   6.0 0.758667
                   Perf_Month   7.0 0.754882
                  Perf_Half_Y   8.0 0.691148
                    Perf_Year   9.0 0.677266
              Change_x_Volume  10.0 0.674760
                     52W_High  11.0 0.672579
              52W_Low_x_SMA20  12.0 0.660134
                       SMA200  13.0 0.655612
                     Perf_YTD  14.0 0.633892
                    Perf_Week  15.0 0.607339
              RSI_neutral_low  16.0 0.600470
Price_to_52W_High_x_Perf_Week  17.0 0.596859
                          ATR  18.0 0.574151
               RSI_overbought  19.0 0.544987
                       Change  20.0 0.538478
                 RSI_oversold  21.0 0.524103
                    Ticker_id  22.0 0.511672
                        SMA20  23.0 0.500094
          Price_to_Prev_Close  24.0 0.463421
             RSI_neutral_high  25.0 0.463091
                   Rel_Volume  26.0 0.455588
         Volume_to_Avg_Volume  27.0 0.454126
                   Avg_Volume  28.0 0.407195
                       RSI_14  29.0 0.396961
                       Volume  30.0 0.395591
              SMA50_to_SMA200  31.0 0.370467
                        SMA50  32.0 0.296716
                 Perf_Quarter  33.0 0.216361
             Price_to_52W_Low  34.0 0.181489
[LN145    ] [chunk_XX_feature_importance.py] [info] Report saved to ./feature_importance_report.txt
[LN146    ] [chunk_XX_feature_importance.py] [info] Consolidated ranking saved to ./feature_importance_report.csv
[LN147    ] [chunk_XX_feature_importance.py] [info] Metadata saved to ./feature_importance_report_meta.json
[LN148    ] [chunk_XX_phase_feature_analysis_a.py] [info] complete: 34 raw features (per-threshold pruning stored)
[LN149    ] [chunk_XX_phase_feature_analysis_a.py] [info]   First threshold (20.0): 34 kept
[LN150    ] [chunk_20_pipeline_main.py] [info] [skip] Phase Xa: Raw Feature Importance validation skipped (no validator)
[LN151    ] [chunk_XX_phase_backward_elimination.py] [info] Phase BE: Backward Elimination — Starting per-architecture elimination for 9 archs, 34 features, 5 thresholds
[LN152    ] [chunk_XX_phase_backward_elimination.py] [info] Phase BE: Backward Elimination — CNN: starting elimination
[LN153    ] [chunk_XX_phase_backward_elimination.py] [info] Phase BE: Backward Elimination — CNN @ LT=20.0 round 1: 17 features kept, val_prec=0.0000
[LN154    ] [chunk_XX_phase_backward_elimination.py] [info] Phase BE: Backward Elimination — CNN @ LT=20.0 round 2: 10 features kept, val_prec=0.0000
[LN155    ] [chunk_XX_phase_backward_elimination.py] [info] Phase BE: Backward Elimination — CNN @ LT=15.0 round 1: 17 features kept, val_prec=0.0000
[LN156    ] [chunk_XX_phase_backward_elimination.py] [info] Phase BE: Backward Elimination — CNN @ LT=15.0 round 2: 10 features kept, val_prec=0.0000
[LN157    ] [chunk_XX_phase_backward_elimination.py] [info] Phase BE: Backward Elimination — CNN @ LT=10.0 round 1: 17 features kept, val_prec=0.0000
[LN158    ] [chunk_XX_phase_backward_elimination.py] [info] Phase BE: Backward Elimination — CNN @ LT=10.0 round 2: 10 features kept, val_prec=0.0000
[LN159    ] [chunk_XX_phase_backward_elimination.py] [info] Phase BE: Backward Elimination — CNN @ LT=5.0 round 1: 17 features kept, val_prec=0.2000
[LN160    ] [chunk_XX_phase_backward_elimination.py] [info] Phase BE: Backward Elimination — CNN @ LT=5.0 round 2: 10 features kept, val_prec=0.5000
[LN161    ] [chunk_XX_phase_backward_elimination.py] [info] Phase BE: Backward Elimination — CNN @ LT=0.0 round 1: 17 features kept, val_prec=0.5508
[LN162    ] [chunk_XX_phase_backward_elimination.py] [info] Phase BE: Backward Elimination — CNN @ LT=0.0 round 2: 10 features kept, val_prec=0.5527
[LN163    ] [chunk_XX_phase_backward_elimination.py] [info] Phase BE: Backward Elimination — CNN: completed (50 total feature-kept entries across thresholds)
[LN164    ] [chunk_XX_phase_backward_elimination.py] [info] Phase BE: Backward Elimination — RNN: starting elimination
[LN165    ] [chunk_XX_phase_backward_elimination.py] [info] Phase BE: Backward Elimination — RNN @ LT=20.0 round 1: 17 features kept, val_prec=0.0000
[LN166    ] [chunk_XX_phase_backward_elimination.py] [info] Phase BE: Backward Elimination — RNN @ LT=20.0 round 2: 10 features kept, val_prec=0.0000
[LN167    ] [chunk_XX_phase_backward_elimination.py] [info] Phase BE: Backward Elimination — RNN @ LT=15.0 round 1: 17 features kept, val_prec=0.0000
[LN168    ] [chunk_XX_phase_backward_elimination.py] [info] Phase BE: Backward Elimination — RNN @ LT=15.0 round 2: 10 features kept, val_prec=0.0000
[LN169    ] [chunk_XX_phase_backward_elimination.py] [info] Phase BE: Backward Elimination — RNN @ LT=10.0 round 1: 17 features kept, val_prec=0.0000
[LN170    ] [chunk_XX_phase_backward_elimination.py] [info] Phase BE: Backward Elimination — RNN @ LT=10.0 round 2: 10 features kept, val_prec=0.0000
[LN171    ] [chunk_XX_phase_backward_elimination.py] [info] Phase BE: Backward Elimination — RNN @ LT=5.0 round 1: 17 features kept, val_prec=0.2000
[LN172    ] [chunk_XX_phase_backward_elimination.py] [info] Phase BE: Backward Elimination — RNN @ LT=5.0 round 2: 10 features kept, val_prec=0.5000
[LN173    ] [chunk_XX_phase_backward_elimination.py] [info] Phase BE: Backward Elimination — RNN @ LT=0.0 round 1: 17 features kept, val_prec=0.5508
[LN174    ] [chunk_XX_phase_backward_elimination.py] [info] Phase BE: Backward Elimination — RNN @ LT=0.0 round 2: 10 features kept, val_prec=0.5527
[LN175    ] [chunk_XX_phase_backward_elimination.py] [info] Phase BE: Backward Elimination — RNN: completed (50 total feature-kept entries across thresholds)
[LN176    ] [chunk_XX_phase_backward_elimination.py] [info] Phase BE: Backward Elimination — LSTM: starting elimination
[LN177    ] [chunk_XX_phase_backward_elimination.py] [info] Phase BE: Backward Elimination — LSTM @ LT=20.0 round 1: 17 features kept, val_prec=0.0000
[LN178    ] [chunk_XX_phase_backward_elimination.py] [info] Phase BE: Backward Elimination — LSTM @ LT=20.0 round 2: 10 features kept, val_prec=0.0000
[LN179    ] [chunk_XX_phase_backward_elimination.py] [info] Phase BE: Backward Elimination — LSTM @ LT=15.0 round 1: 17 features kept, val_prec=0.0000
[LN180    ] [chunk_XX_phase_backward_elimination.py] [info] Phase BE: Backward Elimination — LSTM @ LT=15.0 round 2: 10 features kept, val_prec=0.0000
[LN181    ] [chunk_XX_phase_backward_elimination.py] [info] Phase BE: Backward Elimination — LSTM @ LT=10.0 round 1: 17 features kept, val_prec=0.0000
[LN182    ] [chunk_XX_phase_backward_elimination.py] [info] Phase BE: Backward Elimination — LSTM @ LT=10.0 round 2: 10 features kept, val_prec=0.0000
[LN183    ] [chunk_XX_phase_backward_elimination.py] [info] Phase BE: Backward Elimination — LSTM @ LT=5.0 round 1: 17 features kept, val_prec=0.2000
[LN184    ] [chunk_XX_phase_backward_elimination.py] [info] Phase BE: Backward Elimination — LSTM @ LT=5.0 round 2: 10 features kept, val_prec=0.5000
[LN185    ] [chunk_XX_phase_backward_elimination.py] [info] Phase BE: Backward Elimination — LSTM @ LT=0.0 round 1: 17 features kept, val_prec=0.5508
[LN186    ] [chunk_XX_phase_backward_elimination.py] [info] Phase BE: Backward Elimination — LSTM @ LT=0.0 round 2: 10 features kept, val_prec=0.5527
[LN187    ] [chunk_XX_phase_backward_elimination.py] [info] Phase BE: Backward Elimination — LSTM: completed (50 total feature-kept entries across thresholds)
[LN188    ] [chunk_XX_phase_backward_elimination.py] [info] Phase BE: Backward Elimination — Dense: starting elimination
[LN189    ] [chunk_XX_phase_backward_elimination.py] [info] Phase BE: Backward Elimination — Dense @ LT=20.0 round 1: 17 features kept, val_prec=0.0000
[LN190    ] [chunk_XX_phase_backward_elimination.py] [info] Phase BE: Backward Elimination — Dense @ LT=20.0 round 2: 10 features kept, val_prec=0.0000
[LN191    ] [chunk_XX_phase_backward_elimination.py] [info] Phase BE: Backward Elimination — Dense @ LT=15.0 round 1: 17 features kept, val_prec=0.0000
[LN192    ] [chunk_XX_phase_backward_elimination.py] [info] Phase BE: Backward Elimination — Dense @ LT=15.0 round 2: 10 features kept, val_prec=0.0000
[LN193    ] [chunk_XX_phase_backward_elimination.py] [info] Phase BE: Backward Elimination — Dense @ LT=10.0 round 1: 17 features kept, val_prec=0.0000
[LN194    ] [chunk_XX_phase_backward_elimination.py] [info] Phase BE: Backward Elimination — Dense @ LT=10.0 round 2: 10 features kept, val_prec=0.0000
[LN195    ] [chunk_XX_phase_backward_elimination.py] [info] Phase BE: Backward Elimination — Dense @ LT=5.0 round 1: 17 features kept, val_prec=0.2000
[LN196    ] [chunk_XX_phase_backward_elimination.py] [info] Phase BE: Backward Elimination — Dense @ LT=5.0 round 2: 10 features kept, val_prec=0.5000
[LN197    ] [chunk_XX_phase_backward_elimination.py] [info] Phase BE: Backward Elimination — Dense @ LT=0.0 round 1: 17 features kept, val_prec=0.5508
[LN198    ] [chunk_XX_phase_backward_elimination.py] [info] Phase BE: Backward Elimination — Dense @ LT=0.0 round 2: 10 features kept, val_prec=0.5527
[LN199    ] [chunk_XX_phase_backward_elimination.py] [info] Phase BE: Backward Elimination — Dense: completed (50 total feature-kept entries across thresholds)
[LN200    ] [chunk_XX_phase_backward_elimination.py] [info] Phase BE: Backward Elimination — VAE: starting elimination
[LN201    ] [chunk_XX_phase_backward_elimination.py] [info] Phase BE: Backward Elimination — VAE @ LT=20.0 round 1: 17 features kept, val_prec=0.0000
[LN202    ] [chunk_XX_phase_backward_elimination.py] [info] Phase BE: Backward Elimination — VAE @ LT=20.0 round 2: 10 features kept, val_prec=0.0000
[LN203    ] [chunk_XX_phase_backward_elimination.py] [info] Phase BE: Backward Elimination — VAE @ LT=15.0 round 1: 17 features kept, val_prec=0.0000
[LN204    ] [chunk_XX_phase_backward_elimination.py] [info] Phase BE: Backward Elimination — VAE @ LT=15.0 round 2: 10 features kept, val_prec=0.0000
[LN205    ] [chunk_XX_phase_backward_elimination.py] [info] Phase BE: Backward Elimination — VAE @ LT=10.0 round 1: 17 features kept, val_prec=0.0000
[LN206    ] [chunk_XX_phase_backward_elimination.py] [info] Phase BE: Backward Elimination — VAE @ LT=10.0 round 2: 10 features kept, val_prec=0.0000
[LN207    ] [chunk_XX_phase_backward_elimination.py] [info] Phase BE: Backward Elimination — VAE @ LT=5.0 round 1: 17 features kept, val_prec=0.2000
[LN208    ] [chunk_XX_phase_backward_elimination.py] [info] Phase BE: Backward Elimination — VAE @ LT=5.0 round 2: 10 features kept, val_prec=0.5000
[LN209    ] [chunk_XX_phase_backward_elimination.py] [info] Phase BE: Backward Elimination — VAE @ LT=0.0 round 1: 17 features kept, val_prec=0.5508
[LN210    ] [chunk_XX_phase_backward_elimination.py] [info] Phase BE: Backward Elimination — VAE @ LT=0.0 round 2: 10 features kept, val_prec=0.5527
[LN211    ] [chunk_XX_phase_backward_elimination.py] [info] Phase BE: Backward Elimination — VAE: completed (50 total feature-kept entries across thresholds)
[LN212    ] [chunk_XX_phase_backward_elimination.py] [info] Phase BE: Backward Elimination — Transformer: starting elimination
[LN213    ] [chunk_XX_phase_backward_elimination.py] [info] Phase BE: Backward Elimination — Transformer @ LT=20.0 round 1: 17 features kept, val_prec=0.0000
[LN214    ] [chunk_XX_phase_backward_elimination.py] [info] Phase BE: Backward Elimination — Transformer @ LT=20.0 round 2: 10 features kept, val_prec=0.0000
[LN215    ] [chunk_XX_phase_backward_elimination.py] [info] Phase BE: Backward Elimination — Transformer @ LT=15.0 round 1: 17 features kept, val_prec=0.0000
[LN216    ] [chunk_XX_phase_backward_elimination.py] [info] Phase BE: Backward Elimination — Transformer @ LT=15.0 round 2: 10 features kept, val_prec=0.0000
[LN217    ] [chunk_XX_phase_backward_elimination.py] [info] Phase BE: Backward Elimination — Transformer @ LT=10.0 round 1: 17 features kept, val_prec=0.0000
[LN218    ] [chunk_XX_phase_backward_elimination.py] [info] Phase BE: Backward Elimination — Transformer @ LT=10.0 round 2: 10 features kept, val_prec=0.0000
[LN219    ] [chunk_XX_phase_backward_elimination.py] [info] Phase BE: Backward Elimination — Transformer @ LT=5.0 round 1: 17 features kept, val_prec=0.2000
[LN220    ] [chunk_XX_phase_backward_elimination.py] [info] Phase BE: Backward Elimination — Transformer @ LT=5.0 round 2: 10 features kept, val_prec=0.5000
[LN221    ] [chunk_XX_phase_backward_elimination.py] [info] Phase BE: Backward Elimination — Transformer @ LT=0.0 round 1: 17 features kept, val_prec=0.5508
[LN222    ] [chunk_XX_phase_backward_elimination.py] [info] Phase BE: Backward Elimination — Transformer @ LT=0.0 round 2: 10 features kept, val_prec=0.5527
[LN223    ] [chunk_XX_phase_backward_elimination.py] [info] Phase BE: Backward Elimination — Transformer: completed (50 total feature-kept entries across thresholds)
[LN224    ] [chunk_XX_phase_backward_elimination.py] [info] Phase BE: Backward Elimination — CatBoost: starting elimination
[LN225    ] [chunk_XX_phase_backward_elimination.py] [info] Phase BE: Backward Elimination — CatBoost @ LT=20.0 round 1: 17 features kept, val_prec=0.0266
[LN226    ] [chunk_XX_phase_backward_elimination.py] [info] Phase BE: Backward Elimination — CatBoost @ LT=20.0 round 2: stopped (val_prec 0.0252 < best 0.0266 × 0.9900)
[LN227    ] [chunk_XX_phase_backward_elimination.py] [info] Phase BE: Backward Elimination — CatBoost @ LT=15.0 round 1: 17 features kept, val_prec=0.0381
[LN228    ] [chunk_XX_phase_backward_elimination.py] [info] Phase BE: Backward Elimination — CatBoost @ LT=15.0 round 2: stopped (val_prec 0.0374 < best 0.0381 × 0.9900)
[LN229    ] [chunk_XX_phase_backward_elimination.py] [info] Phase BE: Backward Elimination — CatBoost @ LT=10.0 round 1: 17 features kept, val_prec=0.0678
[LN230    ] [chunk_XX_phase_backward_elimination.py] [info] Phase BE: Backward Elimination — CatBoost @ LT=10.0 round 2: stopped (val_prec 0.0671 < best 0.0678 × 0.9900)
[LN231    ] [chunk_XX_phase_backward_elimination.py] [info] Phase BE: Backward Elimination — CatBoost @ LT=5.0 round 1: 17 features kept, val_prec=0.1550
[LN232    ] [chunk_XX_phase_backward_elimination.py] [info] Phase BE: Backward Elimination — CatBoost @ LT=5.0 round 2: 10 features kept, val_prec=0.1542
[LN233    ] [chunk_XX_phase_backward_elimination.py] [info] Phase BE: Backward Elimination — CatBoost @ LT=0.0 round 1: 17 features kept, val_prec=0.5803
[LN234    ] [chunk_XX_phase_backward_elimination.py] [info] Phase BE: Backward Elimination — CatBoost @ LT=0.0 round 2: 10 features kept, val_prec=0.5800
[LN235    ] [chunk_XX_phase_backward_elimination.py] [info] Phase BE: Backward Elimination — CatBoost: completed (71 total feature-kept entries across thresholds)
[LN236    ] [chunk_XX_phase_backward_elimination.py] [info] Phase BE: Backward Elimination — LightGBM: starting elimination
[LN237    ] [chunk_XX_phase_backward_elimination.py] [info] Phase BE: Backward Elimination — LightGBM @ LT=20.0 round 1: 17 features kept, val_prec=0.1176
[LN238    ] [chunk_XX_phase_backward_elimination.py] [info] Phase BE: Backward Elimination — LightGBM @ LT=20.0 round 2: 10 features kept, val_prec=0.1549
[LN239    ] [chunk_XX_phase_backward_elimination.py] [info] Phase BE: Backward Elimination — LightGBM @ LT=15.0 round 1: 17 features kept, val_prec=0.1389
[LN240    ] [chunk_XX_phase_backward_elimination.py] [info] Phase BE: Backward Elimination — LightGBM @ LT=15.0 round 2: 10 features kept, val_prec=0.1613
[LN241    ] [chunk_XX_phase_backward_elimination.py] [info] Phase BE: Backward Elimination — LightGBM @ LT=10.0 round 1: 17 features kept, val_prec=0.1538
[LN242    ] [chunk_XX_phase_backward_elimination.py] [info] Phase BE: Backward Elimination — LightGBM @ LT=10.0 round 2: stopped (val_prec 0.1000 < best 0.1538 × 0.9900)
[LN243    ] [chunk_XX_phase_backward_elimination.py] [info] Phase BE: Backward Elimination — LightGBM @ LT=5.0 round 1: 17 features kept, val_prec=0.2857
[LN244    ] [chunk_XX_phase_backward_elimination.py] [info] Phase BE: Backward Elimination — LightGBM @ LT=5.0 round 2: 10 features kept, val_prec=0.4286
[LN245    ] [chunk_XX_phase_backward_elimination.py] [info] Phase BE: Backward Elimination — LightGBM @ LT=0.0 round 1: 17 features kept, val_prec=0.5603
[LN246    ] [chunk_XX_phase_backward_elimination.py] [info] Phase BE: Backward Elimination — LightGBM @ LT=0.0 round 2: 10 features kept, val_prec=0.5592
[LN247    ] [chunk_XX_phase_backward_elimination.py] [info] Phase BE: Backward Elimination — LightGBM: completed (57 total feature-kept entries across thresholds)
[LN248    ] [chunk_XX_phase_backward_elimination.py] [info] Phase BE: Backward Elimination — XGBoost: starting elimination
[LN249    ] [chunk_XX_phase_backward_elimination.py] [info] Phase BE: Backward Elimination — XGBoost @ LT=20.0 round 1: 17 features kept, val_prec=0.0000
[LN250    ] [chunk_XX_phase_backward_elimination.py] [info] Phase BE: Backward Elimination — XGBoost @ LT=20.0 round 2: 10 features kept, val_prec=0.0000
[LN251    ] [chunk_XX_phase_backward_elimination.py] [info] Phase BE: Backward Elimination — XGBoost @ LT=15.0 round 1: 17 features kept, val_prec=0.5000
[LN252    ] [chunk_XX_phase_backward_elimination.py] [info] Phase BE: Backward Elimination — XGBoost @ LT=15.0 round 2: stopped (val_prec 0.0000 < best 0.5000 × 0.9900)
[LN253    ] [chunk_XX_phase_backward_elimination.py] [info] Phase BE: Backward Elimination — XGBoost @ LT=10.0 round 1: 17 features kept, val_prec=0.0000
[LN254    ] [chunk_XX_phase_backward_elimination.py] [info] Phase BE: Backward Elimination — XGBoost @ LT=10.0 round 2: 10 features kept, val_prec=0.0000
[LN255    ] [chunk_XX_phase_backward_elimination.py] [info] Phase BE: Backward Elimination — XGBoost @ LT=5.0 round 1: 17 features kept, val_prec=0.0000
[LN256    ] [chunk_XX_phase_backward_elimination.py] [info] Phase BE: Backward Elimination — XGBoost @ LT=5.0 round 2: 10 features kept, val_prec=1.0000
[LN257    ] [chunk_XX_phase_backward_elimination.py] [info] Phase BE: Backward Elimination — XGBoost @ LT=0.0 round 1: 17 features kept, val_prec=0.5604
[LN258    ] [chunk_XX_phase_backward_elimination.py] [info] Phase BE: Backward Elimination — XGBoost @ LT=0.0 round 2: 10 features kept, val_prec=0.5607
[LN259    ] [chunk_XX_phase_backward_elimination.py] [info] Phase BE: Backward Elimination — XGBoost: completed (57 total feature-kept entries across thresholds)
[LN260    ] [chunk_XX_phase_backward_elimination.py] [info] Phase BE: Backward Elimination — complete: 9 architectures processed
[LN261    ] [chunk_20_pipeline_main.py] [info] [skip] Phase BE: Backward Elimination validation skipped (no validator)
[LN262    ] [chunk_18_phase_4_ensemble.py] [info] Target column: ChangeY
[LN263    ] [chunk_18_phase_4_ensemble.py] [info] Features (34): ['Market_Cap', '52W_Low', 'Prev_Close', 'Price', 'Volume', '52W_High', 'Ticker_id', 'Perf_YTD', 'Perf_Year', 'SMA200', 'Perf_Half_Y', 'Avg_Volume', 'Perf_Quarter', 'SMA50', 'Perf_Month', 'SMA20', 'ATR', 'RSI_14', 'Perf_Week', 'Rel_Volume', 'Change', 'Price_to_52W_High', 'Volume_to_Avg_Volume', 'Price_to_52W_Low', 'Price_to_Prev_Close', 'SMA50_to_SMA200', '52W_Low_x_SMA20', 'Change_x_Volume', 'Price_to_52W_High_x_Perf_Week', '52W_Low_x_Price_to_Prev_Close', 'RSI_oversold', 'RSI_neutral_low', 'RSI_neutral_high', 'RSI_overbought']
[LN264    ] [chunk_18_phase_4_ensemble.py] [info] Per-threshold feature pruning loaded for 9 thresholds
[LN265    ] [chunk_18_phase_4_ensemble.py] [info] Training ensemble on 184408 samples
[LN266    ] [chunk_18_phase_4_ensemble.py] [info] Date split: 32 total, top 2 held out (TOP_DATES_HELD_OUT=2)
[LN267    ] [chunk_18_phase_4_ensemble.py] [info]   Remaining dates: 30 (after excluding top 2)
[LN268    ] [chunk_18_phase_4_ensemble.py] [info]   Validation split: 30% = 9 dates
[LN269    ] [chunk_18_phase_4_ensemble.py] [info]   Training split: 70% = 21 dates
[LN270    ] [chunk_18_phase_4_ensemble.py] [info] Training set: 119,310 rows, 21 unique dates
[LN271    ] [chunk_18_phase_4_ensemble.py] [info] Validation set: 53,254 rows, 9 unique dates
[LN272    ] [chunk_18_phase_4_ensemble.py] [info] [stat] split ratio: train=70.0% | validation=30.0%
[LN273    ] [chunk_18_phase_4_ensemble.py] [info] [stat] Class Distribution at Label Thresholds (20.0 to 0.0, step -5.0):
[LN274    ] [chunk_18_phase_4_ensemble.py] [info]    LABEL_THRESHOLD= 20.0: train_positives=689 ( 0.58%) | validation_positives=336 ( 0.63%) [ok]
[LN275    ] [chunk_18_phase_4_ensemble.py] [info]    LABEL_THRESHOLD= 15.0: train_positives=1,206 ( 1.01%) | validation_positives=577 ( 1.08%) [ok]
[LN276    ] [chunk_18_phase_4_ensemble.py] [info]    LABEL_THRESHOLD= 10.0: train_positives=2,554 ( 2.14%) | validation_positives=1,197 ( 2.25%) [ok]
[LN277    ] [chunk_18_phase_4_ensemble.py] [info]    LABEL_THRESHOLD=  5.0: train_positives=7,591 ( 6.36%) | validation_positives=3,873 ( 7.27%) [ok]
[LN278    ] [chunk_18_phase_4_ensemble.py] [info]    LABEL_THRESHOLD=  0.0: train_positives=59,721 (50.06%) | validation_positives=28,774 (54.03%) [ok]
[LN279    ] [chunk_18_phase_4_ensemble.py] [info] [section 1] [baseline] Training 9 architectures
[LN280    ] [chunk_18_phase_4_ensemble.py] [info] [section 1] [baseline] Testing 5 thresholds per architecture (20.0 to 0.0, step -5.0)
[LN281    ] [chunk_18_phase_4_ensemble.py] [info] [CNN] Winsorization: LOW=3 HIGH=95 (training-only percentiles)
[LN282    ] [chunk_14_models_trainer.py] [info]    class_weight=balanced (no focal_loss)
[LN283    ] [chunk_18_phase_4_ensemble.py] [info] [section 1] [CNN] [baseline] LABEL_THRESHOLD=20.0,
[LN284    ] [chunk_18_phase_4_ensemble.py] [info] [section 1] [CNN] [baseline] predictions: mean=0.0376, std=0.0307, min=0.0016, max=0.1675
[LN285    ] [chunk_18_phase_4_ensemble.py] [info] [section 1] [CNN] [baseline]  cumulative binary_split_predictions (1%) ≤ 0.0025, (5%) ≤ 0.0035, (10%) ≤ 0.0045, (25%) ≤ 0.0092, (50%) ≤ 0.0279, (75%) ≤ 0.0661, (90%) ≤ 0.0850, (95%) ≤ 0.0885, (99%) ≤ 0.0975, max=0.1675 binary_split_predictions distribution: 27% ≤ 0.01, 43% ≤ 0.02, 65% ≤ 0.05, 99% ≤ 0.1, 100% ≤ 0.2, 100% ≤ 0.5, 0% ≥ 0.50
[LN286    ] [chunk_18_phase_4_ensemble.py] [info] [section 1] [CNN] [baseline] prediction_binary_split=0.50, VALIDATION predictions at LABEL_THRESHOLD=20.0: 0.00%
[LN287    ] [chunk_18_phase_4_ensemble.py] [warning] [section 1] [CNN] [baseline] [warning] No predictions >= 0.5!
[LN288    ] [chunk_18_phase_4_ensemble.py] [info] [section 1] [CNN] [baseline] LABEL_THRESHOLD=20.0,
[LN289    ] [chunk_18_phase_4_ensemble.py] [info] [section 1] [CNN] [baseline] VALIDATION_PRECISION=0.0000 VALIDATION_TRUE_POSITIVES=0 VALIDATION_TRUE_NEGATIVES=52918 validation_false_positives=0 validation_false_negatives=336 validation_max_prediction=0.1675 validation_mean_prediction=0.0376 validation_recall=0.0000 validation_f1=0.0000 validation_auc=0.8376 validation_specificity=1.0000 validation_false_positive_rate=0.0000 validation_f2=0.0000 validation_mcc=0.0000 validation_prauc=0.0277 validation_balanced_accuracy=0.5000 validation_brier=0.0077 validation_kappa=0.0000 validation_informedness=0.0000 validation_markedness=0.0000 validation_gini=0.6752 validation_optimal_threshold=0.0720 validation_standard_deviation_prediction=0.0307 validation_percentage_above_threshold=0.00
[LN290    ] [chunk_18_phase_4_ensemble.py] [info] [section 1] [CNN] [baseline] prediction_binary_split=0.50 loss=binary_crossentropy, lr=0.001
[LN291    ] [chunk_12_evaluation_evaluator.py] [info] [CNN] label_threshold=20.0 train_below_prediction_binary_split=118,621 train_above_prediction_binary_split=689 train_positive_found=true val_below_prediction_binary_split=52,918 val_above_prediction_binary_split=336 val_positive_found=true
[LN292    ] [chunk_14_models_trainer.py] [info]    class_weight=balanced (no focal_loss)
[LN293    ] [chunk_12_evaluation_evaluator.py] [info] [reject] threshold=20.0 action=skipped reason=insufficient_positive_predictions positive_predictions=0 minimum_positive_required=5
[LN294    ] [chunk_12_evaluation_evaluator.py] [info] [CNN] label_threshold=15.0 train_below_prediction_binary_split=118,104 train_above_prediction_binary_split=1,206 train_positive_found=true val_below_prediction_binary_split=52,677 val_above_prediction_binary_split=577 val_positive_found=true
[LN295    ] [chunk_14_models_trainer.py] [info]    class_weight=balanced (no focal_loss)
[LN296    ] [chunk_12_evaluation_evaluator.py] [info] [reject] threshold=15.0 action=skipped reason=insufficient_positive_predictions positive_predictions=0 minimum_positive_required=5
[LN297    ] [chunk_12_evaluation_evaluator.py] [info] [CNN] label_threshold=10.0 train_below_prediction_binary_split=116,756 train_above_prediction_binary_split=2,554 train_positive_found=true val_below_prediction_binary_split=52,057 val_above_prediction_binary_split=1,197 val_positive_found=true
[LN298    ] [chunk_14_models_trainer.py] [info]    class_weight=balanced (no focal_loss)
[LN299    ] [chunk_12_evaluation_evaluator.py] [info] [reject] threshold=10.0 action=skipped reason=insufficient_positive_predictions positive_predictions=0 minimum_positive_required=5
[LN300    ] [chunk_12_evaluation_evaluator.py] [info] [CNN] label_threshold=5.0 train_below_prediction_binary_split=111,719 train_above_prediction_binary_split=7,591 train_positive_found=true val_below_prediction_binary_split=49,381 val_above_prediction_binary_split=3,873 val_positive_found=true
[LN301    ] [chunk_14_models_trainer.py] [info]    class_weight=balanced (no focal_loss)
[LN302    ] [chunk_12_evaluation_evaluator.py] [info] [reject] threshold=5.0 action=skipped reason=insufficient_positive_predictions positive_predictions=0 minimum_positive_required=5
[LN303    ] [chunk_12_evaluation_evaluator.py] [info] [CNN] label_threshold=0.0 train_below_prediction_binary_split=59,589 train_above_prediction_binary_split=59,721 train_positive_found=true val_below_prediction_binary_split=24,480 val_above_prediction_binary_split=28,774 val_positive_found=true
[LN304    ] [chunk_14_models_trainer.py] [info]    class_weight=balanced (no focal_loss)
[LN305    ] [chunk_12_evaluation_evaluator.py] [info] [CNN] Safeguards: type=neural, min_precision_over_baseline=0.0100, min_pos_pct=0.0000, min_pos_abs=5, patience=10
[LN306    ] [chunk_12_evaluation_evaluator.py] [info] [CNN] [diagnostic] LABEL_THRESHOLD=0.0 train_precision=0.5667 train_true_positives=34786 train_true_negatives=32996 train_false_positives=26593 train_false_negatives=24935 train_max_prediction=0.9876 train_mean_prediction=0.4945 train_recall=0.5825 train_f1=0.5745 train_auc=0.6034 train_specificity=0.5537 train_false_positive_rate=0.4463 train_f2=0.5793 train_mcc=0.1363 train_prauc=0.6039 train_balanced_accuracy=0.5681 train_brier=0.2404 train_kappa=0.1362 train_informedness=0.1362 train_markedness=0.1205 train_gini=0.2068 train_optimal_threshold=0.5116 train_standard_deviation_prediction=0.0960 train_percentage_above_threshold=51.44
[LN307    ] [chunk_12_evaluation_evaluator.py] [info] [CNN] [diagnostic] LABEL_THRESHOLD=0.0 VALIDATION_PRECISION=0.5231 VALIDATION_TRUE_POSITIVES=15074 VALIDATION_TRUE_NEGATIVES=10740 validation_false_positives=13740 validation_false_negatives=13700 validation_max_prediction=0.9877 validation_mean_prediction=0.5016 validation_recall=0.5239 validation_f1=0.5235 validation_auc=0.4757 validation_specificity=0.4387 validation_false_positive_rate=0.5613 validation_f2=0.5237 validation_mcc=-0.0374 validation_prauc=0.5460 validation_balanced_accuracy=0.4813 validation_brier=0.2665 validation_kappa=-0.0374 validation_informedness=-0.0374 validation_markedness=-0.0381 validation_gini=0.0000 validation_optimal_threshold=0.6859 validation_standard_deviation_prediction=0.1140 validation_percentage_above_threshold=54.11
[LN308    ] [chunk_18_phase_4_ensemble.py] [info] [section 1] [CNN] [label_threshold_optimal]  cumulative binary_split_predictions (1%) ≤ 0.2478, (5%) ≤ 0.2997, (10%) ≤ 0.3400, (25%) ≤ 0.4315, (50%) ≤ 0.5100, (75%) ≤ 0.5767, (90%) ≤ 0.6372, (95%) ≤ 0.6721, (99%) ≤ 0.7845, max=0.9877 binary_split_predictions distribution: 0% ≤ 0.01, 0% ≤ 0.02, 0% ≤ 0.05, 0% ≤ 0.1, 0% ≤ 0.2, 46% ≤ 0.5, 54% ≥ 0.50
[LN309    ] [chunk_18_phase_4_ensemble.py] [info] [section 1] [CNN] [label_threshold_optimal] LABEL_THRESHOLD=0.0
[LN310    ] [chunk_18_phase_4_ensemble.py] [info] [section 1] [CNN] [label_threshold_optimal] train_precision=0.5667 train_true_positives=34786 train_true_negatives=32996 train_false_positives=26593 train_false_negatives=24935 train_max_prediction=0.9876 train_mean_prediction=0.4945 train_recall=0.5825 train_f1=0.5745 train_auc=0.6034 train_specificity=0.5537 train_false_positive_rate=0.4463 train_f2=0.5793 train_mcc=0.1363 train_prauc=0.6039 train_balanced_accuracy=0.5681 train_brier=0.2404 train_kappa=0.1362 train_informedness=0.1362 train_markedness=0.1205 train_gini=0.2068 train_optimal_threshold=0.5116 train_standard_deviation_prediction=0.0960 train_percentage_above_threshold=51.44
[LN311    ] [chunk_18_phase_4_ensemble.py] [info] [section 1] [CNN] [label_threshold_optimal] VALIDATION_PRECISION=0.5231 VALIDATION_TRUE_POSITIVES=15074 VALIDATION_TRUE_NEGATIVES=10740 validation_false_positives=13740 validation_false_negatives=13700 validation_max_prediction=0.9877 validation_mean_prediction=0.5016 validation_recall=0.5239 validation_f1=0.5235 validation_auc=0.4757 validation_specificity=0.4387 validation_false_positive_rate=0.5613 validation_f2=0.5237 validation_mcc=-0.0374 validation_prauc=0.5460 validation_balanced_accuracy=0.4813 validation_brier=0.2665 validation_kappa=-0.0374 validation_informedness=-0.0374 validation_markedness=-0.0381 validation_gini=0.0000 validation_optimal_threshold=0.6859 validation_standard_deviation_prediction=0.1140 validation_percentage_above_threshold=54.11
[LN312    ] [chunk_18_phase_4_ensemble.py] [info] [section 1] [CNN] [label_threshold_optimal] prediction_binary_split=0.50
[LN313    ] [chunk_21_hyperparam_optimizer.py] [info] [section 2] [CNN] [hyperparameter_optimization search] Running Bayesian optimization (5 trials)...
[LN314    ] [chunk_14_models_trainer.py] [info]    class_weight=balanced (no focal_loss)
[LN315    ] [chunk_21_hyperparam_optimizer.py] [info] [section 2] [CNN] [hyperparameter_optimization search baseline] LABEL_THRESHOLD=0.0
[LN316    ] [chunk_21_hyperparam_optimizer.py] [info] [section 2] [CNN] [hyperparameter_optimization search baseline] VALIDATION_PRECISION=0.5403 VALIDATION_TRUE_POSITIVES=28774 VALIDATION_TRUE_NEGATIVES=0 validation_false_positives=24480 validation_false_negatives=0 validation_max_prediction=0.5073 validation_mean_prediction=0.5073 validation_recall=1.0000 validation_f1=0.7016 validation_auc=0.5000 validation_specificity=0.0000 validation_false_positive_rate=1.0000 validation_f2=0.8546 validation_mcc=0.0000 validation_prauc=0.5403 validation_balanced_accuracy=0.5000 validation_brier=0.2495 validation_kappa=0.0000 validation_informedness=0.0000 validation_markedness=-0.4597 validation_gini=0.0000 validation_optimal_threshold=inf validation_standard_deviation_prediction=0.0000 validation_percentage_above_threshold=100.00
[LN317    ] [chunk_21_hyperparam_optimizer.py] [info] [section 2] [CNN] [hyperparameter_optimization search baseline] TRIAL 1/5: loss_function=binary_crossentropy, filters=64, kernel_size=3, dropout=0.1, learning_rate=0.01, epochs=30, alpha=0.75, gamma=2.0, layers=3, pooling=none
[LN318    ] [chunk_14_models_trainer.py] [info]    class_weight=balanced (no focal_loss)
[LN319    ] [chunk_21_hyperparam_optimizer.py] [info] [section 2] [CNN] [hyperparameter_optimization search baseline] LABEL_THRESHOLD=0.0
[LN320    ] [chunk_21_hyperparam_optimizer.py] [info] [section 2] [CNN] [hyperparameter_optimization search baseline] VALIDATION_PRECISION=0.5403 VALIDATION_TRUE_POSITIVES=28774 VALIDATION_TRUE_NEGATIVES=0 validation_false_positives=24480 validation_false_negatives=0 validation_max_prediction=0.5096 validation_mean_prediction=0.5096 validation_recall=1.0000 validation_f1=0.7016 validation_auc=0.5000 validation_specificity=0.0000 validation_false_positive_rate=1.0000 validation_f2=0.8546 validation_mcc=0.0000 validation_prauc=0.5403 validation_balanced_accuracy=0.5000 validation_brier=0.2493 validation_kappa=0.0000 validation_informedness=0.0000 validation_markedness=-0.4597 validation_gini=0.0000 validation_optimal_threshold=inf validation_standard_deviation_prediction=0.0000 validation_percentage_above_threshold=100.00
[LN321    ] [chunk_21_hyperparam_optimizer.py] [info] [section 2] [CNN] [hyperparameter_optimization search baseline] TRIAL 2/5: loss_function=binary_crossentropy, filters=512, kernel_size=3, dropout=0.1, learning_rate=0.01, epochs=30, alpha=0.25, gamma=2.0, layers=2, pooling=max
[LN322    ] [chunk_14_models_trainer.py] [info]    class_weight=balanced (no focal_loss)
[LN323    ] [chunk_21_hyperparam_optimizer.py] [info] [section 2] [CNN] [hyperparameter_optimization search baseline] LABEL_THRESHOLD=0.0
[LN324    ] [chunk_21_hyperparam_optimizer.py] [info] [section 2] [CNN] [hyperparameter_optimization search baseline] VALIDATION_PRECISION=0.5220 VALIDATION_TRUE_POSITIVES=16420 VALIDATION_TRUE_NEGATIVES=9445 validation_false_positives=15035 validation_false_negatives=12354 validation_max_prediction=0.7338 validation_mean_prediction=0.5233 validation_recall=0.5707 validation_f1=0.5453 validation_auc=0.4863 validation_specificity=0.3858 validation_false_positive_rate=0.6142 validation_f2=0.5602 validation_mcc=-0.0441 validation_prauc=0.5556 validation_balanced_accuracy=0.4782 validation_brier=0.2535 validation_kappa=-0.0439 validation_informedness=-0.0435 validation_markedness=-0.0922 validation_gini=0.0000 validation_optimal_threshold=0.5776 validation_standard_deviation_prediction=0.0620 validation_percentage_above_threshold=59.07
[LN325    ] [chunk_21_hyperparam_optimizer.py] [info] [section 2] [CNN] [hyperparameter_optimization search baseline] TRIAL 3/5: loss_function=binary_crossentropy, filters=64, kernel_size=11, dropout=0.2, learning_rate=0.0005, epochs=80, alpha=1.0, gamma=2.5, layers=2, pooling=max
[LN326    ] [chunk_14_models_trainer.py] [info]    class_weight=None (focal_loss active — skipping balanced class_weight)
[LN327    ] [chunk_21_hyperparam_optimizer.py] [info] [section 2] [CNN] [hyperparameter_optimization search baseline] LABEL_THRESHOLD=0.0
[LN328    ] [chunk_21_hyperparam_optimizer.py] [info] [section 2] [CNN] [hyperparameter_optimization search baseline] VALIDATION_PRECISION=0.5403 VALIDATION_TRUE_POSITIVES=28774 VALIDATION_TRUE_NEGATIVES=0 validation_false_positives=24480 validation_false_negatives=0 validation_max_prediction=0.5041 validation_mean_prediction=0.5041 validation_recall=1.0000 validation_f1=0.7016 validation_auc=0.5000 validation_specificity=0.0000 validation_false_positive_rate=1.0000 validation_f2=0.8546 validation_mcc=0.0000 validation_prauc=0.5403 validation_balanced_accuracy=0.5000 validation_brier=0.2497 validation_kappa=0.0000 validation_informedness=0.0000 validation_markedness=-0.4597 validation_gini=0.0000 validation_optimal_threshold=0.5041 validation_standard_deviation_prediction=0.0000 validation_percentage_above_threshold=100.00
[LN329    ] [chunk_21_hyperparam_optimizer.py] [info] [section 2] [CNN] [hyperparameter_optimization search baseline] TRIAL 4/5: loss_function=focal_loss, filters=256, kernel_size=5, dropout=0.05, learning_rate=0.005, epochs=30, alpha=0.75, gamma=3.0, layers=3, pooling=max
[LN330    ] [chunk_14_models_trainer.py] [info]    class_weight=balanced (no focal_loss)
[LN331    ] [chunk_21_hyperparam_optimizer.py] [info] [section 2] [CNN] [hyperparameter_optimization search baseline] LABEL_THRESHOLD=0.0
[LN332    ] [chunk_21_hyperparam_optimizer.py] [info] [section 2] [CNN] [hyperparameter_optimization search baseline] VALIDATION_PRECISION=0.5261 VALIDATION_TRUE_POSITIVES=13650 VALIDATION_TRUE_NEGATIVES=12182 validation_false_positives=12298 validation_false_negatives=15124 validation_max_prediction=0.7376 validation_mean_prediction=0.4983 validation_recall=0.4744 validation_f1=0.4989 validation_auc=0.4784 validation_specificity=0.4976 validation_false_positive_rate=0.5024 validation_f2=0.4839 validation_mcc=-0.0279 validation_prauc=0.5392 validation_balanced_accuracy=0.4860 validation_brier=0.2530 validation_kappa=-0.0277 validation_informedness=-0.0280 validation_markedness=0.0237 validation_gini=0.0000 validation_optimal_threshold=0.5850 validation_standard_deviation_prediction=0.0407 validation_percentage_above_threshold=48.72
[LN333    ] [chunk_21_hyperparam_optimizer.py] [info] [section 2] [CNN] [hyperparameter_optimization search baseline] TRIAL 5/5: loss_function=binary_crossentropy, filters=256, kernel_size=7, dropout=0.2, learning_rate=0.001, epochs=80, alpha=0.75, gamma=2.5, layers=3, pooling=max
[LN334    ] [chunk_21_hyperparam_optimizer.py] [info] [section 2] [CNN] [best trial] LABEL_THRESHOLD=0.0
[LN335    ] [chunk_21_hyperparam_optimizer.py] [info] [section 2] [CNN] [best trial] VALIDATION_PRECISION=0.5403 VALIDATION_TRUE_POSITIVES=28774 VALIDATION_TRUE_NEGATIVES=0 validation_false_positives=24480 validation_false_negatives=0 validation_max_prediction=0.5073 validation_mean_prediction=0.5073 validation_recall=1.0000 validation_f1=0.7016 validation_auc=0.5000 validation_specificity=0.0000 validation_false_positive_rate=1.0000 validation_f2=0.8546 validation_mcc=0.0000 validation_prauc=0.5403 validation_balanced_accuracy=0.5000 validation_brier=0.2495 validation_kappa=0.0000 validation_informedness=0.0000 validation_markedness=-0.4597 validation_gini=0.0000 validation_optimal_threshold=inf validation_standard_deviation_prediction=0.0000 validation_percentage_above_threshold=100.00
[LN336    ] [chunk_21_hyperparam_optimizer.py] [info] [section 2] [CNN] [best trial] loss_function=binary_crossentropy, filters=64, kernel_size=3, dropout=0.1, learning_rate=0.01, epochs=30, alpha=0.75, gamma=2.0, layers=3, pooling=none
[LN337    ] [chunk_18_phase_4_ensemble.py] [info]    [diagnostic-hyperparameter_optimization]  cumulative binary_split_predictions (1%) ≤ 0.5073, (5%) ≤ 0.5073, (10%) ≤ 0.5073, (25%) ≤ 0.5073, (50%) ≤ 0.5073, (75%) ≤ 0.5073, (90%) ≤ 0.5073, (95%) ≤ 0.5073, (99%) ≤ 0.5073, max=0.5073 binary_split_predictions distribution: 0% ≤ 0.01, 0% ≤ 0.02, 0% ≤ 0.05, 0% ≤ 0.1, 0% ≤ 0.2, 0% ≤ 0.5, 100% ≥ 0.50
[LN338    ] [chunk_18_phase_4_ensemble.py] [info]    hyperparameter_optimization improved: 0.5403 > 0.5231
[LN339    ] [chunk_18_phase_4_ensemble.py] [info] [section 3] [CNN] [HYPERPARAMETER_OPTIMIZATION] LABEL_THRESHOLD=0.0,
[LN340    ] [chunk_18_phase_4_ensemble.py] [info] [section 3] [CNN] [HYPERPARAMETER_OPTIMIZATION] VALIDATION_PRECISION=0.5403 VALIDATION_TRUE_POSITIVES=28774 VALIDATION_TRUE_NEGATIVES=0 validation_false_positives=24480 validation_false_negatives=0 validation_max_prediction=0.5073 validation_mean_prediction=0.5073 validation_recall=1.0000 validation_f1=0.7016 validation_auc=0.5000 validation_specificity=0.0000 validation_false_positive_rate=1.0000 validation_f2=0.8546 validation_mcc=0.0000 validation_prauc=0.5403 validation_balanced_accuracy=0.5000 validation_brier=0.2495 validation_kappa=0.0000 validation_informedness=0.0000 validation_markedness=-0.4597 validation_gini=0.0000 validation_optimal_threshold=inf validation_standard_deviation_prediction=0.0000 validation_percentage_above_threshold=100.00
[LN341    ] [chunk_18_phase_4_ensemble.py] [info] [section 3] [CNN] [HYPERPARAMETER_OPTIMIZATION] prediction_binary_split=0.50 hyperparams=(loss=binary_crossentropy lr=0.01 dropout=0.1 alpha=0.75 gamma=2.0 latent_dim=0) improved=True {'loss_function': 'binary_crossentropy', 'filters': 64, 'kernel_size': 3, 'dropout': 0.1, 'learning_rate': 0.01, 'epochs': 30, 'alpha': 0.75, 'gamma': 2.0, 'layers': 3, 'pooling': 'none'}
[LN342    ] [chunk_18_phase_4_ensemble.py] [info]    Running post hyperparameter_optimization threshold search for CNN...
[LN343    ] [chunk_12_evaluation_evaluator.py] [info] [CNN] label_threshold=20.0 train_below_prediction_binary_split=118,621 train_above_prediction_binary_split=689 train_positive_found=true val_below_prediction_binary_split=52,918 val_above_prediction_binary_split=336 val_positive_found=true
[LN344    ] [chunk_12_evaluation_evaluator.py] [info] [CNN] [reject] skipping LABEL_THRESHOLD=20.0: pos_pred_ratio=100.00% outside [0%, 65%]
[LN345    ] [chunk_12_evaluation_evaluator.py] [info] [CNN] label_threshold=15.0 train_below_prediction_binary_split=118,104 train_above_prediction_binary_split=1,206 train_positive_found=true val_below_prediction_binary_split=52,677 val_above_prediction_binary_split=577 val_positive_found=true
[LN346    ] [chunk_12_evaluation_evaluator.py] [info] [CNN] [reject] skipping LABEL_THRESHOLD=15.0: pos_pred_ratio=100.00% outside [0%, 65%]
[LN347    ] [chunk_12_evaluation_evaluator.py] [info] [CNN] label_threshold=10.0 train_below_prediction_binary_split=116,756 train_above_prediction_binary_split=2,554 train_positive_found=true val_below_prediction_binary_split=52,057 val_above_prediction_binary_split=1,197 val_positive_found=true
[LN348    ] [chunk_12_evaluation_evaluator.py] [info] [CNN] [reject] skipping LABEL_THRESHOLD=10.0: pos_pred_ratio=100.00% outside [0%, 65%]
[LN349    ] [chunk_12_evaluation_evaluator.py] [info] [CNN] label_threshold=5.0 train_below_prediction_binary_split=111,719 train_above_prediction_binary_split=7,591 train_positive_found=true val_below_prediction_binary_split=49,381 val_above_prediction_binary_split=3,873 val_positive_found=true
[LN350    ] [chunk_12_evaluation_evaluator.py] [info] [CNN] [reject] skipping LABEL_THRESHOLD=5.0: pos_pred_ratio=100.00% outside [0%, 65%]
[LN351    ] [chunk_12_evaluation_evaluator.py] [info] [CNN] label_threshold=0.0 train_below_prediction_binary_split=59,589 train_above_prediction_binary_split=59,721 train_positive_found=true val_below_prediction_binary_split=24,480 val_above_prediction_binary_split=28,774 val_positive_found=true
[LN352    ] [chunk_12_evaluation_evaluator.py] [info] [CNN] [reject] skipping LABEL_THRESHOLD=0.0: pos_pred_ratio=100.00% outside [0%, 65%]
[LN353    ] [chunk_18_phase_4_ensemble.py] [info]    hyperparameter_optimization model threshold search: LABEL_THRESHOLD=0.0, VALIDATION_PRECISION=0.5403
[LN354    ] [chunk_18_phase_4_ensemble.py] [info]    post hyperparameter_optimization threshold search: LABEL_THRESHOLD=20.0, VALIDATION_PRECISION=0.0000
[LN355    ] [chunk_18_phase_4_ensemble.py] [info]    post hyperparameter_optimization no improvement: keeping LABEL_THRESHOLD=0.0
[LN356    ] [chunk_18_phase_4_ensemble.py] [info] [section 4] [CNN] [post hyperparameter_optimization] [diagnostic]  cumulative binary_split_predictions (1%) ≤ 0.5073, (5%) ≤ 0.5073, (10%) ≤ 0.5073, (25%) ≤ 0.5073, (50%) ≤ 0.5073, (75%) ≤ 0.5073, (90%) ≤ 0.5073, (95%) ≤ 0.5073, (99%) ≤ 0.5073, max=0.5073 binary_split_predictions distribution: 0% ≤ 0.01, 0% ≤ 0.02, 0% ≤ 0.05, 0% ≤ 0.1, 0% ≤ 0.2, 0% ≤ 0.5, 100% ≥ 0.50
[LN357    ] [chunk_18_phase_4_ensemble.py] [info] [section 4] [CNN] [post hyperparameter_optimization] LABEL_THRESHOLD=0.0,
[LN358    ] [chunk_18_phase_4_ensemble.py] [info] [section 4] [CNN] [post hyperparameter_optimization] VALIDATION_PRECISION=0.5403 VALIDATION_TRUE_POSITIVES=28774 VALIDATION_TRUE_NEGATIVES=0 validation_false_positives=24480 validation_false_negatives=0 validation_max_prediction=0.5073 validation_mean_prediction=0.5073 validation_recall=1.0000 validation_f1=0.7016 validation_auc=0.5000 validation_specificity=0.0000 validation_false_positive_rate=1.0000 validation_f2=0.8546 validation_mcc=0.0000 validation_prauc=0.5403 validation_balanced_accuracy=0.5000 validation_brier=0.2495 validation_kappa=0.0000 validation_informedness=0.0000 validation_markedness=-0.4597 validation_gini=0.0000 validation_optimal_threshold=inf validation_standard_deviation_prediction=0.0000 validation_percentage_above_threshold=100.00
[LN359    ] [chunk_18_phase_4_ensemble.py] [info] [section 4] [CNN] [post hyperparameter_optimization] prediction_binary_split=0.50 hyperparams=(loss=binary_crossentropy lr=0.01 dropout=0.1 alpha=0.75 gamma=2.0 latent_dim=64) source=section3
[LN360    ] [chunk_18_phase_4_ensemble.py] [info]    Using Hyperparameter_Optimized model directly (no change to Label_Threshold)
[LN361    ] [chunk_18_phase_4_ensemble.py] [info]    Train predictions: mean=0.5073, std=0.0000, min=0.5073, max=0.5073
[LN362    ] [chunk_18_phase_4_ensemble.py] [info]    validation predictions:   mean=0.5073, std=0.0000, min=0.5073, max=0.5073
[LN363    ] [chunk_18_phase_4_ensemble.py] [warning]    [warning] Near-constant predictions: train_std=0.000000, val_std=0.000000
[LN364    ] [chunk_18_phase_4_ensemble.py] [info] [section 5] [CNN] [final] [diagnostic] Train  cumulative binary_split_predictions (1%) ≤ 0.5073, (5%) ≤ 0.5073, (10%) ≤ 0.5073, (25%) ≤ 0.5073, (50%) ≤ 0.5073, (75%) ≤ 0.5073, (90%) ≤ 0.5073, (95%) ≤ 0.5073, (99%) ≤ 0.5073, max=0.5073 binary_split_predictions distribution: 0% ≤ 0.01, 0% ≤ 0.02, 0% ≤ 0.05, 0% ≤ 0.1, 0% ≤ 0.2, 0% ≤ 0.5, 100% ≥ 0.50
[LN365    ] [chunk_18_phase_4_ensemble.py] [info] [section 5] [CNN] [final] [diagnostic] validation    cumulative binary_split_predictions (1%) ≤ 0.5073, (5%) ≤ 0.5073, (10%) ≤ 0.5073, (25%) ≤ 0.5073, (50%) ≤ 0.5073, (75%) ≤ 0.5073, (90%) ≤ 0.5073, (95%) ≤ 0.5073, (99%) ≤ 0.5073, max=0.5073 binary_split_predictions distribution: 0% ≤ 0.01, 0% ≤ 0.02, 0% ≤ 0.05, 0% ≤ 0.1, 0% ≤ 0.2, 0% ≤ 0.5, 100% ≥ 0.50
[LN366    ] [chunk_18_phase_4_ensemble.py] [info]    Train predictions: 100.00% positive predictions (119,310 / 119,310)
[LN367    ] [chunk_18_phase_4_ensemble.py] [info]    validation predictions:   100.00% positive predictions (53,254 / 53,254)
[LN368    ] [chunk_18_phase_4_ensemble.py] [info]    [info] Section 4 all rejected - using Section 3 results for Section 5
[LN369    ] [chunk_18_phase_4_ensemble.py] [info]    [diagnostic] prediction_buckets: 0-10:0, 10-20:0, 20-30:0, 30-40:0, 40-50:53254, 50-60:0, 60-70:0, 70-80:0, 80-90:0, 90-100:0
[LN370    ] [chunk_18_phase_4_ensemble.py] [info] [section 5] [CNN] [final] LABEL_THRESHOLD=0.0,
[LN371    ] [chunk_18_phase_4_ensemble.py] [info] [section 5] [CNN] [final] train_precision=0.5006 train_true_positives=59721 train_true_negatives=0 train_false_positives=59589 train_false_negatives=0 train_max_prediction=0.5073 train_mean_prediction=0.5073 train_recall=1.0000 train_f1=0.6672 train_auc=0.5000 train_specificity=0.0000 train_false_positive_rate=1.0000 train_f2=0.8336 train_mcc=0.0000 train_prauc=0.5006 train_balanced_accuracy=0.5000 train_standard_deviation_prediction=0.0000 train_percentage_above_threshold=100.00 train_brier=0.2500 train_kappa=0.0000 train_informedness=0.0000 train_markedness=-0.4994 train_gini=0.0000 train_optimal_threshold=inf
[LN372    ] [chunk_18_phase_4_ensemble.py] [info] [section 5] [CNN] [final] VALIDATION_PRECISION=0.5403 VALIDATION_TRUE_POSITIVES=28774 VALIDATION_TRUE_NEGATIVES=0 validation_false_positives=24480 validation_false_negatives=0 validation_max_prediction=0.5073 validation_mean_prediction=0.5073 validation_recall=1.0000 validation_f1=0.7016 validation_auc=0.5000 validation_specificity=0.0000 validation_false_positive_rate=1.0000 validation_f2=0.8546 validation_mcc=0.0000 validation_prauc=0.5403 validation_balanced_accuracy=0.5000 validation_brier=0.2495 validation_kappa=0.0000 validation_informedness=0.0000 validation_markedness=-0.4597 validation_gini=0.0000 validation_optimal_threshold=inf validation_standard_deviation_prediction=0.0000 validation_percentage_above_threshold=100.00
[LN373    ] [chunk_18_phase_4_ensemble.py] [info] [section 5] [CNN] [final] prediction_binary_split=0.50 hyperparams=(loss=binary_crossentropy lr=0.01 dropout=0.1 alpha=0.75 gamma=2.0 latent_dim=64) (using HPO model directly)
[LN374    ] [chunk_18_phase_4_ensemble.py] [info]    CNN loss=binary_crossentropy pred_threshold=0.5 epochs=30
[LN375    ] [chunk_18_phase_4_ensemble.py] [info]    [CNN] hyperparameter_optimization: filters=64, kernel_size=3, dropout=0.1, learning_rate=0.01, alpha=0.75, gamma=2.0, layers=3
[LN376    ] [chunk_18_phase_4_ensemble.py] [info]    CNN training time: 5744.4s
[LN377    ] [chunk_18_phase_4_ensemble.py] [info] [pass] CNN trained successfully
[LN378    ] [chunk_18_phase_4_ensemble.py] [info] [RNN] Winsorization: LOW=3 HIGH=97 (training-only percentiles)
[LN379    ] [chunk_14_models_trainer.py] [info]    class_weight=balanced (no focal_loss)
[LN380    ] [chunk_18_phase_4_ensemble.py] [info] [section 1] [RNN] [baseline] LABEL_THRESHOLD=20.0,
[LN381    ] [chunk_18_phase_4_ensemble.py] [info] [section 1] [RNN] [baseline] predictions: mean=0.0270, std=0.0418, min=0.0009, max=0.2346
[LN382    ] [chunk_18_phase_4_ensemble.py] [info] [section 1] [RNN] [baseline]  cumulative binary_split_predictions (1%) ≤ 0.0012, (5%) ≤ 0.0015, (10%) ≤ 0.0017, (25%) ≤ 0.0026, (50%) ≤ 0.0059, (75%) ≤ 0.0326, (90%) ≤ 0.0906, (95%) ≤ 0.1232, (99%) ≤ 0.1833, max=0.2346 binary_split_predictions distribution: 59% ≤ 0.01, 68% ≤ 0.02, 81% ≤ 0.05, 92% ≤ 0.1, 99% ≤ 0.2, 100% ≤ 0.5, 0% ≥ 0.50
[LN383    ] [chunk_18_phase_4_ensemble.py] [info] [section 1] [RNN] [baseline] prediction_binary_split=0.50, VALIDATION predictions at LABEL_THRESHOLD=20.0: 0.00%
[LN384    ] [chunk_18_phase_4_ensemble.py] [warning] [section 1] [RNN] [baseline] [warning] No predictions >= 0.5!
[LN385    ] [chunk_18_phase_4_ensemble.py] [info] [section 1] [RNN] [baseline] LABEL_THRESHOLD=20.0,
[LN386    ] [chunk_18_phase_4_ensemble.py] [info] [section 1] [RNN] [baseline] VALIDATION_PRECISION=0.0000 VALIDATION_TRUE_POSITIVES=0 VALIDATION_TRUE_NEGATIVES=52918 validation_false_positives=0 validation_false_negatives=336 validation_max_prediction=0.2346 validation_mean_prediction=0.0270 validation_recall=0.0000 validation_f1=0.0000 validation_auc=0.8775 validation_specificity=1.0000 validation_false_positive_rate=0.0000 validation_f2=0.0000 validation_mcc=0.0000 validation_prauc=0.0419 validation_balanced_accuracy=0.5000 validation_brier=0.0075 validation_kappa=0.0000 validation_informedness=0.0000 validation_markedness=0.0000 validation_gini=0.7551 validation_optimal_threshold=0.0236 validation_standard_deviation_prediction=0.0418 validation_percentage_above_threshold=0.00
[LN387    ] [chunk_18_phase_4_ensemble.py] [info] [section 1] [RNN] [baseline] prediction_binary_split=0.50 loss=binary_crossentropy, lr=0.001
[LN388    ] [chunk_12_evaluation_evaluator.py] [info] [RNN] label_threshold=20.0 train_below_prediction_binary_split=118,621 train_above_prediction_binary_split=689 train_positive_found=true val_below_prediction_binary_split=52,918 val_above_prediction_binary_split=336 val_positive_found=true
[LN389    ] [chunk_14_models_trainer.py] [info]    class_weight=balanced (no focal_loss)
[LN390    ] [chunk_12_evaluation_evaluator.py] [info] [reject] threshold=20.0 action=skipped reason=insufficient_positive_predictions positive_predictions=0 minimum_positive_required=5
[LN391    ] [chunk_12_evaluation_evaluator.py] [info] [RNN] label_threshold=15.0 train_below_prediction_binary_split=118,104 train_above_prediction_binary_split=1,206 train_positive_found=true val_below_prediction_binary_split=52,677 val_above_prediction_binary_split=577 val_positive_found=true
[LN392    ] [chunk_14_models_trainer.py] [info]    class_weight=balanced (no focal_loss)
[LN393    ] [chunk_12_evaluation_evaluator.py] [info] [reject] threshold=15.0 action=skipped reason=insufficient_positive_predictions positive_predictions=0 minimum_positive_required=5
[LN394    ] [chunk_12_evaluation_evaluator.py] [info] [RNN] label_threshold=10.0 train_below_prediction_binary_split=116,756 train_above_prediction_binary_split=2,554 train_positive_found=true val_below_prediction_binary_split=52,057 val_above_prediction_binary_split=1,197 val_positive_found=true
[LN395    ] [chunk_14_models_trainer.py] [info]    class_weight=balanced (no focal_loss)
[LN396    ] [chunk_12_evaluation_evaluator.py] [info] [reject] threshold=10.0 action=skipped reason=insufficient_positive_predictions positive_predictions=0 minimum_positive_required=5
[LN397    ] [chunk_12_evaluation_evaluator.py] [info] [RNN] label_threshold=5.0 train_below_prediction_binary_split=111,719 train_above_prediction_binary_split=7,591 train_positive_found=true val_below_prediction_binary_split=49,381 val_above_prediction_binary_split=3,873 val_positive_found=true
[LN398    ] [chunk_14_models_trainer.py] [info]    class_weight=balanced (no focal_loss)
[LN399    ] [chunk_12_evaluation_evaluator.py] [info] [reject] threshold=5.0 action=skipped reason=insufficient_positive_predictions positive_predictions=0 minimum_positive_required=5
[LN400    ] [chunk_12_evaluation_evaluator.py] [info] [RNN] label_threshold=0.0 train_below_prediction_binary_split=59,589 train_above_prediction_binary_split=59,721 train_positive_found=true val_below_prediction_binary_split=24,480 val_above_prediction_binary_split=28,774 val_positive_found=true
[LN401    ] [chunk_14_models_trainer.py] [info]    class_weight=balanced (no focal_loss)
[LN402    ] [chunk_12_evaluation_evaluator.py] [info] [RNN] Safeguards: type=neural, min_precision_over_baseline=0.0100, min_pos_pct=0.0000, min_pos_abs=5, patience=10
[LN403    ] [chunk_12_evaluation_evaluator.py] [info] [RNN] [diagnostic] LABEL_THRESHOLD=0.0 train_precision=0.5692 train_true_positives=35489 train_true_negatives=32727 train_false_positives=26862 train_false_negatives=24232 train_max_prediction=0.9980 train_mean_prediction=0.5075 train_recall=0.5942 train_f1=0.5814 train_auc=0.6052 train_specificity=0.5492 train_false_positive_rate=0.4508 train_f2=0.5891 train_mcc=0.1436 train_prauc=0.6042 train_balanced_accuracy=0.5717 train_brier=0.2403 train_kappa=0.1435 train_informedness=0.1435 train_markedness=0.1184 train_gini=0.2104 train_optimal_threshold=0.5002 train_standard_deviation_prediction=0.0950 train_percentage_above_threshold=52.26
[LN404    ] [chunk_12_evaluation_evaluator.py] [info] [RNN] [diagnostic] LABEL_THRESHOLD=0.0 VALIDATION_PRECISION=0.5188 VALIDATION_TRUE_POSITIVES=11242 VALIDATION_TRUE_NEGATIVES=14051 validation_false_positives=10429 validation_false_negatives=17532 validation_max_prediction=0.9980 validation_mean_prediction=0.4858 validation_recall=0.3907 validation_f1=0.4457 validation_auc=0.4741 validation_specificity=0.5740 validation_false_positive_rate=0.4260 validation_f2=0.4110 validation_mcc=-0.0358 validation_prauc=0.5482 validation_balanced_accuracy=0.4823 validation_brier=0.2628 validation_kappa=-0.0346 validation_informedness=-0.0353 validation_markedness=0.0927 validation_gini=0.0000 validation_optimal_threshold=0.6346 validation_standard_deviation_prediction=0.0996 validation_percentage_above_threshold=40.69
[LN405    ] [chunk_18_phase_4_ensemble.py] [info] [section 1] [RNN] [label_threshold_optimal]  cumulative binary_split_predictions (1%) ≤ 0.3254, (5%) ≤ 0.3455, (10%) ≤ 0.3670, (25%) ≤ 0.4100, (50%) ≤ 0.4765, (75%) ≤ 0.5555, (90%) ≤ 0.6110, (95%) ≤ 0.6394, (99%) ≤ 0.7924, max=0.9980 binary_split_predictions distribution: 0% ≤ 0.01, 0% ≤ 0.02, 0% ≤ 0.05, 0% ≤ 0.1, 0% ≤ 0.2, 59% ≤ 0.5, 41% ≥ 0.50
[LN406    ] [chunk_18_phase_4_ensemble.py] [info] [section 1] [RNN] [label_threshold_optimal] LABEL_THRESHOLD=0.0
[LN407    ] [chunk_18_phase_4_ensemble.py] [info] [section 1] [RNN] [label_threshold_optimal] train_precision=0.5692 train_true_positives=35489 train_true_negatives=32727 train_false_positives=26862 train_false_negatives=24232 train_max_prediction=0.9980 train_mean_prediction=0.5075 train_recall=0.5942 train_f1=0.5814 train_auc=0.6052 train_specificity=0.5492 train_false_positive_rate=0.4508 train_f2=0.5891 train_mcc=0.1436 train_prauc=0.6042 train_balanced_accuracy=0.5717 train_brier=0.2403 train_kappa=0.1435 train_informedness=0.1435 train_markedness=0.1184 train_gini=0.2104 train_optimal_threshold=0.5002 train_standard_deviation_prediction=0.0950 train_percentage_above_threshold=52.26
[LN408    ] [chunk_18_phase_4_ensemble.py] [info] [section 1] [RNN] [label_threshold_optimal] VALIDATION_PRECISION=0.5188 VALIDATION_TRUE_POSITIVES=11242 VALIDATION_TRUE_NEGATIVES=14051 validation_false_positives=10429 validation_false_negatives=17532 validation_max_prediction=0.9980 validation_mean_prediction=0.4858 validation_recall=0.3907 validation_f1=0.4457 validation_auc=0.4741 validation_specificity=0.5740 validation_false_positive_rate=0.4260 validation_f2=0.4110 validation_mcc=-0.0358 validation_prauc=0.5482 validation_balanced_accuracy=0.4823 validation_brier=0.2628 validation_kappa=-0.0346 validation_informedness=-0.0353 validation_markedness=0.0927 validation_gini=0.0000 validation_optimal_threshold=0.6346 validation_standard_deviation_prediction=0.0996 validation_percentage_above_threshold=40.69
[LN409    ] [chunk_18_phase_4_ensemble.py] [info] [section 1] [RNN] [label_threshold_optimal] prediction_binary_split=0.50
[LN410    ] [chunk_21_hyperparam_optimizer.py] [info] [section 2] [RNN] [hyperparameter_optimization search] Running Bayesian optimization (5 trials)...
[LN411    ] [chunk_14_models_trainer.py] [info]    class_weight=None (focal_loss active — skipping balanced class_weight)
[LN412    ] [chunk_21_hyperparam_optimizer.py] [info] [section 2] [RNN] [hyperparameter_optimization search baseline] LABEL_THRESHOLD=0.0
[LN413    ] [chunk_21_hyperparam_optimizer.py] [info] [section 2] [RNN] [hyperparameter_optimization search baseline] VALIDATION_PRECISION=0.5208 VALIDATION_TRUE_POSITIVES=18285 VALIDATION_TRUE_NEGATIVES=7655 validation_false_positives=16825 validation_false_negatives=10489 validation_max_prediction=0.7088 validation_mean_prediction=0.5125 validation_recall=0.6355 validation_f1=0.5724 validation_auc=0.4747 validation_specificity=0.3127 validation_false_positive_rate=0.6873 validation_f2=0.6087 validation_mcc=-0.0545 validation_prauc=0.5371 validation_balanced_accuracy=0.4741 validation_brier=0.2507 validation_kappa=-0.0528 validation_informedness=-0.0518 validation_markedness=-0.1665 validation_gini=0.0000 validation_optimal_threshold=0.5835 validation_standard_deviation_prediction=0.0303 validation_percentage_above_threshold=65.93
[LN414    ] [chunk_21_hyperparam_optimizer.py] [info] [section 2] [RNN] [hyperparameter_optimization search baseline] TRIAL 1/5: loss_function=focal_loss, units=256, dropout=0.1, learning_rate=0.0005, epochs=20, alpha=0.5, gamma=2.0, layers=1
[LN415    ] [chunk_14_models_trainer.py] [info]    class_weight=balanced (no focal_loss)
[LN416    ] [chunk_21_hyperparam_optimizer.py] [info] [section 2] [RNN] [hyperparameter_optimization search baseline] LABEL_THRESHOLD=0.0
[LN417    ] [chunk_21_hyperparam_optimizer.py] [info] [section 2] [RNN] [hyperparameter_optimization search baseline] VALIDATION_PRECISION=0.5189 VALIDATION_TRUE_POSITIVES=16094 VALIDATION_TRUE_NEGATIVES=9556 validation_false_positives=14924 validation_false_negatives=12680 validation_max_prediction=0.8268 validation_mean_prediction=0.5109 validation_recall=0.5593 validation_f1=0.5383 validation_auc=0.4600 validation_specificity=0.3904 validation_false_positive_rate=0.6096 validation_f2=0.5507 validation_mcc=-0.0508 validation_prauc=0.5263 validation_balanced_accuracy=0.4748 validation_brier=0.2505 validation_kappa=-0.0507 validation_informedness=-0.0503 validation_markedness=-0.0908 validation_gini=0.0000 validation_optimal_threshold=0.5698 validation_standard_deviation_prediction=0.0340 validation_percentage_above_threshold=58.25
[LN418    ] [chunk_21_hyperparam_optimizer.py] [info] [section 2] [RNN] [hyperparameter_optimization search baseline] TRIAL 2/5: loss_function=binary_crossentropy, units=128, dropout=0.05, learning_rate=0.002, epochs=30, alpha=1.0, gamma=2.0, layers=1
[LN419    ] [chunk_14_models_trainer.py] [info]    class_weight=None (focal_loss active — skipping balanced class_weight)
[LN420    ] [chunk_21_hyperparam_optimizer.py] [info] [section 2] [RNN] [hyperparameter_optimization search baseline] LABEL_THRESHOLD=0.0
[LN421    ] [chunk_21_hyperparam_optimizer.py] [info] [section 2] [RNN] [hyperparameter_optimization search baseline] VALIDATION_PRECISION=0.5184 VALIDATION_TRUE_POSITIVES=14989 VALIDATION_TRUE_NEGATIVES=10557 validation_false_positives=13923 validation_false_negatives=13785 validation_max_prediction=0.6197 validation_mean_prediction=0.5026 validation_recall=0.5209 validation_f1=0.5197 validation_auc=0.4731 validation_specificity=0.4313 validation_false_positive_rate=0.5687 validation_f2=0.5204 validation_mcc=-0.0478 validation_prauc=0.5354 validation_balanced_accuracy=0.4761 validation_brier=0.2503 validation_kappa=-0.0478 validation_informedness=-0.0478 validation_markedness=-0.0503 validation_gini=0.0000 validation_optimal_threshold=0.5319 validation_standard_deviation_prediction=0.0155 validation_percentage_above_threshold=54.29
[LN422    ] [chunk_21_hyperparam_optimizer.py] [info] [section 2] [RNN] [hyperparameter_optimization search baseline] TRIAL 3/5: loss_function=focal_loss, units=256, dropout=0.0, learning_rate=0.0005, epochs=20, alpha=0.25, gamma=3.5, layers=1
[LN423    ] [chunk_14_models_trainer.py] [info]    class_weight=None (focal_loss active — skipping balanced class_weight)
[LN424    ] [chunk_21_hyperparam_optimizer.py] [info] [section 2] [RNN] [hyperparameter_optimization search baseline] LABEL_THRESHOLD=0.0
[LN425    ] [chunk_21_hyperparam_optimizer.py] [info] [section 2] [RNN] [hyperparameter_optimization search baseline] VALIDATION_PRECISION=0.5403 VALIDATION_TRUE_POSITIVES=28774 VALIDATION_TRUE_NEGATIVES=0 validation_false_positives=24480 validation_false_negatives=0 validation_max_prediction=0.5037 validation_mean_prediction=0.5037 validation_recall=1.0000 validation_f1=0.7016 validation_auc=0.5000 validation_specificity=0.0000 validation_false_positive_rate=1.0000 validation_f2=0.8546 validation_mcc=0.0000 validation_prauc=0.5403 validation_balanced_accuracy=0.5000 validation_brier=0.2497 validation_kappa=0.0000 validation_informedness=0.0000 validation_markedness=-0.4597 validation_gini=0.0000 validation_optimal_threshold=inf validation_standard_deviation_prediction=0.0000 validation_percentage_above_threshold=100.00
[LN426    ] [chunk_21_hyperparam_optimizer.py] [info] [section 2] [RNN] [hyperparameter_optimization search baseline] TRIAL 4/5: loss_function=focal_loss, units=256, dropout=0.0, learning_rate=0.005, epochs=30, alpha=0.75, gamma=2.0, layers=1
[LN427    ] [chunk_14_models_trainer.py] [info]    class_weight=None (focal_loss active — skipping balanced class_weight)
[LN428    ] [chunk_21_hyperparam_optimizer.py] [info] [section 2] [RNN] [hyperparameter_optimization search baseline] LABEL_THRESHOLD=0.0
[LN429    ] [chunk_21_hyperparam_optimizer.py] [info] [section 2] [RNN] [hyperparameter_optimization search baseline] VALIDATION_PRECISION=0.5185 VALIDATION_TRUE_POSITIVES=14461 VALIDATION_TRUE_NEGATIVES=11052 validation_false_positives=13428 validation_false_negatives=14313 validation_max_prediction=0.8550 validation_mean_prediction=0.5122 validation_recall=0.5026 validation_f1=0.5104 validation_auc=0.4748 validation_specificity=0.4515 validation_false_positive_rate=0.5485 validation_f2=0.5057 validation_mcc=-0.0459 validation_prauc=0.5488 validation_balanced_accuracy=0.4770 validation_brier=0.2516 validation_kappa=-0.0458 validation_informedness=-0.0460 validation_markedness=-0.0300 validation_gini=0.0000 validation_optimal_threshold=0.5960 validation_standard_deviation_prediction=0.0545 validation_percentage_above_threshold=52.37
[LN430    ] [chunk_21_hyperparam_optimizer.py] [info] [section 2] [RNN] [hyperparameter_optimization search baseline] TRIAL 5/5: loss_function=focal_loss, units=256, dropout=0.1, learning_rate=0.002, epochs=30, alpha=0.25, gamma=2.5, layers=1
[LN431    ] [chunk_21_hyperparam_optimizer.py] [info] [section 2] [RNN] [best trial] LABEL_THRESHOLD=0.0
[LN432    ] [chunk_21_hyperparam_optimizer.py] [info] [section 2] [RNN] [best trial] VALIDATION_PRECISION=0.5403 VALIDATION_TRUE_POSITIVES=28774 VALIDATION_TRUE_NEGATIVES=0 validation_false_positives=24480 validation_false_negatives=0 validation_max_prediction=0.5037 validation_mean_prediction=0.5037 validation_recall=1.0000 validation_f1=0.7016 validation_auc=0.5000 validation_specificity=0.0000 validation_false_positive_rate=1.0000 validation_f2=0.8546 validation_mcc=0.0000 validation_prauc=0.5403 validation_balanced_accuracy=0.5000 validation_brier=0.2497 validation_kappa=0.0000 validation_informedness=0.0000 validation_markedness=-0.4597 validation_gini=0.0000 validation_optimal_threshold=inf validation_standard_deviation_prediction=0.0000 validation_percentage_above_threshold=100.00
[LN433    ] [chunk_21_hyperparam_optimizer.py] [info] [section 2] [RNN] [best trial] loss_function=focal_loss, units=256, dropout=0.0, learning_rate=0.005, epochs=30, alpha=0.75, gamma=2.0, layers=1
[LN434    ] [chunk_18_phase_4_ensemble.py] [info]    [diagnostic-hyperparameter_optimization]  cumulative binary_split_predictions (1%) ≤ 0.5037, (5%) ≤ 0.5037, (10%) ≤ 0.5037, (25%) ≤ 0.5037, (50%) ≤ 0.5037, (75%) ≤ 0.5037, (90%) ≤ 0.5037, (95%) ≤ 0.5037, (99%) ≤ 0.5037, max=0.5037 binary_split_predictions distribution: 0% ≤ 0.01, 0% ≤ 0.02, 0% ≤ 0.05, 0% ≤ 0.1, 0% ≤ 0.2, 0% ≤ 0.5, 100% ≥ 0.50
[LN435    ] [chunk_18_phase_4_ensemble.py] [info]    hyperparameter_optimization improved: 0.5403 > 0.5188
[LN436    ] [chunk_18_phase_4_ensemble.py] [info] [section 3] [RNN] [HYPERPARAMETER_OPTIMIZATION] LABEL_THRESHOLD=0.0,
[LN437    ] [chunk_18_phase_4_ensemble.py] [info] [section 3] [RNN] [HYPERPARAMETER_OPTIMIZATION] VALIDATION_PRECISION=0.5403 VALIDATION_TRUE_POSITIVES=28774 VALIDATION_TRUE_NEGATIVES=0 validation_false_positives=24480 validation_false_negatives=0 validation_max_prediction=0.5037 validation_mean_prediction=0.5037 validation_recall=1.0000 validation_f1=0.7016 validation_auc=0.5000 validation_specificity=0.0000 validation_false_positive_rate=1.0000 validation_f2=0.8546 validation_mcc=0.0000 validation_prauc=0.5403 validation_balanced_accuracy=0.5000 validation_brier=0.2497 validation_kappa=0.0000 validation_informedness=0.0000 validation_markedness=-0.4597 validation_gini=0.0000 validation_optimal_threshold=inf validation_standard_deviation_prediction=0.0000 validation_percentage_above_threshold=100.00
[LN438    ] [chunk_18_phase_4_ensemble.py] [info] [section 3] [RNN] [HYPERPARAMETER_OPTIMIZATION] prediction_binary_split=0.50 hyperparams=(loss=focal_loss lr=0.005 dropout=0.0 alpha=0.75 gamma=2.0 latent_dim=0) improved=True {'loss_function': 'focal_loss', 'units': 256, 'dropout': 0.0, 'learning_rate': 0.005, 'epochs': 30, 'alpha': 0.75, 'gamma': 2.0, 'layers': 1}
[LN439    ] [chunk_18_phase_4_ensemble.py] [info]    Running post hyperparameter_optimization threshold search for RNN...
[LN440    ] [chunk_12_evaluation_evaluator.py] [info] [RNN] label_threshold=20.0 train_below_prediction_binary_split=118,621 train_above_prediction_binary_split=689 train_positive_found=true val_below_prediction_binary_split=52,918 val_above_prediction_binary_split=336 val_positive_found=true
[LN441    ] [chunk_12_evaluation_evaluator.py] [info] [RNN] [reject] skipping LABEL_THRESHOLD=20.0: pos_pred_ratio=100.00% outside [0%, 65%]
[LN442    ] [chunk_12_evaluation_evaluator.py] [info] [RNN] label_threshold=15.0 train_below_prediction_binary_split=118,104 train_above_prediction_binary_split=1,206 train_positive_found=true val_below_prediction_binary_split=52,677 val_above_prediction_binary_split=577 val_positive_found=true
[LN443    ] [chunk_12_evaluation_evaluator.py] [info] [RNN] [reject] skipping LABEL_THRESHOLD=15.0: pos_pred_ratio=100.00% outside [0%, 65%]
[LN444    ] [chunk_12_evaluation_evaluator.py] [info] [RNN] label_threshold=10.0 train_below_prediction_binary_split=116,756 train_above_prediction_binary_split=2,554 train_positive_found=true val_below_prediction_binary_split=52,057 val_above_prediction_binary_split=1,197 val_positive_found=true
[LN445    ] [chunk_12_evaluation_evaluator.py] [info] [RNN] [reject] skipping LABEL_THRESHOLD=10.0: pos_pred_ratio=100.00% outside [0%, 65%]
[LN446    ] [chunk_12_evaluation_evaluator.py] [info] [RNN] label_threshold=5.0 train_below_prediction_binary_split=111,719 train_above_prediction_binary_split=7,591 train_positive_found=true val_below_prediction_binary_split=49,381 val_above_prediction_binary_split=3,873 val_positive_found=true
[LN447    ] [chunk_12_evaluation_evaluator.py] [info] [RNN] [reject] skipping LABEL_THRESHOLD=5.0: pos_pred_ratio=100.00% outside [0%, 65%]
[LN448    ] [chunk_12_evaluation_evaluator.py] [info] [RNN] label_threshold=0.0 train_below_prediction_binary_split=59,589 train_above_prediction_binary_split=59,721 train_positive_found=true val_below_prediction_binary_split=24,480 val_above_prediction_binary_split=28,774 val_positive_found=true
[LN449    ] [chunk_12_evaluation_evaluator.py] [info] [RNN] [reject] skipping LABEL_THRESHOLD=0.0: pos_pred_ratio=100.00% outside [0%, 65%]
[LN450    ] [chunk_18_phase_4_ensemble.py] [info]    hyperparameter_optimization model threshold search: LABEL_THRESHOLD=0.0, VALIDATION_PRECISION=0.5403
[LN451    ] [chunk_18_phase_4_ensemble.py] [info]    post hyperparameter_optimization threshold search: LABEL_THRESHOLD=20.0, VALIDATION_PRECISION=0.0000
[LN452    ] [chunk_18_phase_4_ensemble.py] [info]    post hyperparameter_optimization no improvement: keeping LABEL_THRESHOLD=0.0
[LN453    ] [chunk_18_phase_4_ensemble.py] [info] [section 4] [RNN] [post hyperparameter_optimization] [diagnostic]  cumulative binary_split_predictions (1%) ≤ 0.5037, (5%) ≤ 0.5037, (10%) ≤ 0.5037, (25%) ≤ 0.5037, (50%) ≤ 0.5037, (75%) ≤ 0.5037, (90%) ≤ 0.5037, (95%) ≤ 0.5037, (99%) ≤ 0.5037, max=0.5037 binary_split_predictions distribution: 0% ≤ 0.01, 0% ≤ 0.02, 0% ≤ 0.05, 0% ≤ 0.1, 0% ≤ 0.2, 0% ≤ 0.5, 100% ≥ 0.50
[LN454    ] [chunk_18_phase_4_ensemble.py] [info] [section 4] [RNN] [post hyperparameter_optimization] LABEL_THRESHOLD=0.0,
[LN455    ] [chunk_18_phase_4_ensemble.py] [info] [section 4] [RNN] [post hyperparameter_optimization] VALIDATION_PRECISION=0.5403 VALIDATION_TRUE_POSITIVES=28774 VALIDATION_TRUE_NEGATIVES=0 validation_false_positives=24480 validation_false_negatives=0 validation_max_prediction=0.5037 validation_mean_prediction=0.5037 validation_recall=1.0000 validation_f1=0.7016 validation_auc=0.5000 validation_specificity=0.0000 validation_false_positive_rate=1.0000 validation_f2=0.8546 validation_mcc=0.0000 validation_prauc=0.5403 validation_balanced_accuracy=0.5000 validation_brier=0.2497 validation_kappa=0.0000 validation_informedness=0.0000 validation_markedness=-0.4597 validation_gini=0.0000 validation_optimal_threshold=inf validation_standard_deviation_prediction=0.0000 validation_percentage_above_threshold=100.00
[LN456    ] [chunk_18_phase_4_ensemble.py] [info] [section 4] [RNN] [post hyperparameter_optimization] prediction_binary_split=0.50 hyperparams=(loss=focal_loss lr=0.005 dropout=0.0 alpha=0.75 gamma=2.0 latent_dim=64) source=section3
[LN457    ] [chunk_18_phase_4_ensemble.py] [info]    Using Hyperparameter_Optimized model directly (no change to Label_Threshold)
[LN458    ] [chunk_18_phase_4_ensemble.py] [info]    Train predictions: mean=0.5037, std=0.0000, min=0.5037, max=0.5037
[LN459    ] [chunk_18_phase_4_ensemble.py] [info]    validation predictions:   mean=0.5037, std=0.0000, min=0.5037, max=0.5037
[LN460    ] [chunk_18_phase_4_ensemble.py] [warning]    [warning] Near-constant predictions: train_std=0.000000, val_std=0.000000
[LN461    ] [chunk_18_phase_4_ensemble.py] [info] [section 5] [RNN] [final] [diagnostic] Train  cumulative binary_split_predictions (1%) ≤ 0.5037, (5%) ≤ 0.5037, (10%) ≤ 0.5037, (25%) ≤ 0.5037, (50%) ≤ 0.5037, (75%) ≤ 0.5037, (90%) ≤ 0.5037, (95%) ≤ 0.5037, (99%) ≤ 0.5037, max=0.5037 binary_split_predictions distribution: 0% ≤ 0.01, 0% ≤ 0.02, 0% ≤ 0.05, 0% ≤ 0.1, 0% ≤ 0.2, 0% ≤ 0.5, 100% ≥ 0.50
[LN462    ] [chunk_18_phase_4_ensemble.py] [info] [section 5] [RNN] [final] [diagnostic] validation    cumulative binary_split_predictions (1%) ≤ 0.5037, (5%) ≤ 0.5037, (10%) ≤ 0.5037, (25%) ≤ 0.5037, (50%) ≤ 0.5037, (75%) ≤ 0.5037, (90%) ≤ 0.5037, (95%) ≤ 0.5037, (99%) ≤ 0.5037, max=0.5037 binary_split_predictions distribution: 0% ≤ 0.01, 0% ≤ 0.02, 0% ≤ 0.05, 0% ≤ 0.1, 0% ≤ 0.2, 0% ≤ 0.5, 100% ≥ 0.50
[LN463    ] [chunk_18_phase_4_ensemble.py] [info]    Train predictions: 100.00% positive predictions (119,310 / 119,310)
[LN464    ] [chunk_18_phase_4_ensemble.py] [info]    validation predictions:   100.00% positive predictions (53,254 / 53,254)
[LN465    ] [chunk_18_phase_4_ensemble.py] [info]    [info] Section 4 all rejected - using Section 3 results for Section 5
[LN466    ] [chunk_18_phase_4_ensemble.py] [info]    [diagnostic] prediction_buckets: 0-10:0, 10-20:0, 20-30:0, 30-40:0, 40-50:53254, 50-60:0, 60-70:0, 70-80:0, 80-90:0, 90-100:0
[LN467    ] [chunk_18_phase_4_ensemble.py] [info] [section 5] [RNN] [final] LABEL_THRESHOLD=0.0,
[LN468    ] [chunk_18_phase_4_ensemble.py] [info] [section 5] [RNN] [final] train_precision=0.5006 train_true_positives=59721 train_true_negatives=0 train_false_positives=59589 train_false_negatives=0 train_max_prediction=0.5037 train_mean_prediction=0.5037 train_recall=1.0000 train_f1=0.6672 train_auc=0.5000 train_specificity=0.0000 train_false_positive_rate=1.0000 train_f2=0.8336 train_mcc=0.0000 train_prauc=0.5006 train_balanced_accuracy=0.5000 train_standard_deviation_prediction=0.0000 train_percentage_above_threshold=100.00 train_brier=0.2500 train_kappa=0.0000 train_informedness=0.0000 train_markedness=-0.4994 train_gini=0.0000 train_optimal_threshold=inf
[LN469    ] [chunk_18_phase_4_ensemble.py] [info] [section 5] [RNN] [final] VALIDATION_PRECISION=0.5403 VALIDATION_TRUE_POSITIVES=28774 VALIDATION_TRUE_NEGATIVES=0 validation_false_positives=24480 validation_false_negatives=0 validation_max_prediction=0.5037 validation_mean_prediction=0.5037 validation_recall=1.0000 validation_f1=0.7016 validation_auc=0.5000 validation_specificity=0.0000 validation_false_positive_rate=1.0000 validation_f2=0.8546 validation_mcc=0.0000 validation_prauc=0.5403 validation_balanced_accuracy=0.5000 validation_brier=0.2497 validation_kappa=0.0000 validation_informedness=0.0000 validation_markedness=-0.4597 validation_gini=0.0000 validation_optimal_threshold=inf validation_standard_deviation_prediction=0.0000 validation_percentage_above_threshold=100.00
[LN470    ] [chunk_18_phase_4_ensemble.py] [info] [section 5] [RNN] [final] prediction_binary_split=0.50 hyperparams=(loss=focal_loss lr=0.005 dropout=0.0 alpha=0.75 gamma=2.0 latent_dim=64) (using HPO model directly)
[LN471    ] [chunk_18_phase_4_ensemble.py] [info]    RNN loss=focal_loss pred_threshold=0.5 epochs=30
[LN472    ] [chunk_18_phase_4_ensemble.py] [info]    [RNN] hyperparameter_optimization: units=256, dropout=0.0, learning_rate=0.005, alpha=0.75, gamma=2.0, layers=1
[LN473    ] [chunk_18_phase_4_ensemble.py] [info]    RNN training time: 3004.3s
[LN474    ] [chunk_18_phase_4_ensemble.py] [info] [pass] RNN trained successfully
[LN475    ] [chunk_18_phase_4_ensemble.py] [info] [LSTM] Winsorization: LOW=3 HIGH=92 (training-only percentiles)
[LN476    ] [chunk_14_models_trainer.py] [info]    class_weight=balanced (no focal_loss)
[LN477    ] [chunk_18_phase_4_ensemble.py] [info] [section 1] [LSTM] [baseline] LABEL_THRESHOLD=20.0,
[LN478    ] [chunk_18_phase_4_ensemble.py] [info] [section 1] [LSTM] [baseline] predictions: mean=0.0279, std=0.0348, min=0.0021, max=0.1498
[LN479    ] [chunk_18_phase_4_ensemble.py] [info] [section 1] [LSTM] [baseline]  cumulative binary_split_predictions (1%) ≤ 0.0024, (5%) ≤ 0.0027, (10%) ≤ 0.0030, (25%) ≤ 0.0043, (50%) ≤ 0.0102, (75%) ≤ 0.0390, (90%) ≤ 0.0896, (95%) ≤ 0.1086, (99%) ≤ 0.1288, max=0.1498 binary_split_predictions distribution: 50% ≤ 0.01, 65% ≤ 0.02, 79% ≤ 0.05, 93% ≤ 0.1, 100% ≤ 0.2, 100% ≤ 0.5, 0% ≥ 0.50
[LN480    ] [chunk_18_phase_4_ensemble.py] [info] [section 1] [LSTM] [baseline] prediction_binary_split=0.50, VALIDATION predictions at LABEL_THRESHOLD=20.0: 0.00%
[LN481    ] [chunk_18_phase_4_ensemble.py] [warning] [section 1] [LSTM] [baseline] [warning] No predictions >= 0.5!
[LN482    ] [chunk_18_phase_4_ensemble.py] [info] [section 1] [LSTM] [baseline] LABEL_THRESHOLD=20.0,
[LN483    ] [chunk_18_phase_4_ensemble.py] [info] [section 1] [LSTM] [baseline] VALIDATION_PRECISION=0.0000 VALIDATION_TRUE_POSITIVES=0 VALIDATION_TRUE_NEGATIVES=52918 validation_false_positives=0 validation_false_negatives=336 validation_max_prediction=0.1498 validation_mean_prediction=0.0279 validation_recall=0.0000 validation_f1=0.0000 validation_auc=0.8593 validation_specificity=1.0000 validation_false_positive_rate=0.0000 validation_f2=0.0000 validation_mcc=0.0000 validation_prauc=0.0296 validation_balanced_accuracy=0.5000 validation_brier=0.0073 validation_kappa=0.0000 validation_informedness=0.0000 validation_markedness=0.0000 validation_gini=0.7186 validation_optimal_threshold=0.0299 validation_standard_deviation_prediction=0.0348 validation_percentage_above_threshold=0.00
[LN484    ] [chunk_18_phase_4_ensemble.py] [info] [section 1] [LSTM] [baseline] prediction_binary_split=0.50 loss=binary_crossentropy, lr=0.001
[LN485    ] [chunk_12_evaluation_evaluator.py] [info] [LSTM] label_threshold=20.0 train_below_prediction_binary_split=118,621 train_above_prediction_binary_split=689 train_positive_found=true val_below_prediction_binary_split=52,918 val_above_prediction_binary_split=336 val_positive_found=true
[LN486    ] [chunk_14_models_trainer.py] [info]    class_weight=balanced (no focal_loss)
[LN487    ] [chunk_12_evaluation_evaluator.py] [info] [reject] threshold=20.0 action=skipped reason=insufficient_positive_predictions positive_predictions=0 minimum_positive_required=5
[LN488    ] [chunk_12_evaluation_evaluator.py] [info] [LSTM] label_threshold=15.0 train_below_prediction_binary_split=118,104 train_above_prediction_binary_split=1,206 train_positive_found=true val_below_prediction_binary_split=52,677 val_above_prediction_binary_split=577 val_positive_found=true
[LN489    ] [chunk_14_models_trainer.py] [info]    class_weight=balanced (no focal_loss)
[LN490    ] [chunk_12_evaluation_evaluator.py] [info] [reject] threshold=15.0 action=skipped reason=insufficient_positive_predictions positive_predictions=0 minimum_positive_required=5
[LN491    ] [chunk_12_evaluation_evaluator.py] [info] [LSTM] label_threshold=10.0 train_below_prediction_binary_split=116,756 train_above_prediction_binary_split=2,554 train_positive_found=true val_below_prediction_binary_split=52,057 val_above_prediction_binary_split=1,197 val_positive_found=true
[LN492    ] [chunk_14_models_trainer.py] [info]    class_weight=balanced (no focal_loss)
[LN493    ] [chunk_12_evaluation_evaluator.py] [info] [reject] threshold=10.0 action=skipped reason=insufficient_positive_predictions positive_predictions=0 minimum_positive_required=5
[LN494    ] [chunk_12_evaluation_evaluator.py] [info] [LSTM] label_threshold=5.0 train_below_prediction_binary_split=111,719 train_above_prediction_binary_split=7,591 train_positive_found=true val_below_prediction_binary_split=49,381 val_above_prediction_binary_split=3,873 val_positive_found=true
[LN495    ] [chunk_14_models_trainer.py] [info]    class_weight=balanced (no focal_loss)
[LN496    ] [chunk_12_evaluation_evaluator.py] [info] [reject] threshold=5.0 action=skipped reason=insufficient_positive_predictions positive_predictions=0 minimum_positive_required=5
[LN497    ] [chunk_12_evaluation_evaluator.py] [info] [LSTM] label_threshold=0.0 train_below_prediction_binary_split=59,589 train_above_prediction_binary_split=59,721 train_positive_found=true val_below_prediction_binary_split=24,480 val_above_prediction_binary_split=28,774 val_positive_found=true
[LN498    ] [chunk_14_models_trainer.py] [info]    class_weight=balanced (no focal_loss)
[LN499    ] [chunk_12_evaluation_evaluator.py] [info] [LSTM] Safeguards: type=neural, min_precision_over_baseline=0.0100, min_pos_pct=0.0000, min_pos_abs=5, patience=10
[LN500    ] [chunk_12_evaluation_evaluator.py] [info] [LSTM] [reject] skipping LABEL_THRESHOLD=0.0: validation_precision=0.5095 <= baseline+0.0100=0.5100
[LN501    ] [chunk_18_phase_4_ensemble.py] [warning] [section 1] [LSTM] [label_threshold_optimal] [warning] All label thresholds rejected — using baseline metrics at 20.0
[LN502    ] [chunk_18_phase_4_ensemble.py] [info] [section 1] [LSTM] [label_threshold_optimal] LABEL_THRESHOLD=20.0
[LN503    ] [chunk_18_phase_4_ensemble.py] [info] [section 1] [LSTM] [label_threshold_optimal] train_precision=0.0000 train_true_positives=0 train_true_negatives=52918 train_false_positives=0 train_false_negatives=336 train_max_prediction=0.1498 train_mean_prediction=0.0279 train_recall=0.0000 train_f1=0.0000 train_auc=0.8593 train_specificity=1.0000 train_false_positive_rate=0.0000 train_f2=0.0000 train_mcc=0.0000 train_prauc=0.0296 train_balanced_accuracy=0.5000 train_brier=0.0073 train_kappa=0.0000 train_informedness=0.0000 train_markedness=0.0000 train_gini=0.7186 train_optimal_threshold=0.0299 train_standard_deviation_prediction=0.0348 train_percentage_above_threshold=0.00
[LN504    ] [chunk_18_phase_4_ensemble.py] [info] [section 1] [LSTM] [label_threshold_optimal] VALIDATION_PRECISION=0.0000 VALIDATION_TRUE_POSITIVES=0 VALIDATION_TRUE_NEGATIVES=52918 validation_false_positives=0 validation_false_negatives=336 validation_max_prediction=0.1498 validation_mean_prediction=0.0279 validation_recall=0.0000 validation_f1=0.0000 validation_auc=0.8593 validation_specificity=1.0000 validation_false_positive_rate=0.0000 validation_f2=0.0000 validation_mcc=0.0000 validation_prauc=0.0296 validation_balanced_accuracy=0.5000 validation_brier=0.0073 validation_kappa=0.0000 validation_informedness=0.0000 validation_markedness=0.0000 validation_gini=0.7186 validation_optimal_threshold=0.0299 validation_standard_deviation_prediction=0.0348 validation_percentage_above_threshold=0.00
[LN505    ] [chunk_18_phase_4_ensemble.py] [info] [section 1] [LSTM] [label_threshold_optimal] prediction_binary_split=0.50
[LN506    ] [chunk_21_hyperparam_optimizer.py] [info] [section 2] [LSTM] [hyperparameter_optimization search] Running Bayesian optimization (5 trials)...
[LN507    ] [chunk_14_models_trainer.py] [info]    class_weight=balanced (no focal_loss)
[LN508    ] [chunk_21_hyperparam_optimizer.py] [info] [section 2] [LSTM] [hyperparameter_optimization search baseline] LABEL_THRESHOLD=20.0
[LN509    ] [chunk_21_hyperparam_optimizer.py] [info] [section 2] [LSTM] [hyperparameter_optimization search baseline] VALIDATION_PRECISION=0.0186 VALIDATION_TRUE_POSITIVES=293 VALIDATION_TRUE_NEGATIVES=37477 validation_false_positives=15441 validation_false_negatives=43 validation_max_prediction=0.9092 validation_mean_prediction=0.2847 validation_recall=0.8720 validation_f1=0.0365 validation_auc=0.8613 validation_specificity=0.7082 validation_false_positive_rate=0.2918 validation_f2=0.0858 validation_mcc=0.1007 validation_prauc=0.0347 validation_balanced_accuracy=0.7901 validation_brier=0.1655 validation_kappa=0.0244 validation_informedness=0.5802 validation_markedness=-0.2732 validation_gini=0.7227 validation_optimal_threshold=0.4986 validation_standard_deviation_prediction=0.2948 validation_percentage_above_threshold=29.55
[LN510    ] [chunk_21_hyperparam_optimizer.py] [info] [section 2] [LSTM] [hyperparameter_optimization search baseline] TRIAL 1/5: lstm_units=32, dropout=0.0, learning_rate=0.002, epochs=50, loss_function=binary_crossentropy, alpha=1.0, gamma=3.0, layers=1, bidirectional=False
[LN511    ] [chunk_14_models_trainer.py] [info]    class_weight=balanced (no focal_loss)
[LN512    ] [chunk_21_hyperparam_optimizer.py] [info] [section 2] [LSTM] [hyperparameter_optimization search baseline] LABEL_THRESHOLD=20.0
[LN513    ] [chunk_21_hyperparam_optimizer.py] [info] [section 2] [LSTM] [hyperparameter_optimization search baseline] VALIDATION_PRECISION=0.0171 VALIDATION_TRUE_POSITIVES=303 VALIDATION_TRUE_NEGATIVES=35453 validation_false_positives=17465 validation_false_negatives=33 validation_max_prediction=0.8739 validation_mean_prediction=0.3280 validation_recall=0.9018 validation_f1=0.0335 validation_auc=0.8666 validation_specificity=0.6700 validation_false_positive_rate=0.3300 validation_f2=0.0793 validation_mcc=0.0960 validation_prauc=0.0377 validation_balanced_accuracy=0.7859 validation_brier=0.1716 validation_kappa=0.0214 validation_informedness=0.5717 validation_markedness=-0.3130 validation_gini=0.7333 validation_optimal_threshold=0.5576 validation_standard_deviation_prediction=0.2572 validation_percentage_above_threshold=33.36
[LN514    ] [chunk_21_hyperparam_optimizer.py] [info] [section 2] [LSTM] [hyperparameter_optimization search baseline] TRIAL 2/5: lstm_units=128, dropout=0.2, learning_rate=0.001, epochs=50, loss_function=binary_crossentropy, alpha=0.75, gamma=2.5, layers=1, bidirectional=False
[LN515    ] [chunk_14_models_trainer.py] [info]    class_weight=None (focal_loss active — skipping balanced class_weight)
[LN516    ] [chunk_21_hyperparam_optimizer.py] [info] [section 2] [LSTM] [hyperparameter_optimization search baseline] LABEL_THRESHOLD=20.0
[LN517    ] [chunk_21_hyperparam_optimizer.py] [info] [section 2] [LSTM] [hyperparameter_optimization search baseline] VALIDATION_PRECISION=0.0000 VALIDATION_TRUE_POSITIVES=0 VALIDATION_TRUE_NEGATIVES=52918 validation_false_positives=0 validation_false_negatives=336 validation_max_prediction=0.2053 validation_mean_prediction=0.0354 validation_recall=0.0000 validation_f1=0.0000 validation_auc=0.8680 validation_specificity=1.0000 validation_false_positive_rate=0.0000 validation_f2=0.0000 validation_mcc=0.0000 validation_prauc=0.0373 validation_balanced_accuracy=0.5000 validation_brier=0.0082 validation_kappa=0.0000 validation_informedness=0.0000 validation_markedness=0.0000 validation_gini=0.7359 validation_optimal_threshold=0.0504 validation_standard_deviation_prediction=0.0446 validation_percentage_above_threshold=0.00
[LN518    ] [chunk_21_hyperparam_optimizer.py] [info] [section 2] [LSTM] [hyperparameter_optimization search baseline] TRIAL 3/5: lstm_units=128, dropout=0.05, learning_rate=0.0005, epochs=50, loss_function=focal_loss, alpha=0.75, gamma=2.5, layers=2, bidirectional=False
[LN519    ] [chunk_14_models_trainer.py] [info]    class_weight=None (focal_loss active — skipping balanced class_weight)
[LN520    ] [chunk_21_hyperparam_optimizer.py] [info] [section 2] [LSTM] [hyperparameter_optimization search baseline] LABEL_THRESHOLD=20.0
[LN521    ] [chunk_21_hyperparam_optimizer.py] [info] [section 2] [LSTM] [hyperparameter_optimization search baseline] VALIDATION_PRECISION=0.0000 VALIDATION_TRUE_POSITIVES=0 VALIDATION_TRUE_NEGATIVES=52918 validation_false_positives=0 validation_false_negatives=336 validation_max_prediction=0.2444 validation_mean_prediction=0.0394 validation_recall=0.0000 validation_f1=0.0000 validation_auc=0.8760 validation_specificity=1.0000 validation_false_positive_rate=0.0000 validation_f2=0.0000 validation_mcc=0.0000 validation_prauc=0.0367 validation_balanced_accuracy=0.5000 validation_brier=0.0089 validation_kappa=0.0000 validation_informedness=0.0000 validation_markedness=0.0000 validation_gini=0.7520 validation_optimal_threshold=0.0618 validation_standard_deviation_prediction=0.0512 validation_percentage_above_threshold=0.00
[LN522    ] [chunk_21_hyperparam_optimizer.py] [info] [section 2] [LSTM] [hyperparameter_optimization search baseline] TRIAL 4/5: lstm_units=32, dropout=0.1, learning_rate=0.002, epochs=20, loss_function=focal_loss, alpha=0.25, gamma=2.5, layers=1, bidirectional=True
[LN523    ] [chunk_14_models_trainer.py] [info]    class_weight=balanced (no focal_loss)
[LN524    ] [chunk_21_hyperparam_optimizer.py] [info] [section 2] [LSTM] [hyperparameter_optimization search baseline] LABEL_THRESHOLD=20.0
[LN525    ] [chunk_21_hyperparam_optimizer.py] [info] [section 2] [LSTM] [hyperparameter_optimization search baseline] VALIDATION_PRECISION=0.0200 VALIDATION_TRUE_POSITIVES=293 VALIDATION_TRUE_NEGATIVES=38554 validation_false_positives=14364 validation_false_negatives=43 validation_max_prediction=0.8912 validation_mean_prediction=0.2564 validation_recall=0.8720 validation_f1=0.0391 validation_auc=0.8738 validation_specificity=0.7286 validation_false_positive_rate=0.2714 validation_f2=0.0916 validation_mcc=0.1065 validation_prauc=0.0389 validation_balanced_accuracy=0.8003 validation_brier=0.1416 validation_kappa=0.0271 validation_informedness=0.6006 validation_markedness=-0.2514 validation_gini=0.7477 validation_optimal_threshold=0.4765 validation_standard_deviation_prediction=0.2792 validation_percentage_above_threshold=27.52
[LN526    ] [chunk_21_hyperparam_optimizer.py] [info] [section 2] [LSTM] [hyperparameter_optimization search baseline] TRIAL 5/5: lstm_units=64, dropout=0.2, learning_rate=0.001, epochs=50, loss_function=binary_crossentropy, alpha=0.75, gamma=2.0, layers=1, bidirectional=False
[LN527    ] [chunk_21_hyperparam_optimizer.py] [info] [section 2] [LSTM] [best trial] LABEL_THRESHOLD=20.0
[LN528    ] [chunk_21_hyperparam_optimizer.py] [info] [section 2] [LSTM] [best trial] VALIDATION_PRECISION=0.0200 VALIDATION_TRUE_POSITIVES=293 VALIDATION_TRUE_NEGATIVES=38554 validation_false_positives=14364 validation_false_negatives=43 validation_max_prediction=0.8912 validation_mean_prediction=0.2564 validation_recall=0.8720 validation_f1=0.0391 validation_auc=0.8738 validation_specificity=0.7286 validation_false_positive_rate=0.2714 validation_f2=0.0916 validation_mcc=0.1065 validation_prauc=0.0389 validation_balanced_accuracy=0.8003 validation_brier=0.1416 validation_kappa=0.0271 validation_informedness=0.6006 validation_markedness=-0.2514 validation_gini=0.7477 validation_optimal_threshold=0.4765 validation_standard_deviation_prediction=0.2792 validation_percentage_above_threshold=27.52
[LN529    ] [chunk_21_hyperparam_optimizer.py] [info] [section 2] [LSTM] [best trial] lstm_units=64, dropout=0.2, learning_rate=0.001, epochs=50, loss_function=binary_crossentropy, alpha=0.75, gamma=2.0, layers=1, bidirectional=False
[LN530    ] [chunk_18_phase_4_ensemble.py] [info]    [diagnostic-hyperparameter_optimization]  cumulative binary_split_predictions (1%) ≤ 0.0028, (5%) ≤ 0.0041, (10%) ≤ 0.0062, (25%) ≤ 0.0185, (50%) ≤ 0.0897, (75%) ≤ 0.5338, (90%) ≤ 0.6936, (95%) ≤ 0.7602, (99%) ≤ 0.8385, max=0.8912 binary_split_predictions distribution: 16% ≤ 0.01, 26% ≤ 0.02, 41% ≤ 0.05, 51% ≤ 0.1, 59% ≤ 0.2, 72% ≤ 0.5, 28% ≥ 0.50
[LN531    ] [chunk_18_phase_4_ensemble.py] [info]    hyperparameter_optimization improved: 0.0200 > 0.0000
[LN532    ] [chunk_18_phase_4_ensemble.py] [info] [section 3] [LSTM] [HYPERPARAMETER_OPTIMIZATION] LABEL_THRESHOLD=20.0,
[LN533    ] [chunk_18_phase_4_ensemble.py] [info] [section 3] [LSTM] [HYPERPARAMETER_OPTIMIZATION] VALIDATION_PRECISION=0.0200 VALIDATION_TRUE_POSITIVES=293 VALIDATION_TRUE_NEGATIVES=38554 validation_false_positives=14364 validation_false_negatives=43 validation_max_prediction=0.8912 validation_mean_prediction=0.2564 validation_recall=0.8720 validation_f1=0.0391 validation_auc=0.8738 validation_specificity=0.7286 validation_false_positive_rate=0.2714 validation_f2=0.0916 validation_mcc=0.1065 validation_prauc=0.0389 validation_balanced_accuracy=0.8003 validation_brier=0.1416 validation_kappa=0.0271 validation_informedness=0.6006 validation_markedness=-0.2514 validation_gini=0.7477 validation_optimal_threshold=0.4765 validation_standard_deviation_prediction=0.2792 validation_percentage_above_threshold=27.52
[LN534    ] [chunk_18_phase_4_ensemble.py] [info] [section 3] [LSTM] [HYPERPARAMETER_OPTIMIZATION] prediction_binary_split=0.50 hyperparams=(loss=binary_crossentropy lr=0.001 dropout=0.2 alpha=0.75 gamma=2.0 latent_dim=0) improved=True {'lstm_units': 64, 'dropout': 0.2, 'learning_rate': 0.001, 'epochs': 50, 'loss_function': 'binary_crossentropy', 'alpha': 0.75, 'gamma': 2.0, 'layers': 1, 'bidirectional': False}
[LN535    ] [chunk_18_phase_4_ensemble.py] [info]    Running post hyperparameter_optimization threshold search for LSTM...
[LN536    ] [chunk_12_evaluation_evaluator.py] [info] [LSTM] label_threshold=20.0 train_below_prediction_binary_split=118,621 train_above_prediction_binary_split=689 train_positive_found=true val_below_prediction_binary_split=52,918 val_above_prediction_binary_split=336 val_positive_found=true
[LN537    ] [chunk_12_evaluation_evaluator.py] [info] [LSTM] [diagnostic] LABEL_THRESHOLD=20.0 train_precision=0.0201 train_true_positives=577 train_true_negatives=90492 train_false_positives=28129 train_false_negatives=112 train_max_prediction=0.8932 train_mean_prediction=0.2445 train_recall=0.8374 train_f1=0.0393 train_auc=0.8711 train_specificity=0.7629 train_false_positive_rate=0.2371 train_f2=0.0917 train_mcc=0.1064 train_prauc=0.0427 train_balanced_accuracy=0.8002 train_brier=0.1262 train_kappa=0.0283 train_informedness=0.6003 train_markedness=-0.2170 train_gini=0.7421 train_optimal_threshold=0.4745 train_standard_deviation_prediction=0.2608 train_percentage_above_threshold=24.06
[LN538    ] [chunk_12_evaluation_evaluator.py] [info] [LSTM] [diagnostic] LABEL_THRESHOLD=20.0 VALIDATION_PRECISION=0.0200 VALIDATION_TRUE_POSITIVES=293 VALIDATION_TRUE_NEGATIVES=38554 validation_false_positives=14364 validation_false_negatives=43 validation_max_prediction=0.8912 validation_mean_prediction=0.2564 validation_recall=0.8720 validation_f1=0.0391 validation_auc=0.8738 validation_specificity=0.7286 validation_false_positive_rate=0.2714 validation_f2=0.0916 validation_mcc=0.1065 validation_prauc=0.0389 validation_balanced_accuracy=0.8003 validation_brier=0.1416 validation_kappa=0.0271 validation_informedness=0.6006 validation_markedness=-0.2514 validation_gini=0.7477 validation_optimal_threshold=0.4765 validation_standard_deviation_prediction=0.2792 validation_percentage_above_threshold=27.52
[LN539    ] [chunk_12_evaluation_evaluator.py] [info] [LSTM] label_threshold=15.0 train_below_prediction_binary_split=118,104 train_above_prediction_binary_split=1,206 train_positive_found=true val_below_prediction_binary_split=52,677 val_above_prediction_binary_split=577 val_positive_found=true
[LN540    ] [chunk_12_evaluation_evaluator.py] [info] [LSTM] [diagnostic] LABEL_THRESHOLD=15.0 train_precision=0.0335 train_true_positives=963 train_true_negatives=90361 train_false_positives=27743 train_false_negatives=243 train_max_prediction=0.8932 train_mean_prediction=0.2445 train_recall=0.7985 train_f1=0.0644 train_auc=0.8578 train_specificity=0.7651 train_false_positive_rate=0.2349 train_f2=0.1436 train_mcc=0.1319 train_prauc=0.0568 train_balanced_accuracy=0.7818 train_brier=0.1255 train_kappa=0.0459 train_informedness=0.5636 train_markedness=-0.2014 train_gini=0.7155 train_optimal_threshold=0.3574 train_standard_deviation_prediction=0.2608 train_percentage_above_threshold=24.06
[LN541    ] [chunk_12_evaluation_evaluator.py] [info] [LSTM] [diagnostic] LABEL_THRESHOLD=15.0 VALIDATION_PRECISION=0.0328 VALIDATION_TRUE_POSITIVES=481 VALIDATION_TRUE_NEGATIVES=38501 validation_false_positives=14176 validation_false_negatives=96 validation_max_prediction=0.8912 validation_mean_prediction=0.2564 validation_recall=0.8336 validation_f1=0.0631 validation_auc=0.8545 validation_specificity=0.7309 validation_false_positive_rate=0.2691 validation_f2=0.1418 validation_mcc=0.1308 validation_prauc=0.0554 validation_balanced_accuracy=0.7823 validation_brier=0.1407 validation_kappa=0.0432 validation_informedness=0.5645 validation_markedness=-0.2363 validation_gini=0.7090 validation_optimal_threshold=0.4648 validation_standard_deviation_prediction=0.2792 validation_percentage_above_threshold=27.52
[LN542    ] [chunk_12_evaluation_evaluator.py] [info] [LSTM] label_threshold=10.0 train_below_prediction_binary_split=116,756 train_above_prediction_binary_split=2,554 train_positive_found=true val_below_prediction_binary_split=52,057 val_above_prediction_binary_split=1,197 val_positive_found=true
[LN543    ] [chunk_12_evaluation_evaluator.py] [info] [LSTM] [diagnostic] LABEL_THRESHOLD=10.0 train_precision=0.0669 train_true_positives=1920 train_true_negatives=89970 train_false_positives=26786 train_false_negatives=634 train_max_prediction=0.8932 train_mean_prediction=0.2445 train_recall=0.7518 train_f1=0.1228 train_auc=0.8410 train_specificity=0.7706 train_false_positive_rate=0.2294 train_f2=0.2466 train_mcc=0.1769 train_prauc=0.0928 train_balanced_accuracy=0.7612 train_brier=0.1240 train_kappa=0.0869 train_informedness=0.5223 train_markedness=-0.1625 train_gini=0.6821 train_optimal_threshold=0.3392 train_standard_deviation_prediction=0.2608 train_percentage_above_threshold=24.06
[LN544    ] [chunk_12_evaluation_evaluator.py] [info] [LSTM] [diagnostic] LABEL_THRESHOLD=10.0 VALIDATION_PRECISION=0.0633 VALIDATION_TRUE_POSITIVES=928 VALIDATION_TRUE_NEGATIVES=38328 validation_false_positives=13729 validation_false_negatives=269 validation_max_prediction=0.8912 validation_mean_prediction=0.2564 validation_recall=0.7753 validation_f1=0.1171 validation_auc=0.8306 validation_specificity=0.7363 validation_false_positive_rate=0.2637 validation_f2=0.2386 validation_mcc=0.1698 validation_prauc=0.0915 validation_balanced_accuracy=0.7558 validation_brier=0.1391 validation_kappa=0.0788 validation_informedness=0.5115 validation_markedness=-0.2004 validation_gini=0.6612 validation_optimal_threshold=0.2715 validation_standard_deviation_prediction=0.2792 validation_percentage_above_threshold=27.52
[LN545    ] [chunk_12_evaluation_evaluator.py] [info] [LSTM] label_threshold=5.0 train_below_prediction_binary_split=111,719 train_above_prediction_binary_split=7,591 train_positive_found=true val_below_prediction_binary_split=49,381 val_above_prediction_binary_split=3,873 val_positive_found=true
[LN546    ] [chunk_12_evaluation_evaluator.py] [info] [LSTM] [diagnostic] LABEL_THRESHOLD=5.0 train_precision=0.1610 train_true_positives=4622 train_true_negatives=87635 train_false_positives=24084 train_false_negatives=2969 train_max_prediction=0.8932 train_mean_prediction=0.2445 train_recall=0.6089 train_f1=0.2547 train_auc=0.7843 train_specificity=0.7844 train_false_positive_rate=0.2156 train_f2=0.3912 train_mcc=0.2246 train_prauc=0.1723 train_balanced_accuracy=0.6967 train_brier=0.1272 train_kappa=0.1713 train_informedness=0.3933 train_markedness=-0.0546 train_gini=0.5686 train_optimal_threshold=0.2049 train_standard_deviation_prediction=0.2608 train_percentage_above_threshold=24.06
[LN547    ] [chunk_12_evaluation_evaluator.py] [info] [LSTM] [diagnostic] LABEL_THRESHOLD=5.0 VALIDATION_PRECISION=0.1631 VALIDATION_TRUE_POSITIVES=2390 VALIDATION_TRUE_NEGATIVES=37114 validation_false_positives=12267 validation_false_negatives=1483 validation_max_prediction=0.8912 validation_mean_prediction=0.2564 validation_recall=0.6171 validation_f1=0.2580 validation_auc=0.7557 validation_specificity=0.7516 validation_false_positive_rate=0.2484 validation_f2=0.3964 validation_mcc=0.2144 validation_prauc=0.1769 validation_balanced_accuracy=0.6843 validation_brier=0.1440 validation_kappa=0.1615 validation_informedness=0.3687 validation_markedness=-0.0854 validation_gini=0.5115 validation_optimal_threshold=0.1657 validation_standard_deviation_prediction=0.2792 validation_percentage_above_threshold=27.52
[LN548    ] [chunk_12_evaluation_evaluator.py] [info] [LSTM] label_threshold=0.0 train_below_prediction_binary_split=59,589 train_above_prediction_binary_split=59,721 train_positive_found=true val_below_prediction_binary_split=24,480 val_above_prediction_binary_split=28,774 val_positive_found=true
[LN549    ] [chunk_12_evaluation_evaluator.py] [info] [LSTM] [reject] skipping LABEL_THRESHOLD=0.0: validation_precision=0.4856 <= baseline+0.0100=0.5100
[LN550    ] [chunk_18_phase_4_ensemble.py] [info]    hyperparameter_optimization model threshold search: LABEL_THRESHOLD=20.0, VALIDATION_PRECISION=0.0200
[LN551    ] [chunk_18_phase_4_ensemble.py] [info]    post hyperparameter_optimization threshold search: LABEL_THRESHOLD=5.0, VALIDATION_PRECISION=0.1631
[LN552    ] [chunk_18_phase_4_ensemble.py] [info]    post hyperparameter_optimization improved: using LABEL_THRESHOLD=5.0
[LN553    ] [chunk_18_phase_4_ensemble.py] [info] [section 4] [LSTM] [post hyperparameter_optimization] [diagnostic]  cumulative binary_split_predictions (1%) ≤ 0.0063, (5%) ≤ 0.0106, (10%) ≤ 0.0162, (25%) ≤ 0.0409, (50%) ≤ 0.1664, (75%) ≤ 0.6051, (90%) ≤ 0.7213, (95%) ≤ 0.7647, (99%) ≤ 0.8169, max=0.8787 binary_split_predictions distribution: 4% ≤ 0.01, 13% ≤ 0.02, 30% ≤ 0.05, 44% ≤ 0.1, 52% ≤ 0.2, 65% ≤ 0.5, 35% ≥ 0.50
[LN554    ] [chunk_18_phase_4_ensemble.py] [info] [section 4] [LSTM] [post hyperparameter_optimization] LABEL_THRESHOLD=5.0,
[LN555    ] [chunk_18_phase_4_ensemble.py] [info] [section 4] [LSTM] [post hyperparameter_optimization] VALIDATION_PRECISION=0.1631 VALIDATION_TRUE_POSITIVES=2390 VALIDATION_TRUE_NEGATIVES=37114 validation_false_positives=12267 validation_false_negatives=1483 validation_max_prediction=0.8787 validation_mean_prediction=0.3059 validation_recall=0.6171 validation_f1=0.2580 validation_auc=0.7557 validation_specificity=0.6571 validation_false_positive_rate=0.3429 validation_f2=0.0783 validation_mcc=0.0965 validation_prauc=0.0339 validation_balanced_accuracy=0.7899 validation_brier=0.1733 validation_kappa=0.0209 validation_informedness=0.5797 validation_markedness=-0.3261 validation_gini=0.7340 validation_optimal_threshold=0.5843 validation_standard_deviation_prediction=0.2866 validation_percentage_above_threshold=34.65
[LN556    ] [chunk_18_phase_4_ensemble.py] [info] [section 4] [LSTM] [post hyperparameter_optimization] prediction_binary_split=0.50 hyperparams=(loss=binary_crossentropy lr=0.001 dropout=0.2 alpha=0.75 gamma=2.0 latent_dim=64) source=section4
[LN557    ] [chunk_18_phase_4_ensemble.py] [info]    Using post-HPO model at LABEL_THRESHOLD=5.0 (post_hpo_prec=0.1631 > hpo=0.0200, pre_hpo=0.0000)
[LN558    ] [chunk_18_phase_4_ensemble.py] [info]    Train predictions: mean=0.2532, std=0.2588, min=0.0018, max=0.8787
[LN559    ] [chunk_18_phase_4_ensemble.py] [info]    validation predictions:   mean=0.3059, std=0.2866, min=0.0043, max=0.8787
[LN560    ] [chunk_18_phase_4_ensemble.py] [info] [section 5] [LSTM] [final] [diagnostic] Train  cumulative binary_split_predictions (1%) ≤ 0.0039, (5%) ≤ 0.0086, (10%) ≤ 0.0138, (25%) ≤ 0.0349, (50%) ≤ 0.1127, (75%) ≤ 0.5013, (90%) ≤ 0.6607, (95%) ≤ 0.7259, (99%) ≤ 0.8012, max=0.8787 binary_split_predictions distribution: 6% ≤ 0.01, 15% ≤ 0.02, 34% ≤ 0.05, 48% ≤ 0.1, 58% ≤ 0.2, 75% ≤ 0.5, 25% ≥ 0.50
[LN561    ] [chunk_18_phase_4_ensemble.py] [info] [section 5] [LSTM] [final] [diagnostic] validation    cumulative binary_split_predictions (1%) ≤ 0.0063, (5%) ≤ 0.0106, (10%) ≤ 0.0162, (25%) ≤ 0.0409, (50%) ≤ 0.1664, (75%) ≤ 0.6051, (90%) ≤ 0.7213, (95%) ≤ 0.7647, (99%) ≤ 0.8169, max=0.8787 binary_split_predictions distribution: 4% ≤ 0.01, 13% ≤ 0.02, 30% ≤ 0.05, 44% ≤ 0.1, 52% ≤ 0.2, 65% ≤ 0.5, 35% ≥ 0.50
[LN562    ] [chunk_18_phase_4_ensemble.py] [info]    Train predictions: 25.11% positive predictions (29,959 / 119,310)
[LN563    ] [chunk_18_phase_4_ensemble.py] [info]    validation predictions:   34.65% positive predictions (18,454 / 53,254)
[LN564    ] [chunk_18_phase_4_ensemble.py] [info]    [diagnostic] prediction_buckets: 0-10:4432, 10-20:2608, 20-30:2097, 30-40:2402, 40-50:4840, 50-60:6840, 60-70:5818, 70-80:956, 80-90:0, 90-100:0
[LN565    ] [chunk_18_phase_4_ensemble.py] [info] [section 5] [LSTM] [final] LABEL_THRESHOLD=5.0,
[LN566    ] [chunk_18_phase_4_ensemble.py] [info] [section 5] [LSTM] [final] train_precision=0.1586 train_true_positives=4750 train_true_negatives=86510 train_false_positives=25209 train_false_negatives=2841 train_max_prediction=0.8787 train_mean_prediction=0.2532 train_recall=0.6257 train_f1=0.2530 train_auc=0.7860 train_specificity=0.7744 train_false_positive_rate=0.2256 train_f2=0.3937 train_mcc=0.2252 train_prauc=0.1705 train_balanced_accuracy=0.7000 train_standard_deviation_prediction=0.2588 train_percentage_above_threshold=25.11 train_brier=0.1297 train_kappa=0.1686 train_informedness=0.4001 train_markedness=-0.0671 train_gini=0.5720 train_optimal_threshold=0.2557
[LN567    ] [chunk_18_phase_4_ensemble.py] [info] [section 5] [LSTM] [final] VALIDATION_PRECISION=0.1506 VALIDATION_TRUE_POSITIVES=2779 VALIDATION_TRUE_NEGATIVES=33706 validation_false_positives=15675 validation_false_negatives=1094 validation_max_prediction=0.8787 validation_mean_prediction=0.3059 validation_recall=0.7175 validation_f1=0.2489 validation_auc=0.7588 validation_specificity=0.6826 validation_false_positive_rate=0.3174 validation_f2=0.4093 validation_mcc=0.2183 validation_prauc=0.1738 validation_balanced_accuracy=0.7001 validation_brier=0.1682 validation_kappa=0.1463 validation_informedness=0.4001 validation_markedness=-0.1668 validation_gini=0.5176 validation_optimal_threshold=0.3708 validation_standard_deviation_prediction=0.2866 validation_percentage_above_threshold=34.65
[LN568    ] [chunk_18_phase_4_ensemble.py] [info] [section 5] [LSTM] [final] prediction_binary_split=0.50 hyperparams=(loss=binary_crossentropy lr=0.001 dropout=0.2 alpha=0.75 gamma=2.0 latent_dim=64) (using HPO model directly)
[LN569    ] [chunk_18_phase_4_ensemble.py] [info]    LSTM loss=binary_crossentropy pred_threshold=0.5 epochs=50
[LN570    ] [chunk_18_phase_4_ensemble.py] [info]    [LSTM] hyperparameter_optimization: lstm_units=64, dropout=0.2, learning_rate=0.001, alpha=0.75, gamma=2.0, layers=1
[LN571    ] [chunk_18_phase_4_ensemble.py] [info]    LSTM training time: 1504.4s
[LN572    ] [chunk_18_phase_4_ensemble.py] [info] [pass] LSTM trained successfully
[LN573    ] [chunk_18_phase_4_ensemble.py] [info] [Dense] Winsorization: LOW=3 HIGH=92 (training-only percentiles)
[LN574    ] [chunk_14_models_trainer.py] [info]    class_weight=balanced (no focal_loss)
[LN575    ] [chunk_18_phase_4_ensemble.py] [info] [section 1] [DENSE] [baseline] LABEL_THRESHOLD=20.0,
[LN576    ] [chunk_18_phase_4_ensemble.py] [info] [section 1] [DENSE] [baseline] predictions: mean=0.0325, std=0.0390, min=0.0010, max=0.2598
[LN577    ] [chunk_18_phase_4_ensemble.py] [info] [section 1] [DENSE] [baseline]  cumulative binary_split_predictions (1%) ≤ 0.0019, (5%) ≤ 0.0024, (10%) ≤ 0.0029, (25%) ≤ 0.0046, (50%) ≤ 0.0159, (75%) ≤ 0.0456, (90%) ≤ 0.0891, (95%) ≤ 0.1198, (99%) ≤ 0.1670, max=0.2598 binary_split_predictions distribution: 41% ≤ 0.01, 55% ≤ 0.02, 77% ≤ 0.05, 92% ≤ 0.1, 100% ≤ 0.2, 100% ≤ 0.5, 0% ≥ 0.50
[LN578    ] [chunk_18_phase_4_ensemble.py] [info] [section 1] [DENSE] [baseline] prediction_binary_split=0.50, VALIDATION predictions at LABEL_THRESHOLD=20.0: 0.00%
[LN579    ] [chunk_18_phase_4_ensemble.py] [warning] [section 1] [DENSE] [baseline] [warning] No predictions >= 0.5!
[LN580    ] [chunk_18_phase_4_ensemble.py] [info] [section 1] [DENSE] [baseline] LABEL_THRESHOLD=20.0,
[LN581    ] [chunk_18_phase_4_ensemble.py] [info] [section 1] [DENSE] [baseline] VALIDATION_PRECISION=0.0000 VALIDATION_TRUE_POSITIVES=0 VALIDATION_TRUE_NEGATIVES=52918 validation_false_positives=0 validation_false_negatives=336 validation_max_prediction=0.2598 validation_mean_prediction=0.0325 validation_recall=0.0000 validation_f1=0.0000 validation_auc=0.8277 validation_specificity=1.0000 validation_false_positive_rate=0.0000 validation_f2=0.0000 validation_mcc=0.0000 validation_prauc=0.0223 validation_balanced_accuracy=0.5000 validation_brier=0.0079 validation_kappa=0.0000 validation_informedness=0.0000 validation_markedness=0.0000 validation_gini=0.6555 validation_optimal_threshold=0.0413 validation_standard_deviation_prediction=0.0390 validation_percentage_above_threshold=0.00
[LN582    ] [chunk_18_phase_4_ensemble.py] [info] [section 1] [DENSE] [baseline] prediction_binary_split=0.50 loss=binary_crossentropy, lr=0.001
[LN583    ] [chunk_12_evaluation_evaluator.py] [info] [DENSE] label_threshold=20.0 train_below_prediction_binary_split=118,621 train_above_prediction_binary_split=689 train_positive_found=true val_below_prediction_binary_split=52,918 val_above_prediction_binary_split=336 val_positive_found=true
[LN584    ] [chunk_14_models_trainer.py] [info]    class_weight=balanced (no focal_loss)
[LN585    ] [chunk_12_evaluation_evaluator.py] [info] [DENSE] [reject] skipping LABEL_THRESHOLD=20.0: pos_pred_ratio=0.02% outside [0%, 65%]
[LN586    ] [chunk_12_evaluation_evaluator.py] [info] [DENSE] label_threshold=15.0 train_below_prediction_binary_split=118,104 train_above_prediction_binary_split=1,206 train_positive_found=true val_below_prediction_binary_split=52,677 val_above_prediction_binary_split=577 val_positive_found=true
[LN587    ] [chunk_14_models_trainer.py] [info]    class_weight=balanced (no focal_loss)
[LN588    ] [chunk_12_evaluation_evaluator.py] [info] [reject] threshold=15.0 action=skipped reason=insufficient_positive_predictions positive_predictions=3 minimum_positive_required=5
[LN589    ] [chunk_12_evaluation_evaluator.py] [info] [DENSE] label_threshold=10.0 train_below_prediction_binary_split=116,756 train_above_prediction_binary_split=2,554 train_positive_found=true val_below_prediction_binary_split=52,057 val_above_prediction_binary_split=1,197 val_positive_found=true
[LN590    ] [chunk_14_models_trainer.py] [info]    class_weight=balanced (no focal_loss)
[LN591    ] [chunk_12_evaluation_evaluator.py] [info] [reject] threshold=10.0 action=skipped reason=insufficient_positive_predictions positive_predictions=0 minimum_positive_required=5
[LN592    ] [chunk_12_evaluation_evaluator.py] [info] [DENSE] label_threshold=5.0 train_below_prediction_binary_split=111,719 train_above_prediction_binary_split=7,591 train_positive_found=true val_below_prediction_binary_split=49,381 val_above_prediction_binary_split=3,873 val_positive_found=true
[LN593    ] [chunk_14_models_trainer.py] [info]    class_weight=balanced (no focal_loss)
[LN594    ] [chunk_12_evaluation_evaluator.py] [info] [reject] threshold=5.0 action=skipped reason=insufficient_positive_predictions positive_predictions=0 minimum_positive_required=5
[LN595    ] [chunk_12_evaluation_evaluator.py] [info] [DENSE] label_threshold=0.0 train_below_prediction_binary_split=59,589 train_above_prediction_binary_split=59,721 train_positive_found=true val_below_prediction_binary_split=24,480 val_above_prediction_binary_split=28,774 val_positive_found=true
[LN596    ] [chunk_14_models_trainer.py] [info]    class_weight=balanced (no focal_loss)
[LN597    ] [chunk_12_evaluation_evaluator.py] [info] [Dense] Safeguards: type=neural, min_precision_over_baseline=0.0100, min_pos_pct=0.0000, min_pos_abs=5, patience=10
[LN598    ] [chunk_12_evaluation_evaluator.py] [info] [DENSE] [diagnostic] LABEL_THRESHOLD=0.0 train_precision=0.5571 train_true_positives=36733 train_true_negatives=30390 train_false_positives=29199 train_false_negatives=22988 train_max_prediction=0.9820 train_mean_prediction=0.5055 train_recall=0.6151 train_f1=0.5847 train_auc=0.5929 train_specificity=0.5100 train_false_positive_rate=0.4900 train_f2=0.6025 train_mcc=0.1258 train_prauc=0.5925 train_balanced_accuracy=0.5625 train_brier=0.2424 train_kappa=0.1251 train_informedness=0.1251 train_markedness=0.0671 train_gini=0.1857 train_optimal_threshold=0.5071 train_standard_deviation_prediction=0.0714 train_percentage_above_threshold=55.26
[LN599    ] [chunk_12_evaluation_evaluator.py] [info] [DENSE] [diagnostic] LABEL_THRESHOLD=0.0 VALIDATION_PRECISION=0.5111 VALIDATION_TRUE_POSITIVES=11780 VALIDATION_TRUE_NEGATIVES=13211 validation_false_positives=11269 validation_false_negatives=16994 validation_max_prediction=0.9551 validation_mean_prediction=0.4981 validation_recall=0.4094 validation_f1=0.4546 validation_auc=0.4713 validation_specificity=0.5397 validation_false_positive_rate=0.4603 validation_f2=0.4264 validation_mcc=-0.0512 validation_prauc=0.5465 validation_balanced_accuracy=0.4745 validation_brier=0.2561 validation_kappa=-0.0501 validation_informedness=-0.0509 validation_markedness=0.0508 validation_gini=0.0000 validation_optimal_threshold=0.5991 validation_standard_deviation_prediction=0.0741 validation_percentage_above_threshold=43.28
[LN600    ] [chunk_18_phase_4_ensemble.py] [info] [section 1] [DENSE] [label_threshold_optimal]  cumulative binary_split_predictions (1%) ≤ 0.3703, (5%) ≤ 0.3941, (10%) ≤ 0.4143, (25%) ≤ 0.4504, (50%) ≤ 0.4890, (75%) ≤ 0.5369, (90%) ≤ 0.5811, (95%) ≤ 0.6059, (99%) ≤ 0.7803, max=0.9551 binary_split_predictions distribution: 0% ≤ 0.01, 0% ≤ 0.02, 0% ≤ 0.05, 0% ≤ 0.1, 0% ≤ 0.2, 57% ≤ 0.5, 43% ≥ 0.50
[LN601    ] [chunk_18_phase_4_ensemble.py] [info] [section 1] [DENSE] [label_threshold_optimal] LABEL_THRESHOLD=0.0
[LN602    ] [chunk_18_phase_4_ensemble.py] [info] [section 1] [DENSE] [label_threshold_optimal] train_precision=0.5571 train_true_positives=36733 train_true_negatives=30390 train_false_positives=29199 train_false_negatives=22988 train_max_prediction=0.9820 train_mean_prediction=0.5055 train_recall=0.6151 train_f1=0.5847 train_auc=0.5929 train_specificity=0.5100 train_false_positive_rate=0.4900 train_f2=0.6025 train_mcc=0.1258 train_prauc=0.5925 train_balanced_accuracy=0.5625 train_brier=0.2424 train_kappa=0.1251 train_informedness=0.1251 train_markedness=0.0671 train_gini=0.1857 train_optimal_threshold=0.5071 train_standard_deviation_prediction=0.0714 train_percentage_above_threshold=55.26
[LN603    ] [chunk_18_phase_4_ensemble.py] [info] [section 1] [DENSE] [label_threshold_optimal] VALIDATION_PRECISION=0.5111 VALIDATION_TRUE_POSITIVES=11780 VALIDATION_TRUE_NEGATIVES=13211 validation_false_positives=11269 validation_false_negatives=16994 validation_max_prediction=0.9551 validation_mean_prediction=0.4981 validation_recall=0.4094 validation_f1=0.4546 validation_auc=0.4713 validation_specificity=0.5397 validation_false_positive_rate=0.4603 validation_f2=0.4264 validation_mcc=-0.0512 validation_prauc=0.5465 validation_balanced_accuracy=0.4745 validation_brier=0.2561 validation_kappa=-0.0501 validation_informedness=-0.0509 validation_markedness=0.0508 validation_gini=0.0000 validation_optimal_threshold=0.5991 validation_standard_deviation_prediction=0.0741 validation_percentage_above_threshold=43.28
[LN604    ] [chunk_18_phase_4_ensemble.py] [info] [section 1] [DENSE] [label_threshold_optimal] prediction_binary_split=0.50
[LN605    ] [chunk_21_hyperparam_optimizer.py] [info] [section 2] [DENSE] [hyperparameter_optimization search] Running Bayesian optimization (5 trials)...
[LN606    ] [chunk_14_models_trainer.py] [info]    class_weight=balanced (no focal_loss)
[LN607    ] [chunk_21_hyperparam_optimizer.py] [info] [section 2] [DENSE] [hyperparameter_optimization search baseline] LABEL_THRESHOLD=0.0
[LN608    ] [chunk_21_hyperparam_optimizer.py] [info] [section 2] [DENSE] [hyperparameter_optimization search baseline] VALIDATION_PRECISION=0.5018 VALIDATION_TRUE_POSITIVES=10374 VALIDATION_TRUE_NEGATIVES=14179 validation_false_positives=10301 validation_false_negatives=18400 validation_max_prediction=0.7545 validation_mean_prediction=0.4929 validation_recall=0.3605 validation_f1=0.4196 validation_auc=0.4577 validation_specificity=0.5792 validation_false_positive_rate=0.4208 validation_f2=0.3820 validation_mcc=-0.0616 validation_prauc=0.5257 validation_balanced_accuracy=0.4699 validation_brier=0.2559 validation_kappa=-0.0588 validation_informedness=-0.0603 validation_markedness=0.0810 validation_gini=0.0000 validation_optimal_threshold=0.6108 validation_standard_deviation_prediction=0.0511 validation_percentage_above_threshold=38.82
[LN609    ] [chunk_21_hyperparam_optimizer.py] [info] [section 2] [DENSE] [hyperparameter_optimization search baseline] TRIAL 1/5: units=1024, layers=4, dropout=0.1, learning_rate=0.0001, epochs=15, loss_function=binary_crossentropy, alpha=1.25, gamma=4.0, batch_size=64, activation=selu
[LN610    ] [chunk_14_models_trainer.py] [info]    class_weight=None (focal_loss active — skipping balanced class_weight)
[LN611    ] [chunk_21_hyperparam_optimizer.py] [info] [section 2] [DENSE] [hyperparameter_optimization search baseline] LABEL_THRESHOLD=0.0
[LN612    ] [chunk_21_hyperparam_optimizer.py] [info] [section 2] [DENSE] [hyperparameter_optimization search baseline] VALIDATION_PRECISION=0.5385 VALIDATION_TRUE_POSITIVES=12621 VALIDATION_TRUE_NEGATIVES=13665 validation_false_positives=10815 validation_false_negatives=16153 validation_max_prediction=0.7090 validation_mean_prediction=0.5028 validation_recall=0.4386 validation_f1=0.4835 validation_auc=0.4963 validation_specificity=0.5582 validation_false_positive_rate=0.4418 validation_f2=0.4555 validation_mcc=-0.0032 validation_prauc=0.5621 validation_balanced_accuracy=0.4984 validation_brier=0.2497 validation_kappa=-0.0031 validation_informedness=-0.0032 validation_markedness=0.0967 validation_gini=0.0000 validation_optimal_threshold=0.5159 validation_standard_deviation_prediction=0.0293 validation_percentage_above_threshold=44.01
[LN613    ] [chunk_21_hyperparam_optimizer.py] [info] [section 2] [DENSE] [hyperparameter_optimization search baseline] TRIAL 2/5: units=64, layers=4, dropout=0.1, learning_rate=0.0003, epochs=15, loss_function=focal_loss, alpha=0.5, gamma=4.0, batch_size=32, activation=leaky_relu
[LN614    ] [chunk_14_models_trainer.py] [info]    class_weight=balanced (no focal_loss)
[LN615    ] [chunk_21_hyperparam_optimizer.py] [info] [section 2] [DENSE] [hyperparameter_optimization search baseline] LABEL_THRESHOLD=0.0
[LN616    ] [chunk_21_hyperparam_optimizer.py] [info] [section 2] [DENSE] [hyperparameter_optimization search baseline] VALIDATION_PRECISION=0.5235 VALIDATION_TRUE_POSITIVES=13688 VALIDATION_TRUE_NEGATIVES=12022 validation_false_positives=12458 validation_false_negatives=15086 validation_max_prediction=0.7938 validation_mean_prediction=0.4992 validation_recall=0.4757 validation_f1=0.4985 validation_auc=0.4763 validation_specificity=0.4911 validation_false_positive_rate=0.5089 validation_f2=0.4846 validation_mcc=-0.0331 validation_prauc=0.5470 validation_balanced_accuracy=0.4834 validation_brier=0.2548 validation_kappa=-0.0329 validation_informedness=-0.0332 validation_markedness=0.0146 validation_gini=0.0000 validation_optimal_threshold=0.5661 validation_standard_deviation_prediction=0.0599 validation_percentage_above_threshold=49.10
[LN617    ] [chunk_21_hyperparam_optimizer.py] [info] [section 2] [DENSE] [hyperparameter_optimization search baseline] TRIAL 3/5: units=128, layers=3, dropout=0.2, learning_rate=0.0003, epochs=15, loss_function=binary_crossentropy, alpha=1.25, gamma=2.0, batch_size=256, activation=leaky_relu
[LN618    ] [chunk_14_models_trainer.py] [info]    class_weight=None (focal_loss active — skipping balanced class_weight)
[LN619    ] [chunk_21_hyperparam_optimizer.py] [info] [section 2] [DENSE] [hyperparameter_optimization search baseline] LABEL_THRESHOLD=0.0
[LN620    ] [chunk_21_hyperparam_optimizer.py] [info] [section 2] [DENSE] [hyperparameter_optimization search baseline] VALIDATION_PRECISION=0.5385 VALIDATION_TRUE_POSITIVES=26485 VALIDATION_TRUE_NEGATIVES=1778 validation_false_positives=22702 validation_false_negatives=2289 validation_max_prediction=0.6934 validation_mean_prediction=0.5441 validation_recall=0.9204 validation_f1=0.6794 validation_auc=0.4997 validation_specificity=0.0726 validation_false_positive_rate=0.9274 validation_f2=0.8061 validation_mcc=-0.0130 validation_prauc=0.5531 validation_balanced_accuracy=0.4965 validation_brier=0.2492 validation_kappa=-0.0074 validation_informedness=-0.0069 validation_markedness=-0.3889 validation_gini=0.0000 validation_optimal_threshold=0.5660 validation_standard_deviation_prediction=0.0332 validation_percentage_above_threshold=92.36
[LN621    ] [chunk_21_hyperparam_optimizer.py] [info] [section 2] [DENSE] [hyperparameter_optimization search baseline] TRIAL 4/5: units=128, layers=2, dropout=0.4, learning_rate=0.001, epochs=20, loss_function=focal_loss, alpha=1.0, gamma=2.5, batch_size=32, activation=relu
[LN622    ] [chunk_14_models_trainer.py] [info]    class_weight=balanced (no focal_loss)
[LN623    ] [chunk_21_hyperparam_optimizer.py] [info] [section 2] [DENSE] [hyperparameter_optimization search baseline] LABEL_THRESHOLD=0.0
[LN624    ] [chunk_21_hyperparam_optimizer.py] [info] [section 2] [DENSE] [hyperparameter_optimization search baseline] VALIDATION_PRECISION=0.5235 VALIDATION_TRUE_POSITIVES=13795 VALIDATION_TRUE_NEGATIVES=11924 validation_false_positives=12556 validation_false_negatives=14979 validation_max_prediction=0.7273 validation_mean_prediction=0.5111 validation_recall=0.4794 validation_f1=0.5005 validation_auc=0.4789 validation_specificity=0.4871 validation_false_positive_rate=0.5129 validation_f2=0.4876 validation_mcc=-0.0334 validation_prauc=0.5391 validation_balanced_accuracy=0.4833 validation_brier=0.2533 validation_kappa=-0.0332 validation_informedness=-0.0335 validation_markedness=0.0106 validation_gini=0.0000 validation_optimal_threshold=0.6270 validation_standard_deviation_prediction=0.0547 validation_percentage_above_threshold=49.48
[LN625    ] [chunk_21_hyperparam_optimizer.py] [info] [section 2] [DENSE] [hyperparameter_optimization search baseline] TRIAL 5/5: units=128, layers=4, dropout=0.2, learning_rate=0.0001, epochs=15, loss_function=binary_crossentropy, alpha=1.25, gamma=4.0, batch_size=128, activation=selu
[LN626    ] [chunk_21_hyperparam_optimizer.py] [info] [section 2] [DENSE] [best trial] LABEL_THRESHOLD=0.0
[LN627    ] [chunk_21_hyperparam_optimizer.py] [info] [section 2] [DENSE] [best trial] VALIDATION_PRECISION=0.5385 VALIDATION_TRUE_POSITIVES=26485 VALIDATION_TRUE_NEGATIVES=1778 validation_false_positives=22702 validation_false_negatives=2289 validation_max_prediction=0.6934 validation_mean_prediction=0.5441 validation_recall=0.9204 validation_f1=0.6794 validation_auc=0.4997 validation_specificity=0.0726 validation_false_positive_rate=0.9274 validation_f2=0.8061 validation_mcc=-0.0130 validation_prauc=0.5531 validation_balanced_accuracy=0.4965 validation_brier=0.2492 validation_kappa=-0.0074 validation_informedness=-0.0069 validation_markedness=-0.3889 validation_gini=0.0000 validation_optimal_threshold=0.5660 validation_standard_deviation_prediction=0.0332 validation_percentage_above_threshold=92.36
[LN628    ] [chunk_21_hyperparam_optimizer.py] [info] [section 2] [DENSE] [best trial] units=128, layers=2, dropout=0.4, learning_rate=0.001, epochs=20, loss_function=focal_loss, alpha=1.0, gamma=2.5, batch_size=32, activation=relu
[LN629    ] [chunk_18_phase_4_ensemble.py] [info]    [diagnostic-hyperparameter_optimization]  cumulative binary_split_predictions (1%) ≤ 0.4818, (5%) ≤ 0.4950, (10%) ≤ 0.5034, (25%) ≤ 0.5192, (50%) ≤ 0.5422, (75%) ≤ 0.5653, (90%) ≤ 0.5889, (95%) ≤ 0.6033, (99%) ≤ 0.6273, max=0.6934 binary_split_predictions distribution: 0% ≤ 0.01, 0% ≤ 0.02, 0% ≤ 0.05, 0% ≤ 0.1, 0% ≤ 0.2, 8% ≤ 0.5, 92% ≥ 0.50
[LN630    ] [chunk_18_phase_4_ensemble.py] [info]    hyperparameter_optimization improved: 0.5385 > 0.5111
[LN631    ] [chunk_18_phase_4_ensemble.py] [info] [section 3] [DENSE] [HYPERPARAMETER_OPTIMIZATION] LABEL_THRESHOLD=0.0,
[LN632    ] [chunk_18_phase_4_ensemble.py] [info] [section 3] [DENSE] [HYPERPARAMETER_OPTIMIZATION] VALIDATION_PRECISION=0.5385 VALIDATION_TRUE_POSITIVES=26485 VALIDATION_TRUE_NEGATIVES=1778 validation_false_positives=22702 validation_false_negatives=2289 validation_max_prediction=0.6934 validation_mean_prediction=0.5441 validation_recall=0.9204 validation_f1=0.6794 validation_auc=0.4997 validation_specificity=0.0726 validation_false_positive_rate=0.9274 validation_f2=0.8061 validation_mcc=-0.0130 validation_prauc=0.5531 validation_balanced_accuracy=0.4965 validation_brier=0.2492 validation_kappa=-0.0074 validation_informedness=-0.0069 validation_markedness=-0.3889 validation_gini=0.0000 validation_optimal_threshold=0.5660 validation_standard_deviation_prediction=0.0332 validation_percentage_above_threshold=92.36
[LN633    ] [chunk_18_phase_4_ensemble.py] [info] [section 3] [DENSE] [HYPERPARAMETER_OPTIMIZATION] prediction_binary_split=0.50 hyperparams=(loss=focal_loss lr=0.001 dropout=0.4 alpha=1.0 gamma=2.5 latent_dim=0) improved=True {'units': 128, 'layers': 2, 'dropout': 0.4, 'learning_rate': 0.001, 'epochs': 20, 'loss_function': 'focal_loss', 'alpha': 1.0, 'gamma': 2.5, 'batch_size': 32, 'activation': 'relu'}
[LN634    ] [chunk_18_phase_4_ensemble.py] [info]    Running post hyperparameter_optimization threshold search for Dense...
[LN635    ] [chunk_12_evaluation_evaluator.py] [info] [DENSE] label_threshold=20.0 train_below_prediction_binary_split=118,621 train_above_prediction_binary_split=689 train_positive_found=true val_below_prediction_binary_split=52,918 val_above_prediction_binary_split=336 val_positive_found=true
[LN636    ] [chunk_12_evaluation_evaluator.py] [info] [DENSE] [reject] skipping LABEL_THRESHOLD=20.0: pos_pred_ratio=92.36% outside [0%, 65%]
[LN637    ] [chunk_12_evaluation_evaluator.py] [info] [DENSE] label_threshold=15.0 train_below_prediction_binary_split=118,104 train_above_prediction_binary_split=1,206 train_positive_found=true val_below_prediction_binary_split=52,677 val_above_prediction_binary_split=577 val_positive_found=true
[LN638    ] [chunk_12_evaluation_evaluator.py] [info] [DENSE] [reject] skipping LABEL_THRESHOLD=15.0: pos_pred_ratio=92.36% outside [0%, 65%]
[LN639    ] [chunk_12_evaluation_evaluator.py] [info] [DENSE] label_threshold=10.0 train_below_prediction_binary_split=116,756 train_above_prediction_binary_split=2,554 train_positive_found=true val_below_prediction_binary_split=52,057 val_above_prediction_binary_split=1,197 val_positive_found=true
[LN640    ] [chunk_12_evaluation_evaluator.py] [info] [DENSE] [reject] skipping LABEL_THRESHOLD=10.0: pos_pred_ratio=92.36% outside [0%, 65%]
[LN641    ] [chunk_12_evaluation_evaluator.py] [info] [DENSE] label_threshold=5.0 train_below_prediction_binary_split=111,719 train_above_prediction_binary_split=7,591 train_positive_found=true val_below_prediction_binary_split=49,381 val_above_prediction_binary_split=3,873 val_positive_found=true
[LN642    ] [chunk_12_evaluation_evaluator.py] [info] [DENSE] [reject] skipping LABEL_THRESHOLD=5.0: pos_pred_ratio=92.36% outside [0%, 65%]
[LN643    ] [chunk_12_evaluation_evaluator.py] [info] [DENSE] label_threshold=0.0 train_below_prediction_binary_split=59,589 train_above_prediction_binary_split=59,721 train_positive_found=true val_below_prediction_binary_split=24,480 val_above_prediction_binary_split=28,774 val_positive_found=true
[LN644    ] [chunk_12_evaluation_evaluator.py] [info] [DENSE] [reject] skipping LABEL_THRESHOLD=0.0: pos_pred_ratio=92.36% outside [0%, 65%]
[LN645    ] [chunk_18_phase_4_ensemble.py] [info]    hyperparameter_optimization model threshold search: LABEL_THRESHOLD=0.0, VALIDATION_PRECISION=0.5385
[LN646    ] [chunk_18_phase_4_ensemble.py] [info]    post hyperparameter_optimization threshold search: LABEL_THRESHOLD=20.0, VALIDATION_PRECISION=0.0000
[LN647    ] [chunk_18_phase_4_ensemble.py] [info]    post hyperparameter_optimization no improvement: keeping LABEL_THRESHOLD=0.0
[LN648    ] [chunk_18_phase_4_ensemble.py] [info] [section 4] [DENSE] [post hyperparameter_optimization] [diagnostic]  cumulative binary_split_predictions (1%) ≤ 0.4818, (5%) ≤ 0.4950, (10%) ≤ 0.5034, (25%) ≤ 0.5192, (50%) ≤ 0.5422, (75%) ≤ 0.5653, (90%) ≤ 0.5889, (95%) ≤ 0.6033, (99%) ≤ 0.6273, max=0.6934 binary_split_predictions distribution: 0% ≤ 0.01, 0% ≤ 0.02, 0% ≤ 0.05, 0% ≤ 0.1, 0% ≤ 0.2, 8% ≤ 0.5, 92% ≥ 0.50
[LN649    ] [chunk_18_phase_4_ensemble.py] [info] [section 4] [DENSE] [post hyperparameter_optimization] LABEL_THRESHOLD=0.0,
[LN650    ] [chunk_18_phase_4_ensemble.py] [info] [section 4] [DENSE] [post hyperparameter_optimization] VALIDATION_PRECISION=0.5385 VALIDATION_TRUE_POSITIVES=26485 VALIDATION_TRUE_NEGATIVES=1778 validation_false_positives=22702 validation_false_negatives=2289 validation_max_prediction=0.6934 validation_mean_prediction=0.5441 validation_recall=0.9204 validation_f1=0.6794 validation_auc=0.4997 validation_specificity=0.0726 validation_false_positive_rate=0.9274 validation_f2=0.8061 validation_mcc=-0.0130 validation_prauc=0.5531 validation_balanced_accuracy=0.4965 validation_brier=0.2492 validation_kappa=-0.0074 validation_informedness=-0.0069 validation_markedness=-0.3889 validation_gini=0.0000 validation_optimal_threshold=0.5660 validation_standard_deviation_prediction=0.0332 validation_percentage_above_threshold=92.36
[LN651    ] [chunk_18_phase_4_ensemble.py] [info] [section 4] [DENSE] [post hyperparameter_optimization] prediction_binary_split=0.50 hyperparams=(loss=focal_loss lr=0.001 dropout=0.4 alpha=1.0 gamma=2.5 latent_dim=64) source=section3
[LN652    ] [chunk_18_phase_4_ensemble.py] [info]    Using Hyperparameter_Optimized model directly (no change to Label_Threshold)
[LN653    ] [chunk_18_phase_4_ensemble.py] [info]    Train predictions: mean=0.4986, std=0.0488, min=0.3603, max=0.6951
[LN654    ] [chunk_18_phase_4_ensemble.py] [info]    validation predictions:   mean=0.5441, std=0.0332, min=0.4478, max=0.6934
[LN655    ] [chunk_18_phase_4_ensemble.py] [info] [section 5] [DENSE] [final] [diagnostic] Train  cumulative binary_split_predictions (1%) ≤ 0.3952, (5%) ≤ 0.4188, (10%) ≤ 0.4342, (25%) ≤ 0.4629, (50%) ≤ 0.4986, (75%) ≤ 0.5341, (90%) ≤ 0.5629, (95%) ≤ 0.5783, (99%) ≤ 0.6052, max=0.6951 binary_split_predictions distribution: 0% ≤ 0.01, 0% ≤ 0.02, 0% ≤ 0.05, 0% ≤ 0.1, 0% ≤ 0.2, 51% ≤ 0.5, 49% ≥ 0.50
[LN656    ] [chunk_18_phase_4_ensemble.py] [info] [section 5] [DENSE] [final] [diagnostic] validation    cumulative binary_split_predictions (1%) ≤ 0.4818, (5%) ≤ 0.4950, (10%) ≤ 0.5034, (25%) ≤ 0.5192, (50%) ≤ 0.5422, (75%) ≤ 0.5653, (90%) ≤ 0.5889, (95%) ≤ 0.6033, (99%) ≤ 0.6273, max=0.6934 binary_split_predictions distribution: 0% ≤ 0.01, 0% ≤ 0.02, 0% ≤ 0.05, 0% ≤ 0.1, 0% ≤ 0.2, 8% ≤ 0.5, 92% ≥ 0.50
[LN657    ] [chunk_18_phase_4_ensemble.py] [info]    Train predictions: 48.97% positive predictions (58,421 / 119,310)
[LN658    ] [chunk_18_phase_4_ensemble.py] [info]    validation predictions:   92.36% positive predictions (49,187 / 53,254)
[LN659    ] [chunk_18_phase_4_ensemble.py] [info]    [info] Section 4 all rejected - using Section 3 results for Section 5
[LN660    ] [chunk_18_phase_4_ensemble.py] [info]    [diagnostic] prediction_buckets: 0-10:0, 10-20:0, 20-30:0, 30-40:4067, 40-50:45971, 50-60:3216, 60-70:0, 70-80:0, 80-90:0, 90-100:0
[LN661    ] [chunk_18_phase_4_ensemble.py] [info] [section 5] [DENSE] [final] LABEL_THRESHOLD=0.0,
[LN662    ] [chunk_18_phase_4_ensemble.py] [info] [section 5] [DENSE] [final] train_precision=0.5332 train_true_positives=31149 train_true_negatives=32317 train_false_positives=27272 train_false_negatives=28572 train_max_prediction=0.6951 train_mean_prediction=0.4986 train_recall=0.5216 train_f1=0.5273 train_auc=0.5531 train_specificity=0.5423 train_false_positive_rate=0.4577 train_f2=0.5239 train_mcc=0.0639 train_prauc=0.5497 train_balanced_accuracy=0.5320 train_standard_deviation_prediction=0.0488 train_percentage_above_threshold=48.97 train_brier=0.2475 train_kappa=0.0639 train_informedness=0.0639 train_markedness=0.0755 train_gini=0.1062 train_optimal_threshold=0.5165
[LN663    ] [chunk_18_phase_4_ensemble.py] [info] [section 5] [DENSE] [final] VALIDATION_PRECISION=0.5385 VALIDATION_TRUE_POSITIVES=26485 VALIDATION_TRUE_NEGATIVES=1778 validation_false_positives=22702 validation_false_negatives=2289 validation_max_prediction=0.6934 validation_mean_prediction=0.5441 validation_recall=0.9204 validation_f1=0.6794 validation_auc=0.4997 validation_specificity=0.0726 validation_false_positive_rate=0.9274 validation_f2=0.8061 validation_mcc=-0.0130 validation_prauc=0.5531 validation_balanced_accuracy=0.4965 validation_brier=0.2492 validation_kappa=-0.0074 validation_informedness=-0.0069 validation_markedness=-0.3889 validation_gini=0.0000 validation_optimal_threshold=0.5660 validation_standard_deviation_prediction=0.0332 validation_percentage_above_threshold=92.36
[LN664    ] [chunk_18_phase_4_ensemble.py] [info] [section 5] [DENSE] [final] prediction_binary_split=0.50 hyperparams=(loss=focal_loss lr=0.001 dropout=0.4 alpha=1.0 gamma=2.5 latent_dim=64) (using HPO model directly)
[LN665    ] [chunk_18_phase_4_ensemble.py] [info]    Dense loss=focal_loss pred_threshold=0.5 epochs=20
[LN666    ] [chunk_18_phase_4_ensemble.py] [info]    [Dense] hyperparameter_optimization: units=128, layers=2, dropout=0.4, learning_rate=0.001, alpha=1.0, gamma=2.5
[LN667    ] [chunk_18_phase_4_ensemble.py] [info]    Dense training time: 844.8s
[LN668    ] [chunk_18_phase_4_ensemble.py] [info] [pass] Dense trained successfully
[LN669    ] [chunk_18_phase_4_ensemble.py] [info] [VAE] Winsorization: LOW=3 HIGH=97 (training-only percentiles)
[LN670    ] [chunk_14_models_trainer.py] [info]    class_weight=balanced (no focal_loss)
[LN671    ] [chunk_18_phase_4_ensemble.py] [info] [section 1] [VAE] [baseline] LABEL_THRESHOLD=20.0,
[LN672    ] [chunk_18_phase_4_ensemble.py] [info] [section 1] [VAE] [baseline] predictions: mean=0.0174, std=0.0160, min=0.0001, max=0.1782
[LN673    ] [chunk_18_phase_4_ensemble.py] [info] [section 1] [VAE] [baseline]  cumulative binary_split_predictions (1%) ≤ 0.0013, (5%) ≤ 0.0026, (10%) ≤ 0.0037, (25%) ≤ 0.0067, (50%) ≤ 0.0124, (75%) ≤ 0.0227, (90%) ≤ 0.0377, (95%) ≤ 0.0492, (99%) ≤ 0.0777, max=0.1782 binary_split_predictions distribution: 40% ≤ 0.01, 70% ≤ 0.02, 95% ≤ 0.05, 100% ≤ 0.1, 100% ≤ 0.2, 100% ≤ 0.5, 0% ≥ 0.50
[LN674    ] [chunk_18_phase_4_ensemble.py] [info] [section 1] [VAE] [baseline] prediction_binary_split=0.50, VALIDATION predictions at LABEL_THRESHOLD=20.0: 0.00%
[LN675    ] [chunk_18_phase_4_ensemble.py] [warning] [section 1] [VAE] [baseline] [warning] No predictions >= 0.5!
[LN676    ] [chunk_18_phase_4_ensemble.py] [info] [section 1] [VAE] [baseline] LABEL_THRESHOLD=20.0,
[LN677    ] [chunk_18_phase_4_ensemble.py] [info] [section 1] [VAE] [baseline] VALIDATION_PRECISION=0.0000 VALIDATION_TRUE_POSITIVES=0 VALIDATION_TRUE_NEGATIVES=52918 validation_false_positives=0 validation_false_negatives=336 validation_max_prediction=0.1782 validation_mean_prediction=0.0174 validation_recall=0.0000 validation_f1=0.0000 validation_auc=0.5257 validation_specificity=1.0000 validation_false_positive_rate=0.0000 validation_f2=0.0000 validation_mcc=0.0000 validation_prauc=0.0074 validation_balanced_accuracy=0.5000 validation_brier=0.0066 validation_kappa=0.0000 validation_informedness=0.0000 validation_markedness=0.0000 validation_gini=0.0514 validation_optimal_threshold=0.0176 validation_standard_deviation_prediction=0.0160 validation_percentage_above_threshold=0.00
[LN678    ] [chunk_18_phase_4_ensemble.py] [info] [section 1] [VAE] [baseline] prediction_binary_split=0.50 loss=binary_crossentropy, lr=0.001, dropout=0.1
[LN679    ] [chunk_12_evaluation_evaluator.py] [info] [VAE] label_threshold=20.0 train_below_prediction_binary_split=118,621 train_above_prediction_binary_split=689 train_positive_found=true val_below_prediction_binary_split=52,918 val_above_prediction_binary_split=336 val_positive_found=true
[LN680    ] [chunk_14_models_trainer.py] [info]    class_weight=balanced (no focal_loss)
[LN681    ] [chunk_12_evaluation_evaluator.py] [info] [reject] threshold=20.0 action=skipped reason=insufficient_positive_predictions positive_predictions=0 minimum_positive_required=5
[LN682    ] [chunk_12_evaluation_evaluator.py] [info] [VAE] label_threshold=15.0 train_below_prediction_binary_split=118,104 train_above_prediction_binary_split=1,206 train_positive_found=true val_below_prediction_binary_split=52,677 val_above_prediction_binary_split=577 val_positive_found=true
[LN683    ] [chunk_14_models_trainer.py] [info]    class_weight=balanced (no focal_loss)
[LN684    ] [chunk_12_evaluation_evaluator.py] [info] [reject] threshold=15.0 action=skipped reason=insufficient_positive_predictions positive_predictions=0 minimum_positive_required=5
[LN685    ] [chunk_12_evaluation_evaluator.py] [info] [VAE] label_threshold=10.0 train_below_prediction_binary_split=116,756 train_above_prediction_binary_split=2,554 train_positive_found=true val_below_prediction_binary_split=52,057 val_above_prediction_binary_split=1,197 val_positive_found=true
[LN686    ] [chunk_14_models_trainer.py] [info]    class_weight=balanced (no focal_loss)
[LN687    ] [chunk_12_evaluation_evaluator.py] [info] [reject] threshold=10.0 action=skipped reason=insufficient_positive_predictions positive_predictions=0 minimum_positive_required=5
[LN688    ] [chunk_12_evaluation_evaluator.py] [info] [VAE] label_threshold=5.0 train_below_prediction_binary_split=111,719 train_above_prediction_binary_split=7,591 train_positive_found=true val_below_prediction_binary_split=49,381 val_above_prediction_binary_split=3,873 val_positive_found=true
[LN689    ] [chunk_14_models_trainer.py] [info]    class_weight=balanced (no focal_loss)
[LN690    ] [chunk_12_evaluation_evaluator.py] [info] [reject] threshold=5.0 action=skipped reason=insufficient_positive_predictions positive_predictions=0 minimum_positive_required=5
[LN691    ] [chunk_12_evaluation_evaluator.py] [info] [VAE] label_threshold=0.0 train_below_prediction_binary_split=59,589 train_above_prediction_binary_split=59,721 train_positive_found=true val_below_prediction_binary_split=24,480 val_above_prediction_binary_split=28,774 val_positive_found=true
[LN692    ] [chunk_14_models_trainer.py] [info]    class_weight=balanced (no focal_loss)
[LN693    ] [chunk_12_evaluation_evaluator.py] [info] [VAE] Safeguards: type=neural, min_precision_over_baseline=0.0100, min_pos_pct=0.0000, min_pos_abs=5, patience=10
[LN694    ] [chunk_12_evaluation_evaluator.py] [info] [VAE] [diagnostic] LABEL_THRESHOLD=0.0 train_precision=0.5003 train_true_positives=7895 train_true_negatives=51703 train_false_positives=7886 train_false_negatives=51826 train_max_prediction=0.5206 train_mean_prediction=0.4987 train_recall=0.1322 train_f1=0.2091 train_auc=0.5013 train_specificity=0.8677 train_false_positive_rate=0.1323 train_f2=0.1550 train_mcc=-0.0002 train_prauc=0.5017 train_balanced_accuracy=0.4999 train_brier=0.2500 train_kappa=-0.0001 train_informedness=-0.0001 train_markedness=0.3679 train_gini=0.0026 train_optimal_threshold=0.4994 train_standard_deviation_prediction=0.0031 train_percentage_above_threshold=13.23
[LN695    ] [chunk_12_evaluation_evaluator.py] [info] [VAE] [diagnostic] LABEL_THRESHOLD=0.0 VALIDATION_PRECISION=0.5465 VALIDATION_TRUE_POSITIVES=3848 VALIDATION_TRUE_NEGATIVES=21287 validation_false_positives=3193 validation_false_negatives=24926 validation_max_prediction=0.5235 validation_mean_prediction=0.4986 validation_recall=0.1337 validation_f1=0.2149 validation_auc=0.5007 validation_specificity=0.8696 validation_false_positive_rate=0.1304 validation_f2=0.1575 validation_mcc=0.0049 validation_prauc=0.5410 validation_balanced_accuracy=0.5016 validation_brier=0.2501 validation_kappa=0.0031 validation_informedness=0.0033 validation_markedness=0.4161 validation_gini=0.0014 validation_optimal_threshold=0.4997 validation_standard_deviation_prediction=0.0031 validation_percentage_above_threshold=13.22
[LN696    ] [chunk_18_phase_4_ensemble.py] [info] [section 1] [VAE] [label_threshold_optimal]  cumulative binary_split_predictions (1%) ≤ 0.4859, (5%) ≤ 0.4925, (10%) ≤ 0.4956, (25%) ≤ 0.4989, (50%) ≤ 0.4993, (75%) ≤ 0.4994, (90%) ≤ 0.5003, (95%) ≤ 0.5016, (99%) ≤ 0.5054, max=0.5227 binary_split_predictions distribution: 0% ≤ 0.01, 0% ≤ 0.02, 0% ≤ 0.05, 0% ≤ 0.1, 0% ≤ 0.2, 87% ≤ 0.5, 13% ≥ 0.50
[LN697    ] [chunk_18_phase_4_ensemble.py] [info] [section 1] [VAE] [label_threshold_optimal] LABEL_THRESHOLD=0.0
[LN698    ] [chunk_18_phase_4_ensemble.py] [info] [section 1] [VAE] [label_threshold_optimal] train_precision=0.5003 train_true_positives=7895 train_true_negatives=51703 train_false_positives=7886 train_false_negatives=51826 train_max_prediction=0.5206 train_mean_prediction=0.4987 train_recall=0.1322 train_f1=0.2091 train_auc=0.5013 train_specificity=0.8677 train_false_positive_rate=0.1323 train_f2=0.1550 train_mcc=-0.0002 train_prauc=0.5017 train_balanced_accuracy=0.4999 train_brier=0.2500 train_kappa=-0.0001 train_informedness=-0.0001 train_markedness=0.3679 train_gini=0.0026 train_optimal_threshold=0.4994 train_standard_deviation_prediction=0.0031 train_percentage_above_threshold=13.23
[LN699    ] [chunk_18_phase_4_ensemble.py] [info] [section 1] [VAE] [label_threshold_optimal] VALIDATION_PRECISION=0.5465 VALIDATION_TRUE_POSITIVES=3848 VALIDATION_TRUE_NEGATIVES=21287 validation_false_positives=3193 validation_false_negatives=24926 validation_max_prediction=0.5235 validation_mean_prediction=0.4986 validation_recall=0.1337 validation_f1=0.2149 validation_auc=0.5007 validation_specificity=0.8696 validation_false_positive_rate=0.1304 validation_f2=0.1575 validation_mcc=0.0049 validation_prauc=0.5410 validation_balanced_accuracy=0.5016 validation_brier=0.2501 validation_kappa=0.0031 validation_informedness=0.0033 validation_markedness=0.4161 validation_gini=0.0014 validation_optimal_threshold=0.4997 validation_standard_deviation_prediction=0.0031 validation_percentage_above_threshold=13.22
[LN700    ] [chunk_18_phase_4_ensemble.py] [info] [section 1] [VAE] [label_threshold_optimal] prediction_binary_split=0.50
[LN701    ] [chunk_21_hyperparam_optimizer.py] [info] [section 2] [VAE] [hyperparameter_optimization search] Running Bayesian optimization (5 trials)...
[LN702    ] [chunk_14_models_trainer.py] [info]    class_weight=balanced (no focal_loss)
[LN703    ] [chunk_21_hyperparam_optimizer.py] [info] [section 2] [VAE] [hyperparameter_optimization search baseline] LABEL_THRESHOLD=0.0
[LN704    ] [chunk_21_hyperparam_optimizer.py] [info] [section 2] [VAE] [hyperparameter_optimization search baseline] VALIDATION_PRECISION=0.5404 VALIDATION_TRUE_POSITIVES=28768 VALIDATION_TRUE_NEGATIVES=12 validation_false_positives=24468 validation_false_negatives=6 validation_max_prediction=0.5310 validation_mean_prediction=0.5007 validation_recall=0.9998 validation_f1=0.7016 validation_auc=0.4989 validation_specificity=0.0005 validation_false_positive_rate=0.9995 validation_f2=0.8545 validation_mcc=0.0076 validation_prauc=0.5399 validation_balanced_accuracy=0.5001 validation_brier=0.2500 validation_kappa=0.0003 validation_informedness=0.0003 validation_markedness=-0.4591 validation_gini=0.0000 validation_optimal_threshold=0.5075 validation_standard_deviation_prediction=0.0018 validation_percentage_above_threshold=99.97
[LN705    ] [chunk_21_hyperparam_optimizer.py] [info] [section 2] [VAE] [hyperparameter_optimization search baseline] TRIAL 1/5: loss_function=binary_crossentropy, latent_dim=256, learning_rate=0.002, dropout=0.1, epochs=30, alpha=0.5, gamma=2.0, encoder_layers=3, decoder_layers=3
[LN706    ] [chunk_14_models_trainer.py] [info]    class_weight=None (focal_loss active — skipping balanced class_weight)
[LN707    ] [chunk_21_hyperparam_optimizer.py] [info] [section 2] [VAE] [hyperparameter_optimization search baseline] LABEL_THRESHOLD=0.0
[LN708    ] [chunk_21_hyperparam_optimizer.py] [info] [section 2] [VAE] [hyperparameter_optimization search baseline] VALIDATION_PRECISION=0.5398 VALIDATION_TRUE_POSITIVES=27593 VALIDATION_TRUE_NEGATIVES=958 validation_false_positives=23522 validation_false_negatives=1181 validation_max_prediction=0.5321 validation_mean_prediction=0.5134 validation_recall=0.9590 validation_f1=0.6908 validation_auc=0.4998 validation_specificity=0.0391 validation_false_positive_rate=0.9609 validation_f2=0.8301 validation_mcc=-0.0048 validation_prauc=0.5398 validation_balanced_accuracy=0.4990 validation_brier=0.2491 validation_kappa=-0.0020 validation_informedness=-0.0019 validation_markedness=-0.4210 validation_gini=0.0000 validation_optimal_threshold=0.5142 validation_standard_deviation_prediction=0.0055 validation_percentage_above_threshold=95.98
[LN709    ] [chunk_21_hyperparam_optimizer.py] [info] [section 2] [VAE] [hyperparameter_optimization search baseline] TRIAL 2/5: loss_function=focal_loss, latent_dim=64, learning_rate=0.005, dropout=0.02, epochs=50, alpha=0.25, gamma=2.0, encoder_layers=3, decoder_layers=2
[LN710    ] [chunk_14_models_trainer.py] [info]    class_weight=None (focal_loss active — skipping balanced class_weight)
[LN711    ] [chunk_21_hyperparam_optimizer.py] [info] [section 2] [VAE] [hyperparameter_optimization search baseline] LABEL_THRESHOLD=0.0
[LN712    ] [chunk_21_hyperparam_optimizer.py] [info] [section 2] [VAE] [hyperparameter_optimization search baseline] VALIDATION_PRECISION=0.5403 VALIDATION_TRUE_POSITIVES=28773 VALIDATION_TRUE_NEGATIVES=0 validation_false_positives=24480 validation_false_negatives=1 validation_max_prediction=0.5356 validation_mean_prediction=0.5051 validation_recall=1.0000 validation_f1=0.7015 validation_auc=0.5000 validation_specificity=0.0000 validation_false_positive_rate=1.0000 validation_f2=0.8546 validation_mcc=-0.0040 validation_prauc=0.5402 validation_balanced_accuracy=0.5000 validation_brier=0.2496 validation_kappa=-0.0000 validation_informedness=-0.0000 validation_markedness=-0.4597 validation_gini=0.0000 validation_optimal_threshold=0.5062 validation_standard_deviation_prediction=0.0006 validation_percentage_above_threshold=100.00
[LN713    ] [chunk_21_hyperparam_optimizer.py] [info] [section 2] [VAE] [hyperparameter_optimization search baseline] TRIAL 3/5: loss_function=focal_loss, latent_dim=128, learning_rate=0.005, dropout=0.05, epochs=50, alpha=1.25, gamma=2.0, encoder_layers=2, decoder_layers=3
[LN714    ] [chunk_14_models_trainer.py] [info]    class_weight=None (focal_loss active — skipping balanced class_weight)
[LN715    ] [chunk_21_hyperparam_optimizer.py] [info] [section 2] [VAE] [hyperparameter_optimization search baseline] LABEL_THRESHOLD=0.0
[LN716    ] [chunk_21_hyperparam_optimizer.py] [info] [section 2] [VAE] [hyperparameter_optimization search baseline] VALIDATION_PRECISION=0.4375 VALIDATION_TRUE_POSITIVES=7 VALIDATION_TRUE_NEGATIVES=24471 validation_false_positives=9 validation_false_negatives=28767 validation_max_prediction=0.5106 validation_mean_prediction=0.4955 validation_recall=0.0002 validation_f1=0.0005 validation_auc=0.5002 validation_specificity=0.9996 validation_false_positive_rate=0.0004 validation_f2=0.0003 validation_mcc=-0.0036 validation_prauc=0.5405 validation_balanced_accuracy=0.4999 validation_brier=0.2505 validation_kappa=-0.0001 validation_informedness=-0.0001 validation_markedness=0.4371 validation_gini=0.0004 validation_optimal_threshold=0.4591 validation_standard_deviation_prediction=0.0102 validation_percentage_above_threshold=0.03
[LN717    ] [chunk_21_hyperparam_optimizer.py] [info] [section 2] [VAE] [hyperparameter_optimization search baseline] TRIAL 4/5: loss_function=focal_loss, latent_dim=64, learning_rate=0.002, dropout=0.05, epochs=80, alpha=1.25, gamma=2.0, encoder_layers=3, decoder_layers=1
[LN718    ] [chunk_14_models_trainer.py] [info]    class_weight=None (focal_loss active — skipping balanced class_weight)
[LN719    ] [chunk_21_hyperparam_optimizer.py] [info] [section 2] [VAE] [hyperparameter_optimization search baseline] LABEL_THRESHOLD=0.0
[LN720    ] [chunk_21_hyperparam_optimizer.py] [info] [section 2] [VAE] [hyperparameter_optimization search baseline] VALIDATION_PRECISION=0.5406 VALIDATION_TRUE_POSITIVES=28516 VALIDATION_TRUE_NEGATIVES=243 validation_false_positives=24237 validation_false_negatives=258 validation_max_prediction=0.5667 validation_mean_prediction=0.5068 validation_recall=0.9910 validation_f1=0.6995 validation_auc=0.4990 validation_specificity=0.0099 validation_false_positive_rate=0.9901 validation_f2=0.8495 validation_mcc=0.0050 validation_prauc=0.5405 validation_balanced_accuracy=0.5005 validation_brier=0.2495 validation_kappa=0.0010 validation_informedness=0.0010 validation_markedness=-0.4495 validation_gini=0.0000 validation_optimal_threshold=0.5086 validation_standard_deviation_prediction=0.0023 validation_percentage_above_threshold=99.06
[LN721    ] [chunk_21_hyperparam_optimizer.py] [info] [section 2] [VAE] [hyperparameter_optimization search baseline] TRIAL 5/5: loss_function=focal_loss, latent_dim=64, learning_rate=0.005, dropout=0.1, epochs=80, alpha=0.5, gamma=2.0, encoder_layers=2, decoder_layers=3
[LN722    ] [chunk_21_hyperparam_optimizer.py] [info] [section 2] [VAE] [best trial] LABEL_THRESHOLD=0.0
[LN723    ] [chunk_21_hyperparam_optimizer.py] [info] [section 2] [VAE] [best trial] VALIDATION_PRECISION=0.5406 VALIDATION_TRUE_POSITIVES=28516 VALIDATION_TRUE_NEGATIVES=243 validation_false_positives=24237 validation_false_negatives=258 validation_max_prediction=0.5667 validation_mean_prediction=0.5068 validation_recall=0.9910 validation_f1=0.6995 validation_auc=0.4990 validation_specificity=0.0099 validation_false_positive_rate=0.9901 validation_f2=0.8495 validation_mcc=0.0050 validation_prauc=0.5405 validation_balanced_accuracy=0.5005 validation_brier=0.2495 validation_kappa=0.0010 validation_informedness=0.0010 validation_markedness=-0.4495 validation_gini=0.0000 validation_optimal_threshold=0.5086 validation_standard_deviation_prediction=0.0023 validation_percentage_above_threshold=99.06
[LN724    ] [chunk_21_hyperparam_optimizer.py] [info] [section 2] [VAE] [best trial] loss_function=focal_loss, latent_dim=64, learning_rate=0.005, dropout=0.1, epochs=80, alpha=0.5, gamma=2.0, encoder_layers=2, decoder_layers=3
[LN725    ] [chunk_18_phase_4_ensemble.py] [info]    [diagnostic-hyperparameter_optimization]  cumulative binary_split_predictions (1%) ≤ 0.5006, (5%) ≤ 0.5062, (10%) ≤ 0.5067, (25%) ≤ 0.5067, (50%) ≤ 0.5067, (75%) ≤ 0.5067, (90%) ≤ 0.5068, (95%) ≤ 0.5083, (99%) ≤ 0.5120, max=0.5734 binary_split_predictions distribution: 0% ≤ 0.01, 0% ≤ 0.02, 0% ≤ 0.05, 0% ≤ 0.1, 0% ≤ 0.2, 1% ≤ 0.5, 99% ≥ 0.50
[LN726    ] [chunk_18_phase_4_ensemble.py] [info]    hyperparameter_optimization did NOT improve: 0.5401 <= 0.5465 - using pre hyperparameter_optimization model
[LN727    ] [chunk_18_phase_4_ensemble.py] [info] [section 3] [VAE] [PRE-HYPERPARAMETER_OPTIMIZATION] LABEL_THRESHOLD=0.0,
[LN728    ] [chunk_18_phase_4_ensemble.py] [info] [section 3] [VAE] [PRE-HYPERPARAMETER_OPTIMIZATION] VALIDATION_PRECISION=0.5465 VALIDATION_TRUE_POSITIVES=3848 VALIDATION_TRUE_NEGATIVES=21287 validation_false_positives=3193 validation_false_negatives=24926 validation_max_prediction=0.5227 validation_mean_prediction=0.4987 validation_recall=0.1337 validation_f1=0.2149 validation_auc=0.5007 validation_specificity=0.8696 validation_false_positive_rate=0.1304 validation_f2=0.1575 validation_mcc=0.0049 validation_prauc=0.5410 validation_balanced_accuracy=0.5016 validation_brier=0.2501 validation_kappa=0.0031 validation_informedness=0.0033 validation_markedness=0.4161 validation_gini=0.0014 validation_optimal_threshold=0.4997 validation_standard_deviation_prediction=0.0031 validation_percentage_above_threshold=13.25
[LN729    ] [chunk_18_phase_4_ensemble.py] [info] [section 3] [VAE] [PRE-HYPERPARAMETER_OPTIMIZATION] prediction_binary_split=0.50 hyperparams=(loss=focal_loss lr=0.005 dropout=0.1 alpha=0.5 gamma=2.0 latent_dim=64) improved=False {'loss_function': 'focal_loss', 'latent_dim': 64, 'learning_rate': 0.005, 'dropout': 0.1, 'epochs': 80, 'alpha': 0.5, 'gamma': 2.0, 'encoder_layers': 2, 'decoder_layers': 3}
[LN730    ] [chunk_18_phase_4_ensemble.py] [info]    Running post hyperparameter_optimization threshold search for VAE...
[LN731    ] [chunk_12_evaluation_evaluator.py] [info] [VAE] label_threshold=20.0 train_below_prediction_binary_split=118,621 train_above_prediction_binary_split=689 train_positive_found=true val_below_prediction_binary_split=52,918 val_above_prediction_binary_split=336 val_positive_found=true
[LN732    ] [chunk_12_evaluation_evaluator.py] [info] [VAE] [reject] skipping LABEL_THRESHOLD=20.0: validation_precision=0.0052 <= baseline+0.0100=0.0163
[LN733    ] [chunk_12_evaluation_evaluator.py] [info] [VAE] label_threshold=15.0 train_below_prediction_binary_split=118,104 train_above_prediction_binary_split=1,206 train_positive_found=true val_below_prediction_binary_split=52,677 val_above_prediction_binary_split=577 val_positive_found=true
[LN734    ] [chunk_12_evaluation_evaluator.py] [info] [VAE] [reject] skipping LABEL_THRESHOLD=15.0: validation_precision=0.0111 <= baseline+0.0100=0.0208
[LN735    ] [chunk_12_evaluation_evaluator.py] [info] [VAE] label_threshold=10.0 train_below_prediction_binary_split=116,756 train_above_prediction_binary_split=2,554 train_positive_found=true val_below_prediction_binary_split=52,057 val_above_prediction_binary_split=1,197 val_positive_found=true
[LN736    ] [chunk_12_evaluation_evaluator.py] [info] [VAE] [reject] skipping LABEL_THRESHOLD=10.0: validation_precision=0.0213 <= baseline+0.0100=0.0325
[LN737    ] [chunk_12_evaluation_evaluator.py] [info] [VAE] label_threshold=5.0 train_below_prediction_binary_split=111,719 train_above_prediction_binary_split=7,591 train_positive_found=true val_below_prediction_binary_split=49,381 val_above_prediction_binary_split=3,873 val_positive_found=true
[LN738    ] [chunk_12_evaluation_evaluator.py] [info] [VAE] [reject] skipping LABEL_THRESHOLD=5.0: validation_precision=0.0732 <= baseline+0.0100=0.0827
[LN739    ] [chunk_12_evaluation_evaluator.py] [info] [VAE] label_threshold=0.0 train_below_prediction_binary_split=59,589 train_above_prediction_binary_split=59,721 train_positive_found=true val_below_prediction_binary_split=24,480 val_above_prediction_binary_split=28,774 val_positive_found=true
[LN740    ] [chunk_12_evaluation_evaluator.py] [info] [VAE] [diagnostic] LABEL_THRESHOLD=0.0 train_precision=0.5050 train_true_positives=7933 train_true_negatives=51812 train_false_positives=7777 train_false_negatives=51788 train_max_prediction=0.5207 train_mean_prediction=0.4987 train_recall=0.1328 train_f1=0.2103 train_auc=0.5008 train_specificity=0.8695 train_false_positive_rate=0.1305 train_f2=0.1558 train_mcc=0.0034 train_prauc=0.5021 train_balanced_accuracy=0.5012 train_brier=0.2500 train_kappa=0.0023 train_informedness=0.0023 train_markedness=0.3745 train_gini=0.0016 train_optimal_threshold=0.5004 train_standard_deviation_prediction=0.0031 train_percentage_above_threshold=13.17
[LN741    ] [chunk_12_evaluation_evaluator.py] [info] [VAE] [diagnostic] LABEL_THRESHOLD=0.0 VALIDATION_PRECISION=0.5285 VALIDATION_TRUE_POSITIVES=3830 VALIDATION_TRUE_NEGATIVES=21063 validation_false_positives=3417 validation_false_negatives=24944 validation_max_prediction=0.5190 validation_mean_prediction=0.4987 validation_recall=0.1331 validation_f1=0.2127 validation_auc=0.4998 validation_specificity=0.8604 validation_false_positive_rate=0.1396 validation_f2=0.1565 validation_mcc=-0.0094 validation_prauc=0.5387 validation_balanced_accuracy=0.4968 validation_brier=0.2501 validation_kappa=-0.0061 validation_informedness=-0.0065 validation_markedness=0.3889 validation_gini=0.0000 validation_optimal_threshold=0.4990 validation_standard_deviation_prediction=0.0031 validation_percentage_above_threshold=13.61
[LN742    ] [chunk_18_phase_4_ensemble.py] [info]    hyperparameter_optimization model threshold search: LABEL_THRESHOLD=0.0, VALIDATION_PRECISION=0.5401
[LN743    ] [chunk_18_phase_4_ensemble.py] [info]    post hyperparameter_optimization threshold search: LABEL_THRESHOLD=0.0, VALIDATION_PRECISION=0.5285
[LN744    ] [chunk_18_phase_4_ensemble.py] [info]    post hyperparameter_optimization no improvement: keeping LABEL_THRESHOLD=0.0
[LN745    ] [chunk_18_phase_4_ensemble.py] [info] [section 4] [VAE] [post hyperparameter_optimization] [diagnostic]  cumulative binary_split_predictions (1%) ≤ 0.4861, (5%) ≤ 0.4925, (10%) ≤ 0.4956, (25%) ≤ 0.4989, (50%) ≤ 0.4993, (75%) ≤ 0.4994, (90%) ≤ 0.5003, (95%) ≤ 0.5015, (99%) ≤ 0.5052, max=0.5190 binary_split_predictions distribution: 0% ≤ 0.01, 0% ≤ 0.02, 0% ≤ 0.05, 0% ≤ 0.1, 0% ≤ 0.2, 87% ≤ 0.5, 13% ≥ 0.50
[LN746    ] [chunk_18_phase_4_ensemble.py] [info] [section 4] [VAE] [post hyperparameter_optimization] LABEL_THRESHOLD=0.0,
[LN747    ] [chunk_18_phase_4_ensemble.py] [info] [section 4] [VAE] [post hyperparameter_optimization] VALIDATION_PRECISION=0.5465 VALIDATION_TRUE_POSITIVES=3848 VALIDATION_TRUE_NEGATIVES=21287 validation_false_positives=3193 validation_false_negatives=24926 validation_max_prediction=0.5227 validation_mean_prediction=0.4987 validation_recall=0.1337 validation_f1=0.2149 validation_auc=0.5007 validation_specificity=0.8672 validation_false_positive_rate=0.1328 validation_f2=0.1556 validation_mcc=-0.0010 validation_prauc=0.5406 validation_balanced_accuracy=0.4996 validation_brier=0.2501 validation_kappa=-0.0007 validation_informedness=-0.0007 validation_markedness=0.4061 validation_gini=0.0069 validation_optimal_threshold=0.4985 validation_standard_deviation_prediction=0.0031 validation_percentage_above_threshold=13.25
[LN748    ] [chunk_18_phase_4_ensemble.py] [info] [section 4] [VAE] [post hyperparameter_optimization] prediction_binary_split=0.50 hyperparams=(loss=focal_loss lr=0.005 dropout=0.1 alpha=0.5 gamma=2.0 latent_dim=64) source=section3
[LN749    ] [chunk_18_phase_4_ensemble.py] [info]    Using threshold-optimized model (HPO did not improve)
[LN750    ] [chunk_18_phase_4_ensemble.py] [info]    Train predictions: mean=0.4987, std=0.0031, min=0.4601, max=0.5232
[LN751    ] [chunk_18_phase_4_ensemble.py] [info]    validation predictions:   mean=0.4987, std=0.0031, min=0.4627, max=0.5184
[LN752    ] [chunk_18_phase_4_ensemble.py] [info] [section 5] [VAE] [final] [diagnostic] Train  cumulative binary_split_predictions (1%) ≤ 0.4859, (5%) ≤ 0.4925, (10%) ≤ 0.4956, (25%) ≤ 0.4989, (50%) ≤ 0.4993, (75%) ≤ 0.4994, (90%) ≤ 0.5004, (95%) ≤ 0.5016, (99%) ≤ 0.5053, max=0.5232 binary_split_predictions distribution: 0% ≤ 0.01, 0% ≤ 0.02, 0% ≤ 0.05, 0% ≤ 0.1, 0% ≤ 0.2, 87% ≤ 0.5, 13% ≥ 0.50
[LN753    ] [chunk_18_phase_4_ensemble.py] [info] [section 5] [VAE] [final] [diagnostic] validation    cumulative binary_split_predictions (1%) ≤ 0.4862, (5%) ≤ 0.4924, (10%) ≤ 0.4956, (25%) ≤ 0.4989, (50%) ≤ 0.4993, (75%) ≤ 0.4994, (90%) ≤ 0.5004, (95%) ≤ 0.5016, (99%) ≤ 0.5052, max=0.5184 binary_split_predictions distribution: 0% ≤ 0.01, 0% ≤ 0.02, 0% ≤ 0.05, 0% ≤ 0.1, 0% ≤ 0.2, 87% ≤ 0.5, 13% ≥ 0.50
[LN754    ] [chunk_18_phase_4_ensemble.py] [info]    Train predictions: 13.38% positive predictions (15,960 / 119,310)
[LN755    ] [chunk_18_phase_4_ensemble.py] [info]    validation predictions:   13.38% positive predictions (7,124 / 53,254)
[LN756    ] [chunk_18_phase_4_ensemble.py] [info]    [info] Section 4 all rejected - using Section 3 results for Section 5
[LN757    ] [chunk_18_phase_4_ensemble.py] [info]    [diagnostic] prediction_buckets: 0-10:0, 10-20:0, 20-30:0, 30-40:46222, 40-50:7032, 50-60:0, 60-70:0, 70-80:0, 80-90:0, 90-100:0
[LN758    ] [chunk_18_phase_4_ensemble.py] [info] [section 5] [VAE] [final] LABEL_THRESHOLD=0.0,
[LN759    ] [chunk_18_phase_4_ensemble.py] [info] [section 5] [VAE] [final] train_precision=0.5002 train_true_positives=7934 train_true_negatives=51661 train_false_positives=7928 train_false_negatives=51787 train_max_prediction=0.5198 train_mean_prediction=0.4987 train_recall=0.1329 train_f1=0.2099 train_auc=0.5019 train_specificity=0.8670 train_false_positive_rate=0.1330 train_f2=0.1557 train_mcc=-0.0003 train_prauc=0.5020 train_balanced_accuracy=0.4999 train_standard_deviation_prediction=0.0031 train_percentage_above_threshold=13.29 train_brier=0.2500 train_kappa=-0.0002 train_informedness=-0.0002 train_markedness=0.3671 train_gini=0.0039 train_optimal_threshold=0.4991
[LN760    ] [chunk_18_phase_4_ensemble.py] [info] [section 5] [VAE] [final] VALIDATION_PRECISION=0.5465 VALIDATION_TRUE_POSITIVES=3848 VALIDATION_TRUE_NEGATIVES=21287 validation_false_positives=3193 validation_false_negatives=24926 validation_max_prediction=0.5195 validation_mean_prediction=0.4987 validation_recall=0.1337 validation_f1=0.2149 validation_auc=0.5007 validation_specificity=0.8680 validation_false_positive_rate=0.1320 validation_f2=0.1556 validation_mcc=0.0001 validation_prauc=0.5395 validation_balanced_accuracy=0.5000 validation_brier=0.2501 validation_kappa=0.0000 validation_informedness=0.0000 validation_markedness=0.4084 validation_gini=0.0000 validation_optimal_threshold=0.4997 validation_standard_deviation_prediction=0.0031 validation_percentage_above_threshold=13.20
[LN761    ] [chunk_18_phase_4_ensemble.py] [info] [section 5] [VAE] [final] prediction_binary_split=0.50 hyperparams=(loss=focal_loss lr=0.005 dropout=0.1 alpha=0.5 gamma=2.0 latent_dim=64) (using HPO model directly)
[LN762    ] [chunk_18_phase_4_ensemble.py] [info]    VAE loss=focal_loss pred_threshold=0.5 epochs=3
[LN763    ] [chunk_18_phase_4_ensemble.py] [info]    [VAE] hyperparameter_optimization: latent_dim=64, learning_rate=0.005, dropout=0.1, alpha=0.5, gamma=2.0
[LN764    ] [chunk_18_phase_4_ensemble.py] [info]    VAE training time: 782.1s
[LN765    ] [chunk_18_phase_4_ensemble.py] [info] [pass] VAE trained successfully
[LN766    ] [chunk_18_phase_4_ensemble.py] [info] [Transformer] Winsorization: LOW=3 HIGH=95 (training-only percentiles)
[LN767    ] [chunk_14_models_trainer.py] [info]    class_weight=balanced (no focal_loss)
[LN768    ] [chunk_18_phase_4_ensemble.py] [info] [section 1] [TRANSFORMER] [baseline] LABEL_THRESHOLD=20.0,
[LN769    ] [chunk_18_phase_4_ensemble.py] [info] [section 1] [TRANSFORMER] [baseline] predictions: mean=0.0347, std=0.0127, min=0.0104, max=0.0895
[LN770    ] [chunk_18_phase_4_ensemble.py] [info] [section 1] [TRANSFORMER] [baseline]  cumulative binary_split_predictions (1%) ≤ 0.0158, (5%) ≤ 0.0191, (10%) ≤ 0.0209, (25%) ≤ 0.0240, (50%) ≤ 0.0326, (75%) ≤ 0.0427, (90%) ≤ 0.0536, (95%) ≤ 0.0587, (99%) ≤ 0.0680, max=0.0895 binary_split_predictions distribution: 0% ≤ 0.01, 7% ≤ 0.02, 86% ≤ 0.05, 100% ≤ 0.1, 100% ≤ 0.2, 100% ≤ 0.5, 0% ≥ 0.50
[LN771    ] [chunk_18_phase_4_ensemble.py] [info] [section 1] [TRANSFORMER] [baseline] prediction_binary_split=0.50, VALIDATION predictions at LABEL_THRESHOLD=20.0: 0.00%
[LN772    ] [chunk_18_phase_4_ensemble.py] [warning] [section 1] [TRANSFORMER] [baseline] [warning] No predictions >= 0.5!
[LN773    ] [chunk_18_phase_4_ensemble.py] [info] [section 1] [TRANSFORMER] [baseline] LABEL_THRESHOLD=20.0,
[LN774    ] [chunk_18_phase_4_ensemble.py] [info] [section 1] [TRANSFORMER] [baseline] VALIDATION_PRECISION=0.0000 VALIDATION_TRUE_POSITIVES=0 VALIDATION_TRUE_NEGATIVES=52918 validation_false_positives=0 validation_false_negatives=336 validation_max_prediction=0.0895 validation_mean_prediction=0.0347 validation_recall=0.0000 validation_f1=0.0000 validation_auc=0.7517 validation_specificity=1.0000 validation_false_positive_rate=0.0000 validation_f2=0.0000 validation_mcc=0.0000 validation_prauc=0.0201 validation_balanced_accuracy=0.5000 validation_brier=0.0071 validation_kappa=0.0000 validation_informedness=0.0000 validation_markedness=0.0000 validation_gini=0.5034 validation_optimal_threshold=0.0380 validation_standard_deviation_prediction=0.0127 validation_percentage_above_threshold=0.00
[LN775    ] [chunk_18_phase_4_ensemble.py] [info] [section 1] [TRANSFORMER] [baseline] prediction_binary_split=0.50 loss=binary_crossentropy, lr=0.001
[LN776    ] [chunk_12_evaluation_evaluator.py] [info] [TRANSFORMER] label_threshold=20.0 train_below_prediction_binary_split=118,621 train_above_prediction_binary_split=689 train_positive_found=true val_below_prediction_binary_split=52,918 val_above_prediction_binary_split=336 val_positive_found=true
[LN777    ] [chunk_14_models_trainer.py] [info]    class_weight=balanced (no focal_loss)
[LN778    ] [chunk_12_evaluation_evaluator.py] [info] [reject] threshold=20.0 action=skipped reason=insufficient_positive_predictions positive_predictions=0 minimum_positive_required=5
[LN779    ] [chunk_12_evaluation_evaluator.py] [info] [TRANSFORMER] label_threshold=15.0 train_below_prediction_binary_split=118,104 train_above_prediction_binary_split=1,206 train_positive_found=true val_below_prediction_binary_split=52,677 val_above_prediction_binary_split=577 val_positive_found=true
[LN780    ] [chunk_14_models_trainer.py] [info]    class_weight=balanced (no focal_loss)
[LN781    ] [chunk_12_evaluation_evaluator.py] [info] [reject] threshold=15.0 action=skipped reason=insufficient_positive_predictions positive_predictions=0 minimum_positive_required=5
[LN782    ] [chunk_12_evaluation_evaluator.py] [info] [TRANSFORMER] label_threshold=10.0 train_below_prediction_binary_split=116,756 train_above_prediction_binary_split=2,554 train_positive_found=true val_below_prediction_binary_split=52,057 val_above_prediction_binary_split=1,197 val_positive_found=true
[LN783    ] [chunk_14_models_trainer.py] [info]    class_weight=balanced (no focal_loss)
[LN784    ] [chunk_12_evaluation_evaluator.py] [info] [reject] threshold=10.0 action=skipped reason=insufficient_positive_predictions positive_predictions=0 minimum_positive_required=5
[LN785    ] [chunk_12_evaluation_evaluator.py] [info] [TRANSFORMER] label_threshold=5.0 train_below_prediction_binary_split=111,719 train_above_prediction_binary_split=7,591 train_positive_found=true val_below_prediction_binary_split=49,381 val_above_prediction_binary_split=3,873 val_positive_found=true
[LN786    ] [chunk_14_models_trainer.py] [info]    class_weight=balanced (no focal_loss)
[LN787    ] [chunk_12_evaluation_evaluator.py] [info] [reject] threshold=5.0 action=skipped reason=insufficient_positive_predictions positive_predictions=0 minimum_positive_required=5
[LN788    ] [chunk_12_evaluation_evaluator.py] [info] [TRANSFORMER] label_threshold=0.0 train_below_prediction_binary_split=59,589 train_above_prediction_binary_split=59,721 train_positive_found=true val_below_prediction_binary_split=24,480 val_above_prediction_binary_split=28,774 val_positive_found=true
[LN789    ] [chunk_14_models_trainer.py] [info]    class_weight=balanced (no focal_loss)
[LN790    ] [chunk_12_evaluation_evaluator.py] [info] [Transformer] Safeguards: type=neural, min_precision_over_baseline=0.0100, min_pos_pct=0.0000, min_pos_abs=5, patience=10
[LN791    ] [chunk_12_evaluation_evaluator.py] [info] [TRANSFORMER] [reject] skipping LABEL_THRESHOLD=0.0: validation_precision=0.5096 <= baseline+0.0100=0.5100
[LN792    ] [chunk_18_phase_4_ensemble.py] [warning] [section 1] [TRANSFORMER] [label_threshold_optimal] [warning] All label thresholds rejected — using baseline metrics at 20.0
[LN793    ] [chunk_18_phase_4_ensemble.py] [info] [section 1] [TRANSFORMER] [label_threshold_optimal] LABEL_THRESHOLD=20.0
[LN794    ] [chunk_18_phase_4_ensemble.py] [info] [section 1] [TRANSFORMER] [label_threshold_optimal] train_precision=0.0000 train_true_positives=0 train_true_negatives=52918 train_false_positives=0 train_false_negatives=336 train_max_prediction=0.0895 train_mean_prediction=0.0347 train_recall=0.0000 train_f1=0.0000 train_auc=0.7517 train_specificity=1.0000 train_false_positive_rate=0.0000 train_f2=0.0000 train_mcc=0.0000 train_prauc=0.0201 train_balanced_accuracy=0.5000 train_brier=0.0071 train_kappa=0.0000 train_informedness=0.0000 train_markedness=0.0000 train_gini=0.5034 train_optimal_threshold=0.0380 train_standard_deviation_prediction=0.0127 train_percentage_above_threshold=0.00
[LN795    ] [chunk_18_phase_4_ensemble.py] [info] [section 1] [TRANSFORMER] [label_threshold_optimal] VALIDATION_PRECISION=0.0000 VALIDATION_TRUE_POSITIVES=0 VALIDATION_TRUE_NEGATIVES=52918 validation_false_positives=0 validation_false_negatives=336 validation_max_prediction=0.0895 validation_mean_prediction=0.0347 validation_recall=0.0000 validation_f1=0.0000 validation_auc=0.7517 validation_specificity=1.0000 validation_false_positive_rate=0.0000 validation_f2=0.0000 validation_mcc=0.0000 validation_prauc=0.0201 validation_balanced_accuracy=0.5000 validation_brier=0.0071 validation_kappa=0.0000 validation_informedness=0.0000 validation_markedness=0.0000 validation_gini=0.5034 validation_optimal_threshold=0.0380 validation_standard_deviation_prediction=0.0127 validation_percentage_above_threshold=0.00
[LN796    ] [chunk_18_phase_4_ensemble.py] [info] [section 1] [TRANSFORMER] [label_threshold_optimal] prediction_binary_split=0.50
[LN797    ] [chunk_21_hyperparam_optimizer.py] [info] [section 2] [TRANSFORMER] [hyperparameter_optimization search] Running Bayesian optimization (5 trials)...
[LN798    ] [chunk_14_models_trainer.py] [info]    class_weight=balanced (no focal_loss)
[LN799    ] [chunk_21_hyperparam_optimizer.py] [info] [section 2] [TRANSFORMER] [hyperparameter_optimization search baseline] LABEL_THRESHOLD=20.0
[LN800    ] [chunk_21_hyperparam_optimizer.py] [info] [section 2] [TRANSFORMER] [hyperparameter_optimization search baseline] VALIDATION_PRECISION=0.0207 VALIDATION_TRUE_POSITIVES=283 VALIDATION_TRUE_NEGATIVES=39528 validation_false_positives=13390 validation_false_negatives=53 validation_max_prediction=0.8492 validation_mean_prediction=0.2637 validation_recall=0.8423 validation_f1=0.0404 validation_auc=0.8552 validation_specificity=0.7470 validation_false_positive_rate=0.2530 validation_f2=0.0942 validation_mcc=0.1068 validation_prauc=0.0249 validation_balanced_accuracy=0.7946 validation_brier=0.1418 validation_kappa=0.0284 validation_informedness=0.5892 validation_markedness=-0.2323 validation_gini=0.7104 validation_optimal_threshold=0.3378 validation_standard_deviation_prediction=0.2723 validation_percentage_above_threshold=25.68
[LN801    ] [chunk_21_hyperparam_optimizer.py] [info] [section 2] [TRANSFORMER] [hyperparameter_optimization search baseline] TRIAL 1/5: loss_function=binary_crossentropy, dim=256, heads=8, dropout=0.2, learning_rate=0.0002, epochs=20, alpha=1.25, gamma=3.0, ff_dim=128, layers=1
[LN802    ] [chunk_14_models_trainer.py] [info]    class_weight=None (focal_loss active — skipping balanced class_weight)
[LN803    ] [chunk_21_hyperparam_optimizer.py] [info] [section 2] [TRANSFORMER] [hyperparameter_optimization search baseline] LABEL_THRESHOLD=20.0
[LN804    ] [chunk_21_hyperparam_optimizer.py] [info] [section 2] [TRANSFORMER] [hyperparameter_optimization search baseline] VALIDATION_PRECISION=0.0000 VALIDATION_TRUE_POSITIVES=0 VALIDATION_TRUE_NEGATIVES=52918 validation_false_positives=0 validation_false_negatives=336 validation_max_prediction=0.2728 validation_mean_prediction=0.0280 validation_recall=0.0000 validation_f1=0.0000 validation_auc=0.8702 validation_specificity=1.0000 validation_false_positive_rate=0.0000 validation_f2=0.0000 validation_mcc=0.0000 validation_prauc=0.0321 validation_balanced_accuracy=0.5000 validation_brier=0.0073 validation_kappa=0.0000 validation_informedness=0.0000 validation_markedness=0.0000 validation_gini=0.7404 validation_optimal_threshold=0.0258 validation_standard_deviation_prediction=0.0359 validation_percentage_above_threshold=0.00
[LN805    ] [chunk_21_hyperparam_optimizer.py] [info] [section 2] [TRANSFORMER] [hyperparameter_optimization search baseline] TRIAL 2/5: loss_function=focal_loss, dim=64, heads=2, dropout=0.05, learning_rate=0.0001, epochs=50, alpha=1.25, gamma=2.5, ff_dim=128, layers=1
[LN806    ] [chunk_14_models_trainer.py] [info]    class_weight=balanced (no focal_loss)
[LN807    ] [chunk_21_hyperparam_optimizer.py] [info] [section 2] [TRANSFORMER] [hyperparameter_optimization search baseline] LABEL_THRESHOLD=20.0
[LN808    ] [chunk_21_hyperparam_optimizer.py] [info] [section 2] [TRANSFORMER] [hyperparameter_optimization search baseline] VALIDATION_PRECISION=0.0181 VALIDATION_TRUE_POSITIVES=308 VALIDATION_TRUE_NEGATIVES=36197 validation_false_positives=16721 validation_false_negatives=28 validation_max_prediction=0.8793 validation_mean_prediction=0.2775 validation_recall=0.9167 validation_f1=0.0355 validation_auc=0.8587 validation_specificity=0.6840 validation_false_positive_rate=0.3160 validation_f2=0.0838 validation_mcc=0.1020 validation_prauc=0.0309 validation_balanced_accuracy=0.8003 validation_brier=0.1895 validation_kappa=0.0234 validation_informedness=0.6007 validation_markedness=-0.2979 validation_gini=0.7174 validation_optimal_threshold=0.5714 validation_standard_deviation_prediction=0.3399 validation_percentage_above_threshold=31.98
[LN809    ] [chunk_21_hyperparam_optimizer.py] [info] [section 2] [TRANSFORMER] [hyperparameter_optimization search baseline] TRIAL 3/5: loss_function=binary_crossentropy, dim=64, heads=8, dropout=0.2, learning_rate=0.0001, epochs=30, alpha=1.0, gamma=3.0, ff_dim=128, layers=4
[LN810    ] [chunk_14_models_trainer.py] [info]    class_weight=None (focal_loss active — skipping balanced class_weight)
[LN811    ] [chunk_21_hyperparam_optimizer.py] [info] [section 2] [TRANSFORMER] [hyperparameter_optimization search baseline] LABEL_THRESHOLD=20.0
[LN812    ] [chunk_21_hyperparam_optimizer.py] [info] [section 2] [TRANSFORMER] [hyperparameter_optimization search baseline] VALIDATION_PRECISION=0.0000 VALIDATION_TRUE_POSITIVES=0 VALIDATION_TRUE_NEGATIVES=52918 validation_false_positives=0 validation_false_negatives=336 validation_max_prediction=0.3355 validation_mean_prediction=0.0329 validation_recall=0.0000 validation_f1=0.0000 validation_auc=0.8662 validation_specificity=1.0000 validation_false_positive_rate=0.0000 validation_f2=0.0000 validation_mcc=0.0000 validation_prauc=0.0335 validation_balanced_accuracy=0.5000 validation_brier=0.0076 validation_kappa=0.0000 validation_informedness=0.0000 validation_markedness=0.0000 validation_gini=0.7324 validation_optimal_threshold=0.0342 validation_standard_deviation_prediction=0.0370 validation_percentage_above_threshold=0.00
[LN813    ] [chunk_21_hyperparam_optimizer.py] [info] [section 2] [TRANSFORMER] [hyperparameter_optimization search baseline] TRIAL 4/5: loss_function=focal_loss, dim=128, heads=4, dropout=0.0, learning_rate=5e-05, epochs=20, alpha=1.0, gamma=3.0, ff_dim=256, layers=2
[LN814    ] [chunk_14_models_trainer.py] [info]    class_weight=balanced (no focal_loss)
[LN815    ] [chunk_21_hyperparam_optimizer.py] [info] [section 2] [TRANSFORMER] [hyperparameter_optimization search baseline] LABEL_THRESHOLD=20.0
[LN816    ] [chunk_21_hyperparam_optimizer.py] [info] [section 2] [TRANSFORMER] [hyperparameter_optimization search baseline] VALIDATION_PRECISION=0.0190 VALIDATION_TRUE_POSITIVES=301 VALIDATION_TRUE_NEGATIVES=37337 validation_false_positives=15581 validation_false_negatives=35 validation_max_prediction=0.9151 validation_mean_prediction=0.3077 validation_recall=0.8958 validation_f1=0.0371 validation_auc=0.8686 validation_specificity=0.7056 validation_false_positive_rate=0.2944 validation_f2=0.0874 validation_mcc=0.1041 validation_prauc=0.0314 validation_balanced_accuracy=0.8007 validation_brier=0.1851 validation_kappa=0.0251 validation_informedness=0.6014 validation_markedness=-0.2755 validation_gini=0.7372 validation_optimal_threshold=0.4164 validation_standard_deviation_prediction=0.3058 validation_percentage_above_threshold=29.82
[LN817    ] [chunk_21_hyperparam_optimizer.py] [info] [section 2] [TRANSFORMER] [hyperparameter_optimization search baseline] TRIAL 5/5: loss_function=binary_crossentropy, dim=256, heads=2, dropout=0.0, learning_rate=0.0002, epochs=50, alpha=0.75, gamma=1.5, ff_dim=64, layers=1
[LN818    ] [chunk_21_hyperparam_optimizer.py] [info] [section 2] [TRANSFORMER] [best trial] LABEL_THRESHOLD=20.0
[LN819    ] [chunk_21_hyperparam_optimizer.py] [info] [section 2] [TRANSFORMER] [best trial] VALIDATION_PRECISION=0.0207 VALIDATION_TRUE_POSITIVES=283 VALIDATION_TRUE_NEGATIVES=39528 validation_false_positives=13390 validation_false_negatives=53 validation_max_prediction=0.8492 validation_mean_prediction=0.2637 validation_recall=0.8423 validation_f1=0.0404 validation_auc=0.8552 validation_specificity=0.7470 validation_false_positive_rate=0.2530 validation_f2=0.0942 validation_mcc=0.1068 validation_prauc=0.0249 validation_balanced_accuracy=0.7946 validation_brier=0.1418 validation_kappa=0.0284 validation_informedness=0.5892 validation_markedness=-0.2323 validation_gini=0.7104 validation_optimal_threshold=0.3378 validation_standard_deviation_prediction=0.2723 validation_percentage_above_threshold=25.68
[LN820    ] [chunk_21_hyperparam_optimizer.py] [info] [section 2] [TRANSFORMER] [best trial] loss_function=binary_crossentropy, dim=256, heads=8, dropout=0.2, learning_rate=0.0002, epochs=20, alpha=1.25, gamma=3.0, ff_dim=128, layers=1
[LN821    ] [chunk_18_phase_4_ensemble.py] [info]    [diagnostic-hyperparameter_optimization]  cumulative binary_split_predictions (1%) ≤ 0.0251, (5%) ≤ 0.0327, (10%) ≤ 0.0368, (25%) ≤ 0.0482, (50%) ≤ 0.0970, (75%) ≤ 0.5151, (90%) ≤ 0.7294, (95%) ≤ 0.7623, (99%) ≤ 0.7966, max=0.8492 binary_split_predictions distribution: 0% ≤ 0.01, 0% ≤ 0.02, 27% ≤ 0.05, 51% ≤ 0.1, 61% ≤ 0.2, 74% ≤ 0.5, 26% ≥ 0.50
[LN822    ] [chunk_18_phase_4_ensemble.py] [info]    hyperparameter_optimization improved: 0.0207 > 0.0000
[LN823    ] [chunk_18_phase_4_ensemble.py] [info] [section 3] [TRANSFORMER] [HYPERPARAMETER_OPTIMIZATION] LABEL_THRESHOLD=20.0,
[LN824    ] [chunk_18_phase_4_ensemble.py] [info] [section 3] [TRANSFORMER] [HYPERPARAMETER_OPTIMIZATION] VALIDATION_PRECISION=0.0207 VALIDATION_TRUE_POSITIVES=283 VALIDATION_TRUE_NEGATIVES=39528 validation_false_positives=13390 validation_false_negatives=53 validation_max_prediction=0.8492 validation_mean_prediction=0.2637 validation_recall=0.8423 validation_f1=0.0404 validation_auc=0.8552 validation_specificity=0.7470 validation_false_positive_rate=0.2530 validation_f2=0.0942 validation_mcc=0.1068 validation_prauc=0.0249 validation_balanced_accuracy=0.7946 validation_brier=0.1418 validation_kappa=0.0284 validation_informedness=0.5892 validation_markedness=-0.2323 validation_gini=0.7104 validation_optimal_threshold=0.3378 validation_standard_deviation_prediction=0.2723 validation_percentage_above_threshold=25.68
[LN825    ] [chunk_18_phase_4_ensemble.py] [info] [section 3] [TRANSFORMER] [HYPERPARAMETER_OPTIMIZATION] prediction_binary_split=0.50 hyperparams=(loss=binary_crossentropy lr=0.0002 dropout=0.2 alpha=1.25 gamma=3.0 latent_dim=0) improved=True {'loss_function': 'binary_crossentropy', 'dim': 256, 'heads': 8, 'dropout': 0.2, 'learning_rate': 0.0002, 'epochs': 20, 'alpha': 1.25, 'gamma': 3.0, 'ff_dim': 128, 'layers': 1}
[LN826    ] [chunk_18_phase_4_ensemble.py] [info]    Running post hyperparameter_optimization threshold search for Transformer...
[LN827    ] [chunk_12_evaluation_evaluator.py] [info] [TRANSFORMER] label_threshold=20.0 train_below_prediction_binary_split=118,621 train_above_prediction_binary_split=689 train_positive_found=true val_below_prediction_binary_split=52,918 val_above_prediction_binary_split=336 val_positive_found=true
[LN828    ] [chunk_12_evaluation_evaluator.py] [info] [TRANSFORMER] [diagnostic] LABEL_THRESHOLD=20.0 train_precision=0.0176 train_true_positives=601 train_true_negatives=85080 train_false_positives=33541 train_false_negatives=88 train_max_prediction=0.8678 train_mean_prediction=0.2873 train_recall=0.8723 train_f1=0.0345 train_auc=0.8533 train_specificity=0.7172 train_false_positive_rate=0.2828 train_f2=0.0814 train_mcc=0.0988 train_prauc=0.0249 train_balanced_accuracy=0.7948 train_brier=0.1645 train_kappa=0.0235 train_informedness=0.5895 train_markedness=-0.2652 train_gini=0.7067 train_optimal_threshold=0.4419 train_standard_deviation_prediction=0.2900 train_percentage_above_threshold=28.62
[LN829    ] [chunk_12_evaluation_evaluator.py] [info] [TRANSFORMER] [diagnostic] LABEL_THRESHOLD=20.0 VALIDATION_PRECISION=0.0207 VALIDATION_TRUE_POSITIVES=283 VALIDATION_TRUE_NEGATIVES=39528 validation_false_positives=13390 validation_false_negatives=53 validation_max_prediction=0.8492 validation_mean_prediction=0.2637 validation_recall=0.8423 validation_f1=0.0404 validation_auc=0.8552 validation_specificity=0.7470 validation_false_positive_rate=0.2530 validation_f2=0.0942 validation_mcc=0.1068 validation_prauc=0.0249 validation_balanced_accuracy=0.7946 validation_brier=0.1418 validation_kappa=0.0284 validation_informedness=0.5892 validation_markedness=-0.2323 validation_gini=0.7104 validation_optimal_threshold=0.3378 validation_standard_deviation_prediction=0.2723 validation_percentage_above_threshold=25.68
[LN830    ] [chunk_12_evaluation_evaluator.py] [info] [TRANSFORMER] label_threshold=15.0 train_below_prediction_binary_split=118,104 train_above_prediction_binary_split=1,206 train_positive_found=true val_below_prediction_binary_split=52,677 val_above_prediction_binary_split=577 val_positive_found=true
[LN831    ] [chunk_12_evaluation_evaluator.py] [info] [TRANSFORMER] [diagnostic] LABEL_THRESHOLD=15.0 train_precision=0.0291 train_true_positives=995 train_true_negatives=84957 train_false_positives=33147 train_false_negatives=211 train_max_prediction=0.8678 train_mean_prediction=0.2873 train_recall=0.8250 train_f1=0.0563 train_auc=0.8328 train_specificity=0.7193 train_false_positive_rate=0.2807 train_f2=0.1277 train_mcc=0.1205 train_prauc=0.0370 train_balanced_accuracy=0.7722 train_brier=0.1635 train_kappa=0.0375 train_informedness=0.5444 train_markedness=-0.2515 train_gini=0.6656 train_optimal_threshold=0.4063 train_standard_deviation_prediction=0.2900 train_percentage_above_threshold=28.62
[LN832    ] [chunk_12_evaluation_evaluator.py] [info] [TRANSFORMER] [diagnostic] LABEL_THRESHOLD=15.0 VALIDATION_PRECISION=0.0329 VALIDATION_TRUE_POSITIVES=450 VALIDATION_TRUE_NEGATIVES=39454 validation_false_positives=13223 validation_false_negatives=127 validation_max_prediction=0.8492 validation_mean_prediction=0.2637 validation_recall=0.7799 validation_f1=0.0632 validation_auc=0.8320 validation_specificity=0.7490 validation_false_positive_rate=0.2510 validation_f2=0.1408 validation_mcc=0.1253 validation_prauc=0.0360 validation_balanced_accuracy=0.7644 validation_brier=0.1412 validation_kappa=0.0433 validation_informedness=0.5289 validation_markedness=-0.2181 validation_gini=0.6640 validation_optimal_threshold=0.3294 validation_standard_deviation_prediction=0.2723 validation_percentage_above_threshold=25.68
[LN833    ] [chunk_12_evaluation_evaluator.py] [info] [TRANSFORMER] label_threshold=10.0 train_below_prediction_binary_split=116,756 train_above_prediction_binary_split=2,554 train_positive_found=true val_below_prediction_binary_split=52,057 val_above_prediction_binary_split=1,197 val_positive_found=true
[LN834    ] [chunk_12_evaluation_evaluator.py] [info] [TRANSFORMER] [diagnostic] LABEL_THRESHOLD=10.0 train_precision=0.0578 train_true_positives=1974 train_true_negatives=84588 train_false_positives=32168 train_false_negatives=580 train_max_prediction=0.8678 train_mean_prediction=0.2873 train_recall=0.7729 train_f1=0.1076 train_auc=0.8134 train_specificity=0.7245 train_false_positive_rate=0.2755 train_f2=0.2225 train_mcc=0.1593 train_prauc=0.0659 train_balanced_accuracy=0.7487 train_brier=0.1613 train_kappa=0.0706 train_informedness=0.4974 train_markedness=-0.2177 train_gini=0.6268 train_optimal_threshold=0.3471 train_standard_deviation_prediction=0.2900 train_percentage_above_threshold=28.62
[LN835    ] [chunk_12_evaluation_evaluator.py] [info] [TRANSFORMER] [diagnostic] LABEL_THRESHOLD=10.0 VALIDATION_PRECISION=0.0630 VALIDATION_TRUE_POSITIVES=861 VALIDATION_TRUE_NEGATIVES=39245 validation_false_positives=12812 validation_false_negatives=336 validation_max_prediction=0.8492 validation_mean_prediction=0.2637 validation_recall=0.7193 validation_f1=0.1158 validation_auc=0.8090 validation_specificity=0.7539 validation_false_positive_rate=0.2461 validation_f2=0.2332 validation_mcc=0.1606 validation_prauc=0.0642 validation_balanced_accuracy=0.7366 validation_brier=0.1401 validation_kappa=0.0777 validation_informedness=0.4732 validation_markedness=-0.1831 validation_gini=0.6180 validation_optimal_threshold=0.2839 validation_standard_deviation_prediction=0.2723 validation_percentage_above_threshold=25.68
[LN836    ] [chunk_12_evaluation_evaluator.py] [info] [TRANSFORMER] label_threshold=5.0 train_below_prediction_binary_split=111,719 train_above_prediction_binary_split=7,591 train_positive_found=true val_below_prediction_binary_split=49,381 val_above_prediction_binary_split=3,873 val_positive_found=true
[LN837    ] [chunk_12_evaluation_evaluator.py] [info] [TRANSFORMER] [diagnostic] LABEL_THRESHOLD=5.0 train_precision=0.1462 train_true_positives=4993 train_true_negatives=82570 train_false_positives=29149 train_false_negatives=2598 train_max_prediction=0.8678 train_mean_prediction=0.2873 train_recall=0.6578 train_f1=0.2393 train_auc=0.7667 train_specificity=0.7391 train_false_positive_rate=0.2609 train_f2=0.3870 train_mcc=0.2143 train_prauc=0.1458 train_balanced_accuracy=0.6984 train_brier=0.1599 train_kappa=0.1509 train_informedness=0.3968 train_markedness=-0.1147 train_gini=0.5334 train_optimal_threshold=0.2782 train_standard_deviation_prediction=0.2900 train_percentage_above_threshold=28.62
[LN838    ] [chunk_12_evaluation_evaluator.py] [info] [TRANSFORMER] [diagnostic] LABEL_THRESHOLD=5.0 VALIDATION_PRECISION=0.1584 VALIDATION_TRUE_POSITIVES=2166 VALIDATION_TRUE_NEGATIVES=37874 validation_false_positives=11507 validation_false_negatives=1707 validation_max_prediction=0.8492 validation_mean_prediction=0.2637 validation_recall=0.5593 validation_f1=0.2469 validation_auc=0.7481 validation_specificity=0.7670 validation_false_positive_rate=0.2330 validation_f2=0.3713 validation_mcc=0.1939 validation_prauc=0.1481 validation_balanced_accuracy=0.6631 validation_brier=0.1459 validation_kappa=0.1506 validation_informedness=0.3262 validation_markedness=-0.0746 validation_gini=0.4962 validation_optimal_threshold=0.1912 validation_standard_deviation_prediction=0.2723 validation_percentage_above_threshold=25.68
[LN839    ] [chunk_12_evaluation_evaluator.py] [info] [TRANSFORMER] label_threshold=0.0 train_below_prediction_binary_split=59,589 train_above_prediction_binary_split=59,721 train_positive_found=true val_below_prediction_binary_split=24,480 val_above_prediction_binary_split=28,774 val_positive_found=true
[LN840    ] [chunk_12_evaluation_evaluator.py] [info] [TRANSFORMER] [reject] skipping LABEL_THRESHOLD=0.0: validation_precision=0.4657 <= baseline+0.0100=0.5100
[LN841    ] [chunk_18_phase_4_ensemble.py] [info]    hyperparameter_optimization model threshold search: LABEL_THRESHOLD=20.0, VALIDATION_PRECISION=0.0207
[LN842    ] [chunk_18_phase_4_ensemble.py] [info]    post hyperparameter_optimization threshold search: LABEL_THRESHOLD=5.0, VALIDATION_PRECISION=0.1584
[LN843    ] [chunk_18_phase_4_ensemble.py] [info]    post hyperparameter_optimization improved: using LABEL_THRESHOLD=5.0
[LN844    ] [chunk_18_phase_4_ensemble.py] [info] [section 4] [TRANSFORMER] [post hyperparameter_optimization] [diagnostic]  cumulative binary_split_predictions (1%) ≤ 0.0281, (5%) ≤ 0.0435, (10%) ≤ 0.0537, (25%) ≤ 0.1288, (50%) ≤ 0.5508, (75%) ≤ 0.7533, (90%) ≤ 0.7965, (95%) ≤ 0.8118, (99%) ≤ 0.8271, max=0.8533 binary_split_predictions distribution: 0% ≤ 0.01, 0% ≤ 0.02, 8% ≤ 0.05, 21% ≤ 0.1, 31% ≤ 0.2, 47% ≤ 0.5, 53% ≥ 0.50
[LN845    ] [chunk_18_phase_4_ensemble.py] [info] [section 4] [TRANSFORMER] [post hyperparameter_optimization] LABEL_THRESHOLD=5.0,
[LN846    ] [chunk_18_phase_4_ensemble.py] [info] [section 4] [TRANSFORMER] [post hyperparameter_optimization] VALIDATION_PRECISION=0.1584 VALIDATION_TRUE_POSITIVES=2166 VALIDATION_TRUE_NEGATIVES=37874 validation_false_positives=11507 validation_false_negatives=1707 validation_max_prediction=0.8533 validation_mean_prediction=0.4655 validation_recall=0.5593 validation_f1=0.2469 validation_auc=0.7481 validation_specificity=0.4690 validation_false_positive_rate=0.5310 validation_f2=0.0403 validation_mcc=0.0286 validation_prauc=0.0148 validation_balanced_accuracy=0.5902 validation_brier=0.3033 validation_kappa=0.0043 validation_informedness=0.1803 validation_markedness=-0.5225 validation_gini=0.2823 validation_optimal_threshold=0.6663 validation_standard_deviation_prediction=0.2962 validation_percentage_above_threshold=53.21
[LN847    ] [chunk_18_phase_4_ensemble.py] [info] [section 4] [TRANSFORMER] [post hyperparameter_optimization] prediction_binary_split=0.50 hyperparams=(loss=binary_crossentropy lr=0.0002 dropout=0.2 alpha=1.25 gamma=3.0 latent_dim=64) source=section4
[LN848    ] [chunk_18_phase_4_ensemble.py] [info]    Using post-HPO model at LABEL_THRESHOLD=5.0 (post_hpo_prec=0.1584 > hpo=0.0207, pre_hpo=0.0000)
[LN849    ] [chunk_18_phase_4_ensemble.py] [info]    Train predictions: mean=0.2967, std=0.2999, min=0.0124, max=0.8794
[LN850    ] [chunk_18_phase_4_ensemble.py] [info]    validation predictions:   mean=0.4655, std=0.2962, min=0.0143, max=0.8533
[LN851    ] [chunk_18_phase_4_ensemble.py] [info] [section 5] [TRANSFORMER] [final] [diagnostic] Train  cumulative binary_split_predictions (1%) ≤ 0.0133, (5%) ≤ 0.0150, (10%) ≤ 0.0175, (25%) ≤ 0.0321, (50%) ≤ 0.1259, (75%) ≤ 0.6119, (90%) ≤ 0.7689, (95%) ≤ 0.8009, (99%) ≤ 0.8255, max=0.8794 binary_split_predictions distribution: 0% ≤ 0.01, 13% ≤ 0.02, 35% ≤ 0.05, 47% ≤ 0.1, 55% ≤ 0.2, 69% ≤ 0.5, 31% ≥ 0.50
[LN852    ] [chunk_18_phase_4_ensemble.py] [info] [section 5] [TRANSFORMER] [final] [diagnostic] validation    cumulative binary_split_predictions (1%) ≤ 0.0281, (5%) ≤ 0.0435, (10%) ≤ 0.0537, (25%) ≤ 0.1288, (50%) ≤ 0.5508, (75%) ≤ 0.7533, (90%) ≤ 0.7965, (95%) ≤ 0.8118, (99%) ≤ 0.8271, max=0.8533 binary_split_predictions distribution: 0% ≤ 0.01, 0% ≤ 0.02, 8% ≤ 0.05, 21% ≤ 0.1, 31% ≤ 0.2, 47% ≤ 0.5, 53% ≥ 0.50
[LN853    ] [chunk_18_phase_4_ensemble.py] [info]    Train predictions: 31.42% positive predictions (37,493 / 119,310)
[LN854    ] [chunk_18_phase_4_ensemble.py] [info]    validation predictions:   53.21% positive predictions (28,337 / 53,254)
[LN855    ] [chunk_18_phase_4_ensemble.py] [info]    [diagnostic] prediction_buckets: 0-10:4955, 10-20:2967, 20-30:2799, 30-40:2760, 40-50:3657, 50-60:5436, 60-70:14571, 70-80:4673, 80-90:0, 90-100:0
[LN856    ] [chunk_18_phase_4_ensemble.py] [info] [section 5] [TRANSFORMER] [final] LABEL_THRESHOLD=5.0,
[LN857    ] [chunk_18_phase_4_ensemble.py] [info] [section 5] [TRANSFORMER] [final] train_precision=0.0944 train_true_positives=3538 train_true_negatives=77764 train_false_positives=33955 train_false_negatives=4053 train_max_prediction=0.8794 train_mean_prediction=0.2967 train_recall=0.4661 train_f1=0.1570 train_auc=0.5914 train_specificity=0.6961 train_false_positive_rate=0.3039 train_f2=0.2607 train_mcc=0.0853 train_prauc=0.0962 train_balanced_accuracy=0.5811 train_standard_deviation_prediction=0.2999 train_percentage_above_threshold=31.42 train_brier=0.1905 train_kappa=0.0572 train_informedness=0.1621 train_markedness=-0.2096 train_gini=0.1828 train_optimal_threshold=0.4321
[LN858    ] [chunk_18_phase_4_ensemble.py] [info] [section 5] [TRANSFORMER] [final] VALIDATION_PRECISION=0.0917 VALIDATION_TRUE_POSITIVES=2599 VALIDATION_TRUE_NEGATIVES=23643 validation_false_positives=25738 validation_false_negatives=1274 validation_max_prediction=0.8533 validation_mean_prediction=0.4655 validation_recall=0.6711 validation_f1=0.1614 validation_auc=0.6066 validation_specificity=0.4788 validation_false_positive_rate=0.5212 validation_f2=0.2965 validation_mcc=0.0780 validation_prauc=0.1146 validation_balanced_accuracy=0.5749 validation_brier=0.2964 validation_kappa=0.0383 validation_informedness=0.1498 validation_markedness=-0.4295 validation_gini=0.2132 validation_optimal_threshold=0.7163 validation_standard_deviation_prediction=0.2962 validation_percentage_above_threshold=53.21
[LN859    ] [chunk_18_phase_4_ensemble.py] [info] [section 5] [TRANSFORMER] [final] prediction_binary_split=0.50 hyperparams=(loss=binary_crossentropy lr=0.0002 dropout=0.2 alpha=1.25 gamma=3.0 latent_dim=64) (using HPO model directly)
[LN860    ] [chunk_18_phase_4_ensemble.py] [info]    Transformer loss=binary_crossentropy pred_threshold=0.5 epochs=20
[LN861    ] [chunk_18_phase_4_ensemble.py] [info]    [Transformer] hyperparameter_optimization: dim=256, heads=8, dropout=0.2, learning_rate=0.0002, alpha=1.25, gamma=3.0, layers=1
[LN862    ] [chunk_18_phase_4_ensemble.py] [info]    Transformer training time: 1940.8s
[LN863    ] [chunk_18_phase_4_ensemble.py] [info] [pass] Transformer trained successfully
[LN864    ] [chunk_18_phase_4_ensemble.py] [info] [CatBoost] Winsorization: LOW=1 HIGH=99 (training-only percentiles)
[LN865    ] [chunk_14_models_trainer.py] [info]    _train_sklearn_model: early_stopping_rounds=10, eval_set=None
[LN866    ] [chunk_14_models_trainer.py] [info]    scale_pos_weight=N/A (model=CatBoostClassifier)
[LN867    ] [chunk_18_phase_4_ensemble.py] [info] [section 1] [CATBOOST] [baseline] LABEL_THRESHOLD=20.0,
[LN868    ] [chunk_18_phase_4_ensemble.py] [info] [section 1] [CATBOOST] [baseline] predictions: mean=0.0244, std=0.0815, min=0.0000, max=0.9858
[LN869    ] [chunk_18_phase_4_ensemble.py] [info] [section 1] [CATBOOST] [baseline]  cumulative binary_split_predictions (1%) ≤ 0.0000, (5%) ≤ 0.0000, (10%) ≤ 0.0000, (25%) ≤ 0.0001, (50%) ≤ 0.0007, (75%) ≤ 0.0084, (90%) ≤ 0.0558, (95%) ≤ 0.1319, (99%) ≤ 0.4420, max=0.9858 binary_split_predictions distribution: 76% ≤ 0.01, 82% ≤ 0.02, 89% ≤ 0.05, 94% ≤ 0.1, 97% ≤ 0.2, 99% ≤ 0.5, 1% ≥ 0.50
[LN870    ] [chunk_18_phase_4_ensemble.py] [info] [section 1] [CATBOOST] [baseline] prediction_binary_split=0.50, VALIDATION predictions at LABEL_THRESHOLD=20.0: 0.81%
[LN871    ] [chunk_18_phase_4_ensemble.py] [info] [section 1] [CATBOOST] [baseline] LABEL_THRESHOLD=20.0,
[LN872    ] [chunk_18_phase_4_ensemble.py] [info] [section 1] [CATBOOST] [baseline] VALIDATION_PRECISION=0.0810 VALIDATION_TRUE_POSITIVES=35 VALIDATION_TRUE_NEGATIVES=52521 validation_false_positives=397 validation_false_negatives=301 validation_max_prediction=0.9858 validation_mean_prediction=0.0244 validation_recall=0.1042 validation_f1=0.0911 validation_auc=0.8675 validation_specificity=0.9925 validation_false_positive_rate=0.0075 validation_f2=0.0985 validation_mcc=0.0853 validation_prauc=0.0448 validation_balanced_accuracy=0.5483 validation_brier=0.0115 validation_kappa=0.0846 validation_informedness=0.0967 validation_markedness=0.0735 validation_gini=0.7351 validation_optimal_threshold=0.0086 validation_standard_deviation_prediction=0.0815 validation_percentage_above_threshold=0.81
[LN873    ] [chunk_18_phase_4_ensemble.py] [info] [section 1] [CATBOOST] [baseline] prediction_binary_split=0.50 loss=binary_crossentropy, lr=0.001
[LN874    ] [chunk_12_evaluation_evaluator.py] [info] [CATBOOST] label_threshold=20.0 train_below_prediction_binary_split=118,621 train_above_prediction_binary_split=689 train_positive_found=true val_below_prediction_binary_split=52,918 val_above_prediction_binary_split=336 val_positive_found=true
[LN875    ] [chunk_14_models_trainer.py] [info]    _train_sklearn_model: early_stopping_rounds=10, eval_set=None
[LN876    ] [chunk_14_models_trainer.py] [info]    scale_pos_weight=N/A (model=CatBoostClassifier)
[LN877    ] [chunk_12_evaluation_evaluator.py] [info] [reject] threshold=20.0 action=skipped reason=insufficient_positive_predictions positive_predictions=42 minimum_positive_required=53
[LN878    ] [chunk_12_evaluation_evaluator.py] [info] [CATBOOST] label_threshold=15.0 train_below_prediction_binary_split=118,104 train_above_prediction_binary_split=1,206 train_positive_found=true val_below_prediction_binary_split=52,677 val_above_prediction_binary_split=577 val_positive_found=true
[LN879    ] [chunk_14_models_trainer.py] [info]    _train_sklearn_model: early_stopping_rounds=10, eval_set=None
[LN880    ] [chunk_14_models_trainer.py] [info]    scale_pos_weight=N/A (model=CatBoostClassifier)
[LN881    ] [chunk_12_evaluation_evaluator.py] [info] [CatBoost] Safeguards: type=tree, min_precision_over_baseline=0.0100, min_pos_pct=0.0010, min_pos_abs=10, patience=5
[LN882    ] [chunk_12_evaluation_evaluator.py] [info] [CATBOOST] [diagnostic] LABEL_THRESHOLD=15.0 train_precision=0.9190 train_true_positives=1078 train_true_negatives=118009 train_false_positives=95 train_false_negatives=128 train_max_prediction=0.9779 train_mean_prediction=0.0341 train_recall=0.8939 train_f1=0.9063 train_auc=0.9981 train_specificity=0.9992 train_false_positive_rate=0.0008 train_f2=0.8988 train_mcc=0.9054 train_prauc=0.9542 train_balanced_accuracy=0.9465 train_brier=0.0044 train_kappa=0.9053 train_informedness=0.8931 train_markedness=0.9182 train_gini=0.9963 train_optimal_threshold=0.2390 train_standard_deviation_prediction=0.0889 train_percentage_above_threshold=0.98
[LN883    ] [chunk_12_evaluation_evaluator.py] [info] [CATBOOST] [diagnostic] LABEL_THRESHOLD=15.0 VALIDATION_PRECISION=0.1111 VALIDATION_TRUE_POSITIVES=8 VALIDATION_TRUE_NEGATIVES=52613 validation_false_positives=64 validation_false_negatives=569 validation_max_prediction=0.9318 validation_mean_prediction=0.0215 validation_recall=0.0139 validation_f1=0.0247 validation_auc=0.8540 validation_specificity=0.9988 validation_false_positive_rate=0.0012 validation_f2=0.0168 validation_mcc=0.0356 validation_prauc=0.0615 validation_balanced_accuracy=0.5063 validation_brier=0.0119 validation_kappa=0.0223 validation_informedness=0.0126 validation_markedness=0.1099 validation_gini=0.7081 validation_optimal_threshold=0.0181 validation_standard_deviation_prediction=0.0535 validation_percentage_above_threshold=0.14
[LN884    ] [chunk_12_evaluation_evaluator.py] [info] [CATBOOST] label_threshold=10.0 train_below_prediction_binary_split=116,756 train_above_prediction_binary_split=2,554 train_positive_found=true val_below_prediction_binary_split=52,057 val_above_prediction_binary_split=1,197 val_positive_found=true
[LN885    ] [chunk_14_models_trainer.py] [info]    _train_sklearn_model: early_stopping_rounds=10, eval_set=None
[LN886    ] [chunk_14_models_trainer.py] [info]    scale_pos_weight=N/A (model=CatBoostClassifier)
[LN887    ] [chunk_12_evaluation_evaluator.py] [info] [CATBOOST] [diagnostic] LABEL_THRESHOLD=10.0 train_precision=0.8724 train_true_positives=1839 train_true_negatives=116487 train_false_positives=269 train_false_negatives=715 train_max_prediction=0.9708 train_mean_prediction=0.0706 train_recall=0.7200 train_f1=0.7889 train_auc=0.9849 train_specificity=0.9977 train_false_positive_rate=0.0023 train_f2=0.7461 train_mcc=0.7885 train_prauc=0.8446 train_balanced_accuracy=0.8589 train_brier=0.0155 train_kappa=0.7848 train_informedness=0.7177 train_markedness=0.8701 train_gini=0.9698 train_optimal_threshold=0.2852 train_standard_deviation_prediction=0.1209 train_percentage_above_threshold=1.77
[LN888    ] [chunk_12_evaluation_evaluator.py] [info] [CATBOOST] [diagnostic] LABEL_THRESHOLD=10.0 VALIDATION_PRECISION=0.1479 VALIDATION_TRUE_POSITIVES=42 VALIDATION_TRUE_NEGATIVES=51815 validation_false_positives=242 validation_false_negatives=1155 validation_max_prediction=0.8917 validation_mean_prediction=0.0587 validation_recall=0.0351 validation_f1=0.0567 validation_auc=0.8434 validation_specificity=0.9954 validation_false_positive_rate=0.0046 validation_f2=0.0414 validation_mcc=0.0620 validation_prauc=0.0881 validation_balanced_accuracy=0.5152 validation_brier=0.0270 validation_kappa=0.0485 validation_informedness=0.0304 validation_markedness=0.1432 validation_gini=0.6868 validation_optimal_threshold=0.0391 validation_standard_deviation_prediction=0.0971 validation_percentage_above_threshold=0.53
[LN889    ] [chunk_12_evaluation_evaluator.py] [info] [CATBOOST] label_threshold=5.0 train_below_prediction_binary_split=111,719 train_above_prediction_binary_split=7,591 train_positive_found=true val_below_prediction_binary_split=49,381 val_above_prediction_binary_split=3,873 val_positive_found=true
[LN890    ] [chunk_14_models_trainer.py] [info]    _train_sklearn_model: early_stopping_rounds=10, eval_set=None
[LN891    ] [chunk_14_models_trainer.py] [info]    scale_pos_weight=N/A (model=CatBoostClassifier)
[LN892    ] [chunk_12_evaluation_evaluator.py] [info] [CATBOOST] [diagnostic] LABEL_THRESHOLD=5.0 train_precision=0.6367 train_true_positives=3460 train_true_negatives=109745 train_false_positives=1974 train_false_negatives=4131 train_max_prediction=0.9436 train_mean_prediction=0.1596 train_recall=0.4558 train_f1=0.5313 train_auc=0.9111 train_specificity=0.9823 train_false_positive_rate=0.0177 train_f2=0.4833 train_mcc=0.5129 train_prauc=0.5764 train_balanced_accuracy=0.7191 train_brier=0.0589 train_kappa=0.5050 train_informedness=0.4381 train_markedness=0.6191 train_gini=0.8223 train_optimal_threshold=0.3198 train_standard_deviation_prediction=0.1710 train_percentage_above_threshold=4.55
[LN893    ] [chunk_12_evaluation_evaluator.py] [info] [CATBOOST] [diagnostic] LABEL_THRESHOLD=5.0 VALIDATION_PRECISION=0.2318 VALIDATION_TRUE_POSITIVES=795 VALIDATION_TRUE_NEGATIVES=46747 validation_false_positives=2634 validation_false_negatives=3078 validation_max_prediction=0.9000 validation_mean_prediction=0.1527 validation_recall=0.2053 validation_f1=0.2177 validation_auc=0.7937 validation_specificity=0.9467 validation_false_positive_rate=0.0533 validation_f2=0.2101 validation_mcc=0.1607 validation_prauc=0.1911 validation_balanced_accuracy=0.5760 validation_brier=0.0806 validation_kappa=0.1604 validation_informedness=0.1519 validation_markedness=0.1785 validation_gini=0.5874 validation_optimal_threshold=0.1117 validation_standard_deviation_prediction=0.1804 validation_percentage_above_threshold=6.44
[LN894    ] [chunk_12_evaluation_evaluator.py] [info] [CATBOOST] label_threshold=0.0 train_below_prediction_binary_split=59,589 train_above_prediction_binary_split=59,721 train_positive_found=true val_below_prediction_binary_split=24,480 val_above_prediction_binary_split=28,774 val_positive_found=true
[LN895    ] [chunk_14_models_trainer.py] [info]    _train_sklearn_model: early_stopping_rounds=10, eval_set=None
[LN896    ] [chunk_14_models_trainer.py] [info]    scale_pos_weight=N/A (model=CatBoostClassifier)
[LN897    ] [chunk_12_evaluation_evaluator.py] [info] [CATBOOST] [diagnostic] LABEL_THRESHOLD=0.0 train_precision=0.6786 train_true_positives=40689 train_true_negatives=40316 train_false_positives=19273 train_false_negatives=19032 train_max_prediction=0.9947 train_mean_prediction=0.5003 train_recall=0.6813 train_f1=0.6799 train_auc=0.7463 train_specificity=0.6766 train_false_positive_rate=0.3234 train_f2=0.6808 train_mcc=0.3579 train_prauc=0.7433 train_balanced_accuracy=0.6789 train_brier=0.2107 train_kappa=0.3579 train_informedness=0.3579 train_markedness=0.3551 train_gini=0.4927 train_optimal_threshold=0.4993 train_standard_deviation_prediction=0.1381 train_percentage_above_threshold=50.26
[LN898    ] [chunk_12_evaluation_evaluator.py] [info] [CATBOOST] [diagnostic] LABEL_THRESHOLD=0.0 VALIDATION_PRECISION=0.5665 VALIDATION_TRUE_POSITIVES=4287 VALIDATION_TRUE_NEGATIVES=21199 validation_false_positives=3281 validation_false_negatives=24487 validation_max_prediction=0.9947 validation_mean_prediction=0.3369 validation_recall=0.1490 validation_f1=0.2359 validation_auc=0.4866 validation_specificity=0.8660 validation_false_positive_rate=0.1340 validation_f2=0.1747 validation_mcc=0.0214 validation_prauc=0.5559 validation_balanced_accuracy=0.5075 validation_brier=0.3137 validation_kappa=0.0141 validation_informedness=0.0150 validation_markedness=0.4324 validation_gini=0.0000 validation_optimal_threshold=0.6149 validation_standard_deviation_prediction=0.1581 validation_percentage_above_threshold=14.21
[LN899    ] [chunk_18_phase_4_ensemble.py] [info] [section 1] [CATBOOST] [label_threshold_optimal]  cumulative binary_split_predictions (1%) ≤ 0.0904, (5%) ≤ 0.1302, (10%) ≤ 0.1601, (25%) ≤ 0.2199, (50%) ≤ 0.3104, (75%) ≤ 0.4250, (90%) ≤ 0.5483, (95%) ≤ 0.6359, (99%) ≤ 0.8294, max=0.9947 binary_split_predictions distribution: 0% ≤ 0.01, 0% ≤ 0.02, 0% ≤ 0.05, 2% ≤ 0.1, 20% ≤ 0.2, 86% ≤ 0.5, 14% ≥ 0.50
[LN900    ] [chunk_18_phase_4_ensemble.py] [info] [section 1] [CATBOOST] [label_threshold_optimal] LABEL_THRESHOLD=0.0
[LN901    ] [chunk_18_phase_4_ensemble.py] [info] [section 1] [CATBOOST] [label_threshold_optimal] train_precision=0.6786 train_true_positives=40689 train_true_negatives=40316 train_false_positives=19273 train_false_negatives=19032 train_max_prediction=0.9947 train_mean_prediction=0.5003 train_recall=0.6813 train_f1=0.6799 train_auc=0.7463 train_specificity=0.6766 train_false_positive_rate=0.3234 train_f2=0.6808 train_mcc=0.3579 train_prauc=0.7433 train_balanced_accuracy=0.6789 train_brier=0.2107 train_kappa=0.3579 train_informedness=0.3579 train_markedness=0.3551 train_gini=0.4927 train_optimal_threshold=0.4993 train_standard_deviation_prediction=0.1381 train_percentage_above_threshold=50.26
[LN902    ] [chunk_18_phase_4_ensemble.py] [info] [section 1] [CATBOOST] [label_threshold_optimal] VALIDATION_PRECISION=0.5665 VALIDATION_TRUE_POSITIVES=4287 VALIDATION_TRUE_NEGATIVES=21199 validation_false_positives=3281 validation_false_negatives=24487 validation_max_prediction=0.9947 validation_mean_prediction=0.3369 validation_recall=0.1490 validation_f1=0.2359 validation_auc=0.4866 validation_specificity=0.8660 validation_false_positive_rate=0.1340 validation_f2=0.1747 validation_mcc=0.0214 validation_prauc=0.5559 validation_balanced_accuracy=0.5075 validation_brier=0.3137 validation_kappa=0.0141 validation_informedness=0.0150 validation_markedness=0.4324 validation_gini=0.0000 validation_optimal_threshold=0.6149 validation_standard_deviation_prediction=0.1581 validation_percentage_above_threshold=14.21
[LN903    ] [chunk_18_phase_4_ensemble.py] [info] [section 1] [CATBOOST] [label_threshold_optimal] prediction_binary_split=0.50
[LN904    ] [chunk_21_hyperparam_optimizer.py] [info] [section 2] [CATBOOST] [hyperparameter_optimization search] Running Bayesian optimization (5 trials)...
[LN905    ] [chunk_14_models_trainer.py] [info]    _train_sklearn_model: early_stopping_rounds=10, eval_set=provided
[LN906    ] [chunk_14_models_trainer.py] [info]    scale_pos_weight=N/A (model=CatBoostClassifier)
[LN907    ] [chunk_21_hyperparam_optimizer.py] [info] [section 2] [CATBOOST] [hyperparameter_optimization search baseline] LABEL_THRESHOLD=0.0
[LN908    ] [chunk_21_hyperparam_optimizer.py] [info] [section 2] [CATBOOST] [hyperparameter_optimization search baseline] VALIDATION_PRECISION=0.5552 VALIDATION_TRUE_POSITIVES=5042 VALIDATION_TRUE_NEGATIVES=20440 validation_false_positives=4040 validation_false_negatives=23732 validation_max_prediction=0.5663 validation_mean_prediction=0.4913 validation_recall=0.1752 validation_f1=0.2664 validation_auc=0.5242 validation_specificity=0.8350 validation_false_positive_rate=0.1650 validation_f2=0.2030 validation_mcc=0.0135 validation_prauc=0.5638 validation_balanced_accuracy=0.5051 validation_brier=0.2502 validation_kappa=0.0096 validation_informedness=0.0102 validation_markedness=0.3901 validation_gini=0.0483 validation_optimal_threshold=0.4924 validation_standard_deviation_prediction=0.0100 validation_percentage_above_threshold=17.05
[LN909    ] [chunk_21_hyperparam_optimizer.py] [info] [section 2] [CATBOOST] [hyperparameter_optimization search baseline] TRIAL 1/5: iterations=500, depth=6, learning_rate=0.08, auto_class_weights=SqrtBalanced, l2_leaf_reg=7
[LN910    ] [chunk_14_models_trainer.py] [info]    _train_sklearn_model: early_stopping_rounds=10, eval_set=provided
[LN911    ] [chunk_14_models_trainer.py] [info]    scale_pos_weight=N/A (model=CatBoostClassifier)
[LN912    ] [chunk_21_hyperparam_optimizer.py] [info] [section 2] [CATBOOST] [hyperparameter_optimization search baseline] LABEL_THRESHOLD=0.0
[LN913    ] [chunk_21_hyperparam_optimizer.py] [info] [section 2] [CATBOOST] [hyperparameter_optimization search baseline] VALIDATION_PRECISION=0.5569 VALIDATION_TRUE_POSITIVES=5296 VALIDATION_TRUE_NEGATIVES=20267 validation_false_positives=4213 validation_false_negatives=23478 validation_max_prediction=0.6138 validation_mean_prediction=0.4913 validation_recall=0.1841 validation_f1=0.2767 validation_auc=0.5245 validation_specificity=0.8279 validation_false_positive_rate=0.1721 validation_f2=0.2125 validation_mcc=0.0156 validation_prauc=0.5647 validation_balanced_accuracy=0.5060 validation_brier=0.2501 validation_kappa=0.0113 validation_informedness=0.0120 validation_markedness=0.3848 validation_gini=0.0490 validation_optimal_threshold=0.4897 validation_standard_deviation_prediction=0.0125 validation_percentage_above_threshold=17.86
[LN914    ] [chunk_21_hyperparam_optimizer.py] [info] [section 2] [CATBOOST] [hyperparameter_optimization search baseline] TRIAL 2/5: iterations=400, depth=5, learning_rate=0.08, auto_class_weights=SqrtBalanced, l2_leaf_reg=1
[LN915    ] [chunk_14_models_trainer.py] [info]    _train_sklearn_model: early_stopping_rounds=10, eval_set=provided
[LN916    ] [chunk_14_models_trainer.py] [info]    scale_pos_weight=N/A (model=CatBoostClassifier)
[LN917    ] [chunk_21_hyperparam_optimizer.py] [info] [section 2] [CATBOOST] [hyperparameter_optimization search baseline] LABEL_THRESHOLD=0.0
[LN918    ] [chunk_21_hyperparam_optimizer.py] [info] [section 2] [CATBOOST] [hyperparameter_optimization search baseline] VALIDATION_PRECISION=0.5552 VALIDATION_TRUE_POSITIVES=5042 VALIDATION_TRUE_NEGATIVES=20440 validation_false_positives=4040 validation_false_negatives=23732 validation_max_prediction=0.5926 validation_mean_prediction=0.4915 validation_recall=0.1752 validation_f1=0.2664 validation_auc=0.5241 validation_specificity=0.8350 validation_false_positive_rate=0.1650 validation_f2=0.2030 validation_mcc=0.0135 validation_prauc=0.5633 validation_balanced_accuracy=0.5051 validation_brier=0.2501 validation_kappa=0.0096 validation_informedness=0.0102 validation_markedness=0.3901 validation_gini=0.0483 validation_optimal_threshold=0.4924 validation_standard_deviation_prediction=0.0114 validation_percentage_above_threshold=17.05
[LN919    ] [chunk_21_hyperparam_optimizer.py] [info] [section 2] [CATBOOST] [hyperparameter_optimization search baseline] TRIAL 3/5: iterations=300, depth=6, learning_rate=0.08, auto_class_weights=SqrtBalanced, l2_leaf_reg=1
[LN920    ] [chunk_14_models_trainer.py] [info]    _train_sklearn_model: early_stopping_rounds=10, eval_set=provided
[LN921    ] [chunk_14_models_trainer.py] [info]    scale_pos_weight=N/A (model=CatBoostClassifier)
[LN922    ] [chunk_21_hyperparam_optimizer.py] [info] [section 2] [CATBOOST] [hyperparameter_optimization search baseline] LABEL_THRESHOLD=0.0
[LN923    ] [chunk_21_hyperparam_optimizer.py] [info] [section 2] [CATBOOST] [hyperparameter_optimization search baseline] VALIDATION_PRECISION=0.5569 VALIDATION_TRUE_POSITIVES=5302 VALIDATION_TRUE_NEGATIVES=20262 validation_false_positives=4218 validation_false_negatives=23472 validation_max_prediction=0.6396 validation_mean_prediction=0.4891 validation_recall=0.1843 validation_f1=0.2769 validation_auc=0.5245 validation_specificity=0.8277 validation_false_positive_rate=0.1723 validation_f2=0.2127 validation_mcc=0.0156 validation_prauc=0.5647 validation_balanced_accuracy=0.5060 validation_brier=0.2503 validation_kappa=0.0113 validation_informedness=0.0120 validation_markedness=0.3846 validation_gini=0.0489 validation_optimal_threshold=0.4872 validation_standard_deviation_prediction=0.0148 validation_percentage_above_threshold=17.88
[LN924    ] [chunk_21_hyperparam_optimizer.py] [info] [section 2] [CATBOOST] [hyperparameter_optimization search baseline] TRIAL 4/5: iterations=500, depth=5, learning_rate=0.1, auto_class_weights=SqrtBalanced, l2_leaf_reg=7
[LN925    ] [chunk_14_models_trainer.py] [info]    _train_sklearn_model: early_stopping_rounds=10, eval_set=provided
[LN926    ] [chunk_14_models_trainer.py] [info]    scale_pos_weight=N/A (model=CatBoostClassifier)
[LN927    ] [chunk_21_hyperparam_optimizer.py] [info] [section 2] [CATBOOST] [hyperparameter_optimization search baseline] LABEL_THRESHOLD=0.0
[LN928    ] [chunk_21_hyperparam_optimizer.py] [info] [section 2] [CATBOOST] [hyperparameter_optimization search baseline] VALIDATION_PRECISION=0.5552 VALIDATION_TRUE_POSITIVES=5042 VALIDATION_TRUE_NEGATIVES=20440 validation_false_positives=4040 validation_false_negatives=23732 validation_max_prediction=0.5726 validation_mean_prediction=0.4914 validation_recall=0.1752 validation_f1=0.2664 validation_auc=0.5241 validation_specificity=0.8350 validation_false_positive_rate=0.1650 validation_f2=0.2030 validation_mcc=0.0135 validation_prauc=0.5636 validation_balanced_accuracy=0.5051 validation_brier=0.2501 validation_kappa=0.0096 validation_informedness=0.0102 validation_markedness=0.3901 validation_gini=0.0483 validation_optimal_threshold=0.4924 validation_standard_deviation_prediction=0.0105 validation_percentage_above_threshold=17.05
[LN929    ] [chunk_21_hyperparam_optimizer.py] [info] [section 2] [CATBOOST] [hyperparameter_optimization search baseline] TRIAL 5/5: iterations=400, depth=6, learning_rate=0.08, auto_class_weights=Balanced, l2_leaf_reg=3
[LN930    ] [chunk_21_hyperparam_optimizer.py] [info] [section 2] [CATBOOST] [best trial] LABEL_THRESHOLD=0.0
[LN931    ] [chunk_21_hyperparam_optimizer.py] [info] [section 2] [CATBOOST] [best trial] VALIDATION_PRECISION=0.5569 VALIDATION_TRUE_POSITIVES=5296 VALIDATION_TRUE_NEGATIVES=20267 validation_false_positives=4213 validation_false_negatives=23478 validation_max_prediction=0.6138 validation_mean_prediction=0.4913 validation_recall=0.1841 validation_f1=0.2767 validation_auc=0.5245 validation_specificity=0.8279 validation_false_positive_rate=0.1721 validation_f2=0.2125 validation_mcc=0.0156 validation_prauc=0.5647 validation_balanced_accuracy=0.5060 validation_brier=0.2501 validation_kappa=0.0113 validation_informedness=0.0120 validation_markedness=0.3848 validation_gini=0.0490 validation_optimal_threshold=0.4897 validation_standard_deviation_prediction=0.0125 validation_percentage_above_threshold=17.86
[LN932    ] [chunk_21_hyperparam_optimizer.py] [info] [section 2] [CATBOOST] [best trial] iterations=400, depth=5, learning_rate=0.08, auto_class_weights=SqrtBalanced, l2_leaf_reg=1
[LN933    ] [chunk_18_phase_4_ensemble.py] [info]    [diagnostic-hyperparameter_optimization]  cumulative binary_split_predictions (1%) ≤ 0.4820, (5%) ≤ 0.4820, (10%) ≤ 0.4820, (25%) ≤ 0.4820, (50%) ≤ 0.4897, (75%) ≤ 0.4928, (90%) ≤ 0.5073, (95%) ≤ 0.5116, (99%) ≤ 0.5268, max=0.6138 binary_split_predictions distribution: 0% ≤ 0.01, 0% ≤ 0.02, 0% ≤ 0.05, 0% ≤ 0.1, 0% ≤ 0.2, 82% ≤ 0.5, 18% ≥ 0.50
[LN934    ] [chunk_18_phase_4_ensemble.py] [info]    hyperparameter_optimization did NOT improve: 0.5569 <= 0.5665 - using pre hyperparameter_optimization model
[LN935    ] [chunk_18_phase_4_ensemble.py] [info] [section 3] [CATBOOST] [PRE-HYPERPARAMETER_OPTIMIZATION] LABEL_THRESHOLD=0.0,
[LN936    ] [chunk_18_phase_4_ensemble.py] [info] [section 3] [CATBOOST] [PRE-HYPERPARAMETER_OPTIMIZATION] VALIDATION_PRECISION=0.5665 VALIDATION_TRUE_POSITIVES=4287 VALIDATION_TRUE_NEGATIVES=21199 validation_false_positives=3281 validation_false_negatives=24487 validation_max_prediction=0.9947 validation_mean_prediction=0.3369 validation_recall=0.1490 validation_f1=0.2359 validation_auc=0.4866 validation_specificity=0.8660 validation_false_positive_rate=0.1340 validation_f2=0.1747 validation_mcc=0.0214 validation_prauc=0.5559 validation_balanced_accuracy=0.5075 validation_brier=0.3137 validation_kappa=0.0141 validation_informedness=0.0150 validation_markedness=0.4324 validation_gini=0.0000 validation_optimal_threshold=0.6149 validation_standard_deviation_prediction=0.1581 validation_percentage_above_threshold=14.21
[LN937    ] [chunk_18_phase_4_ensemble.py] [info] [section 3] [CATBOOST] [PRE-HYPERPARAMETER_OPTIMIZATION] prediction_binary_split=0.50 hyperparams=(loss=binary_crossentropy lr=0.08 dropout=0.1 alpha=0.0 gamma=0.0 latent_dim=0) improved=False {'iterations': 400, 'depth': 5, 'learning_rate': 0.08, 'auto_class_weights': 'SqrtBalanced', 'l2_leaf_reg': 1}
[LN938    ] [chunk_18_phase_4_ensemble.py] [info]    Running post hyperparameter_optimization threshold search for CatBoost...
[LN939    ] [chunk_12_evaluation_evaluator.py] [info] [CATBOOST] label_threshold=20.0 train_below_prediction_binary_split=118,621 train_above_prediction_binary_split=689 train_positive_found=true val_below_prediction_binary_split=52,918 val_above_prediction_binary_split=336 val_positive_found=true
[LN940    ] [chunk_12_evaluation_evaluator.py] [info] [CATBOOST] [reject] skipping LABEL_THRESHOLD=20.0: validation_precision=0.0153 <= baseline+0.0100=0.0163
[LN941    ] [chunk_12_evaluation_evaluator.py] [info] [CATBOOST] label_threshold=15.0 train_below_prediction_binary_split=118,104 train_above_prediction_binary_split=1,206 train_positive_found=true val_below_prediction_binary_split=52,677 val_above_prediction_binary_split=577 val_positive_found=true
[LN942    ] [chunk_12_evaluation_evaluator.py] [info] [CATBOOST] [diagnostic] LABEL_THRESHOLD=15.0 train_precision=0.0128 train_true_positives=770 train_true_negatives=58912 train_false_positives=59192 train_false_negatives=436 train_max_prediction=0.9947 train_mean_prediction=0.5003 train_recall=0.6385 train_f1=0.0252 train_auc=0.5956 train_specificity=0.4988 train_false_positive_rate=0.5012 train_f2=0.0594 train_mcc=0.0275 train_prauc=0.0124 train_balanced_accuracy=0.5686 train_brier=0.2685 train_kappa=0.0055 train_informedness=0.1373 train_markedness=-0.4883 train_gini=0.1911 train_optimal_threshold=0.4168 train_standard_deviation_prediction=0.1381 train_percentage_above_threshold=50.26
[LN943    ] [chunk_12_evaluation_evaluator.py] [info] [CATBOOST] [diagnostic] LABEL_THRESHOLD=15.0 VALIDATION_PRECISION=0.0256 VALIDATION_TRUE_POSITIVES=194 VALIDATION_TRUE_NEGATIVES=45303 validation_false_positives=7374 validation_false_negatives=383 validation_max_prediction=0.9947 validation_mean_prediction=0.3369 validation_recall=0.3362 validation_f1=0.0476 validation_auc=0.7421 validation_specificity=0.8600 validation_false_positive_rate=0.1400 validation_f2=0.0982 validation_mcc=0.0582 validation_prauc=0.0218 validation_balanced_accuracy=0.5981 validation_brier=0.1395 validation_kappa=0.0281 validation_informedness=0.1962 validation_markedness=-0.1144 validation_gini=0.4842 validation_optimal_threshold=0.3430 validation_standard_deviation_prediction=0.1581 validation_percentage_above_threshold=14.21
[LN944    ] [chunk_12_evaluation_evaluator.py] [info] [CATBOOST] label_threshold=10.0 train_below_prediction_binary_split=116,756 train_above_prediction_binary_split=2,554 train_positive_found=true val_below_prediction_binary_split=52,057 val_above_prediction_binary_split=1,197 val_positive_found=true
[LN945    ] [chunk_12_evaluation_evaluator.py] [info] [CATBOOST] [diagnostic] LABEL_THRESHOLD=10.0 train_precision=0.0281 train_true_positives=1685 train_true_negatives=58479 train_false_positives=58277 train_false_negatives=869 train_max_prediction=0.9947 train_mean_prediction=0.5003 train_recall=0.6597 train_f1=0.0539 train_auc=0.6113 train_specificity=0.5009 train_false_positive_rate=0.4991 train_f2=0.1201 train_mcc=0.0465 train_prauc=0.0273 train_balanced_accuracy=0.5803 train_brier=0.2673 train_kappa=0.0134 train_informedness=0.1606 train_markedness=-0.4710 train_gini=0.2227 train_optimal_threshold=0.4799 train_standard_deviation_prediction=0.1381 train_percentage_above_threshold=50.26
[LN946    ] [chunk_12_evaluation_evaluator.py] [info] [CATBOOST] [diagnostic] LABEL_THRESHOLD=10.0 VALIDATION_PRECISION=0.0480 VALIDATION_TRUE_POSITIVES=363 VALIDATION_TRUE_NEGATIVES=44852 validation_false_positives=7205 validation_false_negatives=834 validation_max_prediction=0.9947 validation_mean_prediction=0.3369 validation_recall=0.3033 validation_f1=0.0828 validation_auc=0.7280 validation_specificity=0.8616 validation_false_positive_rate=0.1384 validation_f2=0.1469 validation_mcc=0.0700 validation_prauc=0.0424 validation_balanced_accuracy=0.5824 validation_brier=0.1410 validation_kappa=0.0458 validation_informedness=0.1649 validation_markedness=-0.0904 validation_gini=0.4561 validation_optimal_threshold=0.3436 validation_standard_deviation_prediction=0.1581 validation_percentage_above_threshold=14.21
[LN947    ] [chunk_12_evaluation_evaluator.py] [info] [CATBOOST] label_threshold=5.0 train_below_prediction_binary_split=111,719 train_above_prediction_binary_split=7,591 train_positive_found=true val_below_prediction_binary_split=49,381 val_above_prediction_binary_split=3,873 val_positive_found=true
[LN948    ] [chunk_12_evaluation_evaluator.py] [info] [CATBOOST] [diagnostic] LABEL_THRESHOLD=5.0 train_precision=0.0877 train_true_positives=5256 train_true_negatives=57013 train_false_positives=54706 train_false_negatives=2335 train_max_prediction=0.9947 train_mean_prediction=0.5003 train_recall=0.6924 train_f1=0.1556 train_auc=0.6335 train_specificity=0.5103 train_false_positive_rate=0.4897 train_f2=0.2909 train_mcc=0.0990 train_prauc=0.0848 train_balanced_accuracy=0.6014 train_brier=0.2625 train_kappa=0.0481 train_informedness=0.2027 train_markedness=-0.4020 train_gini=0.2670 train_optimal_threshold=0.4788 train_standard_deviation_prediction=0.1381 train_percentage_above_threshold=50.26
[LN949    ] [chunk_12_evaluation_evaluator.py] [info] [CATBOOST] [diagnostic] LABEL_THRESHOLD=5.0 VALIDATION_PRECISION=0.1298 VALIDATION_TRUE_POSITIVES=982 VALIDATION_TRUE_NEGATIVES=42795 validation_false_positives=6586 validation_false_negatives=2891 validation_max_prediction=0.9947 validation_mean_prediction=0.3369 validation_recall=0.2536 validation_f1=0.1717 validation_auc=0.6875 validation_specificity=0.8666 validation_false_positive_rate=0.1334 validation_f2=0.2129 validation_mcc=0.0894 validation_prauc=0.1162 validation_balanced_accuracy=0.5601 validation_brier=0.1504 validation_kappa=0.0835 validation_informedness=0.1202 validation_markedness=-0.0036 validation_gini=0.3750 validation_optimal_threshold=0.3240 validation_standard_deviation_prediction=0.1581 validation_percentage_above_threshold=14.21
[LN950    ] [chunk_12_evaluation_evaluator.py] [info] [CATBOOST] label_threshold=0.0 train_below_prediction_binary_split=59,589 train_above_prediction_binary_split=59,721 train_positive_found=true val_below_prediction_binary_split=24,480 val_above_prediction_binary_split=28,774 val_positive_found=true
[LN951    ] [chunk_12_evaluation_evaluator.py] [info] [CATBOOST] [diagnostic] LABEL_THRESHOLD=0.0 train_precision=0.6786 train_true_positives=40689 train_true_negatives=40316 train_false_positives=19273 train_false_negatives=19032 train_max_prediction=0.9947 train_mean_prediction=0.5003 train_recall=0.6813 train_f1=0.6799 train_auc=0.7463 train_specificity=0.6766 train_false_positive_rate=0.3234 train_f2=0.6808 train_mcc=0.3579 train_prauc=0.7433 train_balanced_accuracy=0.6789 train_brier=0.2107 train_kappa=0.3579 train_informedness=0.3579 train_markedness=0.3551 train_gini=0.4927 train_optimal_threshold=0.4993 train_standard_deviation_prediction=0.1381 train_percentage_above_threshold=50.26
[LN952    ] [chunk_12_evaluation_evaluator.py] [info] [CATBOOST] [diagnostic] LABEL_THRESHOLD=0.0 VALIDATION_PRECISION=0.5665 VALIDATION_TRUE_POSITIVES=4287 VALIDATION_TRUE_NEGATIVES=21199 validation_false_positives=3281 validation_false_negatives=24487 validation_max_prediction=0.9947 validation_mean_prediction=0.3369 validation_recall=0.1490 validation_f1=0.2359 validation_auc=0.4866 validation_specificity=0.8660 validation_false_positive_rate=0.1340 validation_f2=0.1747 validation_mcc=0.0214 validation_prauc=0.5559 validation_balanced_accuracy=0.5075 validation_brier=0.3137 validation_kappa=0.0141 validation_informedness=0.0150 validation_markedness=0.4324 validation_gini=0.0000 validation_optimal_threshold=0.6149 validation_standard_deviation_prediction=0.1581 validation_percentage_above_threshold=14.21
[LN953    ] [chunk_18_phase_4_ensemble.py] [info]    hyperparameter_optimization model threshold search: LABEL_THRESHOLD=0.0, VALIDATION_PRECISION=0.5569
[LN954    ] [chunk_18_phase_4_ensemble.py] [info]    post hyperparameter_optimization threshold search: LABEL_THRESHOLD=0.0, VALIDATION_PRECISION=0.5665
[LN955    ] [chunk_18_phase_4_ensemble.py] [info]    post hyperparameter_optimization no improvement: keeping LABEL_THRESHOLD=0.0
[LN956    ] [chunk_18_phase_4_ensemble.py] [info] [section 4] [CATBOOST] [post hyperparameter_optimization] [diagnostic]  cumulative binary_split_predictions (1%) ≤ 0.0904, (5%) ≤ 0.1302, (10%) ≤ 0.1601, (25%) ≤ 0.2199, (50%) ≤ 0.3104, (75%) ≤ 0.4250, (90%) ≤ 0.5483, (95%) ≤ 0.6359, (99%) ≤ 0.8294, max=0.9947 binary_split_predictions distribution: 0% ≤ 0.01, 0% ≤ 0.02, 0% ≤ 0.05, 2% ≤ 0.1, 20% ≤ 0.2, 86% ≤ 0.5, 14% ≥ 0.50
[LN957    ] [chunk_18_phase_4_ensemble.py] [info] [section 4] [CATBOOST] [post hyperparameter_optimization] LABEL_THRESHOLD=0.0,
[LN958    ] [chunk_18_phase_4_ensemble.py] [info] [section 4] [CATBOOST] [post hyperparameter_optimization] VALIDATION_PRECISION=0.5665 VALIDATION_TRUE_POSITIVES=4287 VALIDATION_TRUE_NEGATIVES=21199 validation_false_positives=3281 validation_false_negatives=24487 validation_max_prediction=0.9947 validation_mean_prediction=0.3369 validation_recall=0.1490 validation_f1=0.2359 validation_auc=0.4866 validation_specificity=0.8660 validation_false_positive_rate=0.1340 validation_f2=0.1747 validation_mcc=0.0214 validation_prauc=0.5559 validation_balanced_accuracy=0.5075 validation_brier=0.3137 validation_kappa=0.0141 validation_informedness=0.0150 validation_markedness=0.4324 validation_gini=0.0000 validation_optimal_threshold=0.6149 validation_standard_deviation_prediction=0.1581 validation_percentage_above_threshold=14.21
[LN959    ] [chunk_18_phase_4_ensemble.py] [info] [section 4] [CATBOOST] [post hyperparameter_optimization] prediction_binary_split=0.50 hyperparams=(loss=binary_crossentropy lr=0.08 dropout=0.0 alpha=1.0 gamma=1.0 latent_dim=64) source=section3
[LN960    ] [chunk_18_phase_4_ensemble.py] [info]    Using threshold-optimized model (HPO did not improve)
[LN961    ] [chunk_18_phase_4_ensemble.py] [info]    Train predictions: mean=0.5003, std=0.1381, min=0.0507, max=0.9947
[LN962    ] [chunk_18_phase_4_ensemble.py] [info]    validation predictions:   mean=0.3369, std=0.1581, min=0.0466, max=0.9947
[LN963    ] [chunk_18_phase_4_ensemble.py] [info] [section 5] [CATBOOST] [final] [diagnostic] Train  cumulative binary_split_predictions (1%) ≤ 0.1762, (5%) ≤ 0.2698, (10%) ≤ 0.3227, (25%) ≤ 0.4148, (50%) ≤ 0.5008, (75%) ≤ 0.5824, (90%) ≤ 0.6745, (95%) ≤ 0.7384, (99%) ≤ 0.8415, max=0.9947 binary_split_predictions distribution: 0% ≤ 0.01, 0% ≤ 0.02, 0% ≤ 0.05, 0% ≤ 0.1, 2% ≤ 0.2, 50% ≤ 0.5, 50% ≥ 0.50
[LN964    ] [chunk_18_phase_4_ensemble.py] [info] [section 5] [CATBOOST] [final] [diagnostic] validation    cumulative binary_split_predictions (1%) ≤ 0.0904, (5%) ≤ 0.1302, (10%) ≤ 0.1601, (25%) ≤ 0.2199, (50%) ≤ 0.3104, (75%) ≤ 0.4250, (90%) ≤ 0.5483, (95%) ≤ 0.6359, (99%) ≤ 0.8294, max=0.9947 binary_split_predictions distribution: 0% ≤ 0.01, 0% ≤ 0.02, 0% ≤ 0.05, 2% ≤ 0.1, 20% ≤ 0.2, 86% ≤ 0.5, 14% ≥ 0.50
[LN965    ] [chunk_18_phase_4_ensemble.py] [info]    Train predictions: 50.26% positive predictions (59,962 / 119,310)
[LN966    ] [chunk_18_phase_4_ensemble.py] [info]    validation predictions:   14.21% positive predictions (7,568 / 53,254)
[LN967    ] [chunk_18_phase_4_ensemble.py] [info]    [info] Section 4 all rejected - using Section 3 results for Section 5
[LN968    ] [chunk_18_phase_4_ensemble.py] [info]    [diagnostic] prediction_buckets: 0-10:9531, 10-20:14772, 20-30:12263, 30-40:8253, 40-50:3985, 50-60:2065, 60-70:840, 70-80:367, 80-90:311, 90-100:0
[LN969    ] [chunk_18_phase_4_ensemble.py] [info] [section 5] [CATBOOST] [final] LABEL_THRESHOLD=0.0,
[LN970    ] [chunk_18_phase_4_ensemble.py] [info] [section 5] [CATBOOST] [final] train_precision=0.6786 train_true_positives=40689 train_true_negatives=40316 train_false_positives=19273 train_false_negatives=19032 train_max_prediction=0.9947 train_mean_prediction=0.5003 train_recall=0.6813 train_f1=0.6799 train_auc=0.7463 train_specificity=0.6766 train_false_positive_rate=0.3234 train_f2=0.6808 train_mcc=0.3579 train_prauc=0.7433 train_balanced_accuracy=0.6789 train_standard_deviation_prediction=0.1381 train_percentage_above_threshold=50.26 train_brier=0.2107 train_kappa=0.3579 train_informedness=0.3579 train_markedness=0.3551 train_gini=0.4927 train_optimal_threshold=0.4993
[LN971    ] [chunk_18_phase_4_ensemble.py] [info] [section 5] [CATBOOST] [final] VALIDATION_PRECISION=0.5665 VALIDATION_TRUE_POSITIVES=4287 VALIDATION_TRUE_NEGATIVES=21199 validation_false_positives=3281 validation_false_negatives=24487 validation_max_prediction=0.9947 validation_mean_prediction=0.3369 validation_recall=0.1490 validation_f1=0.2359 validation_auc=0.4866 validation_specificity=0.8660 validation_false_positive_rate=0.1340 validation_f2=0.1747 validation_mcc=0.0214 validation_prauc=0.5559 validation_balanced_accuracy=0.5075 validation_brier=0.3137 validation_kappa=0.0141 validation_informedness=0.0150 validation_markedness=0.4324 validation_gini=0.0000 validation_optimal_threshold=0.6149 validation_standard_deviation_prediction=0.1581 validation_percentage_above_threshold=14.21
[LN972    ] [chunk_18_phase_4_ensemble.py] [info] [section 5] [CATBOOST] [final] prediction_binary_split=0.50 hyperparams=(loss=binary_crossentropy lr=0.08 dropout=0.0 alpha=1.0 gamma=1.0 latent_dim=64) (using HPO model directly)
[LN973    ] [chunk_18_phase_4_ensemble.py] [info]    CatBoost loss=binary_crossentropy pred_threshold=0.5 epochs=3
[LN974    ] [chunk_18_phase_4_ensemble.py] [info]    [CatBoost] hyperparameter_optimization: learning_rate=0.08
[LN975    ] [chunk_18_phase_4_ensemble.py] [info]    CatBoost training time: 56.9s
[LN976    ] [chunk_18_phase_4_ensemble.py] [info] [pass] CatBoost trained successfully
[LN977    ] [chunk_18_phase_4_ensemble.py] [info] [LightGBM] Winsorization: LOW=1 HIGH=99 (training-only percentiles)
[LN978    ] [chunk_14_models_trainer.py] [info]    _train_sklearn_model: early_stopping_rounds=10, eval_set=None
[LN979    ] [chunk_14_models_trainer.py] [info]    class_weight=balanced (model=LGBMClassifier)
[LN980    ] [chunk_18_phase_4_ensemble.py] [info] [section 1] [LIGHTGBM] [baseline] LABEL_THRESHOLD=20.0,
[LN981    ] [chunk_18_phase_4_ensemble.py] [info] [section 1] [LIGHTGBM] [baseline] predictions: mean=0.0103, std=0.0594, min=0.0000, max=0.9754
[LN982    ] [chunk_18_phase_4_ensemble.py] [info] [section 1] [LIGHTGBM] [baseline]  cumulative binary_split_predictions (1%) ≤ 0.0000, (5%) ≤ 0.0000, (10%) ≤ 0.0000, (25%) ≤ 0.0000, (50%) ≤ 0.0000, (75%) ≤ 0.0005, (90%) ≤ 0.0087, (95%) ≤ 0.0325, (99%) ≤ 0.2635, max=0.9754 binary_split_predictions distribution: 91% ≤ 0.01, 93% ≤ 0.02, 96% ≤ 0.05, 98% ≤ 0.1, 99% ≤ 0.2, 99% ≤ 0.5, 1% ≥ 0.50
[LN983    ] [chunk_18_phase_4_ensemble.py] [info] [section 1] [LIGHTGBM] [baseline] prediction_binary_split=0.50, VALIDATION predictions at LABEL_THRESHOLD=20.0: 0.52%
[LN984    ] [chunk_18_phase_4_ensemble.py] [info] [section 1] [LIGHTGBM] [baseline] LABEL_THRESHOLD=20.0,
[LN985    ] [chunk_18_phase_4_ensemble.py] [info] [section 1] [LIGHTGBM] [baseline] VALIDATION_PRECISION=0.0288 VALIDATION_TRUE_POSITIVES=8 VALIDATION_TRUE_NEGATIVES=52648 validation_false_positives=270 validation_false_negatives=328 validation_max_prediction=0.9754 validation_mean_prediction=0.0103 validation_recall=0.0238 validation_f1=0.0261 validation_auc=0.8707 validation_specificity=0.9949 validation_false_positive_rate=0.0051 validation_f2=0.0247 validation_mcc=0.0206 validation_prauc=0.0367 validation_balanced_accuracy=0.5094 validation_brier=0.0091 validation_kappa=0.0205 validation_informedness=0.0187 validation_markedness=0.0237 validation_gini=0.7415 validation_optimal_threshold=0.0002 validation_standard_deviation_prediction=0.0594 validation_percentage_above_threshold=0.52
[LN986    ] [chunk_18_phase_4_ensemble.py] [info] [section 1] [LIGHTGBM] [baseline] prediction_binary_split=0.50 loss=binary_crossentropy, lr=0.001
[LN987    ] [chunk_12_evaluation_evaluator.py] [info] [LIGHTGBM] label_threshold=20.0 train_below_prediction_binary_split=118,621 train_above_prediction_binary_split=689 train_positive_found=true val_below_prediction_binary_split=52,918 val_above_prediction_binary_split=336 val_positive_found=true
[LN988    ] [chunk_14_models_trainer.py] [info]    _train_sklearn_model: early_stopping_rounds=10, eval_set=None
[LN989    ] [chunk_14_models_trainer.py] [info]    class_weight=balanced (model=LGBMClassifier)
[LN990    ] [chunk_12_evaluation_evaluator.py] [info] [LightGBM] Safeguards: type=tree, min_precision_over_baseline=0.0100, min_pos_pct=0.0010, min_pos_abs=10, patience=5
[LN991    ] [chunk_12_evaluation_evaluator.py] [info] [LIGHTGBM] [diagnostic] LABEL_THRESHOLD=20.0 train_precision=0.6600 train_true_positives=689 train_true_negatives=118266 train_false_positives=355 train_false_negatives=0 train_max_prediction=0.9994 train_mean_prediction=0.0137 train_recall=1.0000 train_f1=0.7952 train_auc=1.0000 train_specificity=0.9970 train_false_positive_rate=0.0030 train_f2=0.9066 train_mcc=0.8112 train_prauc=0.9982 train_balanced_accuracy=0.9985 train_brier=0.0021 train_kappa=0.7937 train_informedness=0.9970 train_markedness=0.6570 train_gini=1.0000 train_optimal_threshold=0.6975 train_standard_deviation_prediction=0.0872 train_percentage_above_threshold=0.88
[LN992    ] [chunk_12_evaluation_evaluator.py] [info] [LIGHTGBM] [diagnostic] LABEL_THRESHOLD=20.0 VALIDATION_PRECISION=0.0288 VALIDATION_TRUE_POSITIVES=8 VALIDATION_TRUE_NEGATIVES=52648 validation_false_positives=270 validation_false_negatives=328 validation_max_prediction=0.9754 validation_mean_prediction=0.0103 validation_recall=0.0238 validation_f1=0.0261 validation_auc=0.8707 validation_specificity=0.9949 validation_false_positive_rate=0.0051 validation_f2=0.0247 validation_mcc=0.0206 validation_prauc=0.0367 validation_balanced_accuracy=0.5094 validation_brier=0.0091 validation_kappa=0.0205 validation_informedness=0.0187 validation_markedness=0.0237 validation_gini=0.7415 validation_optimal_threshold=0.0002 validation_standard_deviation_prediction=0.0594 validation_percentage_above_threshold=0.52
[LN993    ] [chunk_12_evaluation_evaluator.py] [info] [LIGHTGBM] label_threshold=15.0 train_below_prediction_binary_split=118,104 train_above_prediction_binary_split=1,206 train_positive_found=true val_below_prediction_binary_split=52,677 val_above_prediction_binary_split=577 val_positive_found=true
[LN994    ] [chunk_14_models_trainer.py] [info]    _train_sklearn_model: early_stopping_rounds=10, eval_set=None
[LN995    ] [chunk_14_models_trainer.py] [info]    class_weight=balanced (model=LGBMClassifier)
[LN996    ] [chunk_12_evaluation_evaluator.py] [info] [LIGHTGBM] [diagnostic] LABEL_THRESHOLD=15.0 train_precision=0.6722 train_true_positives=1206 train_true_negatives=117516 train_false_positives=588 train_false_negatives=0 train_max_prediction=0.9984 train_mean_prediction=0.0327 train_recall=1.0000 train_f1=0.8040 train_auc=1.0000 train_specificity=0.9950 train_false_positive_rate=0.0050 train_f2=0.9112 train_mcc=0.8179 train_prauc=0.9988 train_balanced_accuracy=0.9975 train_brier=0.0056 train_kappa=0.8016 train_informedness=0.9950 train_markedness=0.6673 train_gini=1.0000 train_optimal_threshold=0.9091 train_standard_deviation_prediction=0.1189 train_percentage_above_threshold=1.50
[LN997    ] [chunk_12_evaluation_evaluator.py] [info] [LIGHTGBM] [diagnostic] LABEL_THRESHOLD=15.0 VALIDATION_PRECISION=0.0704 VALIDATION_TRUE_POSITIVES=46 VALIDATION_TRUE_NEGATIVES=52070 validation_false_positives=607 validation_false_negatives=531 validation_max_prediction=0.9883 validation_mean_prediction=0.0293 validation_recall=0.0797 validation_f1=0.0748 validation_auc=0.8246 validation_specificity=0.9885 validation_false_positive_rate=0.0115 validation_f2=0.0777 validation_mcc=0.0642 validation_prauc=0.0457 validation_balanced_accuracy=0.5341 validation_brier=0.0179 validation_kappa=0.0640 validation_informedness=0.0682 validation_markedness=0.0589 validation_gini=0.6492 validation_optimal_threshold=0.0022 validation_standard_deviation_prediction=0.0964 validation_percentage_above_threshold=1.23
[LN998    ] [chunk_12_evaluation_evaluator.py] [info] [LIGHTGBM] label_threshold=10.0 train_below_prediction_binary_split=116,756 train_above_prediction_binary_split=2,554 train_positive_found=true val_below_prediction_binary_split=52,057 val_above_prediction_binary_split=1,197 val_positive_found=true
[LN999    ] [chunk_14_models_trainer.py] [info]    _train_sklearn_model: early_stopping_rounds=10, eval_set=None
[LN1000   ] [chunk_14_models_trainer.py] [info]    class_weight=balanced (model=LGBMClassifier)
[LN1001   ] [chunk_12_evaluation_evaluator.py] [info] [LIGHTGBM] [diagnostic] LABEL_THRESHOLD=10.0 train_precision=0.6235 train_true_positives=2554 train_true_negatives=115214 train_false_positives=1542 train_false_negatives=0 train_max_prediction=0.9954 train_mean_prediction=0.0705 train_recall=1.0000 train_f1=0.7681 train_auc=1.0000 train_specificity=0.9868 train_false_positive_rate=0.0132 train_f2=0.8923 train_mcc=0.7844 train_prauc=0.9973 train_balanced_accuracy=0.9934 train_brier=0.0144 train_kappa=0.7618 train_informedness=0.9868 train_markedness=0.6103 train_gini=0.9999 train_optimal_threshold=0.7172 train_standard_deviation_prediction=0.1694 train_percentage_above_threshold=3.43
[LN1002   ] [chunk_12_evaluation_evaluator.py] [info] [LIGHTGBM] [diagnostic] LABEL_THRESHOLD=10.0 VALIDATION_PRECISION=0.1300 VALIDATION_TRUE_POSITIVES=195 VALIDATION_TRUE_NEGATIVES=50752 validation_false_positives=1305 validation_false_negatives=1002 validation_max_prediction=0.9851 validation_mean_prediction=0.0586 validation_recall=0.1629 validation_f1=0.1446 validation_auc=0.8402 validation_specificity=0.9749 validation_false_positive_rate=0.0251 validation_f2=0.1551 validation_mcc=0.1235 validation_prauc=0.0907 validation_balanced_accuracy=0.5689 validation_brier=0.0344 validation_kappa=0.1227 validation_informedness=0.1378 validation_markedness=0.1049 validation_gini=0.6804 validation_optimal_threshold=0.0102 validation_standard_deviation_prediction=0.1366 validation_percentage_above_threshold=2.82
[LN1003   ] [chunk_12_evaluation_evaluator.py] [info] [LIGHTGBM] label_threshold=5.0 train_below_prediction_binary_split=111,719 train_above_prediction_binary_split=7,591 train_positive_found=true val_below_prediction_binary_split=49,381 val_above_prediction_binary_split=3,873 val_positive_found=true
[LN1004   ] [chunk_14_models_trainer.py] [info]    _train_sklearn_model: early_stopping_rounds=10, eval_set=None
[LN1005   ] [chunk_14_models_trainer.py] [info]    class_weight=balanced (model=LGBMClassifier)
[LN1006   ] [chunk_12_evaluation_evaluator.py] [info] [LIGHTGBM] [diagnostic] LABEL_THRESHOLD=5.0 train_precision=0.3497 train_true_positives=7560 train_true_negatives=97661 train_false_positives=14058 train_false_negatives=31 train_max_prediction=0.9877 train_mean_prediction=0.2219 train_recall=0.9959 train_f1=0.5176 train_auc=0.9910 train_specificity=0.8742 train_false_positive_rate=0.1258 train_f2=0.7272 train_mcc=0.5514 train_prauc=0.8707 train_balanced_accuracy=0.9350 train_brier=0.0782 train_kappa=0.4675 train_informedness=0.8701 train_markedness=0.2239 train_gini=0.9820 train_optimal_threshold=0.6357 train_standard_deviation_prediction=0.2637 train_percentage_above_threshold=18.12
[LN1007   ] [chunk_12_evaluation_evaluator.py] [info] [LIGHTGBM] [diagnostic] LABEL_THRESHOLD=5.0 VALIDATION_PRECISION=0.1857 VALIDATION_TRUE_POSITIVES=1747 VALIDATION_TRUE_NEGATIVES=41721 validation_false_positives=7660 validation_false_negatives=2126 validation_max_prediction=0.9697 validation_mean_prediction=0.2000 validation_recall=0.4511 validation_f1=0.2631 validation_auc=0.7848 validation_specificity=0.8449 validation_false_positive_rate=0.1551 validation_f2=0.3508 validation_mcc=0.2015 validation_prauc=0.1799 validation_balanced_accuracy=0.6480 validation_brier=0.1164 validation_kappa=0.1785 validation_informedness=0.2960 validation_markedness=0.0306 validation_gini=0.5697 validation_optimal_threshold=0.1273 validation_standard_deviation_prediction=0.2606 validation_percentage_above_threshold=17.66
[LN1008   ] [chunk_12_evaluation_evaluator.py] [info] [LIGHTGBM] label_threshold=0.0 train_below_prediction_binary_split=59,589 train_above_prediction_binary_split=59,721 train_positive_found=true val_below_prediction_binary_split=24,480 val_above_prediction_binary_split=28,774 val_positive_found=true
[LN1009   ] [chunk_14_models_trainer.py] [info]    _train_sklearn_model: early_stopping_rounds=10, eval_set=None
[LN1010   ] [chunk_14_models_trainer.py] [info]    class_weight=balanced (model=LGBMClassifier)
[LN1011   ] [chunk_12_evaluation_evaluator.py] [info] [LIGHTGBM] [diagnostic] LABEL_THRESHOLD=0.0 train_precision=0.7648 train_true_positives=45269 train_true_negatives=45667 train_false_positives=13922 train_false_negatives=14452 train_max_prediction=0.9972 train_mean_prediction=0.5001 train_recall=0.7580 train_f1=0.7614 train_auc=0.8444 train_specificity=0.7664 train_false_positive_rate=0.2336 train_f2=0.7594 train_mcc=0.5244 train_prauc=0.8427 train_balanced_accuracy=0.7622 train_brier=0.1889 train_kappa=0.5244 train_informedness=0.5244 train_markedness=0.5312 train_gini=0.6888 train_optimal_threshold=0.5035 train_standard_deviation_prediction=0.1430 train_percentage_above_threshold=49.61
[LN1012   ] [chunk_12_evaluation_evaluator.py] [info] [LIGHTGBM] [diagnostic] LABEL_THRESHOLD=0.0 VALIDATION_PRECISION=0.5246 VALIDATION_TRUE_POSITIVES=10605 VALIDATION_TRUE_NEGATIVES=14868 validation_false_positives=9612 validation_false_negatives=18169 validation_max_prediction=0.9972 validation_mean_prediction=0.4412 validation_recall=0.3686 validation_f1=0.4329 validation_auc=0.4801 validation_specificity=0.6074 validation_false_positive_rate=0.3926 validation_f2=0.3919 validation_mcc=-0.0247 validation_prauc=0.5498 validation_balanced_accuracy=0.4880 validation_brier=0.2938 validation_kappa=-0.0235 validation_informedness=-0.0241 validation_markedness=0.1319 validation_gini=0.0000 validation_optimal_threshold=0.6679 validation_standard_deviation_prediction=0.1769 validation_percentage_above_threshold=37.96
[LN1013   ] [chunk_18_phase_4_ensemble.py] [info] [section 1] [LIGHTGBM] [label_threshold_optimal]  cumulative binary_split_predictions (1%) ≤ 0.0876, (5%) ≤ 0.1476, (10%) ≤ 0.1987, (25%) ≤ 0.3132, (50%) ≤ 0.4444, (75%) ≤ 0.5649, (90%) ≤ 0.6680, (95%) ≤ 0.7279, (99%) ≤ 0.8499, max=0.9972 binary_split_predictions distribution: 0% ≤ 0.01, 0% ≤ 0.02, 0% ≤ 0.05, 2% ≤ 0.1, 10% ≤ 0.2, 62% ≤ 0.5, 38% ≥ 0.50
[LN1014   ] [chunk_18_phase_4_ensemble.py] [info] [section 1] [LIGHTGBM] [label_threshold_optimal] LABEL_THRESHOLD=0.0
[LN1015   ] [chunk_18_phase_4_ensemble.py] [info] [section 1] [LIGHTGBM] [label_threshold_optimal] train_precision=0.7648 train_true_positives=45269 train_true_negatives=45667 train_false_positives=13922 train_false_negatives=14452 train_max_prediction=0.9972 train_mean_prediction=0.5001 train_recall=0.7580 train_f1=0.7614 train_auc=0.8444 train_specificity=0.7664 train_false_positive_rate=0.2336 train_f2=0.7594 train_mcc=0.5244 train_prauc=0.8427 train_balanced_accuracy=0.7622 train_brier=0.1889 train_kappa=0.5244 train_informedness=0.5244 train_markedness=0.5312 train_gini=0.6888 train_optimal_threshold=0.5035 train_standard_deviation_prediction=0.1430 train_percentage_above_threshold=49.61
[LN1016   ] [chunk_18_phase_4_ensemble.py] [info] [section 1] [LIGHTGBM] [label_threshold_optimal] VALIDATION_PRECISION=0.5246 VALIDATION_TRUE_POSITIVES=10605 VALIDATION_TRUE_NEGATIVES=14868 validation_false_positives=9612 validation_false_negatives=18169 validation_max_prediction=0.9972 validation_mean_prediction=0.4412 validation_recall=0.3686 validation_f1=0.4329 validation_auc=0.4801 validation_specificity=0.6074 validation_false_positive_rate=0.3926 validation_f2=0.3919 validation_mcc=-0.0247 validation_prauc=0.5498 validation_balanced_accuracy=0.4880 validation_brier=0.2938 validation_kappa=-0.0235 validation_informedness=-0.0241 validation_markedness=0.1319 validation_gini=0.0000 validation_optimal_threshold=0.6679 validation_standard_deviation_prediction=0.1769 validation_percentage_above_threshold=37.96
[LN1017   ] [chunk_18_phase_4_ensemble.py] [info] [section 1] [LIGHTGBM] [label_threshold_optimal] prediction_binary_split=0.50
[LN1018   ] [chunk_21_hyperparam_optimizer.py] [info] [section 2] [LIGHTGBM] [hyperparameter_optimization search] Running Bayesian optimization (5 trials)...
[LN1019   ] [chunk_14_models_trainer.py] [info]    _train_sklearn_model: early_stopping_rounds=10, eval_set=provided
[LN1020   ] [chunk_21_hyperparam_optimizer.py] [warning]       TRIAL 1 failed: LGBMClassifier.fit() got an unexpected keyword argument 'verbose'
[LN1021   ] [chunk_14_models_trainer.py] [info]    _train_sklearn_model: early_stopping_rounds=10, eval_set=provided
[LN1022   ] [chunk_21_hyperparam_optimizer.py] [warning]       TRIAL 2 failed: LGBMClassifier.fit() got an unexpected keyword argument 'verbose'
[LN1023   ] [chunk_14_models_trainer.py] [info]    _train_sklearn_model: early_stopping_rounds=10, eval_set=provided
[LN1024   ] [chunk_21_hyperparam_optimizer.py] [warning]       TRIAL 3 failed: LGBMClassifier.fit() got an unexpected keyword argument 'verbose'
[LN1025   ] [chunk_14_models_trainer.py] [info]    _train_sklearn_model: early_stopping_rounds=10, eval_set=provided
[LN1026   ] [chunk_21_hyperparam_optimizer.py] [warning]       TRIAL 4 failed: LGBMClassifier.fit() got an unexpected keyword argument 'verbose'
[LN1027   ] [chunk_14_models_trainer.py] [info]    _train_sklearn_model: early_stopping_rounds=10, eval_set=provided
[LN1028   ] [chunk_21_hyperparam_optimizer.py] [warning]       TRIAL 5 failed: LGBMClassifier.fit() got an unexpected keyword argument 'verbose'
[LN1029   ] [chunk_21_hyperparam_optimizer.py] [info] [section 2] [LIGHTGBM] [best trial] LABEL_THRESHOLD=0.0
[LN1030   ] [chunk_21_hyperparam_optimizer.py] [info] [section 2] [LIGHTGBM] [best trial] VALIDATION_PRECISION=0.0000 VALIDATION_TRUE_POSITIVES=0 VALIDATION_TRUE_NEGATIVES=0 validation_false_positives=0 validation_false_negatives=0 validation_max_prediction=0.0000 validation_mean_prediction=0.0000 validation_recall=0.0000 validation_f1=0.0000 validation_auc=0.0000 validation_specificity=0.0000 validation_false_positive_rate=0.0000 validation_f2=0.0000 validation_mcc=0.0000 validation_prauc=0.0000 validation_balanced_accuracy=0.0000 validation_brier=0.0000 validation_kappa=0.0000 validation_informedness=0.0000 validation_markedness=0.0000 validation_gini=0.0000 validation_optimal_threshold=0.0000 validation_standard_deviation_prediction=0.0000 validation_percentage_above_threshold=0.00
[LN1031   ] [chunk_21_hyperparam_optimizer.py] [info] [section 2] [LIGHTGBM] [best trial] 
[LN1032   ] [chunk_18_phase_4_ensemble.py] [info] [section 3] [LIGHTGBM] [PRE-HYPERPARAMETER_OPTIMIZATION] LABEL_THRESHOLD=0.0,
[LN1033   ] [chunk_18_phase_4_ensemble.py] [info] [section 3] [LIGHTGBM] [PRE-HYPERPARAMETER_OPTIMIZATION] VALIDATION_PRECISION=0.5246 VALIDATION_TRUE_POSITIVES=10605 VALIDATION_TRUE_NEGATIVES=14868 validation_false_positives=9612 validation_false_negatives=18169 validation_max_prediction=0.9972 validation_mean_prediction=0.4412 validation_recall=0.3686 validation_f1=0.4329 validation_auc=0.4801 validation_specificity=0.6074 validation_false_positive_rate=0.3926 validation_f2=0.3919 validation_mcc=-0.0247 validation_prauc=0.5498 validation_balanced_accuracy=0.4880 validation_brier=0.2938 validation_kappa=-0.0235 validation_informedness=-0.0241 validation_markedness=0.1319 validation_gini=0.0000 validation_optimal_threshold=0.6679 validation_standard_deviation_prediction=0.1769 validation_percentage_above_threshold=37.96
[LN1034   ] [chunk_18_phase_4_ensemble.py] [info] [section 3] [LIGHTGBM] [PRE-HYPERPARAMETER_OPTIMIZATION] prediction_binary_split=0.50 hyperparams=(loss=binary_crossentropy lr=0.05 dropout=0.1 alpha=0.0 gamma=0.0 latent_dim=0) improved=False {'n_estimators': 800, 'num_leaves': 31, 'learning_rate': 0.05, 'min_child_samples': 50, 'reg_alpha': 0.5, 'reg_lambda': 1.0, 'subsample': 0.8, 'colsample_bytree': 0.8, 'min_split_gain': 0.1}
[LN1035   ] [chunk_18_phase_4_ensemble.py] [info]    Running post hyperparameter_optimization threshold search for LightGBM...
[LN1036   ] [chunk_12_evaluation_evaluator.py] [info] [LIGHTGBM] label_threshold=20.0 train_below_prediction_binary_split=118,621 train_above_prediction_binary_split=689 train_positive_found=true val_below_prediction_binary_split=52,918 val_above_prediction_binary_split=336 val_positive_found=true
[LN1037   ] [chunk_12_evaluation_evaluator.py] [info] [LIGHTGBM] [reject] skipping LABEL_THRESHOLD=20.0: validation_precision=0.0098 <= baseline+0.0100=0.0163
[LN1038   ] [chunk_12_evaluation_evaluator.py] [info] [LIGHTGBM] label_threshold=15.0 train_below_prediction_binary_split=118,104 train_above_prediction_binary_split=1,206 train_positive_found=true val_below_prediction_binary_split=52,677 val_above_prediction_binary_split=577 val_positive_found=true
[LN1039   ] [chunk_12_evaluation_evaluator.py] [info] [LIGHTGBM] [reject] skipping LABEL_THRESHOLD=15.0: validation_precision=0.0165 <= baseline+0.0100=0.0208
[LN1040   ] [chunk_12_evaluation_evaluator.py] [info] [LIGHTGBM] label_threshold=10.0 train_below_prediction_binary_split=116,756 train_above_prediction_binary_split=2,554 train_positive_found=true val_below_prediction_binary_split=52,057 val_above_prediction_binary_split=1,197 val_positive_found=true
[LN1041   ] [chunk_12_evaluation_evaluator.py] [info] [LIGHTGBM] [diagnostic] LABEL_THRESHOLD=10.0 train_precision=0.0342 train_true_positives=2023 train_true_negatives=59588 train_false_positives=57168 train_false_negatives=531 train_max_prediction=0.9972 train_mean_prediction=0.5001 train_recall=0.7921 train_f1=0.0655 train_auc=0.6951 train_specificity=0.5104 train_false_positive_rate=0.4896 train_f2=0.1457 train_mcc=0.0876 train_prauc=0.0369 train_balanced_accuracy=0.6512 train_brier=0.2669 train_kappa=0.0255 train_informedness=0.3025 train_markedness=-0.4555 train_gini=0.3901 train_optimal_threshold=0.4977 train_standard_deviation_prediction=0.1430 train_percentage_above_threshold=49.61
[LN1042   ] [chunk_12_evaluation_evaluator.py] [info] [LIGHTGBM] [diagnostic] LABEL_THRESHOLD=10.0 VALIDATION_PRECISION=0.0340 VALIDATION_TRUE_POSITIVES=688 VALIDATION_TRUE_NEGATIVES=32528 validation_false_positives=19529 validation_false_negatives=509 validation_max_prediction=0.9972 validation_mean_prediction=0.4412 validation_recall=0.5748 validation_f1=0.0643 validation_auc=0.6357 validation_specificity=0.6249 validation_false_positive_rate=0.3751 validation_f2=0.1376 validation_mcc=0.0610 validation_prauc=0.0323 validation_balanced_accuracy=0.5998 validation_brier=0.2252 validation_kappa=0.0228 validation_informedness=0.1996 validation_markedness=-0.3411 validation_gini=0.2714 validation_optimal_threshold=0.4544 validation_standard_deviation_prediction=0.1769 validation_percentage_above_threshold=37.96
[LN1043   ] [chunk_12_evaluation_evaluator.py] [info] [LIGHTGBM] label_threshold=5.0 train_below_prediction_binary_split=111,719 train_above_prediction_binary_split=7,591 train_positive_found=true val_below_prediction_binary_split=49,381 val_above_prediction_binary_split=3,873 val_positive_found=true
[LN1044   ] [chunk_12_evaluation_evaluator.py] [info] [LIGHTGBM] [diagnostic] LABEL_THRESHOLD=5.0 train_precision=0.1029 train_true_positives=6093 train_true_negatives=58621 train_false_positives=53098 train_false_negatives=1498 train_max_prediction=0.9972 train_mean_prediction=0.5001 train_recall=0.8027 train_f1=0.1825 train_auc=0.7083 train_specificity=0.5247 train_false_positive_rate=0.4753 train_f2=0.3402 train_mcc=0.1598 train_prauc=0.1093 train_balanced_accuracy=0.6637 train_brier=0.2595 train_kappa=0.0785 train_informedness=0.3274 train_markedness=-0.3723 train_gini=0.4166 train_optimal_threshold=0.5048 train_standard_deviation_prediction=0.1430 train_percentage_above_threshold=49.61
[LN1045   ] [chunk_12_evaluation_evaluator.py] [info] [LIGHTGBM] [diagnostic] LABEL_THRESHOLD=5.0 VALIDATION_PRECISION=0.1026 VALIDATION_TRUE_POSITIVES=2075 VALIDATION_TRUE_NEGATIVES=31239 validation_false_positives=18142 validation_false_negatives=1798 validation_max_prediction=0.9972 validation_mean_prediction=0.4412 validation_recall=0.5358 validation_f1=0.1723 validation_auc=0.6231 validation_specificity=0.6326 validation_false_positive_rate=0.3674 validation_f2=0.2905 validation_mcc=0.0901 validation_prauc=0.0986 validation_balanced_accuracy=0.5842 validation_brier=0.2248 validation_kappa=0.0572 validation_informedness=0.1684 validation_markedness=-0.2648 validation_gini=0.2462 validation_optimal_threshold=0.4384 validation_standard_deviation_prediction=0.1769 validation_percentage_above_threshold=37.96
[LN1046   ] [chunk_12_evaluation_evaluator.py] [info] [LIGHTGBM] label_threshold=0.0 train_below_prediction_binary_split=59,589 train_above_prediction_binary_split=59,721 train_positive_found=true val_below_prediction_binary_split=24,480 val_above_prediction_binary_split=28,774 val_positive_found=true
[LN1047   ] [chunk_12_evaluation_evaluator.py] [info] [LIGHTGBM] [diagnostic] LABEL_THRESHOLD=0.0 train_precision=0.7648 train_true_positives=45269 train_true_negatives=45667 train_false_positives=13922 train_false_negatives=14452 train_max_prediction=0.9972 train_mean_prediction=0.5001 train_recall=0.7580 train_f1=0.7614 train_auc=0.8444 train_specificity=0.7664 train_false_positive_rate=0.2336 train_f2=0.7594 train_mcc=0.5244 train_prauc=0.8427 train_balanced_accuracy=0.7622 train_brier=0.1889 train_kappa=0.5244 train_informedness=0.5244 train_markedness=0.5312 train_gini=0.6888 train_optimal_threshold=0.5035 train_standard_deviation_prediction=0.1430 train_percentage_above_threshold=49.61
[LN1048   ] [chunk_12_evaluation_evaluator.py] [info] [LIGHTGBM] [diagnostic] LABEL_THRESHOLD=0.0 VALIDATION_PRECISION=0.5246 VALIDATION_TRUE_POSITIVES=10605 VALIDATION_TRUE_NEGATIVES=14868 validation_false_positives=9612 validation_false_negatives=18169 validation_max_prediction=0.9972 validation_mean_prediction=0.4412 validation_recall=0.3686 validation_f1=0.4329 validation_auc=0.4801 validation_specificity=0.6074 validation_false_positive_rate=0.3926 validation_f2=0.3919 validation_mcc=-0.0247 validation_prauc=0.5498 validation_balanced_accuracy=0.4880 validation_brier=0.2938 validation_kappa=-0.0235 validation_informedness=-0.0241 validation_markedness=0.1319 validation_gini=0.0000 validation_optimal_threshold=0.6679 validation_standard_deviation_prediction=0.1769 validation_percentage_above_threshold=37.96
[LN1049   ] [chunk_18_phase_4_ensemble.py] [info]    hyperparameter_optimization model threshold search: LABEL_THRESHOLD=0.0, VALIDATION_PRECISION=0.0000
[LN1050   ] [chunk_18_phase_4_ensemble.py] [info]    post hyperparameter_optimization threshold search: LABEL_THRESHOLD=0.0, VALIDATION_PRECISION=0.5246
[LN1051   ] [chunk_18_phase_4_ensemble.py] [info]    post hyperparameter_optimization no improvement: keeping LABEL_THRESHOLD=0.0
[LN1052   ] [chunk_18_phase_4_ensemble.py] [info] [section 4] [LIGHTGBM] [post hyperparameter_optimization] [diagnostic]  cumulative binary_split_predictions (1%) ≤ 0.0876, (5%) ≤ 0.1476, (10%) ≤ 0.1987, (25%) ≤ 0.3132, (50%) ≤ 0.4444, (75%) ≤ 0.5649, (90%) ≤ 0.6680, (95%) ≤ 0.7279, (99%) ≤ 0.8499, max=0.9972 binary_split_predictions distribution: 0% ≤ 0.01, 0% ≤ 0.02, 0% ≤ 0.05, 2% ≤ 0.1, 10% ≤ 0.2, 62% ≤ 0.5, 38% ≥ 0.50
[LN1053   ] [chunk_18_phase_4_ensemble.py] [info] [section 4] [LIGHTGBM] [post hyperparameter_optimization] LABEL_THRESHOLD=0.0,
[LN1054   ] [chunk_18_phase_4_ensemble.py] [info] [section 4] [LIGHTGBM] [post hyperparameter_optimization] VALIDATION_PRECISION=0.5246 VALIDATION_TRUE_POSITIVES=10605 VALIDATION_TRUE_NEGATIVES=14868 validation_false_positives=9612 validation_false_negatives=18169 validation_max_prediction=0.9972 validation_mean_prediction=0.4412 validation_recall=0.3686 validation_f1=0.4329 validation_auc=0.4801 validation_specificity=0.6074 validation_false_positive_rate=0.3926 validation_f2=0.3919 validation_mcc=-0.0247 validation_prauc=0.5498 validation_balanced_accuracy=0.4880 validation_brier=0.2938 validation_kappa=-0.0235 validation_informedness=-0.0241 validation_markedness=0.1319 validation_gini=0.0000 validation_optimal_threshold=0.6679 validation_standard_deviation_prediction=0.1769 validation_percentage_above_threshold=37.96
[LN1055   ] [chunk_18_phase_4_ensemble.py] [info] [section 4] [LIGHTGBM] [post hyperparameter_optimization] prediction_binary_split=0.50 hyperparams=(loss=binary_crossentropy lr=0.05 dropout=0.0 alpha=1.0 gamma=1.0 latent_dim=64) source=section3
[LN1056   ] [chunk_18_phase_4_ensemble.py] [info]    Using threshold-optimized model (HPO did not improve)
[LN1057   ] [chunk_18_phase_4_ensemble.py] [info]    Train predictions: mean=0.5001, std=0.1430, min=0.0362, max=0.9972
[LN1058   ] [chunk_18_phase_4_ensemble.py] [info]    validation predictions:   mean=0.4412, std=0.1769, min=0.0249, max=0.9972
[LN1059   ] [chunk_18_phase_4_ensemble.py] [info] [section 5] [LIGHTGBM] [final] [diagnostic] Train  cumulative binary_split_predictions (1%) ≤ 0.1577, (5%) ≤ 0.2680, (10%) ≤ 0.3218, (25%) ≤ 0.4074, (50%) ≤ 0.4987, (75%) ≤ 0.5905, (90%) ≤ 0.6752, (95%) ≤ 0.7316, (99%) ≤ 0.8870, max=0.9972 binary_split_predictions distribution: 0% ≤ 0.01, 0% ≤ 0.02, 0% ≤ 0.05, 0% ≤ 0.1, 2% ≤ 0.2, 50% ≤ 0.5, 50% ≥ 0.50
[LN1060   ] [chunk_18_phase_4_ensemble.py] [info] [section 5] [LIGHTGBM] [final] [diagnostic] validation    cumulative binary_split_predictions (1%) ≤ 0.0876, (5%) ≤ 0.1476, (10%) ≤ 0.1987, (25%) ≤ 0.3132, (50%) ≤ 0.4444, (75%) ≤ 0.5649, (90%) ≤ 0.6680, (95%) ≤ 0.7279, (99%) ≤ 0.8499, max=0.9972 binary_split_predictions distribution: 0% ≤ 0.01, 0% ≤ 0.02, 0% ≤ 0.05, 2% ≤ 0.1, 10% ≤ 0.2, 62% ≤ 0.5, 38% ≥ 0.50
[LN1061   ] [chunk_18_phase_4_ensemble.py] [info]    Train predictions: 49.61% positive predictions (59,191 / 119,310)
[LN1062   ] [chunk_18_phase_4_ensemble.py] [info]    validation predictions:   37.96% positive predictions (20,217 / 53,254)
[LN1063   ] [chunk_18_phase_4_ensemble.py] [info]    [info] Section 4 all rejected - using Section 3 results for Section 5
[LN1064   ] [chunk_18_phase_4_ensemble.py] [info]    [diagnostic] prediction_buckets: 0-10:4545, 10-20:6880, 20-30:9395, 30-40:11366, 40-50:10053, 50-60:6438, 60-70:2748, 70-80:639, 80-90:339, 90-100:0
[LN1065   ] [chunk_18_phase_4_ensemble.py] [info] [section 5] [LIGHTGBM] [final] LABEL_THRESHOLD=0.0,
[LN1066   ] [chunk_18_phase_4_ensemble.py] [info] [section 5] [LIGHTGBM] [final] train_precision=0.7648 train_true_positives=45269 train_true_negatives=45667 train_false_positives=13922 train_false_negatives=14452 train_max_prediction=0.9972 train_mean_prediction=0.5001 train_recall=0.7580 train_f1=0.7614 train_auc=0.8444 train_specificity=0.7664 train_false_positive_rate=0.2336 train_f2=0.7594 train_mcc=0.5244 train_prauc=0.8427 train_balanced_accuracy=0.7622 train_standard_deviation_prediction=0.1430 train_percentage_above_threshold=49.61 train_brier=0.1889 train_kappa=0.5244 train_informedness=0.5244 train_markedness=0.5312 train_gini=0.6888 train_optimal_threshold=0.5035
[LN1067   ] [chunk_18_phase_4_ensemble.py] [info] [section 5] [LIGHTGBM] [final] VALIDATION_PRECISION=0.5246 VALIDATION_TRUE_POSITIVES=10605 VALIDATION_TRUE_NEGATIVES=14868 validation_false_positives=9612 validation_false_negatives=18169 validation_max_prediction=0.9972 validation_mean_prediction=0.4412 validation_recall=0.3686 validation_f1=0.4329 validation_auc=0.4801 validation_specificity=0.6074 validation_false_positive_rate=0.3926 validation_f2=0.3919 validation_mcc=-0.0247 validation_prauc=0.5498 validation_balanced_accuracy=0.4880 validation_brier=0.2938 validation_kappa=-0.0235 validation_informedness=-0.0241 validation_markedness=0.1319 validation_gini=0.0000 validation_optimal_threshold=0.6679 validation_standard_deviation_prediction=0.1769 validation_percentage_above_threshold=37.96
[LN1068   ] [chunk_18_phase_4_ensemble.py] [info] [section 5] [LIGHTGBM] [final] prediction_binary_split=0.50 hyperparams=(loss=binary_crossentropy lr=0.05 dropout=0.0 alpha=1.0 gamma=1.0 latent_dim=64) (using HPO model directly)
[LN1069   ] [chunk_18_phase_4_ensemble.py] [info]    LightGBM loss=binary_crossentropy pred_threshold=0.5 epochs=3
[LN1070   ] [chunk_18_phase_4_ensemble.py] [info]    [LightGBM] hyperparameter_optimization: learning_rate=0.05
[LN1071   ] [chunk_18_phase_4_ensemble.py] [info]    LightGBM training time: 33.3s
[LN1072   ] [chunk_18_phase_4_ensemble.py] [info] [pass] LightGBM trained successfully
[LN1073   ] [chunk_18_phase_4_ensemble.py] [info] [XGBoost] Winsorization: LOW=3 HIGH=97 (training-only percentiles)
[LN1074   ] [chunk_14_models_trainer.py] [info]    _train_sklearn_model: early_stopping_rounds=10, eval_set=None
[LN1075   ] [chunk_14_models_trainer.py] [info]    scale_pos_weight=172.16400580551525 (model=XGBClassifier)
[LN1076   ] [chunk_18_phase_4_ensemble.py] [info] [section 1] [XGBOOST] [baseline] LABEL_THRESHOLD=20.0,
[LN1077   ] [chunk_18_phase_4_ensemble.py] [info] [section 1] [XGBOOST] [baseline] predictions: mean=0.0209, std=0.0868, min=0.0000, max=0.9918
[LN1078   ] [chunk_18_phase_4_ensemble.py] [info] [section 1] [XGBOOST] [baseline]  cumulative binary_split_predictions (1%) ≤ 0.0000, (5%) ≤ 0.0000, (10%) ≤ 0.0001, (25%) ≤ 0.0001, (50%) ≤ 0.0004, (75%) ≤ 0.0035, (90%) ≤ 0.0304, (95%) ≤ 0.0980, (99%) ≤ 0.5133, max=0.9918 binary_split_predictions distribution: 83% ≤ 0.01, 88% ≤ 0.02, 92% ≤ 0.05, 95% ≤ 0.1, 97% ≤ 0.2, 99% ≤ 0.5, 1% ≥ 0.50
[LN1079   ] [chunk_18_phase_4_ensemble.py] [info] [section 1] [XGBOOST] [baseline] prediction_binary_split=0.50, VALIDATION predictions at LABEL_THRESHOLD=20.0: 1.04%
[LN1080   ] [chunk_18_phase_4_ensemble.py] [info] [section 1] [XGBOOST] [baseline] LABEL_THRESHOLD=20.0,
[LN1081   ] [chunk_18_phase_4_ensemble.py] [info] [section 1] [XGBOOST] [baseline] VALIDATION_PRECISION=0.0396 VALIDATION_TRUE_POSITIVES=22 VALIDATION_TRUE_NEGATIVES=52384 validation_false_positives=534 validation_false_negatives=314 validation_max_prediction=0.9918 validation_mean_prediction=0.0209 validation_recall=0.0655 validation_f1=0.0493 validation_auc=0.8649 validation_specificity=0.9899 validation_false_positive_rate=0.0101 validation_f2=0.0579 validation_mcc=0.0431 validation_prauc=0.0379 validation_balanced_accuracy=0.5277 validation_brier=0.0126 validation_kappa=0.0418 validation_informedness=0.0554 validation_markedness=0.0295 validation_gini=0.7297 validation_optimal_threshold=0.0025 validation_standard_deviation_prediction=0.0868 validation_percentage_above_threshold=1.04
[LN1082   ] [chunk_18_phase_4_ensemble.py] [info] [section 1] [XGBOOST] [baseline] prediction_binary_split=0.50 loss=binary_crossentropy, lr=0.001
[LN1083   ] [chunk_12_evaluation_evaluator.py] [info] [XGBOOST] label_threshold=20.0 train_below_prediction_binary_split=118,621 train_above_prediction_binary_split=689 train_positive_found=true val_below_prediction_binary_split=52,918 val_above_prediction_binary_split=336 val_positive_found=true
[LN1084   ] [chunk_14_models_trainer.py] [info]    _train_sklearn_model: early_stopping_rounds=10, eval_set=None
[LN1085   ] [chunk_14_models_trainer.py] [info]    scale_pos_weight=172.16400580551525 (model=XGBClassifier)
[LN1086   ] [chunk_12_evaluation_evaluator.py] [info] [XGBoost] Safeguards: type=tree, min_precision_over_baseline=0.0100, min_pos_pct=0.0010, min_pos_abs=10, patience=5
[LN1087   ] [chunk_12_evaluation_evaluator.py] [info] [XGBOOST] [diagnostic] LABEL_THRESHOLD=20.0 train_precision=0.5657 train_true_positives=689 train_true_negatives=118092 train_false_positives=529 train_false_negatives=0 train_max_prediction=0.9989 train_mean_prediction=0.0209 train_recall=1.0000 train_f1=0.7226 train_auc=0.9999 train_specificity=0.9955 train_false_positive_rate=0.0045 train_f2=0.8669 train_mcc=0.7504 train_prauc=0.9871 train_balanced_accuracy=0.9978 train_brier=0.0040 train_kappa=0.7205 train_informedness=0.9955 train_markedness=0.5612 train_gini=0.9999 train_optimal_threshold=0.7132 train_standard_deviation_prediction=0.0955 train_percentage_above_threshold=1.02
[LN1088   ] [chunk_12_evaluation_evaluator.py] [info] [XGBOOST] [diagnostic] LABEL_THRESHOLD=20.0 VALIDATION_PRECISION=0.0396 VALIDATION_TRUE_POSITIVES=22 VALIDATION_TRUE_NEGATIVES=52384 validation_false_positives=534 validation_false_negatives=314 validation_max_prediction=0.9918 validation_mean_prediction=0.0209 validation_recall=0.0655 validation_f1=0.0493 validation_auc=0.8649 validation_specificity=0.9899 validation_false_positive_rate=0.0101 validation_f2=0.0579 validation_mcc=0.0431 validation_prauc=0.0379 validation_balanced_accuracy=0.5277 validation_brier=0.0126 validation_kappa=0.0418 validation_informedness=0.0554 validation_markedness=0.0295 validation_gini=0.7297 validation_optimal_threshold=0.0025 validation_standard_deviation_prediction=0.0868 validation_percentage_above_threshold=1.04
[LN1089   ] [chunk_12_evaluation_evaluator.py] [info] [XGBOOST] label_threshold=15.0 train_below_prediction_binary_split=118,104 train_above_prediction_binary_split=1,206 train_positive_found=true val_below_prediction_binary_split=52,677 val_above_prediction_binary_split=577 val_positive_found=true
[LN1090   ] [chunk_14_models_trainer.py] [info]    _train_sklearn_model: early_stopping_rounds=10, eval_set=None
[LN1091   ] [chunk_14_models_trainer.py] [info]    scale_pos_weight=97.93034825870647 (model=XGBClassifier)
[LN1092   ] [chunk_12_evaluation_evaluator.py] [info] [XGBOOST] [diagnostic] LABEL_THRESHOLD=15.0 train_precision=0.6903 train_true_positives=1206 train_true_negatives=117563 train_false_positives=541 train_false_negatives=0 train_max_prediction=0.9973 train_mean_prediction=0.0307 train_recall=1.0000 train_f1=0.8168 train_auc=1.0000 train_specificity=0.9954 train_false_positive_rate=0.0046 train_f2=0.9177 train_mcc=0.8290 train_prauc=0.9977 train_balanced_accuracy=0.9977 train_brier=0.0046 train_kappa=0.8146 train_informedness=0.9954 train_markedness=0.6857 train_gini=1.0000 train_optimal_threshold=0.6584 train_standard_deviation_prediction=0.1156 train_percentage_above_threshold=1.46
[LN1093   ] [chunk_12_evaluation_evaluator.py] [info] [XGBOOST] [diagnostic] LABEL_THRESHOLD=15.0 VALIDATION_PRECISION=0.0978 VALIDATION_TRUE_POSITIVES=48 VALIDATION_TRUE_NEGATIVES=52234 validation_false_positives=443 validation_false_negatives=529 validation_max_prediction=0.9860 validation_mean_prediction=0.0210 validation_recall=0.0832 validation_f1=0.0899 validation_auc=0.8677 validation_specificity=0.9916 validation_false_positive_rate=0.0084 validation_f2=0.0857 validation_mcc=0.0810 validation_prauc=0.0679 validation_balanced_accuracy=0.5374 validation_brier=0.0147 validation_kappa=0.0807 validation_informedness=0.0748 validation_markedness=0.0893 validation_gini=0.7354 validation_optimal_threshold=0.0024 validation_standard_deviation_prediction=0.0808 validation_percentage_above_threshold=0.92
[LN1094   ] [chunk_12_evaluation_evaluator.py] [info] [XGBOOST] label_threshold=10.0 train_below_prediction_binary_split=116,756 train_above_prediction_binary_split=2,554 train_positive_found=true val_below_prediction_binary_split=52,057 val_above_prediction_binary_split=1,197 val_positive_found=true
[LN1095   ] [chunk_14_models_trainer.py] [info]    _train_sklearn_model: early_stopping_rounds=10, eval_set=None
[LN1096   ] [chunk_14_models_trainer.py] [info]    scale_pos_weight=45.714956930305405 (model=XGBClassifier)
[LN1097   ] [chunk_12_evaluation_evaluator.py] [info] [XGBOOST] [diagnostic] LABEL_THRESHOLD=10.0 train_precision=0.4690 train_true_positives=2554 train_true_negatives=113864 train_false_positives=2892 train_false_negatives=0 train_max_prediction=0.9906 train_mean_prediction=0.0915 train_recall=1.0000 train_f1=0.6385 train_auc=0.9995 train_specificity=0.9752 train_false_positive_rate=0.0248 train_f2=0.8153 train_mcc=0.6763 train_prauc=0.9687 train_balanced_accuracy=0.9876 train_brier=0.0235 train_kappa=0.6276 train_informedness=0.9752 train_markedness=0.4442 train_gini=0.9989 train_optimal_threshold=0.7533 train_standard_deviation_prediction=0.1826 train_percentage_above_threshold=4.56
[LN1098   ] [chunk_12_evaluation_evaluator.py] [info] [XGBOOST] [diagnostic] LABEL_THRESHOLD=10.0 VALIDATION_PRECISION=0.1268 VALIDATION_TRUE_POSITIVES=281 VALIDATION_TRUE_NEGATIVES=50122 validation_false_positives=1935 validation_false_negatives=916 validation_max_prediction=0.9775 validation_mean_prediction=0.0640 validation_recall=0.2348 validation_f1=0.1647 validation_auc=0.8308 validation_specificity=0.9628 validation_false_positive_rate=0.0372 validation_f2=0.2006 validation_mcc=0.1467 validation_prauc=0.0994 validation_balanced_accuracy=0.5988 validation_brier=0.0385 validation_kappa=0.1395 validation_informedness=0.1976 validation_markedness=0.0896 validation_gini=0.6615 validation_optimal_threshold=0.0153 validation_standard_deviation_prediction=0.1558 validation_percentage_above_threshold=4.16
[LN1099   ] [chunk_12_evaluation_evaluator.py] [info] [XGBOOST] label_threshold=5.0 train_below_prediction_binary_split=111,719 train_above_prediction_binary_split=7,591 train_positive_found=true val_below_prediction_binary_split=49,381 val_above_prediction_binary_split=3,873 val_positive_found=true
[LN1100   ] [chunk_14_models_trainer.py] [info]    _train_sklearn_model: early_stopping_rounds=10, eval_set=None
[LN1101   ] [chunk_14_models_trainer.py] [info]    scale_pos_weight=14.717296798840733 (model=XGBClassifier)
[LN1102   ] [chunk_12_evaluation_evaluator.py] [info] [XGBOOST] [diagnostic] LABEL_THRESHOLD=5.0 train_precision=0.3889 train_true_positives=7568 train_true_negatives=99828 train_false_positives=11891 train_false_negatives=23 train_max_prediction=0.9759 train_mean_prediction=0.2147 train_recall=0.9970 train_f1=0.5596 train_auc=0.9958 train_specificity=0.8936 train_false_positive_rate=0.1064 train_f2=0.7595 train_mcc=0.5883 train_prauc=0.9447 train_balanced_accuracy=0.9453 train_brier=0.0707 train_kappa=0.5152 train_informedness=0.8905 train_markedness=0.2825 train_gini=0.9916 train_optimal_threshold=0.6429 train_standard_deviation_prediction=0.2568 train_percentage_above_threshold=16.31
[LN1103   ] [chunk_12_evaluation_evaluator.py] [info] [XGBOOST] [diagnostic] LABEL_THRESHOLD=5.0 VALIDATION_PRECISION=0.1891 VALIDATION_TRUE_POSITIVES=1749 VALIDATION_TRUE_NEGATIVES=41882 validation_false_positives=7499 validation_false_negatives=2124 validation_max_prediction=0.9369 validation_mean_prediction=0.1956 validation_recall=0.4516 validation_f1=0.2666 validation_auc=0.7878 validation_specificity=0.8481 validation_false_positive_rate=0.1519 validation_f2=0.3535 validation_mcc=0.2055 validation_prauc=0.1797 validation_balanced_accuracy=0.6499 validation_brier=0.1116 validation_kappa=0.1828 validation_informedness=0.2997 validation_markedness=0.0373 validation_gini=0.5757 validation_optimal_threshold=0.1546 validation_standard_deviation_prediction=0.2528 validation_percentage_above_threshold=17.37
[LN1104   ] [chunk_12_evaluation_evaluator.py] [info] [XGBOOST] label_threshold=0.0 train_below_prediction_binary_split=59,589 train_above_prediction_binary_split=59,721 train_positive_found=true val_below_prediction_binary_split=24,480 val_above_prediction_binary_split=28,774 val_positive_found=true
[LN1105   ] [chunk_14_models_trainer.py] [info]    _train_sklearn_model: early_stopping_rounds=10, eval_set=None
[LN1106   ] [chunk_14_models_trainer.py] [info]    scale_pos_weight=0.9977897222082684 (model=XGBClassifier)
[LN1107   ] [chunk_12_evaluation_evaluator.py] [info] [XGBOOST] [diagnostic] LABEL_THRESHOLD=0.0 train_precision=0.8383 train_true_positives=49676 train_true_negatives=50010 train_false_positives=9579 train_false_negatives=10045 train_max_prediction=0.9943 train_mean_prediction=0.5001 train_recall=0.8318 train_f1=0.8351 train_auc=0.9108 train_specificity=0.8392 train_false_positive_rate=0.1608 train_f2=0.8331 train_mcc=0.6711 train_prauc=0.9085 train_balanced_accuracy=0.8355 train_brier=0.1563 train_kappa=0.6710 train_informedness=0.6711 train_markedness=0.6776 train_gini=0.8216 train_optimal_threshold=0.5013 train_standard_deviation_prediction=0.1847 train_percentage_above_threshold=49.66
[LN1108   ] [chunk_12_evaluation_evaluator.py] [info] [XGBOOST] [diagnostic] LABEL_THRESHOLD=0.0 VALIDATION_PRECISION=0.5460 VALIDATION_TRUE_POSITIVES=5446 VALIDATION_TRUE_NEGATIVES=19952 validation_false_positives=4528 validation_false_negatives=23328 validation_max_prediction=0.9944 validation_mean_prediction=0.3521 validation_recall=0.1893 validation_f1=0.2811 validation_auc=0.4874 validation_specificity=0.8150 validation_false_positive_rate=0.1850 validation_f2=0.2177 validation_mcc=0.0055 validation_prauc=0.5544 validation_balanced_accuracy=0.5022 validation_brier=0.3128 validation_kappa=0.0041 validation_informedness=0.0043 validation_markedness=0.3611 validation_gini=0.0000 validation_optimal_threshold=0.6509 validation_standard_deviation_prediction=0.1712 validation_percentage_above_threshold=18.73
[LN1109   ] [chunk_18_phase_4_ensemble.py] [info] [section 1] [XGBOOST] [label_threshold_optimal]  cumulative binary_split_predictions (1%) ≤ 0.0831, (5%) ≤ 0.1268, (10%) ≤ 0.1567, (25%) ≤ 0.2208, (50%) ≤ 0.3240, (75%) ≤ 0.4551, (90%) ≤ 0.5880, (95%) ≤ 0.6728, (99%) ≤ 0.8573, max=0.9944 binary_split_predictions distribution: 0% ≤ 0.01, 0% ≤ 0.02, 0% ≤ 0.05, 2% ≤ 0.1, 20% ≤ 0.2, 81% ≤ 0.5, 19% ≥ 0.50
[LN1110   ] [chunk_18_phase_4_ensemble.py] [info] [section 1] [XGBOOST] [label_threshold_optimal] LABEL_THRESHOLD=0.0
[LN1111   ] [chunk_18_phase_4_ensemble.py] [info] [section 1] [XGBOOST] [label_threshold_optimal] train_precision=0.8383 train_true_positives=49676 train_true_negatives=50010 train_false_positives=9579 train_false_negatives=10045 train_max_prediction=0.9943 train_mean_prediction=0.5001 train_recall=0.8318 train_f1=0.8351 train_auc=0.9108 train_specificity=0.8392 train_false_positive_rate=0.1608 train_f2=0.8331 train_mcc=0.6711 train_prauc=0.9085 train_balanced_accuracy=0.8355 train_brier=0.1563 train_kappa=0.6710 train_informedness=0.6711 train_markedness=0.6776 train_gini=0.8216 train_optimal_threshold=0.5013 train_standard_deviation_prediction=0.1847 train_percentage_above_threshold=49.66
[LN1112   ] [chunk_18_phase_4_ensemble.py] [info] [section 1] [XGBOOST] [label_threshold_optimal] VALIDATION_PRECISION=0.5460 VALIDATION_TRUE_POSITIVES=5446 VALIDATION_TRUE_NEGATIVES=19952 validation_false_positives=4528 validation_false_negatives=23328 validation_max_prediction=0.9944 validation_mean_prediction=0.3521 validation_recall=0.1893 validation_f1=0.2811 validation_auc=0.4874 validation_specificity=0.8150 validation_false_positive_rate=0.1850 validation_f2=0.2177 validation_mcc=0.0055 validation_prauc=0.5544 validation_balanced_accuracy=0.5022 validation_brier=0.3128 validation_kappa=0.0041 validation_informedness=0.0043 validation_markedness=0.3611 validation_gini=0.0000 validation_optimal_threshold=0.6509 validation_standard_deviation_prediction=0.1712 validation_percentage_above_threshold=18.73
[LN1113   ] [chunk_18_phase_4_ensemble.py] [info] [section 1] [XGBOOST] [label_threshold_optimal] prediction_binary_split=0.50
[LN1114   ] [chunk_21_hyperparam_optimizer.py] [info] [section 2] [XGBOOST] [hyperparameter_optimization search] Running Bayesian optimization (5 trials)...
[LN1115   ] [chunk_14_models_trainer.py] [info]    _train_sklearn_model: early_stopping_rounds=10, eval_set=provided
[LN1116   ] [chunk_14_models_trainer.py] [info]    scale_pos_weight=0.9977897222082684 (model=XGBClassifier)
[LN1117   ] [chunk_21_hyperparam_optimizer.py] [info] [section 2] [XGBOOST] [hyperparameter_optimization search baseline] LABEL_THRESHOLD=0.0
[LN1118   ] [chunk_21_hyperparam_optimizer.py] [info] [section 2] [XGBOOST] [hyperparameter_optimization search baseline] VALIDATION_PRECISION=0.5652 VALIDATION_TRUE_POSITIVES=3495 VALIDATION_TRUE_NEGATIVES=21791 validation_false_positives=2689 validation_false_negatives=25279 validation_max_prediction=0.5054 validation_mean_prediction=0.4989 validation_recall=0.1215 validation_f1=0.2000 validation_auc=0.4832 validation_specificity=0.8902 validation_false_positive_rate=0.1098 validation_f2=0.1441 validation_mcc=0.0181 validation_prauc=0.5460 validation_balanced_accuracy=0.5058 validation_brier=0.2501 validation_kappa=0.0109 validation_informedness=0.0116 validation_markedness=0.4553 validation_gini=0.0000 validation_optimal_threshold=0.5008 validation_standard_deviation_prediction=0.0011 validation_percentage_above_threshold=11.61
[LN1119   ] [chunk_21_hyperparam_optimizer.py] [info] [section 2] [XGBOOST] [hyperparameter_optimization search baseline] TRIAL 1/5: n_estimators=500, max_depth=3, learning_rate=0.01, min_child_weight=100, reg_alpha=0.5, reg_lambda=1.0, subsample=0.6, colsample_bytree=0.5, gamma=0
[LN1120   ] [chunk_14_models_trainer.py] [info]    _train_sklearn_model: early_stopping_rounds=10, eval_set=provided
[LN1121   ] [chunk_14_models_trainer.py] [info]    scale_pos_weight=0.9977897222082684 (model=XGBClassifier)
[LN1122   ] [chunk_21_hyperparam_optimizer.py] [info] [section 2] [XGBOOST] [hyperparameter_optimization search baseline] LABEL_THRESHOLD=0.0
[LN1123   ] [chunk_21_hyperparam_optimizer.py] [info] [section 2] [XGBOOST] [hyperparameter_optimization search baseline] VALIDATION_PRECISION=0.5638 VALIDATION_TRUE_POSITIVES=2924 VALIDATION_TRUE_NEGATIVES=22218 validation_false_positives=2262 validation_false_negatives=25850 validation_max_prediction=0.5071 validation_mean_prediction=0.4960 validation_recall=0.1016 validation_f1=0.1722 validation_auc=0.5272 validation_specificity=0.9076 validation_false_positive_rate=0.0924 validation_f2=0.1215 validation_mcc=0.0155 validation_prauc=0.5596 validation_balanced_accuracy=0.5046 validation_brier=0.2502 validation_kappa=0.0086 validation_informedness=0.0092 validation_markedness=0.4714 validation_gini=0.0545 validation_optimal_threshold=0.4965 validation_standard_deviation_prediction=0.0023 validation_percentage_above_threshold=9.74
[LN1124   ] [chunk_21_hyperparam_optimizer.py] [info] [section 2] [XGBOOST] [hyperparameter_optimization search baseline] TRIAL 2/5: n_estimators=100, max_depth=3, learning_rate=0.03, min_child_weight=50, reg_alpha=0.1, reg_lambda=1.0, subsample=0.8, colsample_bytree=1.0, gamma=0.5
[LN1125   ] [chunk_14_models_trainer.py] [info]    _train_sklearn_model: early_stopping_rounds=10, eval_set=provided
[LN1126   ] [chunk_14_models_trainer.py] [info]    scale_pos_weight=0.9977897222082684 (model=XGBClassifier)
[LN1127   ] [chunk_21_hyperparam_optimizer.py] [info] [section 2] [XGBOOST] [hyperparameter_optimization search baseline] LABEL_THRESHOLD=0.0
[LN1128   ] [chunk_21_hyperparam_optimizer.py] [info] [section 2] [XGBOOST] [hyperparameter_optimization search baseline] VALIDATION_PRECISION=0.5422 VALIDATION_TRUE_POSITIVES=4512 VALIDATION_TRUE_NEGATIVES=20671 validation_false_positives=3809 validation_false_negatives=24262 validation_max_prediction=0.5137 validation_mean_prediction=0.4960 validation_recall=0.1568 validation_f1=0.2433 validation_auc=0.4805 validation_specificity=0.8444 validation_false_positive_rate=0.1556 validation_f2=0.1828 validation_mcc=0.0017 validation_prauc=0.5436 validation_balanced_accuracy=0.5006 validation_brier=0.2504 validation_kappa=0.0011 validation_informedness=0.0012 validation_markedness=0.3866 validation_gini=0.0000 validation_optimal_threshold=0.5029 validation_standard_deviation_prediction=0.0041 validation_percentage_above_threshold=15.63
[LN1129   ] [chunk_21_hyperparam_optimizer.py] [info] [section 2] [XGBOOST] [hyperparameter_optimization search baseline] TRIAL 3/5: n_estimators=300, max_depth=7, learning_rate=0.03, min_child_weight=10, reg_alpha=0.1, reg_lambda=1.0, subsample=0.7, colsample_bytree=0.7, gamma=0
[LN1130   ] [chunk_14_models_trainer.py] [info]    _train_sklearn_model: early_stopping_rounds=10, eval_set=provided
[LN1131   ] [chunk_14_models_trainer.py] [info]    scale_pos_weight=0.9977897222082684 (model=XGBClassifier)
[LN1132   ] [chunk_21_hyperparam_optimizer.py] [info] [section 2] [XGBOOST] [hyperparameter_optimization search baseline] LABEL_THRESHOLD=0.0
[LN1133   ] [chunk_21_hyperparam_optimizer.py] [info] [section 2] [XGBOOST] [hyperparameter_optimization search baseline] VALIDATION_PRECISION=0.5472 VALIDATION_TRUE_POSITIVES=3844 VALIDATION_TRUE_NEGATIVES=21299 validation_false_positives=3181 validation_false_negatives=24930 validation_max_prediction=0.5038 validation_mean_prediction=0.4987 validation_recall=0.1336 validation_f1=0.2148 validation_auc=0.4888 validation_specificity=0.8701 validation_false_positive_rate=0.1299 validation_f2=0.1574 validation_mcc=0.0054 validation_prauc=0.5418 validation_balanced_accuracy=0.5018 validation_brier=0.2501 validation_kappa=0.0034 validation_informedness=0.0037 validation_markedness=0.4172 validation_gini=0.0000 validation_optimal_threshold=0.5013 validation_standard_deviation_prediction=0.0012 validation_percentage_above_threshold=13.19
[LN1134   ] [chunk_21_hyperparam_optimizer.py] [info] [section 2] [XGBOOST] [hyperparameter_optimization search baseline] TRIAL 4/5: n_estimators=500, max_depth=7, learning_rate=0.01, min_child_weight=100, reg_alpha=1.0, reg_lambda=5.0, subsample=0.7, colsample_bytree=1.0, gamma=0.5
[LN1135   ] [chunk_14_models_trainer.py] [info]    _train_sklearn_model: early_stopping_rounds=10, eval_set=provided
[LN1136   ] [chunk_14_models_trainer.py] [info]    scale_pos_weight=0.9977897222082684 (model=XGBClassifier)
[LN1137   ] [chunk_21_hyperparam_optimizer.py] [info] [section 2] [XGBOOST] [hyperparameter_optimization search baseline] LABEL_THRESHOLD=0.0
[LN1138   ] [chunk_21_hyperparam_optimizer.py] [info] [section 2] [XGBOOST] [hyperparameter_optimization search baseline] VALIDATION_PRECISION=0.5479 VALIDATION_TRUE_POSITIVES=3783 VALIDATION_TRUE_NEGATIVES=21358 validation_false_positives=3122 validation_false_negatives=24991 validation_max_prediction=0.5034 validation_mean_prediction=0.4987 validation_recall=0.1315 validation_f1=0.2121 validation_auc=0.4888 validation_specificity=0.8725 validation_false_positive_rate=0.1275 validation_f2=0.1550 validation_mcc=0.0058 validation_prauc=0.5440 validation_balanced_accuracy=0.5020 validation_brier=0.2501 validation_kappa=0.0037 validation_informedness=0.0039 validation_markedness=0.4203 validation_gini=0.0000 validation_optimal_threshold=0.5011 validation_standard_deviation_prediction=0.0010 validation_percentage_above_threshold=12.97
[LN1139   ] [chunk_21_hyperparam_optimizer.py] [info] [section 2] [XGBOOST] [hyperparameter_optimization search baseline] TRIAL 5/5: n_estimators=500, max_depth=5, learning_rate=0.01, min_child_weight=100, reg_alpha=1.0, reg_lambda=5.0, subsample=0.6, colsample_bytree=1.0, gamma=0.5
[LN1140   ] [chunk_21_hyperparam_optimizer.py] [info] [section 2] [XGBOOST] [best trial] LABEL_THRESHOLD=0.0
[LN1141   ] [chunk_21_hyperparam_optimizer.py] [info] [section 2] [XGBOOST] [best trial] VALIDATION_PRECISION=0.5652 VALIDATION_TRUE_POSITIVES=3495 VALIDATION_TRUE_NEGATIVES=21791 validation_false_positives=2689 validation_false_negatives=25279 validation_max_prediction=0.5054 validation_mean_prediction=0.4989 validation_recall=0.1215 validation_f1=0.2000 validation_auc=0.4832 validation_specificity=0.8902 validation_false_positive_rate=0.1098 validation_f2=0.1441 validation_mcc=0.0181 validation_prauc=0.5460 validation_balanced_accuracy=0.5058 validation_brier=0.2501 validation_kappa=0.0109 validation_informedness=0.0116 validation_markedness=0.4553 validation_gini=0.0000 validation_optimal_threshold=0.5008 validation_standard_deviation_prediction=0.0011 validation_percentage_above_threshold=11.61
[LN1142   ] [chunk_21_hyperparam_optimizer.py] [info] [section 2] [XGBOOST] [best trial] n_estimators=500, max_depth=3, learning_rate=0.01, min_child_weight=100, reg_alpha=0.5, reg_lambda=1.0, subsample=0.6, colsample_bytree=0.5, gamma=0
[LN1143   ] [chunk_18_phase_4_ensemble.py] [info]    [diagnostic-hyperparameter_optimization]  cumulative binary_split_predictions (1%) ≤ 0.4980, (5%) ≤ 0.4980, (10%) ≤ 0.4980, (25%) ≤ 0.4980, (50%) ≤ 0.4980, (75%) ≤ 0.4995, (90%) ≤ 0.5002, (95%) ≤ 0.5007, (99%) ≤ 0.5026, max=0.5054 binary_split_predictions distribution: 0% ≤ 0.01, 0% ≤ 0.02, 0% ≤ 0.05, 0% ≤ 0.1, 0% ≤ 0.2, 88% ≤ 0.5, 12% ≥ 0.50
[LN1144   ] [chunk_18_phase_4_ensemble.py] [info]    hyperparameter_optimization improved: 0.5652 > 0.5460
[LN1145   ] [chunk_18_phase_4_ensemble.py] [info] [section 3] [XGBOOST] [HYPERPARAMETER_OPTIMIZATION] LABEL_THRESHOLD=0.0,
[LN1146   ] [chunk_18_phase_4_ensemble.py] [info] [section 3] [XGBOOST] [HYPERPARAMETER_OPTIMIZATION] VALIDATION_PRECISION=0.5652 VALIDATION_TRUE_POSITIVES=3495 VALIDATION_TRUE_NEGATIVES=21791 validation_false_positives=2689 validation_false_negatives=25279 validation_max_prediction=0.5054 validation_mean_prediction=0.4989 validation_recall=0.1215 validation_f1=0.2000 validation_auc=0.4832 validation_specificity=0.8902 validation_false_positive_rate=0.1098 validation_f2=0.1441 validation_mcc=0.0181 validation_prauc=0.5460 validation_balanced_accuracy=0.5058 validation_brier=0.2501 validation_kappa=0.0109 validation_informedness=0.0116 validation_markedness=0.4553 validation_gini=0.0000 validation_optimal_threshold=0.5008 validation_standard_deviation_prediction=0.0011 validation_percentage_above_threshold=11.61
[LN1147   ] [chunk_18_phase_4_ensemble.py] [info] [section 3] [XGBOOST] [HYPERPARAMETER_OPTIMIZATION] prediction_binary_split=0.50 hyperparams=(loss=binary_crossentropy lr=0.01 dropout=0.1 alpha=0.0 gamma=0 latent_dim=0) improved=True {'n_estimators': 500, 'max_depth': 3, 'learning_rate': 0.01, 'min_child_weight': 100, 'reg_alpha': 0.5, 'reg_lambda': 1.0, 'subsample': 0.6, 'colsample_bytree': 0.5, 'gamma': 0}
[LN1148   ] [chunk_18_phase_4_ensemble.py] [info]    Running post hyperparameter_optimization threshold search for XGBoost...
[LN1149   ] [chunk_12_evaluation_evaluator.py] [info] [XGBOOST] label_threshold=20.0 train_below_prediction_binary_split=118,621 train_above_prediction_binary_split=689 train_positive_found=true val_below_prediction_binary_split=52,918 val_above_prediction_binary_split=336 val_positive_found=true
[LN1150   ] [chunk_12_evaluation_evaluator.py] [info] [XGBOOST] [reject] skipping LABEL_THRESHOLD=20.0: validation_precision=0.0146 <= baseline+0.0100=0.0163
[LN1151   ] [chunk_12_evaluation_evaluator.py] [info] [XGBOOST] label_threshold=15.0 train_below_prediction_binary_split=118,104 train_above_prediction_binary_split=1,206 train_positive_found=true val_below_prediction_binary_split=52,677 val_above_prediction_binary_split=577 val_positive_found=true
[LN1152   ] [chunk_12_evaluation_evaluator.py] [info] [XGBOOST] [diagnostic] LABEL_THRESHOLD=15.0 train_precision=0.0089 train_true_positives=546 train_true_negatives=57366 train_false_positives=60738 train_false_negatives=660 train_max_prediction=0.5054 train_mean_prediction=0.5000 train_recall=0.4527 train_f1=0.0175 train_auc=0.5421 train_specificity=0.4857 train_false_positive_rate=0.5143 train_f2=0.0413 train_mcc=-0.0123 train_prauc=0.0114 train_balanced_accuracy=0.4692 train_brier=0.2500 train_kappa=-0.0024 train_informedness=-0.0615 train_markedness=-0.5054 train_gini=0.0843 train_optimal_threshold=0.4997 train_standard_deviation_prediction=0.0009 train_percentage_above_threshold=51.37
[LN1153   ] [chunk_12_evaluation_evaluator.py] [info] [XGBOOST] [diagnostic] LABEL_THRESHOLD=15.0 VALIDATION_PRECISION=0.0238 VALIDATION_TRUE_POSITIVES=147 VALIDATION_TRUE_NEGATIVES=46640 validation_false_positives=6037 validation_false_negatives=430 validation_max_prediction=0.5054 validation_mean_prediction=0.4989 validation_recall=0.2548 validation_f1=0.0435 validation_auc=0.7186 validation_specificity=0.8854 validation_false_positive_rate=0.1146 validation_f2=0.0866 validation_mcc=0.0453 validation_prauc=0.0206 validation_balanced_accuracy=0.5701 validation_brier=0.2489 validation_kappa=0.0241 validation_informedness=0.1402 validation_markedness=-0.0908 validation_gini=0.4372 validation_optimal_threshold=0.4995 validation_standard_deviation_prediction=0.0011 validation_percentage_above_threshold=11.61
[LN1154   ] [chunk_12_evaluation_evaluator.py] [info] [XGBOOST] label_threshold=10.0 train_below_prediction_binary_split=116,756 train_above_prediction_binary_split=2,554 train_positive_found=true val_below_prediction_binary_split=52,057 val_above_prediction_binary_split=1,197 val_positive_found=true
[LN1155   ] [chunk_12_evaluation_evaluator.py] [info] [XGBOOST] [diagnostic] LABEL_THRESHOLD=10.0 train_precision=0.0189 train_true_positives=1161 train_true_negatives=56633 train_false_positives=60123 train_false_negatives=1393 train_max_prediction=0.5054 train_mean_prediction=0.5000 train_recall=0.4546 train_f1=0.0364 train_auc=0.5377 train_specificity=0.4851 train_false_positive_rate=0.5149 train_f2=0.0812 train_mcc=-0.0175 train_prauc=0.0238 train_balanced_accuracy=0.4698 train_brier=0.2500 train_kappa=-0.0049 train_informedness=-0.0604 train_markedness=-0.4960 train_gini=0.0754 train_optimal_threshold=0.4997 train_standard_deviation_prediction=0.0009 train_percentage_above_threshold=51.37
[LN1156   ] [chunk_12_evaluation_evaluator.py] [info] [XGBOOST] [diagnostic] LABEL_THRESHOLD=10.0 VALIDATION_PRECISION=0.0482 VALIDATION_TRUE_POSITIVES=298 VALIDATION_TRUE_NEGATIVES=46171 validation_false_positives=5886 validation_false_negatives=899 validation_max_prediction=0.5054 validation_mean_prediction=0.4989 validation_recall=0.2490 validation_f1=0.0807 validation_auc=0.7062 validation_specificity=0.8869 validation_false_positive_rate=0.1131 validation_f2=0.1358 validation_mcc=0.0629 validation_prauc=0.0406 validation_balanced_accuracy=0.5679 validation_brier=0.2489 validation_kappa=0.0448 validation_informedness=0.1359 validation_markedness=-0.0649 validation_gini=0.4123 validation_optimal_threshold=0.4993 validation_standard_deviation_prediction=0.0011 validation_percentage_above_threshold=11.61
[LN1157   ] [chunk_12_evaluation_evaluator.py] [info] [XGBOOST] label_threshold=5.0 train_below_prediction_binary_split=111,719 train_above_prediction_binary_split=7,591 train_positive_found=true val_below_prediction_binary_split=49,381 val_above_prediction_binary_split=3,873 val_positive_found=true
[LN1158   ] [chunk_12_evaluation_evaluator.py] [info] [XGBOOST] [diagnostic] LABEL_THRESHOLD=5.0 train_precision=0.0588 train_true_positives=3602 train_true_negatives=54037 train_false_positives=57682 train_false_negatives=3989 train_max_prediction=0.5054 train_mean_prediction=0.5000 train_recall=0.4745 train_f1=0.1046 train_auc=0.5346 train_specificity=0.4837 train_false_positive_rate=0.5163 train_f2=0.1965 train_mcc=-0.0204 train_prauc=0.0690 train_balanced_accuracy=0.4791 train_brier=0.2500 train_kappa=-0.0097 train_informedness=-0.0418 train_markedness=-0.4575 train_gini=0.0692 train_optimal_threshold=0.4997 train_standard_deviation_prediction=0.0009 train_percentage_above_threshold=51.37
[LN1159   ] [chunk_12_evaluation_evaluator.py] [info] [XGBOOST] [diagnostic] LABEL_THRESHOLD=5.0 VALIDATION_PRECISION=0.1337 VALIDATION_TRUE_POSITIVES=827 VALIDATION_TRUE_NEGATIVES=44024 validation_false_positives=5357 validation_false_negatives=3046 validation_max_prediction=0.5054 validation_mean_prediction=0.4989 validation_recall=0.2135 validation_f1=0.1645 validation_auc=0.6584 validation_specificity=0.8915 validation_false_positive_rate=0.1085 validation_f2=0.1908 validation_mcc=0.0851 validation_prauc=0.1095 validation_balanced_accuracy=0.5525 validation_brier=0.2490 validation_kappa=0.0824 validation_informedness=0.1050 validation_markedness=0.0252 validation_gini=0.3168 validation_optimal_threshold=0.4993 validation_standard_deviation_prediction=0.0011 validation_percentage_above_threshold=11.61
[LN1160   ] [chunk_12_evaluation_evaluator.py] [info] [XGBOOST] label_threshold=0.0 train_below_prediction_binary_split=59,589 train_above_prediction_binary_split=59,721 train_positive_found=true val_below_prediction_binary_split=24,480 val_above_prediction_binary_split=28,774 val_positive_found=true
[LN1161   ] [chunk_12_evaluation_evaluator.py] [info] [XGBOOST] [diagnostic] LABEL_THRESHOLD=0.0 train_precision=0.5410 train_true_positives=33155 train_true_negatives=31460 train_false_positives=28129 train_false_negatives=26566 train_max_prediction=0.5054 train_mean_prediction=0.5000 train_recall=0.5552 train_f1=0.5480 train_auc=0.5612 train_specificity=0.5279 train_false_positive_rate=0.4721 train_f2=0.5523 train_mcc=0.0831 train_prauc=0.5553 train_balanced_accuracy=0.5416 train_brier=0.2499 train_kappa=0.0831 train_informedness=0.0831 train_markedness=0.0690 train_gini=0.1224 train_optimal_threshold=0.5002 train_standard_deviation_prediction=0.0009 train_percentage_above_threshold=51.37
[LN1162   ] [chunk_12_evaluation_evaluator.py] [info] [XGBOOST] [diagnostic] LABEL_THRESHOLD=0.0 VALIDATION_PRECISION=0.5652 VALIDATION_TRUE_POSITIVES=3495 VALIDATION_TRUE_NEGATIVES=21791 validation_false_positives=2689 validation_false_negatives=25279 validation_max_prediction=0.5054 validation_mean_prediction=0.4989 validation_recall=0.1215 validation_f1=0.2000 validation_auc=0.4832 validation_specificity=0.8902 validation_false_positive_rate=0.1098 validation_f2=0.1441 validation_mcc=0.0181 validation_prauc=0.5460 validation_balanced_accuracy=0.5058 validation_brier=0.2501 validation_kappa=0.0109 validation_informedness=0.0116 validation_markedness=0.4553 validation_gini=0.0000 validation_optimal_threshold=0.5008 validation_standard_deviation_prediction=0.0011 validation_percentage_above_threshold=11.61
[LN1163   ] [chunk_18_phase_4_ensemble.py] [info]    hyperparameter_optimization model threshold search: LABEL_THRESHOLD=0.0, VALIDATION_PRECISION=0.5652
[LN1164   ] [chunk_18_phase_4_ensemble.py] [info]    post hyperparameter_optimization threshold search: LABEL_THRESHOLD=0.0, VALIDATION_PRECISION=0.5652
[LN1165   ] [chunk_18_phase_4_ensemble.py] [info]    post hyperparameter_optimization no improvement: keeping LABEL_THRESHOLD=0.0
[LN1166   ] [chunk_18_phase_4_ensemble.py] [info] [section 4] [XGBOOST] [post hyperparameter_optimization] [diagnostic]  cumulative binary_split_predictions (1%) ≤ 0.4980, (5%) ≤ 0.4980, (10%) ≤ 0.4980, (25%) ≤ 0.4980, (50%) ≤ 0.4980, (75%) ≤ 0.4995, (90%) ≤ 0.5002, (95%) ≤ 0.5007, (99%) ≤ 0.5026, max=0.5054 binary_split_predictions distribution: 0% ≤ 0.01, 0% ≤ 0.02, 0% ≤ 0.05, 0% ≤ 0.1, 0% ≤ 0.2, 88% ≤ 0.5, 12% ≥ 0.50
[LN1167   ] [chunk_18_phase_4_ensemble.py] [info] [section 4] [XGBOOST] [post hyperparameter_optimization] LABEL_THRESHOLD=0.0,
[LN1168   ] [chunk_18_phase_4_ensemble.py] [info] [section 4] [XGBOOST] [post hyperparameter_optimization] VALIDATION_PRECISION=0.5652 VALIDATION_TRUE_POSITIVES=3495 VALIDATION_TRUE_NEGATIVES=21791 validation_false_positives=2689 validation_false_negatives=25279 validation_max_prediction=0.5054 validation_mean_prediction=0.4989 validation_recall=0.1215 validation_f1=0.2000 validation_auc=0.4832 validation_specificity=0.8902 validation_false_positive_rate=0.1098 validation_f2=0.1441 validation_mcc=0.0181 validation_prauc=0.5460 validation_balanced_accuracy=0.5058 validation_brier=0.2501 validation_kappa=0.0109 validation_informedness=0.0116 validation_markedness=0.4553 validation_gini=0.0000 validation_optimal_threshold=0.5008 validation_standard_deviation_prediction=0.0011 validation_percentage_above_threshold=11.61
[LN1169   ] [chunk_18_phase_4_ensemble.py] [info] [section 4] [XGBOOST] [post hyperparameter_optimization] prediction_binary_split=0.50 hyperparams=(loss=binary_crossentropy lr=0.01 dropout=0.0 alpha=1.0 gamma=0 latent_dim=64) source=section3
[LN1170   ] [chunk_18_phase_4_ensemble.py] [info]    Using Hyperparameter_Optimized model directly (no change to Label_Threshold)
[LN1171   ] [chunk_18_phase_4_ensemble.py] [info]    Train predictions: mean=0.5000, std=0.0009, min=0.4972, max=0.5054
[LN1172   ] [chunk_18_phase_4_ensemble.py] [info]    validation predictions:   mean=0.4989, std=0.0011, min=0.4972, max=0.5054
[LN1173   ] [chunk_18_phase_4_ensemble.py] [info] [section 5] [XGBOOST] [final] [diagnostic] Train  cumulative binary_split_predictions (1%) ≤ 0.4980, (5%) ≤ 0.4988, (10%) ≤ 0.4995, (25%) ≤ 0.4996, (50%) ≤ 0.5002, (75%) ≤ 0.5002, (90%) ≤ 0.5007, (95%) ≤ 0.5011, (99%) ≤ 0.5038, max=0.5054 binary_split_predictions distribution: 0% ≤ 0.01, 0% ≤ 0.02, 0% ≤ 0.05, 0% ≤ 0.1, 0% ≤ 0.2, 49% ≤ 0.5, 51% ≥ 0.50
[LN1174   ] [chunk_18_phase_4_ensemble.py] [info] [section 5] [XGBOOST] [final] [diagnostic] validation    cumulative binary_split_predictions (1%) ≤ 0.4980, (5%) ≤ 0.4980, (10%) ≤ 0.4980, (25%) ≤ 0.4980, (50%) ≤ 0.4980, (75%) ≤ 0.4995, (90%) ≤ 0.5002, (95%) ≤ 0.5007, (99%) ≤ 0.5026, max=0.5054 binary_split_predictions distribution: 0% ≤ 0.01, 0% ≤ 0.02, 0% ≤ 0.05, 0% ≤ 0.1, 0% ≤ 0.2, 88% ≤ 0.5, 12% ≥ 0.50
[LN1175   ] [chunk_18_phase_4_ensemble.py] [info]    [diagnostic] xgboost_coverage_sweep: tested 9 coverage rates
[LN1176   ] [chunk_18_phase_4_ensemble.py] [info]    [diag]   coverage=0.0250 thresh=0.5010: precision=0.7004 recall=0.0342 f1=0.0652
[LN1177   ] [chunk_18_phase_4_ensemble.py] [info]    [diag]   coverage=0.0500 thresh=0.5007: precision=0.6052 recall=0.0603 f1=0.1096
[LN1178   ] [chunk_18_phase_4_ensemble.py] [info]    [diag]   coverage=0.1000 thresh=0.5002: precision=0.5619 recall=0.1188 f1=0.1961
[LN1179   ] [chunk_18_phase_4_ensemble.py] [info]    [diag]   coverage=0.2500 thresh=0.4995: precision=0.5117 recall=0.2791 f1=0.3612
[LN1180   ] [chunk_18_phase_4_ensemble.py] [info]    [diag]   coverage=0.5000 thresh=0.4980: precision=0.5403 recall=0.9997 f1=0.7015
[LN1181   ] [chunk_18_phase_4_ensemble.py] [info]    [diagnostic] precision_target=0.60 met at coverage=0.0010, threshold=0.5054
[LN1182   ] [chunk_18_phase_4_ensemble.py] [info]    Train predictions: 0.94% positive predictions (1,119 / 119,310)
[LN1183   ] [chunk_18_phase_4_ensemble.py] [info]    validation predictions:   0.37% positive predictions (196 / 53,254)
[LN1184   ] [chunk_18_phase_4_ensemble.py] [info]    [info] Section 4 all rejected - using Section 3 results for Section 5
[LN1185   ] [chunk_18_phase_4_ensemble.py] [info]    [diagnostic] prediction_buckets: 0-10:0, 10-20:0, 20-30:0, 30-40:47070, 40-50:6184, 50-60:0, 60-70:0, 70-80:0, 80-90:0, 90-100:0
[LN1186   ] [chunk_18_phase_4_ensemble.py] [info] [section 5] [XGBOOST] [final] LABEL_THRESHOLD=0.0,
[LN1187   ] [chunk_18_phase_4_ensemble.py] [info] [section 5] [XGBOOST] [final] train_precision=0.8159 train_true_positives=913 train_true_negatives=59383 train_false_positives=206 train_false_negatives=58808 train_max_prediction=0.5054 train_mean_prediction=0.5000 train_recall=0.0153 train_f1=0.0300 train_auc=0.5612 train_specificity=0.9965 train_false_positive_rate=0.0035 train_f2=0.0190 train_mcc=0.0614 train_prauc=0.5553 train_balanced_accuracy=0.5059 train_standard_deviation_prediction=0.0009 train_percentage_above_threshold=0.94 train_brier=0.2499 train_kappa=0.0118 train_informedness=0.0118 train_markedness=0.8125 train_gini=0.1224 train_optimal_threshold=0.5002
[LN1188   ] [chunk_18_phase_4_ensemble.py] [info] [section 5] [XGBOOST] [final] VALIDATION_PRECISION=0.5652 VALIDATION_TRUE_POSITIVES=3495 VALIDATION_TRUE_NEGATIVES=21791 validation_false_positives=2689 validation_false_negatives=25279 validation_max_prediction=0.5054 validation_mean_prediction=0.4989 validation_recall=0.1215 validation_f1=0.2000 validation_auc=0.4832 validation_specificity=0.9993 validation_false_positive_rate=0.0007 validation_f2=0.0078 validation_mcc=0.0461 validation_prauc=0.5460 validation_balanced_accuracy=0.5028 validation_brier=0.2501 validation_kappa=0.0052 validation_informedness=0.0056 validation_markedness=0.9177 validation_gini=0.0000 validation_optimal_threshold=0.5008 validation_standard_deviation_prediction=0.0011 validation_percentage_above_threshold=0.37
[LN1189   ] [chunk_18_phase_4_ensemble.py] [info] [section 5] [XGBOOST] [final] prediction_binary_split=0.51 hyperparams=(loss=binary_crossentropy lr=0.01 dropout=0.0 alpha=1.0 gamma=0 latent_dim=64) (using HPO model directly)
[LN1190   ] [chunk_18_phase_4_ensemble.py] [info]    XGBoost loss=binary_crossentropy pred_threshold=0.5053586959838867 epochs=3
[LN1191   ] [chunk_18_phase_4_ensemble.py] [info]    [XGBoost] hyperparameter_optimization: learning_rate=0.01, gamma=0
[LN1192   ] [chunk_18_phase_4_ensemble.py] [info]    XGBoost training time: 19.7s
[LN1193   ] [chunk_18_phase_4_ensemble.py] [info] [pass] XGBoost trained successfully
[LN1194   ] [chunk_18_phase_4_ensemble.py] [info] Running Feature Stability Analysis...
[LN1195   ] [chunk_18_phase_4_ensemble.py] [info]    Feature Stability:
[LN1196   ] [chunk_18_phase_4_ensemble.py] [info]       Change: stability=0.031, importance=0.000
[LN1197   ] [chunk_18_phase_4_ensemble.py] [info]       Change_x_Volume: stability=0.030, importance=0.000
[LN1198   ] [chunk_18_phase_4_ensemble.py] [info]       Rel_Volume: stability=0.009, importance=0.000
[LN1199   ] [chunk_18_phase_4_ensemble.py] [info]       Volume: stability=0.008, importance=0.000
[LN1200   ] [chunk_18_phase_4_ensemble.py] [info]       ATR: stability=0.007, importance=0.000
[LN1201   ] [chunk_18_phase_4_ensemble.py] [info]       52W_Low_x_Price_to_Prev_Close: stability=0.007, importance=0.000
[LN1202   ] [chunk_18_phase_4_ensemble.py] [info]       52W_Low: stability=0.007, importance=0.000
[LN1203   ] [chunk_18_phase_4_ensemble.py] [info]       Avg_Volume: stability=0.006, importance=0.000
[LN1204   ] [chunk_18_phase_4_ensemble.py] [info]       Perf_YTD: stability=0.005, importance=0.000
[LN1205   ] [chunk_18_phase_4_ensemble.py] [info]       Prev_Close: stability=0.005, importance=0.000
[LN1206   ] [chunk_18_phase_4_ensemble.py] [info]       Price: stability=0.005, importance=0.000
[LN1207   ] [chunk_18_phase_4_ensemble.py] [info]       Market_Cap: stability=0.005, importance=0.000
[LN1208   ] [chunk_18_phase_4_ensemble.py] [info]       RSI_14: stability=0.003, importance=0.000
[LN1209   ] [chunk_18_phase_4_ensemble.py] [info]       RSI_neutral_high: stability=0.003, importance=0.000
[LN1210   ] [chunk_18_phase_4_ensemble.py] [info]       52W_High: stability=0.003, importance=0.000
[LN1211   ] [chunk_18_phase_4_ensemble.py] [info]       Perf_Month: stability=0.003, importance=0.000
[LN1212   ] [chunk_18_phase_4_ensemble.py] [info]       52W_Low_x_SMA20: stability=0.003, importance=0.000
[LN1213   ] [chunk_18_phase_4_ensemble.py] [info]       SMA50_to_SMA200: stability=0.003, importance=0.000
[LN1214   ] [chunk_18_phase_4_ensemble.py] [info]       Ticker_id: stability=0.003, importance=0.000
[LN1215   ] [chunk_18_phase_4_ensemble.py] [info]       Perf_Week: stability=0.002, importance=0.000
[LN1216   ] [chunk_18_phase_4_ensemble.py] [info]       Price_to_52W_High_x_Perf_Week: stability=0.002, importance=0.000
[LN1217   ] [chunk_18_phase_4_ensemble.py] [info]       SMA200: stability=0.002, importance=0.000
[LN1218   ] [chunk_18_phase_4_ensemble.py] [info]       RSI_oversold: stability=0.001, importance=0.000
[LN1219   ] [chunk_18_phase_4_ensemble.py] [info]       Price_to_52W_High: stability=0.001, importance=0.000
[LN1220   ] [chunk_18_phase_4_ensemble.py] [info]       Perf_Quarter: stability=0.001, importance=0.000
[LN1221   ] [chunk_18_phase_4_ensemble.py] [info]       Price_to_52W_Low: stability=0.001, importance=0.000
[LN1222   ] [chunk_18_phase_4_ensemble.py] [info]       SMA50: stability=0.001, importance=0.000
[LN1223   ] [chunk_18_phase_4_ensemble.py] [info]       RSI_neutral_low: stability=0.001, importance=0.000
[LN1224   ] [chunk_18_phase_4_ensemble.py] [info]       Price_to_Prev_Close: stability=0.001, importance=0.000
[LN1225   ] [chunk_18_phase_4_ensemble.py] [info]       Perf_Half_Y: stability=0.001, importance=0.000
[LN1226   ] [chunk_18_phase_4_ensemble.py] [info]       Volume_to_Avg_Volume: stability=0.000, importance=0.000
[LN1227   ] [chunk_18_phase_4_ensemble.py] [info]       Perf_Year: stability=0.000, importance=0.000
[LN1228   ] [chunk_18_phase_4_ensemble.py] [info]       RSI_overbought: stability=0.000, importance=0.000
[LN1229   ] [chunk_18_phase_4_ensemble.py] [info]       SMA20: stability=0.000, importance=0.000
[LN1230   ] [chunk_18_phase_4_ensemble.py] [info] Measuring Inference Latency...
[LN1231   ] [chunk_18_phase_4_ensemble.py] [info]    Inference latency: 0.056 ms/sample (10000 samples)
[LN1232   ] [chunk_18_phase_4_ensemble.py] [info] Running Sliding Window Validation...
[LN1233   ] [chunk_18_phase_4_ensemble.py] [info]    sliding window: train_samples=125233, validation_samples=59175
[LN1234   ] [chunk_18_phase_4_ensemble.py] [info]    Sliding Window validation: validation_precision=0.0063 validation_recall=1.0000 validation_f1=0.0125
[LN1235   ] [chunk_18_phase_4_ensemble.py] [info]    temporal drift: Significant precision drift: -53.1% change
[LN1236   ] [chunk_18_phase_4_ensemble.py] [info]    drift: stability_score=0.700
[LN1237   ] [chunk_18_phase_4_ensemble.py] [info] Running Permutation Importance on all trained models...
[LN1238   ] [chunk_18_phase_4_ensemble.py] [info]    CNN Permutation Importance:
[LN1239   ] [chunk_18_phase_4_ensemble.py] [info]       Market_Cap: 0.0000
[LN1240   ] [chunk_18_phase_4_ensemble.py] [info]       52W_Low: 0.0000
[LN1241   ] [chunk_18_phase_4_ensemble.py] [info]       Prev_Close: 0.0000
[LN1242   ] [chunk_18_phase_4_ensemble.py] [info]       Price: 0.0000
[LN1243   ] [chunk_18_phase_4_ensemble.py] [info]       Volume: 0.0000
[LN1244   ] [chunk_18_phase_4_ensemble.py] [info]       52W_High: 0.0000
[LN1245   ] [chunk_18_phase_4_ensemble.py] [info]       Ticker_id: 0.0000
[LN1246   ] [chunk_18_phase_4_ensemble.py] [info]       Perf_YTD: 0.0000
[LN1247   ] [chunk_18_phase_4_ensemble.py] [info]       Perf_Year: 0.0000
[LN1248   ] [chunk_18_phase_4_ensemble.py] [info]       SMA200: 0.0000
[LN1249   ] [chunk_18_phase_4_ensemble.py] [info]    CNN [advanced] entropy=36907.1914, LogitComp=1.00, MI=0.0000
[LN1250   ] [chunk_18_phase_4_ensemble.py] [info]    CNN [advanced] KS-stat=0.0000 (poor_separation), bhattacharyya=-2.9957
[LN1251   ] [chunk_18_phase_4_ensemble.py] [info]    RNN Permutation Importance:
[LN1252   ] [chunk_18_phase_4_ensemble.py] [info]       Volume: 0.0000
[LN1253   ] [chunk_18_phase_4_ensemble.py] [info]       Market_Cap: 0.0000
[LN1254   ] [chunk_18_phase_4_ensemble.py] [info]       Prev_Close: 0.0000
[LN1255   ] [chunk_18_phase_4_ensemble.py] [info]       Price: 0.0000
[LN1256   ] [chunk_18_phase_4_ensemble.py] [info]       SMA200: 0.0000
[LN1257   ] [chunk_18_phase_4_ensemble.py] [info]       52W_Low: -0.0000
[LN1258   ] [chunk_18_phase_4_ensemble.py] [info]       Ticker_id: -0.0000
[LN1259   ] [chunk_18_phase_4_ensemble.py] [info]       52W_High: -0.0000
[LN1260   ] [chunk_18_phase_4_ensemble.py] [info]       Perf_YTD: -0.0000
[LN1261   ] [chunk_18_phase_4_ensemble.py] [info]       Perf_Year: -0.0000
[LN1262   ] [chunk_18_phase_4_ensemble.py] [info]    RNN [advanced] entropy=36911.3750, LogitComp=1.00, MI=0.0000
[LN1263   ] [chunk_18_phase_4_ensemble.py] [info]    RNN [advanced] KS-stat=0.0001 (poor_separation), bhattacharyya=-6.8395
[LN1264   ] [chunk_18_phase_4_ensemble.py] [info]    LSTM Permutation Importance:
[LN1265   ] [chunk_18_phase_4_ensemble.py] [info]       Perf_Year: 0.0016
[LN1266   ] [chunk_18_phase_4_ensemble.py] [info]       Ticker_id: 0.0014
[LN1267   ] [chunk_18_phase_4_ensemble.py] [info]       Market_Cap: 0.0012
[LN1268   ] [chunk_18_phase_4_ensemble.py] [info]       52W_Low: 0.0003
[LN1269   ] [chunk_18_phase_4_ensemble.py] [info]       Perf_YTD: 0.0001
[LN1270   ] [chunk_18_phase_4_ensemble.py] [info]       Volume: -0.0002
[LN1271   ] [chunk_18_phase_4_ensemble.py] [info]       Price: -0.0010
[LN1272   ] [chunk_18_phase_4_ensemble.py] [info]       52W_High: -0.0016
[LN1273   ] [chunk_18_phase_4_ensemble.py] [info]       Prev_Close: -0.0030
[LN1274   ] [chunk_18_phase_4_ensemble.py] [info]       SMA200: -0.0388
[LN1275   ] [chunk_18_phase_4_ensemble.py] [info]    LSTM [advanced] entropy=19769.9180, LogitComp=1.75, MI=0.0020
[LN1276   ] [chunk_18_phase_4_ensemble.py] [info]    LSTM [advanced] KS-stat=0.0648 (poor_separation), bhattacharyya=-3.0137
[LN1277   ] [chunk_18_phase_4_ensemble.py] [info]    Dense Permutation Importance:
[LN1278   ] [chunk_18_phase_4_ensemble.py] [info]       Volume: 0.0025
[LN1279   ] [chunk_18_phase_4_ensemble.py] [info]       52W_High: 0.0017
[LN1280   ] [chunk_18_phase_4_ensemble.py] [info]       Market_Cap: 0.0007
[LN1281   ] [chunk_18_phase_4_ensemble.py] [info]       Perf_Year: 0.0004
[LN1282   ] [chunk_18_phase_4_ensemble.py] [info]       52W_Low: 0.0003
[LN1283   ] [chunk_18_phase_4_ensemble.py] [info]       Ticker_id: -0.0002
[LN1284   ] [chunk_18_phase_4_ensemble.py] [info]       Prev_Close: -0.0006
[LN1285   ] [chunk_18_phase_4_ensemble.py] [info]       SMA200: -0.0009
[LN1286   ] [chunk_18_phase_4_ensemble.py] [info]       Perf_YTD: -0.0009
[LN1287   ] [chunk_18_phase_4_ensemble.py] [info]       Price: -0.0013
[LN1288   ] [chunk_18_phase_4_ensemble.py] [info]    Dense [advanced] entropy=nan, LogitComp=1.79, MI=0.0001
[LN1289   ] [chunk_18_phase_4_ensemble.py] [info]    Dense [advanced] KS-stat=0.0185 (poor_separation), bhattacharyya=-3.5582
[LN1290   ] [chunk_18_phase_4_ensemble.py] [info]    VAE Permutation Importance:
[LN1291   ] [chunk_18_phase_4_ensemble.py] [info]       52W_Low: -0.0034
[LN1292   ] [chunk_18_phase_4_ensemble.py] [info]       Perf_YTD: -0.0038
[LN1293   ] [chunk_18_phase_4_ensemble.py] [info]       Volume: -0.0039
[LN1294   ] [chunk_18_phase_4_ensemble.py] [info]       Perf_Year: -0.0041
[LN1295   ] [chunk_18_phase_4_ensemble.py] [info]       52W_High: -0.0044
[LN1296   ] [chunk_18_phase_4_ensemble.py] [info]       Price: -0.0063
[LN1297   ] [chunk_18_phase_4_ensemble.py] [info]       SMA200: -0.0068
[LN1298   ] [chunk_18_phase_4_ensemble.py] [info]       Ticker_id: -0.0078
[LN1299   ] [chunk_18_phase_4_ensemble.py] [info]       Prev_Close: -0.0081
[LN1300   ] [chunk_18_phase_4_ensemble.py] [info]       Market_Cap: -0.0092
[LN1301   ] [chunk_18_phase_4_ensemble.py] [info]    VAE [advanced] entropy=36911.6719, LogitComp=1.04, MI=0.0000
[LN1302   ] [chunk_18_phase_4_ensemble.py] [info]    VAE [advanced] KS-stat=0.0068 (poor_separation), bhattacharyya=-6.0076
[LN1303   ] [chunk_18_phase_4_ensemble.py] [info]    Transformer Permutation Importance:
[LN1304   ] [chunk_18_phase_4_ensemble.py] [info]       52W_High: 0.0016
[LN1305   ] [chunk_18_phase_4_ensemble.py] [info]       Market_Cap: 0.0003
[LN1306   ] [chunk_18_phase_4_ensemble.py] [info]       Perf_YTD: 0.0003
[LN1307   ] [chunk_18_phase_4_ensemble.py] [info]       Prev_Close: -0.0005
[LN1308   ] [chunk_18_phase_4_ensemble.py] [info]       52W_Low: -0.0010
[LN1309   ] [chunk_18_phase_4_ensemble.py] [info]       Price: -0.0011
[LN1310   ] [chunk_18_phase_4_ensemble.py] [info]       Perf_Year: -0.0014
[LN1311   ] [chunk_18_phase_4_ensemble.py] [info]       Ticker_id: -0.0028
[LN1312   ] [chunk_18_phase_4_ensemble.py] [info]       SMA200: -0.0074
[LN1313   ] [chunk_18_phase_4_ensemble.py] [info]       Volume: -0.0081
[LN1314   ] [chunk_18_phase_4_ensemble.py] [info]    Transformer [advanced] entropy=25445.0020, LogitComp=1.48, MI=0.0009
[LN1315   ] [chunk_18_phase_4_ensemble.py] [info]    Transformer [advanced] KS-stat=0.0556 (poor_separation), bhattacharyya=-3.1690
[LN1316   ] [chunk_18_phase_4_ensemble.py] [info]    CatBoost Permutation Importance:
[LN1317   ] [chunk_18_phase_4_ensemble.py] [info]       Volume: 0.0157
[LN1318   ] [chunk_18_phase_4_ensemble.py] [info]       Prev_Close: 0.0143
[LN1319   ] [chunk_18_phase_4_ensemble.py] [info]       Perf_Year: 0.0119
[LN1320   ] [chunk_18_phase_4_ensemble.py] [info]       Ticker_id: 0.0074
[LN1321   ] [chunk_18_phase_4_ensemble.py] [info]       SMA200: 0.0055
[LN1322   ] [chunk_18_phase_4_ensemble.py] [info]       52W_High: 0.0033
[LN1323   ] [chunk_18_phase_4_ensemble.py] [info]       Market_Cap: 0.0013
[LN1324   ] [chunk_18_phase_4_ensemble.py] [info]       Price: -0.0029
[LN1325   ] [chunk_18_phase_4_ensemble.py] [info]       52W_Low: -0.0061
[LN1326   ] [chunk_18_phase_4_ensemble.py] [info]       Perf_YTD: -0.0112
[LN1327   ] [chunk_18_phase_4_ensemble.py] [info]    CatBoost [advanced] entropy=30978.5136, LogitComp=2.92, MI=0.0002
[LN1328   ] [chunk_18_phase_4_ensemble.py] [info]    CatBoost [advanced] KS-stat=0.0354 (poor_separation), bhattacharyya=-3.0472
[LN1329   ] [chunk_18_phase_4_ensemble.py] [info]    LightGBM Permutation Importance:
[LN1330   ] [chunk_18_phase_4_ensemble.py] [info]       Volume: 0.0038
[LN1331   ] [chunk_18_phase_4_ensemble.py] [info]       Ticker_id: 0.0006
[LN1332   ] [chunk_18_phase_4_ensemble.py] [info]       52W_High: 0.0002
[LN1333   ] [chunk_18_phase_4_ensemble.py] [info]       Perf_YTD: 0.0002
[LN1334   ] [chunk_18_phase_4_ensemble.py] [info]       52W_Low: -0.0004
[LN1335   ] [chunk_18_phase_4_ensemble.py] [info]       SMA200: -0.0007
[LN1336   ] [chunk_18_phase_4_ensemble.py] [info]       Prev_Close: -0.0022
[LN1337   ] [chunk_18_phase_4_ensemble.py] [info]       Market_Cap: -0.0043
[LN1338   ] [chunk_18_phase_4_ensemble.py] [info]       Perf_Year: -0.0102
[LN1339   ] [chunk_18_phase_4_ensemble.py] [info]       Price: -0.0110
[LN1340   ] [chunk_18_phase_4_ensemble.py] [info]    LightGBM [advanced] entropy=32915.5825, LogitComp=2.23, MI=0.0003
[LN1341   ] [chunk_18_phase_4_ensemble.py] [info]    LightGBM [advanced] KS-stat=0.0453 (poor_separation), bhattacharyya=-3.0182
[LN1342   ] [chunk_18_phase_4_ensemble.py] [info]    XGBoost Permutation Importance:
[LN1343   ] [chunk_18_phase_4_ensemble.py] [info]       52W_High: 0.0189
[LN1344   ] [chunk_18_phase_4_ensemble.py] [info]       Prev_Close: 0.0099
[LN1345   ] [chunk_18_phase_4_ensemble.py] [info]       Perf_Year: 0.0079
[LN1346   ] [chunk_18_phase_4_ensemble.py] [info]       Perf_YTD: 0.0072
[LN1347   ] [chunk_18_phase_4_ensemble.py] [info]       52W_Low: 0.0000
[LN1348   ] [chunk_18_phase_4_ensemble.py] [info]       Volume: 0.0000
[LN1349   ] [chunk_18_phase_4_ensemble.py] [info]       Ticker_id: 0.0000
[LN1350   ] [chunk_18_phase_4_ensemble.py] [info]       Market_Cap: -0.0000
[LN1351   ] [chunk_18_phase_4_ensemble.py] [info]       Price: -0.0001
[LN1352   ] [chunk_18_phase_4_ensemble.py] [info]       SMA200: -0.0134
[LN1353   ] [chunk_18_phase_4_ensemble.py] [info]    XGBoost [advanced] entropy=36912.5977, LogitComp=1.01, MI=0.0002
[LN1354   ] [chunk_18_phase_4_ensemble.py] [info]    XGBoost [advanced] KS-stat=0.0409 (poor_separation), bhattacharyya=-7.7949
[LN1355   ] [chunk_18_phase_4_ensemble.py] [info] Filtering architectures by minimum validation_precision > 0.50:
[LN1356   ] [chunk_18_phase_4_ensemble.py] [info]   CNN: validation_precision=0.5403 PASS (Minimum Validation_Precision Required=0.50)
[LN1357   ] [chunk_18_phase_4_ensemble.py] [info]   RNN: validation_precision=0.5403 PASS (Minimum Validation_Precision Required=0.50)
[LN1358   ] [chunk_18_phase_4_ensemble.py] [info]   LSTM: validation_precision=0.1506 FAIL (Minimum Validation_Precision Required=0.50)
[LN1359   ] [chunk_18_phase_4_ensemble.py] [info]   Dense: validation_precision=0.5385 PASS (Minimum Validation_Precision Required=0.50)
[LN1360   ] [chunk_18_phase_4_ensemble.py] [info]   VAE: validation_precision=0.5465 PASS (Minimum Validation_Precision Required=0.50)
[LN1361   ] [chunk_18_phase_4_ensemble.py] [info]   Transformer: validation_precision=0.0917 FAIL (Minimum Validation_Precision Required=0.50)
[LN1362   ] [chunk_18_phase_4_ensemble.py] [info]   CatBoost: validation_precision=0.5665 PASS (Minimum Validation_Precision Required=0.50)
[LN1363   ] [chunk_18_phase_4_ensemble.py] [info]   LightGBM: validation_precision=0.5246 PASS (Minimum Validation_Precision Required=0.50)
[LN1364   ] [chunk_18_phase_4_ensemble.py] [info]   XGBoost: validation_precision=0.5652 PASS (Minimum Validation_Precision Required=0.50)
[LN1365   ] [chunk_18_phase_4_ensemble.py] [info] ensemble: 7 architectures (CNN, RNN, Dense, VAE, CatBoost, LightGBM, XGBoost)
[LN1366   ] [chunk_18_phase_4_ensemble.py] [info]   Ensemble weighting: uniform
[LN1367   ] [chunk_18_phase_4_ensemble.py] [info]    [diagnostic-ensemble]  cumulative binary_split_predictions (1%) ≤ 0.3983, (5%) ≤ 0.4111, (10%) ≤ 0.4210, (25%) ≤ 0.4430, (50%) ≤ 0.4702, (75%) ≤ 0.5016, (90%) ≤ 0.5334, (95%) ≤ 0.5552, (99%) ≤ 0.6077, max=0.6610 binary_split_predictions distribution: 0% ≤ 0.01, 0% ≤ 0.02, 0% ≤ 0.05, 0% ≤ 0.1, 0% ≤ 0.2, 74% ≤ 0.5, 26% ≥ 0.50
[LN1368   ] [chunk_18_phase_4_ensemble.py] [info] Ensemble precision (validation): 0.5290 (LABEL_THRESHOLD=0.0, prediction_binary_split=0.50)
[LN1369   ] [chunk_18_phase_4_ensemble.py] [info] ARCHITECTURE RANKING (by validation_precision)
[LN1370   ] [chunk_18_phase_4_ensemble.py] [info] 1. CatBoost     label_threshold=0.0 validation_precision=0.5665 VALIDATION_TRUE_POSITIVES=4287 VALIDATION_TRUE_NEGATIVES=21199 validation_false_positives=3281 validation_false_negatives=24487 validation_max_prediction=0.9947 validation_mean_prediction=0.3369 validation_recall=0.1490 validation_f1=0.2359 validation_auc=0.4866 validation_specificity=0.8660 validation_false_positive_rate=0.1340 validation_f2=0.1747 validation_mcc=0.0214 validation_prauc=0.5559 validation_balanced_accuracy=0.5075 validation_brier=0.3137 validation_kappa=0.0141 validation_informedness=0.0150 validation_markedness=0.4324 validation_gini=0.0000 validation_optimal_threshold=0.6149 validation_standard_deviation_prediction=0.1581 validation_percentage_above_threshold=14.21
[LN1371   ] [chunk_18_phase_4_ensemble.py] [info] 2. XGBoost      label_threshold=0.0 validation_precision=0.5652 VALIDATION_TRUE_POSITIVES=3495 VALIDATION_TRUE_NEGATIVES=21791 validation_false_positives=2689 validation_false_negatives=25279 validation_max_prediction=0.5054 validation_mean_prediction=0.4989 validation_recall=0.1215 validation_f1=0.2000 validation_auc=0.4832 validation_specificity=0.9993 validation_false_positive_rate=0.0007 validation_f2=0.0078 validation_mcc=0.0461 validation_prauc=0.5460 validation_balanced_accuracy=0.5028 validation_brier=0.2501 validation_kappa=0.0052 validation_informedness=0.0056 validation_markedness=0.9177 validation_gini=0.0000 validation_optimal_threshold=0.5008 validation_standard_deviation_prediction=0.0011 validation_percentage_above_threshold=0.37
[LN1372   ] [chunk_18_phase_4_ensemble.py] [info] 3. VAE          label_threshold=0.0 validation_precision=0.5465 VALIDATION_TRUE_POSITIVES=3848 VALIDATION_TRUE_NEGATIVES=21287 validation_false_positives=3193 validation_false_negatives=24926 validation_max_prediction=0.5195 validation_mean_prediction=0.4987 validation_recall=0.1337 validation_f1=0.2149 validation_auc=0.5007 validation_specificity=0.8680 validation_false_positive_rate=0.1320 validation_f2=0.1556 validation_mcc=0.0001 validation_prauc=0.5395 validation_balanced_accuracy=0.5000 validation_brier=0.2501 validation_kappa=0.0000 validation_informedness=0.0000 validation_markedness=0.4084 validation_gini=0.0000 validation_optimal_threshold=0.4997 validation_standard_deviation_prediction=0.0031 validation_percentage_above_threshold=13.20
[LN1373   ] [chunk_18_phase_4_ensemble.py] [info] 4. CNN          label_threshold=0.0 validation_precision=0.5403 VALIDATION_TRUE_POSITIVES=28774 VALIDATION_TRUE_NEGATIVES=0 validation_false_positives=24480 validation_false_negatives=0 validation_max_prediction=0.5073 validation_mean_prediction=0.5073 validation_recall=1.0000 validation_f1=0.7016 validation_auc=0.5000 validation_specificity=0.0000 validation_false_positive_rate=1.0000 validation_f2=0.8546 validation_mcc=0.0000 validation_prauc=0.5403 validation_balanced_accuracy=0.5000 validation_brier=0.2495 validation_kappa=0.0000 validation_informedness=0.0000 validation_markedness=-0.4597 validation_gini=0.0000 validation_optimal_threshold=inf validation_standard_deviation_prediction=0.0000 validation_percentage_above_threshold=100.00
[LN1374   ] [chunk_18_phase_4_ensemble.py] [info] 5. RNN          label_threshold=0.0 validation_precision=0.5403 VALIDATION_TRUE_POSITIVES=28774 VALIDATION_TRUE_NEGATIVES=0 validation_false_positives=24480 validation_false_negatives=0 validation_max_prediction=0.5037 validation_mean_prediction=0.5037 validation_recall=1.0000 validation_f1=0.7016 validation_auc=0.5000 validation_specificity=0.0000 validation_false_positive_rate=1.0000 validation_f2=0.8546 validation_mcc=0.0000 validation_prauc=0.5403 validation_balanced_accuracy=0.5000 validation_brier=0.2497 validation_kappa=0.0000 validation_informedness=0.0000 validation_markedness=-0.4597 validation_gini=0.0000 validation_optimal_threshold=inf validation_standard_deviation_prediction=0.0000 validation_percentage_above_threshold=100.00
[LN1375   ] [chunk_18_phase_4_ensemble.py] [info] 6. Dense        label_threshold=0.0 validation_precision=0.5385 VALIDATION_TRUE_POSITIVES=26485 VALIDATION_TRUE_NEGATIVES=1778 validation_false_positives=22702 validation_false_negatives=2289 validation_max_prediction=0.6934 validation_mean_prediction=0.5441 validation_recall=0.9204 validation_f1=0.6794 validation_auc=0.4997 validation_specificity=0.0726 validation_false_positive_rate=0.9274 validation_f2=0.8061 validation_mcc=-0.0130 validation_prauc=0.5531 validation_balanced_accuracy=0.4965 validation_brier=0.2492 validation_kappa=-0.0074 validation_informedness=-0.0069 validation_markedness=-0.3889 validation_gini=0.0000 validation_optimal_threshold=0.5660 validation_standard_deviation_prediction=0.0332 validation_percentage_above_threshold=92.36
[LN1376   ] [chunk_18_phase_4_ensemble.py] [info] 7. LightGBM     label_threshold=0.0 validation_precision=0.5246 VALIDATION_TRUE_POSITIVES=10605 VALIDATION_TRUE_NEGATIVES=14868 validation_false_positives=9612 validation_false_negatives=18169 validation_max_prediction=0.9972 validation_mean_prediction=0.4412 validation_recall=0.3686 validation_f1=0.4329 validation_auc=0.4801 validation_specificity=0.6074 validation_false_positive_rate=0.3926 validation_f2=0.3919 validation_mcc=-0.0247 validation_prauc=0.5498 validation_balanced_accuracy=0.4880 validation_brier=0.2938 validation_kappa=-0.0235 validation_informedness=-0.0241 validation_markedness=0.1319 validation_gini=0.0000 validation_optimal_threshold=0.6679 validation_standard_deviation_prediction=0.1769 validation_percentage_above_threshold=37.96
[LN1377   ] [chunk_18_phase_4_ensemble.py] [info] 8. LSTM         label_threshold=5.0 validation_precision=0.1506 VALIDATION_TRUE_POSITIVES=2779 VALIDATION_TRUE_NEGATIVES=33706 validation_false_positives=15675 validation_false_negatives=1094 validation_max_prediction=0.8787 validation_mean_prediction=0.3059 validation_recall=0.7175 validation_f1=0.2489 validation_auc=0.7588 validation_specificity=0.6826 validation_false_positive_rate=0.3174 validation_f2=0.4093 validation_mcc=0.2183 validation_prauc=0.1738 validation_balanced_accuracy=0.7001 validation_brier=0.1682 validation_kappa=0.1463 validation_informedness=0.4001 validation_markedness=-0.1668 validation_gini=0.5176 validation_optimal_threshold=0.3708 validation_standard_deviation_prediction=0.2866 validation_percentage_above_threshold=34.65
[LN1378   ] [chunk_18_phase_4_ensemble.py] [info] 9. Transformer  label_threshold=5.0 validation_precision=0.0917 VALIDATION_TRUE_POSITIVES=2599 VALIDATION_TRUE_NEGATIVES=23643 validation_false_positives=25738 validation_false_negatives=1274 validation_max_prediction=0.8533 validation_mean_prediction=0.4655 validation_recall=0.6711 validation_f1=0.1614 validation_auc=0.6066 validation_specificity=0.4788 validation_false_positive_rate=0.5212 validation_f2=0.2965 validation_mcc=0.0780 validation_prauc=0.1146 validation_balanced_accuracy=0.5749 validation_brier=0.2964 validation_kappa=0.0383 validation_informedness=0.1498 validation_markedness=-0.4295 validation_gini=0.2132 validation_optimal_threshold=0.7163 validation_standard_deviation_prediction=0.2962 validation_percentage_above_threshold=53.21
[LN1379   ] [chunk_18_phase_4_ensemble.py] [info] hyperparameter_optimization IMPACT SUMMARY
[LN1380   ] [chunk_18_phase_4_ensemble.py] [info] CNN          pre_hpo_validation_precision=0.5231 post_hpo_validation_precision=0.5403 hpo_improved=Yes
[LN1381   ] [chunk_18_phase_4_ensemble.py] [info] RNN          pre_hpo_validation_precision=0.5188 post_hpo_validation_precision=0.5403 hpo_improved=Yes
[LN1382   ] [chunk_18_phase_4_ensemble.py] [info] LSTM         pre_hpo_validation_precision=0.0000 post_hpo_validation_precision=0.0200 hpo_improved=Yes
[LN1383   ] [chunk_18_phase_4_ensemble.py] [info] Dense        pre_hpo_validation_precision=0.5111 post_hpo_validation_precision=0.5385 hpo_improved=Yes
[LN1384   ] [chunk_18_phase_4_ensemble.py] [info] VAE          pre_hpo_validation_precision=0.5465 post_hpo_validation_precision=0.5401 hpo_improved=No
[LN1385   ] [chunk_18_phase_4_ensemble.py] [info] Transformer  pre_hpo_validation_precision=0.0000 post_hpo_validation_precision=0.0207 hpo_improved=Yes
[LN1386   ] [chunk_18_phase_4_ensemble.py] [info] CatBoost     pre_hpo_validation_precision=0.5665 post_hpo_validation_precision=0.5569 hpo_improved=No
[LN1387   ] [chunk_18_phase_4_ensemble.py] [info] LightGBM     pre_hpo_validation_precision=0.5246 post_hpo_validation_precision=0.0000 hpo_improved=No
[LN1388   ] [chunk_18_phase_4_ensemble.py] [info] XGBoost      pre_hpo_validation_precision=0.5460 post_hpo_validation_precision=0.5652 hpo_improved=Yes
[LN1389   ] [chunk_18_phase_4_ensemble.py] [info] TRAINING TIME SUMMARY
[LN1390   ] [chunk_18_phase_4_ensemble.py] [info]    CNN: 5744.4s
[LN1391   ] [chunk_18_phase_4_ensemble.py] [info]    RNN: 3004.3s
[LN1392   ] [chunk_18_phase_4_ensemble.py] [info]    LSTM: 1504.4s
[LN1393   ] [chunk_18_phase_4_ensemble.py] [info]    Dense: 844.8s
[LN1394   ] [chunk_18_phase_4_ensemble.py] [info]    VAE: 782.1s
[LN1395   ] [chunk_18_phase_4_ensemble.py] [info]    Transformer: 1940.8s
[LN1396   ] [chunk_18_phase_4_ensemble.py] [info]    CatBoost: 56.9s
[LN1397   ] [chunk_18_phase_4_ensemble.py] [info]    LightGBM: 33.3s
[LN1398   ] [chunk_18_phase_4_ensemble.py] [info]    XGBoost: 19.7s
[LN1399   ] [chunk_18_phase_4_ensemble.py] [info]    total: 13930.7s
[LN1400   ] [chunk_18_phase_4_ensemble.py] [info]    Saved CNN model to ./saved_models/CNN_model.keras
[LN1401   ] [chunk_18_phase_4_ensemble.py] [info]    Saved CNN scaler to ./saved_models/CNN_scaler.joblib
[LN1402   ] [chunk_18_phase_4_ensemble.py] [info]    Saved RNN model to ./saved_models/RNN_model.keras
[LN1403   ] [chunk_18_phase_4_ensemble.py] [info]    Saved RNN scaler to ./saved_models/RNN_scaler.joblib
[LN1404   ] [chunk_18_phase_4_ensemble.py] [info]    Skipping LSTM (precision 0.1506 < 0.5)
[LN1405   ] [chunk_18_phase_4_ensemble.py] [info]    Saved Dense model to ./saved_models/Dense_model.keras
[LN1406   ] [chunk_18_phase_4_ensemble.py] [info]    Saved Dense scaler to ./saved_models/Dense_scaler.joblib
[LN1407   ] [chunk_18_phase_4_ensemble.py] [info]    Saved VAE model to ./saved_models/VAE_model.keras
[LN1408   ] [chunk_18_phase_4_ensemble.py] [info]    Saved VAE scaler to ./saved_models/VAE_scaler.joblib
[LN1409   ] [chunk_18_phase_4_ensemble.py] [info]    Skipping Transformer (precision 0.0917 < 0.5)
[LN1410   ] [chunk_18_phase_4_ensemble.py] [info]    Saved CatBoost model to ./saved_models/CatBoost_model.joblib
[LN1411   ] [chunk_18_phase_4_ensemble.py] [info]    Saved LightGBM model to ./saved_models/LightGBM_model.joblib
[LN1412   ] [chunk_18_phase_4_ensemble.py] [info]    Saved XGBoost model to ./saved_models/XGBoost_model.joblib
[LN1413   ] [chunk_18_phase_4_ensemble.py] [info]    Saved temporal weights to ./saved_models/temporal_weights.json
[LN1414   ] [chunk_18_phase_4_ensemble.py] [info]    Saved feature names to ./saved_models/feature_names.json
[LN1415   ] [chunk_18_phase_4_ensemble.py] [info]    Saved split date to ./saved_models/split_date.txt
[LN1416   ] [chunk_18_phase_4_ensemble.py] [info]    Saved all training dates to ./saved_models/all_dates.json
[LN1417   ] [chunk_18_phase_4_ensemble.py] [info]    Saved CNN metadata to ./saved_models/CNN_metadata.json
[LN1418   ] [chunk_18_phase_4_ensemble.py] [info]    Saved RNN metadata to ./saved_models/RNN_metadata.json
[LN1419   ] [chunk_18_phase_4_ensemble.py] [info]    Saved Dense metadata to ./saved_models/Dense_metadata.json
[LN1420   ] [chunk_18_phase_4_ensemble.py] [info]    Saved VAE metadata to ./saved_models/VAE_metadata.json
[LN1421   ] [chunk_18_phase_4_ensemble.py] [info]    Saved CatBoost metadata to ./saved_models/CatBoost_metadata.json
[LN1422   ] [chunk_18_phase_4_ensemble.py] [info]    Saved LightGBM metadata to ./saved_models/LightGBM_metadata.json
[LN1423   ] [chunk_18_phase_4_ensemble.py] [info]    Saved XGBoost metadata to ./saved_models/XGBoost_metadata.json
[LN1424   ] [chunk_18_phase_4_ensemble.py] [info]    7 model(s) and parameters saved to ./saved_models
[LN1425   ] [chunk_XX_phase_feature_analysis_b.py] [info] Phase Xb: Temporal Precision Gap Analysis - Starting
[LN1426   ] [chunk_XX_phase_feature_analysis_b.py] [info] Analyzing temporal precision gap for 9 architectures
[LN1427   ] [chunk_XX_phase_feature_analysis_b.py] [info] Label threshold: 0.0, Prediction threshold: 0.5
[LN1428   ] [chunk_XX_phase_feature_analysis_b.py] [info] Validation date split: 9 unique dates, tail=3 days each (N_DAYS=3, FRACTION=33%)
[LN1429   ] [chunk_XX_phase_feature_analysis_b.py] [info] Validation Recent dates (newest 3 days, 20251017..20251021): 17,747 samples, 9,922 signal cases
[LN1430   ] [chunk_XX_phase_feature_analysis_b.py] [info] Validation Older dates (oldest 3 days, 20251009..20251013): 17,755 samples, 9,261 signal cases
[LN1431   ] [chunk_XX_phase_feature_analysis_b.py] [info] Temporal Precision Gap (validation set): Recent = newest 3 days (20251017..20251021), Older = oldest 3 days (20251009..20251013), middle 3 days excluded as buffer
[LN1432   ] [chunk_XX_phase_feature_analysis_b.py] [info] Phase Xb: Temporal Precision Gap Analysis Report - FULL METRICS
[LN1433   ] [chunk_XX_phase_feature_analysis_b.py] [info] Architecture validation_recent_precision validation_recent_recall validation_recent_auc validation_recent_f1 validation_older_precision validation_older_recall validation_older_auc validation_older_f1    Gap
[LN1434   ] [chunk_XX_phase_feature_analysis_b.py] [info] CNN          validation_recent_precision=  0.5591 validation_recent_recall=  1.0000 validation_recent_auc=    0.5000 validation_recent_f1=  0.7172 validation_older_precision=  0.5216 validation_older_recall=  1.0000 validation_older_auc=    0.5000 validation_older_f1=  0.6856 Gap= +0.04
[LN1435   ] [chunk_XX_phase_feature_analysis_b.py] [info] RNN          validation_recent_precision=  0.5591 validation_recent_recall=  1.0000 validation_recent_auc=    0.5000 validation_recent_f1=  0.7172 validation_older_precision=  0.5216 validation_older_recall=  1.0000 validation_older_auc=    0.5000 validation_older_f1=  0.6856 Gap= +0.04
[LN1436   ] [chunk_XX_phase_feature_analysis_b.py] [info] VAE          validation_recent_precision=  0.5604 validation_recent_recall=  0.1300 validation_recent_auc=    0.5015 validation_recent_f1=  0.2111 validation_older_precision=  0.5237 validation_older_recall=  0.1336 validation_older_auc=    0.4967 validation_older_f1=  0.2129 Gap= +0.04
[LN1437   ] [chunk_XX_phase_feature_analysis_b.py] [info] Dense        validation_recent_precision=  0.5482 validation_recent_recall=  0.8959 validation_recent_auc=    0.4096 validation_recent_f1=  0.6802 validation_older_precision=  0.5178 validation_older_recall=  0.9192 validation_older_auc=    0.5194 validation_older_f1=  0.6625 Gap= +0.03
[LN1438   ] [chunk_XX_phase_feature_analysis_b.py] [info] XGBoost      validation_recent_precision=  0.5643 validation_recent_recall=  0.0424 validation_recent_auc=    0.4565 validation_recent_f1=  0.0789 validation_older_precision=  0.5550 validation_older_recall=  0.2521 validation_older_auc=    0.4981 validation_older_f1=  0.3467 Gap= +0.01
[LN1439   ] [chunk_XX_phase_feature_analysis_b.py] [info] LSTM         validation_recent_precision=  0.4807 validation_recent_recall=  0.2994 validation_recent_auc=    0.4303 validation_recent_f1=  0.3690 validation_older_precision=  0.4788 validation_older_recall=  0.3210 validation_older_auc=    0.4663 validation_older_f1=  0.3844 Gap= +0.00
[LN1440   ] [chunk_XX_phase_feature_analysis_b.py] [info] CatBoost     validation_recent_precision=  0.5339 validation_recent_recall=  0.0889 validation_recent_auc=    0.4770 validation_recent_f1=  0.1524 validation_older_precision=  0.5681 validation_older_recall=  0.2414 validation_older_auc=    0.5021 validation_older_f1=  0.3389 Gap= -0.03
[LN1441   ] [chunk_XX_phase_feature_analysis_b.py] [info] LightGBM     validation_recent_precision=  0.4620 validation_recent_recall=  0.2434 validation_recent_auc=    0.4190 validation_recent_f1=  0.3188 validation_older_precision=  0.5221 validation_older_recall=  0.4588 validation_older_auc=    0.4993 validation_older_f1=  0.4884 Gap= -0.06
[LN1442   ] [chunk_XX_phase_feature_analysis_b.py] [info] Transformer  validation_recent_precision=  0.4253 validation_recent_recall=  0.3084 validation_recent_auc=    0.3541 validation_recent_f1=  0.3575 validation_older_precision=  0.5229 validation_older_recall=  0.6268 validation_older_auc=    0.4868 validation_older_f1=  0.5702 Gap= -0.10
[LN1443   ] [chunk_XX_phase_feature_analysis_b.py] [info] BEST for recent signals: CNN (Gap: +0.0375)
[LN1444   ] [chunk_XX_phase_feature_analysis_b.py] [info] WORST for recent signals: Transformer (Gap: -0.0976)
[LN1445   ] [chunk_XX_phase_feature_analysis_b.py] [info] 0/9 architectures show positive temporal precision gap
[LN1446   ] [chunk_XX_phase_feature_analysis_b.py] [warning] warning: No architecture shows meaningful improvement on recent signals
[LN1447   ] [chunk_XX_phase_feature_analysis_b.py] [warning] Consider: stronger temporal weighting or different architectures
[LN1448   ] [chunk_XX_phase_feature_analysis_b.py] [info] Phase Xb: Temporal Precision Gap Analysis - COMPLETE
[LN1449   ] [chunk_20_pipeline_main.py] [info] [skip] Phase Xb: Temporal Precision Gap validation skipped (no validator)
[LN1450   ] [chunk_19_phase_5_optimization.py] [info] Loading saved models from ./saved_models...
[LN1451   ] [chunk_22_model_loader.py] [info] Loaded CNN model
[LN1452   ] [chunk_22_model_loader.py] [info] Loaded CNN metadata: label_threshold=0.0
[LN1453   ] [chunk_22_model_loader.py] [info] Loaded RNN model
[LN1454   ] [chunk_22_model_loader.py] [info] Loaded RNN metadata: label_threshold=0.0
[LN1455   ] [chunk_22_model_loader.py] [info] Loaded Dense model
[LN1456   ] [chunk_22_model_loader.py] [info] Loaded Dense metadata: label_threshold=0.0
[LN1457   ] [chunk_22_model_loader.py] [info] Loaded CatBoost model (sklearn)
[LN1458   ] [chunk_22_model_loader.py] [info] Loaded CatBoost metadata: label_threshold=0.0
[LN1459   ] [chunk_22_model_loader.py] [info] Loaded LightGBM model (sklearn)
[LN1460   ] [chunk_22_model_loader.py] [info] Loaded LightGBM metadata: label_threshold=0.0
[LN1461   ] [chunk_22_model_loader.py] [info] Loaded VAE model
[LN1462   ] [chunk_22_model_loader.py] [info] Loaded VAE metadata: label_threshold=0.0
[LN1463   ] [chunk_22_model_loader.py] [info] Loaded XGBoost model (sklearn)
[LN1464   ] [chunk_22_model_loader.py] [info] Loaded XGBoost metadata: label_threshold=0.0
[LN1465   ] [chunk_19_phase_5_optimization.py] [info] Loaded architectures: ['CNN', 'RNN', 'Dense', 'CatBoost', 'LightGBM', 'VAE', 'XGBoost']
[LN1466   ] [chunk_19_phase_5_optimization.py] [info] Receiving inference data from context (NO CSV loading)...
[LN1467   ] [chunk_19_phase_5_optimization.py] [info]   Inference samples: 11,844
[LN1468   ] [chunk_19_phase_5_optimization.py] [info]   Inference date(s): [20251022 20251023]
[LN1469   ] [chunk_19_phase_5_optimization.py] [info]   Feature count: 34
[LN1470   ] [chunk_19_phase_5_optimization.py] [info]   Features will be selected per-architecture from 34 total
[LN1471   ] [chunk_19_phase_5_optimization.py] [info]   Label threshold: 20.0
[LN1472   ] [chunk_19_phase_5_optimization.py] [info]   Inference data: RAW (no temporal weighting applied)
[LN1473   ] [chunk_19_phase_5_optimization.py] [info]   X shape (RAW, no weighting): (11844, 34)
[LN1474   ] [chunk_19_phase_5_optimization.py] [info]   y shape: (11844,)
[LN1475   ] [chunk_19_phase_5_optimization.py] [info]   Temporal weights applied: min=1.00, max=1.41
[LN1476   ] [chunk_19_phase_5_optimization.py] [info] 
[LN1477   ] [chunk_19_phase_5_optimization.py] [info] Per-Architecture Results on Newest Data
[LN1478   ] [chunk_19_phase_5_optimization.py] [info]   CNN: using 10 features (optimal threshold's pruning)
[LN1479   ] [chunk_19_phase_5_optimization.py] [info] CNN (LABEL_THRESHOLD=0.0, prediction_binary_split=0.50, hyperparams={'loss_function': 'binary_crossentropy', 'filters': 64, 'kernel_size': 3, 'dropout': 0.1, 'learning_rate': 0.01, 'epochs': 30, 'alpha': 0.75, 'gamma': 2.0, 'layers': 3, 'pooling': 'none'}, VALIDATION_PRECISION=0.5403):
[LN1480   ] [chunk_19_phase_5_optimization.py] [info]    Winsor bounds applied: percentiles [3%, 95%], n_features=10, clip_range=[-37.3038, 36.4199]
[LN1481   ] [chunk_19_phase_5_optimization.py] [info]    predictions: mean=0.5073, std=0.0000, min=0.5073, max=0.5073
[LN1482   ] [chunk_19_phase_5_optimization.py] [info]    INFERENCE predictions: 100.00% positive predictions (11,844 / 11,844)
[LN1483   ] [chunk_19_phase_5_optimization.py] [info]   CNN t=0.0: inference_precision=0.6494 inference_recall=1.0000 inference_auc=0.5000 inference_f1=0.7875 inference_false_negatives=0 inference_true_negatives=0 inference_true_positives=7692 inference_false_positives=4152
[LN1484   ] [chunk_19_phase_5_optimization.py] [info]   CNN - Inference: inference_precision=0.6494 inference_true_positives=7692 inference_true_negatives=0 inference_false_positives=4152 inference_false_negatives=0 inference_max_prediction=0.5073 inference_mean_prediction=0.5073 inference_recall=1.0000 inference_f1=0.7875 inference_auc=0.5000 inference_specificity=0.0000 inference_false_positive_rate=1.0000 inference_f2=0.9026 inference_mcc=0.0000 inference_prauc=0.6494 inference_balanced_accuracy=0.5000 inference_standard_deviation_prediction=0.0000 inference_percentage_above_threshold=100.00 inference_brier=0.2479 inference_kappa=0.0000 inference_informedness=0.0000 inference_markedness=-0.3506 inference_gini=0.0000 inference_optimal_threshold=inf
[LN1485   ] [chunk_19_phase_5_optimization.py] [info] 
[LN1486   ] [chunk_19_phase_5_optimization.py] [info] CNN MODEL PREDICTED SIGNAL (11844 rows)
[LN1487   ] [chunk_19_phase_5_optimization.py] [info] CNN inference_precision=0.6494 prediction_binary_split=0.5 predicted=11844
[LN1488   ] [chunk_19_phase_5_optimization.py] [info] Row,Market_Cap,52W_Low,Prev_Close,Price,Volume,52W_High,Ticker_id,Perf_YTD,Perf_Year,SMA200,Perf_Half_Y,Avg_Volume,Perf_Quarter,SMA50,Perf_Month,SMA20,ATR,RSI_14,Perf_Week,Rel_Volume,Change,Price_to_52W_High,Volume_to_Avg_Volume,Price_to_52W_Low,Price_to_Prev_Close,SMA50_to_SMA200,52W_Low_x_SMA20,Change_x_Volume,Price_to_52W_High_x_Perf_Week,52W_Low_x_Price_to_Prev_Close,RSI_oversold,RSI_neutral_low,RSI_neutral_high,RSI_overbought
[LN1489   ] [chunk_19_phase_5_optimization.py] [info]   RNN: using 10 features (optimal threshold's pruning)
[LN1490   ] [chunk_19_phase_5_optimization.py] [info] RNN (LABEL_THRESHOLD=0.0, prediction_binary_split=0.50, hyperparams={'loss_function': 'focal_loss', 'units': 256, 'dropout': 0.0, 'learning_rate': 0.005, 'epochs': 30, 'alpha': 0.75, 'gamma': 2.0, 'layers': 1}, VALIDATION_PRECISION=0.5403):
[LN1491   ] [chunk_19_phase_5_optimization.py] [info]    Winsor bounds applied: percentiles [3%, 97%], n_features=10, clip_range=[-37.3038, 44.2563]
[LN1492   ] [chunk_19_phase_5_optimization.py] [info]    predictions: mean=0.5037, std=0.0000, min=0.5037, max=0.5037
[LN1493   ] [chunk_19_phase_5_optimization.py] [info]    INFERENCE predictions: 100.00% positive predictions (11,844 / 11,844)
[LN1494   ] [chunk_19_phase_5_optimization.py] [info]   RNN t=0.0: inference_precision=0.6494 inference_recall=1.0000 inference_auc=0.5000 inference_f1=0.7875 inference_false_negatives=0 inference_true_negatives=0 inference_true_positives=7692 inference_false_positives=4152
[LN1495   ] [chunk_19_phase_5_optimization.py] [info]   RNN - Inference: inference_precision=0.6494 inference_true_positives=7692 inference_true_negatives=0 inference_false_positives=4152 inference_false_negatives=0 inference_max_prediction=0.5037 inference_mean_prediction=0.5037 inference_recall=1.0000 inference_f1=0.7875 inference_auc=0.5000 inference_specificity=0.0000 inference_false_positive_rate=1.0000 inference_f2=0.9026 inference_mcc=0.0000 inference_prauc=0.6494 inference_balanced_accuracy=0.5000 inference_standard_deviation_prediction=0.0000 inference_percentage_above_threshold=100.00 inference_brier=0.2489 inference_kappa=0.0000 inference_informedness=0.0000 inference_markedness=-0.3506 inference_gini=0.0000 inference_optimal_threshold=inf
[LN1496   ] [chunk_19_phase_5_optimization.py] [info] 
[LN1497   ] [chunk_19_phase_5_optimization.py] [info] RNN MODEL PREDICTED SIGNAL (11844 rows)
[LN1498   ] [chunk_19_phase_5_optimization.py] [info] RNN inference_precision=0.6494 prediction_binary_split=0.5 predicted=11844
[LN1499   ] [chunk_19_phase_5_optimization.py] [info] Row,Market_Cap,52W_Low,Prev_Close,Price,Volume,52W_High,Ticker_id,Perf_YTD,Perf_Year,SMA200,Perf_Half_Y,Avg_Volume,Perf_Quarter,SMA50,Perf_Month,SMA20,ATR,RSI_14,Perf_Week,Rel_Volume,Change,Price_to_52W_High,Volume_to_Avg_Volume,Price_to_52W_Low,Price_to_Prev_Close,SMA50_to_SMA200,52W_Low_x_SMA20,Change_x_Volume,Price_to_52W_High_x_Perf_Week,52W_Low_x_Price_to_Prev_Close,RSI_oversold,RSI_neutral_low,RSI_neutral_high,RSI_overbought
[LN1500   ] [chunk_19_phase_5_optimization.py] [info]   Dense: using 10 features (optimal threshold's pruning)
[LN1501   ] [chunk_19_phase_5_optimization.py] [info] Dense (LABEL_THRESHOLD=0.0, prediction_binary_split=0.50, hyperparams={'units': 128, 'layers': 2, 'dropout': 0.4, 'learning_rate': 0.001, 'epochs': 20, 'loss_function': 'focal_loss', 'alpha': 1.0, 'gamma': 2.5, 'batch_size': 32, 'activation': 'relu'}, VALIDATION_PRECISION=0.5385):
[LN1502   ] [chunk_19_phase_5_optimization.py] [info]    Winsor bounds applied: percentiles [3%, 92%], n_features=10, clip_range=[-37.3038, 29.7464]
[LN1503   ] [chunk_19_phase_5_optimization.py] [info]    predictions: mean=0.4962, std=0.0458, min=0.3589, max=0.6462
[LN1504   ] [chunk_19_phase_5_optimization.py] [info]    INFERENCE predictions: 43.31% positive predictions (5,130 / 11,844)
[LN1505   ] [chunk_19_phase_5_optimization.py] [info]   Dense t=0.0: inference_precision=0.6924 inference_recall=0.4618 inference_auc=0.5700 inference_f1=0.5540 inference_false_negatives=4140 inference_true_negatives=2574 inference_true_positives=3552 inference_false_positives=1578
[LN1506   ] [chunk_19_phase_5_optimization.py] [info]   Dense - Inference: inference_precision=0.6924 inference_true_positives=3552 inference_true_negatives=2574 inference_false_positives=1578 inference_false_negatives=4140 inference_max_prediction=0.6462 inference_mean_prediction=0.4962 inference_recall=0.4618 inference_f1=0.5540 inference_auc=0.5700 inference_specificity=0.6199 inference_false_positive_rate=0.3801 inference_f2=0.4947 inference_mcc=0.0787 inference_prauc=0.6983 inference_balanced_accuracy=0.5409 inference_standard_deviation_prediction=0.0458 inference_percentage_above_threshold=43.31 inference_brier=0.2480 inference_kappa=0.0716 inference_informedness=0.0817 inference_markedness=0.3123 inference_gini=0.1400 inference_optimal_threshold=0.4754
[LN1507   ] [chunk_19_phase_5_optimization.py] [info] 
[LN1508   ] [chunk_19_phase_5_optimization.py] [info] Dense MODEL PREDICTED SIGNAL (5130 rows)
[LN1509   ] [chunk_19_phase_5_optimization.py] [info] Dense inference_precision=0.6924 prediction_binary_split=0.5 predicted=5130
[LN1510   ] [chunk_19_phase_5_optimization.py] [info] Row,Market_Cap,52W_Low,Prev_Close,Price,Volume,52W_High,Ticker_id,Perf_YTD,Perf_Year,SMA200,Perf_Half_Y,Avg_Volume,Perf_Quarter,SMA50,Perf_Month,SMA20,ATR,RSI_14,Perf_Week,Rel_Volume,Change,Price_to_52W_High,Volume_to_Avg_Volume,Price_to_52W_Low,Price_to_Prev_Close,SMA50_to_SMA200,52W_Low_x_SMA20,Change_x_Volume,Price_to_52W_High_x_Perf_Week,52W_Low_x_Price_to_Prev_Close,RSI_oversold,RSI_neutral_low,RSI_neutral_high,RSI_overbought
[LN1511   ] [chunk_19_phase_5_optimization.py] [info]   CatBoost: using 10 features (optimal threshold's pruning)
[LN1512   ] [chunk_19_phase_5_optimization.py] [info] CatBoost (LABEL_THRESHOLD=0.0, prediction_binary_split=0.50, hyperparams={'iterations': 400, 'depth': 5, 'learning_rate': 0.08, 'auto_class_weights': 'SqrtBalanced', 'l2_leaf_reg': 1}, VALIDATION_PRECISION=0.5665):
[LN1513   ] [chunk_19_phase_5_optimization.py] [info]    Winsor bounds applied: percentiles [1%, 99%], n_features=10, clip_range=[-49.8060, 62.5862]
[LN1514   ] [chunk_19_phase_5_optimization.py] [info]    predictions: mean=0.6249, std=0.1364, min=0.1248, max=0.9947
[LN1515   ] [chunk_19_phase_5_optimization.py] [info]    INFERENCE predictions: 84.86% positive predictions (10,051 / 11,844)
[LN1516   ] [chunk_19_phase_5_optimization.py] [info]   CatBoost t=0.0: inference_precision=0.6575 inference_recall=0.8592 inference_auc=0.5158 inference_f1=0.7450 inference_false_negatives=1083 inference_true_negatives=710 inference_true_positives=6609 inference_false_positives=3442
[LN1517   ] [chunk_19_phase_5_optimization.py] [info]   CatBoost - Inference: inference_precision=0.6575 inference_true_positives=6609 inference_true_negatives=710 inference_false_positives=3442 inference_false_negatives=1083 inference_max_prediction=0.9947 inference_mean_prediction=0.6249 inference_recall=0.8592 inference_f1=0.7450 inference_auc=0.5158 inference_specificity=0.1710 inference_false_positive_rate=0.8290 inference_f2=0.8095 inference_mcc=0.0402 inference_prauc=0.6547 inference_balanced_accuracy=0.5151 inference_standard_deviation_prediction=0.1364 inference_percentage_above_threshold=84.86 inference_brier=0.2437 inference_kappa=0.0347 inference_informedness=0.0302 inference_markedness=-0.1715 inference_gini=0.0316 inference_optimal_threshold=0.5613
[LN1518   ] [chunk_19_phase_5_optimization.py] [info] 
[LN1519   ] [chunk_19_phase_5_optimization.py] [info] CatBoost MODEL PREDICTED SIGNAL (10051 rows)
[LN1520   ] [chunk_19_phase_5_optimization.py] [info] CatBoost inference_precision=0.6575 prediction_binary_split=0.5 predicted=10051
[LN1521   ] [chunk_19_phase_5_optimization.py] [info] Row,Market_Cap,52W_Low,Prev_Close,Price,Volume,52W_High,Ticker_id,Perf_YTD,Perf_Year,SMA200,Perf_Half_Y,Avg_Volume,Perf_Quarter,SMA50,Perf_Month,SMA20,ATR,RSI_14,Perf_Week,Rel_Volume,Change,Price_to_52W_High,Volume_to_Avg_Volume,Price_to_52W_Low,Price_to_Prev_Close,SMA50_to_SMA200,52W_Low_x_SMA20,Change_x_Volume,Price_to_52W_High_x_Perf_Week,52W_Low_x_Price_to_Prev_Close,RSI_oversold,RSI_neutral_low,RSI_neutral_high,RSI_overbought
[LN1522   ] [chunk_19_phase_5_optimization.py] [info]   LightGBM: using 10 features (optimal threshold's pruning)
[LN1523   ] [chunk_19_phase_5_optimization.py] [info] LightGBM (LABEL_THRESHOLD=0.0, prediction_binary_split=0.50, hyperparams={'n_estimators': 800, 'num_leaves': 31, 'learning_rate': 0.05, 'min_child_samples': 50, 'reg_alpha': 0.5, 'reg_lambda': 1.0, 'subsample': 0.8, 'colsample_bytree': 0.8, 'min_split_gain': 0.1}, VALIDATION_PRECISION=0.5246):
[LN1524   ] [chunk_19_phase_5_optimization.py] [info]    Winsor bounds applied: percentiles [1%, 99%], n_features=10, clip_range=[-7.6312, 142.5673]
[LN1525   ] [chunk_19_phase_5_optimization.py] [info]    predictions: mean=0.5407, std=0.1396, min=0.0446, max=0.9972
[LN1526   ] [chunk_19_phase_5_optimization.py] [info]    INFERENCE predictions: 64.63% positive predictions (7,655 / 11,844)
[LN1527   ] [chunk_19_phase_5_optimization.py] [info]   LightGBM t=0.0: inference_precision=0.6734 inference_recall=0.6702 inference_auc=0.5558 inference_f1=0.6718 inference_false_negatives=2537 inference_true_negatives=1652 inference_true_positives=5155 inference_false_positives=2500
[LN1528   ] [chunk_19_phase_5_optimization.py] [info]   LightGBM - Inference: inference_precision=0.6734 inference_true_positives=5155 inference_true_negatives=1652 inference_false_positives=2500 inference_false_negatives=2537 inference_max_prediction=0.9972 inference_mean_prediction=0.5407 inference_recall=0.6702 inference_f1=0.6718 inference_auc=0.5558 inference_specificity=0.3979 inference_false_positive_rate=0.6021 inference_f2=0.6708 inference_mcc=0.0679 inference_prauc=0.6959 inference_balanced_accuracy=0.5340 inference_standard_deviation_prediction=0.1396 inference_percentage_above_threshold=64.63 inference_brier=0.2449 inference_kappa=0.0679 inference_informedness=0.0681 inference_markedness=0.0713 inference_gini=0.1116 inference_optimal_threshold=0.5449
[LN1529   ] [chunk_19_phase_5_optimization.py] [info] 
[LN1530   ] [chunk_19_phase_5_optimization.py] [info] LightGBM MODEL PREDICTED SIGNAL (7655 rows)
[LN1531   ] [chunk_19_phase_5_optimization.py] [info] LightGBM inference_precision=0.6734 prediction_binary_split=0.5 predicted=7655
[LN1532   ] [chunk_19_phase_5_optimization.py] [info] Row,Market_Cap,52W_Low,Prev_Close,Price,Volume,52W_High,Ticker_id,Perf_YTD,Perf_Year,SMA200,Perf_Half_Y,Avg_Volume,Perf_Quarter,SMA50,Perf_Month,SMA20,ATR,RSI_14,Perf_Week,Rel_Volume,Change,Price_to_52W_High,Volume_to_Avg_Volume,Price_to_52W_Low,Price_to_Prev_Close,SMA50_to_SMA200,52W_Low_x_SMA20,Change_x_Volume,Price_to_52W_High_x_Perf_Week,52W_Low_x_Price_to_Prev_Close,RSI_oversold,RSI_neutral_low,RSI_neutral_high,RSI_overbought
[LN1533   ] [chunk_19_phase_5_optimization.py] [info]   VAE: using 10 features (optimal threshold's pruning)
[LN1534   ] [chunk_19_phase_5_optimization.py] [info] VAE (LABEL_THRESHOLD=0.0, prediction_binary_split=0.50, hyperparams={'loss_function': 'focal_loss', 'latent_dim': 64, 'learning_rate': 0.005, 'dropout': 0.1, 'epochs': 80, 'alpha': 0.5, 'gamma': 2.0, 'encoder_layers': 2, 'decoder_layers': 3}, VALIDATION_PRECISION=0.5465):
[LN1535   ] [chunk_19_phase_5_optimization.py] [info]    Winsor bounds applied: percentiles [3%, 97%], n_features=10, clip_range=[-37.3038, 44.2563]
[LN1536   ] [chunk_19_phase_5_optimization.py] [info]    predictions: mean=0.4986, std=0.0031, min=0.4664, max=0.5167
[LN1537   ] [chunk_19_phase_5_optimization.py] [info]    INFERENCE predictions: 13.06% positive predictions (1,547 / 11,844)
[LN1538   ] [chunk_19_phase_5_optimization.py] [info]   VAE t=0.0: inference_precision=0.6580 inference_recall=0.1323 inference_auc=0.5046 inference_f1=0.2204 inference_false_negatives=6674 inference_true_negatives=3623 inference_true_positives=1018 inference_false_positives=529
[LN1539   ] [chunk_19_phase_5_optimization.py] [info]   VAE - Inference: inference_precision=0.6580 inference_true_positives=1018 inference_true_negatives=3623 inference_false_positives=529 inference_false_negatives=6674 inference_max_prediction=0.5167 inference_mean_prediction=0.4986 inference_recall=0.1323 inference_f1=0.2204 inference_auc=0.5046 inference_specificity=0.8726 inference_false_positive_rate=0.1274 inference_f2=0.1575 inference_mcc=0.0070 inference_prauc=0.6546 inference_balanced_accuracy=0.5025 inference_standard_deviation_prediction=0.0031 inference_percentage_above_threshold=13.06 inference_brier=0.2504 inference_kappa=0.0037 inference_informedness=0.0049 inference_markedness=0.5306 inference_gini=0.0091 inference_optimal_threshold=0.4993
[LN1540   ] [chunk_19_phase_5_optimization.py] [info] 
[LN1541   ] [chunk_19_phase_5_optimization.py] [info] VAE MODEL PREDICTED SIGNAL (1547 rows)
[LN1542   ] [chunk_19_phase_5_optimization.py] [info] VAE inference_precision=0.6580 prediction_binary_split=0.5 predicted=1547
[LN1543   ] [chunk_19_phase_5_optimization.py] [info] Row,Market_Cap,52W_Low,Prev_Close,Price,Volume,52W_High,Ticker_id,Perf_YTD,Perf_Year,SMA200,Perf_Half_Y,Avg_Volume,Perf_Quarter,SMA50,Perf_Month,SMA20,ATR,RSI_14,Perf_Week,Rel_Volume,Change,Price_to_52W_High,Volume_to_Avg_Volume,Price_to_52W_Low,Price_to_Prev_Close,SMA50_to_SMA200,52W_Low_x_SMA20,Change_x_Volume,Price_to_52W_High_x_Perf_Week,52W_Low_x_Price_to_Prev_Close,RSI_oversold,RSI_neutral_low,RSI_neutral_high,RSI_overbought
[LN1544   ] [chunk_19_phase_5_optimization.py] [info]   XGBoost: using 10 features (optimal threshold's pruning)
[LN1545   ] [chunk_19_phase_5_optimization.py] [info] XGBoost (LABEL_THRESHOLD=0.0, prediction_binary_split=0.51, hyperparams={'n_estimators': 500, 'max_depth': 3, 'learning_rate': 0.01, 'min_child_weight': 100, 'reg_alpha': 0.5, 'reg_lambda': 1.0, 'subsample': 0.6, 'colsample_bytree': 0.5, 'gamma': 0}, VALIDATION_PRECISION=0.5652):
[LN1546   ] [chunk_19_phase_5_optimization.py] [info]    Winsor bounds applied: percentiles [3%, 97%], n_features=10, clip_range=[-6.0368, 28.5934]
[LN1547   ] [chunk_19_phase_5_optimization.py] [info]    predictions: mean=0.5000, std=0.0009, min=0.4988, max=0.5054
[LN1548   ] [chunk_19_phase_5_optimization.py] [info]    INFERENCE predictions: 0.95% positive predictions (113 / 11,844)
[LN1549   ] [chunk_19_phase_5_optimization.py] [info]   XGBoost t=0.0: inference_precision=0.8407 inference_recall=0.0124 inference_auc=0.5134 inference_f1=0.0243 inference_false_negatives=7597 inference_true_negatives=4134 inference_true_positives=95 inference_false_positives=18
[LN1550   ] [chunk_19_phase_5_optimization.py] [info]   XGBoost - Inference: inference_precision=0.8407 inference_true_positives=95 inference_true_negatives=4134 inference_false_positives=18 inference_false_negatives=7597 inference_max_prediction=0.5054 inference_mean_prediction=0.5000 inference_recall=0.0124 inference_f1=0.0243 inference_auc=0.5134 inference_specificity=0.9957 inference_false_positive_rate=0.0043 inference_f2=0.0154 inference_mcc=0.0393 inference_prauc=0.6630 inference_balanced_accuracy=0.5040 inference_standard_deviation_prediction=0.0009 inference_percentage_above_threshold=0.95 inference_brier=0.2500 inference_kappa=0.0056 inference_informedness=0.0080 inference_markedness=0.8364 inference_gini=0.0269 inference_optimal_threshold=0.5003
[LN1551   ] [chunk_19_phase_5_optimization.py] [info] 
[LN1552   ] [chunk_19_phase_5_optimization.py] [info] XGBoost MODEL PREDICTED SIGNAL (113 rows)
[LN1553   ] [chunk_19_phase_5_optimization.py] [info] XGBoost inference_precision=0.8407 prediction_binary_split=0.5053586959838867 predicted=113
[LN1554   ] [chunk_19_phase_5_optimization.py] [info] Row,Market_Cap,52W_Low,Prev_Close,Price,Volume,52W_High,Ticker_id,Perf_YTD,Perf_Year,SMA200,Perf_Half_Y,Avg_Volume,Perf_Quarter,SMA50,Perf_Month,SMA20,ATR,RSI_14,Perf_Week,Rel_Volume,Change,Price_to_52W_High,Volume_to_Avg_Volume,Price_to_52W_Low,Price_to_Prev_Close,SMA50_to_SMA200,52W_Low_x_SMA20,Change_x_Volume,Price_to_52W_High_x_Perf_Week,52W_Low_x_Price_to_Prev_Close,RSI_oversold,RSI_neutral_low,RSI_neutral_high,RSI_overbought
[LN1555   ] [chunk_19_phase_5_optimization.py] [info] Majority label threshold: 0.0 (7 archs)
[LN1556   ] [chunk_19_phase_5_optimization.py] [info] 
[LN1557   ] [chunk_19_phase_5_optimization.py] [info] Consolidated Predicted Signal (7 architectures, min 7 votes):
[LN1558   ] [chunk_19_phase_5_optimization.py] [info] Row,Market_Cap,52W_Low,Prev_Close,Price,Volume,52W_High,Ticker_id,Perf_YTD,Perf_Year,SMA200,Perf_Half_Y,Avg_Volume,Perf_Quarter,SMA50,Perf_Month,SMA20,ATR,RSI_14,Perf_Week,Rel_Volume,Change,Price_to_52W_High,Volume_to_Avg_Volume,Price_to_52W_Low,Price_to_Prev_Close,SMA50_to_SMA200,52W_Low_x_SMA20,Change_x_Volume,Price_to_52W_High_x_Perf_Week,52W_Low_x_Price_to_Prev_Close,RSI_oversold,RSI_neutral_low,RSI_neutral_high,RSI_overbought,VoteCount,VotingArchs
[LN1559   ] [chunk_19_phase_5_optimization.py] [info] 1,17.965448,2.3924258,2.401525,2.4006188,9.250618,2.401525,4043.0,0.47000363,0.0,0.48858002,0.0,11.659024,0.0,0.48858002,0.5877867,0.36464313,0.019802628,70.16,0.18232156,0.0861777,-0.09531018,0.6929585,0.5841299,0.694858,0.6929585,0.6931472,0.87238157,-0.8816781,0.12634127,1.6578518,0.0,0.0,0.0,1.0,7,CNN+RNN+Dense+CatBoost+LightGBM+VAE+XGBoost
[LN1560   ] [chunk_19_phase_5_optimization.py] [info] 2,18.685503,2.3933394,2.3960755,2.3960755,0.6931472,2.398804,1090.0,-0.09531018,0.0,0.05826891,0.0,12.954396,0.0,0.05826891,-0.048790164,0.09531018,0.0099503305,52.26,0.18232156,0.0,0.0,0.6925783,0.052124325,0.6937186,0.6931472,0.6931471,0.22810961,0.0,0.12627195,1.6589365,0.0,0.0,1.0,0.0,7,CNN+RNN+Dense+CatBoost+LightGBM+VAE+XGBoost
[LN1561   ] [chunk_19_phase_5_optimization.py] [info] 3,18.149921,2.3960755,2.406945,2.406945,0.0,2.406945,337.0,0.64185387,0.0,0.5007753,0.0,12.490353,0.0,0.5007753,0.53062826,0.44468582,0.029558802,60.32,0.18232156,0.0,0.0,0.6931472,0.0,0.6954128,0.6931472,0.6931472,1.0655007,0.0,0.12637568,1.6608329,0.0,0.0,1.0,0.0,7,CNN+RNN+Dense+CatBoost+LightGBM+VAE+XGBoost
[LN1562   ] [chunk_19_phase_5_optimization.py] [info] 4,17.477276,2.3933394,2.4024305,2.401525,8.0712185,2.4024305,1996.0,0.64185387,0.0,0.35065687,0.0,11.008099,0.0,0.35065687,0.25464222,0.32930374,0.019802628,66.89,0.25464222,0.048790164,-0.104360014,0.6929587,0.54997367,0.6948558,0.6929587,0.6931472,0.78813565,-0.8423125,0.17645654,1.6584854,0.0,0.0,1.0,0.0,7,CNN+RNN+Dense+CatBoost+LightGBM+VAE+XGBoost
[LN1563   ] [chunk_19_phase_5_optimization.py] [info] 5,20.053835,2.3924258,2.398804,2.3978953,10.254285,2.398804,1552.0,0.09531018,0.0,0.21511137,0.0,14.457365,0.0,0.21511137,0.0,0.21511137,0.019802628,52.54,0.0,0.0099503305,-0.09531018,0.69295776,0.5360708,0.6942896,0.69295776,0.6931472,0.514638,-0.9773378,0.0,1.65785,0.0,0.0,1.0,0.0,7,CNN+RNN+Dense+CatBoost+LightGBM+VAE+XGBoost
[LN1564   ] [chunk_19_phase_5_optimization.py] [info] 6,18.420681,2.3924258,2.3978953,2.3978953,11.04911,2.4203682,5843.0,0.33647224,0.0,0.18232156,0.0,13.130909,0.0,0.18232156,0.0,0.18232156,0.029558802,66.47,0.0,0.11332869,0.0,0.6884939,0.61055773,0.6942896,0.6931472,0.6931472,0.43619078,0.0,0.0,1.6583031,0.0,0.0,1.0,0.0,7,CNN+RNN+Dense+CatBoost+LightGBM+VAE+XGBoost
[LN1565   ] [chunk_19_phase_5_optimization.py] [info] 7,19.033485,2.3960755,2.4123359,2.4114394,7.3645473,2.4248028,1262.0,0.91629076,0.0,0.5481214,0.0,10.246404,0.74193734,0.3987761,0.52472854,0.20701417,0.019802628,58.87,-0.09531018,0.05826891,-0.09531018,0.69038785,0.54159415,0.69634813,0.69296134,0.54669404,0.49602157,-0.7019163,-0.06580099,1.6603876,0.0,0.0,1.0,0.0,7,CNN+RNN+Dense+CatBoost+LightGBM+VAE+XGBoost
[LN1566   ] [chunk_19_phase_5_optimization.py] [info] 8,19.539946,2.3942523,2.4292178,2.4292178,5.5412636,2.441477,464.0,1.5706971,0.0,1.068153,0.0,10.879197,0.86288995,0.7654678,0.90421814,0.59332687,0.029558802,67.66,-0.09531018,0.0,0.0,0.69063336,0.4116757,0.7004226,0.6931472,0.5403616,1.4205742,0.0,-0.06582439,1.6595693,0.0,0.0,1.0,0.0,7,CNN+RNN+Dense+CatBoost+LightGBM+VAE+XGBoost
[LN1567   ] [chunk_19_phase_5_optimization.py] [info] 9,18.019157,2.3915112,2.4006188,2.401525,6.1675167,2.403335,539.0,0.53062826,0.0,0.48242614,0.0,11.414552,0.0,0.48242614,0.5596158,0.42526773,0.019802628,66.11,0.0,0.0099503305,0.09531018,0.69277054,0.43199053,0.6952386,0.6933359,0.6931472,1.0170326,0.5878271,0.0,1.6581206,0.0,0.0,1.0,0.0,7,CNN+RNN+Dense+CatBoost+LightGBM+VAE+XGBoost
[LN1568   ] [chunk_19_phase_5_optimization.py] [info] 10,0.0,0.0,0.0,0.0,0.0,0.0,4059.0,0.0,0.0,0.0,0.0,0.0,0.0,0.0,0.0,0.0,0.0,0.0,0.0,0.0,0.0,0.0,0.0,0.0,0.0,0.0,0.0,0.0,0.0,0.0,1.0,0.0,0.0,0.0,7,CNN+RNN+Dense+CatBoost+LightGBM+VAE+XGBoost
[LN1569   ] [chunk_19_phase_5_optimization.py] [info] 11,17.872326,2.3997118,2.4168062,2.4168062,0.0,2.469793,4913.0,1.068153,0.0,0.86288995,0.0,10.457114,0.0,0.86288995,0.91629076,0.77472717,0.07696104,73.35,0.35767445,0.0,0.0,0.68236226,0.0,0.6967026,0.6931472,0.6931472,1.8591219,0.0,0.24406354,1.6633534,0.0,0.0,0.0,1.0,7,CNN+RNN+Dense+CatBoost+LightGBM+VAE+XGBoost
[LN1570   ] [chunk_19_phase_5_optimization.py] [info] 12,17.733515,2.3331144,2.4051416,2.403335,3.4965076,2.4327357,1697.0,0.47000363,0.0,0.28517893,0.0,11.088904,0.0,0.22314355,0.4054651,0.13102826,0.048790164,54.08,0.09531018,0.0,-0.18232156,0.6870861,0.27407685,0.70808375,0.6927715,0.57799923,0.3057039,-0.6374887,0.0654863,1.6163151,0.0,0.0,1.0,0.0,7,CNN+RNN+Dense+CatBoost+LightGBM+VAE+XGBoost
[LN1571   ] [chunk_19_phase_5_optimization.py] [info] 13,0.0,0.0,0.0,0.0,0.0,0.0,1316.0,0.0,0.0,0.0,0.0,0.0,0.0,0.0,0.0,0.0,0.0,0.0,0.0,0.0,0.0,0.0,0.0,0.0,0.0,0.0,0.0,0.0,0.0,0.0,1.0,0.0,0.0,0.0,7,CNN+RNN+Dense+CatBoost+LightGBM+VAE+XGBoost
[LN1572   ] [chunk_19_phase_5_optimization.py] [info] 14,18.149529,2.3915112,2.3960755,2.3960755,5.293305,2.3978953,4993.0,0.4054651,0.0,0.13976194,0.0,12.207227,0.0,0.13976194,0.0,0.13976194,0.019802628,0.0,0.09531018,0.0,0.0,0.6927676,0.36020312,0.694101,0.6931472,0.6931471,0.33424225,0.0,0.066027805,1.6576693,1.0,0.0,0.0,0.0,7,CNN+RNN+Dense+CatBoost+LightGBM+VAE+XGBoost
[LN1573   ] [chunk_19_phase_5_optimization.py] [info]   Total consensus rows: 14
[LN1574   ] [chunk_19_phase_5_optimization.py] [info] 
[LN1575   ] [chunk_19_phase_5_optimization.py] [info] FINAL PREDICTION RESULTS (sorted by inference_precision)
[LN1576   ] [chunk_19_phase_5_optimization.py] [info] 1. XGBoost      inference_precision=0.8407 inference_recall=0.0124 inference_auc=0.5134 inference_f1=0.0243 inference_fn=7597 inference_tn=4134 inference_tp=95 inference_fp=18
[LN1577   ] [chunk_19_phase_5_optimization.py] [info] 2. Dense        inference_precision=0.6924 inference_recall=0.4618 inference_auc=0.5700 inference_f1=0.5540 inference_fn=4140 inference_tn=2574 inference_tp=3552 inference_fp=1578
[LN1578   ] [chunk_19_phase_5_optimization.py] [info] 3. LightGBM     inference_precision=0.6734 inference_recall=0.6702 inference_auc=0.5558 inference_f1=0.6718 inference_fn=2537 inference_tn=1652 inference_tp=5155 inference_fp=2500
[LN1579   ] [chunk_19_phase_5_optimization.py] [info] 4. VAE          inference_precision=0.6580 inference_recall=0.1323 inference_auc=0.5046 inference_f1=0.2204 inference_fn=6674 inference_tn=3623 inference_tp=1018 inference_fp=529
[LN1580   ] [chunk_19_phase_5_optimization.py] [info] 5. CatBoost     inference_precision=0.6575 inference_recall=0.8592 inference_auc=0.5158 inference_f1=0.7450 inference_fn=1083 inference_tn=710 inference_tp=6609 inference_fp=3442
[LN1581   ] [chunk_19_phase_5_optimization.py] [info] 6. CNN          inference_precision=0.6494 inference_recall=1.0000 inference_auc=0.5000 inference_f1=0.7875 inference_fn=0 inference_tn=0 inference_tp=7692 inference_fp=4152
[LN1582   ] [chunk_19_phase_5_optimization.py] [info] 7. RNN          inference_precision=0.6494 inference_recall=1.0000 inference_auc=0.5000 inference_f1=0.7875 inference_fn=0 inference_tn=0 inference_tp=7692 inference_fp=4152
[LN1583   ] [chunk_19_phase_5_optimization.py] [info] Best architecture: XGBoost (inference_precision: 0.8407)
[LN1584   ] [chunk_19_phase_5_optimization.py] [info] phase 5 total time: 4.8s
[LN1585   ] [chunk_19_phase_5_optimization.py] [info] data points evaluated: 11844 (date(s)=[20251022 20251023])
[LN1586   ] [chunk_20_pipeline_main.py] [info] [time] Total execution time: 18971.60s
[LN1587   ] [chunk_20_pipeline_main.py] [info] Phase timings:
[LN1588   ] [chunk_20_pipeline_main.py] [info]    Pipeline Setup: 12.40s
[LN1589   ] [chunk_20_pipeline_main.py] [info]    Temporal Weighting: 0.10s
[LN1590   ] [chunk_20_pipeline_main.py] [info]    Phase Xa: Raw Feature Importance: 2013.39s
[LN1591   ] [chunk_20_pipeline_main.py] [info]    Phase BE: Backward Elimination: 2027.14s
[LN1592   ] [chunk_20_pipeline_main.py] [info]    Neural Ensemble: 14903.19s
[LN1593   ] [chunk_20_pipeline_main.py] [info]    Phase Xb: Temporal Precision Gap: 0.06s
[LN1594   ] [chunk_20_pipeline_main.py] [info]    Prediction Optimization: 4.76s
[LN1595   ] [chunk_20_pipeline_main.py] [info] [stat] Final Results:
[LN1596   ] [chunk_20_pipeline_main.py] [info]    inference_precision=0.6429
[LN1597   ] [chunk_20_pipeline_main.py] [info]    inference_recall=0.0012
[LN1598   ] [chunk_20_pipeline_main.py] [info]    inference_f1=0.0023
[LN1599   ] [chunk_20_pipeline_main.py] [info]    inference_auc=0.5000
[LN1600   ] [chunk_20_pipeline_main.py] [info] METRICS REVIEW REPORT
[LN1601   ] [chunk_20_pipeline_main.py] [info] [architecture performance] (sorted by validation_precision)
[LN1602   ] [chunk_20_pipeline_main.py] [info] 1. CatBoost        validation_precision=0.5665 validation_recall=0.1490 validation_auc=0.4866 validation_true_positives= 4287 validation_false_positives= 3281 PASS (Minimum Validation_Precision Required=0.5)
[LN1603   ] [chunk_20_pipeline_main.py] [info] 2. XGBoost         validation_precision=0.5652 validation_recall=0.1215 validation_auc=0.4832 validation_true_positives= 3495 validation_false_positives= 2689 PASS (Minimum Validation_Precision Required=0.5)
[LN1604   ] [chunk_20_pipeline_main.py] [info] 3. VAE             validation_precision=0.5465 validation_recall=0.1337 validation_auc=0.5007 validation_true_positives= 3848 validation_false_positives= 3193 PASS (Minimum Validation_Precision Required=0.5)
[LN1605   ] [chunk_20_pipeline_main.py] [info] 4. CNN             validation_precision=0.5403 validation_recall=1.0000 validation_auc=0.5000 validation_true_positives=28774 validation_false_positives=24480 PASS (Minimum Validation_Precision Required=0.5)
[LN1606   ] [chunk_20_pipeline_main.py] [info] 5. RNN             validation_precision=0.5403 validation_recall=1.0000 validation_auc=0.5000 validation_true_positives=28774 validation_false_positives=24480 PASS (Minimum Validation_Precision Required=0.5)
[LN1607   ] [chunk_20_pipeline_main.py] [info] 6. Dense           validation_precision=0.5385 validation_recall=0.9204 validation_auc=0.4997 validation_true_positives=26485 validation_false_positives=22702 PASS (Minimum Validation_Precision Required=0.5)
[LN1608   ] [chunk_20_pipeline_main.py] [info] 7. LightGBM        validation_precision=0.5246 validation_recall=0.3686 validation_auc=0.4801 validation_true_positives=10605 validation_false_positives= 9612 PASS (Minimum Validation_Precision Required=0.5)
[LN1609   ] [chunk_20_pipeline_main.py] [info] 8. LSTM            validation_precision=0.1506 validation_recall=0.7175 validation_auc=0.7588 validation_true_positives= 2779 validation_false_positives=15675 FAIL (Minimum Validation_Precision Required=0.5)
[LN1610   ] [chunk_20_pipeline_main.py] [info] 9. Transformer     validation_precision=0.0917 validation_recall=0.6711 validation_auc=0.6066 validation_true_positives= 2599 validation_false_positives=25738 FAIL (Minimum Validation_Precision Required=0.5)
[LN1611   ] [chunk_20_pipeline_main.py] [info] [standardized metrics table]
[LN1612   ] [chunk_20_pipeline_main.py] [info] Architecture,Phase,Loss,Epochs,Precision,Recall,AUC,F1,TP,FP,TN,FN,MaxPred,MeanPred,StdPred,PctAboveThresh,BestEpoch,TrainingTime,LabelThresh,ThresholdSource,HPO_Trials,HPO_Improvement,KeyHyperparams,TrainLoss,ValLoss,LossDelta,MCC,PRAUC,Specificity,BalancedAccuracy,PredictionThreshold
[LN1613   ] [chunk_20_pipeline_main.py] [info] CatBoost,Train,binary_crossentropy,3,0.6786,0.6813,0.7463,0.6799,40689,19273,40316,19032,0.9947,0.5003,0.1381,N/A,0,0.0,0.0,section3,20,0.4759,learning_rate=0.08,0.0000,0.0000,0.0000,0.3579,0.7433,0.6766,0.6789,0.5
[LN1614   ] [chunk_20_pipeline_main.py] [info] CatBoost,Validation,binary_crossentropy,3,0.5665,0.1490,0.4866,0.2359,4287,3281,21199,24487,0.9947,0.3369,0.1581,N/A,0,0.0,0.0,section3,20,0.4759,learning_rate=0.08,0.0000,0.0000,0.0000,0.0214,0.5559,0.8660,0.5075,0.5
[LN1615   ] [chunk_20_pipeline_main.py] [info] CatBoost,Inference,binary_crossentropy,N/A,0.6575,0.8592,0.5158,0.7450,6609,3442,710,1083,0.9947,0.6249,0.1364,84.86,N/A,N/A,0.0,N/A,N/A,N/A,N/A,0.1710,0.8290,0.8095,0.0402,0.6547,0.5151,0.50
[LN1616   ] [chunk_20_pipeline_main.py] [info] LightGBM,Train,binary_crossentropy,3,0.7648,0.7580,0.8444,0.7614,45269,13922,45667,14452,0.9972,0.5001,0.1430,N/A,0,0.0,0.0,section3,20,0.0000,learning_rate=0.05,0.0000,0.0000,0.0000,0.5244,0.8427,0.7664,0.7622,0.5
[LN1617   ] [chunk_20_pipeline_main.py] [info] LightGBM,Validation,binary_crossentropy,3,0.5246,0.3686,0.4801,0.4329,10605,9612,14868,18169,0.9972,0.4412,0.1769,N/A,0,0.0,0.0,section3,20,0.0000,learning_rate=0.05,0.0000,0.0000,0.0000,-0.0247,0.5498,0.6074,0.4880,0.5
[LN1618   ] [chunk_20_pipeline_main.py] [info] LightGBM,Inference,binary_crossentropy,N/A,0.6734,0.6702,0.5558,0.6718,5155,2500,1652,2537,0.9972,0.5407,0.1396,64.63,N/A,N/A,0.0,N/A,N/A,N/A,N/A,0.3979,0.6021,0.6708,0.0679,0.6959,0.5340,0.50
[LN1619   ] [chunk_20_pipeline_main.py] [info] XGBoost,Train,binary_crossentropy,3,0.8159,0.0153,0.5612,0.0300,913,206,59383,58808,0.5054,0.5000,0.0009,N/A,0,0.0,0.0,section3,20,0.5256,learning_rate=0.01,0.0000,0.0000,0.0000,0.0614,0.5553,0.9965,0.5059,0.5
[LN1620   ] [chunk_20_pipeline_main.py] [info] XGBoost,Validation,binary_crossentropy,3,0.5652,0.1215,0.4832,0.2000,3495,2689,21791,25279,0.5054,0.4989,0.0011,N/A,0,0.0,0.0,section3,20,0.5256,learning_rate=0.01,0.0000,0.0000,0.0000,0.0461,0.5460,0.9993,0.5028,0.5
[LN1621   ] [chunk_20_pipeline_main.py] [info] XGBoost,Inference,binary_crossentropy,N/A,0.8407,0.0124,0.5134,0.0243,95,18,4134,7597,0.5054,0.5000,0.0009,0.95,N/A,N/A,0.0,N/A,N/A,N/A,N/A,0.9957,0.0043,0.0154,0.0393,0.6630,0.5040,0.51
[LN1622   ] [chunk_20_pipeline_main.py] [info] VAE,Train,binary_crossentropy,3,0.5002,0.1329,0.5019,0.2099,7934,7928,51661,51787,0.5195,0.4987,0.0031,N/A,0,0.0,0.0,section3,20,0.0000,dropout=0.1,learning_rate=0.005,latent_dim=64,0.0000,0.0000,0.0000,-0.0003,0.5020,0.8670,0.4999,0.5
[LN1623   ] [chunk_20_pipeline_main.py] [info] VAE,Validation,binary_crossentropy,3,0.5465,0.1337,0.5007,0.2149,3848,3193,21287,24926,0.5195,0.4987,0.0031,N/A,0,0.0,0.0,section3,20,0.0000,dropout=0.1,learning_rate=0.005,latent_dim=64,0.0000,0.0000,0.0000,0.0001,0.5395,0.8680,0.5000,0.5
[LN1624   ] [chunk_20_pipeline_main.py] [info] VAE,Inference,binary_crossentropy,N/A,0.6580,0.1323,0.5046,0.2204,1018,529,3623,6674,0.5167,0.4986,0.0031,13.06,N/A,N/A,0.0,N/A,N/A,N/A,N/A,0.8726,0.1274,0.1575,0.0070,0.6546,0.5025,0.50
[LN1625   ] [chunk_20_pipeline_main.py] [info] Dense,Train,binary_crossentropy,20,0.5332,0.5216,0.5531,0.5273,31149,27272,32317,28572,0.6934,0.4986,0.0488,N/A,0,0.0,0.0,section3,20,0.0000,units=128,layers=2,dropout=0.4,learning_rate=0.001,0.0000,0.0000,0.0000,0.0639,0.5497,0.5423,0.5320,0.5
[LN1626   ] [chunk_20_pipeline_main.py] [info] Dense,Validation,binary_crossentropy,20,0.5385,0.9204,0.4997,0.6794,26485,22702,1778,2289,0.6934,0.5441,0.0332,N/A,0,0.0,0.0,section3,20,0.0000,units=128,layers=2,dropout=0.4,learning_rate=0.001,0.0000,0.0000,0.0000,-0.0130,0.5531,0.0726,0.4965,0.5
[LN1627   ] [chunk_20_pipeline_main.py] [info] Dense,Inference,binary_crossentropy,N/A,0.6924,0.4618,0.5700,0.5540,3552,1578,2574,4140,0.6462,0.4962,0.0458,43.31,N/A,N/A,0.0,N/A,N/A,N/A,N/A,0.6199,0.3801,0.4947,0.0787,0.6983,0.5409,0.50
[LN1628   ] [chunk_20_pipeline_main.py] [info] CNN,Train,binary_crossentropy,30,0.5006,1.0000,0.5000,0.6672,59721,59589,0,0,0.5073,0.5073,0.0000,N/A,0,0.0,0.0,section3,20,0.0000,filters=64,layers=3,dropout=0.1,learning_rate=0.01,0.0000,0.0000,0.0000,0.0000,0.5006,0.0000,0.5000,0.5
[LN1629   ] [chunk_20_pipeline_main.py] [info] CNN,Validation,binary_crossentropy,30,0.5403,1.0000,0.5000,0.7016,28774,24480,0,0,0.5073,0.5073,0.0000,N/A,0,0.0,0.0,section3,20,0.0000,filters=64,layers=3,dropout=0.1,learning_rate=0.01,0.0000,0.0000,0.0000,0.0000,0.5403,0.0000,0.5000,0.5
[LN1630   ] [chunk_20_pipeline_main.py] [info] CNN,Inference,binary_crossentropy,N/A,0.6494,1.0000,0.5000,0.7875,7692,4152,0,0,0.5073,0.5073,0.0000,100.00,N/A,N/A,0.0,N/A,N/A,N/A,N/A,0.0000,1.0000,0.9026,0.0000,0.6494,0.5000,0.50
[LN1631   ] [chunk_20_pipeline_main.py] [info] RNN,Train,binary_crossentropy,30,0.5006,1.0000,0.5000,0.6672,59721,59589,0,0,0.5037,0.5037,0.0000,N/A,0,0.0,0.0,section3,20,0.0000,units=256,layers=1,dropout=0.0,learning_rate=0.005,0.0000,0.0000,0.0000,0.0000,0.5006,0.0000,0.5000,0.5
[LN1632   ] [chunk_20_pipeline_main.py] [info] RNN,Validation,binary_crossentropy,30,0.5403,1.0000,0.5000,0.7016,28774,24480,0,0,0.5037,0.5037,0.0000,N/A,0,0.0,0.0,section3,20,0.0000,units=256,layers=1,dropout=0.0,learning_rate=0.005,0.0000,0.0000,0.0000,0.0000,0.5403,0.0000,0.5000,0.5
[LN1633   ] [chunk_20_pipeline_main.py] [info] RNN,Inference,binary_crossentropy,N/A,0.6494,1.0000,0.5000,0.7875,7692,4152,0,0,0.5037,0.5037,0.0000,100.00,N/A,N/A,0.0,N/A,N/A,N/A,N/A,0.0000,1.0000,0.9026,0.0000,0.6494,0.5000,0.50
[LN1634   ] [chunk_20_pipeline_main.py] [info] LSTM,Train,binary_crossentropy,50,0.1586,0.6257,0.7860,0.2530,4750,25209,86510,2841,0.8787,0.2532,0.2588,N/A,0,0.0,5.0,section4,20,0.0000,lstm_units=64,layers=1,dropout=0.2,learning_rate=0.001,0.0000,0.0000,0.0000,0.2252,0.1705,0.7744,0.7000,0.5
[LN1635   ] [chunk_20_pipeline_main.py] [info] LSTM,Validation,binary_crossentropy,50,0.1506,0.7175,0.7588,0.2489,2779,15675,33706,1094,0.8787,0.3059,0.2866,N/A,0,0.0,5.0,section4,20,0.0000,lstm_units=64,layers=1,dropout=0.2,learning_rate=0.001,0.0000,0.0000,0.0000,0.2183,0.1738,0.6826,0.7001,0.5
[LN1636   ] [chunk_20_pipeline_main.py] [info] LSTM,Inference,N/A,N/A,N/A,N/A,N/A,N/A,N/A,N/A,N/A,N/A,N/A,N/A,N/A,N/A,N/A,N/A,N/A,N/A,N/A,N/A,N/A,N/A,N/A,N/A,N/A,N/A,N/A,N/A,N/A,N/A,N/A,N/A
[LN1637   ] [chunk_20_pipeline_main.py] [info] Transformer,Train,binary_crossentropy,20,0.0944,0.4661,0.5914,0.1570,3538,33955,77764,4053,0.8533,0.2967,0.2999,N/A,0,0.0,5.0,section4,20,0.0000,layers=1,dim=256,heads=8,dropout=0.2,learning_rate=0.0002,0.0000,0.0000,0.0000,0.0853,0.0962,0.6961,0.5811,0.5
[LN1638   ] [chunk_20_pipeline_main.py] [info] Transformer,Validation,binary_crossentropy,20,0.0917,0.6711,0.6066,0.1614,2599,25738,23643,1274,0.8533,0.4655,0.2962,N/A,0,0.0,5.0,section4,20,0.0000,layers=1,dim=256,heads=8,dropout=0.2,learning_rate=0.0002,0.0000,0.0000,0.0000,0.0780,0.1146,0.4788,0.5749,0.5
[LN1639   ] [chunk_20_pipeline_main.py] [info] Transformer,Inference,N/A,N/A,N/A,N/A,N/A,N/A,N/A,N/A,N/A,N/A,N/A,N/A,N/A,N/A,N/A,N/A,N/A,N/A,N/A,N/A,N/A,N/A,N/A,N/A,N/A,N/A,N/A,N/A,N/A,N/A,N/A,N/A
[LN1640   ] [chunk_20_pipeline_main.py] [info] [info] CSV saved to metrics_summary.csv
[LN1641   ] [chunk_20_pipeline_main.py] [info] END OF METRICS REVIEW
[LN1642   ] [pipeline] [info] Pipeline execution validated successfully
Stock Analysis Pipeline completed successfully!
