[LN1      ] [pipeline] [info] Running in CPU mode
[LN2      ] [chunk_20_pipeline_main.py] [info] [running] Starting Stock Analysis Pipeline
[LN3      ] [chunk_20_pipeline_main.py] [info]    Data path: for_train_x_2025_10_24_clean.csv
[LN4      ] [chunk_20_pipeline_main.py] [info]    Dataset shape: 6,727,216 rows x 23 columns (937.4 MB)
[LN5      ] [chunk_20_pipeline_main.py] [info]    Sampling: size=184408, enabled=True, forced=True
[LN6      ] [chunk_20_pipeline_main.py] [info]    hyperparameter_optimization: trials=5, continue_until_target=False, epochs_per_trial=5, stagnation_threshold=50
[LN7      ] [chunk_20_pipeline_main.py] [info]    Label_Thresholds: 20.0 to 0.0 (3 thresholds)
   [feature] Winsorized 21 features at 2/95 percentiles
   [feature] Log-transformed 4 skewed features
   [feature] Added 3 ratio features
   [feature] Total features: 21 -> 24
[LN8      ] [chunk_16_phase_1_setup.py] [info] Data loaded: 184408 samples, 24 features
[LN9      ] [chunk_02_utils_logging.py] [info] [date] Temporal Coverage:  Date range: 20250910 to 20251023  Unique dates: 32  Total samples: 184408
[LN10     ] [chunk_16_phase_1_setup.py] [info] Target Distribution (ChangeY):
[LN11     ] [chunk_16_phase_1_setup.py] [info]    Min: -99.75 | Max: 32500.00 | Mean: 0.05
[LN12     ] [chunk_16_phase_1_setup.py] [info]    Median: 0.00 | Std: 15.36
[LN13     ] [chunk_16_phase_1_setup.py] [warning] sanity check: Extreme target values detected (max=32500.00)
[LN14     ] [chunk_16_phase_1_setup.py] [info] [class] Class Distribution (LABEL_THRESHOLD=20.0):
[LN15     ] [chunk_16_phase_1_setup.py] [info]   Total samples: 6,727,216
[LN16     ] [chunk_16_phase_1_setup.py] [info]   Signal cases: 25,902 (0.4%)
[LN17     ] [chunk_16_phase_1_setup.py] [info]   Normal cases: 6,701,314 (99.6%)
[LN18     ] [chunk_16_phase_1_setup.py] [info]   Imbalance ratio: 258.7:1
[LN19     ] [chunk_16_phase_1_setup.py] [info] [class] Class Distribution (LABEL_THRESHOLD=10.0):
[LN20     ] [chunk_16_phase_1_setup.py] [info]   Total samples: 6,727,216
[LN21     ] [chunk_16_phase_1_setup.py] [info]   Signal cases: 106,942 (1.6%)
[LN22     ] [chunk_16_phase_1_setup.py] [info]   Normal cases: 6,620,274 (98.4%)
[LN23     ] [chunk_16_phase_1_setup.py] [info]   Imbalance ratio: 61.9:1
[LN24     ] [chunk_16_phase_1_setup.py] [info] [class] Class Distribution (LABEL_THRESHOLD= 0.0):
[LN25     ] [chunk_16_phase_1_setup.py] [info]   Total samples: 6,727,216
[LN26     ] [chunk_16_phase_1_setup.py] [info]   Signal cases: 3,465,261 (51.5%)
[LN27     ] [chunk_16_phase_1_setup.py] [info]   Normal cases: 3,261,955 (48.5%)
[LN28     ] [chunk_16_phase_1_setup.py] [info]   Imbalance ratio: 1.1:1
[LN29     ] [chunk_16_phase_1_setup.py] [info] [class] Class Distribution (LABEL_THRESHOLD=20.0):
[LN30     ] [chunk_16_phase_1_setup.py] [info]   Total samples: 184,408
[LN31     ] [chunk_16_phase_1_setup.py] [info]   Signal cases: 1,078 (0.6%)
[LN32     ] [chunk_16_phase_1_setup.py] [info]   Normal cases: 183,330 (99.4%)
[LN33     ] [chunk_16_phase_1_setup.py] [info]   Imbalance ratio: 170.1:1
[LN34     ] [chunk_16_phase_1_setup.py] [info] [class] Class Distribution (LABEL_THRESHOLD=10.0):
[LN35     ] [chunk_16_phase_1_setup.py] [info]   Total samples: 184,408
[LN36     ] [chunk_16_phase_1_setup.py] [info]   Signal cases: 4,028 (2.2%)
[LN37     ] [chunk_16_phase_1_setup.py] [info]   Normal cases: 180,380 (97.8%)
[LN38     ] [chunk_16_phase_1_setup.py] [info]   Imbalance ratio: 44.8:1
[LN39     ] [chunk_16_phase_1_setup.py] [info] [class] Class Distribution (LABEL_THRESHOLD= 0.0):
[LN40     ] [chunk_16_phase_1_setup.py] [info]   Total samples: 184,408
[LN41     ] [chunk_16_phase_1_setup.py] [info]   Signal cases: 96,187 (52.2%)
[LN42     ] [chunk_16_phase_1_setup.py] [info]   Normal cases: 88,221 (47.8%)
[LN43     ] [chunk_16_phase_1_setup.py] [info]   Imbalance ratio: 1.1:1
[stat] Feature Quality Analysis:
  feature_0: μ=20.270, σ=2.478, skew=-0.106, kurt=-0.713, missing=0.0%
  feature_1: μ=2.379, σ=1.348, skew=0.259, kurt=-0.927, missing=0.0%
  feature_2: μ=36.193, σ=52.535, skew=2.043, kurt=3.225, missing=0.0%
  feature_3: μ=36.227, σ=52.569, skew=2.042, kurt=3.223, missing=0.0%
  feature_4: μ=12.594, σ=2.152, skew=-0.670, kurt=0.341, missing=0.0%
  feature_5: μ=3.207, σ=1.222, skew=0.264, kurt=-0.775, missing=0.0%
  feature_6: μ=2972.375, σ=1704.246, skew=-0.017, kurt=-1.229, missing=0.0%
  feature_7: μ=3.275, σ=45.811, skew=0.552, kurt=0.543, missing=0.0%
  feature_8: μ=6.125, σ=52.192, skew=0.874, kurt=1.054, missing=0.0%
  feature_9: μ=3.303, σ=29.850, skew=-0.076, kurt=0.801, missing=0.0%
  feature_10: μ=19.520, σ=48.693, skew=1.011, kurt=1.161, missing=0.0%
  feature_11: μ=1474551.399, σ=2209805.429, skew=2.109, kurt=3.583, missing=0.0%
  feature_12: μ=6.974, σ=28.842, skew=0.560, kurt=0.808, missing=0.0%
  feature_13: μ=1.741, σ=13.285, skew=0.092, kurt=1.096, missing=0.0%
  feature_14: μ=2.399, σ=15.021, skew=0.604, kurt=0.992, missing=0.0%
  feature_15: μ=0.318, σ=7.468, skew=0.142, kurt=0.955, missing=0.0%
  feature_16: μ=1.129, σ=1.495, skew=1.937, kurt=2.866, missing=0.0%
  feature_17: μ=50.697, σ=11.752, skew=-0.019, kurt=-0.567, missing=0.0%
  feature_18: μ=0.012, σ=6.545, skew=-0.030, kurt=1.012, missing=0.0%
  feature_19: μ=0.898, σ=0.590, skew=0.986, kurt=0.741, missing=0.0%
  feature_20: μ=-0.020, σ=2.992, skew=-0.320, kurt=0.985, missing=0.0%
  feature_21: μ=8.349, σ=9.509, skew=1.779, kurt=2.865, missing=0.0%
  feature_22: μ=0.000, σ=0.000, skew=3.626, kurt=15.282, missing=0.0%
  feature_23: μ=10.603, σ=11.410, skew=4.996, kurt=163.562, missing=0.0%
[LN44     ] [chunk_16_phase_1_setup.py] [info] Data concentration: 184408 samples retained
[LN45     ] [chunk_16_phase_1_setup.py] [info] Data preprocessing complete: 24 features
[LN46     ] [chunk_16_phase_1_setup.py] [info]   Feature names (24): ['Market_Cap', '52W_Low', 'Prev_Close', 'Price', 'Volume', '52W_High', 'Ticker_id', 'Perf_YTD', 'Perf_Year', 'SMA200', 'Perf_Half_Y', 'Avg_Volume', 'Perf_Quarter', 'SMA50', 'Perf_Month', 'SMA20', 'ATR', 'RSI_14', 'Perf_Week', 'Rel_Volume', 'Change', 'Price_to_52W_High', 'Volume_to_Avg_Volume', 'Price_to_52W_Low']
[LN47     ] [chunk_16_phase_1_setup.py] [info] [data split] Summary:
[LN48     ] [chunk_16_phase_1_setup.py] [info]   Total: 184,408 samples, 32 dates
[LN49     ] [chunk_16_phase_1_setup.py] [info]   train: 119,310 samples (64.7%), dates < 20251009
[LN50     ] [chunk_16_phase_1_setup.py] [info]   validation: 59,175 samples (32.1%), dates >= 20251009
[LN51     ] [chunk_16_phase_1_setup.py] [info]   Inference: 5,923 samples (3.2%), date = 20251023
[LN52     ] [chunk_17_phase_3_temporal.py] [info] Processing 184408 samples with temporal weighting
[LN53     ] [chunk_17_phase_3_temporal.py] [info] Extracted 9 temporal features
[LN54     ] [chunk_17_phase_3_temporal.py] [info] Temporal weights: min=1.000, max=10.000, mean=5.815
[LN55     ] [chunk_XX_phase_feature_analysis_a.py] [info] Phase Xa: Raw Feature Importance Analysis - Starting
[LN56     ] [chunk_XX_phase_feature_analysis_a.py] [info] Subsampling 184408 -> 100000 for feature analysis
[LN57     ] [chunk_XX_phase_feature_analysis_a.py] [info] Analyzing 24 raw features on 100000 samples
[LN58     ] [chunk_XX_feature_importance.py] [info] Starting 6-method feature importance analysis
[LN59     ] [chunk_XX_feature_importance.py] [info] Features: 24, Samples: 100000
[LN60     ] [chunk_XX_feature_importance.py] [info]   Method 1/6: Statistical Correlation (label_threshold=20.0, +0.601%, kept 19/24) Done in 0.0s: Change=0.038873 | SMA20=0.029064 | Perf_Half_Y=0.027145 | Perf_Week=0.025326 | Market_Cap=0.022936 | Perf_YTD=0.022405 | SMA50=0.021675 | Perf_Month=0.019955 | Perf_Year=0.017525 | SMA200=0.015957 | Volume=0.014913 | Price_to_52W_High=0.012989 | Avg_Volume=0.012834 | Volume_to_Avg_Volume=0.012448 | Prev_Close=0.011758 | Rel_Volume=0.010800 | Price=0.010739 | Price_to_52W_Low=0.010269 | 52W_Low=0.008274
[LN61     ] [chunk_XX_feature_importance.py] [info]   Method 2/6: Tree-Based Importance (label_threshold=20.0, +0.601%, kept 19/24) Done in 85.0s: Price_to_52W_High=0.070073 | 52W_Low=0.068314 | Rel_Volume=0.066749 | Perf_Week=0.062517 | Volume=0.062410 | Market_Cap=0.058348 | Change=0.053253 | Prev_Close=0.045351 | Price_to_52W_Low=0.044892 | SMA20=0.040512 | Perf_Half_Y=0.036889 | Avg_Volume=0.035458 | Perf_Month=0.033617 | SMA50=0.031961 | Perf_Year=0.030958 | Perf_YTD=0.028899 | Volume_to_Avg_Volume=0.028384 | Price=0.028162 | SMA200=0.026719
[LN62     ] [chunk_XX_feature_importance.py] [info]   Method 3/6: Permutation Importance (label_threshold=20.0, +0.601%, baseline AUC=0.5008, kept 19/24) Done in 55.1s: Avg_Volume=0.001650 | Perf_YTD=0.000085 | SMA200=0.000045 | Price_to_52W_Low=0.000010 | Perf_Year=0.000005 | Market_Cap=0.000000 | Price=0.000000 | Volume=0.000000 | Prev_Close=0.000000 | Perf_Half_Y=0.000000 | SMA50=0.000000 | Perf_Month=0.000000 | 52W_Low=0.000000 | SMA20=0.000000 | Perf_Week=0.000000 | Rel_Volume=0.000000 | Change=0.000000 | Price_to_52W_High=0.000000 | Volume_to_Avg_Volume=0.000000
[LN63     ] [chunk_XX_feature_importance.py] [info]   Method 4/6: Neural Weight Analysis (label_threshold=20.0, +0.601%, kept 19/24) Done in 4.3s: Market_Cap=0.155929 | Price=0.150112 | Perf_Week=0.150077 | Perf_Month=0.144870 | Price_to_52W_High=0.143250 | Prev_Close=0.143125 | Volume_to_Avg_Volume=0.142516 | Perf_Year=0.140857 | 52W_Low=0.137127 | SMA200=0.135762 | SMA50=0.135421 | Change=0.134026 | Perf_YTD=0.130293 | SMA20=0.125720 | Price_to_52W_Low=0.124382 | Rel_Volume=0.122942 | Perf_Half_Y=0.120461 | Volume=0.113512 | Avg_Volume=0.098259
[LN64     ] [chunk_XX_feature_importance.py] [info]   Method 5/6: SHAP Values (label_threshold=20.0, +0.601%, kept 19/24) Done in 11.3s: Market_Cap=0.000000 | 52W_Low=0.000000 | Prev_Close=0.000000 | Price=0.000000 | Volume=0.000000 | Perf_YTD=0.000000 | Perf_Year=0.000000 | SMA200=0.000000 | Perf_Half_Y=0.000000 | Avg_Volume=0.000000 | SMA50=0.000000 | Perf_Month=0.000000 | SMA20=0.000000 | Perf_Week=0.000000 | Rel_Volume=0.000000 | Change=0.000000 | Price_to_52W_High=0.000000 | Volume_to_Avg_Volume=0.000000 | Price_to_52W_Low=0.000000
[LN65     ] [chunk_XX_feature_importance.py] [info]   Method 6/6: Ablation Study (label_threshold=20.0, +0.601%, kept 19/24) Done in 105.5s: 52W_Low=0.838146 | Perf_Month=0.787558 | SMA20=0.781839 | Price_to_52W_High=0.780664 | SMA50=0.777473 | Change=0.774138 | Prev_Close=0.773906 | Perf_Week=0.772727 | Price=0.769831 | Market_Cap=0.766959 | Rel_Volume=0.706499 | Perf_YTD=0.698789 | SMA200=0.696035 | Perf_Half_Y=0.686524 | Price_to_52W_Low=0.654399 | Volume_to_Avg_Volume=0.592562 | Perf_Year=0.590727 | Avg_Volume=0.478533 | Volume=0.397292
[LN66     ] [chunk_XX_feature_importance.py] [info]   Consolidated ranking (label_threshold=20.0, +0.601%, kept 19/24): #1 Price_to_52W_High=9.50 | #2 52W_Low=10.33 | #3 Market_Cap=10.67 | #4 Prev_Close=12.50 | #5 Perf_Month=14.17 | #6 Perf_Week=14.33 | #7 Price=14.50 | #8 Perf_Half_Y=15.33 | #9 Change=16.00 | #10 Price_to_52W_Low=16.42 | #11 Avg_Volume=16.58 | #12 SMA20=17.00 | #13 SMA50=17.50 | #14 Perf_YTD=17.92 | #15 Rel_Volume=18.17 | #16 Perf_Year=18.25 | #17 Volume_to_Avg_Volume=18.33 | #18 Volume=18.50 | #19 SMA200=18.75
[LN67     ] [chunk_XX_feature_importance.py] [info]   Consolidated pruning (label_threshold=20.0, +0.601%, pruned 5/24): #20 52W_High=20.00 | #20 Perf_Quarter=20.00 | #22 RSI_14=20.33 | #23 Ticker_id=22.42 | #24 ATR=22.50
[LN68     ] [chunk_XX_feature_importance.py] [info]   Method 1/6: Statistical Correlation (label_threshold=10.0, +2.182%, kept 19/24) Done in 2.4s: Change=0.038873 | SMA20=0.029064 | Perf_Half_Y=0.027145 | Perf_Week=0.025326 | RSI_14=0.024932 | Market_Cap=0.022936 | Perf_YTD=0.022405 | SMA50=0.021675 | Perf_Month=0.019955 | Perf_Year=0.017525 | Volume=0.014913 | Price_to_52W_High=0.012989 | Avg_Volume=0.012834 | Prev_Close=0.011758 | Price=0.010739 | Price_to_52W_Low=0.010269 | 52W_Low=0.008274 | Perf_Quarter=0.006780 | 52W_High=0.004372
[LN69     ] [chunk_XX_feature_importance.py] [info]   Method 2/6: Tree-Based Importance (label_threshold=10.0, +2.182%, kept 19/24) Done in 81.3s: 52W_Low=0.138357 | Change=0.079618 | Perf_Week=0.063773 | SMA20=0.059042 | Price_to_52W_High=0.057823 | SMA50=0.046441 | Volume=0.045782 | Market_Cap=0.040232 | Perf_Month=0.038582 | Price_to_52W_Low=0.038377 | Prev_Close=0.035893 | Price=0.030295 | RSI_14=0.030062 | Perf_Year=0.030052 | Perf_Half_Y=0.027868 | Perf_Quarter=0.027146 | Perf_YTD=0.025546 | 52W_High=0.023916 | Avg_Volume=0.021955
[LN70     ] [chunk_XX_feature_importance.py] [info]   Method 3/6: Permutation Importance (label_threshold=10.0, +2.182%, baseline AUC=0.4936, kept 19/24) Done in 56.8s: RSI_14=0.000582 | Price_to_52W_Low=0.000128 | Perf_Week=0.000094 | Perf_Year=0.000083 | SMA20=0.000057 | Change=0.000046 | 52W_Low=0.000036 | 52W_High=0.000006 | SMA50=0.000004 | Volume=0.000000 | Perf_YTD=0.000000 | Price=0.000000 | Prev_Close=0.000000 | Market_Cap=0.000000 | Perf_Month=0.000000 | Perf_Quarter=0.000000 | Perf_Half_Y=0.000000 | Avg_Volume=0.000000 | Price_to_52W_High=0.000000
[LN71     ] [chunk_XX_feature_importance.py] [info]   Method 4/6: Neural Weight Analysis (label_threshold=10.0, +2.182%, kept 19/24) Done in 4.4s: Prev_Close=0.180084 | Perf_Quarter=0.177010 | Price=0.166996 | 52W_Low=0.163599 | Volume=0.156374 | Perf_Month=0.155541 | SMA20=0.154959 | Price_to_52W_High=0.151235 | Price_to_52W_Low=0.148174 | 52W_High=0.144650 | Perf_YTD=0.143150 | Perf_Half_Y=0.143079 | Change=0.138752 | RSI_14=0.136120 | SMA50=0.135405 | Perf_Week=0.135313 | Perf_Year=0.132114 | Market_Cap=0.123997 | Avg_Volume=0.079597
[LN72     ] [chunk_XX_feature_importance.py] [info]   Method 5/6: SHAP Values (label_threshold=10.0, +2.182%, kept 19/24) Done in 11.3s: Avg_Volume=0.009362 | Price=0.000080 | Perf_Half_Y=0.000068 | Prev_Close=0.000065 | Perf_Quarter=0.000041 | Perf_Month=0.000024 | Perf_Year=0.000014 | Perf_YTD=0.000013 | SMA20=0.000010 | Price_to_52W_Low=0.000009 | Price_to_52W_High=0.000009 | RSI_14=0.000007 | SMA50=0.000007 | Market_Cap=0.000003 | Volume=0.000003 | Perf_Week=0.000002 | 52W_High=0.000001 | 52W_Low=0.000001 | Change=0.000001
[LN73     ] [chunk_XX_feature_importance.py] [info]   Method 6/6: Ablation Study (label_threshold=10.0, +2.182%, kept 19/24) Done in 107.4s: 52W_Low=0.795821 | Change=0.760688 | Perf_Week=0.751782 | SMA20=0.746747 | Price_to_52W_High=0.743232 | Prev_Close=0.741238 | Price=0.738437 | Perf_Month=0.731114 | SMA50=0.725793 | Market_Cap=0.715677 | Perf_YTD=0.715561 | Perf_Year=0.710886 | Perf_Quarter=0.707821 | Perf_Half_Y=0.702491 | 52W_High=0.668510 | Price_to_52W_Low=0.642479 | RSI_14=0.585798 | Volume=0.585383 | Avg_Volume=0.437979
[LN74     ] [chunk_XX_feature_importance.py] [info]   Consolidated ranking (label_threshold=10.0, +2.182%, kept 19/24): #1 52W_Low=9.17 | #2 Prev_Close=11.33 | #3 Price_to_52W_High=11.50 | #4 Price=12.00 | #5 SMA20=12.50 | #6 Perf_Half_Y=14.17 | #6 Perf_Month=14.17 | #8 Change=14.50 | #9 Price_to_52W_Low=14.83 | #9 Perf_Week=14.83 | #11 Market_Cap=15.67 | #12 Volume=16.33 | #13 SMA50=16.67 | #14 Perf_Quarter=17.17 | #15 52W_High=18.00 | #15 Perf_Year=18.00 | #17 RSI_14=18.83 | #18 Avg_Volume=19.00 | #19 Perf_YTD=19.17
[LN75     ] [chunk_XX_feature_importance.py] [info]   Consolidated pruning (label_threshold=10.0, +2.182%, pruned 5/24): #20 Rel_Volume=19.50 | #21 SMA200=20.00 | #22 ATR=22.83 | #23 Volume_to_Avg_Volume=24.50 | #24 Ticker_id=25.33
[LN76     ] [chunk_XX_feature_importance.py] [info]   Method 1/6: Statistical Correlation (label_threshold=0.0, +52.060%, kept 19/24) Done in 2.4s: Change=0.038873 | SMA20=0.029064 | Perf_Half_Y=0.027145 | Perf_Week=0.025326 | RSI_14=0.024932 | Market_Cap=0.022936 | Perf_YTD=0.022405 | SMA50=0.021675 | Perf_Month=0.019955 | SMA200=0.015957 | Volume=0.014913 | Price_to_52W_High=0.012989 | Avg_Volume=0.012834 | Prev_Close=0.011758 | Price=0.010739 | Price_to_52W_Low=0.010269 | 52W_Low=0.008274 | Perf_Quarter=0.006780 | ATR=0.004425
[LN77     ] [chunk_XX_feature_importance.py] [info]   Method 2/6: Tree-Based Importance (label_threshold=0.0, +52.060%, kept 19/24) Done in 81.0s: Change=0.120119 | ATR=0.076927 | Volume=0.067702 | Perf_Week=0.050698 | SMA20=0.048458 | Market_Cap=0.041054 | Perf_Half_Y=0.040651 | SMA50=0.039701 | Price_to_52W_Low=0.038714 | RSI_14=0.038237 | Perf_Month=0.036462 | Perf_YTD=0.035392 | Perf_Quarter=0.031254 | SMA200=0.030755 | 52W_Low=0.030660 | Price_to_52W_High=0.028421 | Avg_Volume=0.027925 | Prev_Close=0.023917 | Price=0.021690
[LN78     ] [chunk_XX_feature_importance.py] [info]   Method 3/6: Permutation Importance (label_threshold=0.0, +52.060%, baseline AUC=0.4908, kept 19/24) Done in 56.1s: Price=0.000083 | Perf_YTD=0.000047 | Perf_Quarter=0.000037 | Prev_Close=0.000036 | Perf_Month=0.000031 | SMA200=0.000023 | Price_to_52W_Low=0.000017 | RSI_14=0.000016 | Price_to_52W_High=0.000014 | Perf_Half_Y=0.000011 | Change=0.000001 | 52W_Low=0.000001 | ATR=0.000000 | Volume=0.000000 | Perf_Week=0.000000 | Market_Cap=0.000000 | SMA20=0.000000 | Avg_Volume=0.000000 | SMA50=0.000000
[LN79     ] [chunk_XX_feature_importance.py] [info]   Method 4/6: Neural Weight Analysis (label_threshold=0.0, +52.060%, kept 19/24) Done in 4.3s: Market_Cap=0.159443 | 52W_Low=0.157903 | Price=0.156520 | Price_to_52W_Low=0.156470 | RSI_14=0.155545 | Price_to_52W_High=0.152790 | ATR=0.150482 | Volume=0.149914 | SMA200=0.145022 | Perf_Quarter=0.144907 | Prev_Close=0.141767 | Change=0.138872 | Perf_Half_Y=0.138862 | Perf_Week=0.136617 | Perf_Month=0.134479 | SMA50=0.125477 | Perf_YTD=0.109820 | SMA20=0.108160 | Avg_Volume=0.066981
[LN80     ] [chunk_XX_feature_importance.py] [info]   Method 5/6: SHAP Values (label_threshold=0.0, +52.060%, kept 19/24) Done in 13.6s: Avg_Volume=0.072184 | Perf_Half_Y=0.000239 | Prev_Close=0.000226 | SMA200=0.000161 | Perf_YTD=0.000122 | SMA50=0.000086 | RSI_14=0.000070 | Perf_Month=0.000056 | Change=0.000044 | Perf_Quarter=0.000040 | Price=0.000033 | Price_to_52W_High=0.000030 | SMA20=0.000029 | Perf_Week=0.000016 | Price_to_52W_Low=0.000014 | Volume=0.000010 | Market_Cap=0.000004 | 52W_Low=0.000002 | ATR=0.000001
[LN81     ] [chunk_XX_feature_importance.py] [info]   Method 6/6: Ablation Study (label_threshold=0.0, +52.060%, kept 19/24) Done in 104.1s: Change=0.532122 | SMA50=0.520652 | SMA20=0.519628 | ATR=0.519410 | 52W_Low=0.518847 | Perf_Month=0.518705 | SMA200=0.515977 | Perf_Half_Y=0.515220 | Perf_YTD=0.514659 | Volume=0.513992 | Perf_Week=0.513505 | Avg_Volume=0.512805 | Price_to_52W_High=0.511620 | Price_to_52W_Low=0.510811 | RSI_14=0.508619 | Perf_Quarter=0.506710 | Market_Cap=0.492519 | Prev_Close=0.491650 | Price=0.491186
[LN82     ] [chunk_XX_feature_importance.py] [info]   Consolidated ranking (label_threshold=0.0, +52.060%, kept 19/24): #1 Perf_Half_Y=10.33 | #2 52W_Low=13.17 | #2 Change=13.17 | #4 Price_to_52W_High=13.83 | #5 Perf_Month=14.33 | #5 Market_Cap=14.33 | #7 Volume=14.83 | #8 Price_to_52W_Low=15.17 | #10 Price=15.33 | #10 SMA200=15.33 | #10 Prev_Close=15.33 | #12 Perf_YTD=16.33 | #12 RSI_14=16.33 | #14 SMA50=16.83 | #15 ATR=17.67 | #16 Perf_Quarter=17.83 | #16 Avg_Volume=17.83 | #18 Perf_Week=18.33 | #19 SMA20=18.50
[LN83     ] [chunk_XX_feature_importance.py] [info]   Consolidated pruning (label_threshold=0.0, +52.060%, pruned 5/24): #20 Rel_Volume=19.00 | #21 52W_High=20.00 | #22 Perf_Year=21.33 | #23 Volume_to_Avg_Volume=22.00 | #24 Ticker_id=22.83
[LN84     ] [chunk_XX_feature_importance.py] [info] [cross-threshold] Always pruned (3/3): ['Ticker_id']
[LN85     ] [chunk_XX_feature_importance.py] [info] [cross-threshold] Never pruned (0/3): ['52W_Low', 'Avg_Volume', 'Change', 'Market_Cap', 'Perf_Half_Y', 'Perf_Month', 'Perf_Week', 'Perf_YTD', 'Prev_Close', 'Price', 'Price_to_52W_High', 'Price_to_52W_Low', 'SMA20', 'SMA50', 'Volume']
[LN86     ] [chunk_XX_feature_importance.py] [info] [cross-threshold] Borderline: {'52W_High': 2, 'ATR': 2, 'Perf_Quarter': 1, 'Perf_Year': 1, 'RSI_14': 1, 'Rel_Volume': 2, 'SMA200': 1, 'Volume_to_Avg_Volume': 2}
[LN87     ] [chunk_XX_feature_importance.py] [info] Computing feature correlation matrix
[LN88     ] [chunk_XX_feature_importance.py] [info] total time: 786.5s (13.1 min)
[LN89     ] [chunk_XX_feature_importance.py] [info] features: 24 total -> 19 kept, 5 pruned
[LN90     ] [chunk_XX_feature_importance.py] [info] dropped: ['52W_High', 'Ticker_id', 'Perf_Quarter', 'ATR', 'RSI_14']
[LN91     ] [chunk_XX_feature_importance.py] [info] FEATURE IMPORTANCE ANALYSIS REPORT

Original features: 24 | After pruning: 19 | Dropped: 5
Runtime: 13.1 min
  - Correlation: 0.0s
  - Tree: 0.0s
  - Permutation: 0.0s
  - Neural: 0.0s
  - shap: 0.0s
  - Ablation: 0.0s

Dropped features: ['52W_High', 'Ticker_id', 'Perf_Quarter', 'ATR', 'RSI_14']
Kept features: ['Price_to_52W_High', '52W_Low', 'Market_Cap', 'Prev_Close', 'Perf_Month', 'Perf_Week', 'Price', 'Perf_Half_Y', 'Change', 'Price_to_52W_Low', 'Avg_Volume', 'SMA20', 'SMA50', 'Perf_YTD', 'Rel_Volume', 'Perf_Year', 'Volume_to_Avg_Volume', 'Volume', 'SMA200']
CONSOLIDATED RANKING (1 = most important)
             feature  mean_rank  consolidated_rank
   Price_to_52W_High   9.500000                1.0
             52W_Low  10.333333                2.0
          Market_Cap  10.666667                3.0
          Prev_Close  12.500000                4.0
          Perf_Month  14.166667                5.0
           Perf_Week  14.333333                6.0
               Price  14.500000                7.0
         Perf_Half_Y  15.333333                8.0
              Change  16.000000                9.0
    Price_to_52W_Low  16.416667               10.0
          Avg_Volume  16.583333               11.0
               SMA20  17.000000               12.0
               SMA50  17.500000               13.0
            Perf_YTD  17.916667               14.0
          Rel_Volume  18.166667               15.0
           Perf_Year  18.250000               16.0
Volume_to_Avg_Volume  18.333333               17.0
              Volume  18.500000               18.0
              SMA200  18.750000               19.0
            52W_High  20.000000               20.5
        Perf_Quarter  20.000000               20.5
              RSI_14  20.333333               22.0
           Ticker_id  22.416667               23.0
                 ATR  22.500000               24.0
TOP FEATURES PER METHOD

Spearman Correlation:
            feature  rank  spearman_abs
      Perf_Half_Y  17.0      0.027145
       Market_Cap  19.0      0.022936
Price_to_52W_High  19.0      0.012989
          52W_Low  22.0      0.008274
       Prev_Close  26.0      0.011758

Tree Importance (RF+GBM):
            feature  rank  combined_importance
Price_to_52W_High   1.0             0.070073
          52W_Low   2.0             0.068314
       Rel_Volume   3.0             0.066749
        Perf_Week   4.0             0.062517
           Volume   5.0             0.062410

Permutation Importance:
           feature  rank
       Ticker_id   1.0
      Avg_Volume   2.0
        Perf_YTD   3.0
          SMA200   4.0
Price_to_52W_Low   5.0

Neural Weight Magnitude:
            feature  rank
       Market_Cap   1.0
            Price   2.0
        Perf_Week   3.0
       Perf_Month   4.0
Price_to_52W_High   5.0

SHAP Values:
     feature  rank  mean_abs_shap
Market_Cap  12.5            0.0
   52W_Low  12.5            0.0
Prev_Close  12.5            0.0
     Price  12.5            0.0
    Volume  12.5            0.0

Ablation Study (AUC):
            feature  rank      auc
          52W_Low   1.0 0.838146
       Perf_Month   2.0 0.787558
            SMA20   3.0 0.781839
Price_to_52W_High   4.0 0.780664
            SMA50   5.0 0.777473
[LN92     ] [chunk_XX_feature_importance.py] [info] Report saved to ./feature_importance_report.txt
[LN93     ] [chunk_XX_feature_importance.py] [info] Consolidated ranking saved to ./feature_importance_report.csv
[LN94     ] [chunk_XX_feature_importance.py] [info] Metadata saved to ./feature_importance_report_meta.json
[LN95     ] [chunk_XX_phase_feature_analysis_a.py] [info] complete: 24 raw features (per-threshold pruning stored)
[LN96     ] [chunk_XX_phase_feature_analysis_a.py] [info]   First threshold (20.0): 19 kept
[LN97     ] [chunk_20_pipeline_main.py] [info] [skip] Phase Xa: Raw Feature Importance validation skipped (no validator)
[LN98     ] [chunk_18_phase_4_ensemble.py] [info] Target column: ChangeY
[LN99     ] [chunk_18_phase_4_ensemble.py] [info] Features (24): ['Market_Cap', '52W_Low', 'Prev_Close', 'Price', 'Volume', '52W_High', 'Ticker_id', 'Perf_YTD', 'Perf_Year', 'SMA200', 'Perf_Half_Y', 'Avg_Volume', 'Perf_Quarter', 'SMA50', 'Perf_Month', 'SMA20', 'ATR', 'RSI_14', 'Perf_Week', 'Rel_Volume', 'Change', 'Price_to_52W_High', 'Volume_to_Avg_Volume', 'Price_to_52W_Low']
[LN100    ] [chunk_18_phase_4_ensemble.py] [info] Per-threshold feature pruning loaded for 3 thresholds
[LN101    ] [chunk_18_phase_4_ensemble.py] [info] Training ensemble on 184408 samples
[LN102    ] [chunk_18_phase_4_ensemble.py] [info] Date split: 32 total, top 2 held out
[LN103    ] [chunk_18_phase_4_ensemble.py] [info]   Remaining dates: 30 (after excluding top 2)
[LN104    ] [chunk_18_phase_4_ensemble.py] [info]   Validation split: 30% = 9 dates
[LN105    ] [chunk_18_phase_4_ensemble.py] [info]   Training split: 70% = 21 dates
[LN106    ] [chunk_18_phase_4_ensemble.py] [info] Training set: 119,310 rows, 21 unique dates
[LN107    ] [chunk_18_phase_4_ensemble.py] [info] Validation set: 53,254 rows, 9 unique dates
[LN108    ] [chunk_18_phase_4_ensemble.py] [info] [stat] split ratio: train=70.0% | validation=30.0%
[LN109    ] [chunk_18_phase_4_ensemble.py] [info] [stat] Class Distribution at Label Thresholds (20.0 to 0.0, step -10.0):
[LN110    ] [chunk_18_phase_4_ensemble.py] [info]    LABEL_THRESHOLD= 20.0: train_positives=689 ( 0.58%) | validation_positives=336 ( 0.63%) [ok]
[LN111    ] [chunk_18_phase_4_ensemble.py] [info]    LABEL_THRESHOLD= 10.0: train_positives=2,554 ( 2.14%) | validation_positives=1,197 ( 2.25%) [ok]
[LN112    ] [chunk_18_phase_4_ensemble.py] [info]    LABEL_THRESHOLD=  0.0: train_positives=59,721 (50.06%) | validation_positives=28,774 (54.03%) [ok]
[LN113    ] [chunk_18_phase_4_ensemble.py] [info] [section 1] [baseline] Training 9 architectures
[LN114    ] [chunk_18_phase_4_ensemble.py] [info] [section 1] [baseline] Testing 3 thresholds per architecture (20.0 to 0.0, step -10.0)
[LN115    ] [chunk_18_phase_4_ensemble.py] [info] [section 1] [CATBOOST] [baseline] LABEL_THRESHOLD=20.0,
[LN116    ] [chunk_18_phase_4_ensemble.py] [info] [section 1] [CATBOOST] [baseline] predictions: mean=0.0085, std=0.0289, min=0.0000, max=0.7882
[LN117    ] [chunk_18_phase_4_ensemble.py] [info] [section 1] [CATBOOST] [baseline]  percentiles: p1=0.0000, p5=0.0001, p10=0.0002, p25=0.0003, p50=0.0010, p75=0.0050, p90=0.0190, p95=0.0378, p99=0.1234, max=0.7882 | histogram: bins[50710, 1499, 478, 211, 102, 89, 44, 37, 15, 15, 15, 6, 8, 9, 5, 4, 2, 1, 1, 3]
[LN118    ] [chunk_18_phase_4_ensemble.py] [info] [section 1] [CATBOOST] [baseline] prediction_binary_split=0.50, VALIDATION predictions at LABEL_THRESHOLD=20.0: 0.05%
[LN119    ] [chunk_18_phase_4_ensemble.py] [info] [section 1] [CATBOOST] [baseline] LABEL_THRESHOLD=20.0,
[LN120    ] [chunk_18_phase_4_ensemble.py] [info] [section 1] [CATBOOST] [baseline] VALIDATION_PRECISION=0.0357 VALIDATION_TRUE_POSITIVES=1 VALIDATION_TRUE_NEGATIVES=52891 validation_false_positives=27 validation_false_negatives=335 validation_max_prediction=0.7882 validation_mean_prediction=0.0085 validation_recall=0.0030 validation_f1=0.0055 validation_auc=0.8451 validation_specificity=0.9995 validation_false_positive_rate=0.0005 validation_f2=0.0036 validation_mcc=0.0085 validation_prauc=0.0329 validation_balanced_accuracy=0.5012 validation_brier=0.0067 validation_kappa=0.0045 validation_informedness=0.0025 validation_markedness=0.0352 validation_gini=0.6903 validation_optimal_threshold=0.0040 validation_standard_deviation_prediction=0.0289 validation_percentage_above_threshold=0.05
[LN121    ] [chunk_18_phase_4_ensemble.py] [info] [section 1] [CATBOOST] [baseline] prediction_binary_split=0.50 loss=binary_crossentropy, lr=0.001
[LN122    ] [chunk_12_evaluation_evaluator.py] [info] [CATBOOST] LABEL_THRESHOLD=20.0 | Train: below prediction_binary_split=118,621,above prediction_binary_split=689 [ok] | Validation: below prediction_binary_split=52,918,above prediction_binary_split=336 [ok]
[LN123    ] [chunk_12_evaluation_evaluator.py] [info] [reject] Skipping threshold 20.0: only 28 positive VALIDATION predictions (min=53)
[LN124    ] [chunk_12_evaluation_evaluator.py] [info] [CATBOOST] LABEL_THRESHOLD=10.0 | Train: below prediction_binary_split=116,756,above prediction_binary_split=2,554 [ok] | Validation: below prediction_binary_split=52,057,above prediction_binary_split=1,197 [ok]
[LN125    ] [chunk_12_evaluation_evaluator.py] [info] [CATBOOST] [diagnostic] LABEL_THRESHOLD=10.0 train_precision=0.8439 train_true_positives=1876 train_true_negatives=116409 train_false_positives=347 train_false_negatives=678 train_max_prediction=0.9451 train_mean_prediction=0.0705 train_recall=0.7345 train_f1=0.7854 train_auc=0.9836 train_specificity=0.9970 train_false_positive_rate=0.0030 train_f2=0.7541 train_mcc=0.7830 train_prauc=0.8439 train_balanced_accuracy=0.8658 train_brier=0.0150 train_kappa=0.7811 train_informedness=0.7316 train_markedness=0.8409 train_gini=0.9672 train_optimal_threshold=0.2530 train_standard_deviation_prediction=0.1191 train_percentage_above_threshold=1.86
[LN126    ] [chunk_12_evaluation_evaluator.py] [info] [CATBOOST] [diagnostic] LABEL_THRESHOLD=10.0 VALIDATION_PRECISION=0.1272 VALIDATION_TRUE_POSITIVES=50 VALIDATION_TRUE_NEGATIVES=51714 validation_false_positives=343 validation_false_negatives=1147 validation_max_prediction=0.9026 validation_mean_prediction=0.0624 validation_recall=0.0418 validation_f1=0.0629 validation_auc=0.8251 validation_specificity=0.9934 validation_false_positive_rate=0.0066 validation_f2=0.0483 validation_mcc=0.0609 validation_prauc=0.0800 validation_balanced_accuracy=0.5176 validation_brier=0.0280 validation_kappa=0.0524 validation_informedness=0.0352 validation_markedness=0.1206 validation_gini=0.6502 validation_optimal_threshold=0.0385 validation_standard_deviation_prediction=0.0985 validation_percentage_above_threshold=0.74
[LN127    ] [chunk_12_evaluation_evaluator.py] [info] [CATBOOST] LABEL_THRESHOLD=0.0 | Train: below prediction_binary_split=59,589,above prediction_binary_split=59,721 [ok] | Validation: below prediction_binary_split=24,480,above prediction_binary_split=28,774 [ok]
[LN128    ] [chunk_12_evaluation_evaluator.py] [info] [CATBOOST] [diagnostic] LABEL_THRESHOLD=0.0 train_precision=0.6754 train_true_positives=39385 train_true_negatives=40661 train_false_positives=18928 train_false_negatives=20336 train_max_prediction=0.9872 train_mean_prediction=0.5003 train_recall=0.6595 train_f1=0.6674 train_auc=0.7411 train_specificity=0.6824 train_false_positive_rate=0.3176 train_f2=0.6626 train_mcc=0.3419 train_prauc=0.7405 train_balanced_accuracy=0.6709 train_brier=0.2179 train_kappa=0.3418 train_informedness=0.3418 train_markedness=0.3578 train_gini=0.4822 train_optimal_threshold=0.4982 train_standard_deviation_prediction=0.1052 train_percentage_above_threshold=48.88
[LN129    ] [chunk_12_evaluation_evaluator.py] [info] [CATBOOST] [diagnostic] LABEL_THRESHOLD=0.0 VALIDATION_PRECISION=0.5249 VALIDATION_TRUE_POSITIVES=11334 VALIDATION_TRUE_NEGATIVES=14220 validation_false_positives=10260 validation_false_negatives=17440 validation_max_prediction=0.9643 validation_mean_prediction=0.4762 validation_recall=0.3939 validation_f1=0.4500 validation_auc=0.4815 validation_specificity=0.5809 validation_false_positive_rate=0.4191 validation_f2=0.4146 validation_mcc=-0.0256 validation_prauc=0.5468 validation_balanced_accuracy=0.4874 validation_brier=0.2694 validation_kappa=-0.0247 validation_informedness=-0.0252 validation_markedness=0.1058 validation_gini=0.0000 validation_optimal_threshold=0.6405 validation_standard_deviation_prediction=0.1228 validation_percentage_above_threshold=40.55
[LN130    ] [chunk_18_phase_4_ensemble.py] [info] [section 1] [CATBOOST] [label_threshold_optimal]  percentiles: p1=0.2172, p5=0.2897, p10=0.3267, p25=0.3888, p50=0.4695, p75=0.5562, p90=0.6343, p95=0.6812, p99=0.8077, max=0.9643 | histogram: bins[13, 66, 224, 582, 1479, 3307, 5635, 7149, 7591, 7406, 6532, 5170, 3677, 2149, 974, 592, 331, 183, 116, 78]
[LN131    ] [chunk_18_phase_4_ensemble.py] [info] [section 1] [CATBOOST] [label_threshold_optimal] LABEL_THRESHOLD=0.0
[LN132    ] [chunk_18_phase_4_ensemble.py] [info] [section 1] [CATBOOST] [label_threshold_optimal] train_precision=0.6754 train_true_positives=39385 train_true_negatives=40661 train_false_positives=18928 train_false_negatives=20336 train_max_prediction=0.9872 train_mean_prediction=0.5003 train_recall=0.6595 train_f1=0.6674 train_auc=0.7411 train_specificity=0.6824 train_false_positive_rate=0.3176 train_f2=0.6626 train_mcc=0.3419 train_prauc=0.7405 train_balanced_accuracy=0.6709 train_brier=0.2179 train_kappa=0.3418 train_informedness=0.3418 train_markedness=0.3578 train_gini=0.4822 train_optimal_threshold=0.4982 train_standard_deviation_prediction=0.1052 train_percentage_above_threshold=48.88
[LN133    ] [chunk_18_phase_4_ensemble.py] [info] [section 1] [CATBOOST] [label_threshold_optimal] VALIDATION_PRECISION=0.5249 VALIDATION_TRUE_POSITIVES=11334 VALIDATION_TRUE_NEGATIVES=14220 validation_false_positives=10260 validation_false_negatives=17440 validation_max_prediction=0.9643 validation_mean_prediction=0.4762 validation_recall=0.3939 validation_f1=0.4500 validation_auc=0.4815 validation_specificity=0.5809 validation_false_positive_rate=0.4191 validation_f2=0.4146 validation_mcc=-0.0256 validation_prauc=0.5468 validation_balanced_accuracy=0.4874 validation_brier=0.2694 validation_kappa=-0.0247 validation_informedness=-0.0252 validation_markedness=0.1058 validation_gini=0.0000 validation_optimal_threshold=0.6405 validation_standard_deviation_prediction=0.1228 validation_percentage_above_threshold=40.55
[LN134    ] [chunk_18_phase_4_ensemble.py] [info] [section 1] [CATBOOST] [label_threshold_optimal] prediction_binary_split=0.50
[LN135    ] [chunk_21_hyperparam_optimizer.py] [info] [section 2] [CATBOOST] [hyperparameter_optimization search] Running Bayesian optimization (5 trials)...
[LN136    ] [chunk_21_hyperparam_optimizer.py] [info] [section 2] [CATBOOST] [hyperparameter_optimization search baseline] LABEL_THRESHOLD=0.0
[LN137    ] [chunk_21_hyperparam_optimizer.py] [info] [section 2] [CATBOOST] [hyperparameter_optimization search baseline] VALIDATION_PRECISION=0.5230 VALIDATION_TRUE_POSITIVES=10767 VALIDATION_TRUE_NEGATIVES=14661 validation_false_positives=9819 validation_false_negatives=18007 validation_max_prediction=0.9024 validation_mean_prediction=0.4766 validation_recall=0.3742 validation_f1=0.4363 validation_auc=0.4795 validation_specificity=0.5989 validation_false_positive_rate=0.4011 validation_f2=0.3968 validation_mcc=-0.0275 validation_prauc=0.5474 validation_balanced_accuracy=0.4865 validation_brier=0.2629 validation_kappa=-0.0263 validation_informedness=-0.0269 validation_markedness=0.1219 validation_gini=0.0000 validation_optimal_threshold=0.6324 validation_standard_deviation_prediction=0.0954 validation_percentage_above_threshold=38.66
[LN138    ] [chunk_21_hyperparam_optimizer.py] [info] [section 2] [CATBOOST] [hyperparameter_optimization search baseline] TRIAL 1/5: iterations=400, depth=4, learning_rate=0.08, auto_class_weights=Balanced, l2_leaf_reg=7
[LN139    ] [chunk_21_hyperparam_optimizer.py] [info] [section 2] [CATBOOST] [hyperparameter_optimization search baseline] LABEL_THRESHOLD=0.0
[LN140    ] [chunk_21_hyperparam_optimizer.py] [info] [section 2] [CATBOOST] [hyperparameter_optimization search baseline] VALIDATION_PRECISION=0.5231 VALIDATION_TRUE_POSITIVES=11176 VALIDATION_TRUE_NEGATIVES=14292 validation_false_positives=10188 validation_false_negatives=17598 validation_max_prediction=0.9715 validation_mean_prediction=0.4733 validation_recall=0.3884 validation_f1=0.4458 validation_auc=0.4818 validation_specificity=0.5838 validation_false_positive_rate=0.4162 validation_f2=0.4095 validation_mcc=-0.0282 validation_prauc=0.5468 validation_balanced_accuracy=0.4861 validation_brier=0.2713 validation_kappa=-0.0272 validation_informedness=-0.0278 validation_markedness=0.1069 validation_gini=0.0000 validation_optimal_threshold=0.6486 validation_standard_deviation_prediction=0.1294 validation_percentage_above_threshold=40.12
[LN141    ] [chunk_21_hyperparam_optimizer.py] [info] [section 2] [CATBOOST] [hyperparameter_optimization search baseline] TRIAL 2/5: iterations=500, depth=6, learning_rate=0.1, auto_class_weights=SqrtBalanced, l2_leaf_reg=1
[LN142    ] [chunk_21_hyperparam_optimizer.py] [info] [section 2] [CATBOOST] [hyperparameter_optimization search baseline] LABEL_THRESHOLD=0.0
[LN143    ] [chunk_21_hyperparam_optimizer.py] [info] [section 2] [CATBOOST] [hyperparameter_optimization search baseline] VALIDATION_PRECISION=0.5230 VALIDATION_TRUE_POSITIVES=10953 VALIDATION_TRUE_NEGATIVES=14492 validation_false_positives=9988 validation_false_negatives=17821 validation_max_prediction=0.8961 validation_mean_prediction=0.4785 validation_recall=0.3807 validation_f1=0.4406 validation_auc=0.4772 validation_specificity=0.5920 validation_false_positive_rate=0.4080 validation_f2=0.4026 validation_mcc=-0.0279 validation_prauc=0.5450 validation_balanced_accuracy=0.4863 validation_brier=0.2622 validation_kappa=-0.0267 validation_informedness=-0.0274 validation_markedness=0.1150 validation_gini=0.0000 validation_optimal_threshold=0.6334 validation_standard_deviation_prediction=0.0902 validation_percentage_above_threshold=39.32
[LN144    ] [chunk_21_hyperparam_optimizer.py] [info] [section 2] [CATBOOST] [hyperparameter_optimization search baseline] TRIAL 3/5: iterations=500, depth=4, learning_rate=0.05, auto_class_weights=SqrtBalanced, l2_leaf_reg=1
[LN145    ] [chunk_21_hyperparam_optimizer.py] [info] [section 2] [CATBOOST] [hyperparameter_optimization search baseline] LABEL_THRESHOLD=0.0
[LN146    ] [chunk_21_hyperparam_optimizer.py] [info] [section 2] [CATBOOST] [hyperparameter_optimization search baseline] VALIDATION_PRECISION=0.5221 VALIDATION_TRUE_POSITIVES=10816 VALIDATION_TRUE_NEGATIVES=14581 validation_false_positives=9899 validation_false_negatives=17958 validation_max_prediction=0.8819 validation_mean_prediction=0.4774 validation_recall=0.3759 validation_f1=0.4371 validation_auc=0.4813 validation_specificity=0.5956 validation_false_positive_rate=0.4044 validation_f2=0.3982 validation_mcc=-0.0291 validation_prauc=0.5498 validation_balanced_accuracy=0.4858 validation_brier=0.2628 validation_kappa=-0.0278 validation_informedness=-0.0285 validation_markedness=0.1178 validation_gini=0.0000 validation_optimal_threshold=0.6216 validation_standard_deviation_prediction=0.0970 validation_percentage_above_threshold=38.90
[LN147    ] [chunk_21_hyperparam_optimizer.py] [info] [section 2] [CATBOOST] [hyperparameter_optimization search baseline] TRIAL 4/5: iterations=300, depth=5, learning_rate=0.08, auto_class_weights=SqrtBalanced, l2_leaf_reg=7
[LN148    ] [chunk_21_hyperparam_optimizer.py] [info] [section 2] [CATBOOST] [hyperparameter_optimization search baseline] LABEL_THRESHOLD=0.0
[LN149    ] [chunk_21_hyperparam_optimizer.py] [info] [section 2] [CATBOOST] [hyperparameter_optimization search baseline] VALIDATION_PRECISION=0.5228 VALIDATION_TRUE_POSITIVES=10816 VALIDATION_TRUE_NEGATIVES=14608 validation_false_positives=9872 validation_false_negatives=17958 validation_max_prediction=0.9153 validation_mean_prediction=0.4784 validation_recall=0.3759 validation_f1=0.4373 validation_auc=0.4781 validation_specificity=0.5967 validation_false_positive_rate=0.4033 validation_f2=0.3983 validation_mcc=-0.0280 validation_prauc=0.5471 validation_balanced_accuracy=0.4863 validation_brier=0.2613 validation_kappa=-0.0267 validation_informedness=-0.0274 validation_markedness=0.1195 validation_gini=0.0000 validation_optimal_threshold=0.6462 validation_standard_deviation_prediction=0.0875 validation_percentage_above_threshold=38.85
[LN150    ] [chunk_21_hyperparam_optimizer.py] [info] [section 2] [CATBOOST] [hyperparameter_optimization search baseline] TRIAL 5/5: iterations=500, depth=4, learning_rate=0.05, auto_class_weights=Balanced, l2_leaf_reg=1
[LN151    ] [chunk_21_hyperparam_optimizer.py] [info] [section 2] [CATBOOST] [best trial] LABEL_THRESHOLD=0.0
[LN152    ] [chunk_21_hyperparam_optimizer.py] [info] [section 2] [CATBOOST] [best trial] VALIDATION_PRECISION=0.5231 VALIDATION_TRUE_POSITIVES=11176 VALIDATION_TRUE_NEGATIVES=14292 validation_false_positives=10188 validation_false_negatives=17598 validation_max_prediction=0.9715 validation_mean_prediction=0.4733 validation_recall=0.3884 validation_f1=0.4458 validation_auc=0.4818 validation_specificity=0.5838 validation_false_positive_rate=0.4162 validation_f2=0.4095 validation_mcc=-0.0282 validation_prauc=0.5468 validation_balanced_accuracy=0.4861 validation_brier=0.2713 validation_kappa=-0.0272 validation_informedness=-0.0278 validation_markedness=0.1069 validation_gini=0.0000 validation_optimal_threshold=0.6486 validation_standard_deviation_prediction=0.1294 validation_percentage_above_threshold=40.12
[LN153    ] [chunk_21_hyperparam_optimizer.py] [info] [section 2] [CATBOOST] [best trial] iterations=500, depth=6, learning_rate=0.1, auto_class_weights=SqrtBalanced, l2_leaf_reg=1
[LN154    ] [chunk_18_phase_4_ensemble.py] [info]    [diagnostic-hyperparameter_optimization]  percentiles: p1=0.1935, p5=0.2760, p10=0.3163, p25=0.3823, p50=0.4668, p75=0.5562, p90=0.6375, p95=0.6931, p99=0.8264, max=0.9715 | histogram: bins[11, 58, 266, 613, 1375, 2933, 5218, 6996, 7463, 7391, 6792, 5405, 3792, 2185, 1175, 663, 422, 253, 228, 15]
[LN155    ] [chunk_18_phase_4_ensemble.py] [info]    hyperparameter_optimization did NOT improve: 0.5231 <= 0.5249 - using pre hyperparameter_optimization model
[LN156    ] [chunk_18_phase_4_ensemble.py] [info] [section 3] [CATBOOST] [PRE-HYPERPARAMETER_OPTIMIZATION] LABEL_THRESHOLD=0.0,
[LN157    ] [chunk_18_phase_4_ensemble.py] [info] [section 3] [CATBOOST] [PRE-HYPERPARAMETER_OPTIMIZATION] VALIDATION_PRECISION=0.5249 VALIDATION_TRUE_POSITIVES=11334 VALIDATION_TRUE_NEGATIVES=14220 validation_false_positives=10260 validation_false_negatives=17440 validation_max_prediction=0.9643 validation_mean_prediction=0.4762 validation_recall=0.3939 validation_f1=0.4500 validation_auc=0.4815 validation_specificity=0.5809 validation_false_positive_rate=0.4191 validation_f2=0.4146 validation_mcc=-0.0256 validation_prauc=0.5468 validation_balanced_accuracy=0.4874 validation_brier=0.2694 validation_kappa=-0.0247 validation_informedness=-0.0252 validation_markedness=0.1058 validation_gini=0.0000 validation_optimal_threshold=0.6405 validation_standard_deviation_prediction=0.1228 validation_percentage_above_threshold=40.55
[LN158    ] [chunk_18_phase_4_ensemble.py] [info] [section 3] [CATBOOST] [PRE-HYPERPARAMETER_OPTIMIZATION] prediction_binary_split=0.50 hyperparams=(loss=binary_crossentropy lr=0.1 dropout=0.1 alpha=0.0 gamma=0.0 latent_dim=0) improved=False {'iterations': 500, 'depth': 6, 'learning_rate': 0.1, 'auto_class_weights': 'SqrtBalanced', 'l2_leaf_reg': 1}
[LN159    ] [chunk_18_phase_4_ensemble.py] [info]    Running post hyperparameter_optimization threshold search for CatBoost...
[LN160    ] [chunk_12_evaluation_evaluator.py] [info] [CATBOOST] LABEL_THRESHOLD=20.0 | Train: below prediction_binary_split=118,621,above prediction_binary_split=689 [ok] | Validation: below prediction_binary_split=52,918,above prediction_binary_split=336 [ok]
[LN161    ] [chunk_12_evaluation_evaluator.py] [info] [CATBOOST] [reject] skipping LABEL_THRESHOLD=20.0: validation_precision=0.0076 <= baseline+0.0100=0.0163
[LN162    ] [chunk_12_evaluation_evaluator.py] [info] [CATBOOST] LABEL_THRESHOLD=10.0 | Train: below prediction_binary_split=116,756,above prediction_binary_split=2,554 [ok] | Validation: below prediction_binary_split=52,057,above prediction_binary_split=1,197 [ok]
[LN163    ] [chunk_12_evaluation_evaluator.py] [info] [CATBOOST] [reject] skipping LABEL_THRESHOLD=10.0: validation_precision=0.0163 <= baseline+0.0100=0.0325
[LN164    ] [chunk_12_evaluation_evaluator.py] [info] [CATBOOST] LABEL_THRESHOLD=0.0 | Train: below prediction_binary_split=59,589,above prediction_binary_split=59,721 [ok] | Validation: below prediction_binary_split=24,480,above prediction_binary_split=28,774 [ok]
[LN165    ] [chunk_12_evaluation_evaluator.py] [info] [CATBOOST] [diagnostic] LABEL_THRESHOLD=0.0 train_precision=0.6754 train_true_positives=39385 train_true_negatives=40661 train_false_positives=18928 train_false_negatives=20336 train_max_prediction=0.9872 train_mean_prediction=0.5003 train_recall=0.6595 train_f1=0.6674 train_auc=0.7411 train_specificity=0.6824 train_false_positive_rate=0.3176 train_f2=0.6626 train_mcc=0.3419 train_prauc=0.7405 train_balanced_accuracy=0.6709 train_brier=0.2179 train_kappa=0.3418 train_informedness=0.3418 train_markedness=0.3578 train_gini=0.4822 train_optimal_threshold=0.4982 train_standard_deviation_prediction=0.1052 train_percentage_above_threshold=48.88
[LN166    ] [chunk_12_evaluation_evaluator.py] [info] [CATBOOST] [diagnostic] LABEL_THRESHOLD=0.0 VALIDATION_PRECISION=0.5249 VALIDATION_TRUE_POSITIVES=11334 VALIDATION_TRUE_NEGATIVES=14220 validation_false_positives=10260 validation_false_negatives=17440 validation_max_prediction=0.9643 validation_mean_prediction=0.4762 validation_recall=0.3939 validation_f1=0.4500 validation_auc=0.4815 validation_specificity=0.5809 validation_false_positive_rate=0.4191 validation_f2=0.4146 validation_mcc=-0.0256 validation_prauc=0.5468 validation_balanced_accuracy=0.4874 validation_brier=0.2694 validation_kappa=-0.0247 validation_informedness=-0.0252 validation_markedness=0.1058 validation_gini=0.0000 validation_optimal_threshold=0.6405 validation_standard_deviation_prediction=0.1228 validation_percentage_above_threshold=40.55
[LN167    ] [chunk_18_phase_4_ensemble.py] [info]    hyperparameter_optimization model threshold search: LABEL_THRESHOLD=0.0, VALIDATION_PRECISION=0.5231
[LN168    ] [chunk_18_phase_4_ensemble.py] [info]    post hyperparameter_optimization threshold search: LABEL_THRESHOLD=0.0, VALIDATION_PRECISION=0.5249
[LN169    ] [chunk_18_phase_4_ensemble.py] [info]    post hyperparameter_optimization no improvement: keeping LABEL_THRESHOLD=0.0
[LN170    ] [chunk_18_phase_4_ensemble.py] [info] [section 4] [CATBOOST] [post hyperparameter_optimization] [diagnostic]  percentiles: p1=0.2172, p5=0.2897, p10=0.3267, p25=0.3888, p50=0.4695, p75=0.5562, p90=0.6343, p95=0.6812, p99=0.8077, max=0.9643 | histogram: bins[13, 66, 224, 582, 1479, 3307, 5635, 7149, 7591, 7406, 6532, 5170, 3677, 2149, 974, 592, 331, 183, 116, 78]
[LN171    ] [chunk_18_phase_4_ensemble.py] [info] [section 4] [CATBOOST] [post hyperparameter_optimization] LABEL_THRESHOLD=0.0,
[LN172    ] [chunk_18_phase_4_ensemble.py] [info] [section 4] [CATBOOST] [post hyperparameter_optimization] VALIDATION_PRECISION=0.5249 VALIDATION_TRUE_POSITIVES=11334 VALIDATION_TRUE_NEGATIVES=14220 validation_false_positives=10260 validation_false_negatives=17440 validation_max_prediction=0.9643 validation_mean_prediction=0.4762 validation_recall=0.3939 validation_f1=0.4500 validation_auc=0.4815 validation_specificity=0.5809 validation_false_positive_rate=0.4191 validation_f2=0.4146 validation_mcc=-0.0256 validation_prauc=0.5468 validation_balanced_accuracy=0.4874 validation_brier=0.2694 validation_kappa=-0.0247 validation_informedness=-0.0252 validation_markedness=0.1058 validation_gini=0.0000 validation_optimal_threshold=0.6405 validation_standard_deviation_prediction=0.1228 validation_percentage_above_threshold=40.55
[LN173    ] [chunk_18_phase_4_ensemble.py] [info] [section 4] [CATBOOST] [post hyperparameter_optimization] prediction_binary_split=0.50 hyperparams=(loss=binary_crossentropy lr=0.1 dropout=0.0 alpha=1.0 gamma=1.0 latent_dim=64) source=section3
[LN174    ] [chunk_18_phase_4_ensemble.py] [info]    Using threshold-optimized model (HPO did not improve)
[LN175    ] [chunk_18_phase_4_ensemble.py] [info]    Train predictions: mean=0.5003, std=0.1052, min=0.0832, max=0.9872
[LN176    ] [chunk_18_phase_4_ensemble.py] [info]    validation predictions:   mean=0.4762, std=0.1228, min=0.0583, max=0.9643
[LN177    ] [chunk_18_phase_4_ensemble.py] [info] [section 5] [CATBOOST] [final] [diagnostic] Train  percentiles: p1=0.2359, p5=0.3372, p10=0.3793, p25=0.4390, p50=0.4976, p75=0.5573, p90=0.6198, p95=0.6700, p99=0.8172, max=0.9872 | histogram: bins[76, 276, 556, 952, 1941, 4118, 8702, 15657, 23011, 24366, 18211, 10481, 5042, 2310, 1326, 942, 611, 336, 80, 316]
[LN178    ] [chunk_18_phase_4_ensemble.py] [info] [section 5] [CATBOOST] [final] [diagnostic] validation    percentiles: p1=0.2172, p5=0.2897, p10=0.3267, p25=0.3888, p50=0.4695, p75=0.5562, p90=0.6343, p95=0.6812, p99=0.8077, max=0.9643 | histogram: bins[13, 66, 224, 582, 1479, 3307, 5635, 7149, 7591, 7406, 6532, 5170, 3677, 2149, 974, 592, 331, 183, 116, 78]
[LN179    ] [chunk_18_phase_4_ensemble.py] [info]    Train predictions: 48.88% positive predictions (58,313 / 119,310)
[LN180    ] [chunk_18_phase_4_ensemble.py] [info]    validation predictions:   40.55% positive predictions (21,594 / 53,254)
[LN181    ] [chunk_18_phase_4_ensemble.py] [info]    [info] Section 4 all rejected - using Section 3 results for Section 5
[LN182    ] [chunk_18_phase_4_ensemble.py] [info]    [diagnostic] prediction_buckets: 0-10:346, 10-20:2880, 20-30:11880, 30-40:16545, 40-50:13315, 50-60:6220, 60-70:1476, 70-80:446, 80-90:137, 90-100:0
[LN183    ] [chunk_18_phase_4_ensemble.py] [info] [section 5] [CATBOOST] [final] LABEL_THRESHOLD=0.0,
[LN184    ] [chunk_18_phase_4_ensemble.py] [info] [section 5] [CATBOOST] [final] train_precision=0.6754 train_true_positives=39385 train_true_negatives=40661 train_false_positives=18928 train_false_negatives=20336 train_max_prediction=0.9872 train_mean_prediction=0.5003 train_recall=0.6595 train_f1=0.6674 train_auc=0.7411 train_specificity=0.6824 train_false_positive_rate=0.3176 train_f2=0.6626 train_mcc=0.3419 train_prauc=0.7405 train_balanced_accuracy=0.6709 train_standard_deviation_prediction=0.1052 train_percentage_above_threshold=48.88 train_brier=0.2179 train_kappa=0.3418 train_informedness=0.3418 train_markedness=0.3578 train_gini=0.4822 train_optimal_threshold=0.4982
[LN185    ] [chunk_18_phase_4_ensemble.py] [info] [section 5] [CATBOOST] [final] VALIDATION_PRECISION=0.5249 VALIDATION_TRUE_POSITIVES=11334 VALIDATION_TRUE_NEGATIVES=14220 validation_false_positives=10260 validation_false_negatives=17440 validation_max_prediction=0.9643 validation_mean_prediction=0.4762 validation_recall=0.3939 validation_f1=0.4500 validation_auc=0.4815 validation_specificity=0.5809 validation_false_positive_rate=0.4191 validation_f2=0.4146 validation_mcc=-0.0256 validation_prauc=0.5468 validation_balanced_accuracy=0.4874 validation_brier=0.2694 validation_kappa=-0.0247 validation_informedness=-0.0252 validation_markedness=0.1058 validation_gini=0.0000 validation_optimal_threshold=0.6405 validation_standard_deviation_prediction=0.1228 validation_percentage_above_threshold=40.55
[LN186    ] [chunk_18_phase_4_ensemble.py] [info] [section 5] [CATBOOST] [final] prediction_binary_split=0.50 hyperparams=(loss=binary_crossentropy lr=0.1 dropout=0.0 alpha=1.0 gamma=1.0 latent_dim=64) (using HPO model directly)
[LN187    ] [chunk_18_phase_4_ensemble.py] [info]    [CatBoost] loss: binary_crossentropy | pred_threshold: 0.5 | epochs: 3
[LN188    ] [chunk_18_phase_4_ensemble.py] [info]    [CatBoost] hyperparameter_optimization: learning_rate=0.1
[LN189    ] [chunk_18_phase_4_ensemble.py] [info]    CatBoost training time: 50.3s
[LN190    ] [chunk_18_phase_4_ensemble.py] [info] [pass] CatBoost trained successfully
[LN191    ] [chunk_18_phase_4_ensemble.py] [info] [section 1] [LIGHTGBM] [baseline] LABEL_THRESHOLD=20.0,
[LN192    ] [chunk_18_phase_4_ensemble.py] [info] [section 1] [LIGHTGBM] [baseline] predictions: mean=0.0044, std=0.0311, min=0.0000, max=0.9729
[LN193    ] [chunk_18_phase_4_ensemble.py] [info] [section 1] [LIGHTGBM] [baseline]  percentiles: p1=0.0000, p5=0.0000, p10=0.0000, p25=0.0000, p50=0.0000, p75=0.0004, p90=0.0038, p95=0.0121, p99=0.0984, max=0.9729 | histogram: bins[52278, 438, 186, 105, 58, 37, 34, 25, 23, 12, 14, 13, 8, 3, 5, 4, 3, 1, 5, 2]
[LN194    ] [chunk_18_phase_4_ensemble.py] [info] [section 1] [LIGHTGBM] [baseline] prediction_binary_split=0.50, VALIDATION predictions at LABEL_THRESHOLD=20.0: 0.10%
[LN195    ] [chunk_18_phase_4_ensemble.py] [info] [section 1] [LIGHTGBM] [baseline] LABEL_THRESHOLD=20.0,
[LN196    ] [chunk_18_phase_4_ensemble.py] [info] [section 1] [LIGHTGBM] [baseline] VALIDATION_PRECISION=0.0370 VALIDATION_TRUE_POSITIVES=2 VALIDATION_TRUE_NEGATIVES=52866 validation_false_positives=52 validation_false_negatives=334 validation_max_prediction=0.9729 validation_mean_prediction=0.0044 validation_recall=0.0060 validation_f1=0.0103 validation_auc=0.8664 validation_specificity=0.9990 validation_false_positive_rate=0.0010 validation_f2=0.0072 validation_mcc=0.0124 validation_prauc=0.0372 validation_balanced_accuracy=0.5025 validation_brier=0.0069 validation_kappa=0.0085 validation_informedness=0.0050 validation_markedness=0.0361 validation_gini=0.7328 validation_optimal_threshold=0.0004 validation_standard_deviation_prediction=0.0311 validation_percentage_above_threshold=0.10
[LN197    ] [chunk_18_phase_4_ensemble.py] [info] [section 1] [LIGHTGBM] [baseline] prediction_binary_split=0.50 loss=binary_crossentropy, lr=0.001
[LN198    ] [chunk_12_evaluation_evaluator.py] [info] [LIGHTGBM] LABEL_THRESHOLD=20.0 | Train: below prediction_binary_split=118,621,above prediction_binary_split=689 [ok] | Validation: below prediction_binary_split=52,918,above prediction_binary_split=336 [ok]
[LN199    ] [chunk_12_evaluation_evaluator.py] [info] [LIGHTGBM] [diagnostic] LABEL_THRESHOLD=20.0 train_precision=0.9042 train_true_positives=689 train_true_negatives=118548 train_false_positives=73 train_false_negatives=0 train_max_prediction=0.9993 train_mean_prediction=0.0102 train_recall=1.0000 train_f1=0.9497 train_auc=1.0000 train_specificity=0.9994 train_false_positive_rate=0.0006 train_f2=0.9792 train_mcc=0.9506 train_prauc=0.9998 train_balanced_accuracy=0.9997 train_brier=0.0008 train_kappa=0.9494 train_informedness=0.9994 train_markedness=0.9036 train_gini=1.0000 train_optimal_threshold=0.9037 train_standard_deviation_prediction=0.0800 train_percentage_above_threshold=0.64
[LN200    ] [chunk_12_evaluation_evaluator.py] [info] [LIGHTGBM] [diagnostic] LABEL_THRESHOLD=20.0 VALIDATION_PRECISION=0.0370 VALIDATION_TRUE_POSITIVES=2 VALIDATION_TRUE_NEGATIVES=52866 validation_false_positives=52 validation_false_negatives=334 validation_max_prediction=0.9729 validation_mean_prediction=0.0044 validation_recall=0.0060 validation_f1=0.0103 validation_auc=0.8664 validation_specificity=0.9990 validation_false_positive_rate=0.0010 validation_f2=0.0072 validation_mcc=0.0124 validation_prauc=0.0372 validation_balanced_accuracy=0.5025 validation_brier=0.0069 validation_kappa=0.0085 validation_informedness=0.0050 validation_markedness=0.0361 validation_gini=0.7328 validation_optimal_threshold=0.0004 validation_standard_deviation_prediction=0.0311 validation_percentage_above_threshold=0.10
[LN201    ] [chunk_12_evaluation_evaluator.py] [info] [LIGHTGBM] LABEL_THRESHOLD=10.0 | Train: below prediction_binary_split=116,756,above prediction_binary_split=2,554 [ok] | Validation: below prediction_binary_split=52,057,above prediction_binary_split=1,197 [ok]
[LN202    ] [chunk_12_evaluation_evaluator.py] [info] [LIGHTGBM] [diagnostic] LABEL_THRESHOLD=10.0 train_precision=0.5168 train_true_positives=2554 train_true_negatives=114368 train_false_positives=2388 train_false_negatives=0 train_max_prediction=0.9948 train_mean_prediction=0.0806 train_recall=1.0000 train_f1=0.6814 train_auc=0.9998 train_specificity=0.9795 train_false_positive_rate=0.0205 train_f2=0.8425 train_mcc=0.7115 train_prauc=0.9902 train_balanced_accuracy=0.9898 train_brier=0.0191 train_kappa=0.6722 train_informedness=0.9795 train_markedness=0.4963 train_gini=0.9997 train_optimal_threshold=0.8065 train_standard_deviation_prediction=0.1772 train_percentage_above_threshold=4.14
[LN203    ] [chunk_12_evaluation_evaluator.py] [info] [LIGHTGBM] [diagnostic] LABEL_THRESHOLD=10.0 VALIDATION_PRECISION=0.1077 VALIDATION_TRUE_POSITIVES=180 VALIDATION_TRUE_NEGATIVES=50565 validation_false_positives=1492 validation_false_negatives=1017 validation_max_prediction=0.9635 validation_mean_prediction=0.0649 validation_recall=0.1504 validation_f1=0.1255 validation_auc=0.8336 validation_specificity=0.9713 validation_false_positive_rate=0.0287 validation_f2=0.1393 validation_mcc=0.1035 validation_prauc=0.0836 validation_balanced_accuracy=0.5609 validation_brier=0.0367 validation_kappa=0.1020 validation_informedness=0.1217 validation_markedness=0.0790 validation_gini=0.6671 validation_optimal_threshold=0.0196 validation_standard_deviation_prediction=0.1430 validation_percentage_above_threshold=3.14
[LN204    ] [chunk_12_evaluation_evaluator.py] [info] [LIGHTGBM] LABEL_THRESHOLD=0.0 | Train: below prediction_binary_split=59,589,above prediction_binary_split=59,721 [ok] | Validation: below prediction_binary_split=24,480,above prediction_binary_split=28,774 [ok]
[LN205    ] [chunk_12_evaluation_evaluator.py] [info] [LIGHTGBM] [diagnostic] LABEL_THRESHOLD=0.0 train_precision=0.7887 train_true_positives=46274 train_true_negatives=47192 train_false_positives=12397 train_false_negatives=13447 train_max_prediction=0.9950 train_mean_prediction=0.5001 train_recall=0.7748 train_f1=0.7817 train_auc=0.8669 train_specificity=0.7920 train_false_positive_rate=0.2080 train_f2=0.7776 train_mcc=0.5669 train_prauc=0.8654 train_balanced_accuracy=0.7834 train_brier=0.1827 train_kappa=0.5668 train_informedness=0.5668 train_markedness=0.5807 train_gini=0.7337 train_optimal_threshold=0.4944 train_standard_deviation_prediction=0.1465 train_percentage_above_threshold=49.18
[LN206    ] [chunk_12_evaluation_evaluator.py] [info] [LIGHTGBM] [diagnostic] LABEL_THRESHOLD=0.0 VALIDATION_PRECISION=0.5257 VALIDATION_TRUE_POSITIVES=10618 VALIDATION_TRUE_NEGATIVES=14899 validation_false_positives=9581 validation_false_negatives=18156 validation_max_prediction=0.9791 validation_mean_prediction=0.4503 validation_recall=0.3690 validation_f1=0.4336 validation_auc=0.4860 validation_specificity=0.6086 validation_false_positive_rate=0.3914 validation_f2=0.3924 validation_mcc=-0.0230 validation_prauc=0.5498 validation_balanced_accuracy=0.4888 validation_brier=0.2861 validation_kappa=-0.0218 validation_informedness=-0.0224 validation_markedness=0.1343 validation_gini=0.0000 validation_optimal_threshold=0.6844 validation_standard_deviation_prediction=0.1661 validation_percentage_above_threshold=37.93
[LN207    ] [chunk_18_phase_4_ensemble.py] [info] [section 1] [LIGHTGBM] [label_threshold_optimal]  percentiles: p1=0.1262, p5=0.1892, p10=0.2347, p25=0.3264, p50=0.4432, p75=0.5653, p90=0.6720, p95=0.7317, p99=0.8464, max=0.9791 | histogram: bins[111, 578, 1591, 2620, 3492, 4453, 5027, 5492, 5546, 5249, 4933, 4176, 3364, 2603, 1734, 1097, 580, 288, 145, 175]
[LN208    ] [chunk_18_phase_4_ensemble.py] [info] [section 1] [LIGHTGBM] [label_threshold_optimal] LABEL_THRESHOLD=0.0
[LN209    ] [chunk_18_phase_4_ensemble.py] [info] [section 1] [LIGHTGBM] [label_threshold_optimal] train_precision=0.7887 train_true_positives=46274 train_true_negatives=47192 train_false_positives=12397 train_false_negatives=13447 train_max_prediction=0.9950 train_mean_prediction=0.5001 train_recall=0.7748 train_f1=0.7817 train_auc=0.8669 train_specificity=0.7920 train_false_positive_rate=0.2080 train_f2=0.7776 train_mcc=0.5669 train_prauc=0.8654 train_balanced_accuracy=0.7834 train_brier=0.1827 train_kappa=0.5668 train_informedness=0.5668 train_markedness=0.5807 train_gini=0.7337 train_optimal_threshold=0.4944 train_standard_deviation_prediction=0.1465 train_percentage_above_threshold=49.18
[LN210    ] [chunk_18_phase_4_ensemble.py] [info] [section 1] [LIGHTGBM] [label_threshold_optimal] VALIDATION_PRECISION=0.5257 VALIDATION_TRUE_POSITIVES=10618 VALIDATION_TRUE_NEGATIVES=14899 validation_false_positives=9581 validation_false_negatives=18156 validation_max_prediction=0.9791 validation_mean_prediction=0.4503 validation_recall=0.3690 validation_f1=0.4336 validation_auc=0.4860 validation_specificity=0.6086 validation_false_positive_rate=0.3914 validation_f2=0.3924 validation_mcc=-0.0230 validation_prauc=0.5498 validation_balanced_accuracy=0.4888 validation_brier=0.2861 validation_kappa=-0.0218 validation_informedness=-0.0224 validation_markedness=0.1343 validation_gini=0.0000 validation_optimal_threshold=0.6844 validation_standard_deviation_prediction=0.1661 validation_percentage_above_threshold=37.93
[LN211    ] [chunk_18_phase_4_ensemble.py] [info] [section 1] [LIGHTGBM] [label_threshold_optimal] prediction_binary_split=0.50
[LN212    ] [chunk_21_hyperparam_optimizer.py] [info] [section 2] [LIGHTGBM] [hyperparameter_optimization search] Running Bayesian optimization (5 trials)...
[LN213    ] [chunk_21_hyperparam_optimizer.py] [info] [section 2] [LIGHTGBM] [hyperparameter_optimization search baseline] LABEL_THRESHOLD=0.0
[LN214    ] [chunk_21_hyperparam_optimizer.py] [info] [section 2] [LIGHTGBM] [hyperparameter_optimization search baseline] VALIDATION_PRECISION=0.5208 VALIDATION_TRUE_POSITIVES=10573 VALIDATION_TRUE_NEGATIVES=14753 validation_false_positives=9727 validation_false_negatives=18201 validation_max_prediction=0.9326 validation_mean_prediction=0.4645 validation_recall=0.3674 validation_f1=0.4309 validation_auc=0.4814 validation_specificity=0.6027 validation_false_positive_rate=0.3973 validation_f2=0.3904 validation_mcc=-0.0307 validation_prauc=0.5510 validation_balanced_accuracy=0.4851 validation_brier=0.2693 validation_kappa=-0.0291 validation_informedness=-0.0299 validation_markedness=0.1235 validation_gini=0.0000 validation_optimal_threshold=0.6459 validation_standard_deviation_prediction=0.1173 validation_percentage_above_threshold=38.12
[LN215    ] [chunk_21_hyperparam_optimizer.py] [info] [section 2] [LIGHTGBM] [hyperparameter_optimization search baseline] TRIAL 1/5: n_estimators=300, num_leaves=127, learning_rate=0.03, min_child_samples=200, reg_alpha=0.5, reg_lambda=1.0, subsample=0.8, colsample_bytree=1.0, min_split_gain=0.1
[LN216    ] [chunk_21_hyperparam_optimizer.py] [info] [section 2] [LIGHTGBM] [hyperparameter_optimization search baseline] LABEL_THRESHOLD=0.0
[LN217    ] [chunk_21_hyperparam_optimizer.py] [info] [section 2] [LIGHTGBM] [hyperparameter_optimization search baseline] VALIDATION_PRECISION=0.5263 VALIDATION_TRUE_POSITIVES=10487 VALIDATION_TRUE_NEGATIVES=15041 validation_false_positives=9439 validation_false_negatives=18287 validation_max_prediction=0.9609 validation_mean_prediction=0.4525 validation_recall=0.3645 validation_f1=0.4307 validation_auc=0.4857 validation_specificity=0.6144 validation_false_positive_rate=0.3856 validation_f2=0.3883 validation_mcc=-0.0218 validation_prauc=0.5510 validation_balanced_accuracy=0.4894 validation_brier=0.2801 validation_kappa=-0.0206 validation_informedness=-0.0211 validation_markedness=0.1407 validation_gini=0.0000 validation_optimal_threshold=0.7064 validation_standard_deviation_prediction=0.1495 validation_percentage_above_threshold=37.42
[LN218    ] [chunk_21_hyperparam_optimizer.py] [info] [section 2] [LIGHTGBM] [hyperparameter_optimization search baseline] TRIAL 2/5: n_estimators=800, num_leaves=31, learning_rate=0.08, min_child_samples=100, reg_alpha=0.5, reg_lambda=0.5, subsample=0.6, colsample_bytree=0.6, min_split_gain=0.1
[LN219    ] [chunk_21_hyperparam_optimizer.py] [info] [section 2] [LIGHTGBM] [hyperparameter_optimization search baseline] LABEL_THRESHOLD=0.0
[LN220    ] [chunk_21_hyperparam_optimizer.py] [info] [section 2] [LIGHTGBM] [hyperparameter_optimization search baseline] VALIDATION_PRECISION=0.5293 VALIDATION_TRUE_POSITIVES=10462 VALIDATION_TRUE_NEGATIVES=15178 validation_false_positives=9302 validation_false_negatives=18312 validation_max_prediction=0.9435 validation_mean_prediction=0.4554 validation_recall=0.3636 validation_f1=0.4311 validation_auc=0.4866 validation_specificity=0.6200 validation_false_positive_rate=0.3800 validation_f2=0.3879 validation_mcc=-0.0169 validation_prauc=0.5557 validation_balanced_accuracy=0.4918 validation_brier=0.2746 validation_kappa=-0.0160 validation_informedness=-0.0164 validation_markedness=0.1494 validation_gini=0.0000 validation_optimal_threshold=0.6358 validation_standard_deviation_prediction=0.1340 validation_percentage_above_threshold=37.11
[LN221    ] [chunk_21_hyperparam_optimizer.py] [info] [section 2] [LIGHTGBM] [hyperparameter_optimization search baseline] TRIAL 3/5: n_estimators=800, num_leaves=31, learning_rate=0.05, min_child_samples=200, reg_alpha=1.0, reg_lambda=5.0, subsample=0.9, colsample_bytree=0.6, min_split_gain=0.01
[LN222    ] [chunk_21_hyperparam_optimizer.py] [info] [section 2] [LIGHTGBM] [hyperparameter_optimization search baseline] LABEL_THRESHOLD=0.0
[LN223    ] [chunk_21_hyperparam_optimizer.py] [info] [section 2] [LIGHTGBM] [hyperparameter_optimization search baseline] VALIDATION_PRECISION=0.5265 VALIDATION_TRUE_POSITIVES=10613 VALIDATION_TRUE_NEGATIVES=14936 validation_false_positives=9544 validation_false_negatives=18161 validation_max_prediction=0.9694 validation_mean_prediction=0.4522 validation_recall=0.3688 validation_f1=0.4338 validation_auc=0.4843 validation_specificity=0.6101 validation_false_positive_rate=0.3899 validation_f2=0.3923 validation_mcc=-0.0216 validation_prauc=0.5507 validation_balanced_accuracy=0.4895 validation_brier=0.2841 validation_kappa=-0.0205 validation_informedness=-0.0210 validation_markedness=0.1366 validation_gini=0.0000 validation_optimal_threshold=0.7075 validation_standard_deviation_prediction=0.1599 validation_percentage_above_threshold=37.85
[LN224    ] [chunk_21_hyperparam_optimizer.py] [info] [section 2] [LIGHTGBM] [hyperparameter_optimization search baseline] TRIAL 4/5: n_estimators=800, num_leaves=63, learning_rate=0.08, min_child_samples=200, reg_alpha=0.5, reg_lambda=10.0, subsample=0.9, colsample_bytree=0.8, min_split_gain=0.0
[LN225    ] [chunk_21_hyperparam_optimizer.py] [info] [section 2] [LIGHTGBM] [hyperparameter_optimization search baseline] LABEL_THRESHOLD=0.0
[LN226    ] [chunk_21_hyperparam_optimizer.py] [info] [section 2] [LIGHTGBM] [hyperparameter_optimization search baseline] VALIDATION_PRECISION=0.5274 VALIDATION_TRUE_POSITIVES=10459 VALIDATION_TRUE_NEGATIVES=15109 validation_false_positives=9371 validation_false_negatives=18315 validation_max_prediction=0.9378 validation_mean_prediction=0.4570 validation_recall=0.3635 validation_f1=0.4304 validation_auc=0.4866 validation_specificity=0.6172 validation_false_positive_rate=0.3828 validation_f2=0.3876 validation_mcc=-0.0199 validation_prauc=0.5528 validation_balanced_accuracy=0.4903 validation_brier=0.2745 validation_kappa=-0.0188 validation_informedness=-0.0193 validation_markedness=0.1446 validation_gini=0.0000 validation_optimal_threshold=0.6577 validation_standard_deviation_prediction=0.1357 validation_percentage_above_threshold=37.24
[LN227    ] [chunk_21_hyperparam_optimizer.py] [info] [section 2] [LIGHTGBM] [hyperparameter_optimization search baseline] TRIAL 5/5: n_estimators=500, num_leaves=31, learning_rate=0.08, min_child_samples=50, reg_alpha=0.1, reg_lambda=0.5, subsample=0.6, colsample_bytree=0.8, min_split_gain=0.1
[LN228    ] [chunk_21_hyperparam_optimizer.py] [info] [section 2] [LIGHTGBM] [best trial] LABEL_THRESHOLD=0.0
[LN229    ] [chunk_21_hyperparam_optimizer.py] [info] [section 2] [LIGHTGBM] [best trial] VALIDATION_PRECISION=0.5293 VALIDATION_TRUE_POSITIVES=10462 VALIDATION_TRUE_NEGATIVES=15178 validation_false_positives=9302 validation_false_negatives=18312 validation_max_prediction=0.9435 validation_mean_prediction=0.4554 validation_recall=0.3636 validation_f1=0.4311 validation_auc=0.4866 validation_specificity=0.6200 validation_false_positive_rate=0.3800 validation_f2=0.3879 validation_mcc=-0.0169 validation_prauc=0.5557 validation_balanced_accuracy=0.4918 validation_brier=0.2746 validation_kappa=-0.0160 validation_informedness=-0.0164 validation_markedness=0.1494 validation_gini=0.0000 validation_optimal_threshold=0.6358 validation_standard_deviation_prediction=0.1340 validation_percentage_above_threshold=37.11
[LN230    ] [chunk_21_hyperparam_optimizer.py] [info] [section 2] [LIGHTGBM] [best trial] n_estimators=800, num_leaves=31, learning_rate=0.05, min_child_samples=200, reg_alpha=1.0, reg_lambda=5.0, subsample=0.9, colsample_bytree=0.6, min_split_gain=0.01
[LN231    ] [chunk_18_phase_4_ensemble.py] [info]    [diagnostic-hyperparameter_optimization]  percentiles: p1=0.1655, p5=0.2376, p10=0.2818, p25=0.3618, p50=0.4543, p75=0.5458, p90=0.6248, p95=0.6722, p99=0.7859, max=0.9435 | histogram: bins[100, 539, 1158, 1925, 3074, 4328, 5438, 6219, 6560, 6386, 5748, 4475, 3226, 1946, 1049, 466, 199, 127, 120, 171]
[LN232    ] [chunk_18_phase_4_ensemble.py] [info]    hyperparameter_optimization improved: 0.5293 > 0.5257
[LN233    ] [chunk_18_phase_4_ensemble.py] [info] [section 3] [LIGHTGBM] [HYPERPARAMETER_OPTIMIZATION] LABEL_THRESHOLD=0.0,
[LN234    ] [chunk_18_phase_4_ensemble.py] [info] [section 3] [LIGHTGBM] [HYPERPARAMETER_OPTIMIZATION] VALIDATION_PRECISION=0.5293 VALIDATION_TRUE_POSITIVES=10462 VALIDATION_TRUE_NEGATIVES=15178 validation_false_positives=9302 validation_false_negatives=18312 validation_max_prediction=0.9435 validation_mean_prediction=0.4554 validation_recall=0.3636 validation_f1=0.4311 validation_auc=0.4866 validation_specificity=0.6200 validation_false_positive_rate=0.3800 validation_f2=0.3879 validation_mcc=-0.0169 validation_prauc=0.5557 validation_balanced_accuracy=0.4918 validation_brier=0.2746 validation_kappa=-0.0160 validation_informedness=-0.0164 validation_markedness=0.1494 validation_gini=0.0000 validation_optimal_threshold=0.6358 validation_standard_deviation_prediction=0.1340 validation_percentage_above_threshold=37.11
[LN235    ] [chunk_18_phase_4_ensemble.py] [info] [section 3] [LIGHTGBM] [HYPERPARAMETER_OPTIMIZATION] prediction_binary_split=0.50 hyperparams=(loss=binary_crossentropy lr=0.05 dropout=0.1 alpha=0.0 gamma=0.0 latent_dim=0) improved=True {'n_estimators': 800, 'num_leaves': 31, 'learning_rate': 0.05, 'min_child_samples': 200, 'reg_alpha': 1.0, 'reg_lambda': 5.0, 'subsample': 0.9, 'colsample_bytree': 0.6, 'min_split_gain': 0.01}
[LN236    ] [chunk_18_phase_4_ensemble.py] [info]    Running post hyperparameter_optimization threshold search for LightGBM...
[LN237    ] [chunk_12_evaluation_evaluator.py] [info] [LIGHTGBM] LABEL_THRESHOLD=20.0 | Train: below prediction_binary_split=118,621,above prediction_binary_split=689 [ok] | Validation: below prediction_binary_split=52,918,above prediction_binary_split=336 [ok]
[LN238    ] [chunk_12_evaluation_evaluator.py] [info] [LIGHTGBM] [reject] skipping LABEL_THRESHOLD=20.0: validation_precision=0.0087 <= baseline+0.0100=0.0163
[LN239    ] [chunk_12_evaluation_evaluator.py] [info] [LIGHTGBM] LABEL_THRESHOLD=10.0 | Train: below prediction_binary_split=116,756,above prediction_binary_split=2,554 [ok] | Validation: below prediction_binary_split=52,057,above prediction_binary_split=1,197 [ok]
[LN240    ] [chunk_12_evaluation_evaluator.py] [info] [LIGHTGBM] [diagnostic] LABEL_THRESHOLD=10.0 train_precision=0.0369 train_true_positives=811 train_true_negatives=95598 train_false_positives=21158 train_false_negatives=1743 train_max_prediction=0.7846 train_mean_prediction=0.3159 train_recall=0.3175 train_f1=0.0661 train_auc=0.6047 train_specificity=0.8188 train_false_positive_rate=0.1812 train_f2=0.1260 train_mcc=0.0509 train_prauc=0.0328 train_balanced_accuracy=0.5682 train_brier=0.1322 train_kappa=0.0289 train_informedness=0.1363 train_markedness=-0.1443 train_gini=0.2094 train_optimal_threshold=0.3611 train_standard_deviation_prediction=0.1648 train_percentage_above_threshold=18.41
[LN241    ] [chunk_12_evaluation_evaluator.py] [info] [LIGHTGBM] [diagnostic] LABEL_THRESHOLD=10.0 VALIDATION_PRECISION=0.0408 VALIDATION_TRUE_POSITIVES=234 VALIDATION_TRUE_NEGATIVES=46549 validation_false_positives=5508 validation_false_negatives=963 validation_max_prediction=0.7200 validation_mean_prediction=0.2592 validation_recall=0.1955 validation_f1=0.0674 validation_auc=0.5559 validation_specificity=0.8942 validation_false_positive_rate=0.1058 validation_f2=0.1111 validation_mcc=0.0429 validation_prauc=0.0311 validation_balanced_accuracy=0.5448 validation_brier=0.0992 validation_kappa=0.0314 validation_informedness=0.0897 validation_markedness=-0.0651 validation_gini=0.1119 validation_optimal_threshold=0.4016 validation_standard_deviation_prediction=0.1515 validation_percentage_above_threshold=10.78
[LN242    ] [chunk_12_evaluation_evaluator.py] [info] [LIGHTGBM] LABEL_THRESHOLD=0.0 | Train: below prediction_binary_split=59,589,above prediction_binary_split=59,721 [ok] | Validation: below prediction_binary_split=24,480,above prediction_binary_split=28,774 [ok]
[LN243    ] [chunk_12_evaluation_evaluator.py] [info] [LIGHTGBM] [diagnostic] LABEL_THRESHOLD=0.0 train_precision=0.6759 train_true_positives=39411 train_true_negatives=40691 train_false_positives=18898 train_false_negatives=20310 train_max_prediction=0.9823 train_mean_prediction=0.5000 train_recall=0.6599 train_f1=0.6678 train_auc=0.7380 train_specificity=0.6829 train_false_positive_rate=0.3171 train_f2=0.6631 train_mcc=0.3429 train_prauc=0.7337 train_balanced_accuracy=0.6714 train_brier=0.2172 train_kappa=0.3428 train_informedness=0.3428 train_markedness=0.3588 train_gini=0.4760 train_optimal_threshold=0.5039 train_standard_deviation_prediction=0.1128 train_percentage_above_threshold=48.87
[LN244    ] [chunk_12_evaluation_evaluator.py] [info] [LIGHTGBM] [diagnostic] LABEL_THRESHOLD=0.0 VALIDATION_PRECISION=0.5293 VALIDATION_TRUE_POSITIVES=10462 VALIDATION_TRUE_NEGATIVES=15178 validation_false_positives=9302 validation_false_negatives=18312 validation_max_prediction=0.9435 validation_mean_prediction=0.4554 validation_recall=0.3636 validation_f1=0.4311 validation_auc=0.4866 validation_specificity=0.6200 validation_false_positive_rate=0.3800 validation_f2=0.3879 validation_mcc=-0.0169 validation_prauc=0.5557 validation_balanced_accuracy=0.4918 validation_brier=0.2746 validation_kappa=-0.0160 validation_informedness=-0.0164 validation_markedness=0.1494 validation_gini=0.0000 validation_optimal_threshold=0.6358 validation_standard_deviation_prediction=0.1340 validation_percentage_above_threshold=37.11
[LN245    ] [chunk_18_phase_4_ensemble.py] [info]    hyperparameter_optimization model threshold search: LABEL_THRESHOLD=0.0, VALIDATION_PRECISION=0.5293
[LN246    ] [chunk_18_phase_4_ensemble.py] [info]    post hyperparameter_optimization threshold search: LABEL_THRESHOLD=0.0, VALIDATION_PRECISION=0.5293
[LN247    ] [chunk_18_phase_4_ensemble.py] [info]    post hyperparameter_optimization no improvement: keeping LABEL_THRESHOLD=0.0
[LN248    ] [chunk_18_phase_4_ensemble.py] [info] [section 4] [LIGHTGBM] [post hyperparameter_optimization] [diagnostic]  percentiles: p1=0.1655, p5=0.2376, p10=0.2818, p25=0.3618, p50=0.4543, p75=0.5458, p90=0.6248, p95=0.6722, p99=0.7859, max=0.9435 | histogram: bins[100, 539, 1158, 1925, 3074, 4328, 5438, 6219, 6560, 6386, 5748, 4475, 3226, 1946, 1049, 466, 199, 127, 120, 171]
[LN249    ] [chunk_18_phase_4_ensemble.py] [info] [section 4] [LIGHTGBM] [post hyperparameter_optimization] LABEL_THRESHOLD=0.0,
[LN250    ] [chunk_18_phase_4_ensemble.py] [info] [section 4] [LIGHTGBM] [post hyperparameter_optimization] VALIDATION_PRECISION=0.5293 VALIDATION_TRUE_POSITIVES=10462 VALIDATION_TRUE_NEGATIVES=15178 validation_false_positives=9302 validation_false_negatives=18312 validation_max_prediction=0.9435 validation_mean_prediction=0.4554 validation_recall=0.3636 validation_f1=0.4311 validation_auc=0.4866 validation_specificity=0.6200 validation_false_positive_rate=0.3800 validation_f2=0.3879 validation_mcc=-0.0169 validation_prauc=0.5557 validation_balanced_accuracy=0.4918 validation_brier=0.2746 validation_kappa=-0.0160 validation_informedness=-0.0164 validation_markedness=0.1494 validation_gini=0.0000 validation_optimal_threshold=0.6358 validation_standard_deviation_prediction=0.1340 validation_percentage_above_threshold=37.11
[LN251    ] [chunk_18_phase_4_ensemble.py] [info] [section 4] [LIGHTGBM] [post hyperparameter_optimization] prediction_binary_split=0.50 hyperparams=(loss=binary_crossentropy lr=0.05 dropout=0.0 alpha=1.0 gamma=1.0 latent_dim=64) source=section3
[LN252    ] [chunk_18_phase_4_ensemble.py] [info]    Using Hyperparameter_Optimized model directly (no change to Label_Threshold)
[LN253    ] [chunk_18_phase_4_ensemble.py] [info]    Train predictions: mean=0.5000, std=0.1128, min=0.0625, max=0.9823
[LN254    ] [chunk_18_phase_4_ensemble.py] [info]    validation predictions:   mean=0.4554, std=0.1340, min=0.0866, max=0.9435
[LN255    ] [chunk_18_phase_4_ensemble.py] [info] [section 5] [LIGHTGBM] [final] [diagnostic] Train  percentiles: p1=0.2205, p5=0.3247, p10=0.3675, p25=0.4318, p50=0.4974, p75=0.5639, p90=0.6320, p95=0.6820, p99=0.8391, max=0.9823 | histogram: bins[58, 283, 501, 942, 1747, 3936, 8018, 13840, 20014, 22570, 19166, 13011, 7180, 3653, 1617, 986, 669, 578, 239, 302]
[LN256    ] [chunk_18_phase_4_ensemble.py] [info] [section 5] [LIGHTGBM] [final] [diagnostic] validation    percentiles: p1=0.1655, p5=0.2376, p10=0.2818, p25=0.3618, p50=0.4543, p75=0.5458, p90=0.6248, p95=0.6722, p99=0.7859, max=0.9435 | histogram: bins[100, 539, 1158, 1925, 3074, 4328, 5438, 6219, 6560, 6386, 5748, 4475, 3226, 1946, 1049, 466, 199, 127, 120, 171]
[LN257    ] [chunk_18_phase_4_ensemble.py] [info]    Train predictions: 48.87% positive predictions (58,309 / 119,310)
[LN258    ] [chunk_18_phase_4_ensemble.py] [info]    validation predictions:   37.11% positive predictions (19,764 / 53,254)
[LN259    ] [chunk_18_phase_4_ensemble.py] [info]    [info] Section 4 all rejected - using Section 3 results for Section 5
[LN260    ] [chunk_18_phase_4_ensemble.py] [info]    [diagnostic] prediction_buckets: 0-10:1292, 10-20:5423, 20-30:11775, 30-40:14994, 40-50:12400, 50-60:5666, 60-70:1234, 70-80:290, 80-90:174, 90-100:0
[LN261    ] [chunk_18_phase_4_ensemble.py] [info] [section 5] [LIGHTGBM] [final] LABEL_THRESHOLD=0.0,
[LN262    ] [chunk_18_phase_4_ensemble.py] [info] [section 5] [LIGHTGBM] [final] train_precision=0.6759 train_true_positives=39411 train_true_negatives=40691 train_false_positives=18898 train_false_negatives=20310 train_max_prediction=0.9823 train_mean_prediction=0.5000 train_recall=0.6599 train_f1=0.6678 train_auc=0.7380 train_specificity=0.6829 train_false_positive_rate=0.3171 train_f2=0.6631 train_mcc=0.3429 train_prauc=0.7337 train_balanced_accuracy=0.6714 train_standard_deviation_prediction=0.1128 train_percentage_above_threshold=48.87 train_brier=0.2172 train_kappa=0.3428 train_informedness=0.3428 train_markedness=0.3588 train_gini=0.4760 train_optimal_threshold=0.5039
[LN263    ] [chunk_18_phase_4_ensemble.py] [info] [section 5] [LIGHTGBM] [final] VALIDATION_PRECISION=0.5293 VALIDATION_TRUE_POSITIVES=10462 VALIDATION_TRUE_NEGATIVES=15178 validation_false_positives=9302 validation_false_negatives=18312 validation_max_prediction=0.9435 validation_mean_prediction=0.4554 validation_recall=0.3636 validation_f1=0.4311 validation_auc=0.4866 validation_specificity=0.6200 validation_false_positive_rate=0.3800 validation_f2=0.3879 validation_mcc=-0.0169 validation_prauc=0.5557 validation_balanced_accuracy=0.4918 validation_brier=0.2746 validation_kappa=-0.0160 validation_informedness=-0.0164 validation_markedness=0.1494 validation_gini=0.0000 validation_optimal_threshold=0.6358 validation_standard_deviation_prediction=0.1340 validation_percentage_above_threshold=37.11
[LN264    ] [chunk_18_phase_4_ensemble.py] [info] [section 5] [LIGHTGBM] [final] prediction_binary_split=0.50 hyperparams=(loss=binary_crossentropy lr=0.05 dropout=0.0 alpha=1.0 gamma=1.0 latent_dim=64) (using HPO model directly)
[LN265    ] [chunk_18_phase_4_ensemble.py] [info]    [LightGBM] loss: binary_crossentropy | pred_threshold: 0.5 | epochs: 3
[LN266    ] [chunk_18_phase_4_ensemble.py] [info]    [LightGBM] hyperparameter_optimization: learning_rate=0.05
[LN267    ] [chunk_18_phase_4_ensemble.py] [info]    LightGBM training time: 26.5s
[LN268    ] [chunk_18_phase_4_ensemble.py] [info] [pass] LightGBM trained successfully
[LN269    ] [chunk_18_phase_4_ensemble.py] [info] [section 1] [XGBOOST] [baseline] LABEL_THRESHOLD=20.0,
[LN270    ] [chunk_18_phase_4_ensemble.py] [info] [section 1] [XGBOOST] [baseline] predictions: mean=0.0035, std=0.0198, min=0.0000, max=0.8168
[LN271    ] [chunk_18_phase_4_ensemble.py] [info] [section 1] [XGBOOST] [baseline]  percentiles: p1=0.0000, p5=0.0000, p10=0.0000, p25=0.0000, p50=0.0001, p75=0.0010, p90=0.0057, p95=0.0132, p99=0.0623, max=0.8168 | histogram: bins[52408, 472, 165, 80, 30, 25, 18, 9, 12, 9, 6, 3, 4, 1, 6, 0, 2, 2, 1, 1]
[LN272    ] [chunk_18_phase_4_ensemble.py] [info] [section 1] [XGBOOST] [baseline] prediction_binary_split=0.50, VALIDATION predictions at LABEL_THRESHOLD=20.0: 0.03%
[LN273    ] [chunk_18_phase_4_ensemble.py] [info] [section 1] [XGBOOST] [baseline] LABEL_THRESHOLD=20.0,
[LN274    ] [chunk_18_phase_4_ensemble.py] [info] [section 1] [XGBOOST] [baseline] VALIDATION_PRECISION=0.1250 VALIDATION_TRUE_POSITIVES=2 VALIDATION_TRUE_NEGATIVES=52904 validation_false_positives=14 validation_false_negatives=334 validation_max_prediction=0.8168 validation_mean_prediction=0.0035 validation_recall=0.0060 validation_f1=0.0114 validation_auc=0.8615 validation_specificity=0.9997 validation_false_positive_rate=0.0003 validation_f2=0.0074 validation_mcc=0.0260 validation_prauc=0.0330 validation_balanced_accuracy=0.5028 validation_brier=0.0064 validation_kappa=0.0108 validation_informedness=0.0057 validation_markedness=0.1247 validation_gini=0.7229 validation_optimal_threshold=0.0005 validation_standard_deviation_prediction=0.0198 validation_percentage_above_threshold=0.03
[LN275    ] [chunk_18_phase_4_ensemble.py] [info] [section 1] [XGBOOST] [baseline] prediction_binary_split=0.50 loss=binary_crossentropy, lr=0.001
[LN276    ] [chunk_12_evaluation_evaluator.py] [info] [XGBOOST] LABEL_THRESHOLD=20.0 | Train: below prediction_binary_split=118,621,above prediction_binary_split=689 [ok] | Validation: below prediction_binary_split=52,918,above prediction_binary_split=336 [ok]
[LN277    ] [chunk_12_evaluation_evaluator.py] [info] [XGBOOST] [diagnostic] LABEL_THRESHOLD=20.0 train_precision=0.7812 train_true_positives=689 train_true_negatives=118428 train_false_positives=193 train_false_negatives=0 train_max_prediction=0.9994 train_mean_prediction=0.0177 train_recall=1.0000 train_f1=0.8771 train_auc=1.0000 train_specificity=0.9984 train_false_positive_rate=0.0016 train_f2=0.9469 train_mcc=0.8831 train_prauc=0.9997 train_balanced_accuracy=0.9992 train_brier=0.0022 train_kappa=0.8763 train_informedness=0.9984 train_markedness=0.7796 train_gini=1.0000 train_optimal_threshold=0.8174 train_standard_deviation_prediction=0.0868 train_percentage_above_threshold=0.74
[LN278    ] [chunk_12_evaluation_evaluator.py] [info] [XGBOOST] [diagnostic] LABEL_THRESHOLD=20.0 VALIDATION_PRECISION=0.0769 VALIDATION_TRUE_POSITIVES=5 VALIDATION_TRUE_NEGATIVES=52858 validation_false_positives=60 validation_false_negatives=331 validation_max_prediction=0.9341 validation_mean_prediction=0.0073 validation_recall=0.0149 validation_f1=0.0249 validation_auc=0.8310 validation_specificity=0.9989 validation_false_positive_rate=0.0011 validation_f2=0.0177 validation_mcc=0.0312 validation_prauc=0.0269 validation_balanced_accuracy=0.5069 validation_brier=0.0072 validation_kappa=0.0229 validation_informedness=0.0137 validation_markedness=0.0758 validation_gini=0.6620 validation_optimal_threshold=0.0010 validation_standard_deviation_prediction=0.0360 validation_percentage_above_threshold=0.12
[LN279    ] [chunk_12_evaluation_evaluator.py] [info] [XGBOOST] LABEL_THRESHOLD=10.0 | Train: below prediction_binary_split=116,756,above prediction_binary_split=2,554 [ok] | Validation: below prediction_binary_split=52,057,above prediction_binary_split=1,197 [ok]
[LN280    ] [chunk_12_evaluation_evaluator.py] [info] [XGBOOST] [diagnostic] LABEL_THRESHOLD=10.0 train_precision=0.3130 train_true_positives=2554 train_true_negatives=111151 train_false_positives=5605 train_false_negatives=0 train_max_prediction=0.9984 train_mean_prediction=0.1108 train_recall=1.0000 train_f1=0.4768 train_auc=0.9999 train_specificity=0.9520 train_false_positive_rate=0.0480 train_f2=0.6950 train_mcc=0.5459 train_prauc=0.9962 train_balanced_accuracy=0.9760 train_brier=0.0357 train_kappa=0.4592 train_informedness=0.9520 train_markedness=0.2650 train_gini=0.9998 train_optimal_threshold=0.9220 train_standard_deviation_prediction=0.2100 train_percentage_above_threshold=6.84
[LN281    ] [chunk_12_evaluation_evaluator.py] [info] [XGBOOST] [diagnostic] LABEL_THRESHOLD=10.0 VALIDATION_PRECISION=0.0802 VALIDATION_TRUE_POSITIVES=186 VALIDATION_TRUE_NEGATIVES=49925 validation_false_positives=2132 validation_false_negatives=1011 validation_max_prediction=0.9925 validation_mean_prediction=0.0772 validation_recall=0.1554 validation_f1=0.1058 validation_auc=0.7739 validation_specificity=0.9590 validation_false_positive_rate=0.0410 validation_f2=0.1309 validation_mcc=0.0831 validation_prauc=0.0619 validation_balanced_accuracy=0.5572 validation_brier=0.0455 validation_kappa=0.0785 validation_informedness=0.1144 validation_markedness=0.0393 validation_gini=0.5479 validation_optimal_threshold=0.0152 validation_standard_deviation_prediction=0.1635 validation_percentage_above_threshold=4.35
[LN282    ] [chunk_12_evaluation_evaluator.py] [info] [XGBOOST] LABEL_THRESHOLD=0.0 | Train: below prediction_binary_split=59,589,above prediction_binary_split=59,721 [ok] | Validation: below prediction_binary_split=24,480,above prediction_binary_split=28,774 [ok]
[LN283    ] [chunk_12_evaluation_evaluator.py] [info] [XGBOOST] [reject] skipping LABEL_THRESHOLD=0.0: pos_pred_ratio=97.03% outside [0%, 60%]
[LN284    ] [chunk_18_phase_4_ensemble.py] [info] [section 1] [XGBOOST] [label_threshold_optimal]  percentiles: p1=0.0002, p5=0.0004, p10=0.0007, p25=0.0017, p50=0.0069, p75=0.0554, p90=0.2635, p95=0.4610, p99=0.8129, max=0.9925 | histogram: bins[39364, 3638, 2047, 1419, 1138, 911, 744, 635, 558, 454, 404, 328, 293, 282, 239, 199, 201, 223, 113, 64]
[LN285    ] [chunk_18_phase_4_ensemble.py] [info] [section 1] [XGBOOST] [label_threshold_optimal] LABEL_THRESHOLD=10.0
[LN286    ] [chunk_18_phase_4_ensemble.py] [info] [section 1] [XGBOOST] [label_threshold_optimal] train_precision=0.3130 train_true_positives=2554 train_true_negatives=111151 train_false_positives=5605 train_false_negatives=0 train_max_prediction=0.9984 train_mean_prediction=0.1108 train_recall=1.0000 train_f1=0.4768 train_auc=0.9999 train_specificity=0.9520 train_false_positive_rate=0.0480 train_f2=0.6950 train_mcc=0.5459 train_prauc=0.9962 train_balanced_accuracy=0.9760 train_brier=0.0357 train_kappa=0.4592 train_informedness=0.9520 train_markedness=0.2650 train_gini=0.9998 train_optimal_threshold=0.9220 train_standard_deviation_prediction=0.2100 train_percentage_above_threshold=6.84
[LN287    ] [chunk_18_phase_4_ensemble.py] [info] [section 1] [XGBOOST] [label_threshold_optimal] VALIDATION_PRECISION=0.0802 VALIDATION_TRUE_POSITIVES=186 VALIDATION_TRUE_NEGATIVES=49925 validation_false_positives=2132 validation_false_negatives=1011 validation_max_prediction=0.9925 validation_mean_prediction=0.0772 validation_recall=0.1554 validation_f1=0.1058 validation_auc=0.7739 validation_specificity=0.9590 validation_false_positive_rate=0.0410 validation_f2=0.1309 validation_mcc=0.0831 validation_prauc=0.0619 validation_balanced_accuracy=0.5572 validation_brier=0.0455 validation_kappa=0.0785 validation_informedness=0.1144 validation_markedness=0.0393 validation_gini=0.5479 validation_optimal_threshold=0.0152 validation_standard_deviation_prediction=0.1635 validation_percentage_above_threshold=4.35
[LN288    ] [chunk_18_phase_4_ensemble.py] [info] [section 1] [XGBOOST] [label_threshold_optimal] prediction_binary_split=0.50
[LN289    ] [chunk_21_hyperparam_optimizer.py] [info] [section 2] [XGBOOST] [hyperparameter_optimization search] Running Bayesian optimization (5 trials)...
[LN290    ] [chunk_21_hyperparam_optimizer.py] [info] [section 2] [XGBOOST] [hyperparameter_optimization search baseline] LABEL_THRESHOLD=10.0
[LN291    ] [chunk_21_hyperparam_optimizer.py] [info] [section 2] [XGBOOST] [hyperparameter_optimization search baseline] VALIDATION_PRECISION=0.0710 VALIDATION_TRUE_POSITIVES=949 VALIDATION_TRUE_NEGATIVES=39648 validation_false_positives=12409 validation_false_negatives=248 validation_max_prediction=0.9931 validation_mean_prediction=0.2543 validation_recall=0.7928 validation_f1=0.1304 validation_auc=0.8483 validation_specificity=0.7616 validation_false_positive_rate=0.2384 validation_f2=0.2615 validation_mcc=0.1896 validation_prauc=0.0959 validation_balanced_accuracy=0.7772 validation_brier=0.1622 validation_kappa=0.0930 validation_informedness=0.5544 validation_markedness=-0.1673 validation_gini=0.6965 validation_optimal_threshold=0.3013 validation_standard_deviation_prediction=0.3267 validation_percentage_above_threshold=25.08
[LN292    ] [chunk_21_hyperparam_optimizer.py] [info] [section 2] [XGBOOST] [hyperparameter_optimization search baseline] TRIAL 1/5: n_estimators=300, max_depth=7, learning_rate=0.05, scale_pos_weight=400, min_child_weight=50, reg_alpha=0.0, reg_lambda=5.0, subsample=0.8, colsample_bytree=0.7, gamma=0.1
[LN293    ] [chunk_21_hyperparam_optimizer.py] [info] [section 2] [XGBOOST] [hyperparameter_optimization search baseline] LABEL_THRESHOLD=10.0
[LN294    ] [chunk_21_hyperparam_optimizer.py] [info] [section 2] [XGBOOST] [hyperparameter_optimization search baseline] VALIDATION_PRECISION=0.0749 VALIDATION_TRUE_POSITIVES=820 VALIDATION_TRUE_NEGATIVES=41933 validation_false_positives=10124 validation_false_negatives=377 validation_max_prediction=0.9975 validation_mean_prediction=0.2152 validation_recall=0.6850 validation_f1=0.1351 validation_auc=0.8380 validation_specificity=0.8055 validation_false_positive_rate=0.1945 validation_f2=0.2606 validation_mcc=0.1800 validation_prauc=0.0888 validation_balanced_accuracy=0.7453 validation_brier=0.1374 validation_kappa=0.0986 validation_informedness=0.4906 validation_markedness=-0.1196 validation_gini=0.6760 validation_optimal_threshold=0.1470 validation_standard_deviation_prediction=0.3112 validation_percentage_above_threshold=20.55
[LN295    ] [chunk_21_hyperparam_optimizer.py] [info] [section 2] [XGBOOST] [hyperparameter_optimization search baseline] TRIAL 2/5: n_estimators=500, max_depth=5, learning_rate=0.1, scale_pos_weight=200, min_child_weight=50, reg_alpha=0.5, reg_lambda=1.0, subsample=0.6, colsample_bytree=0.7, gamma=0.1
[LN296    ] [chunk_21_hyperparam_optimizer.py] [info] [section 2] [XGBOOST] [hyperparameter_optimization search baseline] LABEL_THRESHOLD=10.0
[LN297    ] [chunk_21_hyperparam_optimizer.py] [info] [section 2] [XGBOOST] [hyperparameter_optimization search baseline] VALIDATION_PRECISION=0.0653 VALIDATION_TRUE_POSITIVES=1021 VALIDATION_TRUE_NEGATIVES=37446 validation_false_positives=14611 validation_false_negatives=176 validation_max_prediction=0.9920 validation_mean_prediction=0.2955 validation_recall=0.8530 validation_f1=0.1213 validation_auc=0.8556 validation_specificity=0.7193 validation_false_positive_rate=0.2807 validation_f2=0.2500 validation_mcc=0.1863 validation_prauc=0.1022 validation_balanced_accuracy=0.7861 validation_brier=0.1962 validation_kappa=0.0830 validation_informedness=0.5723 validation_markedness=-0.2154 validation_gini=0.7112 validation_optimal_threshold=0.3806 validation_standard_deviation_prediction=0.3479 validation_percentage_above_threshold=29.35
[LN298    ] [chunk_21_hyperparam_optimizer.py] [info] [section 2] [XGBOOST] [hyperparameter_optimization search baseline] TRIAL 3/5: n_estimators=300, max_depth=7, learning_rate=0.05, scale_pos_weight=500, min_child_weight=100, reg_alpha=0.1, reg_lambda=5.0, subsample=0.7, colsample_bytree=0.5, gamma=0
[LN299    ] [chunk_21_hyperparam_optimizer.py] [info] [section 2] [XGBOOST] [hyperparameter_optimization search baseline] LABEL_THRESHOLD=10.0
[LN300    ] [chunk_21_hyperparam_optimizer.py] [info] [section 2] [XGBOOST] [hyperparameter_optimization search baseline] VALIDATION_PRECISION=0.0563 VALIDATION_TRUE_POSITIVES=1102 VALIDATION_TRUE_NEGATIVES=33601 validation_false_positives=18456 validation_false_negatives=95 validation_max_prediction=0.9852 validation_mean_prediction=0.3931 validation_recall=0.9206 validation_f1=0.1062 validation_auc=0.8579 validation_specificity=0.6455 validation_false_positive_rate=0.3545 validation_f2=0.2263 validation_mcc=0.1741 validation_prauc=0.1060 validation_balanced_accuracy=0.7831 validation_brier=0.2629 validation_kappa=0.0667 validation_informedness=0.5661 validation_markedness=-0.2982 validation_gini=0.7159 validation_optimal_threshold=0.6918 validation_standard_deviation_prediction=0.3517 validation_percentage_above_threshold=36.73
[LN301    ] [chunk_21_hyperparam_optimizer.py] [info] [section 2] [XGBOOST] [hyperparameter_optimization search baseline] TRIAL 4/5: n_estimators=100, max_depth=7, learning_rate=0.05, scale_pos_weight=400, min_child_weight=100, reg_alpha=1.0, reg_lambda=5.0, subsample=0.8, colsample_bytree=0.5, gamma=0
[LN302    ] [chunk_21_hyperparam_optimizer.py] [info] [section 2] [XGBOOST] [hyperparameter_optimization search baseline] LABEL_THRESHOLD=10.0
[LN303    ] [chunk_21_hyperparam_optimizer.py] [info] [section 2] [XGBOOST] [hyperparameter_optimization search baseline] VALIDATION_PRECISION=0.0501 VALIDATION_TRUE_POSITIVES=1131 VALIDATION_TRUE_NEGATIVES=30632 validation_false_positives=21425 validation_false_negatives=66 validation_max_prediction=0.9858 validation_mean_prediction=0.4517 validation_recall=0.9449 validation_f1=0.0952 validation_auc=0.8590 validation_specificity=0.5884 validation_false_positive_rate=0.4116 validation_f2=0.2068 validation_mcc=0.1600 validation_prauc=0.1130 validation_balanced_accuracy=0.7666 validation_brier=0.3126 validation_kappa=0.0549 validation_informedness=0.5333 validation_markedness=-0.3614 validation_gini=0.7181 validation_optimal_threshold=0.7412 validation_standard_deviation_prediction=0.3545 validation_percentage_above_threshold=42.36
[LN304    ] [chunk_21_hyperparam_optimizer.py] [info] [section 2] [XGBOOST] [hyperparameter_optimization search baseline] TRIAL 5/5: n_estimators=200, max_depth=5, learning_rate=0.03, scale_pos_weight=400, min_child_weight=200, reg_alpha=0.0, reg_lambda=1.0, subsample=0.6, colsample_bytree=0.5, gamma=0
[LN305    ] [chunk_21_hyperparam_optimizer.py] [info] [section 2] [XGBOOST] [best trial] LABEL_THRESHOLD=10.0
[LN306    ] [chunk_21_hyperparam_optimizer.py] [info] [section 2] [XGBOOST] [best trial] VALIDATION_PRECISION=0.0749 VALIDATION_TRUE_POSITIVES=820 VALIDATION_TRUE_NEGATIVES=41933 validation_false_positives=10124 validation_false_negatives=377 validation_max_prediction=0.9975 validation_mean_prediction=0.2152 validation_recall=0.6850 validation_f1=0.1351 validation_auc=0.8380 validation_specificity=0.8055 validation_false_positive_rate=0.1945 validation_f2=0.2606 validation_mcc=0.1800 validation_prauc=0.0888 validation_balanced_accuracy=0.7453 validation_brier=0.1374 validation_kappa=0.0986 validation_informedness=0.4906 validation_markedness=-0.1196 validation_gini=0.6760 validation_optimal_threshold=0.1470 validation_standard_deviation_prediction=0.3112 validation_percentage_above_threshold=20.55
[LN307    ] [chunk_21_hyperparam_optimizer.py] [info] [section 2] [XGBOOST] [best trial] n_estimators=500, max_depth=5, learning_rate=0.1, scale_pos_weight=200, min_child_weight=50, reg_alpha=0.5, reg_lambda=1.0, subsample=0.6, colsample_bytree=0.7, gamma=0.1
[LN308    ] [chunk_18_phase_4_ensemble.py] [info]    [diagnostic-hyperparameter_optimization]  percentiles: p1=0.0002, p5=0.0006, p10=0.0011, p25=0.0042, p50=0.0282, p75=0.3578, p90=0.8029, p95=0.9043, p99=0.9721, max=0.9975 | histogram: bins[29814, 3526, 1938, 1364, 1158, 1046, 948, 858, 884, 756, 809, 849, 904, 892, 968, 1118, 1195, 1371, 1557, 1299]
[LN309    ] [chunk_18_phase_4_ensemble.py] [info]    hyperparameter_optimization did NOT improve: 0.0749 <= 0.0802 - using pre hyperparameter_optimization model
[LN310    ] [chunk_18_phase_4_ensemble.py] [info] [section 3] [XGBOOST] [PRE-HYPERPARAMETER_OPTIMIZATION] LABEL_THRESHOLD=10.0,
[LN311    ] [chunk_18_phase_4_ensemble.py] [info] [section 3] [XGBOOST] [PRE-HYPERPARAMETER_OPTIMIZATION] VALIDATION_PRECISION=0.0802 VALIDATION_TRUE_POSITIVES=186 VALIDATION_TRUE_NEGATIVES=49925 validation_false_positives=2132 validation_false_negatives=1011 validation_max_prediction=0.9925 validation_mean_prediction=0.0772 validation_recall=0.1554 validation_f1=0.1058 validation_auc=0.7739 validation_specificity=0.9590 validation_false_positive_rate=0.0410 validation_f2=0.1309 validation_mcc=0.0831 validation_prauc=0.0619 validation_balanced_accuracy=0.5572 validation_brier=0.0455 validation_kappa=0.0785 validation_informedness=0.1144 validation_markedness=0.0393 validation_gini=0.5479 validation_optimal_threshold=0.0152 validation_standard_deviation_prediction=0.1635 validation_percentage_above_threshold=4.35
[LN312    ] [chunk_18_phase_4_ensemble.py] [info] [section 3] [XGBOOST] [PRE-HYPERPARAMETER_OPTIMIZATION] prediction_binary_split=0.50 hyperparams=(loss=binary_crossentropy lr=0.1 dropout=0.1 alpha=0.0 gamma=0.1 latent_dim=0) improved=False {'n_estimators': 500, 'max_depth': 5, 'learning_rate': 0.1, 'scale_pos_weight': 200, 'min_child_weight': 50, 'reg_alpha': 0.5, 'reg_lambda': 1.0, 'subsample': 0.6, 'colsample_bytree': 0.7, 'gamma': 0.1}
[LN313    ] [chunk_18_phase_4_ensemble.py] [info]    Running post hyperparameter_optimization threshold search for XGBoost...
[LN314    ] [chunk_12_evaluation_evaluator.py] [info] [XGBOOST] LABEL_THRESHOLD=20.0 | Train: below prediction_binary_split=118,621,above prediction_binary_split=689 [ok] | Validation: below prediction_binary_split=52,918,above prediction_binary_split=336 [ok]
[LN315    ] [chunk_12_evaluation_evaluator.py] [info] [reject] Skipping threshold 20.0: only 0 positive VALIDATION predictions (min=53)
[LN316    ] [chunk_12_evaluation_evaluator.py] [info] [XGBOOST] LABEL_THRESHOLD=10.0 | Train: below prediction_binary_split=116,756,above prediction_binary_split=2,554 [ok] | Validation: below prediction_binary_split=52,057,above prediction_binary_split=1,197 [ok]
[LN317    ] [chunk_12_evaluation_evaluator.py] [info] [XGBOOST] [diagnostic] LABEL_THRESHOLD=10.0 train_precision=0.3130 train_true_positives=2554 train_true_negatives=111151 train_false_positives=5605 train_false_negatives=0 train_max_prediction=0.9984 train_mean_prediction=0.1108 train_recall=1.0000 train_f1=0.4768 train_auc=0.9999 train_specificity=0.9520 train_false_positive_rate=0.0480 train_f2=0.6950 train_mcc=0.5459 train_prauc=0.9962 train_balanced_accuracy=0.9760 train_brier=0.0357 train_kappa=0.4592 train_informedness=0.9520 train_markedness=0.2650 train_gini=0.9998 train_optimal_threshold=0.9220 train_standard_deviation_prediction=0.2100 train_percentage_above_threshold=6.84
[LN318    ] [chunk_12_evaluation_evaluator.py] [info] [XGBOOST] [diagnostic] LABEL_THRESHOLD=10.0 VALIDATION_PRECISION=0.0802 VALIDATION_TRUE_POSITIVES=186 VALIDATION_TRUE_NEGATIVES=49925 validation_false_positives=2132 validation_false_negatives=1011 validation_max_prediction=0.9925 validation_mean_prediction=0.0772 validation_recall=0.1554 validation_f1=0.1058 validation_auc=0.7739 validation_specificity=0.9590 validation_false_positive_rate=0.0410 validation_f2=0.1309 validation_mcc=0.0831 validation_prauc=0.0619 validation_balanced_accuracy=0.5572 validation_brier=0.0455 validation_kappa=0.0785 validation_informedness=0.1144 validation_markedness=0.0393 validation_gini=0.5479 validation_optimal_threshold=0.0152 validation_standard_deviation_prediction=0.1635 validation_percentage_above_threshold=4.35
[LN319    ] [chunk_12_evaluation_evaluator.py] [info] [XGBOOST] LABEL_THRESHOLD=0.0 | Train: below prediction_binary_split=59,589,above prediction_binary_split=59,721 [ok] | Validation: below prediction_binary_split=24,480,above prediction_binary_split=28,774 [ok]
[LN320    ] [chunk_12_evaluation_evaluator.py] [info] [reject] Skipping threshold 0.0: only 0 positive VALIDATION predictions (min=53)
[LN321    ] [chunk_18_phase_4_ensemble.py] [info]    hyperparameter_optimization model threshold search: LABEL_THRESHOLD=10.0, VALIDATION_PRECISION=0.0749
[LN322    ] [chunk_18_phase_4_ensemble.py] [info]    post hyperparameter_optimization threshold search: LABEL_THRESHOLD=10.0, VALIDATION_PRECISION=0.0802
[LN323    ] [chunk_18_phase_4_ensemble.py] [info]    post hyperparameter_optimization no improvement: keeping LABEL_THRESHOLD=10.0
[LN324    ] [chunk_18_phase_4_ensemble.py] [info] [section 4] [XGBOOST] [post hyperparameter_optimization] [diagnostic]  percentiles: p1=0.0002, p5=0.0004, p10=0.0007, p25=0.0017, p50=0.0069, p75=0.0554, p90=0.2635, p95=0.4610, p99=0.8129, max=0.9925 | histogram: bins[39364, 3638, 2047, 1419, 1138, 911, 744, 635, 558, 454, 404, 328, 293, 282, 239, 199, 201, 223, 113, 64]
[LN325    ] [chunk_18_phase_4_ensemble.py] [info] [section 4] [XGBOOST] [post hyperparameter_optimization] LABEL_THRESHOLD=10.0,
[LN326    ] [chunk_18_phase_4_ensemble.py] [info] [section 4] [XGBOOST] [post hyperparameter_optimization] VALIDATION_PRECISION=0.0802 VALIDATION_TRUE_POSITIVES=186 VALIDATION_TRUE_NEGATIVES=49925 validation_false_positives=2132 validation_false_negatives=1011 validation_max_prediction=0.9925 validation_mean_prediction=0.0772 validation_recall=0.1554 validation_f1=0.1058 validation_auc=0.7739 validation_specificity=0.9590 validation_false_positive_rate=0.0410 validation_f2=0.1309 validation_mcc=0.0831 validation_prauc=0.0619 validation_balanced_accuracy=0.5572 validation_brier=0.0455 validation_kappa=0.0785 validation_informedness=0.1144 validation_markedness=0.0393 validation_gini=0.5479 validation_optimal_threshold=0.0152 validation_standard_deviation_prediction=0.1635 validation_percentage_above_threshold=4.35
[LN327    ] [chunk_18_phase_4_ensemble.py] [info] [section 4] [XGBOOST] [post hyperparameter_optimization] prediction_binary_split=0.50 hyperparams=(loss=binary_crossentropy lr=0.1 dropout=0.0 alpha=1.0 gamma=0.1 latent_dim=64) source=section3
[LN328    ] [chunk_18_phase_4_ensemble.py] [info]    Using threshold-optimized model (HPO did not improve)
[LN329    ] [chunk_18_phase_4_ensemble.py] [info]    Train predictions: mean=0.1108, std=0.2100, min=0.0000, max=0.9984
[LN330    ] [chunk_18_phase_4_ensemble.py] [info]    validation predictions:   mean=0.0772, std=0.1635, min=0.0000, max=0.9925
[LN331    ] [chunk_18_phase_4_ensemble.py] [info] [section 5] [XGBOOST] [final] [diagnostic] Train  percentiles: p1=0.0001, p5=0.0003, p10=0.0006, p25=0.0020, p50=0.0117, p75=0.1117, p90=0.3708, p95=0.6038, p99=0.9868, max=0.9984 | histogram: bins[78367, 9479, 6048, 4405, 3357, 2674, 2190, 1866, 1508, 1236, 1112, 1014, 856, 753, 544, 447, 342, 256, 250, 2606]
[LN332    ] [chunk_18_phase_4_ensemble.py] [info] [section 5] [XGBOOST] [final] [diagnostic] validation    percentiles: p1=0.0002, p5=0.0004, p10=0.0007, p25=0.0017, p50=0.0069, p75=0.0554, p90=0.2635, p95=0.4610, p99=0.8129, max=0.9925 | histogram: bins[39364, 3638, 2047, 1419, 1138, 911, 744, 635, 558, 454, 404, 328, 293, 282, 239, 199, 201, 223, 113, 64]
[LN333    ] [chunk_18_phase_4_ensemble.py] [info]    Train predictions: 6.84% positive predictions (8,159 / 119,310)
[LN334    ] [chunk_18_phase_4_ensemble.py] [info]    validation predictions:   4.35% positive predictions (2,318 / 53,254)
[LN335    ] [chunk_18_phase_4_ensemble.py] [info]    [info] Section 4 all rejected - using Section 3 results for Section 5
[LN336    ] [chunk_18_phase_4_ensemble.py] [info]    [diagnostic] prediction_buckets: 0-10:3463, 10-20:2039, 20-30:1385, 30-40:1006, 40-50:741, 50-60:567, 60-70:434, 70-80:412, 80-90:164, 90-100:0
[LN337    ] [chunk_18_phase_4_ensemble.py] [info] [section 5] [XGBOOST] [final] LABEL_THRESHOLD=10.0,
[LN338    ] [chunk_18_phase_4_ensemble.py] [info] [section 5] [XGBOOST] [final] train_precision=0.3130 train_true_positives=2554 train_true_negatives=111151 train_false_positives=5605 train_false_negatives=0 train_max_prediction=0.9984 train_mean_prediction=0.1108 train_recall=1.0000 train_f1=0.4768 train_auc=0.9999 train_specificity=0.9520 train_false_positive_rate=0.0480 train_f2=0.6950 train_mcc=0.5459 train_prauc=0.9962 train_balanced_accuracy=0.9760 train_standard_deviation_prediction=0.2100 train_percentage_above_threshold=6.84 train_brier=0.0357 train_kappa=0.4592 train_informedness=0.9520 train_markedness=0.2650 train_gini=0.9998 train_optimal_threshold=0.9220
[LN339    ] [chunk_18_phase_4_ensemble.py] [info] [section 5] [XGBOOST] [final] VALIDATION_PRECISION=0.0802 VALIDATION_TRUE_POSITIVES=186 VALIDATION_TRUE_NEGATIVES=49925 validation_false_positives=2132 validation_false_negatives=1011 validation_max_prediction=0.9925 validation_mean_prediction=0.0772 validation_recall=0.1554 validation_f1=0.1058 validation_auc=0.7739 validation_specificity=0.9590 validation_false_positive_rate=0.0410 validation_f2=0.1309 validation_mcc=0.0831 validation_prauc=0.0619 validation_balanced_accuracy=0.5572 validation_brier=0.0455 validation_kappa=0.0785 validation_informedness=0.1144 validation_markedness=0.0393 validation_gini=0.5479 validation_optimal_threshold=0.0152 validation_standard_deviation_prediction=0.1635 validation_percentage_above_threshold=4.35
[LN340    ] [chunk_18_phase_4_ensemble.py] [info] [section 5] [XGBOOST] [final] prediction_binary_split=0.50 hyperparams=(loss=binary_crossentropy lr=0.1 dropout=0.0 alpha=1.0 gamma=0.1 latent_dim=64) (using HPO model directly)
[LN341    ] [chunk_18_phase_4_ensemble.py] [info]    [XGBoost] loss: binary_crossentropy | pred_threshold: 0.5 | epochs: 3
[LN342    ] [chunk_18_phase_4_ensemble.py] [info]    [XGBoost] hyperparameter_optimization: learning_rate=0.1, gamma=0.1
[LN343    ] [chunk_18_phase_4_ensemble.py] [info]    XGBoost training time: 23.3s
[LN344    ] [chunk_18_phase_4_ensemble.py] [info] [pass] XGBoost trained successfully
[LN345    ] [chunk_18_phase_4_ensemble.py] [info] [section 1] [DENSE] [baseline] LABEL_THRESHOLD=20.0,
[LN346    ] [chunk_18_phase_4_ensemble.py] [info] [section 1] [DENSE] [baseline] predictions: mean=0.0318, std=0.0106, min=0.0000, max=0.0498
[LN347    ] [chunk_18_phase_4_ensemble.py] [info] [section 1] [DENSE] [baseline]  percentiles: p1=0.0042, p5=0.0048, p10=0.0173, p25=0.0278, p50=0.0314, p75=0.0392, p90=0.0453, p95=0.0478, p99=0.0494, max=0.0498 | histogram: bins[1, 2903, 562, 504, 483, 407, 480, 488, 567, 627, 3472, 11908, 6001, 4068, 3291, 7408, 2577, 1811, 2420, 3276]
[LN348    ] [chunk_18_phase_4_ensemble.py] [info] [section 1] [DENSE] [baseline] prediction_binary_split=0.50, VALIDATION predictions at LABEL_THRESHOLD=20.0: 0.00%
[LN349    ] [chunk_18_phase_4_ensemble.py] [warning] [section 1] [DENSE] [baseline] [warning] No predictions >= 0.5!
[LN350    ] [chunk_18_phase_4_ensemble.py] [info] [section 1] [DENSE] [baseline] LABEL_THRESHOLD=20.0,
[LN351    ] [chunk_18_phase_4_ensemble.py] [info] [section 1] [DENSE] [baseline] VALIDATION_PRECISION=0.0000 VALIDATION_TRUE_POSITIVES=0 VALIDATION_TRUE_NEGATIVES=52918 validation_false_positives=0 validation_false_negatives=336 validation_max_prediction=0.0498 validation_mean_prediction=0.0318 validation_recall=0.0000 validation_f1=0.0000 validation_auc=0.4119 validation_specificity=1.0000 validation_false_positive_rate=0.0000 validation_f2=0.0000 validation_mcc=0.0000 validation_prauc=0.0052 validation_balanced_accuracy=0.5000 validation_brier=0.0071 validation_kappa=0.0000 validation_informedness=0.0000 validation_markedness=1.0000 validation_gini=0.0000 validation_optimal_threshold=0.0041 validation_standard_deviation_prediction=0.0106 validation_percentage_above_threshold=0.00
[LN352    ] [chunk_18_phase_4_ensemble.py] [info] [section 1] [DENSE] [baseline] prediction_binary_split=0.50 loss=binary_crossentropy, lr=0.001
[LN353    ] [chunk_12_evaluation_evaluator.py] [info] [DENSE] LABEL_THRESHOLD=20.0 | Train: below prediction_binary_split=118,621,above prediction_binary_split=689 [ok] | Validation: below prediction_binary_split=52,918,above prediction_binary_split=336 [ok]
[LN354    ] [chunk_12_evaluation_evaluator.py] [info] [DENSE] [diagnostic] LABEL_THRESHOLD=20.0 train_precision=0.1698 train_true_positives=9 train_true_negatives=118577 train_false_positives=44 train_false_negatives=680 train_max_prediction=0.8938 train_mean_prediction=0.0264 train_recall=0.0131 train_f1=0.0243 train_auc=0.8915 train_specificity=0.9996 train_false_positive_rate=0.0004 train_f2=0.0160 train_mcc=0.0456 train_prauc=0.0580 train_balanced_accuracy=0.5063 train_brier=0.0069 train_kappa=0.0235 train_informedness=0.0127 train_markedness=0.1694 train_gini=0.7830 train_optimal_threshold=0.0323 train_standard_deviation_prediction=0.0429 train_percentage_above_threshold=0.04
[LN355    ] [chunk_12_evaluation_evaluator.py] [info] [DENSE] [diagnostic] LABEL_THRESHOLD=20.0 VALIDATION_PRECISION=0.0741 VALIDATION_TRUE_POSITIVES=4 VALIDATION_TRUE_NEGATIVES=52868 validation_false_positives=50 validation_false_negatives=332 validation_max_prediction=1.0000 validation_mean_prediction=0.0281 validation_recall=0.0119 validation_f1=0.0205 validation_auc=0.9026 validation_specificity=0.9991 validation_false_positive_rate=0.0009 validation_f2=0.0143 validation_mcc=0.0273 validation_prauc=0.0629 validation_balanced_accuracy=0.5055 validation_brier=0.0083 validation_kappa=0.0188 validation_informedness=0.0110 validation_markedness=0.0731 validation_gini=0.8051 validation_optimal_threshold=0.0302 validation_standard_deviation_prediction=0.0559 validation_percentage_above_threshold=0.10
[LN356    ] [chunk_12_evaluation_evaluator.py] [info] [DENSE] LABEL_THRESHOLD=10.0 | Train: below prediction_binary_split=116,756,above prediction_binary_split=2,554 [ok] | Validation: below prediction_binary_split=52,057,above prediction_binary_split=1,197 [ok]
[LN357    ] [chunk_12_evaluation_evaluator.py] [info] [DENSE] [reject] skipping LABEL_THRESHOLD=10.0: pos_pred_ratio=0.02% outside [0%, 60%]
[LN358    ] [chunk_12_evaluation_evaluator.py] [info] [DENSE] LABEL_THRESHOLD=0.0 | Train: below prediction_binary_split=59,589,above prediction_binary_split=59,721 [ok] | Validation: below prediction_binary_split=24,480,above prediction_binary_split=28,774 [ok]
[LN359    ] [chunk_12_evaluation_evaluator.py] [info] [DENSE] [reject] skipping LABEL_THRESHOLD=0.0: validation_precision=0.5187 <= baseline+0.0200=0.5200
[LN360    ] [chunk_18_phase_4_ensemble.py] [info] [section 1] [DENSE] [label_threshold_optimal]  percentiles: p1=0.0000, p5=0.0001, p10=0.0003, p25=0.0010, p50=0.0032, p75=0.0314, p90=0.0883, p95=0.1366, p99=0.2583, max=1.0000 | histogram: bins[43492, 5284, 2242, 1098, 554, 248, 143, 84, 30, 25, 27, 10, 5, 0, 1, 2, 1, 4, 1, 3]
[LN361    ] [chunk_18_phase_4_ensemble.py] [info] [section 1] [DENSE] [label_threshold_optimal] LABEL_THRESHOLD=20.0
[LN362    ] [chunk_18_phase_4_ensemble.py] [info] [section 1] [DENSE] [label_threshold_optimal] train_precision=0.1698 train_true_positives=9 train_true_negatives=118577 train_false_positives=44 train_false_negatives=680 train_max_prediction=0.8938 train_mean_prediction=0.0264 train_recall=0.0131 train_f1=0.0243 train_auc=0.8915 train_specificity=0.9996 train_false_positive_rate=0.0004 train_f2=0.0160 train_mcc=0.0456 train_prauc=0.0580 train_balanced_accuracy=0.5063 train_brier=0.0069 train_kappa=0.0235 train_informedness=0.0127 train_markedness=0.1694 train_gini=0.7830 train_optimal_threshold=0.0323 train_standard_deviation_prediction=0.0429 train_percentage_above_threshold=0.04
[LN363    ] [chunk_18_phase_4_ensemble.py] [info] [section 1] [DENSE] [label_threshold_optimal] VALIDATION_PRECISION=0.0741 VALIDATION_TRUE_POSITIVES=4 VALIDATION_TRUE_NEGATIVES=52868 validation_false_positives=50 validation_false_negatives=332 validation_max_prediction=1.0000 validation_mean_prediction=0.0281 validation_recall=0.0119 validation_f1=0.0205 validation_auc=0.9026 validation_specificity=0.9991 validation_false_positive_rate=0.0009 validation_f2=0.0143 validation_mcc=0.0273 validation_prauc=0.0629 validation_balanced_accuracy=0.5055 validation_brier=0.0083 validation_kappa=0.0188 validation_informedness=0.0110 validation_markedness=0.0731 validation_gini=0.8051 validation_optimal_threshold=0.0302 validation_standard_deviation_prediction=0.0559 validation_percentage_above_threshold=0.10
[LN364    ] [chunk_18_phase_4_ensemble.py] [info] [section 1] [DENSE] [label_threshold_optimal] prediction_binary_split=0.50
[LN365    ] [chunk_21_hyperparam_optimizer.py] [info] [section 2] [DENSE] [hyperparameter_optimization search] Running Bayesian optimization (5 trials)...
[LN366    ] [chunk_21_hyperparam_optimizer.py] [info] [section 2] [DENSE] [hyperparameter_optimization search baseline] LABEL_THRESHOLD=20.0
[LN367    ] [chunk_21_hyperparam_optimizer.py] [info] [section 2] [DENSE] [hyperparameter_optimization search baseline] VALIDATION_PRECISION=0.0274 VALIDATION_TRUE_POSITIVES=296 VALIDATION_TRUE_NEGATIVES=42423 validation_false_positives=10495 validation_false_negatives=40 validation_max_prediction=1.0000 validation_mean_prediction=0.2210 validation_recall=0.8810 validation_f1=0.0532 validation_auc=0.9070 validation_specificity=0.8017 validation_false_positive_rate=0.1983 validation_f2=0.1220 validation_mcc=0.1345 validation_prauc=0.0605 validation_balanced_accuracy=0.8413 validation_brier=0.1333 validation_kappa=0.0415 validation_informedness=0.6826 validation_markedness=-0.1709 validation_gini=0.8140 validation_optimal_threshold=0.4535 validation_standard_deviation_prediction=0.2966 validation_percentage_above_threshold=20.26
[LN368    ] [chunk_21_hyperparam_optimizer.py] [info] [section 2] [DENSE] [hyperparameter_optimization search baseline] TRIAL 1/5: units=128, layers=4, dropout=0.4, learning_rate=0.0005, epochs=20, loss_function=binary_crossentropy, alpha=0.25, gamma=4.0, batch_size=64, activation=leaky_relu
[LN369    ] [chunk_21_hyperparam_optimizer.py] [info] [section 2] [DENSE] [hyperparameter_optimization search baseline] LABEL_THRESHOLD=20.0
[LN370    ] [chunk_21_hyperparam_optimizer.py] [info] [section 2] [DENSE] [hyperparameter_optimization search baseline] VALIDATION_PRECISION=0.0252 VALIDATION_TRUE_POSITIVES=283 VALIDATION_TRUE_NEGATIVES=41973 validation_false_positives=10945 validation_false_negatives=53 validation_max_prediction=1.0000 validation_mean_prediction=0.2157 validation_recall=0.8423 validation_f1=0.0489 validation_auc=0.9026 validation_specificity=0.7932 validation_false_positive_rate=0.2068 validation_f2=0.1126 validation_mcc=0.1233 validation_prauc=0.0671 validation_balanced_accuracy=0.8177 validation_brier=0.1255 validation_kappa=0.0371 validation_informedness=0.6354 validation_markedness=-0.1816 validation_gini=0.8053 validation_optimal_threshold=0.5759 validation_standard_deviation_prediction=0.2865 validation_percentage_above_threshold=21.08
[LN371    ] [chunk_21_hyperparam_optimizer.py] [info] [section 2] [DENSE] [hyperparameter_optimization search baseline] TRIAL 2/5: units=1024, layers=3, dropout=0.2, learning_rate=0.0003, epochs=40, loss_function=binary_crossentropy, alpha=1.25, gamma=2.5, batch_size=256, activation=relu
[LN372    ] [chunk_21_hyperparam_optimizer.py] [info] [section 2] [DENSE] [hyperparameter_optimization search baseline] LABEL_THRESHOLD=20.0
[LN373    ] [chunk_21_hyperparam_optimizer.py] [info] [section 2] [DENSE] [hyperparameter_optimization search baseline] VALIDATION_PRECISION=0.0228 VALIDATION_TRUE_POSITIVES=303 VALIDATION_TRUE_NEGATIVES=39952 validation_false_positives=12966 validation_false_negatives=33 validation_max_prediction=1.0000 validation_mean_prediction=0.2494 validation_recall=0.9018 validation_f1=0.0445 validation_auc=0.8913 validation_specificity=0.7550 validation_false_positive_rate=0.2450 validation_f2=0.1037 validation_mcc=0.1202 validation_prauc=0.0384 validation_balanced_accuracy=0.8284 validation_brier=0.1619 validation_kappa=0.0326 validation_informedness=0.6568 validation_markedness=-0.2222 validation_gini=0.7826 validation_optimal_threshold=0.5374 validation_standard_deviation_prediction=0.3214 validation_percentage_above_threshold=24.92
[LN374    ] [chunk_21_hyperparam_optimizer.py] [info] [section 2] [DENSE] [hyperparameter_optimization search baseline] TRIAL 3/5: units=64, layers=2, dropout=0.3, learning_rate=0.0001, epochs=15, loss_function=binary_crossentropy, alpha=0.75, gamma=2.5, batch_size=128, activation=leaky_relu
[LN375    ] [chunk_21_hyperparam_optimizer.py] [info] [section 2] [DENSE] [hyperparameter_optimization search baseline] LABEL_THRESHOLD=20.0
[LN376    ] [chunk_21_hyperparam_optimizer.py] [info] [section 2] [DENSE] [hyperparameter_optimization search baseline] VALIDATION_PRECISION=0.0231 VALIDATION_TRUE_POSITIVES=297 VALIDATION_TRUE_NEGATIVES=40336 validation_false_positives=12582 validation_false_negatives=39 validation_max_prediction=1.0000 validation_mean_prediction=0.2425 validation_recall=0.8839 validation_f1=0.0449 validation_auc=0.8974 validation_specificity=0.7622 validation_false_positive_rate=0.2378 validation_f2=0.1044 validation_mcc=0.1195 validation_prauc=0.0557 validation_balanced_accuracy=0.8231 validation_brier=0.1579 validation_kappa=0.0331 validation_informedness=0.6462 validation_markedness=-0.2147 validation_gini=0.7948 validation_optimal_threshold=0.6335 validation_standard_deviation_prediction=0.3205 validation_percentage_above_threshold=24.18
[LN377    ] [chunk_21_hyperparam_optimizer.py] [info] [section 2] [DENSE] [hyperparameter_optimization search baseline] TRIAL 4/5: units=64, layers=3, dropout=0.4, learning_rate=0.0003, epochs=15, loss_function=binary_crossentropy, alpha=0.25, gamma=2.5, batch_size=32, activation=leaky_relu
[LN378    ] [chunk_21_hyperparam_optimizer.py] [info] [section 2] [DENSE] [hyperparameter_optimization search baseline] LABEL_THRESHOLD=20.0
[LN379    ] [chunk_21_hyperparam_optimizer.py] [info] [section 2] [DENSE] [hyperparameter_optimization search baseline] VALIDATION_PRECISION=0.0650 VALIDATION_TRUE_POSITIVES=8 VALIDATION_TRUE_NEGATIVES=52803 validation_false_positives=115 validation_false_negatives=328 validation_max_prediction=0.9997 validation_mean_prediction=0.0492 validation_recall=0.0238 validation_f1=0.0349 validation_auc=0.8907 validation_specificity=0.9978 validation_false_positive_rate=0.0022 validation_f2=0.0273 validation_mcc=0.0357 validation_prauc=0.0480 validation_balanced_accuracy=0.5108 validation_brier=0.0120 validation_kappa=0.0316 validation_informedness=0.0216 validation_markedness=0.0629 validation_gini=0.7813 validation_optimal_threshold=0.0661 validation_standard_deviation_prediction=0.0757 validation_percentage_above_threshold=0.23
[LN380    ] [chunk_21_hyperparam_optimizer.py] [info] [section 2] [DENSE] [hyperparameter_optimization search baseline] TRIAL 5/5: units=64, layers=4, dropout=0.2, learning_rate=0.001, epochs=30, loss_function=focal_loss, alpha=0.5, gamma=2.5, batch_size=128, activation=leaky_relu
[LN381    ] [chunk_21_hyperparam_optimizer.py] [info] [section 2] [DENSE] [best trial] LABEL_THRESHOLD=20.0
[LN382    ] [chunk_21_hyperparam_optimizer.py] [info] [section 2] [DENSE] [best trial] VALIDATION_PRECISION=0.0274 VALIDATION_TRUE_POSITIVES=296 VALIDATION_TRUE_NEGATIVES=42423 validation_false_positives=10495 validation_false_negatives=40 validation_max_prediction=1.0000 validation_mean_prediction=0.2210 validation_recall=0.8810 validation_f1=0.0532 validation_auc=0.9070 validation_specificity=0.8017 validation_false_positive_rate=0.1983 validation_f2=0.1220 validation_mcc=0.1345 validation_prauc=0.0605 validation_balanced_accuracy=0.8413 validation_brier=0.1333 validation_kappa=0.0415 validation_informedness=0.6826 validation_markedness=-0.1709 validation_gini=0.8140 validation_optimal_threshold=0.4535 validation_standard_deviation_prediction=0.2966 validation_percentage_above_threshold=20.26
[LN383    ] [chunk_21_hyperparam_optimizer.py] [info] [section 2] [DENSE] [best trial] units=128, layers=4, dropout=0.4, learning_rate=0.0005, epochs=20, loss_function=binary_crossentropy, alpha=0.25, gamma=4.0, batch_size=64, activation=leaky_relu
[LN384    ] [chunk_18_phase_4_ensemble.py] [info]    [diagnostic-hyperparameter_optimization]  percentiles: p1=0.0017, p5=0.0041, p10=0.0065, p25=0.0131, p50=0.0428, p75=0.3821, p90=0.7545, p95=0.8808, p99=0.9715, max=1.0000 | histogram: bins[27712, 3971, 2188, 1723, 1375, 1228, 1077, 1042, 1113, 1035, 1101, 1074, 1106, 998, 1084, 1032, 1048, 1143, 1158, 1046]
[LN385    ] [chunk_18_phase_4_ensemble.py] [info]    hyperparameter_optimization did NOT improve: 0.0274 <= 0.0741 - using pre hyperparameter_optimization model
[LN386    ] [chunk_18_phase_4_ensemble.py] [info] [section 3] [DENSE] [PRE-HYPERPARAMETER_OPTIMIZATION] LABEL_THRESHOLD=20.0,
[LN387    ] [chunk_18_phase_4_ensemble.py] [info] [section 3] [DENSE] [PRE-HYPERPARAMETER_OPTIMIZATION] VALIDATION_PRECISION=0.0741 VALIDATION_TRUE_POSITIVES=4 VALIDATION_TRUE_NEGATIVES=52868 validation_false_positives=50 validation_false_negatives=332 validation_max_prediction=1.0000 validation_mean_prediction=0.0281 validation_recall=0.0119 validation_f1=0.0205 validation_auc=0.9026 validation_specificity=0.9991 validation_false_positive_rate=0.0009 validation_f2=0.0143 validation_mcc=0.0273 validation_prauc=0.0629 validation_balanced_accuracy=0.5055 validation_brier=0.0083 validation_kappa=0.0188 validation_informedness=0.0110 validation_markedness=0.0731 validation_gini=0.8051 validation_optimal_threshold=0.0302 validation_standard_deviation_prediction=0.0559 validation_percentage_above_threshold=0.10
[LN388    ] [chunk_18_phase_4_ensemble.py] [info] [section 3] [DENSE] [PRE-HYPERPARAMETER_OPTIMIZATION] prediction_binary_split=0.50 hyperparams=(loss=binary_crossentropy lr=0.0005 dropout=0.4 alpha=0.25 gamma=4.0 latent_dim=0) improved=False {'units': 128, 'layers': 4, 'dropout': 0.4, 'learning_rate': 0.0005, 'epochs': 20, 'loss_function': 'binary_crossentropy', 'alpha': 0.25, 'gamma': 4.0, 'batch_size': 64, 'activation': 'leaky_relu'}
[LN389    ] [chunk_18_phase_4_ensemble.py] [info]    Running post hyperparameter_optimization threshold search for Dense...
[LN390    ] [chunk_12_evaluation_evaluator.py] [info] [DENSE] LABEL_THRESHOLD=20.0 | Train: below prediction_binary_split=118,621,above prediction_binary_split=689 [ok] | Validation: below prediction_binary_split=52,918,above prediction_binary_split=336 [ok]
[LN391    ] [chunk_12_evaluation_evaluator.py] [info] [DENSE] [diagnostic] LABEL_THRESHOLD=20.0 train_precision=0.1698 train_true_positives=9 train_true_negatives=118577 train_false_positives=44 train_false_negatives=680 train_max_prediction=0.8938 train_mean_prediction=0.0264 train_recall=0.0131 train_f1=0.0243 train_auc=0.8915 train_specificity=0.9996 train_false_positive_rate=0.0004 train_f2=0.0160 train_mcc=0.0456 train_prauc=0.0580 train_balanced_accuracy=0.5063 train_brier=0.0069 train_kappa=0.0235 train_informedness=0.0127 train_markedness=0.1694 train_gini=0.7830 train_optimal_threshold=0.0323 train_standard_deviation_prediction=0.0429 train_percentage_above_threshold=0.04
[LN392    ] [chunk_12_evaluation_evaluator.py] [info] [DENSE] [diagnostic] LABEL_THRESHOLD=20.0 VALIDATION_PRECISION=0.0741 VALIDATION_TRUE_POSITIVES=4 VALIDATION_TRUE_NEGATIVES=52868 validation_false_positives=50 validation_false_negatives=332 validation_max_prediction=1.0000 validation_mean_prediction=0.0281 validation_recall=0.0119 validation_f1=0.0205 validation_auc=0.9026 validation_specificity=0.9991 validation_false_positive_rate=0.0009 validation_f2=0.0143 validation_mcc=0.0273 validation_prauc=0.0629 validation_balanced_accuracy=0.5055 validation_brier=0.0083 validation_kappa=0.0188 validation_informedness=0.0110 validation_markedness=0.0731 validation_gini=0.8051 validation_optimal_threshold=0.0302 validation_standard_deviation_prediction=0.0559 validation_percentage_above_threshold=0.10
[LN393    ] [chunk_12_evaluation_evaluator.py] [info] [DENSE] LABEL_THRESHOLD=10.0 | Train: below prediction_binary_split=116,756,above prediction_binary_split=2,554 [ok] | Validation: below prediction_binary_split=52,057,above prediction_binary_split=1,197 [ok]
[LN394    ] [chunk_12_evaluation_evaluator.py] [info] [DENSE] [diagnostic] LABEL_THRESHOLD=10.0 train_precision=0.1301 train_true_positives=32 train_true_negatives=116542 train_false_positives=214 train_false_negatives=2522 train_max_prediction=0.8116 train_mean_prediction=0.0320 train_recall=0.0125 train_f1=0.0229 train_auc=0.7949 train_specificity=0.9982 train_false_positive_rate=0.0018 train_f2=0.0153 train_mcc=0.0341 train_prauc=0.0712 train_balanced_accuracy=0.5053 train_brier=0.0220 train_kappa=0.0192 train_informedness=0.0107 train_markedness=0.1282 train_gini=0.5897 train_optimal_threshold=0.0172 train_standard_deviation_prediction=0.0592 train_percentage_above_threshold=0.21
[LN395    ] [chunk_12_evaluation_evaluator.py] [info] [DENSE] [diagnostic] LABEL_THRESHOLD=10.0 VALIDATION_PRECISION=0.1628 VALIDATION_TRUE_POSITIVES=42 VALIDATION_TRUE_NEGATIVES=51841 validation_false_positives=216 validation_false_negatives=1155 validation_max_prediction=0.7744 validation_mean_prediction=0.0567 validation_recall=0.0351 validation_f1=0.0577 validation_auc=0.7660 validation_specificity=0.9959 validation_false_positive_rate=0.0041 validation_f2=0.0416 validation_mcc=0.0660 validation_prauc=0.0787 validation_balanced_accuracy=0.5155 validation_brier=0.0260 validation_kappa=0.0502 validation_informedness=0.0309 validation_markedness=0.1586 validation_gini=0.5319 validation_optimal_threshold=0.0458 validation_standard_deviation_prediction=0.0842 validation_percentage_above_threshold=0.48
[LN396    ] [chunk_12_evaluation_evaluator.py] [info] [DENSE] LABEL_THRESHOLD=0.0 | Train: below prediction_binary_split=59,589,above prediction_binary_split=59,721 [ok] | Validation: below prediction_binary_split=24,480,above prediction_binary_split=28,774 [ok]
[LN397    ] [chunk_12_evaluation_evaluator.py] [info] [DENSE] [reject] skipping LABEL_THRESHOLD=0.0: validation_precision=0.4619 <= baseline+0.0200=0.5200
[LN398    ] [chunk_18_phase_4_ensemble.py] [info]    hyperparameter_optimization model threshold search: LABEL_THRESHOLD=20.0, VALIDATION_PRECISION=0.0274
[LN399    ] [chunk_18_phase_4_ensemble.py] [info]    post hyperparameter_optimization threshold search: LABEL_THRESHOLD=10.0, VALIDATION_PRECISION=0.1628
[LN400    ] [chunk_18_phase_4_ensemble.py] [info]    post hyperparameter_optimization improved: using LABEL_THRESHOLD=10.0
[LN401    ] [chunk_18_phase_4_ensemble.py] [info] [section 4] [DENSE] [post hyperparameter_optimization] [diagnostic]  percentiles: p1=0.0000, p5=0.0000, p10=0.0002, p25=0.0035, p50=0.0256, p75=0.0734, p90=0.1508, p95=0.2226, p99=0.4160, max=0.7744 | histogram: bins[31496, 9131, 4819, 2672, 1646, 1066, 652, 478, 354, 254, 198, 129, 107, 78, 72, 40, 28, 15, 15, 4]
[LN402    ] [chunk_18_phase_4_ensemble.py] [info] [section 4] [DENSE] [post hyperparameter_optimization] LABEL_THRESHOLD=10.0,
[LN403    ] [chunk_18_phase_4_ensemble.py] [info] [section 4] [DENSE] [post hyperparameter_optimization] VALIDATION_PRECISION=0.1628 VALIDATION_TRUE_POSITIVES=42 VALIDATION_TRUE_NEGATIVES=51841 validation_false_positives=216 validation_false_negatives=1155 validation_max_prediction=0.7744 validation_mean_prediction=0.0567 validation_recall=0.0351 validation_f1=0.0577 validation_auc=0.7660 validation_specificity=0.9956 validation_false_positive_rate=0.0044 validation_f2=0.0749 validation_mcc=0.0764 validation_prauc=0.0393 validation_balanced_accuracy=0.5335 validation_brier=0.0142 validation_kappa=0.0757 validation_informedness=0.0670 validation_markedness=0.0886 validation_gini=0.6332 validation_optimal_threshold=0.0675 validation_standard_deviation_prediction=0.0842 validation_percentage_above_threshold=0.48
[LN404    ] [chunk_18_phase_4_ensemble.py] [info] [section 4] [DENSE] [post hyperparameter_optimization] prediction_binary_split=0.50 hyperparams=(loss=binary_crossentropy lr=0.0005 dropout=0.4 alpha=0.25 gamma=4.0 latent_dim=64) source=section4
[LN405    ] [chunk_18_phase_4_ensemble.py] [info]    Using post-HPO model at LABEL_THRESHOLD=10.0 (post_hpo_prec=0.1628 > hpo=0.0274, pre_hpo=0.0741)
[LN406    ] [chunk_18_phase_4_ensemble.py] [info]    Train predictions: mean=0.0320, std=0.0592, min=0.0000, max=0.8116
[LN407    ] [chunk_18_phase_4_ensemble.py] [info]    validation predictions:   mean=0.0567, std=0.0842, min=0.0000, max=0.7744
[LN408    ] [chunk_18_phase_4_ensemble.py] [info] [section 5] [DENSE] [final] [diagnostic] Train  percentiles: p1=0.0000, p5=0.0004, p10=0.0008, p25=0.0035, p50=0.0122, p75=0.0343, p90=0.0775, p95=0.1253, p99=0.3166, max=0.8116 | histogram: bins[93702, 14445, 4959, 2023, 1211, 819, 603, 430, 308, 231, 184, 115, 99, 66, 49, 27, 22, 13, 3, 1]
[LN409    ] [chunk_18_phase_4_ensemble.py] [info] [section 5] [DENSE] [final] [diagnostic] validation    percentiles: p1=0.0000, p5=0.0000, p10=0.0002, p25=0.0035, p50=0.0256, p75=0.0734, p90=0.1508, p95=0.2226, p99=0.4160, max=0.7744 | histogram: bins[31496, 9131, 4819, 2672, 1646, 1066, 652, 478, 354, 254, 198, 129, 107, 78, 72, 40, 28, 15, 15, 4]
[LN410    ] [chunk_18_phase_4_ensemble.py] [info]    Train predictions: 0.21% positive predictions (246 / 119,310)
[LN411    ] [chunk_18_phase_4_ensemble.py] [info]    validation predictions:   0.48% positive predictions (258 / 53,254)
[LN412    ] [chunk_18_phase_4_ensemble.py] [info]    [diagnostic] prediction_buckets: 0-10:6168, 10-20:1893, 20-30:771, 30-40:369, 40-50:180, 50-60:59, 60-70:19, 70-80:0, 80-90:0, 90-100:0
[LN413    ] [chunk_18_phase_4_ensemble.py] [info] [section 5] [DENSE] [final] LABEL_THRESHOLD=10.0,
[LN414    ] [chunk_18_phase_4_ensemble.py] [info] [section 5] [DENSE] [final] train_precision=0.1301 train_true_positives=32 train_true_negatives=116542 train_false_positives=214 train_false_negatives=2522 train_max_prediction=0.8116 train_mean_prediction=0.0320 train_recall=0.0125 train_f1=0.0229 train_auc=0.7949 train_specificity=0.9982 train_false_positive_rate=0.0018 train_f2=0.0153 train_mcc=0.0341 train_prauc=0.0712 train_balanced_accuracy=0.5053 train_standard_deviation_prediction=0.0592 train_percentage_above_threshold=0.21 train_brier=0.0220 train_kappa=0.0192 train_informedness=0.0107 train_markedness=0.1282 train_gini=0.5897 train_optimal_threshold=0.0172
[LN415    ] [chunk_18_phase_4_ensemble.py] [info] [section 5] [DENSE] [final] VALIDATION_PRECISION=0.1628 VALIDATION_TRUE_POSITIVES=42 VALIDATION_TRUE_NEGATIVES=51841 validation_false_positives=216 validation_false_negatives=1155 validation_max_prediction=0.7744 validation_mean_prediction=0.0567 validation_recall=0.0351 validation_f1=0.0577 validation_auc=0.7660 validation_specificity=0.9959 validation_false_positive_rate=0.0041 validation_f2=0.0416 validation_mcc=0.0660 validation_prauc=0.0787 validation_balanced_accuracy=0.5155 validation_brier=0.0260 validation_kappa=0.0502 validation_informedness=0.0309 validation_markedness=0.1586 validation_gini=0.5319 validation_optimal_threshold=0.0458 validation_standard_deviation_prediction=0.0842 validation_percentage_above_threshold=0.48
[LN416    ] [chunk_18_phase_4_ensemble.py] [info] [section 5] [DENSE] [final] prediction_binary_split=0.50 hyperparams=(loss=binary_crossentropy lr=0.0005 dropout=0.4 alpha=0.25 gamma=4.0 latent_dim=64) (using HPO model directly)
[LN417    ] [chunk_18_phase_4_ensemble.py] [info]    [Dense] loss: binary_crossentropy | pred_threshold: 0.5 | epochs: 20
[LN418    ] [chunk_18_phase_4_ensemble.py] [info]    [Dense] hyperparameter_optimization: units=128, layers=4, dropout=0.4, learning_rate=0.0005, alpha=0.25, gamma=4.0
[LN419    ] [chunk_18_phase_4_ensemble.py] [info]    Dense training time: 374.9s
[LN420    ] [chunk_18_phase_4_ensemble.py] [info] [pass] Dense trained successfully
[LN421    ] [chunk_18_phase_4_ensemble.py] [info] [section 1] [CNN] [baseline] LABEL_THRESHOLD=20.0,
[LN422    ] [chunk_18_phase_4_ensemble.py] [info] [section 1] [CNN] [baseline] predictions: mean=0.0263, std=0.0285, min=0.0053, max=0.1606
[LN423    ] [chunk_18_phase_4_ensemble.py] [info] [section 1] [CNN] [baseline]  percentiles: p1=0.0054, p5=0.0055, p10=0.0059, p25=0.0079, p50=0.0109, p75=0.0397, p90=0.0685, p95=0.0929, p99=0.1224, max=0.1606 | histogram: bins[29687, 4557, 2680, 2030, 3985, 1843, 1645, 1362, 955, 877, 769, 693, 836, 517, 268, 188, 113, 107, 98, 44]
[LN424    ] [chunk_18_phase_4_ensemble.py] [info] [section 1] [CNN] [baseline] prediction_binary_split=0.50, VALIDATION predictions at LABEL_THRESHOLD=20.0: 0.00%
[LN425    ] [chunk_18_phase_4_ensemble.py] [warning] [section 1] [CNN] [baseline] [warning] No predictions >= 0.5!
[LN426    ] [chunk_18_phase_4_ensemble.py] [info] [section 1] [CNN] [baseline] LABEL_THRESHOLD=20.0,
[LN427    ] [chunk_18_phase_4_ensemble.py] [info] [section 1] [CNN] [baseline] VALIDATION_PRECISION=0.0000 VALIDATION_TRUE_POSITIVES=0 VALIDATION_TRUE_NEGATIVES=52918 validation_false_positives=0 validation_false_negatives=336 validation_max_prediction=0.1606 validation_mean_prediction=0.0263 validation_recall=0.0000 validation_f1=0.0000 validation_auc=0.6608 validation_specificity=1.0000 validation_false_positive_rate=0.0000 validation_f2=0.0000 validation_mcc=0.0000 validation_prauc=0.0128 validation_balanced_accuracy=0.5000 validation_brier=0.0073 validation_kappa=0.0000 validation_informedness=0.0000 validation_markedness=1.0000 validation_gini=0.3216 validation_optimal_threshold=0.0424 validation_standard_deviation_prediction=0.0285 validation_percentage_above_threshold=0.00
[LN428    ] [chunk_18_phase_4_ensemble.py] [info] [section 1] [CNN] [baseline] prediction_binary_split=0.50 loss=binary_crossentropy, lr=0.001
[LN429    ] [chunk_12_evaluation_evaluator.py] [info] [CNN] LABEL_THRESHOLD=20.0 | Train: below prediction_binary_split=118,621,above prediction_binary_split=689 [ok] | Validation: below prediction_binary_split=52,918,above prediction_binary_split=336 [ok]
[LN430    ] [chunk_12_evaluation_evaluator.py] [info] [reject] Skipping threshold 20.0: only 0 positive VALIDATION predictions (min=5)
[LN431    ] [chunk_12_evaluation_evaluator.py] [info] [CNN] LABEL_THRESHOLD=10.0 | Train: below prediction_binary_split=116,756,above prediction_binary_split=2,554 [ok] | Validation: below prediction_binary_split=52,057,above prediction_binary_split=1,197 [ok]
[LN432    ] [chunk_12_evaluation_evaluator.py] [info] [reject] Skipping threshold 10.0: only 0 positive VALIDATION predictions (min=5)
[LN433    ] [chunk_12_evaluation_evaluator.py] [info] [CNN] LABEL_THRESHOLD=0.0 | Train: below prediction_binary_split=59,589,above prediction_binary_split=59,721 [ok] | Validation: below prediction_binary_split=24,480,above prediction_binary_split=28,774 [ok]
[LN434    ] [chunk_12_evaluation_evaluator.py] [info] [CNN] [diagnostic] LABEL_THRESHOLD=0.0 train_precision=0.5818 train_true_positives=31093 train_true_negatives=37242 train_false_positives=22347 train_false_negatives=28628 train_max_prediction=0.8649 train_mean_prediction=0.4892 train_recall=0.5206 train_f1=0.5495 train_auc=0.6098 train_specificity=0.6250 train_false_positive_rate=0.3750 train_f2=0.5318 train_mcc=0.1464 train_prauc=0.6074 train_balanced_accuracy=0.5728 train_brier=0.2400 train_kappa=0.1456 train_informedness=0.1456 train_markedness=0.2068 train_gini=0.2196 train_optimal_threshold=0.4921 train_standard_deviation_prediction=0.0822 train_percentage_above_threshold=44.79
[LN435    ] [chunk_12_evaluation_evaluator.py] [info] [CNN] [diagnostic] LABEL_THRESHOLD=0.0 VALIDATION_PRECISION=0.5287 VALIDATION_TRUE_POSITIVES=12445 VALIDATION_TRUE_NEGATIVES=13385 validation_false_positives=11095 validation_false_negatives=16329 validation_max_prediction=0.8371 validation_mean_prediction=0.4917 validation_recall=0.4325 validation_f1=0.4758 validation_auc=0.4858 validation_specificity=0.5468 validation_false_positive_rate=0.4532 validation_f2=0.4488 validation_mcc=-0.0208 validation_prauc=0.5525 validation_balanced_accuracy=0.4896 validation_brier=0.2600 validation_kappa=-0.0204 validation_informedness=-0.0207 validation_markedness=0.0754 validation_gini=0.0000 validation_optimal_threshold=0.6208 validation_standard_deviation_prediction=0.0921 validation_percentage_above_threshold=44.20
[LN436    ] [chunk_18_phase_4_ensemble.py] [info] [section 1] [CNN] [label_threshold_optimal]  percentiles: p1=0.2985, p5=0.3450, p10=0.3756, p25=0.4307, p50=0.4887, p75=0.5463, p90=0.6101, p95=0.6502, p99=0.7417, max=0.8371 | histogram: bins[15, 87, 357, 1161, 2156, 3390, 4713, 6290, 7872, 8423, 6152, 4375, 3270, 2119, 1224, 723, 391, 260, 132, 144]
[LN437    ] [chunk_18_phase_4_ensemble.py] [info] [section 1] [CNN] [label_threshold_optimal] LABEL_THRESHOLD=0.0
[LN438    ] [chunk_18_phase_4_ensemble.py] [info] [section 1] [CNN] [label_threshold_optimal] train_precision=0.5818 train_true_positives=31093 train_true_negatives=37242 train_false_positives=22347 train_false_negatives=28628 train_max_prediction=0.8649 train_mean_prediction=0.4892 train_recall=0.5206 train_f1=0.5495 train_auc=0.6098 train_specificity=0.6250 train_false_positive_rate=0.3750 train_f2=0.5318 train_mcc=0.1464 train_prauc=0.6074 train_balanced_accuracy=0.5728 train_brier=0.2400 train_kappa=0.1456 train_informedness=0.1456 train_markedness=0.2068 train_gini=0.2196 train_optimal_threshold=0.4921 train_standard_deviation_prediction=0.0822 train_percentage_above_threshold=44.79
[LN439    ] [chunk_18_phase_4_ensemble.py] [info] [section 1] [CNN] [label_threshold_optimal] VALIDATION_PRECISION=0.5287 VALIDATION_TRUE_POSITIVES=12445 VALIDATION_TRUE_NEGATIVES=13385 validation_false_positives=11095 validation_false_negatives=16329 validation_max_prediction=0.8371 validation_mean_prediction=0.4917 validation_recall=0.4325 validation_f1=0.4758 validation_auc=0.4858 validation_specificity=0.5468 validation_false_positive_rate=0.4532 validation_f2=0.4488 validation_mcc=-0.0208 validation_prauc=0.5525 validation_balanced_accuracy=0.4896 validation_brier=0.2600 validation_kappa=-0.0204 validation_informedness=-0.0207 validation_markedness=0.0754 validation_gini=0.0000 validation_optimal_threshold=0.6208 validation_standard_deviation_prediction=0.0921 validation_percentage_above_threshold=44.20
[LN440    ] [chunk_18_phase_4_ensemble.py] [info] [section 1] [CNN] [label_threshold_optimal] prediction_binary_split=0.50
[LN441    ] [chunk_21_hyperparam_optimizer.py] [info] [section 2] [CNN] [hyperparameter_optimization search] Running Bayesian optimization (5 trials)...
[LN442    ] [chunk_21_hyperparam_optimizer.py] [info] [section 2] [CNN] [hyperparameter_optimization search baseline] LABEL_THRESHOLD=0.0
[LN443    ] [chunk_21_hyperparam_optimizer.py] [info] [section 2] [CNN] [hyperparameter_optimization search baseline] VALIDATION_PRECISION=0.0000 VALIDATION_TRUE_POSITIVES=0 VALIDATION_TRUE_NEGATIVES=24480 validation_false_positives=0 validation_false_negatives=28774 validation_max_prediction=0.4986 validation_mean_prediction=0.4986 validation_recall=0.0000 validation_f1=0.0000 validation_auc=0.5000 validation_specificity=1.0000 validation_false_positive_rate=0.0000 validation_f2=0.0000 validation_mcc=0.0000 validation_prauc=0.5403 validation_balanced_accuracy=0.5000 validation_brier=0.2501 validation_kappa=0.0000 validation_informedness=0.0000 validation_markedness=1.0000 validation_gini=0.0000 validation_optimal_threshold=inf validation_standard_deviation_prediction=0.0000 validation_percentage_above_threshold=0.00
[LN444    ] [chunk_21_hyperparam_optimizer.py] [info] [section 2] [CNN] [hyperparameter_optimization search baseline] TRIAL 1/5: loss_function=binary_crossentropy, filters=512, kernel_size=7, dropout=0.1, learning_rate=0.005, epochs=100, alpha=0.5, gamma=2.5, layers=3, pooling=avg
[LN445    ] [chunk_21_hyperparam_optimizer.py] [info] [section 2] [CNN] [hyperparameter_optimization search baseline] LABEL_THRESHOLD=0.0
[LN446    ] [chunk_21_hyperparam_optimizer.py] [info] [section 2] [CNN] [hyperparameter_optimization search baseline] VALIDATION_PRECISION=0.5403 VALIDATION_TRUE_POSITIVES=28774 VALIDATION_TRUE_NEGATIVES=0 validation_false_positives=24480 validation_false_negatives=0 validation_max_prediction=0.5033 validation_mean_prediction=0.5033 validation_recall=1.0000 validation_f1=0.7016 validation_auc=0.5000 validation_specificity=0.0000 validation_false_positive_rate=1.0000 validation_f2=0.8546 validation_mcc=0.0000 validation_prauc=0.5403 validation_balanced_accuracy=0.5000 validation_brier=0.2497 validation_kappa=0.0000 validation_informedness=0.0000 validation_markedness=-0.4597 validation_gini=0.0000 validation_optimal_threshold=inf validation_standard_deviation_prediction=0.0000 validation_percentage_above_threshold=100.00
[LN447    ] [chunk_21_hyperparam_optimizer.py] [info] [section 2] [CNN] [hyperparameter_optimization search baseline] TRIAL 2/5: loss_function=binary_crossentropy, filters=64, kernel_size=11, dropout=0.2, learning_rate=0.005, epochs=80, alpha=0.5, gamma=3.0, layers=3, pooling=none
[LN448    ] [chunk_21_hyperparam_optimizer.py] [info] [section 2] [CNN] [hyperparameter_optimization search baseline] LABEL_THRESHOLD=0.0
[LN449    ] [chunk_21_hyperparam_optimizer.py] [info] [section 2] [CNN] [hyperparameter_optimization search baseline] VALIDATION_PRECISION=0.5403 VALIDATION_TRUE_POSITIVES=28774 VALIDATION_TRUE_NEGATIVES=0 validation_false_positives=24480 validation_false_negatives=0 validation_max_prediction=0.5035 validation_mean_prediction=0.5035 validation_recall=1.0000 validation_f1=0.7016 validation_auc=0.5000 validation_specificity=0.0000 validation_false_positive_rate=1.0000 validation_f2=0.8546 validation_mcc=0.0000 validation_prauc=0.5403 validation_balanced_accuracy=0.5000 validation_brier=0.2497 validation_kappa=0.0000 validation_informedness=0.0000 validation_markedness=-0.4597 validation_gini=0.0000 validation_optimal_threshold=0.5035 validation_standard_deviation_prediction=0.0000 validation_percentage_above_threshold=100.00
[LN450    ] [chunk_21_hyperparam_optimizer.py] [info] [section 2] [CNN] [hyperparameter_optimization search baseline] TRIAL 3/5: loss_function=focal_loss, filters=128, kernel_size=3, dropout=0.05, learning_rate=0.01, epochs=50, alpha=0.25, gamma=2.0, layers=2, pooling=max
[LN451    ] [chunk_21_hyperparam_optimizer.py] [info] [section 2] [CNN] [hyperparameter_optimization search baseline] LABEL_THRESHOLD=0.0
[LN452    ] [chunk_21_hyperparam_optimizer.py] [info] [section 2] [CNN] [hyperparameter_optimization search baseline] VALIDATION_PRECISION=0.5330 VALIDATION_TRUE_POSITIVES=10910 VALIDATION_TRUE_NEGATIVES=14922 validation_false_positives=9558 validation_false_negatives=17864 validation_max_prediction=0.7902 validation_mean_prediction=0.4863 validation_recall=0.3792 validation_f1=0.4431 validation_auc=0.4834 validation_specificity=0.6096 validation_false_positive_rate=0.3904 validation_f2=0.4024 validation_mcc=-0.0116 validation_prauc=0.5523 validation_balanced_accuracy=0.4944 validation_brier=0.2545 validation_kappa=-0.0110 validation_informedness=-0.0113 validation_markedness=0.1426 validation_gini=0.0000 validation_optimal_threshold=0.5506 validation_standard_deviation_prediction=0.0529 validation_percentage_above_threshold=38.43
[LN453    ] [chunk_21_hyperparam_optimizer.py] [info] [section 2] [CNN] [hyperparameter_optimization search baseline] TRIAL 4/5: loss_function=focal_loss, filters=512, kernel_size=5, dropout=0.0, learning_rate=0.0005, epochs=100, alpha=0.5, gamma=2.0, layers=2, pooling=avg
[LN454    ] [chunk_21_hyperparam_optimizer.py] [info] [section 2] [CNN] [hyperparameter_optimization search baseline] LABEL_THRESHOLD=0.0
[LN455    ] [chunk_21_hyperparam_optimizer.py] [info] [section 2] [CNN] [hyperparameter_optimization search baseline] VALIDATION_PRECISION=0.5403 VALIDATION_TRUE_POSITIVES=28774 VALIDATION_TRUE_NEGATIVES=0 validation_false_positives=24480 validation_false_negatives=0 validation_max_prediction=0.5083 validation_mean_prediction=0.5083 validation_recall=1.0000 validation_f1=0.7016 validation_auc=0.5000 validation_specificity=0.0000 validation_false_positive_rate=1.0000 validation_f2=0.8546 validation_mcc=0.0000 validation_prauc=0.5403 validation_balanced_accuracy=0.5000 validation_brier=0.2494 validation_kappa=0.0000 validation_informedness=0.0000 validation_markedness=-0.4597 validation_gini=0.0000 validation_optimal_threshold=inf validation_standard_deviation_prediction=0.0000 validation_percentage_above_threshold=100.00
[LN456    ] [chunk_21_hyperparam_optimizer.py] [info] [section 2] [CNN] [hyperparameter_optimization search baseline] TRIAL 5/5: loss_function=focal_loss, filters=128, kernel_size=11, dropout=0.0, learning_rate=0.005, epochs=100, alpha=0.75, gamma=2.5, layers=2, pooling=max
[LN457    ] [chunk_21_hyperparam_optimizer.py] [info] [section 2] [CNN] [best trial] LABEL_THRESHOLD=0.0
[LN458    ] [chunk_21_hyperparam_optimizer.py] [info] [section 2] [CNN] [best trial] VALIDATION_PRECISION=0.5330 VALIDATION_TRUE_POSITIVES=10910 VALIDATION_TRUE_NEGATIVES=14922 validation_false_positives=9558 validation_false_negatives=17864 validation_max_prediction=0.7902 validation_mean_prediction=0.4863 validation_recall=0.3792 validation_f1=0.4431 validation_auc=0.4834 validation_specificity=0.6096 validation_false_positive_rate=0.3904 validation_f2=0.4024 validation_mcc=-0.0116 validation_prauc=0.5523 validation_balanced_accuracy=0.4944 validation_brier=0.2545 validation_kappa=-0.0110 validation_informedness=-0.0113 validation_markedness=0.1426 validation_gini=0.0000 validation_optimal_threshold=0.5506 validation_standard_deviation_prediction=0.0529 validation_percentage_above_threshold=38.43
[LN459    ] [chunk_21_hyperparam_optimizer.py] [info] [section 2] [CNN] [best trial] loss_function=focal_loss, filters=512, kernel_size=5, dropout=0.0, learning_rate=0.0005, epochs=100, alpha=0.5, gamma=2.0, layers=2, pooling=avg
[LN460    ] [chunk_18_phase_4_ensemble.py] [info]    [diagnostic-hyperparameter_optimization]  percentiles: p1=0.3854, p5=0.4056, p10=0.4200, p25=0.4503, p50=0.4851, p75=0.5171, p90=0.5474, p95=0.5761, p99=0.6322, max=0.7902 | histogram: bins[2, 13, 22, 116, 1656, 4769, 7170, 9910, 10720, 9809, 4837, 1859, 1227, 637, 232, 85, 49, 11, 28, 102]
[LN461    ] [chunk_18_phase_4_ensemble.py] [info]    hyperparameter_optimization improved: 0.5330 > 0.5287
[LN462    ] [chunk_18_phase_4_ensemble.py] [info] [section 3] [CNN] [HYPERPARAMETER_OPTIMIZATION] LABEL_THRESHOLD=0.0,
[LN463    ] [chunk_18_phase_4_ensemble.py] [info] [section 3] [CNN] [HYPERPARAMETER_OPTIMIZATION] VALIDATION_PRECISION=0.5330 VALIDATION_TRUE_POSITIVES=10910 VALIDATION_TRUE_NEGATIVES=14922 validation_false_positives=9558 validation_false_negatives=17864 validation_max_prediction=0.7902 validation_mean_prediction=0.4863 validation_recall=0.3792 validation_f1=0.4431 validation_auc=0.4834 validation_specificity=0.6096 validation_false_positive_rate=0.3904 validation_f2=0.4024 validation_mcc=-0.0116 validation_prauc=0.5523 validation_balanced_accuracy=0.4944 validation_brier=0.2545 validation_kappa=-0.0110 validation_informedness=-0.0113 validation_markedness=0.1426 validation_gini=0.0000 validation_optimal_threshold=0.5506 validation_standard_deviation_prediction=0.0529 validation_percentage_above_threshold=38.43
[LN464    ] [chunk_18_phase_4_ensemble.py] [info] [section 3] [CNN] [HYPERPARAMETER_OPTIMIZATION] prediction_binary_split=0.50 hyperparams=(loss=focal_loss lr=0.0005 dropout=0.0 alpha=0.5 gamma=2.0 latent_dim=0) improved=True {'loss_function': 'focal_loss', 'filters': 512, 'kernel_size': 5, 'dropout': 0.0, 'learning_rate': 0.0005, 'epochs': 100, 'alpha': 0.5, 'gamma': 2.0, 'layers': 2, 'pooling': 'avg'}
[LN465    ] [chunk_18_phase_4_ensemble.py] [info]    Running post hyperparameter_optimization threshold search for CNN...
[LN466    ] [chunk_12_evaluation_evaluator.py] [info] [CNN] LABEL_THRESHOLD=20.0 | Train: below prediction_binary_split=118,621,above prediction_binary_split=689 [ok] | Validation: below prediction_binary_split=52,918,above prediction_binary_split=336 [ok]
[LN467    ] [chunk_12_evaluation_evaluator.py] [info] [CNN] [reject] skipping LABEL_THRESHOLD=20.0: validation_precision=0.0108 <= baseline+0.0200=0.0263
[LN468    ] [chunk_12_evaluation_evaluator.py] [info] [CNN] LABEL_THRESHOLD=10.0 | Train: below prediction_binary_split=116,756,above prediction_binary_split=2,554 [ok] | Validation: below prediction_binary_split=52,057,above prediction_binary_split=1,197 [ok]
[LN469    ] [chunk_12_evaluation_evaluator.py] [info] [CNN] [reject] skipping LABEL_THRESHOLD=10.0: validation_precision=0.0236 <= baseline+0.0200=0.0425
[LN470    ] [chunk_12_evaluation_evaluator.py] [info] [CNN] LABEL_THRESHOLD=0.0 | Train: below prediction_binary_split=59,589,above prediction_binary_split=59,721 [ok] | Validation: below prediction_binary_split=24,480,above prediction_binary_split=28,774 [ok]
[LN471    ] [chunk_12_evaluation_evaluator.py] [info] [CNN] [diagnostic] LABEL_THRESHOLD=0.0 train_precision=0.5575 train_true_positives=29998 train_true_negatives=35776 train_false_positives=23813 train_false_negatives=29723 train_max_prediction=0.8671 train_mean_prediction=0.4821 train_recall=0.5023 train_f1=0.5285 train_auc=0.5749 train_specificity=0.6004 train_false_positive_rate=0.3996 train_f2=0.5124 train_mcc=0.1032 train_prauc=0.5747 train_balanced_accuracy=0.5513 train_brier=0.2456 train_kappa=0.1027 train_informedness=0.1027 train_markedness=0.1578 train_gini=0.1499 train_optimal_threshold=0.4931 train_standard_deviation_prediction=0.0860 train_percentage_above_threshold=45.10
[LN472    ] [chunk_12_evaluation_evaluator.py] [info] [CNN] [diagnostic] LABEL_THRESHOLD=0.0 VALIDATION_PRECISION=0.5330 VALIDATION_TRUE_POSITIVES=10910 VALIDATION_TRUE_NEGATIVES=14922 validation_false_positives=9558 validation_false_negatives=17864 validation_max_prediction=0.7902 validation_mean_prediction=0.4863 validation_recall=0.3792 validation_f1=0.4431 validation_auc=0.4834 validation_specificity=0.6096 validation_false_positive_rate=0.3904 validation_f2=0.4024 validation_mcc=-0.0116 validation_prauc=0.5523 validation_balanced_accuracy=0.4944 validation_brier=0.2545 validation_kappa=-0.0110 validation_informedness=-0.0113 validation_markedness=0.1426 validation_gini=0.0000 validation_optimal_threshold=0.5506 validation_standard_deviation_prediction=0.0529 validation_percentage_above_threshold=38.43
[LN473    ] [chunk_18_phase_4_ensemble.py] [info]    hyperparameter_optimization model threshold search: LABEL_THRESHOLD=0.0, VALIDATION_PRECISION=0.5330
[LN474    ] [chunk_18_phase_4_ensemble.py] [info]    post hyperparameter_optimization threshold search: LABEL_THRESHOLD=0.0, VALIDATION_PRECISION=0.5330
[LN475    ] [chunk_18_phase_4_ensemble.py] [info]    post hyperparameter_optimization no improvement: keeping LABEL_THRESHOLD=0.0
[LN476    ] [chunk_18_phase_4_ensemble.py] [info] [section 4] [CNN] [post hyperparameter_optimization] [diagnostic]  percentiles: p1=0.3854, p5=0.4056, p10=0.4200, p25=0.4503, p50=0.4851, p75=0.5171, p90=0.5474, p95=0.5761, p99=0.6322, max=0.7902 | histogram: bins[2, 13, 22, 116, 1656, 4769, 7170, 9910, 10720, 9809, 4837, 1859, 1227, 637, 232, 85, 49, 11, 28, 102]
[LN477    ] [chunk_18_phase_4_ensemble.py] [info] [section 4] [CNN] [post hyperparameter_optimization] LABEL_THRESHOLD=0.0,
[LN478    ] [chunk_18_phase_4_ensemble.py] [info] [section 4] [CNN] [post hyperparameter_optimization] VALIDATION_PRECISION=0.5330 VALIDATION_TRUE_POSITIVES=10910 VALIDATION_TRUE_NEGATIVES=14922 validation_false_positives=9558 validation_false_negatives=17864 validation_max_prediction=0.7902 validation_mean_prediction=0.4863 validation_recall=0.3792 validation_f1=0.4431 validation_auc=0.4834 validation_specificity=0.6096 validation_false_positive_rate=0.3904 validation_f2=0.4024 validation_mcc=-0.0116 validation_prauc=0.5523 validation_balanced_accuracy=0.4944 validation_brier=0.2545 validation_kappa=-0.0110 validation_informedness=-0.0113 validation_markedness=0.1426 validation_gini=0.0000 validation_optimal_threshold=0.5506 validation_standard_deviation_prediction=0.0529 validation_percentage_above_threshold=38.43
[LN479    ] [chunk_18_phase_4_ensemble.py] [info] [section 4] [CNN] [post hyperparameter_optimization] prediction_binary_split=0.50 hyperparams=(loss=focal_loss lr=0.0005 dropout=0.0 alpha=0.5 gamma=2.0 latent_dim=64) source=section3
[LN480    ] [chunk_18_phase_4_ensemble.py] [info]    Using Hyperparameter_Optimized model directly (no change to Label_Threshold)
[LN481    ] [chunk_18_phase_4_ensemble.py] [info]    Train predictions: mean=0.4821, std=0.0860, min=0.1021, max=0.8671
[LN482    ] [chunk_18_phase_4_ensemble.py] [info]    validation predictions:   mean=0.4863, std=0.0529, min=0.2694, max=0.7902
[LN483    ] [chunk_18_phase_4_ensemble.py] [info] [section 5] [CNN] [final] [diagnostic] Train  percentiles: p1=0.1932, p5=0.3154, p10=0.3862, p25=0.4487, p50=0.4928, p75=0.5280, p90=0.5604, p95=0.5905, p99=0.7098, max=0.8671 | histogram: bins[181, 706, 924, 1272, 1703, 2260, 3148, 5325, 13065, 24690, 32043, 22284, 6609, 2338, 1033, 599, 431, 401, 78, 220]
[LN484    ] [chunk_18_phase_4_ensemble.py] [info] [section 5] [CNN] [final] [diagnostic] validation    percentiles: p1=0.3854, p5=0.4056, p10=0.4200, p25=0.4503, p50=0.4851, p75=0.5171, p90=0.5474, p95=0.5761, p99=0.6322, max=0.7902 | histogram: bins[2, 13, 22, 116, 1656, 4769, 7170, 9910, 10720, 9809, 4837, 1859, 1227, 637, 232, 85, 49, 11, 28, 102]
[LN485    ] [chunk_18_phase_4_ensemble.py] [info]    Train predictions: 45.10% positive predictions (53,811 / 119,310)
[LN486    ] [chunk_18_phase_4_ensemble.py] [info]    validation predictions:   38.43% positive predictions (20,468 / 53,254)
[LN487    ] [chunk_18_phase_4_ensemble.py] [info]    [info] Section 4 all rejected - using Section 3 results for Section 5
[LN488    ] [chunk_18_phase_4_ensemble.py] [info]    [diagnostic] prediction_buckets: 0-10:0, 10-20:3, 20-30:1854, 30-40:30929, 40-50:19000, 50-60:1307, 60-70:161, 70-80:0, 80-90:0, 90-100:0
[LN489    ] [chunk_18_phase_4_ensemble.py] [info] [section 5] [CNN] [final] LABEL_THRESHOLD=0.0,
[LN490    ] [chunk_18_phase_4_ensemble.py] [info] [section 5] [CNN] [final] train_precision=0.5575 train_true_positives=29998 train_true_negatives=35776 train_false_positives=23813 train_false_negatives=29723 train_max_prediction=0.8671 train_mean_prediction=0.4821 train_recall=0.5023 train_f1=0.5285 train_auc=0.5749 train_specificity=0.6004 train_false_positive_rate=0.3996 train_f2=0.5124 train_mcc=0.1032 train_prauc=0.5747 train_balanced_accuracy=0.5513 train_standard_deviation_prediction=0.0860 train_percentage_above_threshold=45.10 train_brier=0.2456 train_kappa=0.1027 train_informedness=0.1027 train_markedness=0.1578 train_gini=0.1499 train_optimal_threshold=0.4931
[LN491    ] [chunk_18_phase_4_ensemble.py] [info] [section 5] [CNN] [final] VALIDATION_PRECISION=0.5330 VALIDATION_TRUE_POSITIVES=10910 VALIDATION_TRUE_NEGATIVES=14922 validation_false_positives=9558 validation_false_negatives=17864 validation_max_prediction=0.7902 validation_mean_prediction=0.4863 validation_recall=0.3792 validation_f1=0.4431 validation_auc=0.4834 validation_specificity=0.6096 validation_false_positive_rate=0.3904 validation_f2=0.4024 validation_mcc=-0.0116 validation_prauc=0.5523 validation_balanced_accuracy=0.4944 validation_brier=0.2545 validation_kappa=-0.0110 validation_informedness=-0.0113 validation_markedness=0.1426 validation_gini=0.0000 validation_optimal_threshold=0.5506 validation_standard_deviation_prediction=0.0529 validation_percentage_above_threshold=38.43
[LN492    ] [chunk_18_phase_4_ensemble.py] [info] [section 5] [CNN] [final] prediction_binary_split=0.50 hyperparams=(loss=focal_loss lr=0.0005 dropout=0.0 alpha=0.5 gamma=2.0 latent_dim=64) (using HPO model directly)
[LN493    ] [chunk_18_phase_4_ensemble.py] [info]    [CNN] loss: focal_loss | pred_threshold: 0.5 | epochs: 100
[LN494    ] [chunk_18_phase_4_ensemble.py] [info]    [CNN] hyperparameter_optimization: filters=512, kernel_size=5, dropout=0.0, learning_rate=0.0005, alpha=0.5, gamma=2.0, layers=2
[LN495    ] [chunk_18_phase_4_ensemble.py] [info]    CNN training time: 2187.2s
[LN496    ] [chunk_18_phase_4_ensemble.py] [info] [pass] CNN trained successfully
[LN497    ] [chunk_18_phase_4_ensemble.py] [info] [section 1] [RNN] [baseline] LABEL_THRESHOLD=20.0,
[LN498    ] [chunk_18_phase_4_ensemble.py] [info] [section 1] [RNN] [baseline] predictions: mean=0.0377, std=0.0400, min=0.0012, max=0.2134
[LN499    ] [chunk_18_phase_4_ensemble.py] [info] [section 1] [RNN] [baseline]  percentiles: p1=0.0015, p5=0.0017, p10=0.0021, p25=0.0058, p50=0.0222, p75=0.0568, p90=0.1041, p95=0.1236, p99=0.1501, max=0.2134 | histogram: bins[19481, 7264, 5334, 4152, 3098, 2296, 1805, 1790, 1575, 1582, 1506, 1349, 945, 532, 250, 122, 73, 55, 37, 8]
[LN500    ] [chunk_18_phase_4_ensemble.py] [info] [section 1] [RNN] [baseline] prediction_binary_split=0.50, VALIDATION predictions at LABEL_THRESHOLD=20.0: 0.00%
[LN501    ] [chunk_18_phase_4_ensemble.py] [warning] [section 1] [RNN] [baseline] [warning] No predictions >= 0.5!
[LN502    ] [chunk_18_phase_4_ensemble.py] [info] [section 1] [RNN] [baseline] LABEL_THRESHOLD=20.0,
[LN503    ] [chunk_18_phase_4_ensemble.py] [info] [section 1] [RNN] [baseline] VALIDATION_PRECISION=0.0000 VALIDATION_TRUE_POSITIVES=0 VALIDATION_TRUE_NEGATIVES=52918 validation_false_positives=0 validation_false_negatives=336 validation_max_prediction=0.2134 validation_mean_prediction=0.0377 validation_recall=0.0000 validation_f1=0.0000 validation_auc=0.8695 validation_specificity=1.0000 validation_false_positive_rate=0.0000 validation_f2=0.0000 validation_mcc=0.0000 validation_prauc=0.0423 validation_balanced_accuracy=0.5000 validation_brier=0.0080 validation_kappa=0.0000 validation_informedness=0.0000 validation_markedness=1.0000 validation_gini=0.7390 validation_optimal_threshold=0.0570 validation_standard_deviation_prediction=0.0400 validation_percentage_above_threshold=0.00
[LN504    ] [chunk_18_phase_4_ensemble.py] [info] [section 1] [RNN] [baseline] prediction_binary_split=0.50 loss=binary_crossentropy, lr=0.001
[LN505    ] [chunk_12_evaluation_evaluator.py] [info] [RNN] LABEL_THRESHOLD=20.0 | Train: below prediction_binary_split=118,621,above prediction_binary_split=689 [ok] | Validation: below prediction_binary_split=52,918,above prediction_binary_split=336 [ok]
[LN506    ] [chunk_12_evaluation_evaluator.py] [info] [reject] Skipping threshold 20.0: only 0 positive VALIDATION predictions (min=5)
[LN507    ] [chunk_12_evaluation_evaluator.py] [info] [RNN] LABEL_THRESHOLD=10.0 | Train: below prediction_binary_split=116,756,above prediction_binary_split=2,554 [ok] | Validation: below prediction_binary_split=52,057,above prediction_binary_split=1,197 [ok]
[LN508    ] [chunk_12_evaluation_evaluator.py] [info] [reject] Skipping threshold 10.0: only 0 positive VALIDATION predictions (min=5)
[LN509    ] [chunk_12_evaluation_evaluator.py] [info] [RNN] LABEL_THRESHOLD=0.0 | Train: below prediction_binary_split=59,589,above prediction_binary_split=59,721 [ok] | Validation: below prediction_binary_split=24,480,above prediction_binary_split=28,774 [ok]
[LN510    ] [chunk_12_evaluation_evaluator.py] [info] [RNN] [diagnostic] LABEL_THRESHOLD=0.0 train_precision=0.5363 train_true_positives=37397 train_true_negatives=27261 train_false_positives=32328 train_false_negatives=22324 train_max_prediction=0.6222 train_mean_prediction=0.5015 train_recall=0.6262 train_f1=0.5778 train_auc=0.5601 train_specificity=0.4575 train_false_positive_rate=0.5425 train_f2=0.6059 train_mcc=0.0849 train_prauc=0.5489 train_balanced_accuracy=0.5418 train_brier=0.2469 train_kappa=0.0837 train_informedness=0.0837 train_markedness=-0.0062 train_gini=0.1203 train_optimal_threshold=0.4912 train_standard_deviation_prediction=0.0542 train_percentage_above_threshold=58.44
[LN511    ] [chunk_12_evaluation_evaluator.py] [info] [RNN] [diagnostic] LABEL_THRESHOLD=0.0 VALIDATION_PRECISION=0.5218 VALIDATION_TRUE_POSITIVES=13257 VALIDATION_TRUE_NEGATIVES=12331 validation_false_positives=12149 validation_false_negatives=15517 validation_max_prediction=0.6038 validation_mean_prediction=0.4790 validation_recall=0.4607 validation_f1=0.4894 validation_auc=0.4683 validation_specificity=0.5037 validation_false_positive_rate=0.4963 validation_f2=0.4718 validation_mcc=-0.0355 validation_prauc=0.5217 validation_balanced_accuracy=0.4822 validation_brier=0.2606 validation_kappa=-0.0352 validation_informedness=-0.0356 validation_markedness=0.0255 validation_gini=0.0000 validation_optimal_threshold=0.5736 validation_standard_deviation_prediction=0.0647 validation_percentage_above_threshold=47.71
[LN512    ] [chunk_18_phase_4_ensemble.py] [info] [section 1] [RNN] [label_threshold_optimal]  percentiles: p1=0.2988, p5=0.3455, p10=0.3805, p25=0.4425, p50=0.4965, p75=0.5278, p90=0.5467, p95=0.5562, p99=0.5739, max=0.6038 | histogram: bins[15, 125, 370, 641, 821, 1112, 1273, 1674, 1867, 2444, 2878, 3612, 4269, 5308, 6901, 8534, 7130, 3337, 880, 63]
[LN513    ] [chunk_18_phase_4_ensemble.py] [info] [section 1] [RNN] [label_threshold_optimal] LABEL_THRESHOLD=0.0
[LN514    ] [chunk_18_phase_4_ensemble.py] [info] [section 1] [RNN] [label_threshold_optimal] train_precision=0.5363 train_true_positives=37397 train_true_negatives=27261 train_false_positives=32328 train_false_negatives=22324 train_max_prediction=0.6222 train_mean_prediction=0.5015 train_recall=0.6262 train_f1=0.5778 train_auc=0.5601 train_specificity=0.4575 train_false_positive_rate=0.5425 train_f2=0.6059 train_mcc=0.0849 train_prauc=0.5489 train_balanced_accuracy=0.5418 train_brier=0.2469 train_kappa=0.0837 train_informedness=0.0837 train_markedness=-0.0062 train_gini=0.1203 train_optimal_threshold=0.4912 train_standard_deviation_prediction=0.0542 train_percentage_above_threshold=58.44
[LN515    ] [chunk_18_phase_4_ensemble.py] [info] [section 1] [RNN] [label_threshold_optimal] VALIDATION_PRECISION=0.5218 VALIDATION_TRUE_POSITIVES=13257 VALIDATION_TRUE_NEGATIVES=12331 validation_false_positives=12149 validation_false_negatives=15517 validation_max_prediction=0.6038 validation_mean_prediction=0.4790 validation_recall=0.4607 validation_f1=0.4894 validation_auc=0.4683 validation_specificity=0.5037 validation_false_positive_rate=0.4963 validation_f2=0.4718 validation_mcc=-0.0355 validation_prauc=0.5217 validation_balanced_accuracy=0.4822 validation_brier=0.2606 validation_kappa=-0.0352 validation_informedness=-0.0356 validation_markedness=0.0255 validation_gini=0.0000 validation_optimal_threshold=0.5736 validation_standard_deviation_prediction=0.0647 validation_percentage_above_threshold=47.71
[LN516    ] [chunk_18_phase_4_ensemble.py] [info] [section 1] [RNN] [label_threshold_optimal] prediction_binary_split=0.50
[LN517    ] [chunk_21_hyperparam_optimizer.py] [info] [section 2] [RNN] [hyperparameter_optimization search] Running Bayesian optimization (5 trials)...
[LN518    ] [chunk_21_hyperparam_optimizer.py] [info] [section 2] [RNN] [hyperparameter_optimization search baseline] LABEL_THRESHOLD=0.0
[LN519    ] [chunk_21_hyperparam_optimizer.py] [info] [section 2] [RNN] [hyperparameter_optimization search baseline] VALIDATION_PRECISION=0.5245 VALIDATION_TRUE_POSITIVES=14803 VALIDATION_TRUE_NEGATIVES=11062 validation_false_positives=13418 validation_false_negatives=13971 validation_max_prediction=0.5425 validation_mean_prediction=0.4999 validation_recall=0.5145 validation_f1=0.5194 validation_auc=0.4703 validation_specificity=0.4519 validation_false_positive_rate=0.5481 validation_f2=0.5164 validation_mcc=-0.0336 validation_prauc=0.5192 validation_balanced_accuracy=0.4832 validation_brier=0.2512 validation_kappa=-0.0336 validation_informedness=-0.0337 validation_markedness=-0.0236 validation_gini=0.0000 validation_optimal_threshold=0.4461 validation_standard_deviation_prediction=0.0168 validation_percentage_above_threshold=52.99
[LN520    ] [chunk_21_hyperparam_optimizer.py] [info] [section 2] [RNN] [hyperparameter_optimization search baseline] TRIAL 1/5: loss_function=focal_loss, units=256, dropout=0.05, learning_rate=0.002, epochs=30, alpha=1.25, gamma=3.0, layers=1
[LN521    ] [chunk_21_hyperparam_optimizer.py] [info] [section 2] [RNN] [hyperparameter_optimization search baseline] LABEL_THRESHOLD=0.0
[LN522    ] [chunk_21_hyperparam_optimizer.py] [info] [section 2] [RNN] [hyperparameter_optimization search baseline] VALIDATION_PRECISION=0.5035 VALIDATION_TRUE_POSITIVES=10510 VALIDATION_TRUE_NEGATIVES=14116 validation_false_positives=10364 validation_false_negatives=18264 validation_max_prediction=0.5740 validation_mean_prediction=0.4845 validation_recall=0.3653 validation_f1=0.4234 validation_auc=0.4579 validation_specificity=0.5766 validation_false_positive_rate=0.4234 validation_f2=0.3865 validation_mcc=-0.0593 validation_prauc=0.5108 validation_balanced_accuracy=0.4709 validation_brier=0.2559 validation_kappa=-0.0567 validation_informedness=-0.0581 validation_markedness=0.0801 validation_gini=0.0000 validation_optimal_threshold=0.3428 validation_standard_deviation_prediction=0.0382 validation_percentage_above_threshold=39.20
[LN523    ] [chunk_21_hyperparam_optimizer.py] [info] [section 2] [RNN] [hyperparameter_optimization search baseline] TRIAL 2/5: loss_function=binary_crossentropy, units=128, dropout=0.05, learning_rate=0.002, epochs=50, alpha=0.5, gamma=2.5, layers=2
[LN524    ] [chunk_21_hyperparam_optimizer.py] [info] [section 2] [RNN] [hyperparameter_optimization search baseline] LABEL_THRESHOLD=0.0
[LN525    ] [chunk_21_hyperparam_optimizer.py] [info] [section 2] [RNN] [hyperparameter_optimization search baseline] VALIDATION_PRECISION=0.5165 VALIDATION_TRUE_POSITIVES=16312 VALIDATION_TRUE_NEGATIVES=9213 validation_false_positives=15267 validation_false_negatives=12462 validation_max_prediction=0.5589 validation_mean_prediction=0.5049 validation_recall=0.5669 validation_f1=0.5406 validation_auc=0.4628 validation_specificity=0.3763 validation_false_positive_rate=0.6237 validation_f2=0.5561 validation_mcc=-0.0576 validation_prauc=0.5165 validation_balanced_accuracy=0.4716 validation_brier=0.2518 validation_kappa=-0.0572 validation_informedness=-0.0568 validation_markedness=-0.1071 validation_gini=0.0000 validation_optimal_threshold=0.4177 validation_standard_deviation_prediction=0.0244 validation_percentage_above_threshold=59.30
[LN526    ] [chunk_21_hyperparam_optimizer.py] [info] [section 2] [RNN] [hyperparameter_optimization search baseline] TRIAL 3/5: loss_function=focal_loss, units=128, dropout=0.1, learning_rate=0.001, epochs=50, alpha=1.25, gamma=2.5, layers=1
[LN527    ] [chunk_21_hyperparam_optimizer.py] [info] [section 2] [RNN] [hyperparameter_optimization search baseline] LABEL_THRESHOLD=0.0
[LN528    ] [chunk_21_hyperparam_optimizer.py] [info] [section 2] [RNN] [hyperparameter_optimization search baseline] VALIDATION_PRECISION=0.5025 VALIDATION_TRUE_POSITIVES=6731 VALIDATION_TRUE_NEGATIVES=17816 validation_false_positives=6664 validation_false_negatives=22043 validation_max_prediction=0.5568 validation_mean_prediction=0.4882 validation_recall=0.2339 validation_f1=0.3192 validation_auc=0.4719 validation_specificity=0.7278 validation_false_positive_rate=0.2722 validation_f2=0.2619 validation_mcc=-0.0440 validation_prauc=0.5177 validation_balanced_accuracy=0.4809 validation_brier=0.2526 validation_kappa=-0.0366 validation_informedness=-0.0383 validation_markedness=0.2303 validation_gini=0.0000 validation_optimal_threshold=0.4424 validation_standard_deviation_prediction=0.0216 validation_percentage_above_threshold=25.15
[LN529    ] [chunk_21_hyperparam_optimizer.py] [info] [section 2] [RNN] [hyperparameter_optimization search baseline] TRIAL 4/5: loss_function=focal_loss, units=128, dropout=0.1, learning_rate=0.001, epochs=30, alpha=1.0, gamma=3.0, layers=1
[LN530    ] [chunk_21_hyperparam_optimizer.py] [info] [section 2] [RNN] [hyperparameter_optimization search baseline] LABEL_THRESHOLD=0.0
[LN531    ] [chunk_21_hyperparam_optimizer.py] [info] [section 2] [RNN] [hyperparameter_optimization search baseline] VALIDATION_PRECISION=0.5385 VALIDATION_TRUE_POSITIVES=16925 VALIDATION_TRUE_NEGATIVES=9978 validation_false_positives=14502 validation_false_negatives=11849 validation_max_prediction=0.5208 validation_mean_prediction=0.5022 validation_recall=0.5882 validation_f1=0.5623 validation_auc=0.4894 validation_specificity=0.4076 validation_false_positive_rate=0.5924 validation_f2=0.5776 validation_mcc=-0.0043 validation_prauc=0.5305 validation_balanced_accuracy=0.4979 validation_brier=0.2500 validation_kappa=-0.0042 validation_informedness=-0.0042 validation_markedness=-0.0539 validation_gini=0.0000 validation_optimal_threshold=0.5161 validation_standard_deviation_prediction=0.0051 validation_percentage_above_threshold=59.01
[LN532    ] [chunk_21_hyperparam_optimizer.py] [info] [section 2] [RNN] [hyperparameter_optimization search baseline] TRIAL 5/5: loss_function=focal_loss, units=256, dropout=0.05, learning_rate=0.005, epochs=20, alpha=0.25, gamma=2.0, layers=2
[LN533    ] [chunk_21_hyperparam_optimizer.py] [info] [section 2] [RNN] [best trial] LABEL_THRESHOLD=0.0
[LN534    ] [chunk_21_hyperparam_optimizer.py] [info] [section 2] [RNN] [best trial] VALIDATION_PRECISION=0.5035 VALIDATION_TRUE_POSITIVES=10510 VALIDATION_TRUE_NEGATIVES=14116 validation_false_positives=10364 validation_false_negatives=18264 validation_max_prediction=0.5740 validation_mean_prediction=0.4845 validation_recall=0.3653 validation_f1=0.4234 validation_auc=0.4579 validation_specificity=0.5766 validation_false_positive_rate=0.4234 validation_f2=0.3865 validation_mcc=-0.0593 validation_prauc=0.5108 validation_balanced_accuracy=0.4709 validation_brier=0.2559 validation_kappa=-0.0567 validation_informedness=-0.0581 validation_markedness=0.0801 validation_gini=0.0000 validation_optimal_threshold=0.3428 validation_standard_deviation_prediction=0.0382 validation_percentage_above_threshold=39.20
[LN535    ] [chunk_21_hyperparam_optimizer.py] [info] [section 2] [RNN] [best trial] loss_function=binary_crossentropy, units=128, dropout=0.05, learning_rate=0.002, epochs=50, alpha=0.5, gamma=2.5, layers=2
[LN536    ] [chunk_18_phase_4_ensemble.py] [info]    [diagnostic-hyperparameter_optimization]  percentiles: p1=0.3814, p5=0.4098, p10=0.4280, p25=0.4624, p50=0.4920, p75=0.5108, p90=0.5285, p95=0.5367, p99=0.5487, max=0.5740 | histogram: bins[15, 60, 164, 368, 688, 1047, 1487, 1990, 2440, 2877, 3295, 4320, 6791, 8564, 7856, 5101, 3909, 1872, 384, 26]
[LN537    ] [chunk_18_phase_4_ensemble.py] [info]    hyperparameter_optimization did NOT improve: 0.5035 <= 0.5218 - using pre hyperparameter_optimization model
[LN538    ] [chunk_18_phase_4_ensemble.py] [info] [section 3] [RNN] [PRE-HYPERPARAMETER_OPTIMIZATION] LABEL_THRESHOLD=0.0,
[LN539    ] [chunk_18_phase_4_ensemble.py] [info] [section 3] [RNN] [PRE-HYPERPARAMETER_OPTIMIZATION] VALIDATION_PRECISION=0.5218 VALIDATION_TRUE_POSITIVES=13257 VALIDATION_TRUE_NEGATIVES=12331 validation_false_positives=12149 validation_false_negatives=15517 validation_max_prediction=0.6038 validation_mean_prediction=0.4790 validation_recall=0.4607 validation_f1=0.4894 validation_auc=0.4683 validation_specificity=0.5037 validation_false_positive_rate=0.4963 validation_f2=0.4718 validation_mcc=-0.0355 validation_prauc=0.5217 validation_balanced_accuracy=0.4822 validation_brier=0.2606 validation_kappa=-0.0352 validation_informedness=-0.0356 validation_markedness=0.0255 validation_gini=0.0000 validation_optimal_threshold=0.5736 validation_standard_deviation_prediction=0.0647 validation_percentage_above_threshold=47.71
[LN540    ] [chunk_18_phase_4_ensemble.py] [info] [section 3] [RNN] [PRE-HYPERPARAMETER_OPTIMIZATION] prediction_binary_split=0.50 hyperparams=(loss=binary_crossentropy lr=0.002 dropout=0.05 alpha=0.5 gamma=2.5 latent_dim=0) improved=False {'loss_function': 'binary_crossentropy', 'units': 128, 'dropout': 0.05, 'learning_rate': 0.002, 'epochs': 50, 'alpha': 0.5, 'gamma': 2.5, 'layers': 2}
[LN541    ] [chunk_18_phase_4_ensemble.py] [info]    Running post hyperparameter_optimization threshold search for RNN...
[LN542    ] [chunk_12_evaluation_evaluator.py] [info] [RNN] LABEL_THRESHOLD=20.0 | Train: below prediction_binary_split=118,621,above prediction_binary_split=689 [ok] | Validation: below prediction_binary_split=52,918,above prediction_binary_split=336 [ok]
[LN543    ] [chunk_12_evaluation_evaluator.py] [info] [RNN] [reject] skipping LABEL_THRESHOLD=20.0: validation_precision=0.0232 <= baseline+0.0200=0.0263
[LN544    ] [chunk_12_evaluation_evaluator.py] [info] [RNN] LABEL_THRESHOLD=10.0 | Train: below prediction_binary_split=116,756,above prediction_binary_split=2,554 [ok] | Validation: below prediction_binary_split=52,057,above prediction_binary_split=1,197 [ok]
[LN545    ] [chunk_12_evaluation_evaluator.py] [info] [RNN] [reject] skipping LABEL_THRESHOLD=10.0: pos_pred_ratio=62.23% outside [0%, 60%]
[LN546    ] [chunk_12_evaluation_evaluator.py] [info] [RNN] LABEL_THRESHOLD=0.0 | Train: below prediction_binary_split=59,589,above prediction_binary_split=59,721 [ok] | Validation: below prediction_binary_split=24,480,above prediction_binary_split=28,774 [ok]
[LN547    ] [chunk_12_evaluation_evaluator.py] [info] [RNN] [diagnostic] LABEL_THRESHOLD=0.0 train_precision=0.5363 train_true_positives=37397 train_true_negatives=27261 train_false_positives=32328 train_false_negatives=22324 train_max_prediction=0.6222 train_mean_prediction=0.5015 train_recall=0.6262 train_f1=0.5778 train_auc=0.5601 train_specificity=0.4575 train_false_positive_rate=0.5425 train_f2=0.6059 train_mcc=0.0849 train_prauc=0.5489 train_balanced_accuracy=0.5418 train_brier=0.2469 train_kappa=0.0837 train_informedness=0.0837 train_markedness=-0.0062 train_gini=0.1203 train_optimal_threshold=0.4912 train_standard_deviation_prediction=0.0542 train_percentage_above_threshold=58.44
[LN548    ] [chunk_12_evaluation_evaluator.py] [info] [RNN] [diagnostic] LABEL_THRESHOLD=0.0 VALIDATION_PRECISION=0.5218 VALIDATION_TRUE_POSITIVES=13257 VALIDATION_TRUE_NEGATIVES=12331 validation_false_positives=12149 validation_false_negatives=15517 validation_max_prediction=0.6038 validation_mean_prediction=0.4790 validation_recall=0.4607 validation_f1=0.4894 validation_auc=0.4683 validation_specificity=0.5037 validation_false_positive_rate=0.4963 validation_f2=0.4718 validation_mcc=-0.0355 validation_prauc=0.5217 validation_balanced_accuracy=0.4822 validation_brier=0.2606 validation_kappa=-0.0352 validation_informedness=-0.0356 validation_markedness=0.0255 validation_gini=0.0000 validation_optimal_threshold=0.5736 validation_standard_deviation_prediction=0.0647 validation_percentage_above_threshold=47.71
[LN549    ] [chunk_18_phase_4_ensemble.py] [info]    hyperparameter_optimization model threshold search: LABEL_THRESHOLD=0.0, VALIDATION_PRECISION=0.5035
[LN550    ] [chunk_18_phase_4_ensemble.py] [info]    post hyperparameter_optimization threshold search: LABEL_THRESHOLD=0.0, VALIDATION_PRECISION=0.5218
[LN551    ] [chunk_18_phase_4_ensemble.py] [info]    post hyperparameter_optimization no improvement: keeping LABEL_THRESHOLD=0.0
[LN552    ] [chunk_18_phase_4_ensemble.py] [info] [section 4] [RNN] [post hyperparameter_optimization] [diagnostic]  percentiles: p1=0.2988, p5=0.3455, p10=0.3805, p25=0.4425, p50=0.4965, p75=0.5278, p90=0.5467, p95=0.5562, p99=0.5739, max=0.6038 | histogram: bins[15, 125, 370, 641, 821, 1112, 1273, 1674, 1867, 2444, 2878, 3612, 4269, 5308, 6901, 8534, 7130, 3337, 880, 63]
[LN553    ] [chunk_18_phase_4_ensemble.py] [info] [section 4] [RNN] [post hyperparameter_optimization] LABEL_THRESHOLD=0.0,
[LN554    ] [chunk_18_phase_4_ensemble.py] [info] [section 4] [RNN] [post hyperparameter_optimization] VALIDATION_PRECISION=0.5218 VALIDATION_TRUE_POSITIVES=13257 VALIDATION_TRUE_NEGATIVES=12331 validation_false_positives=12149 validation_false_negatives=15517 validation_max_prediction=0.6038 validation_mean_prediction=0.4790 validation_recall=0.4607 validation_f1=0.4894 validation_auc=0.4683 validation_specificity=0.5037 validation_false_positive_rate=0.4963 validation_f2=0.4718 validation_mcc=-0.0355 validation_prauc=0.5217 validation_balanced_accuracy=0.4822 validation_brier=0.2606 validation_kappa=-0.0352 validation_informedness=-0.0356 validation_markedness=0.0255 validation_gini=0.0000 validation_optimal_threshold=0.5736 validation_standard_deviation_prediction=0.0647 validation_percentage_above_threshold=47.71
[LN555    ] [chunk_18_phase_4_ensemble.py] [info] [section 4] [RNN] [post hyperparameter_optimization] prediction_binary_split=0.50 hyperparams=(loss=binary_crossentropy lr=0.002 dropout=0.05 alpha=0.5 gamma=2.5 latent_dim=64) source=section3
[LN556    ] [chunk_18_phase_4_ensemble.py] [info]    Using threshold-optimized model (HPO did not improve)
[LN557    ] [chunk_18_phase_4_ensemble.py] [info]    Train predictions: mean=0.5015, std=0.0542, min=0.2523, max=0.6222
[LN558    ] [chunk_18_phase_4_ensemble.py] [info]    validation predictions:   mean=0.4790, std=0.0647, min=0.2441, max=0.6038
[LN559    ] [chunk_18_phase_4_ensemble.py] [info] [section 5] [RNN] [final] [diagnostic] Train  percentiles: p1=0.3445, p5=0.3970, p10=0.4257, p25=0.4717, p50=0.5103, p75=0.5391, p90=0.5663, p95=0.5783, p99=0.5903, max=0.6222 | histogram: bins[4, 26, 125, 337, 713, 1136, 1685, 2440, 3707, 5332, 6666, 9099, 12336, 17080, 20261, 15637, 10987, 8794, 2917, 28]
[LN560    ] [chunk_18_phase_4_ensemble.py] [info] [section 5] [RNN] [final] [diagnostic] validation    percentiles: p1=0.2988, p5=0.3455, p10=0.3805, p25=0.4425, p50=0.4965, p75=0.5278, p90=0.5467, p95=0.5562, p99=0.5739, max=0.6038 | histogram: bins[15, 125, 370, 641, 821, 1112, 1273, 1674, 1867, 2444, 2878, 3612, 4269, 5308, 6901, 8534, 7130, 3337, 880, 63]
[LN561    ] [chunk_18_phase_4_ensemble.py] [info]    Train predictions: 58.44% positive predictions (69,725 / 119,310)
[LN562    ] [chunk_18_phase_4_ensemble.py] [info]    validation predictions:   47.71% positive predictions (25,406 / 53,254)
[LN563    ] [chunk_18_phase_4_ensemble.py] [info]    [info] Section 4 all rejected - using Section 3 results for Section 5
[LN564    ] [chunk_18_phase_4_ensemble.py] [info]    [diagnostic] prediction_buckets: 0-10:0, 10-20:570, 20-30:6701, 30-40:20577, 40-50:25404, 50-60:2, 60-70:0, 70-80:0, 80-90:0, 90-100:0
[LN565    ] [chunk_18_phase_4_ensemble.py] [info] [section 5] [RNN] [final] LABEL_THRESHOLD=0.0,
[LN566    ] [chunk_18_phase_4_ensemble.py] [info] [section 5] [RNN] [final] train_precision=0.5363 train_true_positives=37397 train_true_negatives=27261 train_false_positives=32328 train_false_negatives=22324 train_max_prediction=0.6222 train_mean_prediction=0.5015 train_recall=0.6262 train_f1=0.5778 train_auc=0.5601 train_specificity=0.4575 train_false_positive_rate=0.5425 train_f2=0.6059 train_mcc=0.0849 train_prauc=0.5489 train_balanced_accuracy=0.5418 train_standard_deviation_prediction=0.0542 train_percentage_above_threshold=58.44 train_brier=0.2469 train_kappa=0.0837 train_informedness=0.0837 train_markedness=-0.0062 train_gini=0.1203 train_optimal_threshold=0.4912
[LN567    ] [chunk_18_phase_4_ensemble.py] [info] [section 5] [RNN] [final] VALIDATION_PRECISION=0.5218 VALIDATION_TRUE_POSITIVES=13257 VALIDATION_TRUE_NEGATIVES=12331 validation_false_positives=12149 validation_false_negatives=15517 validation_max_prediction=0.6038 validation_mean_prediction=0.4790 validation_recall=0.4607 validation_f1=0.4894 validation_auc=0.4683 validation_specificity=0.5037 validation_false_positive_rate=0.4963 validation_f2=0.4718 validation_mcc=-0.0355 validation_prauc=0.5217 validation_balanced_accuracy=0.4822 validation_brier=0.2606 validation_kappa=-0.0352 validation_informedness=-0.0356 validation_markedness=0.0255 validation_gini=0.0000 validation_optimal_threshold=0.5736 validation_standard_deviation_prediction=0.0647 validation_percentage_above_threshold=47.71
[LN568    ] [chunk_18_phase_4_ensemble.py] [info] [section 5] [RNN] [final] prediction_binary_split=0.50 hyperparams=(loss=binary_crossentropy lr=0.002 dropout=0.05 alpha=0.5 gamma=2.5 latent_dim=64) (using HPO model directly)
[LN569    ] [chunk_18_phase_4_ensemble.py] [info]    [RNN] loss: binary_crossentropy | pred_threshold: 0.5 | epochs: 3
[LN570    ] [chunk_18_phase_4_ensemble.py] [info]    [RNN] hyperparameter_optimization: units=128, dropout=0.05, learning_rate=0.002, alpha=0.5, gamma=2.5, layers=2
[LN571    ] [chunk_18_phase_4_ensemble.py] [info]    RNN training time: 1144.4s
[LN572    ] [chunk_18_phase_4_ensemble.py] [info] [pass] RNN trained successfully
[LN573    ] [chunk_18_phase_4_ensemble.py] [info] [section 1] [LSTM] [baseline] LABEL_THRESHOLD=20.0,
[LN574    ] [chunk_18_phase_4_ensemble.py] [info] [section 1] [LSTM] [baseline] predictions: mean=0.0427, std=0.0107, min=0.0256, max=0.0912
[LN575    ] [chunk_18_phase_4_ensemble.py] [info] [section 1] [LSTM] [baseline]  percentiles: p1=0.0270, p5=0.0283, p10=0.0299, p25=0.0346, p50=0.0404, p75=0.0500, p90=0.0591, p95=0.0629, p99=0.0685, max=0.0912 | histogram: bins[3775, 5075, 6174, 7485, 7580, 4793, 3620, 3161, 3011, 2732, 2343, 1910, 1009, 338, 99, 77, 27, 21, 16, 8]
[LN576    ] [chunk_18_phase_4_ensemble.py] [info] [section 1] [LSTM] [baseline] prediction_binary_split=0.50, VALIDATION predictions at LABEL_THRESHOLD=20.0: 0.00%
[LN577    ] [chunk_18_phase_4_ensemble.py] [warning] [section 1] [LSTM] [baseline] [warning] No predictions >= 0.5!
[LN578    ] [chunk_18_phase_4_ensemble.py] [info] [section 1] [LSTM] [baseline] LABEL_THRESHOLD=20.0,
[LN579    ] [chunk_18_phase_4_ensemble.py] [info] [section 1] [LSTM] [baseline] VALIDATION_PRECISION=0.0000 VALIDATION_TRUE_POSITIVES=0 VALIDATION_TRUE_NEGATIVES=52918 validation_false_positives=0 validation_false_negatives=336 validation_max_prediction=0.0912 validation_mean_prediction=0.0427 validation_recall=0.0000 validation_f1=0.0000 validation_auc=0.7049 validation_specificity=1.0000 validation_false_positive_rate=0.0000 validation_f2=0.0000 validation_mcc=0.0000 validation_prauc=0.0178 validation_balanced_accuracy=0.5000 validation_brier=0.0076 validation_kappa=0.0000 validation_informedness=0.0000 validation_markedness=1.0000 validation_gini=0.4099 validation_optimal_threshold=0.0401 validation_standard_deviation_prediction=0.0107 validation_percentage_above_threshold=0.00
[LN580    ] [chunk_18_phase_4_ensemble.py] [info] [section 1] [LSTM] [baseline] prediction_binary_split=0.50 loss=binary_crossentropy, lr=0.001
[LN581    ] [chunk_12_evaluation_evaluator.py] [info] [LSTM] LABEL_THRESHOLD=20.0 | Train: below prediction_binary_split=118,621,above prediction_binary_split=689 [ok] | Validation: below prediction_binary_split=52,918,above prediction_binary_split=336 [ok]
[LN582    ] [chunk_12_evaluation_evaluator.py] [info] [reject] Skipping threshold 20.0: only 0 positive VALIDATION predictions (min=5)
[LN583    ] [chunk_12_evaluation_evaluator.py] [info] [LSTM] LABEL_THRESHOLD=10.0 | Train: below prediction_binary_split=116,756,above prediction_binary_split=2,554 [ok] | Validation: below prediction_binary_split=52,057,above prediction_binary_split=1,197 [ok]
[LN584    ] [chunk_12_evaluation_evaluator.py] [info] [reject] Skipping threshold 10.0: only 0 positive VALIDATION predictions (min=5)
[LN585    ] [chunk_12_evaluation_evaluator.py] [info] [LSTM] LABEL_THRESHOLD=0.0 | Train: below prediction_binary_split=59,589,above prediction_binary_split=59,721 [ok] | Validation: below prediction_binary_split=24,480,above prediction_binary_split=28,774 [ok]
[LN586    ] [chunk_12_evaluation_evaluator.py] [info] [LSTM] [reject] skipping LABEL_THRESHOLD=0.0: validation_precision=0.5043 <= baseline+0.0200=0.5200
[LN587    ] [chunk_18_phase_4_ensemble.py] [warning] [section 1] [LSTM] [label_threshold_optimal] [warning] All label thresholds rejected — using baseline metrics at 20.0
[LN588    ] [chunk_18_phase_4_ensemble.py] [info] [section 1] [LSTM] [label_threshold_optimal] LABEL_THRESHOLD=20.0
[LN589    ] [chunk_18_phase_4_ensemble.py] [info] [section 1] [LSTM] [label_threshold_optimal] train_precision=0.0000 train_true_positives=0 train_true_negatives=52918 train_false_positives=0 train_false_negatives=336 train_max_prediction=0.0912 train_mean_prediction=0.0427 train_recall=0.0000 train_f1=0.0000 train_auc=0.7049 train_specificity=1.0000 train_false_positive_rate=0.0000 train_f2=0.0000 train_mcc=0.0000 train_prauc=0.0178 train_balanced_accuracy=0.5000 train_brier=0.0076 train_kappa=0.0000 train_informedness=0.0000 train_markedness=1.0000 train_gini=0.4099 train_optimal_threshold=0.0401 train_standard_deviation_prediction=0.0107 train_percentage_above_threshold=0.00
[LN590    ] [chunk_18_phase_4_ensemble.py] [info] [section 1] [LSTM] [label_threshold_optimal] VALIDATION_PRECISION=0.0000 VALIDATION_TRUE_POSITIVES=0 VALIDATION_TRUE_NEGATIVES=52918 validation_false_positives=0 validation_false_negatives=336 validation_max_prediction=0.0912 validation_mean_prediction=0.0427 validation_recall=0.0000 validation_f1=0.0000 validation_auc=0.7049 validation_specificity=1.0000 validation_false_positive_rate=0.0000 validation_f2=0.0000 validation_mcc=0.0000 validation_prauc=0.0178 validation_balanced_accuracy=0.5000 validation_brier=0.0076 validation_kappa=0.0000 validation_informedness=0.0000 validation_markedness=1.0000 validation_gini=0.4099 validation_optimal_threshold=0.0401 validation_standard_deviation_prediction=0.0107 validation_percentage_above_threshold=0.00
[LN591    ] [chunk_18_phase_4_ensemble.py] [info] [section 1] [LSTM] [label_threshold_optimal] prediction_binary_split=0.50
[LN592    ] [chunk_21_hyperparam_optimizer.py] [info] [section 2] [LSTM] [hyperparameter_optimization search] Running Bayesian optimization (5 trials)...
[LN593    ] [chunk_21_hyperparam_optimizer.py] [info] [section 2] [LSTM] [hyperparameter_optimization search baseline] LABEL_THRESHOLD=20.0
[LN594    ] [chunk_21_hyperparam_optimizer.py] [info] [section 2] [LSTM] [hyperparameter_optimization search baseline] VALIDATION_PRECISION=0.0000 VALIDATION_TRUE_POSITIVES=0 VALIDATION_TRUE_NEGATIVES=52918 validation_false_positives=0 validation_false_negatives=336 validation_max_prediction=0.0509 validation_mean_prediction=0.0205 validation_recall=0.0000 validation_f1=0.0000 validation_auc=0.7813 validation_specificity=1.0000 validation_false_positive_rate=0.0000 validation_f2=0.0000 validation_mcc=0.0000 validation_prauc=0.0182 validation_balanced_accuracy=0.5000 validation_brier=0.0067 validation_kappa=0.0000 validation_informedness=0.0000 validation_markedness=1.0000 validation_gini=0.5626 validation_optimal_threshold=0.0036 validation_standard_deviation_prediction=0.0215 validation_percentage_above_threshold=0.00
[LN595    ] [chunk_21_hyperparam_optimizer.py] [info] [section 2] [LSTM] [hyperparameter_optimization search baseline] TRIAL 1/5: lstm_units=128, dropout=0.0, learning_rate=0.001, epochs=30, loss_function=focal_loss, alpha=0.75, gamma=2.0, layers=1, bidirectional=True
[LN596    ] [chunk_21_hyperparam_optimizer.py] [info] [section 2] [LSTM] [hyperparameter_optimization search baseline] LABEL_THRESHOLD=20.0
[LN597    ] [chunk_21_hyperparam_optimizer.py] [info] [section 2] [LSTM] [hyperparameter_optimization search baseline] VALIDATION_PRECISION=0.0192 VALIDATION_TRUE_POSITIVES=286 VALIDATION_TRUE_NEGATIVES=38292 validation_false_positives=14626 validation_false_negatives=50 validation_max_prediction=0.9010 validation_mean_prediction=0.2546 validation_recall=0.8512 validation_f1=0.0375 validation_auc=0.8496 validation_specificity=0.7236 validation_false_positive_rate=0.2764 validation_f2=0.0880 validation_mcc=0.1014 validation_prauc=0.0371 validation_balanced_accuracy=0.7874 validation_brier=0.1574 validation_kappa=0.0255 validation_informedness=0.5748 validation_markedness=-0.2572 validation_gini=0.6992 validation_optimal_threshold=0.4485 validation_standard_deviation_prediction=0.3078 validation_percentage_above_threshold=28.00
[LN598    ] [chunk_21_hyperparam_optimizer.py] [info] [section 2] [LSTM] [hyperparameter_optimization search baseline] TRIAL 2/5: lstm_units=32, dropout=0.1, learning_rate=0.001, epochs=50, loss_function=binary_crossentropy, alpha=0.75, gamma=3.0, layers=2, bidirectional=False
[LN599    ] [chunk_21_hyperparam_optimizer.py] [info] [section 2] [LSTM] [hyperparameter_optimization search baseline] LABEL_THRESHOLD=20.0
[LN600    ] [chunk_21_hyperparam_optimizer.py] [info] [section 2] [LSTM] [hyperparameter_optimization search baseline] VALIDATION_PRECISION=0.0000 VALIDATION_TRUE_POSITIVES=0 VALIDATION_TRUE_NEGATIVES=52918 validation_false_positives=0 validation_false_negatives=336 validation_max_prediction=0.1085 validation_mean_prediction=0.0495 validation_recall=0.0000 validation_f1=0.0000 validation_auc=0.7235 validation_specificity=1.0000 validation_false_positive_rate=0.0000 validation_f2=0.0000 validation_mcc=0.0000 validation_prauc=0.0221 validation_balanced_accuracy=0.5000 validation_brier=0.0099 validation_kappa=0.0000 validation_informedness=0.0000 validation_markedness=1.0000 validation_gini=0.4470 validation_optimal_threshold=0.0124 validation_standard_deviation_prediction=0.0485 validation_percentage_above_threshold=0.00
[LN601    ] [chunk_21_hyperparam_optimizer.py] [info] [section 2] [LSTM] [hyperparameter_optimization search baseline] TRIAL 3/5: lstm_units=128, dropout=0.0, learning_rate=0.002, epochs=30, loss_function=focal_loss, alpha=0.5, gamma=3.0, layers=2, bidirectional=True
[LN602    ] [chunk_21_hyperparam_optimizer.py] [info] [section 2] [LSTM] [hyperparameter_optimization search baseline] LABEL_THRESHOLD=20.0
[LN603    ] [chunk_21_hyperparam_optimizer.py] [info] [section 2] [LSTM] [hyperparameter_optimization search baseline] VALIDATION_PRECISION=0.0000 VALIDATION_TRUE_POSITIVES=0 VALIDATION_TRUE_NEGATIVES=52918 validation_false_positives=0 validation_false_negatives=336 validation_max_prediction=0.4022 validation_mean_prediction=0.4022 validation_recall=0.0000 validation_f1=0.0000 validation_auc=0.4507 validation_specificity=1.0000 validation_false_positive_rate=0.0000 validation_f2=0.0000 validation_mcc=0.0000 validation_prauc=0.0107 validation_balanced_accuracy=0.5000 validation_brier=0.1630 validation_kappa=0.0000 validation_informedness=0.0000 validation_markedness=1.0000 validation_gini=0.0000 validation_optimal_threshold=0.4022 validation_standard_deviation_prediction=0.0000 validation_percentage_above_threshold=0.00
[LN604    ] [chunk_21_hyperparam_optimizer.py] [info] [section 2] [LSTM] [hyperparameter_optimization search baseline] TRIAL 4/5: lstm_units=128, dropout=0.05, learning_rate=0.005, epochs=30, loss_function=binary_crossentropy, alpha=0.75, gamma=3.0, layers=1, bidirectional=True
[LN605    ] [chunk_21_hyperparam_optimizer.py] [info] [section 2] [LSTM] [hyperparameter_optimization search baseline] LABEL_THRESHOLD=20.0
[LN606    ] [chunk_21_hyperparam_optimizer.py] [info] [section 2] [LSTM] [hyperparameter_optimization search baseline] VALIDATION_PRECISION=0.0000 VALIDATION_TRUE_POSITIVES=0 VALIDATION_TRUE_NEGATIVES=52918 validation_false_positives=0 validation_false_negatives=336 validation_max_prediction=0.2664 validation_mean_prediction=0.0528 validation_recall=0.0000 validation_f1=0.0000 validation_auc=0.8645 validation_specificity=1.0000 validation_false_positive_rate=0.0000 validation_f2=0.0000 validation_mcc=0.0000 validation_prauc=0.0351 validation_balanced_accuracy=0.5000 validation_brier=0.0121 validation_kappa=0.0000 validation_informedness=0.0000 validation_markedness=1.0000 validation_gini=0.7289 validation_optimal_threshold=0.0597 validation_standard_deviation_prediction=0.0708 validation_percentage_above_threshold=0.00
[LN607    ] [chunk_21_hyperparam_optimizer.py] [info] [section 2] [LSTM] [hyperparameter_optimization search baseline] TRIAL 5/5: lstm_units=64, dropout=0.2, learning_rate=0.001, epochs=30, loss_function=focal_loss, alpha=0.5, gamma=2.5, layers=2, bidirectional=False
[LN608    ] [chunk_21_hyperparam_optimizer.py] [info] [section 2] [LSTM] [best trial] LABEL_THRESHOLD=20.0
[LN609    ] [chunk_21_hyperparam_optimizer.py] [info] [section 2] [LSTM] [best trial] VALIDATION_PRECISION=0.0192 VALIDATION_TRUE_POSITIVES=286 VALIDATION_TRUE_NEGATIVES=38292 validation_false_positives=14626 validation_false_negatives=50 validation_max_prediction=0.9010 validation_mean_prediction=0.2546 validation_recall=0.8512 validation_f1=0.0375 validation_auc=0.8496 validation_specificity=0.7236 validation_false_positive_rate=0.2764 validation_f2=0.0880 validation_mcc=0.1014 validation_prauc=0.0371 validation_balanced_accuracy=0.7874 validation_brier=0.1574 validation_kappa=0.0255 validation_informedness=0.5748 validation_markedness=-0.2572 validation_gini=0.6992 validation_optimal_threshold=0.4485 validation_standard_deviation_prediction=0.3078 validation_percentage_above_threshold=28.00
[LN610    ] [chunk_21_hyperparam_optimizer.py] [info] [section 2] [LSTM] [best trial] lstm_units=32, dropout=0.1, learning_rate=0.001, epochs=50, loss_function=binary_crossentropy, alpha=0.75, gamma=3.0, layers=2, bidirectional=False
[LN611    ] [chunk_18_phase_4_ensemble.py] [info]    [diagnostic-hyperparameter_optimization]  percentiles: p1=0.0118, p5=0.0121, p10=0.0126, p25=0.0148, p50=0.0424, p75=0.5267, p90=0.7764, p95=0.8232, p99=0.8557, max=0.9010 | histogram: bins[28331, 3023, 1058, 685, 553, 423, 432, 431, 539, 984, 1931, 2196, 1181, 1129, 1206, 1481, 1947, 2421, 2812, 491]
[LN612    ] [chunk_18_phase_4_ensemble.py] [info]    hyperparameter_optimization improved: 0.0192 > 0.0000
[LN613    ] [chunk_18_phase_4_ensemble.py] [info] [section 3] [LSTM] [HYPERPARAMETER_OPTIMIZATION] LABEL_THRESHOLD=20.0,
[LN614    ] [chunk_18_phase_4_ensemble.py] [info] [section 3] [LSTM] [HYPERPARAMETER_OPTIMIZATION] VALIDATION_PRECISION=0.0192 VALIDATION_TRUE_POSITIVES=286 VALIDATION_TRUE_NEGATIVES=38292 validation_false_positives=14626 validation_false_negatives=50 validation_max_prediction=0.9010 validation_mean_prediction=0.2546 validation_recall=0.8512 validation_f1=0.0375 validation_auc=0.8496 validation_specificity=0.7236 validation_false_positive_rate=0.2764 validation_f2=0.0880 validation_mcc=0.1014 validation_prauc=0.0371 validation_balanced_accuracy=0.7874 validation_brier=0.1574 validation_kappa=0.0255 validation_informedness=0.5748 validation_markedness=-0.2572 validation_gini=0.6992 validation_optimal_threshold=0.4485 validation_standard_deviation_prediction=0.3078 validation_percentage_above_threshold=28.00
[LN615    ] [chunk_18_phase_4_ensemble.py] [info] [section 3] [LSTM] [HYPERPARAMETER_OPTIMIZATION] prediction_binary_split=0.50 hyperparams=(loss=binary_crossentropy lr=0.001 dropout=0.1 alpha=0.75 gamma=3.0 latent_dim=0) improved=True {'lstm_units': 32, 'dropout': 0.1, 'learning_rate': 0.001, 'epochs': 50, 'loss_function': 'binary_crossentropy', 'alpha': 0.75, 'gamma': 3.0, 'layers': 2, 'bidirectional': False}
[LN616    ] [chunk_18_phase_4_ensemble.py] [info]    Running post hyperparameter_optimization threshold search for LSTM...
[LN617    ] [chunk_12_evaluation_evaluator.py] [info] [LSTM] LABEL_THRESHOLD=20.0 | Train: below prediction_binary_split=118,621,above prediction_binary_split=689 [ok] | Validation: below prediction_binary_split=52,918,above prediction_binary_split=336 [ok]
[LN618    ] [chunk_12_evaluation_evaluator.py] [info] [LSTM] [reject] skipping LABEL_THRESHOLD=20.0: validation_precision=0.0192 <= baseline+0.0200=0.0263
[LN619    ] [chunk_12_evaluation_evaluator.py] [info] [LSTM] LABEL_THRESHOLD=10.0 | Train: below prediction_binary_split=116,756,above prediction_binary_split=2,554 [ok] | Validation: below prediction_binary_split=52,057,above prediction_binary_split=1,197 [ok]
[LN620    ] [chunk_12_evaluation_evaluator.py] [info] [LSTM] [diagnostic] LABEL_THRESHOLD=10.0 train_precision=0.0702 train_true_positives=1599 train_true_negatives=95575 train_false_positives=21181 train_false_negatives=955 train_max_prediction=0.9047 train_mean_prediction=0.1882 train_recall=0.6261 train_f1=0.1262 train_auc=0.8277 train_specificity=0.8186 train_false_positive_rate=0.1814 train_f2=0.2423 train_mcc=0.1637 train_prauc=0.0831 train_balanced_accuracy=0.7223 train_brier=0.1033 train_kappa=0.0912 train_informedness=0.4447 train_markedness=-0.1112 train_gini=0.6554 train_optimal_threshold=0.1376 train_standard_deviation_prediction=0.2622 train_percentage_above_threshold=19.09
[LN621    ] [chunk_12_evaluation_evaluator.py] [info] [LSTM] [diagnostic] LABEL_THRESHOLD=10.0 VALIDATION_PRECISION=0.0552 VALIDATION_TRUE_POSITIVES=1066 VALIDATION_TRUE_NEGATIVES=33818 validation_false_positives=18239 validation_false_negatives=131 validation_max_prediction=0.9062 validation_mean_prediction=0.3243 validation_recall=0.8906 validation_f1=0.1040 validation_auc=0.8277 validation_specificity=0.6496 validation_false_positive_rate=0.3504 validation_f2=0.2212 validation_mcc=0.1666 validation_prauc=0.0861 validation_balanced_accuracy=0.7701 validation_brier=0.2009 validation_kappa=0.0644 validation_informedness=0.5402 validation_markedness=-0.2951 validation_gini=0.6554 validation_optimal_threshold=0.4922 validation_standard_deviation_prediction=0.3239 validation_percentage_above_threshold=36.25
[LN622    ] [chunk_12_evaluation_evaluator.py] [info] [LSTM] LABEL_THRESHOLD=0.0 | Train: below prediction_binary_split=59,589,above prediction_binary_split=59,721 [ok] | Validation: below prediction_binary_split=24,480,above prediction_binary_split=28,774 [ok]
[LN623    ] [chunk_12_evaluation_evaluator.py] [info] [LSTM] [reject] skipping LABEL_THRESHOLD=0.0: validation_precision=0.4998 <= baseline+0.0200=0.5200
[LN624    ] [chunk_18_phase_4_ensemble.py] [info]    hyperparameter_optimization model threshold search: LABEL_THRESHOLD=20.0, VALIDATION_PRECISION=0.0192
[LN625    ] [chunk_18_phase_4_ensemble.py] [info]    post hyperparameter_optimization threshold search: LABEL_THRESHOLD=10.0, VALIDATION_PRECISION=0.0552
[LN626    ] [chunk_18_phase_4_ensemble.py] [info]    post hyperparameter_optimization improved: using LABEL_THRESHOLD=10.0
[LN627    ] [chunk_18_phase_4_ensemble.py] [info] [section 4] [LSTM] [post hyperparameter_optimization] [diagnostic]  percentiles: p1=0.0117, p5=0.0123, p10=0.0130, p25=0.0173, p50=0.1507, p75=0.6461, p90=0.8106, p95=0.8391, p99=0.8671, max=0.9062 | histogram: bins[22314, 2517, 1653, 1009, 679, 568, 549, 568, 714, 1194, 2443, 2702, 1512, 1308, 1338, 1684, 2474, 3269, 3955, 804]
[LN628    ] [chunk_18_phase_4_ensemble.py] [info] [section 4] [LSTM] [post hyperparameter_optimization] LABEL_THRESHOLD=10.0,
[LN629    ] [chunk_18_phase_4_ensemble.py] [info] [section 4] [LSTM] [post hyperparameter_optimization] VALIDATION_PRECISION=0.0552 VALIDATION_TRUE_POSITIVES=1066 VALIDATION_TRUE_NEGATIVES=33818 validation_false_positives=18239 validation_false_negatives=131 validation_max_prediction=0.9062 validation_mean_prediction=0.3243 validation_recall=0.8906 validation_f1=0.1040 validation_auc=0.8277 validation_specificity=0.6411 validation_false_positive_rate=0.3589 validation_f2=0.0763 validation_mcc=0.0953 validation_prauc=0.0382 validation_balanced_accuracy=0.7893 validation_brier=0.2069 validation_kappa=0.0199 validation_informedness=0.5786 validation_markedness=-0.3425 validation_gini=0.7294 validation_optimal_threshold=0.5513 validation_standard_deviation_prediction=0.3239 validation_percentage_above_threshold=36.25
[LN630    ] [chunk_18_phase_4_ensemble.py] [info] [section 4] [LSTM] [post hyperparameter_optimization] prediction_binary_split=0.50 hyperparams=(loss=binary_crossentropy lr=0.001 dropout=0.1 alpha=0.75 gamma=3.0 latent_dim=64) source=section4
[LN631    ] [chunk_18_phase_4_ensemble.py] [info]    Using post-HPO model at LABEL_THRESHOLD=10.0 (post_hpo_prec=0.0552 > hpo=0.0192, pre_hpo=0.0000)
[LN632    ] [chunk_18_phase_4_ensemble.py] [info]    Train predictions: mean=0.1882, std=0.2622, min=0.0111, max=0.9047
[LN633    ] [chunk_18_phase_4_ensemble.py] [info]    validation predictions:   mean=0.3243, std=0.3239, min=0.0113, max=0.9062
[LN634    ] [chunk_18_phase_4_ensemble.py] [info] [section 5] [LSTM] [final] [diagnostic] Train  percentiles: p1=0.0114, p5=0.0117, p10=0.0119, p25=0.0132, p50=0.0208, p75=0.3806, p90=0.6481, p95=0.7505, p99=0.8416, max=0.9047 | histogram: bins[72800, 5353, 2882, 2025, 1707, 1551, 1421, 1339, 1522, 2172, 4065, 4325, 2942, 2627, 2444, 2620, 2849, 2290, 1950, 426]
[LN635    ] [chunk_18_phase_4_ensemble.py] [info] [section 5] [LSTM] [final] [diagnostic] validation    percentiles: p1=0.0117, p5=0.0123, p10=0.0130, p25=0.0173, p50=0.1507, p75=0.6461, p90=0.8106, p95=0.8391, p99=0.8671, max=0.9062 | histogram: bins[22314, 2517, 1653, 1009, 679, 568, 549, 568, 714, 1194, 2443, 2702, 1512, 1308, 1338, 1684, 2474, 3269, 3955, 804]
[LN636    ] [chunk_18_phase_4_ensemble.py] [info]    Train predictions: 19.09% positive predictions (22,780 / 119,310)
[LN637    ] [chunk_18_phase_4_ensemble.py] [info]    validation predictions:   36.25% positive predictions (19,305 / 53,254)
[LN638    ] [chunk_18_phase_4_ensemble.py] [info]    [diagnostic] prediction_buckets: 0-10:2868, 10-20:1318, 20-30:1343, 30-40:3624, 40-50:4701, 50-60:2993, 60-70:5452, 70-80:6151, 80-90:8, 90-100:0
[LN639    ] [chunk_18_phase_4_ensemble.py] [info] [section 5] [LSTM] [final] LABEL_THRESHOLD=10.0,
[LN640    ] [chunk_18_phase_4_ensemble.py] [info] [section 5] [LSTM] [final] train_precision=0.0702 train_true_positives=1599 train_true_negatives=95575 train_false_positives=21181 train_false_negatives=955 train_max_prediction=0.9047 train_mean_prediction=0.1882 train_recall=0.6261 train_f1=0.1262 train_auc=0.8277 train_specificity=0.8186 train_false_positive_rate=0.1814 train_f2=0.2423 train_mcc=0.1637 train_prauc=0.0831 train_balanced_accuracy=0.7223 train_standard_deviation_prediction=0.2622 train_percentage_above_threshold=19.09 train_brier=0.1033 train_kappa=0.0912 train_informedness=0.4447 train_markedness=-0.1112 train_gini=0.6554 train_optimal_threshold=0.1376
[LN641    ] [chunk_18_phase_4_ensemble.py] [info] [section 5] [LSTM] [final] VALIDATION_PRECISION=0.0552 VALIDATION_TRUE_POSITIVES=1066 VALIDATION_TRUE_NEGATIVES=33818 validation_false_positives=18239 validation_false_negatives=131 validation_max_prediction=0.9062 validation_mean_prediction=0.3243 validation_recall=0.8906 validation_f1=0.1040 validation_auc=0.8277 validation_specificity=0.6496 validation_false_positive_rate=0.3504 validation_f2=0.2212 validation_mcc=0.1666 validation_prauc=0.0861 validation_balanced_accuracy=0.7701 validation_brier=0.2009 validation_kappa=0.0644 validation_informedness=0.5402 validation_markedness=-0.2951 validation_gini=0.6554 validation_optimal_threshold=0.4922 validation_standard_deviation_prediction=0.3239 validation_percentage_above_threshold=36.25
[LN642    ] [chunk_18_phase_4_ensemble.py] [info] [section 5] [LSTM] [final] prediction_binary_split=0.50 hyperparams=(loss=binary_crossentropy lr=0.001 dropout=0.1 alpha=0.75 gamma=3.0 latent_dim=64) (using HPO model directly)
[LN643    ] [chunk_18_phase_4_ensemble.py] [info]    [LSTM] loss: binary_crossentropy | pred_threshold: 0.5 | epochs: 50
[LN644    ] [chunk_18_phase_4_ensemble.py] [info]    [LSTM] hyperparameter_optimization: lstm_units=32, dropout=0.1, learning_rate=0.001, alpha=0.75, gamma=3.0, layers=2
[LN645    ] [chunk_18_phase_4_ensemble.py] [info]    LSTM training time: 1482.3s
[LN646    ] [chunk_18_phase_4_ensemble.py] [info] [pass] LSTM trained successfully
[LN647    ] [chunk_18_phase_4_ensemble.py] [info] [section 1] [VAE] [baseline] LABEL_THRESHOLD=20.0,
[LN648    ] [chunk_18_phase_4_ensemble.py] [info] [section 1] [VAE] [baseline] predictions: mean=0.0000, std=0.0000, min=0.0000, max=0.0001
[LN649    ] [chunk_18_phase_4_ensemble.py] [info] [section 1] [VAE] [baseline]  percentiles: p1=0.0000, p5=0.0000, p10=0.0000, p25=0.0000, p50=0.0000, p75=0.0000, p90=0.0000, p95=0.0000, p99=0.0000, max=0.0001 | histogram: bins[53253, 0, 0, 0, 0, 0, 0, 0, 0, 0, 0, 0, 0, 0, 0, 0, 0, 0, 0, 1]
[LN650    ] [chunk_18_phase_4_ensemble.py] [info] [section 1] [VAE] [baseline] prediction_binary_split=0.50, VALIDATION predictions at LABEL_THRESHOLD=20.0: 0.00%
[LN651    ] [chunk_18_phase_4_ensemble.py] [warning] [section 1] [VAE] [baseline] [warning] No predictions >= 0.5!
[LN652    ] [chunk_18_phase_4_ensemble.py] [info] [section 1] [VAE] [baseline] LABEL_THRESHOLD=20.0,
[LN653    ] [chunk_18_phase_4_ensemble.py] [info] [section 1] [VAE] [baseline] VALIDATION_PRECISION=0.0000 VALIDATION_TRUE_POSITIVES=0 VALIDATION_TRUE_NEGATIVES=52918 validation_false_positives=0 validation_false_negatives=336 validation_max_prediction=0.0001 validation_mean_prediction=0.0000 validation_recall=0.0000 validation_f1=0.0000 validation_auc=0.4892 validation_specificity=1.0000 validation_false_positive_rate=0.0000 validation_f2=0.0000 validation_mcc=0.0000 validation_prauc=0.0063 validation_balanced_accuracy=0.5000 validation_brier=0.0063 validation_kappa=0.0000 validation_informedness=0.0000 validation_markedness=1.0000 validation_gini=0.0000 validation_optimal_threshold=0.0000 validation_standard_deviation_prediction=0.0000 validation_percentage_above_threshold=0.00
[LN654    ] [chunk_18_phase_4_ensemble.py] [info] [section 1] [VAE] [baseline] prediction_binary_split=0.50 loss=binary_crossentropy, lr=0.001, dropout=0.1
[LN655    ] [chunk_12_evaluation_evaluator.py] [info] [VAE] LABEL_THRESHOLD=20.0 | Train: below prediction_binary_split=118,621,above prediction_binary_split=689 [ok] | Validation: below prediction_binary_split=52,918,above prediction_binary_split=336 [ok]
[LN656    ] [chunk_12_evaluation_evaluator.py] [info] [reject] Skipping threshold 20.0: only 0 positive VALIDATION predictions (min=5)
[LN657    ] [chunk_12_evaluation_evaluator.py] [info] [VAE] LABEL_THRESHOLD=10.0 | Train: below prediction_binary_split=116,756,above prediction_binary_split=2,554 [ok] | Validation: below prediction_binary_split=52,057,above prediction_binary_split=1,197 [ok]
[LN658    ] [chunk_12_evaluation_evaluator.py] [info] [reject] Skipping threshold 10.0: only 0 positive VALIDATION predictions (min=5)
[LN659    ] [chunk_12_evaluation_evaluator.py] [info] [VAE] LABEL_THRESHOLD=0.0 | Train: below prediction_binary_split=59,589,above prediction_binary_split=59,721 [ok] | Validation: below prediction_binary_split=24,480,above prediction_binary_split=28,774 [ok]
[LN660    ] [chunk_12_evaluation_evaluator.py] [info] [VAE] [reject] skipping LABEL_THRESHOLD=0.0: pos_pred_ratio=63.32% outside [0%, 60%]
[LN661    ] [chunk_18_phase_4_ensemble.py] [warning] [section 1] [VAE] [label_threshold_optimal] [warning] All label thresholds rejected — using baseline metrics at 20.0
[LN662    ] [chunk_18_phase_4_ensemble.py] [info] [section 1] [VAE] [label_threshold_optimal] LABEL_THRESHOLD=20.0
[LN663    ] [chunk_18_phase_4_ensemble.py] [info] [section 1] [VAE] [label_threshold_optimal] train_precision=0.0000 train_true_positives=0 train_true_negatives=52918 train_false_positives=0 train_false_negatives=336 train_max_prediction=0.0001 train_mean_prediction=0.0000 train_recall=0.0000 train_f1=0.0000 train_auc=0.4892 train_specificity=1.0000 train_false_positive_rate=0.0000 train_f2=0.0000 train_mcc=0.0000 train_prauc=0.0063 train_balanced_accuracy=0.5000 train_brier=0.0063 train_kappa=0.0000 train_informedness=0.0000 train_markedness=1.0000 train_gini=0.0000 train_optimal_threshold=0.0000 train_standard_deviation_prediction=0.0000 train_percentage_above_threshold=0.00
[LN664    ] [chunk_18_phase_4_ensemble.py] [info] [section 1] [VAE] [label_threshold_optimal] VALIDATION_PRECISION=0.0000 VALIDATION_TRUE_POSITIVES=0 VALIDATION_TRUE_NEGATIVES=52918 validation_false_positives=0 validation_false_negatives=336 validation_max_prediction=0.0001 validation_mean_prediction=0.0000 validation_recall=0.0000 validation_f1=0.0000 validation_auc=0.4892 validation_specificity=1.0000 validation_false_positive_rate=0.0000 validation_f2=0.0000 validation_mcc=0.0000 validation_prauc=0.0063 validation_balanced_accuracy=0.5000 validation_brier=0.0063 validation_kappa=0.0000 validation_informedness=0.0000 validation_markedness=1.0000 validation_gini=0.0000 validation_optimal_threshold=0.0000 validation_standard_deviation_prediction=0.0000 validation_percentage_above_threshold=0.00
[LN665    ] [chunk_18_phase_4_ensemble.py] [info] [section 1] [VAE] [label_threshold_optimal] prediction_binary_split=0.50
[LN666    ] [chunk_21_hyperparam_optimizer.py] [info] [section 2] [VAE] [hyperparameter_optimization search] Running Bayesian optimization (5 trials)...
[LN667    ] [chunk_21_hyperparam_optimizer.py] [info] [section 2] [VAE] [hyperparameter_optimization search baseline] LABEL_THRESHOLD=20.0
[LN668    ] [chunk_21_hyperparam_optimizer.py] [info] [section 2] [VAE] [hyperparameter_optimization search baseline] VALIDATION_PRECISION=0.0000 VALIDATION_TRUE_POSITIVES=0 VALIDATION_TRUE_NEGATIVES=52918 validation_false_positives=0 validation_false_negatives=336 validation_max_prediction=0.1357 validation_mean_prediction=0.0347 validation_recall=0.0000 validation_f1=0.0000 validation_auc=0.4938 validation_specificity=1.0000 validation_false_positive_rate=0.0000 validation_f2=0.0000 validation_mcc=0.0000 validation_prauc=0.0064 validation_balanced_accuracy=0.5000 validation_brier=0.0073 validation_kappa=0.0000 validation_informedness=0.0000 validation_markedness=1.0000 validation_gini=0.0000 validation_optimal_threshold=0.0179 validation_standard_deviation_prediction=0.0161 validation_percentage_above_threshold=0.00
[LN669    ] [chunk_21_hyperparam_optimizer.py] [info] [section 2] [VAE] [hyperparameter_optimization search baseline] TRIAL 1/5: loss_function=focal_loss, latent_dim=64, learning_rate=0.001, dropout=0.1, epochs=30, alpha=0.75, gamma=2.0, encoder_layers=2, decoder_layers=2
[LN670    ] [chunk_21_hyperparam_optimizer.py] [info] [section 2] [VAE] [hyperparameter_optimization search baseline] LABEL_THRESHOLD=20.0
[LN671    ] [chunk_21_hyperparam_optimizer.py] [info] [section 2] [VAE] [hyperparameter_optimization search baseline] VALIDATION_PRECISION=0.0000 VALIDATION_TRUE_POSITIVES=0 VALIDATION_TRUE_NEGATIVES=52918 validation_false_positives=0 validation_false_negatives=336 validation_max_prediction=0.1215 validation_mean_prediction=0.0487 validation_recall=0.0000 validation_f1=0.0000 validation_auc=0.4994 validation_specificity=1.0000 validation_false_positive_rate=0.0000 validation_f2=0.0000 validation_mcc=0.0000 validation_prauc=0.0077 validation_balanced_accuracy=0.5000 validation_brier=0.0083 validation_kappa=0.0000 validation_informedness=0.0000 validation_markedness=1.0000 validation_gini=0.0000 validation_optimal_threshold=0.0794 validation_standard_deviation_prediction=0.0163 validation_percentage_above_threshold=0.00
[LN672    ] [chunk_21_hyperparam_optimizer.py] [info] [section 2] [VAE] [hyperparameter_optimization search baseline] TRIAL 2/5: loss_function=focal_loss, latent_dim=256, learning_rate=0.002, dropout=0.05, epochs=80, alpha=1.0, gamma=2.0, encoder_layers=3, decoder_layers=1
[LN673    ] [chunk_21_hyperparam_optimizer.py] [info] [section 2] [VAE] [hyperparameter_optimization search baseline] LABEL_THRESHOLD=20.0
[LN674    ] [chunk_21_hyperparam_optimizer.py] [info] [section 2] [VAE] [hyperparameter_optimization search baseline] VALIDATION_PRECISION=0.0179 VALIDATION_TRUE_POSITIVES=231 VALIDATION_TRUE_NEGATIVES=40271 validation_false_positives=12647 validation_false_negatives=105 validation_max_prediction=0.9992 validation_mean_prediction=0.3458 validation_recall=0.6875 validation_f1=0.0350 validation_auc=0.7928 validation_specificity=0.7610 validation_false_positive_rate=0.2390 validation_f2=0.0812 validation_mcc=0.0829 validation_prauc=0.0281 validation_balanced_accuracy=0.7243 validation_brier=0.1653 validation_kappa=0.0229 validation_informedness=0.4485 validation_markedness=-0.2211 validation_gini=0.5857 validation_optimal_threshold=0.4724 validation_standard_deviation_prediction=0.2168 validation_percentage_above_threshold=24.18
[LN675    ] [chunk_21_hyperparam_optimizer.py] [info] [section 2] [VAE] [hyperparameter_optimization search baseline] TRIAL 3/5: loss_function=binary_crossentropy, latent_dim=64, learning_rate=0.001, dropout=0.1, epochs=80, alpha=1.25, gamma=3.0, encoder_layers=2, decoder_layers=2
[LN676    ] [chunk_21_hyperparam_optimizer.py] [info] [section 2] [VAE] [hyperparameter_optimization search baseline] LABEL_THRESHOLD=20.0
[LN677    ] [chunk_21_hyperparam_optimizer.py] [info] [section 2] [VAE] [hyperparameter_optimization search baseline] VALIDATION_PRECISION=0.0000 VALIDATION_TRUE_POSITIVES=0 VALIDATION_TRUE_NEGATIVES=52918 validation_false_positives=0 validation_false_negatives=336 validation_max_prediction=0.1892 validation_mean_prediction=0.0612 validation_recall=0.0000 validation_f1=0.0000 validation_auc=0.5054 validation_specificity=1.0000 validation_false_positive_rate=0.0000 validation_f2=0.0000 validation_mcc=0.0000 validation_prauc=0.0064 validation_balanced_accuracy=0.5000 validation_brier=0.0101 validation_kappa=0.0000 validation_informedness=0.0000 validation_markedness=1.0000 validation_gini=0.0109 validation_optimal_threshold=0.0628 validation_standard_deviation_prediction=0.0293 validation_percentage_above_threshold=0.00
[LN678    ] [chunk_21_hyperparam_optimizer.py] [info] [section 2] [VAE] [hyperparameter_optimization search baseline] TRIAL 4/5: loss_function=focal_loss, latent_dim=128, learning_rate=0.002, dropout=0.05, epochs=30, alpha=0.75, gamma=3.0, encoder_layers=2, decoder_layers=1
[LN679    ] [chunk_21_hyperparam_optimizer.py] [info] [section 2] [VAE] [hyperparameter_optimization search baseline] LABEL_THRESHOLD=20.0
[LN680    ] [chunk_21_hyperparam_optimizer.py] [info] [section 2] [VAE] [hyperparameter_optimization search baseline] VALIDATION_PRECISION=0.0000 VALIDATION_TRUE_POSITIVES=0 VALIDATION_TRUE_NEGATIVES=52918 validation_false_positives=0 validation_false_negatives=336 validation_max_prediction=0.1420 validation_mean_prediction=0.0446 validation_recall=0.0000 validation_f1=0.0000 validation_auc=0.4814 validation_specificity=1.0000 validation_false_positive_rate=0.0000 validation_f2=0.0000 validation_mcc=0.0000 validation_prauc=0.0063 validation_balanced_accuracy=0.5000 validation_brier=0.0081 validation_kappa=0.0000 validation_informedness=0.0000 validation_markedness=1.0000 validation_gini=0.0000 validation_optimal_threshold=0.0383 validation_standard_deviation_prediction=0.0195 validation_percentage_above_threshold=0.00
[LN681    ] [chunk_21_hyperparam_optimizer.py] [info] [section 2] [VAE] [hyperparameter_optimization search baseline] TRIAL 5/5: loss_function=focal_loss, latent_dim=128, learning_rate=0.002, dropout=0.02, epochs=50, alpha=1.0, gamma=2.5, encoder_layers=3, decoder_layers=2
[LN682    ] [chunk_21_hyperparam_optimizer.py] [info] [section 2] [VAE] [best trial] LABEL_THRESHOLD=20.0
[LN683    ] [chunk_21_hyperparam_optimizer.py] [info] [section 2] [VAE] [best trial] VALIDATION_PRECISION=0.0179 VALIDATION_TRUE_POSITIVES=231 VALIDATION_TRUE_NEGATIVES=40271 validation_false_positives=12647 validation_false_negatives=105 validation_max_prediction=0.9992 validation_mean_prediction=0.3458 validation_recall=0.6875 validation_f1=0.0350 validation_auc=0.7928 validation_specificity=0.7610 validation_false_positive_rate=0.2390 validation_f2=0.0812 validation_mcc=0.0829 validation_prauc=0.0281 validation_balanced_accuracy=0.7243 validation_brier=0.1653 validation_kappa=0.0229 validation_informedness=0.4485 validation_markedness=-0.2211 validation_gini=0.5857 validation_optimal_threshold=0.4724 validation_standard_deviation_prediction=0.2168 validation_percentage_above_threshold=24.18
[LN684    ] [chunk_21_hyperparam_optimizer.py] [info] [section 2] [VAE] [best trial] loss_function=binary_crossentropy, latent_dim=64, learning_rate=0.001, dropout=0.1, epochs=80, alpha=1.25, gamma=3.0, encoder_layers=2, decoder_layers=2
[LN685    ] [chunk_18_phase_4_ensemble.py] [info]    [diagnostic-hyperparameter_optimization]  percentiles: p1=0.0289, p5=0.0618, p10=0.0915, p25=0.1681, p50=0.3097, p75=0.4962, p90=0.6717, p95=0.7629, p99=0.8761, max=0.9990 | histogram: bins[1954, 4424, 5247, 5072, 4697, 4507, 4166, 3790, 3290, 3100, 2675, 2301, 1922, 1705, 1430, 1198, 895, 567, 279, 35]
[LN686    ] [chunk_18_phase_4_ensemble.py] [info]    hyperparameter_optimization improved: 0.0182 > 0.0000
[LN687    ] [chunk_18_phase_4_ensemble.py] [info] [section 3] [VAE] [HYPERPARAMETER_OPTIMIZATION] LABEL_THRESHOLD=20.0,
[LN688    ] [chunk_18_phase_4_ensemble.py] [info] [section 3] [VAE] [HYPERPARAMETER_OPTIMIZATION] VALIDATION_PRECISION=0.0188 VALIDATION_TRUE_POSITIVES=245 VALIDATION_TRUE_NEGATIVES=40144 validation_false_positives=12774 validation_false_negatives=91 validation_max_prediction=0.9995 validation_mean_prediction=0.3469 validation_recall=0.7292 validation_f1=0.0367 validation_auc=0.8176 validation_specificity=0.7586 validation_false_positive_rate=0.2414 validation_f2=0.0853 validation_mcc=0.0899 validation_prauc=0.0346 validation_balanced_accuracy=0.7439 validation_brier=0.1659 validation_kappa=0.0247 validation_informedness=0.4878 validation_markedness=-0.2226 validation_gini=0.6352 validation_optimal_threshold=0.4929 validation_standard_deviation_prediction=0.2173 validation_percentage_above_threshold=24.45
[LN689    ] [chunk_18_phase_4_ensemble.py] [info] [section 3] [VAE] [HYPERPARAMETER_OPTIMIZATION] prediction_binary_split=0.50 hyperparams=(loss=binary_crossentropy lr=0.001 dropout=0.1 alpha=1.25 gamma=3.0 latent_dim=64) improved=True {'loss_function': 'binary_crossentropy', 'latent_dim': 64, 'learning_rate': 0.001, 'dropout': 0.1, 'epochs': 80, 'alpha': 1.25, 'gamma': 3.0, 'encoder_layers': 2, 'decoder_layers': 2}
[LN690    ] [chunk_18_phase_4_ensemble.py] [info]    Running post hyperparameter_optimization threshold search for VAE...
[LN691    ] [chunk_12_evaluation_evaluator.py] [info] [VAE] LABEL_THRESHOLD=20.0 | Train: below prediction_binary_split=118,621,above prediction_binary_split=689 [ok] | Validation: below prediction_binary_split=52,918,above prediction_binary_split=336 [ok]
[LN692    ] [chunk_12_evaluation_evaluator.py] [info] [VAE] [reject] skipping LABEL_THRESHOLD=20.0: validation_precision=0.0175 <= baseline+0.0200=0.0263
[LN693    ] [chunk_12_evaluation_evaluator.py] [info] [VAE] LABEL_THRESHOLD=10.0 | Train: below prediction_binary_split=116,756,above prediction_binary_split=2,554 [ok] | Validation: below prediction_binary_split=52,057,above prediction_binary_split=1,197 [ok]
[LN694    ] [chunk_12_evaluation_evaluator.py] [info] [VAE] [diagnostic] LABEL_THRESHOLD=10.0 train_precision=0.0412 train_true_positives=1342 train_true_negatives=85558 train_false_positives=31198 train_false_negatives=1212 train_max_prediction=0.9968 train_mean_prediction=0.3662 train_recall=0.5255 train_f1=0.0765 train_auc=0.6845 train_specificity=0.7328 train_false_positive_rate=0.2672 train_f2=0.1569 train_mcc=0.0839 train_prauc=0.0494 train_balanced_accuracy=0.6291 train_brier=0.1785 train_kappa=0.0383 train_informedness=0.2582 train_markedness=-0.2260 train_gini=0.3689 train_optimal_threshold=0.4397 train_standard_deviation_prediction=0.2116 train_percentage_above_threshold=27.27
[LN695    ] [chunk_12_evaluation_evaluator.py] [info] [VAE] [diagnostic] LABEL_THRESHOLD=10.0 VALIDATION_PRECISION=0.0448 VALIDATION_TRUE_POSITIVES=798 VALIDATION_TRUE_NEGATIVES=35037 validation_false_positives=17020 validation_false_negatives=399 validation_max_prediction=1.0000 validation_mean_prediction=0.3881 validation_recall=0.6667 validation_f1=0.0839 validation_auc=0.7279 validation_specificity=0.6731 validation_false_positive_rate=0.3269 validation_f2=0.1765 validation_mcc=0.1067 validation_prauc=0.0603 validation_balanced_accuracy=0.6699 validation_brier=0.2048 validation_kappa=0.0436 validation_informedness=0.3397 validation_markedness=-0.2822 validation_gini=0.4557 validation_optimal_threshold=0.4833 validation_standard_deviation_prediction=0.2410 validation_percentage_above_threshold=33.46
[LN696    ] [chunk_12_evaluation_evaluator.py] [info] [VAE] LABEL_THRESHOLD=0.0 | Train: below prediction_binary_split=59,589,above prediction_binary_split=59,721 [ok] | Validation: below prediction_binary_split=24,480,above prediction_binary_split=28,774 [ok]
[LN697    ] [chunk_12_evaluation_evaluator.py] [info] [VAE] [reject] skipping LABEL_THRESHOLD=0.0: validation_precision=0.5188 <= baseline+0.0200=0.5200
[LN698    ] [chunk_18_phase_4_ensemble.py] [info]    hyperparameter_optimization model threshold search: LABEL_THRESHOLD=20.0, VALIDATION_PRECISION=0.0182
[LN699    ] [chunk_18_phase_4_ensemble.py] [info]    post hyperparameter_optimization threshold search: LABEL_THRESHOLD=10.0, VALIDATION_PRECISION=0.0448
[LN700    ] [chunk_18_phase_4_ensemble.py] [info]    post hyperparameter_optimization improved: using LABEL_THRESHOLD=10.0
[LN701    ] [chunk_18_phase_4_ensemble.py] [info] [section 4] [VAE] [post hyperparameter_optimization] [diagnostic]  percentiles: p1=0.0158, p5=0.0469, p10=0.0802, p25=0.1789, p50=0.3632, p75=0.5749, p90=0.7369, p95=0.8073, p99=0.8973, max=1.0000 | histogram: bins[2958, 4020, 4126, 3826, 3751, 3621, 3476, 3413, 3220, 3158, 3006, 2721, 2618, 2389, 2175, 1865, 1436, 981, 431, 63]
[LN702    ] [chunk_18_phase_4_ensemble.py] [info] [section 4] [VAE] [post hyperparameter_optimization] LABEL_THRESHOLD=10.0,
[LN703    ] [chunk_18_phase_4_ensemble.py] [info] [section 4] [VAE] [post hyperparameter_optimization] VALIDATION_PRECISION=0.0448 VALIDATION_TRUE_POSITIVES=798 VALIDATION_TRUE_NEGATIVES=35037 validation_false_positives=17020 validation_false_negatives=399 validation_max_prediction=1.0000 validation_mean_prediction=0.3871 validation_recall=0.6667 validation_f1=0.0839 validation_auc=0.7279 validation_specificity=0.6700 validation_false_positive_rate=0.3300 validation_f2=0.0669 validation_mcc=0.0721 validation_prauc=0.0218 validation_balanced_accuracy=0.7145 validation_brier=0.2062 validation_kappa=0.0161 validation_informedness=0.4289 validation_markedness=-0.3156 validation_gini=0.5577 validation_optimal_threshold=0.5252 validation_standard_deviation_prediction=0.2409 validation_percentage_above_threshold=33.27
[LN704    ] [chunk_18_phase_4_ensemble.py] [info] [section 4] [VAE] [post hyperparameter_optimization] prediction_binary_split=0.50 hyperparams=(loss=binary_crossentropy lr=0.001 dropout=0.1 alpha=1.25 gamma=3.0 latent_dim=64) source=section4
[LN705    ] [chunk_18_phase_4_ensemble.py] [info]    Using post-HPO model at LABEL_THRESHOLD=10.0 (post_hpo_prec=0.0448 > hpo=0.0182, pre_hpo=0.0000)
[LN706    ] [chunk_18_phase_4_ensemble.py] [info]    Train predictions: mean=0.3665, std=0.2117, min=0.0011, max=0.9979
[LN707    ] [chunk_18_phase_4_ensemble.py] [info]    validation predictions:   mean=0.3871, std=0.2402, min=0.0005, max=1.0000
[LN708    ] [chunk_18_phase_4_ensemble.py] [info] [section 5] [VAE] [final] [diagnostic] Train  percentiles: p1=0.0255, p5=0.0643, p10=0.1002, p25=0.1920, p50=0.3444, p75=0.5189, p90=0.6699, p95=0.7475, p99=0.8585, max=0.9979 | histogram: bins[4021, 8029, 9436, 10025, 9789, 9960, 9476, 9012, 8734, 8071, 7271, 6382, 5217, 4474, 3509, 2641, 1811, 961, 417, 74]
[LN709    ] [chunk_18_phase_4_ensemble.py] [info] [section 5] [VAE] [final] [diagnostic] validation    percentiles: p1=0.0154, p5=0.0472, p10=0.0814, p25=0.1802, p50=0.3631, p75=0.5731, p90=0.7371, p95=0.8075, p99=0.8961, max=1.0000 | histogram: bins[2929, 3968, 4109, 3890, 3694, 3618, 3577, 3331, 3249, 3275, 3002, 2772, 2603, 2330, 2123, 1896, 1460, 953, 423, 52]
[LN710    ] [chunk_18_phase_4_ensemble.py] [info]    Train predictions: 27.38% positive predictions (32,669 / 119,310)
[LN711    ] [chunk_18_phase_4_ensemble.py] [info]    validation predictions:   33.10% positive predictions (17,627 / 53,254)
[LN712    ] [chunk_18_phase_4_ensemble.py] [info]    [diagnostic] prediction_buckets: 0-10:8007, 10-20:7317, 20-30:6911, 30-40:6533, 40-50:5776, 50-60:4939, 60-70:4018, 70-80:2418, 80-90:476, 90-100:0
[LN713    ] [chunk_18_phase_4_ensemble.py] [info] [section 5] [VAE] [final] LABEL_THRESHOLD=10.0,
[LN714    ] [chunk_18_phase_4_ensemble.py] [info] [section 5] [VAE] [final] train_precision=0.0410 train_true_positives=1338 train_true_negatives=85425 train_false_positives=31331 train_false_negatives=1216 train_max_prediction=0.9979 train_mean_prediction=0.3665 train_recall=0.5239 train_f1=0.0760 train_auc=0.6817 train_specificity=0.7317 train_false_positive_rate=0.2683 train_f2=0.1560 train_mcc=0.0829 train_prauc=0.0491 train_balanced_accuracy=0.6278 train_standard_deviation_prediction=0.2117 train_percentage_above_threshold=27.38 train_brier=0.1788 train_kappa=0.0378 train_informedness=0.2555 train_markedness=-0.2274 train_gini=0.3634 train_optimal_threshold=0.4444
[LN715    ] [chunk_18_phase_4_ensemble.py] [info] [section 5] [VAE] [final] VALIDATION_PRECISION=0.0452 VALIDATION_TRUE_POSITIVES=796 VALIDATION_TRUE_NEGATIVES=35226 validation_false_positives=16831 validation_false_negatives=401 validation_max_prediction=1.0000 validation_mean_prediction=0.3871 validation_recall=0.6650 validation_f1=0.0846 validation_auc=0.7223 validation_specificity=0.6767 validation_false_positive_rate=0.3233 validation_f2=0.1776 validation_mcc=0.1076 validation_prauc=0.0551 validation_balanced_accuracy=0.6708 validation_brier=0.2040 validation_kappa=0.0443 validation_informedness=0.3417 validation_markedness=-0.2782 validation_gini=0.4446 validation_optimal_threshold=0.4641 validation_standard_deviation_prediction=0.2402 validation_percentage_above_threshold=33.10
[LN716    ] [chunk_18_phase_4_ensemble.py] [info] [section 5] [VAE] [final] prediction_binary_split=0.50 hyperparams=(loss=binary_crossentropy lr=0.001 dropout=0.1 alpha=1.25 gamma=3.0 latent_dim=64) (using HPO model directly)
[LN717    ] [chunk_18_phase_4_ensemble.py] [info]    [VAE] loss: binary_crossentropy | pred_threshold: 0.5 | epochs: 80
[LN718    ] [chunk_18_phase_4_ensemble.py] [info]    [VAE] hyperparameter_optimization: latent_dim=64, learning_rate=0.001, dropout=0.1, alpha=1.25, gamma=3.0
[LN719    ] [chunk_18_phase_4_ensemble.py] [info]    VAE training time: 626.2s
[LN720    ] [chunk_18_phase_4_ensemble.py] [info] [pass] VAE trained successfully
[LN721    ] [chunk_18_phase_4_ensemble.py] [info] [section 1] [TRANSFORMER] [baseline] LABEL_THRESHOLD=20.0,
[LN722    ] [chunk_18_phase_4_ensemble.py] [info] [section 1] [TRANSFORMER] [baseline] predictions: mean=0.1006, std=0.0005, min=0.0887, max=0.1760
[LN723    ] [chunk_18_phase_4_ensemble.py] [info] [section 1] [TRANSFORMER] [baseline]  percentiles: p1=0.0999, p5=0.1004, p10=0.1005, p25=0.1005, p50=0.1005, p75=0.1006, p90=0.1008, p95=0.1011, p99=0.1020, max=0.1760 | histogram: bins[18, 55, 52211, 969, 0, 0, 0, 0, 0, 0, 0, 0, 0, 0, 0, 0, 0, 0, 0, 1]
[LN724    ] [chunk_18_phase_4_ensemble.py] [info] [section 1] [TRANSFORMER] [baseline] prediction_binary_split=0.50, VALIDATION predictions at LABEL_THRESHOLD=20.0: 0.00%
[LN725    ] [chunk_18_phase_4_ensemble.py] [warning] [section 1] [TRANSFORMER] [baseline] [warning] No predictions >= 0.5!
[LN726    ] [chunk_18_phase_4_ensemble.py] [info] [section 1] [TRANSFORMER] [baseline] LABEL_THRESHOLD=20.0,
[LN727    ] [chunk_18_phase_4_ensemble.py] [info] [section 1] [TRANSFORMER] [baseline] VALIDATION_PRECISION=0.0000 VALIDATION_TRUE_POSITIVES=0 VALIDATION_TRUE_NEGATIVES=52918 validation_false_positives=0 validation_false_negatives=336 validation_max_prediction=0.1760 validation_mean_prediction=0.1006 validation_recall=0.0000 validation_f1=0.0000 validation_auc=0.4080 validation_specificity=1.0000 validation_false_positive_rate=0.0000 validation_f2=0.0000 validation_mcc=0.0000 validation_prauc=0.0056 validation_balanced_accuracy=0.5000 validation_brier=0.0152 validation_kappa=0.0000 validation_informedness=0.0000 validation_markedness=1.0000 validation_gini=0.0000 validation_optimal_threshold=0.1000 validation_standard_deviation_prediction=0.0005 validation_percentage_above_threshold=0.00
[LN728    ] [chunk_18_phase_4_ensemble.py] [info] [section 1] [TRANSFORMER] [baseline] prediction_binary_split=0.50 loss=binary_crossentropy, lr=0.001
[LN729    ] [chunk_12_evaluation_evaluator.py] [info] [TRANSFORMER] LABEL_THRESHOLD=20.0 | Train: below prediction_binary_split=118,621,above prediction_binary_split=689 [ok] | Validation: below prediction_binary_split=52,918,above prediction_binary_split=336 [ok]
[LN730    ] [chunk_12_evaluation_evaluator.py] [info] [reject] Skipping threshold 20.0: only 0 positive VALIDATION predictions (min=5)
[LN731    ] [chunk_12_evaluation_evaluator.py] [info] [TRANSFORMER] LABEL_THRESHOLD=10.0 | Train: below prediction_binary_split=116,756,above prediction_binary_split=2,554 [ok] | Validation: below prediction_binary_split=52,057,above prediction_binary_split=1,197 [ok]
[LN732    ] [chunk_12_evaluation_evaluator.py] [info] [reject] Skipping threshold 10.0: only 0 positive VALIDATION predictions (min=5)
[LN733    ] [chunk_12_evaluation_evaluator.py] [info] [TRANSFORMER] LABEL_THRESHOLD=0.0 | Train: below prediction_binary_split=59,589,above prediction_binary_split=59,721 [ok] | Validation: below prediction_binary_split=24,480,above prediction_binary_split=28,774 [ok]
[LN734    ] [chunk_12_evaluation_evaluator.py] [info] [TRANSFORMER] [reject] skipping LABEL_THRESHOLD=0.0: pos_pred_ratio=60.21% outside [0%, 60%]
[LN735    ] [chunk_18_phase_4_ensemble.py] [warning] [section 1] [TRANSFORMER] [label_threshold_optimal] [warning] All label thresholds rejected — using baseline metrics at 20.0
[LN736    ] [chunk_18_phase_4_ensemble.py] [info] [section 1] [TRANSFORMER] [label_threshold_optimal] LABEL_THRESHOLD=20.0
[LN737    ] [chunk_18_phase_4_ensemble.py] [info] [section 1] [TRANSFORMER] [label_threshold_optimal] train_precision=0.0000 train_true_positives=0 train_true_negatives=52918 train_false_positives=0 train_false_negatives=336 train_max_prediction=0.1760 train_mean_prediction=0.1006 train_recall=0.0000 train_f1=0.0000 train_auc=0.4080 train_specificity=1.0000 train_false_positive_rate=0.0000 train_f2=0.0000 train_mcc=0.0000 train_prauc=0.0056 train_balanced_accuracy=0.5000 train_brier=0.0152 train_kappa=0.0000 train_informedness=0.0000 train_markedness=1.0000 train_gini=0.0000 train_optimal_threshold=0.1000 train_standard_deviation_prediction=0.0005 train_percentage_above_threshold=0.00
[LN738    ] [chunk_18_phase_4_ensemble.py] [info] [section 1] [TRANSFORMER] [label_threshold_optimal] VALIDATION_PRECISION=0.0000 VALIDATION_TRUE_POSITIVES=0 VALIDATION_TRUE_NEGATIVES=52918 validation_false_positives=0 validation_false_negatives=336 validation_max_prediction=0.1760 validation_mean_prediction=0.1006 validation_recall=0.0000 validation_f1=0.0000 validation_auc=0.4080 validation_specificity=1.0000 validation_false_positive_rate=0.0000 validation_f2=0.0000 validation_mcc=0.0000 validation_prauc=0.0056 validation_balanced_accuracy=0.5000 validation_brier=0.0152 validation_kappa=0.0000 validation_informedness=0.0000 validation_markedness=1.0000 validation_gini=0.0000 validation_optimal_threshold=0.1000 validation_standard_deviation_prediction=0.0005 validation_percentage_above_threshold=0.00
[LN739    ] [chunk_18_phase_4_ensemble.py] [info] [section 1] [TRANSFORMER] [label_threshold_optimal] prediction_binary_split=0.50
[LN740    ] [chunk_21_hyperparam_optimizer.py] [info] [section 2] [TRANSFORMER] [hyperparameter_optimization search] Running Bayesian optimization (5 trials)...
[LN741    ] [chunk_21_hyperparam_optimizer.py] [info] [section 2] [TRANSFORMER] [hyperparameter_optimization search baseline] LABEL_THRESHOLD=20.0
[LN742    ] [chunk_21_hyperparam_optimizer.py] [info] [section 2] [TRANSFORMER] [hyperparameter_optimization search baseline] VALIDATION_PRECISION=0.0271 VALIDATION_TRUE_POSITIVES=281 VALIDATION_TRUE_NEGATIVES=42823 validation_false_positives=10095 validation_false_negatives=55 validation_max_prediction=0.9904 validation_mean_prediction=0.2421 validation_recall=0.8363 validation_f1=0.0525 validation_auc=0.8983 validation_specificity=0.8092 validation_false_positive_rate=0.1908 validation_f2=0.1199 validation_mcc=0.1291 validation_prauc=0.0541 validation_balanced_accuracy=0.8228 validation_brier=0.1283 validation_kappa=0.0407 validation_informedness=0.6455 validation_markedness=-0.1637 validation_gini=0.7965 validation_optimal_threshold=0.3642 validation_standard_deviation_prediction=0.2693 validation_percentage_above_threshold=19.48
[LN743    ] [chunk_21_hyperparam_optimizer.py] [info] [section 2] [TRANSFORMER] [hyperparameter_optimization search baseline] TRIAL 1/5: loss_function=binary_crossentropy, dim=64, heads=2, dropout=0.1, learning_rate=0.0001, epochs=50, alpha=0.5, gamma=3.0, ff_dim=64, layers=4
[LN744    ] [chunk_21_hyperparam_optimizer.py] [info] [section 2] [TRANSFORMER] [hyperparameter_optimization search baseline] LABEL_THRESHOLD=20.0
[LN745    ] [chunk_21_hyperparam_optimizer.py] [info] [section 2] [TRANSFORMER] [hyperparameter_optimization search baseline] VALIDATION_PRECISION=0.0225 VALIDATION_TRUE_POSITIVES=289 VALIDATION_TRUE_NEGATIVES=40363 validation_false_positives=12555 validation_false_negatives=47 validation_max_prediction=0.9964 validation_mean_prediction=0.2847 validation_recall=0.8601 validation_f1=0.0439 validation_auc=0.8899 validation_specificity=0.7627 validation_false_positive_rate=0.2373 validation_f2=0.1018 validation_mcc=0.1153 validation_prauc=0.0438 validation_balanced_accuracy=0.8114 validation_brier=0.1630 validation_kappa=0.0320 validation_informedness=0.6229 validation_markedness=-0.2148 validation_gini=0.7798 validation_optimal_threshold=0.5912 validation_standard_deviation_prediction=0.2925 validation_percentage_above_threshold=24.12
[LN746    ] [chunk_21_hyperparam_optimizer.py] [info] [section 2] [TRANSFORMER] [hyperparameter_optimization search baseline] TRIAL 2/5: loss_function=binary_crossentropy, dim=256, heads=8, dropout=0.05, learning_rate=5e-05, epochs=20, alpha=0.75, gamma=1.5, ff_dim=256, layers=2
[LN747    ] [chunk_21_hyperparam_optimizer.py] [info] [section 2] [TRANSFORMER] [hyperparameter_optimization search baseline] LABEL_THRESHOLD=20.0
[LN748    ] [chunk_21_hyperparam_optimizer.py] [info] [section 2] [TRANSFORMER] [hyperparameter_optimization search baseline] VALIDATION_PRECISION=0.0000 VALIDATION_TRUE_POSITIVES=0 VALIDATION_TRUE_NEGATIVES=52918 validation_false_positives=0 validation_false_negatives=336 validation_max_prediction=0.2587 validation_mean_prediction=0.0149 validation_recall=0.0000 validation_f1=0.0000 validation_auc=0.8782 validation_specificity=1.0000 validation_false_positive_rate=0.0000 validation_f2=0.0000 validation_mcc=0.0000 validation_prauc=0.0501 validation_balanced_accuracy=0.5000 validation_brier=0.0063 validation_kappa=0.0000 validation_informedness=0.0000 validation_markedness=1.0000 validation_gini=0.7565 validation_optimal_threshold=0.0135 validation_standard_deviation_prediction=0.0215 validation_percentage_above_threshold=0.00
[LN749    ] [chunk_21_hyperparam_optimizer.py] [info] [section 2] [TRANSFORMER] [hyperparameter_optimization search baseline] TRIAL 3/5: loss_function=focal_loss, dim=128, heads=2, dropout=0.1, learning_rate=0.0002, epochs=20, alpha=0.75, gamma=1.5, ff_dim=256, layers=1
[LN750    ] [chunk_21_hyperparam_optimizer.py] [info] [section 2] [TRANSFORMER] [hyperparameter_optimization search baseline] LABEL_THRESHOLD=20.0
[LN751    ] [chunk_21_hyperparam_optimizer.py] [info] [section 2] [TRANSFORMER] [hyperparameter_optimization search baseline] VALIDATION_PRECISION=0.5000 VALIDATION_TRUE_POSITIVES=1 VALIDATION_TRUE_NEGATIVES=52917 validation_false_positives=1 validation_false_negatives=335 validation_max_prediction=0.5114 validation_mean_prediction=0.0449 validation_recall=0.0030 validation_f1=0.0059 validation_auc=0.8970 validation_specificity=1.0000 validation_false_positive_rate=0.0000 validation_f2=0.0037 validation_mcc=0.0382 validation_prauc=0.0593 validation_balanced_accuracy=0.5015 validation_brier=0.0109 validation_kappa=0.0058 validation_informedness=0.0030 validation_markedness=0.5000 validation_gini=0.7941 validation_optimal_threshold=0.0563 validation_standard_deviation_prediction=0.0710 validation_percentage_above_threshold=0.00
[LN752    ] [chunk_21_hyperparam_optimizer.py] [info] [section 2] [TRANSFORMER] [hyperparameter_optimization search baseline] TRIAL 4/5: loss_function=focal_loss, dim=128, heads=2, dropout=0.05, learning_rate=0.0001, epochs=30, alpha=0.5, gamma=3.0, ff_dim=64, layers=4
[LN753    ] [chunk_21_hyperparam_optimizer.py] [info] [section 2] [TRANSFORMER] [hyperparameter_optimization search baseline] LABEL_THRESHOLD=20.0
[LN754    ] [chunk_21_hyperparam_optimizer.py] [info] [section 2] [TRANSFORMER] [hyperparameter_optimization search baseline] VALIDATION_PRECISION=0.0232 VALIDATION_TRUE_POSITIVES=286 VALIDATION_TRUE_NEGATIVES=40878 validation_false_positives=12040 validation_false_negatives=50 validation_max_prediction=0.9833 validation_mean_prediction=0.2480 validation_recall=0.8512 validation_f1=0.0452 validation_auc=0.8985 validation_specificity=0.7725 validation_false_positive_rate=0.2275 validation_f2=0.1046 validation_mcc=0.1171 validation_prauc=0.0647 validation_balanced_accuracy=0.8118 validation_brier=0.1517 validation_kappa=0.0333 validation_informedness=0.6237 validation_markedness=-0.2043 validation_gini=0.7970 validation_optimal_threshold=0.6203 validation_standard_deviation_prediction=0.3060 validation_percentage_above_threshold=23.15
[LN755    ] [chunk_21_hyperparam_optimizer.py] [info] [section 2] [TRANSFORMER] [hyperparameter_optimization search baseline] TRIAL 5/5: loss_function=binary_crossentropy, dim=128, heads=4, dropout=0.2, learning_rate=0.0002, epochs=50, alpha=0.25, gamma=2.0, ff_dim=128, layers=4
[LN756    ] [chunk_21_hyperparam_optimizer.py] [info] [section 2] [TRANSFORMER] [best trial] LABEL_THRESHOLD=20.0
[LN757    ] [chunk_21_hyperparam_optimizer.py] [info] [section 2] [TRANSFORMER] [best trial] VALIDATION_PRECISION=0.5000 VALIDATION_TRUE_POSITIVES=1 VALIDATION_TRUE_NEGATIVES=52917 validation_false_positives=1 validation_false_negatives=335 validation_max_prediction=0.5114 validation_mean_prediction=0.0449 validation_recall=0.0030 validation_f1=0.0059 validation_auc=0.8970 validation_specificity=1.0000 validation_false_positive_rate=0.0000 validation_f2=0.0037 validation_mcc=0.0382 validation_prauc=0.0593 validation_balanced_accuracy=0.5015 validation_brier=0.0109 validation_kappa=0.0058 validation_informedness=0.0030 validation_markedness=0.5000 validation_gini=0.7941 validation_optimal_threshold=0.0563 validation_standard_deviation_prediction=0.0710 validation_percentage_above_threshold=0.00
[LN758    ] [chunk_21_hyperparam_optimizer.py] [info] [section 2] [TRANSFORMER] [best trial] loss_function=focal_loss, dim=128, heads=2, dropout=0.05, learning_rate=0.0001, epochs=30, alpha=0.5, gamma=3.0, ff_dim=64, layers=4
[LN759    ] [chunk_18_phase_4_ensemble.py] [info]    [diagnostic-hyperparameter_optimization]  percentiles: p1=0.0018, p5=0.0024, p10=0.0029, p25=0.0044, p50=0.0098, p75=0.0537, p90=0.1448, p95=0.2115, p99=0.3141, max=0.5114 | histogram: bins[34667, 5050, 3430, 2263, 1632, 1340, 1071, 926, 771, 645, 510, 348, 238, 134, 91, 50, 30, 33, 17, 8]
[LN760    ] [chunk_18_phase_4_ensemble.py] [info]    hyperparameter_optimization improved: 0.5000 > 0.0000
[LN761    ] [chunk_18_phase_4_ensemble.py] [info] [section 3] [TRANSFORMER] [HYPERPARAMETER_OPTIMIZATION] LABEL_THRESHOLD=20.0,
[LN762    ] [chunk_18_phase_4_ensemble.py] [info] [section 3] [TRANSFORMER] [HYPERPARAMETER_OPTIMIZATION] VALIDATION_PRECISION=0.5000 VALIDATION_TRUE_POSITIVES=1 VALIDATION_TRUE_NEGATIVES=52917 validation_false_positives=1 validation_false_negatives=335 validation_max_prediction=0.5114 validation_mean_prediction=0.0449 validation_recall=0.0030 validation_f1=0.0059 validation_auc=0.8970 validation_specificity=1.0000 validation_false_positive_rate=0.0000 validation_f2=0.0037 validation_mcc=0.0382 validation_prauc=0.0593 validation_balanced_accuracy=0.5015 validation_brier=0.0109 validation_kappa=0.0058 validation_informedness=0.0030 validation_markedness=0.5000 validation_gini=0.7941 validation_optimal_threshold=0.0563 validation_standard_deviation_prediction=0.0710 validation_percentage_above_threshold=0.00
[LN763    ] [chunk_18_phase_4_ensemble.py] [info] [section 3] [TRANSFORMER] [HYPERPARAMETER_OPTIMIZATION] prediction_binary_split=0.50 hyperparams=(loss=focal_loss lr=0.0001 dropout=0.05 alpha=0.5 gamma=3.0 latent_dim=0) improved=True {'loss_function': 'focal_loss', 'dim': 128, 'heads': 2, 'dropout': 0.05, 'learning_rate': 0.0001, 'epochs': 30, 'alpha': 0.5, 'gamma': 3.0, 'ff_dim': 64, 'layers': 4}
[LN764    ] [chunk_18_phase_4_ensemble.py] [info]    Running post hyperparameter_optimization threshold search for Transformer...
[LN765    ] [chunk_12_evaluation_evaluator.py] [info] [TRANSFORMER] LABEL_THRESHOLD=20.0 | Train: below prediction_binary_split=118,621,above prediction_binary_split=689 [ok] | Validation: below prediction_binary_split=52,918,above prediction_binary_split=336 [ok]
[LN766    ] [chunk_12_evaluation_evaluator.py] [info] [reject] Skipping threshold 20.0: only 2 positive VALIDATION predictions (min=5)
[LN767    ] [chunk_12_evaluation_evaluator.py] [info] [TRANSFORMER] LABEL_THRESHOLD=10.0 | Train: below prediction_binary_split=116,756,above prediction_binary_split=2,554 [ok] | Validation: below prediction_binary_split=52,057,above prediction_binary_split=1,197 [ok]
[LN768    ] [chunk_12_evaluation_evaluator.py] [info] [TRANSFORMER] [diagnostic] LABEL_THRESHOLD=10.0 train_precision=0.1122 train_true_positives=46 train_true_negatives=116392 train_false_positives=364 train_false_negatives=2508 train_max_prediction=0.6312 train_mean_prediction=0.0796 train_recall=0.0180 train_f1=0.0310 train_auc=0.7445 train_specificity=0.9969 train_false_positive_rate=0.0031 train_f2=0.0216 train_mcc=0.0368 train_prauc=0.0589 train_balanced_accuracy=0.5074 train_brier=0.0313 train_kappa=0.0253 train_informedness=0.0149 train_markedness=0.1091 train_gini=0.4891 train_optimal_threshold=0.0830 train_standard_deviation_prediction=0.1060 train_percentage_above_threshold=0.34
[LN769    ] [chunk_12_evaluation_evaluator.py] [info] [TRANSFORMER] [diagnostic] LABEL_THRESHOLD=10.0 VALIDATION_PRECISION=0.0495 VALIDATION_TRUE_POSITIVES=9 VALIDATION_TRUE_NEGATIVES=51884 validation_false_positives=173 validation_false_negatives=1188 validation_max_prediction=0.5928 validation_mean_prediction=0.0974 validation_recall=0.0075 validation_f1=0.0131 validation_auc=0.7202 validation_specificity=0.9967 validation_false_positive_rate=0.0033 validation_f2=0.0091 validation_mcc=0.0107 validation_prauc=0.0510 validation_balanced_accuracy=0.5021 validation_brier=0.0367 validation_kappa=0.0072 validation_informedness=0.0042 validation_markedness=0.0461 validation_gini=0.4405 validation_optimal_threshold=0.1010 validation_standard_deviation_prediction=0.1149 validation_percentage_above_threshold=0.34
[LN770    ] [chunk_12_evaluation_evaluator.py] [info] [TRANSFORMER] LABEL_THRESHOLD=0.0 | Train: below prediction_binary_split=59,589,above prediction_binary_split=59,721 [ok] | Validation: below prediction_binary_split=24,480,above prediction_binary_split=28,774 [ok]
[LN771    ] [chunk_12_evaluation_evaluator.py] [info] [TRANSFORMER] [reject] skipping LABEL_THRESHOLD=0.0: validation_precision=0.4390 <= baseline+0.0200=0.5200
[LN772    ] [chunk_18_phase_4_ensemble.py] [info]    hyperparameter_optimization model threshold search: LABEL_THRESHOLD=20.0, VALIDATION_PRECISION=0.5000
[LN773    ] [chunk_18_phase_4_ensemble.py] [info]    post hyperparameter_optimization threshold search: LABEL_THRESHOLD=10.0, VALIDATION_PRECISION=0.0495
[LN774    ] [chunk_18_phase_4_ensemble.py] [info]    post hyperparameter_optimization no improvement: keeping LABEL_THRESHOLD=20.0
[LN775    ] [chunk_18_phase_4_ensemble.py] [info] [section 4] [TRANSFORMER] [post hyperparameter_optimization] [diagnostic]  percentiles: p1=0.0018, p5=0.0024, p10=0.0029, p25=0.0044, p50=0.0098, p75=0.0537, p90=0.1448, p95=0.2115, p99=0.3141, max=0.5114 | histogram: bins[34667, 5050, 3430, 2263, 1632, 1340, 1071, 926, 771, 645, 510, 348, 238, 134, 91, 50, 30, 33, 17, 8]
[LN776    ] [chunk_18_phase_4_ensemble.py] [info] [section 4] [TRANSFORMER] [post hyperparameter_optimization] LABEL_THRESHOLD=20.0,
[LN777    ] [chunk_18_phase_4_ensemble.py] [info] [section 4] [TRANSFORMER] [post hyperparameter_optimization] VALIDATION_PRECISION=0.5000 VALIDATION_TRUE_POSITIVES=1 VALIDATION_TRUE_NEGATIVES=52917 validation_false_positives=1 validation_false_negatives=335 validation_max_prediction=0.5114 validation_mean_prediction=0.0449 validation_recall=0.0030 validation_f1=0.0059 validation_auc=0.8970 validation_specificity=1.0000 validation_false_positive_rate=0.0000 validation_f2=0.0037 validation_mcc=0.0382 validation_prauc=0.0593 validation_balanced_accuracy=0.5015 validation_brier=0.0109 validation_kappa=0.0058 validation_informedness=0.0030 validation_markedness=0.5000 validation_gini=0.7941 validation_optimal_threshold=0.0563 validation_standard_deviation_prediction=0.0710 validation_percentage_above_threshold=0.00
[LN778    ] [chunk_18_phase_4_ensemble.py] [info] [section 4] [TRANSFORMER] [post hyperparameter_optimization] prediction_binary_split=0.50 hyperparams=(loss=focal_loss lr=0.0001 dropout=0.05 alpha=0.5 gamma=3.0 latent_dim=64) source=section3
[LN779    ] [chunk_18_phase_4_ensemble.py] [info]    Using Hyperparameter_Optimized model directly (no change to Label_Threshold)
[LN780    ] [chunk_18_phase_4_ensemble.py] [info]    Train predictions: mean=0.0524, std=0.0697, min=0.0008, max=0.5600
[LN781    ] [chunk_18_phase_4_ensemble.py] [info]    validation predictions:   mean=0.0449, std=0.0710, min=0.0011, max=0.5114
[LN782    ] [chunk_18_phase_4_ensemble.py] [info] [section 5] [TRANSFORMER] [final] [diagnostic] Train  percentiles: p1=0.0018, p5=0.0028, p10=0.0036, p25=0.0062, p50=0.0181, p75=0.0761, p90=0.1513, p95=0.2036, p99=0.3043, max=0.5600 | histogram: bins[68380, 14120, 9772, 7573, 5833, 4111, 2954, 2114, 1571, 1090, 674, 438, 288, 175, 112, 55, 29, 14, 4, 3]
[LN783    ] [chunk_18_phase_4_ensemble.py] [info] [section 5] [TRANSFORMER] [final] [diagnostic] validation    percentiles: p1=0.0018, p5=0.0024, p10=0.0029, p25=0.0044, p50=0.0098, p75=0.0537, p90=0.1448, p95=0.2115, p99=0.3141, max=0.5114 | histogram: bins[34667, 5050, 3430, 2263, 1632, 1340, 1071, 926, 771, 645, 510, 348, 238, 134, 91, 50, 30, 33, 17, 8]
[LN784    ] [chunk_18_phase_4_ensemble.py] [info]    Train predictions: 0.01% positive predictions (8 / 119,310)
[LN785    ] [chunk_18_phase_4_ensemble.py] [info]    validation predictions:   0.00% positive predictions (2 / 53,254)
[LN786    ] [chunk_18_phase_4_ensemble.py] [info]    [info] Section 4 all rejected - using Section 3 results for Section 5
[LN787    ] [chunk_18_phase_4_ensemble.py] [info]    [diagnostic] prediction_buckets: 0-10:5023, 10-20:2341, 20-30:604, 30-40:94, 40-50:2, 50-60:0, 60-70:0, 70-80:0, 80-90:0, 90-100:0
[LN788    ] [chunk_18_phase_4_ensemble.py] [info] [section 5] [TRANSFORMER] [final] LABEL_THRESHOLD=20.0,
[LN789    ] [chunk_18_phase_4_ensemble.py] [info] [section 5] [TRANSFORMER] [final] train_precision=0.3750 train_true_positives=3 train_true_negatives=118616 train_false_positives=5 train_false_negatives=686 train_max_prediction=0.5600 train_mean_prediction=0.0524 train_recall=0.0044 train_f1=0.0086 train_auc=0.8962 train_specificity=1.0000 train_false_positive_rate=0.0000 train_f2=0.0054 train_mcc=0.0399 train_prauc=0.0648 train_balanced_accuracy=0.5022 train_standard_deviation_prediction=0.0697 train_percentage_above_threshold=0.01 train_brier=0.0111 train_kappa=0.0085 train_informedness=0.0043 train_markedness=0.3750 train_gini=0.7924 train_optimal_threshold=0.0742
[LN790    ] [chunk_18_phase_4_ensemble.py] [info] [section 5] [TRANSFORMER] [final] VALIDATION_PRECISION=0.5000 VALIDATION_TRUE_POSITIVES=1 VALIDATION_TRUE_NEGATIVES=52917 validation_false_positives=1 validation_false_negatives=335 validation_max_prediction=0.5114 validation_mean_prediction=0.0449 validation_recall=0.0030 validation_f1=0.0059 validation_auc=0.8970 validation_specificity=1.0000 validation_false_positive_rate=0.0000 validation_f2=0.0037 validation_mcc=0.0382 validation_prauc=0.0593 validation_balanced_accuracy=0.5015 validation_brier=0.0109 validation_kappa=0.0058 validation_informedness=0.0030 validation_markedness=0.5000 validation_gini=0.7941 validation_optimal_threshold=0.0563 validation_standard_deviation_prediction=0.0710 validation_percentage_above_threshold=0.00
[LN791    ] [chunk_18_phase_4_ensemble.py] [info] [section 5] [TRANSFORMER] [final] prediction_binary_split=0.50 hyperparams=(loss=focal_loss lr=0.0001 dropout=0.05 alpha=0.5 gamma=3.0 latent_dim=64) (using HPO model directly)
[LN792    ] [chunk_18_phase_4_ensemble.py] [info]    [Transformer] loss: focal_loss | pred_threshold: 0.5 | epochs: 30
[LN793    ] [chunk_18_phase_4_ensemble.py] [info]    [Transformer] hyperparameter_optimization: dim=128, heads=2, dropout=0.05, learning_rate=0.0001, alpha=0.5, gamma=3.0, layers=4
[LN794    ] [chunk_18_phase_4_ensemble.py] [info]    Transformer training time: 816.4s
[LN795    ] [chunk_18_phase_4_ensemble.py] [info] [pass] Transformer trained successfully
[LN796    ] [chunk_18_phase_4_ensemble.py] [info] Running Feature Stability Analysis...
[LN797    ] [chunk_18_phase_4_ensemble.py] [info]    Feature Stability (top 5):
[LN798    ] [chunk_18_phase_4_ensemble.py] [info]       Change: stability=0.029, importance=0.038
[LN799    ] [chunk_18_phase_4_ensemble.py] [info]       Volume: stability=0.008, importance=0.038
[LN800    ] [chunk_18_phase_4_ensemble.py] [info]       Price_to_52W_High: stability=0.007, importance=0.038
[LN801    ] [chunk_18_phase_4_ensemble.py] [info]       Price: stability=0.007, importance=0.038
[LN802    ] [chunk_18_phase_4_ensemble.py] [info]       Prev_Close: stability=0.007, importance=0.038
[LN803    ] [chunk_18_phase_4_ensemble.py] [info] Measuring Inference Latency...
[LN804    ] [chunk_18_phase_4_ensemble.py] [info]    Inference latency: 0.001 ms/sample (10000 samples)
[LN805    ] [chunk_18_phase_4_ensemble.py] [info] Running Sliding Window Validation...
[LN806    ] [chunk_18_phase_4_ensemble.py] [info]    sliding window: train_samples=125233, validation_samples=59175
[LN807    ] [chunk_18_phase_4_ensemble.py] [info]    Sliding Window validation: validation_precision=0.0029 validation_recall=0.0134 validation_f1=0.0048
[LN808    ] [chunk_18_phase_4_ensemble.py] [info]    temporal drift: Significant precision drift: +141.2% change (performance improving over time)
[LN809    ] [chunk_18_phase_4_ensemble.py] [info]    drift: stability_score=-0.134
[LN810    ] [chunk_18_phase_4_ensemble.py] [info] Running Permutation Importance on all trained models...
[LN811    ] [chunk_18_phase_4_ensemble.py] [info]    CatBoost Permutation Importance (top 10):
[LN812    ] [chunk_18_phase_4_ensemble.py] [info]       Perf_Week: 0.0020
[LN813    ] [chunk_18_phase_4_ensemble.py] [info]       52W_Low: 0.0012
[LN814    ] [chunk_18_phase_4_ensemble.py] [info]       ATR: 0.0011
[LN815    ] [chunk_18_phase_4_ensemble.py] [info]       SMA200: 0.0010
[LN816    ] [chunk_18_phase_4_ensemble.py] [info]       Market_Cap: 0.0009
[LN817    ] [chunk_18_phase_4_ensemble.py] [info]       Volume: 0.0009
[LN818    ] [chunk_18_phase_4_ensemble.py] [info]       Perf_Month: 0.0007
[LN819    ] [chunk_18_phase_4_ensemble.py] [info]       SMA50: 0.0006
[LN820    ] [chunk_18_phase_4_ensemble.py] [info]       Price: 0.0005
[LN821    ] [chunk_18_phase_4_ensemble.py] [info]       Avg_Volume: 0.0005
[LN822    ] [chunk_18_phase_4_ensemble.py] [info]    CatBoost [advanced] entropy=35182.9849, LogitComp=2.02, MI=0.0003
[LN823    ] [chunk_18_phase_4_ensemble.py] [info]    CatBoost [advanced] KS-stat=0.1586 (moderate_separation), bhattacharyya=-3.3776
[LN824    ] [chunk_18_phase_4_ensemble.py] [info]    LightGBM Permutation Importance (top 10):
[LN825    ] [chunk_18_phase_4_ensemble.py] [info]       Perf_Week: 0.0018
[LN826    ] [chunk_18_phase_4_ensemble.py] [info]       52W_Low: 0.0015
[LN827    ] [chunk_18_phase_4_ensemble.py] [info]       Perf_Month: 0.0009
[LN828    ] [chunk_18_phase_4_ensemble.py] [info]       SMA200: 0.0008
[LN829    ] [chunk_18_phase_4_ensemble.py] [info]       Avg_Volume: 0.0007
[LN830    ] [chunk_18_phase_4_ensemble.py] [info]       52W_High: 0.0004
[LN831    ] [chunk_18_phase_4_ensemble.py] [info]       ATR: 0.0003
[LN832    ] [chunk_18_phase_4_ensemble.py] [info]       Perf_YTD: 0.0002
[LN833    ] [chunk_18_phase_4_ensemble.py] [info]       Market_Cap: 0.0002
[LN834    ] [chunk_18_phase_4_ensemble.py] [info]       Volume: 0.0001
[LN835    ] [chunk_18_phase_4_ensemble.py] [info]    LightGBM [advanced] entropy=34692.9160, LogitComp=2.07, MI=0.0001
[LN836    ] [chunk_18_phase_4_ensemble.py] [info]    LightGBM [advanced] KS-stat=0.0883 (poor_separation), bhattacharyya=-3.5288
[LN837    ] [chunk_18_phase_4_ensemble.py] [info]    XGBoost Permutation Importance (top 10):
[LN838    ] [chunk_18_phase_4_ensemble.py] [info]       SMA50: 0.0078
[LN839    ] [chunk_18_phase_4_ensemble.py] [info]       SMA200: 0.0072
[LN840    ] [chunk_18_phase_4_ensemble.py] [info]       Volume: 0.0065
[LN841    ] [chunk_18_phase_4_ensemble.py] [info]       Ticker_id: 0.0049
[LN842    ] [chunk_18_phase_4_ensemble.py] [info]       RSI_14: 0.0037
[LN843    ] [chunk_18_phase_4_ensemble.py] [info]       52W_High: 0.0031
[LN844    ] [chunk_18_phase_4_ensemble.py] [info]       Perf_Quarter: 0.0028
[LN845    ] [chunk_18_phase_4_ensemble.py] [info]       Avg_Volume: 0.0019
[LN846    ] [chunk_18_phase_4_ensemble.py] [info]       ATR: 0.0014
[LN847    ] [chunk_18_phase_4_ensemble.py] [info]       Market_Cap: 0.0010
[LN848    ] [chunk_18_phase_4_ensemble.py] [info]    XGBoost [advanced] entropy=8031.0371, LogitComp=2.87, MI=0.0009
[LN849    ] [chunk_18_phase_4_ensemble.py] [info]    XGBoost [advanced] KS-stat=0.5193 (excellent_separation), bhattacharyya=-2.9103
[LN850    ] [chunk_18_phase_4_ensemble.py] [info]    Dense Permutation Importance (top 10):
[LN851    ] [chunk_18_phase_4_ensemble.py] [info]       SMA200: 0.0327
[LN852    ] [chunk_18_phase_4_ensemble.py] [info]       Perf_YTD: 0.0095
[LN853    ] [chunk_18_phase_4_ensemble.py] [info]       RSI_14: 0.0093
[LN854    ] [chunk_18_phase_4_ensemble.py] [info]       52W_High: 0.0088
[LN855    ] [chunk_18_phase_4_ensemble.py] [info]       Perf_Half_Y: 0.0052
[LN856    ] [chunk_18_phase_4_ensemble.py] [info]       Perf_Quarter: 0.0048
[LN857    ] [chunk_18_phase_4_ensemble.py] [info]       52W_Low: 0.0031
[LN858    ] [chunk_18_phase_4_ensemble.py] [info]       Perf_Year: 0.0030
[LN859    ] [chunk_18_phase_4_ensemble.py] [info]       Perf_Month: 0.0025
[LN860    ] [chunk_18_phase_4_ensemble.py] [info]       Perf_Week: -0.0006
[LN861    ] [chunk_18_phase_4_ensemble.py] [info]    Dense [advanced] entropy=8996.1221, LogitComp=3.87, MI=0.0008
[LN862    ] [chunk_18_phase_4_ensemble.py] [info]    Dense [advanced] KS-stat=0.4907 (good_separation), bhattacharyya=-3.1533
[LN863    ] [chunk_18_phase_4_ensemble.py] [info]    CNN Permutation Importance (top 10):
[LN864    ] [chunk_18_phase_4_ensemble.py] [info]       Market_Cap: 0.0015
[LN865    ] [chunk_18_phase_4_ensemble.py] [info]       Avg_Volume: 0.0014
[LN866    ] [chunk_18_phase_4_ensemble.py] [info]       SMA20: 0.0012
[LN867    ] [chunk_18_phase_4_ensemble.py] [info]       52W_Low: 0.0012
[LN868    ] [chunk_18_phase_4_ensemble.py] [info]       Price: 0.0005
[LN869    ] [chunk_18_phase_4_ensemble.py] [info]       Perf_YTD: 0.0003
[LN870    ] [chunk_18_phase_4_ensemble.py] [info]       SMA200: 0.0003
[LN871    ] [chunk_18_phase_4_ensemble.py] [info]       Perf_Year: 0.0002
[LN872    ] [chunk_18_phase_4_ensemble.py] [info]       Perf_Week: 0.0001
[LN873    ] [chunk_18_phase_4_ensemble.py] [info]       ATR: 0.0000
[LN874    ] [chunk_18_phase_4_ensemble.py] [info]    CNN [advanced] entropy=36592.4961, LogitComp=1.63, MI=0.0000
[LN875    ] [chunk_18_phase_4_ensemble.py] [info]    CNN [advanced] KS-stat=0.1846 (moderate_separation), bhattacharyya=-4.2717
[LN876    ] [chunk_18_phase_4_ensemble.py] [info]    RNN Permutation Importance (top 10):
[LN877    ] [chunk_18_phase_4_ensemble.py] [info]       52W_Low: 0.0027
[LN878    ] [chunk_18_phase_4_ensemble.py] [info]       Market_Cap: 0.0020
[LN879    ] [chunk_18_phase_4_ensemble.py] [info]       SMA50: 0.0006
[LN880    ] [chunk_18_phase_4_ensemble.py] [info]       SMA200: 0.0006
[LN881    ] [chunk_18_phase_4_ensemble.py] [info]       Volume: 0.0003
[LN882    ] [chunk_18_phase_4_ensemble.py] [info]       Perf_Month: 0.0002
[LN883    ] [chunk_18_phase_4_ensemble.py] [info]       Avg_Volume: 0.0002
[LN884    ] [chunk_18_phase_4_ensemble.py] [info]       SMA20: 0.0001
[LN885    ] [chunk_18_phase_4_ensemble.py] [info]       Ticker_id: 0.0001
[LN886    ] [chunk_18_phase_4_ensemble.py] [info]       Perf_Quarter: 0.0000
[LN887    ] [chunk_18_phase_4_ensemble.py] [info]    RNN [advanced] entropy=36413.5352, LogitComp=1.26, MI=0.0002
[LN888    ] [chunk_18_phase_4_ensemble.py] [info]    RNN [advanced] KS-stat=0.1446 (moderate_separation), bhattacharyya=-4.0853
[LN889    ] [chunk_18_phase_4_ensemble.py] [info]    LSTM Permutation Importance (top 10):
[LN890    ] [chunk_18_phase_4_ensemble.py] [info]       Perf_Year: 0.0009
[LN891    ] [chunk_18_phase_4_ensemble.py] [info]       Volume: 0.0005
[LN892    ] [chunk_18_phase_4_ensemble.py] [info]       Perf_Quarter: 0.0004
[LN893    ] [chunk_18_phase_4_ensemble.py] [info]       SMA200: 0.0004
[LN894    ] [chunk_18_phase_4_ensemble.py] [info]       Market_Cap: 0.0003
[LN895    ] [chunk_18_phase_4_ensemble.py] [info]       Perf_YTD: 0.0003
[LN896    ] [chunk_18_phase_4_ensemble.py] [info]       52W_High: 0.0003
[LN897    ] [chunk_18_phase_4_ensemble.py] [info]       Perf_Month: 0.0003
[LN898    ] [chunk_18_phase_4_ensemble.py] [info]       Ticker_id: 0.0002
[LN899    ] [chunk_18_phase_4_ensemble.py] [info]       SMA50: 0.0002
[LN900    ] [chunk_18_phase_4_ensemble.py] [info]    LSTM [advanced] entropy=18967.7734, LogitComp=1.55, MI=0.0047
[LN901    ] [chunk_18_phase_4_ensemble.py] [info]    LSTM [advanced] KS-stat=0.5949 (excellent_separation), bhattacharyya=-2.8807
[LN902    ] [chunk_18_phase_4_ensemble.py] [info]    VAE Permutation Importance (top 10):
[LN903    ] [chunk_18_phase_4_ensemble.py] [info]       Perf_Year: 0.0012
[LN904    ] [chunk_18_phase_4_ensemble.py] [info]       52W_Low: 0.0011
[LN905    ] [chunk_18_phase_4_ensemble.py] [info]       Volume: 0.0010
[LN906    ] [chunk_18_phase_4_ensemble.py] [info]       Market_Cap: 0.0010
[LN907    ] [chunk_18_phase_4_ensemble.py] [info]       Prev_Close: 0.0008
[LN908    ] [chunk_18_phase_4_ensemble.py] [info]       Perf_YTD: 0.0008
[LN909    ] [chunk_18_phase_4_ensemble.py] [info]       52W_High: 0.0007
[LN910    ] [chunk_18_phase_4_ensemble.py] [info]       RSI_14: 0.0006
[LN911    ] [chunk_18_phase_4_ensemble.py] [info]       Perf_Week: 0.0005
[LN912    ] [chunk_18_phase_4_ensemble.py] [info]       Perf_Quarter: 0.0005
[LN913    ] [chunk_18_phase_4_ensemble.py] [info]    VAE [advanced] entropy=28385.6836, LogitComp=2.29, MI=0.0023
[LN914    ] [chunk_18_phase_4_ensemble.py] [info]    VAE [advanced] KS-stat=0.4355 (good_separation), bhattacharyya=-2.9842
[LN915    ] [chunk_18_phase_4_ensemble.py] [info]    Transformer Permutation Importance (top 10):
[LN916    ] [chunk_18_phase_4_ensemble.py] [info]       Volume: 0.5000
[LN917    ] [chunk_18_phase_4_ensemble.py] [info]       RSI_14: 0.5000
[LN918    ] [chunk_18_phase_4_ensemble.py] [info]       Perf_Month: 0.4628
[LN919    ] [chunk_18_phase_4_ensemble.py] [info]       Perf_Week: 0.4578
[LN920    ] [chunk_18_phase_4_ensemble.py] [info]       Prev_Close: 0.4333
[LN921    ] [chunk_18_phase_4_ensemble.py] [info]       Avg_Volume: 0.3868
[LN922    ] [chunk_18_phase_4_ensemble.py] [info]       Price: 0.3855
[LN923    ] [chunk_18_phase_4_ensemble.py] [info]       52W_High: 0.3842
[LN924    ] [chunk_18_phase_4_ensemble.py] [info]       Perf_YTD: 0.3706
[LN925    ] [chunk_18_phase_4_ensemble.py] [info]       SMA200: 0.3292
[LN926    ] [chunk_18_phase_4_ensemble.py] [info]    Transformer [advanced] entropy=7502.2139, LogitComp=2.69, MI=0.0001
[LN927    ] [chunk_18_phase_4_ensemble.py] [info]    Transformer [advanced] KS-stat=0.6519 (excellent_separation), bhattacharyya=-3.4190
[LN928    ] [chunk_18_phase_4_ensemble.py] [info] Filtering architectures by minimum validation_precision > 0.53:
[LN929    ] [chunk_18_phase_4_ensemble.py] [info]   CatBoost: validation_precision=0.5249 FAIL (Minimum Validation_Precision Required=0.53)
[LN930    ] [chunk_18_phase_4_ensemble.py] [info]   LightGBM: validation_precision=0.5293 FAIL (Minimum Validation_Precision Required=0.53)
[LN931    ] [chunk_18_phase_4_ensemble.py] [info]   XGBoost: validation_precision=0.0802 FAIL (Minimum Validation_Precision Required=0.53)
[LN932    ] [chunk_18_phase_4_ensemble.py] [info]   Dense: validation_precision=0.1628 FAIL (Minimum Validation_Precision Required=0.53)
[LN933    ] [chunk_18_phase_4_ensemble.py] [info]   CNN: validation_precision=0.5330 PASS (Minimum Validation_Precision Required=0.53)
[LN934    ] [chunk_18_phase_4_ensemble.py] [info]   RNN: validation_precision=0.5218 FAIL (Minimum Validation_Precision Required=0.53)
[LN935    ] [chunk_18_phase_4_ensemble.py] [info]   LSTM: validation_precision=0.0552 FAIL (Minimum Validation_Precision Required=0.53)
[LN936    ] [chunk_18_phase_4_ensemble.py] [info]   VAE: validation_precision=0.0452 FAIL (Minimum Validation_Precision Required=0.53)
[LN937    ] [chunk_18_phase_4_ensemble.py] [info]   Transformer: validation_precision=0.5000 FAIL (Minimum Validation_Precision Required=0.53)
[LN938    ] [chunk_18_phase_4_ensemble.py] [info] ensemble: 1 architectures (CNN)
[LN939    ] [chunk_18_phase_4_ensemble.py] [info]    [diagnostic-ensemble]  percentiles: p1=0.3854, p5=0.4056, p10=0.4200, p25=0.4503, p50=0.4851, p75=0.5171, p90=0.5474, p95=0.5761, p99=0.6322, max=0.7902 | histogram: bins[2, 13, 22, 116, 1656, 4769, 7170, 9910, 10720, 9809, 4837, 1859, 1227, 637, 232, 85, 49, 11, 28, 102]
[LN940    ] [chunk_18_phase_4_ensemble.py] [info] Ensemble precision (validation): 0.5330 (LABEL_THRESHOLD=0.0, prediction_binary_split=0.50)
[LN941    ] [chunk_18_phase_4_ensemble.py] [info] ARCHITECTURE RANKING (by validation_precision)
[LN942    ] [chunk_18_phase_4_ensemble.py] [info] Rank | Arch    | Thresh | validation_precision | validation_recall | validation_auc | validation_false_negatives | validation_true_negatives | validation_true_positives | validation_false_positives
[LN943    ] [chunk_18_phase_4_ensemble.py] [info]    1 | CNN     |    0.0 | validation_precision=  0.5330 | validation_recall=  0.3792 | validation_auc=  0.4834 | validation_false_negatives=17864 | validation_true_negatives= 14922 | validation_true_positives=10910 | validation_false_positives=9558
[LN944    ] [chunk_18_phase_4_ensemble.py] [info]    2 | LightGBM |    0.0 | validation_precision=  0.5293 | validation_recall=  0.3636 | validation_auc=  0.4866 | validation_false_negatives=18312 | validation_true_negatives= 15178 | validation_true_positives=10462 | validation_false_positives=9302
[LN945    ] [chunk_18_phase_4_ensemble.py] [info]    3 | CatBoost |    0.0 | validation_precision=  0.5249 | validation_recall=  0.3939 | validation_auc=  0.4815 | validation_false_negatives=17440 | validation_true_negatives= 14220 | validation_true_positives=11334 | validation_false_positives=10260
[LN946    ] [chunk_18_phase_4_ensemble.py] [info]    4 | RNN     |    0.0 | validation_precision=  0.5218 | validation_recall=  0.4607 | validation_auc=  0.4683 | validation_false_negatives=15517 | validation_true_negatives= 12331 | validation_true_positives=13257 | validation_false_positives=12149
[LN947    ] [chunk_18_phase_4_ensemble.py] [info]    5 | Transformer |   20.0 | validation_precision=  0.5000 | validation_recall=  0.0030 | validation_auc=  0.8970 | validation_false_negatives=  335 | validation_true_negatives= 52917 | validation_true_positives=   1 | validation_false_positives=   1
[LN948    ] [chunk_18_phase_4_ensemble.py] [info]    6 | Dense   |   10.0 | validation_precision=  0.1628 | validation_recall=  0.0351 | validation_auc=  0.7660 | validation_false_negatives= 1155 | validation_true_negatives= 51841 | validation_true_positives=  42 | validation_false_positives= 216
[LN949    ] [chunk_18_phase_4_ensemble.py] [info]    7 | XGBoost |   10.0 | validation_precision=  0.0802 | validation_recall=  0.1554 | validation_auc=  0.7739 | validation_false_negatives= 1011 | validation_true_negatives= 49925 | validation_true_positives= 186 | validation_false_positives=2132
[LN950    ] [chunk_18_phase_4_ensemble.py] [info]    8 | LSTM    |   10.0 | validation_precision=  0.0552 | validation_recall=  0.8906 | validation_auc=  0.8277 | validation_false_negatives=  131 | validation_true_negatives= 33818 | validation_true_positives=1066 | validation_false_positives=18239
[LN951    ] [chunk_18_phase_4_ensemble.py] [info]    9 | VAE     |   10.0 | validation_precision=  0.0452 | validation_recall=  0.6650 | validation_auc=  0.7223 | validation_false_negatives=  401 | validation_true_negatives= 35226 | validation_true_positives= 796 | validation_false_positives=16831
[LN952    ] [chunk_18_phase_4_ensemble.py] [info] hyperparameter_optimization IMPACT SUMMARY
[LN953    ] [chunk_18_phase_4_ensemble.py] [info] Architecture | Pre_hyperparameter_optimization_validation_precision | Post_hyperparameter_optimization_validation_precision | Improved?
[LN954    ] [chunk_18_phase_4_ensemble.py] [info] CatBoost     | Pre_hyperparameter_optimization_validation_precision=    0.5249 | Post_hyperparameter_optimization_validation_precision=    0.5231 | Improved?=No       
[LN955    ] [chunk_18_phase_4_ensemble.py] [info] LightGBM     | Pre_hyperparameter_optimization_validation_precision=    0.5257 | Post_hyperparameter_optimization_validation_precision=    0.5293 | Improved?=Yes      
[LN956    ] [chunk_18_phase_4_ensemble.py] [info] XGBoost      | Pre_hyperparameter_optimization_validation_precision=    0.0802 | Post_hyperparameter_optimization_validation_precision=    0.0749 | Improved?=No       
[LN957    ] [chunk_18_phase_4_ensemble.py] [info] Dense        | Pre_hyperparameter_optimization_validation_precision=    0.0741 | Post_hyperparameter_optimization_validation_precision=    0.0274 | Improved?=No       
[LN958    ] [chunk_18_phase_4_ensemble.py] [info] CNN          | Pre_hyperparameter_optimization_validation_precision=    0.5287 | Post_hyperparameter_optimization_validation_precision=    0.5330 | Improved?=Yes      
[LN959    ] [chunk_18_phase_4_ensemble.py] [info] RNN          | Pre_hyperparameter_optimization_validation_precision=    0.5218 | Post_hyperparameter_optimization_validation_precision=    0.5035 | Improved?=No       
[LN960    ] [chunk_18_phase_4_ensemble.py] [info] LSTM         | Pre_hyperparameter_optimization_validation_precision=    0.0000 | Post_hyperparameter_optimization_validation_precision=    0.0192 | Improved?=Yes      
[LN961    ] [chunk_18_phase_4_ensemble.py] [info] VAE          | Pre_hyperparameter_optimization_validation_precision=    0.0000 | Post_hyperparameter_optimization_validation_precision=    0.0182 | Improved?=Yes      
[LN962    ] [chunk_18_phase_4_ensemble.py] [info] Transformer  | Pre_hyperparameter_optimization_validation_precision=    0.0000 | Post_hyperparameter_optimization_validation_precision=    0.5000 | Improved?=Yes      
[LN963    ] [chunk_18_phase_4_ensemble.py] [info] TRAINING TIME SUMMARY
[LN964    ] [chunk_18_phase_4_ensemble.py] [info]    CatBoost: 50.3s
[LN965    ] [chunk_18_phase_4_ensemble.py] [info]    LightGBM: 26.5s
[LN966    ] [chunk_18_phase_4_ensemble.py] [info]    XGBoost: 23.3s
[LN967    ] [chunk_18_phase_4_ensemble.py] [info]    Dense: 374.9s
[LN968    ] [chunk_18_phase_4_ensemble.py] [info]    CNN: 2187.2s
[LN969    ] [chunk_18_phase_4_ensemble.py] [info]    RNN: 1144.4s
[LN970    ] [chunk_18_phase_4_ensemble.py] [info]    LSTM: 1482.3s
[LN971    ] [chunk_18_phase_4_ensemble.py] [info]    VAE: 626.2s
[LN972    ] [chunk_18_phase_4_ensemble.py] [info]    Transformer: 816.4s
[LN973    ] [chunk_18_phase_4_ensemble.py] [info]    total: 6731.4s
[LN974    ] [chunk_18_phase_4_ensemble.py] [info]    Skipping CatBoost (precision 0.5249 < 0.53)
[LN975    ] [chunk_18_phase_4_ensemble.py] [info]    Skipping LightGBM (precision 0.5293 < 0.53)
[LN976    ] [chunk_18_phase_4_ensemble.py] [info]    Skipping XGBoost (precision 0.0802 < 0.53)
[LN977    ] [chunk_18_phase_4_ensemble.py] [info]    Skipping Dense (precision 0.1628 < 0.53)
[LN978    ] [chunk_18_phase_4_ensemble.py] [info]    Saved CNN model to ./saved_models/CNN_model.keras
[LN979    ] [chunk_18_phase_4_ensemble.py] [info]    Saved CNN scaler to ./saved_models/CNN_scaler.joblib
[LN980    ] [chunk_18_phase_4_ensemble.py] [info]    Skipping RNN (precision 0.5218 < 0.53)
[LN981    ] [chunk_18_phase_4_ensemble.py] [info]    Skipping LSTM (precision 0.0552 < 0.53)
[LN982    ] [chunk_18_phase_4_ensemble.py] [info]    Skipping VAE (precision 0.0452 < 0.53)
[LN983    ] [chunk_18_phase_4_ensemble.py] [info]    Skipping Transformer (precision 0.5000 < 0.53)
[LN984    ] [chunk_18_phase_4_ensemble.py] [info]    Saved temporal weights to ./saved_models/temporal_weights.json
[LN985    ] [chunk_18_phase_4_ensemble.py] [info]    Saved feature names to ./saved_models/feature_names.json
[LN986    ] [chunk_18_phase_4_ensemble.py] [info]    Saved split date to ./saved_models/split_date.txt
[LN987    ] [chunk_18_phase_4_ensemble.py] [info]    Saved all training dates to ./saved_models/all_dates.json
[LN988    ] [chunk_18_phase_4_ensemble.py] [info]    Saved CNN metadata to ./saved_models/CNN_metadata.json
[LN989    ] [chunk_18_phase_4_ensemble.py] [info]    All models and parameters saved to ./saved_models
[LN990    ] [chunk_XX_phase_feature_analysis_b.py] [info] Phase Xb: Temporal Precision Gap Analysis - Starting
[LN991    ] [chunk_XX_phase_feature_analysis_b.py] [info] Analyzing temporal precision gap for 9 architectures
[LN992    ] [chunk_XX_phase_feature_analysis_b.py] [info] Label threshold: 20.0, Prediction threshold: 0.5
[LN993    ] [chunk_XX_phase_feature_analysis_b.py] [info] Date split: 9 unique dates
[LN994    ] [chunk_XX_phase_feature_analysis_b.py] [info] Recent dates (>=20251017): 17,747 samples, 91 signal cases
[LN995    ] [chunk_XX_phase_feature_analysis_b.py] [info] Older dates (<=20251013): 17,755 samples, 139 signal cases
[LN996    ] [chunk_XX_phase_feature_analysis_b.py] [info] Phase Xb: Temporal Precision Gap Analysis Report - FULL METRICS
[LN997    ] [chunk_XX_phase_feature_analysis_b.py] [info] Architecture validation_recent_precision validation_recent_recall validation_recent_auc validation_recent_f1 validation_older_precision validation_older_recall validation_older_auc validation_older_f1    Gap
[LN998    ] [chunk_XX_phase_feature_analysis_b.py] [info] Dense        validation_recent_precision=  0.1351 validation_recent_recall=  0.1099 validation_recent_auc=    0.8272 validation_recent_f1=  0.1212 validation_older_precision=  0.0879 validation_older_recall=  0.0576 validation_older_auc=    0.8157 validation_older_f1=  0.0696 Gap= +0.05
[LN999    ] [chunk_XX_phase_feature_analysis_b.py] [info] RNN          validation_recent_precision=  0.0072 validation_recent_recall=  0.5495 validation_recent_auc=    0.6205 validation_recent_f1=  0.0142 validation_older_precision=  0.0094 validation_older_recall=  0.6475 validation_older_auc=    0.5734 validation_older_f1=  0.0186 Gap= -0.00
[LN1000   ] [chunk_XX_phase_feature_analysis_b.py] [info] CNN          validation_recent_precision=  0.0043 validation_recent_recall=  0.2527 validation_recent_auc=    0.5575 validation_recent_f1=  0.0085 validation_older_precision=  0.0084 validation_older_recall=  0.4820 validation_older_auc=    0.5377 validation_older_f1=  0.0166 Gap= -0.00
[LN1001   ] [chunk_XX_phase_feature_analysis_b.py] [info] CatBoost     validation_recent_precision=  0.0054 validation_recent_recall=  0.3297 validation_recent_auc=    0.4966 validation_recent_f1=  0.0106 validation_older_precision=  0.0104 validation_older_recall=  0.6403 validation_older_auc=    0.6155 validation_older_f1=  0.0206 Gap= -0.01
[LN1002   ] [chunk_XX_phase_feature_analysis_b.py] [info] VAE          validation_recent_precision=  0.0117 validation_recent_recall=  0.8022 validation_recent_auc=    0.7892 validation_recent_f1=  0.0231 validation_older_precision=  0.0179 validation_older_recall=  0.7122 validation_older_auc=    0.7749 validation_older_f1=  0.0348 Gap= -0.01
[LN1003   ] [chunk_XX_phase_feature_analysis_b.py] [info] LSTM         validation_recent_precision=  0.0131 validation_recent_recall=  0.9231 validation_recent_auc=    0.8773 validation_recent_f1=  0.0258 validation_older_precision=  0.0198 validation_older_recall=  0.9424 validation_older_auc=    0.8555 validation_older_f1=  0.0387 Gap= -0.01
[LN1004   ] [chunk_XX_phase_feature_analysis_b.py] [info] LightGBM     validation_recent_precision=  0.0035 validation_recent_recall=  0.1868 validation_recent_auc=    0.4824 validation_recent_f1=  0.0069 validation_older_precision=  0.0106 validation_older_recall=  0.6115 validation_older_auc=    0.5875 validation_older_f1=  0.0208 Gap= -0.01
[LN1005   ] [chunk_XX_phase_feature_analysis_b.py] [info] XGBoost      validation_recent_precision=  0.0214 validation_recent_recall=  0.1538 validation_recent_auc=    0.7660 validation_recent_f1=  0.0375 validation_older_precision=  0.0357 validation_older_recall=  0.2302 validation_older_auc=    0.8202 validation_older_f1=  0.0618 Gap= -0.01
[LN1006   ] [chunk_XX_phase_feature_analysis_b.py] [info] Transformer  validation_recent_precision=  0.0000 validation_recent_recall=  0.0000 validation_recent_auc=    0.9099 validation_recent_f1=  0.0000 validation_older_precision=  1.0000 validation_older_recall=  0.0072 validation_older_auc=    0.8993 validation_older_f1=  0.0143 Gap= -1.00
[LN1007   ] [chunk_XX_phase_feature_analysis_b.py] [info] BEST for recent signals: Dense (Gap: +0.0472)
[LN1008   ] [chunk_XX_phase_feature_analysis_b.py] [info] WORST for recent signals: Transformer (Gap: -1.0000)
[LN1009   ] [chunk_XX_phase_feature_analysis_b.py] [info] 0/9 architectures show positive temporal precision gap
[LN1010   ] [chunk_XX_phase_feature_analysis_b.py] [warning] warning: No architecture shows meaningful improvement on recent signals
[LN1011   ] [chunk_XX_phase_feature_analysis_b.py] [warning] Consider: stronger temporal weighting or different architectures
[LN1012   ] [chunk_XX_phase_feature_analysis_b.py] [info] Phase Xb: Temporal Precision Gap Analysis - COMPLETE
[LN1013   ] [chunk_20_pipeline_main.py] [info] [skip] Phase Xb: Temporal Precision Gap validation skipped (no validator)
[LN1014   ] [chunk_19_phase_5_optimization.py] [info] Loading saved models from ./saved_models...
[LN1015   ] [chunk_22_model_loader.py] [info] Loaded CNN model
[LN1016   ] [chunk_22_model_loader.py] [info] Loaded CNN metadata: label_threshold=0.0
[LN1017   ] [chunk_19_phase_5_optimization.py] [info] Loaded architectures: ['CNN']
[LN1018   ] [chunk_19_phase_5_optimization.py] [info] Receiving inference data from context (NO CSV loading)...
[LN1019   ] [chunk_19_phase_5_optimization.py] [info]   Inference samples: 5,923
[LN1020   ] [chunk_19_phase_5_optimization.py] [info]   Inference date(s): [20251023]
[LN1021   ] [chunk_19_phase_5_optimization.py] [info]   Feature count: 24
[LN1022   ] [chunk_19_phase_5_optimization.py] [info]   Features will be selected per-architecture from 24 total
[LN1023   ] [chunk_19_phase_5_optimization.py] [info]   Label threshold: 20.0
[LN1024   ] [chunk_19_phase_5_optimization.py] [info]   Inference data: RAW (no temporal weighting applied)
[LN1025   ] [chunk_19_phase_5_optimization.py] [info]   X shape (RAW, no weighting): (5923, 24)
[LN1026   ] [chunk_19_phase_5_optimization.py] [info]   y shape: (5923,)
[LN1027   ] [chunk_19_phase_5_optimization.py] [info]   Temporal weights applied: min=1.00, max=1.00
[LN1028   ] [chunk_19_phase_5_optimization.py] [info] 
[LN1029   ] [chunk_19_phase_5_optimization.py] [info] Per-Architecture Results on Newest Data
[LN1030   ] [chunk_19_phase_5_optimization.py] [info]   CNN: using 19 features (optimal threshold's pruning)
[LN1031   ] [chunk_19_phase_5_optimization.py] [info] CNN (LABEL_THRESHOLD=0.0, prediction_binary_split=0.50, hyperparams={'loss_function': 'focal_loss', 'filters': 512, 'kernel_size': 5, 'dropout': 0.0, 'learning_rate': 0.0005, 'epochs': 100, 'alpha': 0.5, 'gamma': 2.0, 'layers': 2, 'pooling': 'avg'}, VALIDATION_PRECISION=0.5330):
[LN1032   ] [chunk_19_phase_5_optimization.py] [info]    predictions: mean=0.4495, std=0.1427, min=0.0963, max=0.8542
[LN1033   ] [chunk_19_phase_5_optimization.py] [info]    INFERENCE predictions: 39.05% positive predictions (2,313 / 5,923)
[LN1034   ] [chunk_19_phase_5_optimization.py] [info]   CNN t=0.0: inference_precision=0.6917 inference_recall=0.4179 inference_auc=0.5567 inference_f1=0.5210 inference_false_negatives=2229 inference_true_negatives=1381 inference_true_positives=1600 inference_false_positives=713
[LN1035   ] [chunk_19_phase_5_optimization.py] [info]   CNN - Inference: inference_precision=0.6917 inference_true_positives=1600 inference_true_negatives=1381 inference_false_positives=713 inference_false_negatives=2229 inference_max_prediction=0.8542 inference_mean_prediction=0.4495 inference_recall=0.4179 inference_f1=0.5210 inference_auc=0.5567 inference_specificity=0.6595 inference_false_positive_rate=0.3405 inference_f2=0.4538 inference_mcc=0.0758 inference_prauc=0.7032 inference_balanced_accuracy=0.5387 inference_standard_deviation_prediction=0.1427 inference_percentage_above_threshold=39.05 inference_brier=0.2747 inference_kappa=0.0665 inference_informedness=0.0774 inference_markedness=0.3512 inference_gini=0.1134 inference_optimal_threshold=0.5456
[LN1036   ] [chunk_19_phase_5_optimization.py] [info] 
[LN1037   ] [chunk_19_phase_5_optimization.py] [info] CNN MODEL PREDICTED SIGNAL (2313 rows)
[LN1038   ] [chunk_19_phase_5_optimization.py] [info] architecture: CNN | inference_precision: 0.6917 | prediction_binary_split: 0.5 | predicted: 2313
[LN1039   ] [chunk_19_phase_5_optimization.py] [info] Row,Market_Cap,52W_Low,Prev_Close,Price,Volume,52W_High,Ticker_id,Perf_YTD,Perf_Year,SMA200,Perf_Half_Y,Avg_Volume,Perf_Quarter,SMA50,Perf_Month,SMA20,ATR,RSI_14,Perf_Week,Rel_Volume,Change,Price_to_52W_High,Volume_to_Avg_Volume,Price_to_52W_Low
[LN1040   ] [chunk_19_phase_5_optimization.py] [info] Majority label threshold: 0.0 (1 archs)
[LN1041   ] [chunk_19_phase_5_optimization.py] [info] 
[LN1042   ] [chunk_19_phase_5_optimization.py] [info] FINAL PREDICTION RESULTS (sorted by inference_precision)
[LN1043   ] [chunk_19_phase_5_optimization.py] [info] Rank | Architecture | Label_Threshold | Prediction_Binary_Split | inference_precision | inference_recall | inference_auc | inference_f1 | inference_false_negatives | inference_true_negatives | inference_true_positives | inference_false_positives
[LN1044   ] [chunk_19_phase_5_optimization.py] [info]    1 | CNN      |             0.0 |                   0.50 |              0.6917 |           0.4179 |        0.5567 |       0.5210 |                      2229 |                     1381 |                     1600 |                       713
[LN1045   ] [chunk_19_phase_5_optimization.py] [info] Best architecture: CNN (inference_precision: 0.6917)
[LN1046   ] [chunk_19_phase_5_optimization.py] [info] phase 5 total time: 0.9s
[LN1047   ] [chunk_19_phase_5_optimization.py] [info] data points evaluated: 5923 (date=20251023)
[LN1048   ] [chunk_20_pipeline_main.py] [info] [time] Total execution time: 9240.06s
[LN1049   ] [chunk_20_pipeline_main.py] [info] Phase timings:
[LN1050   ] [chunk_20_pipeline_main.py] [info]    Pipeline Setup: 10.64s
[LN1051   ] [chunk_20_pipeline_main.py] [info]    Temporal Weighting: 0.09s
[LN1052   ] [chunk_20_pipeline_main.py] [info]    Phase Xa: Raw Feature Importance: 786.57s
[LN1053   ] [chunk_20_pipeline_main.py] [info]    Neural Ensemble: 8439.95s
[LN1054   ] [chunk_20_pipeline_main.py] [info]    Phase Xb: Temporal Precision Gap: 0.08s
[LN1055   ] [chunk_20_pipeline_main.py] [info]    Prediction Optimization: 1.41s
[LN1056   ] [chunk_20_pipeline_main.py] [info] [stat] Final Results:
[LN1057   ] [chunk_20_pipeline_main.py] [info]    inference_precision: 0.0000
[LN1058   ] [chunk_20_pipeline_main.py] [info]    inference_recall: 0.0000
[LN1059   ] [chunk_20_pipeline_main.py] [info]    inference_f1: 0.0000
[LN1060   ] [chunk_20_pipeline_main.py] [info]    inference_auc: 0.5000
[LN1061   ] [chunk_20_pipeline_main.py] [info] METRICS REVIEW REPORT
[LN1062   ] [chunk_20_pipeline_main.py] [info] [architecture performance] (sorted by validation_precision)
[LN1063   ] [chunk_20_pipeline_main.py] [info] 1. CNN             validation_precision=0.5330 validation_recall=0.3792 validation_auc=0.4834 validation_true_positives=10910 validation_false_positives= 9558 PASS (Minimum Validation_Precision Required=0.53)
[LN1064   ] [chunk_20_pipeline_main.py] [info] 2. LightGBM        validation_precision=0.5293 validation_recall=0.3636 validation_auc=0.4866 validation_true_positives=10462 validation_false_positives= 9302 FAIL (Minimum Validation_Precision Required=0.53)
[LN1065   ] [chunk_20_pipeline_main.py] [info] 3. CatBoost        validation_precision=0.5249 validation_recall=0.3939 validation_auc=0.4815 validation_true_positives=11334 validation_false_positives=10260 FAIL (Minimum Validation_Precision Required=0.53)
[LN1066   ] [chunk_20_pipeline_main.py] [info] 4. RNN             validation_precision=0.5218 validation_recall=0.4607 validation_auc=0.4683 validation_true_positives=13257 validation_false_positives=12149 FAIL (Minimum Validation_Precision Required=0.53)
[LN1067   ] [chunk_20_pipeline_main.py] [info] 5. Transformer     validation_precision=0.5000 validation_recall=0.0030 validation_auc=0.8970 validation_true_positives=    1 validation_false_positives=    1 FAIL (Minimum Validation_Precision Required=0.53)
[LN1068   ] [chunk_20_pipeline_main.py] [info] 6. Dense           validation_precision=0.1628 validation_recall=0.0351 validation_auc=0.7660 validation_true_positives=   42 validation_false_positives=  216 FAIL (Minimum Validation_Precision Required=0.53)
[LN1069   ] [chunk_20_pipeline_main.py] [info] 7. XGBoost         validation_precision=0.0802 validation_recall=0.1554 validation_auc=0.7739 validation_true_positives=  186 validation_false_positives= 2132 FAIL (Minimum Validation_Precision Required=0.53)
[LN1070   ] [chunk_20_pipeline_main.py] [info] 8. LSTM            validation_precision=0.0552 validation_recall=0.8906 validation_auc=0.8277 validation_true_positives= 1066 validation_false_positives=18239 FAIL (Minimum Validation_Precision Required=0.53)
[LN1071   ] [chunk_20_pipeline_main.py] [info] 9. VAE             validation_precision=0.0452 validation_recall=0.6650 validation_auc=0.7223 validation_true_positives=  796 validation_false_positives=16831 FAIL (Minimum Validation_Precision Required=0.53)
[LN1072   ] [chunk_20_pipeline_main.py] [info] [issues identified]
[LN1073   ] [chunk_20_pipeline_main.py] [info] - LightGBM: VALIDATION_PRECISION=0.5293 below threshold 0.53
[LN1074   ] [chunk_20_pipeline_main.py] [info] - CatBoost: VALIDATION_PRECISION=0.5249 below threshold 0.53
[LN1075   ] [chunk_20_pipeline_main.py] [info] - RNN: VALIDATION_PRECISION=0.5218 below threshold 0.53
[LN1076   ] [chunk_20_pipeline_main.py] [info] - Transformer: VALIDATION_PRECISION=0.5000 below threshold 0.53
[LN1077   ] [chunk_20_pipeline_main.py] [info] - Dense: VALIDATION_PRECISION=0.1628 below threshold 0.53
[LN1078   ] [chunk_20_pipeline_main.py] [info] - XGBoost: VALIDATION_PRECISION=0.0802 below threshold 0.53
[LN1079   ] [chunk_20_pipeline_main.py] [info] - LSTM: VALIDATION_PRECISION=0.0552 below threshold 0.53
[LN1080   ] [chunk_20_pipeline_main.py] [info] - VAE: VALIDATION_PRECISION=0.0452 below threshold 0.53
[LN1081   ] [chunk_20_pipeline_main.py] [info] [standardized metrics table]
[LN1082   ] [chunk_20_pipeline_main.py] [info] Architecture,Phase,Loss,Epochs,Precision,Recall,AUC,F1,TP,FP,TN,FN,MaxPred,MeanPred,StdPred,PctAboveThresh,BestEpoch,TrainingTime,LabelThresh,ThresholdSource,HPO_Trials,HPO_Improvement,KeyHyperparams,TrainLoss,ValLoss,LossDelta,MCC,PRAUC,Specificity,BalancedAccuracy,PredictionThreshold
[LN1083   ] [chunk_20_pipeline_main.py] [info] VAE,Train,binary_crossentropy,80,0.0410,0.5239,0.6817,0.0760,1338,31331,85425,1216,1.0000,0.3665,0.2117,N/A,0,0.0,10.0,section4,20,0.0000,dropout=0.1,learning_rate=0.001,latent_dim=64,0.0000,0.0000,0.0000,0.0829,0.0491,0.7317,0.6278,0.5
[LN1084   ] [chunk_20_pipeline_main.py] [info] VAE,Validation,binary_crossentropy,80,0.0452,0.6650,0.7223,0.0846,796,16831,35226,401,1.0000,0.3871,0.2402,N/A,0,0.0,10.0,section4,20,0.0000,dropout=0.1,learning_rate=0.001,latent_dim=64,0.0000,0.0000,0.0000,0.1076,0.0551,0.6767,0.6708,0.5
[LN1085   ] [chunk_20_pipeline_main.py] [info] VAE,Inference,N/A,N/A,N/A,N/A,N/A,N/A,N/A,N/A,N/A,N/A,N/A,N/A,N/A,N/A,N/A,N/A,N/A,N/A,N/A,N/A,N/A,N/A,N/A,N/A,N/A,N/A,N/A,N/A,N/A,N/A,N/A,N/A
[LN1086   ] [chunk_20_pipeline_main.py] [info] Dense,Train,binary_crossentropy,20,0.1301,0.0125,0.7949,0.0229,32,214,116542,2522,0.7744,0.0320,0.0592,N/A,0,0.0,10.0,section4,20,0.0000,units=128,layers=4,dropout=0.4,learning_rate=0.0005,0.0000,0.0000,0.0000,0.0341,0.0712,0.9982,0.5053,0.5
[LN1087   ] [chunk_20_pipeline_main.py] [info] Dense,Validation,binary_crossentropy,20,0.1628,0.0351,0.7660,0.0577,42,216,51841,1155,0.7744,0.0567,0.0842,N/A,0,0.0,10.0,section4,20,0.0000,units=128,layers=4,dropout=0.4,learning_rate=0.0005,0.0000,0.0000,0.0000,0.0660,0.0787,0.9959,0.5155,0.5
[LN1088   ] [chunk_20_pipeline_main.py] [info] Dense,Inference,N/A,N/A,N/A,N/A,N/A,N/A,N/A,N/A,N/A,N/A,N/A,N/A,N/A,N/A,N/A,N/A,N/A,N/A,N/A,N/A,N/A,N/A,N/A,N/A,N/A,N/A,N/A,N/A,N/A,N/A,N/A,N/A
[LN1089   ] [chunk_20_pipeline_main.py] [info] CNN,Train,binary_crossentropy,100,0.5575,0.5023,0.5749,0.5285,29998,23813,35776,29723,0.7902,0.4821,0.0860,N/A,0,0.0,0.0,section3,20,0.0000,filters=512,layers=2,dropout=0.0,learning_rate=0.0005,0.0000,0.0000,0.0000,0.1032,0.5747,0.6004,0.5513,0.5
[LN1090   ] [chunk_20_pipeline_main.py] [info] CNN,Validation,binary_crossentropy,100,0.5330,0.3792,0.4834,0.4431,10910,9558,14922,17864,0.7902,0.4863,0.0529,N/A,0,0.0,0.0,section3,20,0.0000,filters=512,layers=2,dropout=0.0,learning_rate=0.0005,0.0000,0.0000,0.0000,-0.0116,0.5523,0.6096,0.4944,0.5
[LN1091   ] [chunk_20_pipeline_main.py] [info] CNN,Inference,binary_crossentropy,N/A,0.6917,0.4179,0.5567,0.5210,1600,713,1381,2229,0.8542,0.4495,0.1427,39.05,N/A,N/A,0.0,N/A,N/A,N/A,N/A,0.6595,0.3405,0.4538,0.0758,0.7032,0.5387,0.50
[LN1092   ] [chunk_20_pipeline_main.py] [info] RNN,Train,binary_crossentropy,3,0.5363,0.6262,0.5601,0.5778,37397,32328,27261,22324,0.6038,0.5015,0.0542,N/A,0,0.0,0.0,section3,20,0.0000,units=128,layers=2,dropout=0.05,learning_rate=0.002,0.0000,0.0000,0.0000,0.0849,0.5489,0.4575,0.5418,0.5
[LN1093   ] [chunk_20_pipeline_main.py] [info] RNN,Validation,binary_crossentropy,3,0.5218,0.4607,0.4683,0.4894,13257,12149,12331,15517,0.6038,0.4790,0.0647,N/A,0,0.0,0.0,section3,20,0.0000,units=128,layers=2,dropout=0.05,learning_rate=0.002,0.0000,0.0000,0.0000,-0.0355,0.5217,0.5037,0.4822,0.5
[LN1094   ] [chunk_20_pipeline_main.py] [info] RNN,Inference,N/A,N/A,N/A,N/A,N/A,N/A,N/A,N/A,N/A,N/A,N/A,N/A,N/A,N/A,N/A,N/A,N/A,N/A,N/A,N/A,N/A,N/A,N/A,N/A,N/A,N/A,N/A,N/A,N/A,N/A,N/A,N/A
[LN1095   ] [chunk_20_pipeline_main.py] [info] LSTM,Train,binary_crossentropy,50,0.0702,0.6261,0.8277,0.1262,1599,21181,95575,955,0.9062,0.1882,0.2622,N/A,0,0.0,10.0,section4,20,0.0000,lstm_units=32,layers=2,dropout=0.1,learning_rate=0.001,0.0000,0.0000,0.0000,0.1637,0.0831,0.8186,0.7223,0.5
[LN1096   ] [chunk_20_pipeline_main.py] [info] LSTM,Validation,binary_crossentropy,50,0.0552,0.8906,0.8277,0.1040,1066,18239,33818,131,0.9062,0.3243,0.3239,N/A,0,0.0,10.0,section4,20,0.0000,lstm_units=32,layers=2,dropout=0.1,learning_rate=0.001,0.0000,0.0000,0.0000,0.1666,0.0861,0.6496,0.7701,0.5
[LN1097   ] [chunk_20_pipeline_main.py] [info] LSTM,Inference,N/A,N/A,N/A,N/A,N/A,N/A,N/A,N/A,N/A,N/A,N/A,N/A,N/A,N/A,N/A,N/A,N/A,N/A,N/A,N/A,N/A,N/A,N/A,N/A,N/A,N/A,N/A,N/A,N/A,N/A,N/A,N/A
[LN1098   ] [chunk_20_pipeline_main.py] [info] Transformer,Train,binary_crossentropy,30,0.3750,0.0044,0.8962,0.0086,3,5,118616,686,0.5114,0.0524,0.0697,N/A,0,0.0,20.0,section3,20,0.0000,layers=4,dim=128,heads=2,dropout=0.05,learning_rate=0.0001,0.0000,0.0000,0.0000,0.0399,0.0648,1.0000,0.5022,0.5
[LN1099   ] [chunk_20_pipeline_main.py] [info] Transformer,Validation,binary_crossentropy,30,0.5000,0.0030,0.8970,0.0059,1,1,52917,335,0.5114,0.0449,0.0710,N/A,0,0.0,20.0,section3,20,0.0000,layers=4,dim=128,heads=2,dropout=0.05,learning_rate=0.0001,0.0000,0.0000,0.0000,0.0382,0.0593,1.0000,0.5015,0.5
[LN1100   ] [chunk_20_pipeline_main.py] [info] Transformer,Inference,N/A,N/A,N/A,N/A,N/A,N/A,N/A,N/A,N/A,N/A,N/A,N/A,N/A,N/A,N/A,N/A,N/A,N/A,N/A,N/A,N/A,N/A,N/A,N/A,N/A,N/A,N/A,N/A,N/A,N/A,N/A,N/A
[LN1101   ] [chunk_20_pipeline_main.py] [info] [info] CSV saved to metrics_summary.csv
[LN1102   ] [chunk_20_pipeline_main.py] [info] [recommended actions]
[LN1103   ] [chunk_20_pipeline_main.py] [info] 2. For LightGBM, CatBoost, RNN, Transformer, Dense, XGBoost, LSTM, VAE: Tune alpha/gamma in FocalLoss or lower prediction threshold
[LN1104   ] [chunk_20_pipeline_main.py] [info] 3. Use CNN as primary (validation_precision=0.5330)
[LN1105   ] [chunk_20_pipeline_main.py] [info] [parameter tuning priority]
[LN1106   ] [chunk_20_pipeline_main.py] [info] Priority 1: Loss Function (BCE vs FocalLoss) - highest impact
[LN1107   ] [chunk_20_pipeline_main.py] [info] Priority 2: FocalLoss Gamma - controls selectivity
[LN1108   ] [chunk_20_pipeline_main.py] [info] Priority 3: Learning Rate - convergence quality
[LN1109   ] [chunk_20_pipeline_main.py] [info] Priority 4: Dropout - capacity vs regularization
[LN1110   ] [chunk_20_pipeline_main.py] [info] [auto-apply] Analyzing config changes...
[LN1111   ] [chunk_20_pipeline_main.py] [info] [backup] Config saved to config_backup_20260609_161701.json
[LN1112   ] [chunk_20_pipeline_main.py] [info] [skip] CNN: validation_precision=0.5330 >= 0.53 (working)
[LN1113   ] [chunk_20_pipeline_main.py] [info] [auto] LightGBM: Expanded alpha range to [0.5, 0.75]
[LN1114   ] [chunk_20_pipeline_main.py] [info] [auto] CatBoost: Expanded alpha range to [0.5, 0.75]
[LN1115   ] [chunk_20_pipeline_main.py] [info] [auto] RNN: Expanded alpha range to [0.25, 0.5, 0.75, 1.0, 1.25, 1.5]
[LN1116   ] [chunk_20_pipeline_main.py] [info] [auto] RNN: Expanded gamma range to [1.5, 2.0, 2.5, 3.0, 3.5]
[LN1117   ] [chunk_20_pipeline_main.py] [info] [auto] Transformer: Expanded alpha range to [0.25, 0.5, 0.75, 1.0, 1.25, 1.5]
[LN1118   ] [chunk_20_pipeline_main.py] [info] [auto] Transformer: Expanded gamma range to [1.0, 1.5, 2.0, 2.5, 3.0]
[LN1119   ] [chunk_20_pipeline_main.py] [info] [auto] Dense: Expanded gamma range to [1.5, 2.0, 2.5, 3.0, 4.0]
[LN1120   ] [chunk_20_pipeline_main.py] [info] [auto] XGBoost: Expanded alpha range to [0.5, 0.75]
[LN1121   ] [chunk_20_pipeline_main.py] [info] [auto] LSTM: Expanded alpha range to [0.25, 0.5, 0.75, 1.0, 1.25]
[LN1122   ] [chunk_20_pipeline_main.py] [info] [auto] LSTM: Expanded gamma range to [1.5, 2.0, 2.5, 3.0]
[LN1123   ] [chunk_20_pipeline_main.py] [info] [auto] VAE: Expanded alpha range to [0.25, 0.5, 0.75, 1.0, 1.25, 1.5]
[LN1124   ] [chunk_20_pipeline_main.py] [info] [auto] VAE: Expanded gamma range to [1.5, 2.0, 2.5, 3.0]
[LN1125   ] [chunk_20_pipeline_main.py] [info] [success] Applied 12 config changes:
[LN1126   ] [chunk_20_pipeline_main.py] [info]    - LightGBM: Expanded alpha to [0.5, 0.75]
[LN1127   ] [chunk_20_pipeline_main.py] [info]    - CatBoost: Expanded alpha to [0.5, 0.75]
[LN1128   ] [chunk_20_pipeline_main.py] [info]    - RNN: Expanded alpha to [0.25, 0.5, 0.75, 1.0, 1.25, 1.5]
[LN1129   ] [chunk_20_pipeline_main.py] [info]    - RNN: Expanded gamma to [1.5, 2.0, 2.5, 3.0, 3.5]
[LN1130   ] [chunk_20_pipeline_main.py] [info]    - Transformer: Expanded alpha to [0.25, 0.5, 0.75, 1.0, 1.25, 1.5]
[LN1131   ] [chunk_20_pipeline_main.py] [info]    - Transformer: Expanded gamma to [1.0, 1.5, 2.0, 2.5, 3.0]
[LN1132   ] [chunk_20_pipeline_main.py] [info]    - Dense: Expanded gamma to [1.5, 2.0, 2.5, 3.0, 4.0]
[LN1133   ] [chunk_20_pipeline_main.py] [info]    - XGBoost: Expanded alpha to [0.5, 0.75]
[LN1134   ] [chunk_20_pipeline_main.py] [info]    - LSTM: Expanded alpha to [0.25, 0.5, 0.75, 1.0, 1.25]
[LN1135   ] [chunk_20_pipeline_main.py] [info]    - LSTM: Expanded gamma to [1.5, 2.0, 2.5, 3.0]
[LN1136   ] [chunk_20_pipeline_main.py] [info]    - VAE: Expanded alpha to [0.25, 0.5, 0.75, 1.0, 1.25, 1.5]
[LN1137   ] [chunk_20_pipeline_main.py] [info]    - VAE: Expanded gamma to [1.5, 2.0, 2.5, 3.0]
[LN1138   ] [chunk_20_pipeline_main.py] [info] [note] Please manually update chunk_01_config.py with:
[LN1139   ] [chunk_20_pipeline_main.py] [info]    HPO space has been adjusted based on results
[LN1140   ] [chunk_20_pipeline_main.py] [info]    Review the changes above and re-run pipeline
[LN1141   ] [chunk_20_pipeline_main.py] [info] [ADDITIONAL AUTO-TUNE RULES] (printed only)
[LN1142   ] [chunk_20_pipeline_main.py] [info] [rule4] Flag CNN for feature engineering review (validation_AUC=0.4834 barely above random 0.50)
[LN1143   ] [chunk_20_pipeline_main.py] [info] [rule1] Increase patience for LightGBM (only 3 epochs)
[LN1144   ] [chunk_20_pipeline_main.py] [info] [rule2] Expand dropout range for LightGBM (train_precision=0.6759 >> validation_precision=0.5293, gap=0.1466)
[LN1145   ] [chunk_20_pipeline_main.py] [info] [rule4] Flag LightGBM for feature engineering review (validation_AUC=0.4866 barely above random 0.50)
[LN1146   ] [chunk_20_pipeline_main.py] [info] [rule1] Increase patience for CatBoost (only 3 epochs)
[LN1147   ] [chunk_20_pipeline_main.py] [info] [rule2] Expand dropout range for CatBoost (train_precision=0.6754 >> validation_precision=0.5249, gap=0.1505)
[LN1148   ] [chunk_20_pipeline_main.py] [info] [rule4] Flag CatBoost for feature engineering review (validation_AUC=0.4815 barely above random 0.50)
[LN1149   ] [chunk_20_pipeline_main.py] [info] [rule1] Increase patience for RNN (only 3 epochs)
[LN1150   ] [chunk_20_pipeline_main.py] [info] [rule4] Flag RNN for feature engineering review (validation_AUC=0.4683 barely above random 0.50)
[LN1151   ] [chunk_20_pipeline_main.py] [info] [rule3] Expand label_threshold search for Transformer (validation_recall=0.0030 too low, need >=0.05)
[LN1152   ] [chunk_20_pipeline_main.py] [info] [rule5] Increase predictions for Transformer (only 2 positive predictions)
[LN1153   ] [chunk_20_pipeline_main.py] [info] [rule3] Expand label_threshold search for Dense (validation_recall=0.0351 too low, need >=0.05)
[LN1154   ] [chunk_20_pipeline_main.py] [info] [rule1] Increase patience for XGBoost (only 3 epochs)
[LN1155   ] [chunk_20_pipeline_main.py] [info] [rule2] Expand dropout range for XGBoost (train_precision=0.3130 >> validation_precision=0.0802, gap=0.2328)
[LN1156   ] [chunk_20_pipeline_main.py] [info] END OF METRICS REVIEW
[LN1157   ] [pipeline] [info] Pipeline execution validated successfully
Stock Analysis Pipeline completed successfully!
