[LN1      ] [pipeline] [info] Running in CPU mode
[LN2      ] [chunk_20_pipeline_main.py] [info] [running] Starting Stock Analysis Pipeline
[LN3      ] [chunk_20_pipeline_main.py] [info]    Data path: for_train_x_2025_10_24_clean.csv
[LN4      ] [chunk_20_pipeline_main.py] [info]    Dataset shape: 6,727,216 rows x 23 columns (937.4 MB)
[LN5      ] [chunk_20_pipeline_main.py] [info] date,Market_Cap,52W_Low,Prev_Close,Price,Volume,52W_High,Perf_YTD,Perf_Year,SMA200,Perf_Half_Y,Avg_Volume,Perf_Quarter,SMA50,Perf_Month,SMA20,ATR,RSI_14,Perf_Week,Rel_Volume,Change,ChangeY,Ticker_id
[LN6      ] [chunk_20_pipeline_main.py] [info] 20251023,4426490000000.0,86.62,180.28,182.16,110565391.0,195.62,35.65,26.76,24.47,71.15,173300000.0,4.99,1.48,2.93,-1.14,5.41,50.43,0.19,0.64,1.04,2.25,3830
[LN7      ] [chunk_20_pipeline_main.py] [info] 20251022,4380800000000.0,86.62,181.16,180.28,161368647.0,195.62,34.25,30.64,23.33,75.52,173780000.0,3.76,0.44,1.04,-2.04,5.58,47.71,0.25,0.93,-0.49,1.04,3830
[LN8      ] [chunk_20_pipeline_main.py] [info] 20220302,595250000000.0,109.4,234.77,242.2,38866671.0,-30.09,-17.65,89.15,4.22,8.2,52980000.0,-25.88,-6.9,-1.09,-1.43,15.31,47.85,8.19,0.73,3.16,-2.09,3830
[LN9      ] [chunk_20_pipeline_main.py] [info] 20220301,576990000000.0,102.97,243.85,234.77,41123365.0,-32.24,-20.18,75.12,1.22,3.48,53130000.0,-29.66,-10.09,2.79,-4.65,15.71,44.33,0.37,0.77,-3.72,3.16,3830
[LN10     ] [chunk_20_pipeline_main.py] [info]    Sampling: size=184408, enabled=True, forced=True
[LN11     ] [chunk_20_pipeline_main.py] [info]    hyperparameter_optimization: trials=5, continue_until_target=False, epochs_per_trial=5, stagnation_threshold=50
[LN12     ] [chunk_20_pipeline_main.py] [info]    Label_Thresholds: 20.0 to 0.0 (3 thresholds)
   [feature] Winsorized 21 features at 3/95 percentiles
   [feature] Added 3 ratio features
   [feature] Total features: 21 -> 24
[LN13     ] [chunk_16_phase_1_setup.py] [info] Data loaded: 184408 samples, 24 features
[LN14     ] [chunk_02_utils_logging.py] [info] [date] Temporal Coverage:  Date range: 20250910 to 20251023  Unique dates: 32  Total samples: 184408
[LN15     ] [chunk_16_phase_1_setup.py] [info] Target Distribution (ChangeY):
[LN16     ] [chunk_16_phase_1_setup.py] [info]    Min: -99.75 | Max: 32500.00 | Mean: 0.05
[LN17     ] [chunk_16_phase_1_setup.py] [info]    Median: 0.00 | Std: 15.36
[LN18     ] [chunk_16_phase_1_setup.py] [warning] sanity check: Extreme target values detected (max=32500.00)
[LN19     ] [chunk_16_phase_1_setup.py] [info] [class] Class Distribution (LABEL_THRESHOLD=20.0):
[LN20     ] [chunk_16_phase_1_setup.py] [info]   Total samples: 6,727,216
[LN21     ] [chunk_16_phase_1_setup.py] [info]   Signal cases: 25,902 (0.4%)
[LN22     ] [chunk_16_phase_1_setup.py] [info]   Normal cases: 6,701,314 (99.6%)
[LN23     ] [chunk_16_phase_1_setup.py] [info]   Imbalance ratio: 258.7:1
[LN24     ] [chunk_16_phase_1_setup.py] [info] [class] Class Distribution (LABEL_THRESHOLD=10.0):
[LN25     ] [chunk_16_phase_1_setup.py] [info]   Total samples: 6,727,216
[LN26     ] [chunk_16_phase_1_setup.py] [info]   Signal cases: 106,942 (1.6%)
[LN27     ] [chunk_16_phase_1_setup.py] [info]   Normal cases: 6,620,274 (98.4%)
[LN28     ] [chunk_16_phase_1_setup.py] [info]   Imbalance ratio: 61.9:1
[LN29     ] [chunk_16_phase_1_setup.py] [info] [class] Class Distribution (LABEL_THRESHOLD= 0.0):
[LN30     ] [chunk_16_phase_1_setup.py] [info]   Total samples: 6,727,216
[LN31     ] [chunk_16_phase_1_setup.py] [info]   Signal cases: 3,465,261 (51.5%)
[LN32     ] [chunk_16_phase_1_setup.py] [info]   Normal cases: 3,261,955 (48.5%)
[LN33     ] [chunk_16_phase_1_setup.py] [info]   Imbalance ratio: 1.1:1
[LN34     ] [chunk_16_phase_1_setup.py] [info] [class] Class Distribution (LABEL_THRESHOLD=20.0):
[LN35     ] [chunk_16_phase_1_setup.py] [info]   Total samples: 184,408
[LN36     ] [chunk_16_phase_1_setup.py] [info]   Signal cases: 1,078 (0.6%)
[LN37     ] [chunk_16_phase_1_setup.py] [info]   Normal cases: 183,330 (99.4%)
[LN38     ] [chunk_16_phase_1_setup.py] [info]   Imbalance ratio: 170.1:1
[LN39     ] [chunk_16_phase_1_setup.py] [info] [class] Class Distribution (LABEL_THRESHOLD=10.0):
[LN40     ] [chunk_16_phase_1_setup.py] [info]   Total samples: 184,408
[LN41     ] [chunk_16_phase_1_setup.py] [info]   Signal cases: 4,028 (2.2%)
[LN42     ] [chunk_16_phase_1_setup.py] [info]   Normal cases: 180,380 (97.8%)
[LN43     ] [chunk_16_phase_1_setup.py] [info]   Imbalance ratio: 44.8:1
[LN44     ] [chunk_16_phase_1_setup.py] [info] [class] Class Distribution (LABEL_THRESHOLD= 0.0):
[LN45     ] [chunk_16_phase_1_setup.py] [info]   Total samples: 184,408
[LN46     ] [chunk_16_phase_1_setup.py] [info]   Signal cases: 96,187 (52.2%)
[LN47     ] [chunk_16_phase_1_setup.py] [info]   Normal cases: 88,221 (47.8%)
[LN48     ] [chunk_16_phase_1_setup.py] [info]   Imbalance ratio: 1.1:1
[stat] Feature Quality Analysis:
  feature_0: μ=5936834994.577, σ=12466137682.171, skew=2.651, kurt=5.978, missing=0.0%
  feature_1: μ=24.969, σ=36.994, skew=2.049, kurt=3.257, missing=0.0%
  feature_2: μ=36.198, σ=52.532, skew=2.043, kurt=3.225, missing=0.0%
  feature_3: μ=36.231, σ=52.567, skew=2.043, kurt=3.224, missing=0.0%
  feature_4: μ=1340134.118, σ=2217772.970, skew=2.277, kurt=4.291, missing=0.0%
  feature_5: μ=50.830, σ=68.981, skew=1.992, kurt=3.031, missing=0.0%
  feature_6: μ=2973.928, σ=1701.673, skew=-0.012, kurt=-1.235, missing=0.0%
  feature_7: μ=3.382, σ=45.603, skew=0.579, kurt=0.533, missing=0.0%
  feature_8: μ=6.268, σ=51.933, skew=0.906, kurt=1.059, missing=0.0%
  feature_9: μ=3.530, σ=29.278, skew=0.047, kurt=0.595, missing=0.0%
  feature_10: μ=19.755, σ=48.260, skew=1.074, kurt=1.169, missing=0.0%
  feature_11: μ=1474638.076, σ=2209747.952, skew=2.109, kurt=3.583, missing=0.0%
  feature_12: μ=7.245, σ=28.259, skew=0.702, kurt=0.710, missing=0.0%
  feature_13: μ=1.935, σ=12.792, skew=0.361, kurt=0.686, missing=0.0%
  feature_14: μ=2.559, σ=14.675, skew=0.772, kurt=0.886, missing=0.0%
  feature_15: μ=0.417, σ=7.226, skew=0.372, kurt=0.636, missing=0.0%
  feature_16: μ=1.129, σ=1.495, skew=1.938, kurt=2.867, missing=0.0%
  feature_17: μ=50.765, σ=11.612, skew=0.039, kurt=-0.662, missing=0.0%
  feature_18: μ=0.092, σ=6.341, skew=0.183, kurt=0.663, missing=0.0%
  feature_19: μ=0.899, σ=0.589, skew=0.993, kurt=0.745, missing=0.0%
  feature_20: μ=0.017, σ=2.895, skew=-0.113, kurt=0.545, missing=0.0%
  feature_21: μ=0.691, σ=0.382, skew=82.864, kurt=18405.211, missing=0.0%
  feature_22: μ=1.284, σ=11.843, skew=53.685, kurt=3233.281, missing=0.0%
  feature_23: μ=1.930, σ=3.749, skew=42.317, kurt=3265.988, missing=0.0%
[LN49     ] [chunk_16_phase_1_setup.py] [info] Data concentration: 184408 samples retained
[LN50     ] [chunk_16_phase_1_setup.py] [info] Data preprocessing complete: 24 features
[LN51     ] [chunk_16_phase_1_setup.py] [info]   Feature names (24): ['Market_Cap', '52W_Low', 'Prev_Close', 'Price', 'Volume', '52W_High', 'Ticker_id', 'Perf_YTD', 'Perf_Year', 'SMA200', 'Perf_Half_Y', 'Avg_Volume', 'Perf_Quarter', 'SMA50', 'Perf_Month', 'SMA20', 'ATR', 'RSI_14', 'Perf_Week', 'Rel_Volume', 'Change', 'Price_to_52W_High', 'Volume_to_Avg_Volume', 'Price_to_52W_Low']
[LN52     ] [chunk_16_phase_1_setup.py] [info] [data split] Summary:
[LN53     ] [chunk_16_phase_1_setup.py] [info]   Total: 184,408 samples, 32 dates
[LN54     ] [chunk_16_phase_1_setup.py] [info]   train: 119,310 samples (64.7%), dates < 20251009
[LN55     ] [chunk_16_phase_1_setup.py] [info]   validation: 53,254 samples (28.9%), dates >= 20251009
[LN56     ] [chunk_16_phase_1_setup.py] [info]   Inference: 11,844 samples (6.4%), date(s) = [20251022 20251023]
[LN57     ] [chunk_17_phase_3_temporal.py] [info] Processing 184408 samples with temporal weighting
[LN58     ] [chunk_17_phase_3_temporal.py] [info] Extracted 9 temporal features
[LN59     ] [chunk_17_phase_3_temporal.py] [info] Temporal weights: min=1.000, max=10.000, mean=5.815
[LN60     ] [chunk_XX_phase_feature_analysis_a.py] [info] Phase Xa: Raw Feature Importance Analysis - Starting with methods: ['correlation', 'tree', 'permutation', 'neural', 'shap', 'ablation']
[LN61     ] [chunk_XX_phase_feature_analysis_a.py] [info] Subsampling 184408 -> 100000 for feature analysis
[LN62     ] [chunk_XX_phase_feature_analysis_a.py] [info] Analyzing 24 raw features on 100000 samples
[LN63     ] [chunk_XX_feature_importance.py] [info] Starting feature importance analysis
[LN64     ] [chunk_XX_feature_importance.py] [info] Features: 24, Samples: 100000, Active methods: ['correlation', 'tree', 'permutation', 'neural', 'shap', 'ablation']
[LN65     ] [chunk_XX_feature_importance.py] [info]   method=1 method_total=6 method_name=Statistical_Correlation label_threshold=20.0 signal_rate=0.006010 kept=19 kept_total=24 duration=3.0 Change=0.038954 SMA20=0.029126 Perf_Half_Y=0.027116 Perf_Week=0.025385 Market_Cap=0.022929 SMA50=0.021709 Perf_Month=0.020008 SMA200=0.015928 Price_to_52W_High=0.015009 Volume=0.014916 Avg_Volume=0.012845 Prev_Close=0.011778 Volume_to_Avg_Volume=0.011341 Rel_Volume=0.010813 Price=0.010739 52W_Low=0.008232 Price_to_52W_Low=0.008048 ATR=0.004452 52W_High=0.004350
[LN66     ] [chunk_XX_feature_importance.py] [info]   method=2 method_total=6 method_name=Tree_Based_Importance label_threshold=20.0 signal_rate=0.006010 kept=19 kept_total=24 duration=88.8 Volume_to_Avg_Volume=0.087617 Price_to_52W_High=0.072723 52W_Low=0.065750 Price_to_52W_Low=0.063806 Perf_Week=0.051851 Volume=0.051126 Rel_Volume=0.047661 Market_Cap=0.044377 Change=0.042322 SMA20=0.040658 Avg_Volume=0.040557 Prev_Close=0.036622 ATR=0.035417 Price=0.034452 SMA50=0.034162 Perf_Month=0.030574 Perf_Half_Y=0.030281 SMA200=0.023841 52W_High=0.022667
[LN67     ] [chunk_XX_feature_importance.py] [info]   method=3 method_total=6 method_name=Permutation_Importance label_threshold=20.0 signal_rate=0.006010 kept=19 kept_total=24 baseline_auc=0.5000 duration=58.6 Market_Cap=0.000000 52W_Low=0.000000 Prev_Close=0.000000 Price=0.000000 Volume=0.000000 52W_High=0.000000 SMA200=0.000000 Perf_Half_Y=0.000000 Avg_Volume=0.000000 SMA50=0.000000 Perf_Month=0.000000 SMA20=0.000000 ATR=0.000000 Perf_Week=0.000000 Rel_Volume=0.000000 Change=0.000000 Price_to_52W_High=0.000000 Volume_to_Avg_Volume=0.000000 Price_to_52W_Low=0.000000
[LN68     ] [chunk_XX_feature_importance.py] [info]   method=4 method_total=6 method_name=Neural_Weight_Analysis label_threshold=20.0 signal_rate=0.006010 kept=19 kept_total=24 duration=5.0 Price_to_52W_Low=0.155318 Rel_Volume=0.153992 Perf_Week=0.150306 ATR=0.150240 Change=0.149118 Perf_Month=0.143279 SMA50=0.142633 52W_Low=0.141707 Price_to_52W_High=0.141072 Volume_to_Avg_Volume=0.141036 Price=0.138908 Perf_Half_Y=0.136589 Avg_Volume=0.136512 SMA200=0.134642 Volume=0.131580 SMA20=0.131087 Market_Cap=0.125390 Prev_Close=0.122528 52W_High=0.115304
[LN69     ] [chunk_XX_feature_importance.py] [info]   method=5 method_total=6 method_name=SHAP_Values label_threshold=20.0 signal_rate=0.006010 kept=19 kept_total=24 duration=13.1 Market_Cap=0.000000 52W_Low=0.000000 Prev_Close=0.000000 Price=0.000000 Volume=0.000000 52W_High=0.000000 SMA200=0.000000 Perf_Half_Y=0.000000 Avg_Volume=0.000000 SMA50=0.000000 Perf_Month=0.000000 SMA20=0.000000 ATR=0.000000 Perf_Week=0.000000 Rel_Volume=0.000000 Change=0.000000 Price_to_52W_High=0.000000 Volume_to_Avg_Volume=0.000000 Price_to_52W_Low=0.000000
[LN70     ] [chunk_XX_feature_importance.py] [info]   method=6 method_total=6 method_name=Ablation_Study label_threshold=20.0 signal_rate=0.006010 kept=19 kept_total=24 duration=121.1 52W_Low=0.838447 Prev_Close=0.773619 Price=0.769558 Perf_Week=0.769230 Perf_Month=0.766635 Change=0.761235 Price_to_52W_High=0.743537 SMA50=0.728069 Price_to_52W_Low=0.715200 SMA200=0.705896 Perf_Half_Y=0.687896 52W_High=0.672469 Volume_to_Avg_Volume=0.658525 SMA20=0.621684 ATR=0.574701 Market_Cap=0.500000 Volume=0.500000 Avg_Volume=0.500000 Rel_Volume=0.458036
[LN71     ] [chunk_XX_feature_importance.py] [info]   consolidated_ranking label_threshold=20.0 signal_rate=0.006010 kept=19 kept_total=24 rank=1 Price_to_52W_High=10.00 rank=2 52W_Low=10.17 rank=3 Price_to_52W_Low=12.00 rank=4 Perf_Week=13.50 rank=5 Change=14.00 rank=5 Perf_Half_Y=14.00 rank=7 Price=14.17 rank=8 Prev_Close=14.50 rank=9 Perf_Month=14.67 rank=11 Market_Cap=15.83 rank=11 Volume=15.83 rank=11 Volume_to_Avg_Volume=15.83 rank=13 Avg_Volume=16.33 rank=14 SMA50=16.67 rank=15 Rel_Volume=17.00 rank=16 SMA20=18.50 rank=17 ATR=19.00 rank=18 52W_High=19.33 rank=19 SMA200=20.17
[LN72     ] [chunk_XX_feature_importance.py] [info]   consolidated_pruning label_threshold=20.0 signal_rate=0.006010 pruned=5 pruned_total=24 rank=19 Perf_Year=20.17 rank=21 Perf_YTD=20.50 rank=21 Perf_Quarter=20.50 rank=23 RSI_14=21.67 rank=24 Ticker_id=25.67
[LN73     ] [chunk_XX_feature_importance.py] [info]   method=1 method_total=6 method_name=Statistical_Correlation label_threshold=10.0 signal_rate=0.021820 kept=19 kept_total=24 duration=2.8 Change=0.038954 SMA20=0.029126 Perf_Half_Y=0.027116 Perf_Week=0.025385 RSI_14=0.024967 Market_Cap=0.022929 SMA50=0.021709 Perf_Month=0.020008 Price_to_52W_High=0.015009 Volume=0.014916 Avg_Volume=0.012845 Prev_Close=0.011778 Volume_to_Avg_Volume=0.011341 Rel_Volume=0.010813 Price=0.010739 52W_Low=0.008232 Price_to_52W_Low=0.008048 Perf_Quarter=0.006745 52W_High=0.004350
[LN74     ] [chunk_XX_feature_importance.py] [info]   method=2 method_total=6 method_name=Tree_Based_Importance label_threshold=10.0 signal_rate=0.021820 kept=19 kept_total=24 duration=87.3 52W_Low=0.136684 Change=0.076734 Price_to_52W_Low=0.067065 Price_to_52W_High=0.066431 Perf_Week=0.061661 SMA20=0.053658 Volume=0.045212 Volume_to_Avg_Volume=0.043682 SMA50=0.043468 Market_Cap=0.036324 Prev_Close=0.035028 Rel_Volume=0.034918 Perf_Month=0.034730 Price=0.029745 Avg_Volume=0.026264 RSI_14=0.025041 Perf_Half_Y=0.024124 52W_High=0.022348 Perf_Quarter=0.019358
[LN75     ] [chunk_XX_feature_importance.py] [info]   method=3 method_total=6 method_name=Permutation_Importance label_threshold=10.0 signal_rate=0.021820 kept=19 kept_total=24 baseline_auc=0.5027 duration=59.9 Market_Cap=0.001483 Prev_Close=0.000000 52W_Low=0.000000 Price=0.000000 Volume=0.000000 52W_High=0.000000 Perf_Half_Y=0.000000 Avg_Volume=0.000000 Perf_Quarter=0.000000 SMA50=0.000000 Perf_Month=0.000000 SMA20=0.000000 RSI_14=0.000000 Perf_Week=0.000000 Rel_Volume=0.000000 Change=0.000000 Price_to_52W_High=0.000000 Volume_to_Avg_Volume=0.000000 Price_to_52W_Low=0.000000
[LN76     ] [chunk_XX_feature_importance.py] [info]   method=4 method_total=6 method_name=Neural_Weight_Analysis label_threshold=10.0 signal_rate=0.021820 kept=19 kept_total=24 duration=5.1 RSI_14=0.315537 Rel_Volume=0.303964 Perf_Half_Y=0.292100 Price_to_52W_High=0.291220 Price_to_52W_Low=0.286984 Perf_Quarter=0.280698 Perf_Month=0.263470 SMA50=0.257461 Volume=0.250633 SMA20=0.242255 Avg_Volume=0.236521 Perf_Week=0.212624 52W_High=0.211077 Price=0.173694 Prev_Close=0.172880 Volume_to_Avg_Volume=0.156697 52W_Low=0.154918 Change=0.145820 Market_Cap=0.080762
[LN77     ] [chunk_XX_feature_importance.py] [info]   method=5 method_total=6 method_name=SHAP_Values label_threshold=10.0 signal_rate=0.021820 kept=19 kept_total=24 duration=12.1 Market_Cap=0.000000 52W_Low=0.000000 Prev_Close=0.000000 Price=0.000000 Volume=0.000000 52W_High=0.000000 Perf_Half_Y=0.000000 Avg_Volume=0.000000 Perf_Quarter=0.000000 SMA50=0.000000 Perf_Month=0.000000 SMA20=0.000000 RSI_14=0.000000 Perf_Week=0.000000 Rel_Volume=0.000000 Change=0.000000 Price_to_52W_High=0.000000 Volume_to_Avg_Volume=0.000000 Price_to_52W_Low=0.000000
[LN78     ] [chunk_XX_feature_importance.py] [info]   method=6 method_total=6 method_name=Ablation_Study label_threshold=10.0 signal_rate=0.021820 kept=19 kept_total=24 duration=121.2 52W_Low=0.795993 Change=0.761208 Perf_Week=0.750877 SMA20=0.741798 Prev_Close=0.741072 Price=0.737465 Perf_Month=0.734926 Price_to_52W_Low=0.733836 SMA50=0.721590 Perf_Half_Y=0.692061 Price_to_52W_High=0.691305 52W_High=0.668161 Perf_Quarter=0.656413 Rel_Volume=0.637929 Volume_to_Avg_Volume=0.612803 RSI_14=0.591348 Avg_Volume=0.500000 Market_Cap=0.500000 Volume=0.485924
[LN79     ] [chunk_XX_feature_importance.py] [info]   consolidated_ranking label_threshold=10.0 signal_rate=0.021820 kept=19 kept_total=24 rank=1 Price_to_52W_High=10.50 rank=2 52W_Low=12.17 rank=3 Price_to_52W_Low=12.67 rank=4 Perf_Half_Y=12.83 rank=5 Perf_Month=14.83 rank=5 Prev_Close=14.83 rank=7 Market_Cap=15.17 rank=8 Change=15.33 rank=9 Perf_Week=15.50 rank=9 SMA20=15.50 rank=11 Volume=15.67 rank=12 Price=16.00 rank=13 SMA50=16.17 rank=14 Rel_Volume=17.17 rank=15 Avg_Volume=17.58 rank=16 52W_High=17.83 rank=17 RSI_14=18.50 rank=18 Perf_Quarter=19.17 rank=19 Volume_to_Avg_Volume=19.50
[LN80     ] [chunk_XX_feature_importance.py] [info]   consolidated_pruning label_threshold=10.0 signal_rate=0.021820 pruned=5 pruned_total=24 rank=19 Perf_YTD=19.50 rank=21 SMA200=20.00 rank=22 ATR=21.00 rank=23 Perf_Year=21.17 rank=24 Ticker_id=21.42
[LN81     ] [chunk_XX_feature_importance.py] [info]   method=1 method_total=6 method_name=Statistical_Correlation label_threshold=0.0 signal_rate=0.520600 kept=19 kept_total=24 duration=2.6 Change=0.038954 SMA20=0.029126 Perf_Half_Y=0.027116 RSI_14=0.024967 Market_Cap=0.022929 Perf_YTD=0.022379 SMA50=0.021709 Perf_Month=0.020008 SMA200=0.015928 Price_to_52W_High=0.015009 Volume=0.014916 Avg_Volume=0.012845 Prev_Close=0.011778 Volume_to_Avg_Volume=0.011341 Rel_Volume=0.010813 Price=0.010739 52W_Low=0.008232 Price_to_52W_Low=0.008048 ATR=0.004452
[LN82     ] [chunk_XX_feature_importance.py] [info]   method=2 method_total=6 method_name=Tree_Based_Importance label_threshold=0.0 signal_rate=0.520600 kept=19 kept_total=24 duration=86.8 Change=0.125349 Volume=0.066039 ATR=0.065209 Price_to_52W_Low=0.060436 Price_to_52W_High=0.051532 SMA20=0.046165 Volume_to_Avg_Volume=0.043808 SMA50=0.040701 Perf_Half_Y=0.038799 Market_Cap=0.036533 RSI_14=0.035622 Rel_Volume=0.034470 Perf_YTD=0.032631 Perf_Month=0.030378 Avg_Volume=0.029538 52W_Low=0.028733 SMA200=0.027003 Price=0.025303 Prev_Close=0.023851
[LN83     ] [chunk_XX_feature_importance.py] [info]   method=3 method_total=6 method_name=Permutation_Importance label_threshold=0.0 signal_rate=0.520600 kept=19 kept_total=24 baseline_auc=0.5014 duration=58.4 Avg_Volume=0.003091 Market_Cap=0.001121 Prev_Close=0.000000 52W_Low=0.000000 Volume=0.000000 Price=0.000000 Perf_YTD=0.000000 SMA200=0.000000 Perf_Half_Y=0.000000 SMA50=0.000000 Perf_Month=0.000000 SMA20=0.000000 ATR=0.000000 RSI_14=0.000000 Rel_Volume=0.000000 Change=0.000000 Price_to_52W_High=0.000000 Volume_to_Avg_Volume=0.000000 Price_to_52W_Low=0.000000
[LN84     ] [chunk_XX_feature_importance.py] [info]   method=4 method_total=6 method_name=Neural_Weight_Analysis label_threshold=0.0 signal_rate=0.520600 kept=19 kept_total=24 duration=5.1 Avg_Volume=0.172647 ATR=0.165003 Rel_Volume=0.161255 Price_to_52W_High=0.155510 Perf_Half_Y=0.150648 RSI_14=0.149096 52W_Low=0.148354 Perf_Month=0.146175 Change=0.142287 SMA20=0.141275 Perf_YTD=0.138173 SMA200=0.137566 Price_to_52W_Low=0.137527 SMA50=0.134479 Price=0.134102 Volume_to_Avg_Volume=0.131335 Volume=0.126960 Prev_Close=0.121701 Market_Cap=0.076439
[LN85     ] [chunk_XX_feature_importance.py] [info]   method=5 method_total=6 method_name=SHAP_Values label_threshold=0.0 signal_rate=0.520600 kept=19 kept_total=24 duration=15.9 Market_Cap=0.000000 52W_Low=0.000000 Prev_Close=0.000000 Price=0.000000 Volume=0.000000 Perf_YTD=0.000000 SMA200=0.000000 Perf_Half_Y=0.000000 Avg_Volume=0.000000 SMA50=0.000000 Perf_Month=0.000000 SMA20=0.000000 ATR=0.000000 RSI_14=0.000000 Rel_Volume=0.000000 Change=0.000000 Price_to_52W_High=0.000000 Volume_to_Avg_Volume=0.000000 Price_to_52W_Low=0.000000
[LN86     ] [chunk_XX_feature_importance.py] [info]   method=6 method_total=6 method_name=Ablation_Study label_threshold=0.0 signal_rate=0.520600 kept=19 kept_total=24 duration=121.1 Change=0.533093 SMA20=0.522995 ATR=0.521357 Perf_Half_Y=0.518160 SMA200=0.515605 Perf_Month=0.515404 SMA50=0.515039 Rel_Volume=0.514928 Price=0.514311 Volume_to_Avg_Volume=0.511772 52W_Low=0.509235 RSI_14=0.508579 Price_to_52W_High=0.508109 Perf_YTD=0.507006 Price_to_52W_Low=0.502572 Avg_Volume=0.500000 Market_Cap=0.500000 Prev_Close=0.491320 Volume=0.486323
[LN87     ] [chunk_XX_feature_importance.py] [info]   consolidated_ranking label_threshold=0.0 signal_rate=0.520600 kept=19 kept_total=24 rank=1 Perf_Half_Y=10.42 rank=2 Price_to_52W_High=10.92 rank=3 Change=12.75 rank=4 Avg_Volume=13.00 rank=5 52W_Low=14.25 rank=6 ATR=14.92 rank=6 SMA20=14.92 rank=8 Perf_Month=15.08 rank=9 Market_Cap=15.17 rank=10 Price_to_52W_Low=15.92 rank=11 Rel_Volume=16.08 rank=12 Volume=16.58 rank=13 SMA50=17.25 rank=14 RSI_14=17.42 rank=15 Price=17.58 rank=16 Volume_to_Avg_Volume=18.08 rank=18 Prev_Close=18.58 rank=18 Perf_YTD=18.58 rank=18 SMA200=18.58
[LN88     ] [chunk_XX_feature_importance.py] [info]   consolidated_pruning label_threshold=0.0 signal_rate=0.520600 pruned=5 pruned_total=24 rank=20 Perf_Week=18.75 rank=21 52W_High=19.25 rank=22 Perf_Quarter=19.42 rank=23 Perf_Year=20.92 rank=24 Ticker_id=25.58
[LN89     ] [chunk_XX_feature_importance.py] [info] cross_threshold always_pruned=Perf_Year ,Ticker_id
[LN90     ] [chunk_XX_feature_importance.py] [info] cross_threshold never_pruned=52W_Low ,Avg_Volume ,Change ,Market_Cap ,Perf_Half_Y ,Perf_Month ,Prev_Close ,Price ,Price_to_52W_High ,Price_to_52W_Low ,Rel_Volume ,SMA20 ,SMA50 ,Volume ,Volume_to_Avg_Volume
[LN91     ] [chunk_XX_feature_importance.py] [info] cross_threshold borderline=52W_High:1 ,ATR:1 ,Perf_Quarter:2 ,Perf_Week:1 ,Perf_YTD:2 ,RSI_14:1 ,SMA200:1
[LN92     ] [chunk_XX_feature_importance.py] [info] Computing feature correlation matrix
[LN93     ] [chunk_XX_feature_importance.py] [info] total time: 868.2s (14.5 min)
[LN94     ] [chunk_XX_feature_importance.py] [info] features: 24 total -> 19 kept, 5 pruned
[LN95     ] [chunk_XX_feature_importance.py] [info] dropped: ['Ticker_id', 'Perf_YTD', 'Perf_Year', 'Perf_Quarter', 'RSI_14']
[LN96     ] [chunk_XX_feature_importance.py] [info] FEATURE IMPORTANCE ANALYSIS REPORT

Original features: 24 | After pruning: 19 | Dropped: 5
runtime_total=14.5min correlation=3.0s tree=88.8s permutation=58.6s neural=5.0s shap=13.1s ablation=121.1s

Dropped features: ['Ticker_id', 'Perf_YTD', 'Perf_Year', 'Perf_Quarter', 'RSI_14']
Kept features: ['Price_to_52W_High', '52W_Low', 'Price_to_52W_Low', 'Perf_Week', 'Change', 'Perf_Half_Y', 'Price', 'Prev_Close', 'Perf_Month', 'Market_Cap', 'Volume', 'Volume_to_Avg_Volume', 'Avg_Volume', 'SMA50', 'Rel_Volume', 'SMA20', 'ATR', '52W_High', 'SMA200']
CONSOLIDATED RANKING (1 = most important)
             feature  mean_rank  consolidated_rank
   Price_to_52W_High  10.000000                1.0
             52W_Low  10.166667                2.0
    Price_to_52W_Low  12.000000                3.0
           Perf_Week  13.500000                4.0
              Change  14.000000                5.5
         Perf_Half_Y  14.000000                5.5
               Price  14.166667                7.0
          Prev_Close  14.500000                8.0
          Perf_Month  14.666667                9.0
          Market_Cap  15.833333               11.0
              Volume  15.833333               11.0
Volume_to_Avg_Volume  15.833333               11.0
          Avg_Volume  16.333333               13.0
               SMA50  16.666667               14.0
          Rel_Volume  17.000000               15.0
               SMA20  18.500000               16.0
                 ATR  19.000000               17.0
            52W_High  19.333333               18.0
              SMA200  20.166667               19.5
           Perf_Year  20.166667               19.5
            Perf_YTD  20.500000               21.5
        Perf_Quarter  20.500000               21.5
              RSI_14  21.666667               23.0
           Ticker_id  25.666667               24.0
FEATURE IMPORTANCE RANKING PER METHOD
Spearman Correlation:
               feature  rank  spearman_abs
   Price_to_52W_High  16.0      0.015009
         Perf_Half_Y  17.0      0.027116
          Market_Cap  22.0      0.022929
             52W_Low  23.0      0.008232
              Volume  27.0      0.014916
          Prev_Close  27.0      0.011778
          Avg_Volume  28.0      0.012845
               Price  30.0      0.010739
            52W_High  32.0      0.004350
    Price_to_52W_Low  33.0      0.008048
          Perf_Month  35.0      0.020008
              Change  39.0      0.038954
            Perf_YTD  43.0      0.022379
           Perf_Week  44.0      0.025385
               SMA20  44.0      0.029126
               SMA50  44.0      0.021709
Volume_to_Avg_Volume  45.0      0.011341
        Perf_Quarter  45.0      0.006745
           Perf_Year  46.0      0.017499
          Rel_Volume  46.0      0.010813
              RSI_14  47.0      0.024967
              SMA200  47.0      0.015928
                 ATR  55.0      0.004452
           Ticker_id  65.0      0.002961

Tree Importance (Random Forest + Gradient Boosting):
               feature  rank  combined_importance
Volume_to_Avg_Volume   1.0             0.087617
   Price_to_52W_High   2.0             0.072723
             52W_Low   3.0             0.065750
    Price_to_52W_Low   4.0             0.063806
           Perf_Week   5.0             0.051851
              Volume   6.0             0.051126
          Rel_Volume   7.0             0.047661
          Market_Cap   8.0             0.044377
              Change   9.0             0.042322
               SMA20  10.0             0.040658
          Avg_Volume  11.0             0.040557
          Prev_Close  12.0             0.036622
              RSI_14  13.0             0.035652
                 ATR  14.0             0.035417
               Price  15.0             0.034452
               SMA50  16.0             0.034162
          Perf_Month  17.0             0.030574
         Perf_Half_Y  18.0             0.030281
            Perf_YTD  19.0             0.028222
           Perf_Year  20.0             0.028005
        Perf_Quarter  21.0             0.027053
           Ticker_id  22.0             0.024604
              SMA200  23.0             0.023841
            52W_High  24.0             0.022667

Permutation Importance:
               feature  rank
          Market_Cap  12.5
             52W_Low  12.5
          Prev_Close  12.5
               Price  12.5
              Volume  12.5
            52W_High  12.5
           Ticker_id  12.5
            Perf_YTD  12.5
           Perf_Year  12.5
              SMA200  12.5
         Perf_Half_Y  12.5
          Avg_Volume  12.5
        Perf_Quarter  12.5
               SMA50  12.5
          Perf_Month  12.5
               SMA20  12.5
                 ATR  12.5
              RSI_14  12.5
           Perf_Week  12.5
          Rel_Volume  12.5
              Change  12.5
   Price_to_52W_High  12.5
Volume_to_Avg_Volume  12.5
    Price_to_52W_Low  12.5

Neural Weight Magnitude:
               feature  rank
    Price_to_52W_Low   1.0
          Rel_Volume   2.0
           Perf_Week   3.0
                 ATR   4.0
              Change   5.0
          Perf_Month   6.0
               SMA50   7.0
        Perf_Quarter   8.0
             52W_Low   9.0
   Price_to_52W_High  10.0
Volume_to_Avg_Volume  11.0
               Price  12.0
         Perf_Half_Y  13.0
          Avg_Volume  14.0
           Perf_Year  15.0
              SMA200  16.0
              Volume  17.0
               SMA20  18.0
            Perf_YTD  19.0
          Market_Cap  20.0
          Prev_Close  21.0
              RSI_14  22.0
            52W_High  23.0
           Ticker_id  24.0

SHAP Values:
               feature  rank  mean_abs_shap
          Market_Cap  12.5            0.0
             52W_Low  12.5            0.0
          Prev_Close  12.5            0.0
               Price  12.5            0.0
              Volume  12.5            0.0
            52W_High  12.5            0.0
           Ticker_id  12.5            0.0
            Perf_YTD  12.5            0.0
           Perf_Year  12.5            0.0
              SMA200  12.5            0.0
         Perf_Half_Y  12.5            0.0
          Avg_Volume  12.5            0.0
        Perf_Quarter  12.5            0.0
               SMA50  12.5            0.0
          Perf_Month  12.5            0.0
               SMA20  12.5            0.0
                 ATR  12.5            0.0
              RSI_14  12.5            0.0
           Perf_Week  12.5            0.0
          Rel_Volume  12.5            0.0
              Change  12.5            0.0
   Price_to_52W_High  12.5            0.0
Volume_to_Avg_Volume  12.5            0.0
    Price_to_52W_Low  12.5            0.0

Ablation Study (AUC):
               feature  rank      auc
             52W_Low   1.0 0.838447
          Prev_Close   2.0 0.773619
               Price   3.0 0.769558
           Perf_Week   4.0 0.769230
          Perf_Month   5.0 0.766635
              Change   6.0 0.761235
   Price_to_52W_High   7.0 0.743537
               SMA50   8.0 0.728069
    Price_to_52W_Low   9.0 0.715200
              SMA200  10.0 0.705896
         Perf_Half_Y  11.0 0.687896
            52W_High  12.0 0.672469
Volume_to_Avg_Volume  13.0 0.658525
               SMA20  14.0 0.621684
           Perf_Year  15.0 0.581673
                 ATR  16.0 0.574701
            Perf_YTD  17.0 0.531247
           Ticker_id  18.0 0.517102
          Market_Cap  20.0 0.500000
              Volume  20.0 0.500000
          Avg_Volume  20.0 0.500000
          Rel_Volume  22.0 0.458036
              RSI_14  23.0 0.398287
        Perf_Quarter  24.0 0.386204
[LN97     ] [chunk_XX_feature_importance.py] [info] Report saved to ./feature_importance_report.txt
[LN98     ] [chunk_XX_feature_importance.py] [info] Consolidated ranking saved to ./feature_importance_report.csv
[LN99     ] [chunk_XX_feature_importance.py] [info] Metadata saved to ./feature_importance_report_meta.json
[LN100    ] [chunk_XX_phase_feature_analysis_a.py] [info] complete: 24 raw features (per-threshold pruning stored)
[LN101    ] [chunk_XX_phase_feature_analysis_a.py] [info]   First threshold (20.0): 19 kept
[LN102    ] [chunk_20_pipeline_main.py] [info] [skip] Phase Xa: Raw Feature Importance validation skipped (no validator)
[LN103    ] [chunk_18_phase_4_ensemble.py] [info] Target column: ChangeY
[LN104    ] [chunk_18_phase_4_ensemble.py] [info] Features (24): ['Market_Cap', '52W_Low', 'Prev_Close', 'Price', 'Volume', '52W_High', 'Ticker_id', 'Perf_YTD', 'Perf_Year', 'SMA200', 'Perf_Half_Y', 'Avg_Volume', 'Perf_Quarter', 'SMA50', 'Perf_Month', 'SMA20', 'ATR', 'RSI_14', 'Perf_Week', 'Rel_Volume', 'Change', 'Price_to_52W_High', 'Volume_to_Avg_Volume', 'Price_to_52W_Low']
[LN105    ] [chunk_18_phase_4_ensemble.py] [info] Per-threshold feature pruning loaded for 3 thresholds
[LN106    ] [chunk_18_phase_4_ensemble.py] [info] Training ensemble on 184408 samples
[LN107    ] [chunk_18_phase_4_ensemble.py] [info] Date split: 32 total, top 2 held out (TOP_DATES_HELD_OUT=2)
[LN108    ] [chunk_18_phase_4_ensemble.py] [info]   Remaining dates: 30 (after excluding top 2)
[LN109    ] [chunk_18_phase_4_ensemble.py] [info]   Validation split: 30% = 9 dates
[LN110    ] [chunk_18_phase_4_ensemble.py] [info]   Training split: 70% = 21 dates
[LN111    ] [chunk_18_phase_4_ensemble.py] [info] Training set: 119,310 rows, 21 unique dates
[LN112    ] [chunk_18_phase_4_ensemble.py] [info] Validation set: 53,254 rows, 9 unique dates
[LN113    ] [chunk_18_phase_4_ensemble.py] [info] [stat] split ratio: train=70.0% | validation=30.0%
[LN114    ] [chunk_18_phase_4_ensemble.py] [info] [stat] Class Distribution at Label Thresholds (20.0 to 0.0, step -10.0):
[LN115    ] [chunk_18_phase_4_ensemble.py] [info]    LABEL_THRESHOLD= 20.0: train_positives=689 ( 0.58%) | validation_positives=336 ( 0.63%) [ok]
[LN116    ] [chunk_18_phase_4_ensemble.py] [info]    LABEL_THRESHOLD= 10.0: train_positives=2,554 ( 2.14%) | validation_positives=1,197 ( 2.25%) [ok]
[LN117    ] [chunk_18_phase_4_ensemble.py] [info]    LABEL_THRESHOLD=  0.0: train_positives=59,721 (50.06%) | validation_positives=28,774 (54.03%) [ok]
[LN118    ] [chunk_18_phase_4_ensemble.py] [info] [section 1] [baseline] Training 9 architectures
[LN119    ] [chunk_18_phase_4_ensemble.py] [info] [section 1] [baseline] Testing 3 thresholds per architecture (20.0 to 0.0, step -10.0)
[LN120    ] [chunk_18_phase_4_ensemble.py] [info] [section 1] [CATBOOST] [baseline] LABEL_THRESHOLD=20.0,
[LN121    ] [chunk_18_phase_4_ensemble.py] [info] [section 1] [CATBOOST] [baseline] predictions: mean=0.0204, std=0.0636, min=0.0000, max=0.9397
[LN122    ] [chunk_18_phase_4_ensemble.py] [info] [section 1] [CATBOOST] [baseline]  cumulative binary_split_predictions (1%) ≤ 0.0000, (5%) ≤ 0.0000, (10%) ≤ 0.0000, (25%) ≤ 0.0001, (50%) ≤ 0.0009, (75%) ≤ 0.0081, (90%) ≤ 0.0496, (95%) ≤ 0.1124, (99%) ≤ 0.3397, max=0.9397 binary_split_predictions distribution: 77% ≤ 0.01, 83% ≤ 0.02, 90% ≤ 0.05, 94% ≤ 0.1, 98% ≤ 0.2, 100% ≤ 0.5, 0% ≥ 0.50
[LN123    ] [chunk_18_phase_4_ensemble.py] [info] [section 1] [CATBOOST] [baseline] prediction_binary_split=0.50, VALIDATION predictions at LABEL_THRESHOLD=20.0: 0.32%
[LN124    ] [chunk_18_phase_4_ensemble.py] [info] [section 1] [CATBOOST] [baseline] LABEL_THRESHOLD=20.0,
[LN125    ] [chunk_18_phase_4_ensemble.py] [info] [section 1] [CATBOOST] [baseline] VALIDATION_PRECISION=0.0347 VALIDATION_TRUE_POSITIVES=6 VALIDATION_TRUE_NEGATIVES=52751 validation_false_positives=167 validation_false_negatives=330 validation_max_prediction=0.9397 validation_mean_prediction=0.0204 validation_recall=0.0179 validation_f1=0.0236 validation_auc=0.8492 validation_specificity=0.9968 validation_false_positive_rate=0.0032 validation_f2=0.0198 validation_mcc=0.0205 validation_prauc=0.0298 validation_balanced_accuracy=0.5074 validation_brier=0.0095 validation_kappa=0.0194 validation_informedness=0.0147 validation_markedness=0.0315 validation_gini=0.6985 validation_optimal_threshold=0.0046 validation_standard_deviation_prediction=0.0636 validation_percentage_above_threshold=0.32
[LN126    ] [chunk_18_phase_4_ensemble.py] [info] [section 1] [CATBOOST] [baseline] prediction_binary_split=0.50 loss=binary_crossentropy, lr=0.001
[LN127    ] [chunk_12_evaluation_evaluator.py] [info] [CATBOOST] label_threshold=20.0 train_below_prediction_binary_split=118,621 train_above_prediction_binary_split=689 train_positive_found=true val_below_prediction_binary_split=52,918 val_above_prediction_binary_split=336 val_positive_found=true
[LN128    ] [chunk_12_evaluation_evaluator.py] [info] [reject] threshold=20.0 action=skipped reason=insufficient_positive_predictions positive_predictions=21 minimum_positive_required=53
[LN129    ] [chunk_12_evaluation_evaluator.py] [info] [CATBOOST] label_threshold=10.0 train_below_prediction_binary_split=116,756 train_above_prediction_binary_split=2,554 train_positive_found=true val_below_prediction_binary_split=52,057 val_above_prediction_binary_split=1,197 val_positive_found=true
[LN130    ] [chunk_12_evaluation_evaluator.py] [info] [CATBOOST] [diagnostic] LABEL_THRESHOLD=10.0 train_precision=0.8549 train_true_positives=1897 train_true_negatives=116434 train_false_positives=322 train_false_negatives=657 train_max_prediction=0.9602 train_mean_prediction=0.0694 train_recall=0.7428 train_f1=0.7949 train_auc=0.9838 train_specificity=0.9972 train_false_positive_rate=0.0028 train_f2=0.7628 train_mcc=0.7928 train_prauc=0.8501 train_balanced_accuracy=0.8700 train_brier=0.0149 train_kappa=0.7907 train_informedness=0.7400 train_markedness=0.8521 train_gini=0.9676 train_optimal_threshold=0.2598 train_standard_deviation_prediction=0.1209 train_percentage_above_threshold=1.86
[LN131    ] [chunk_12_evaluation_evaluator.py] [info] [CATBOOST] [diagnostic] LABEL_THRESHOLD=10.0 VALIDATION_PRECISION=0.1424 VALIDATION_TRUE_POSITIVES=47 VALIDATION_TRUE_NEGATIVES=51774 validation_false_positives=283 validation_false_negatives=1150 validation_max_prediction=0.8642 validation_mean_prediction=0.0594 validation_recall=0.0393 validation_f1=0.0616 validation_auc=0.8315 validation_specificity=0.9946 validation_false_positive_rate=0.0054 validation_f2=0.0459 validation_mcc=0.0639 validation_prauc=0.0833 validation_balanced_accuracy=0.5169 validation_brier=0.0273 validation_kappa=0.0524 validation_informedness=0.0338 validation_markedness=0.1370 validation_gini=0.6629 validation_optimal_threshold=0.0400 validation_standard_deviation_prediction=0.0964 validation_percentage_above_threshold=0.62
[LN132    ] [chunk_12_evaluation_evaluator.py] [info] [CATBOOST] label_threshold=0.0 train_below_prediction_binary_split=59,589 train_above_prediction_binary_split=59,721 train_positive_found=true val_below_prediction_binary_split=24,480 val_above_prediction_binary_split=28,774 val_positive_found=true
[LN133    ] [chunk_12_evaluation_evaluator.py] [info] [CATBOOST] [diagnostic] LABEL_THRESHOLD=0.0 train_precision=0.6731 train_true_positives=39567 train_true_negatives=40371 train_false_positives=19218 train_false_negatives=20154 train_max_prediction=0.9883 train_mean_prediction=0.5003 train_recall=0.6625 train_f1=0.6678 train_auc=0.7404 train_specificity=0.6775 train_false_positive_rate=0.3225 train_f2=0.6646 train_mcc=0.3401 train_prauc=0.7411 train_balanced_accuracy=0.6700 train_brier=0.2178 train_kappa=0.3400 train_informedness=0.3400 train_markedness=0.3506 train_gini=0.4808 train_optimal_threshold=0.4963 train_standard_deviation_prediction=0.1059 train_percentage_above_threshold=49.27
[LN134    ] [chunk_12_evaluation_evaluator.py] [info] [CATBOOST] [diagnostic] LABEL_THRESHOLD=0.0 VALIDATION_PRECISION=0.5241 VALIDATION_TRUE_POSITIVES=11642 VALIDATION_TRUE_NEGATIVES=13907 validation_false_positives=10573 validation_false_negatives=17132 validation_max_prediction=0.9697 validation_mean_prediction=0.4826 validation_recall=0.4046 validation_f1=0.4566 validation_auc=0.4822 validation_specificity=0.5681 validation_false_positive_rate=0.4319 validation_f2=0.4239 validation_mcc=-0.0276 validation_prauc=0.5493 validation_balanced_accuracy=0.4863 validation_brier=0.2674 validation_kappa=-0.0268 validation_informedness=-0.0273 validation_markedness=0.0922 validation_gini=0.0000 validation_optimal_threshold=0.6965 validation_standard_deviation_prediction=0.1199 validation_percentage_above_threshold=41.72
[LN135    ] [chunk_18_phase_4_ensemble.py] [info] [section 1] [CATBOOST] [label_threshold_optimal]  cumulative binary_split_predictions (1%) ≤ 0.2241, (5%) ≤ 0.3020, (10%) ≤ 0.3384, (25%) ≤ 0.3994, (50%) ≤ 0.4739, (75%) ≤ 0.5595, (90%) ≤ 0.6385, (95%) ≤ 0.6862, (99%) ≤ 0.8098, max=0.9697 binary_split_predictions distribution: 0% ≤ 0.01, 0% ≤ 0.02, 0% ≤ 0.05, 0% ≤ 0.1, 1% ≤ 0.2, 58% ≤ 0.5, 42% ≥ 0.50
[LN136    ] [chunk_18_phase_4_ensemble.py] [info] [section 1] [CATBOOST] [label_threshold_optimal] LABEL_THRESHOLD=0.0
[LN137    ] [chunk_18_phase_4_ensemble.py] [info] [section 1] [CATBOOST] [label_threshold_optimal] train_precision=0.6731 train_true_positives=39567 train_true_negatives=40371 train_false_positives=19218 train_false_negatives=20154 train_max_prediction=0.9883 train_mean_prediction=0.5003 train_recall=0.6625 train_f1=0.6678 train_auc=0.7404 train_specificity=0.6775 train_false_positive_rate=0.3225 train_f2=0.6646 train_mcc=0.3401 train_prauc=0.7411 train_balanced_accuracy=0.6700 train_brier=0.2178 train_kappa=0.3400 train_informedness=0.3400 train_markedness=0.3506 train_gini=0.4808 train_optimal_threshold=0.4963 train_standard_deviation_prediction=0.1059 train_percentage_above_threshold=49.27
[LN138    ] [chunk_18_phase_4_ensemble.py] [info] [section 1] [CATBOOST] [label_threshold_optimal] VALIDATION_PRECISION=0.5241 VALIDATION_TRUE_POSITIVES=11642 VALIDATION_TRUE_NEGATIVES=13907 validation_false_positives=10573 validation_false_negatives=17132 validation_max_prediction=0.9697 validation_mean_prediction=0.4826 validation_recall=0.4046 validation_f1=0.4566 validation_auc=0.4822 validation_specificity=0.5681 validation_false_positive_rate=0.4319 validation_f2=0.4239 validation_mcc=-0.0276 validation_prauc=0.5493 validation_balanced_accuracy=0.4863 validation_brier=0.2674 validation_kappa=-0.0268 validation_informedness=-0.0273 validation_markedness=0.0922 validation_gini=0.0000 validation_optimal_threshold=0.6965 validation_standard_deviation_prediction=0.1199 validation_percentage_above_threshold=41.72
[LN139    ] [chunk_18_phase_4_ensemble.py] [info] [section 1] [CATBOOST] [label_threshold_optimal] prediction_binary_split=0.50
[LN140    ] [chunk_21_hyperparam_optimizer.py] [info] [section 2] [CATBOOST] [hyperparameter_optimization search] Running Bayesian optimization (5 trials)...
[LN141    ] [chunk_21_hyperparam_optimizer.py] [info] [section 2] [CATBOOST] [hyperparameter_optimization search baseline] LABEL_THRESHOLD=0.0
[LN142    ] [chunk_21_hyperparam_optimizer.py] [info] [section 2] [CATBOOST] [hyperparameter_optimization search baseline] VALIDATION_PRECISION=0.5134 VALIDATION_TRUE_POSITIVES=10811 VALIDATION_TRUE_NEGATIVES=14232 validation_false_positives=10248 validation_false_negatives=17963 validation_max_prediction=0.8257 validation_mean_prediction=0.4897 validation_recall=0.3757 validation_f1=0.4339 validation_auc=0.4722 validation_specificity=0.5814 validation_false_positive_rate=0.4186 validation_f2=0.3970 validation_mcc=-0.0437 validation_prauc=0.5437 validation_balanced_accuracy=0.4785 validation_brier=0.2580 validation_kappa=-0.0419 validation_informedness=-0.0429 validation_markedness=0.0947 validation_gini=0.0000 validation_optimal_threshold=0.6374 validation_standard_deviation_prediction=0.0746 validation_percentage_above_threshold=39.54
[LN143    ] [chunk_21_hyperparam_optimizer.py] [info] [section 2] [CATBOOST] [hyperparameter_optimization search baseline] TRIAL 1/5: iterations=400, depth=5, learning_rate=0.03, auto_class_weights=Balanced, l2_leaf_reg=7
[LN144    ] [chunk_21_hyperparam_optimizer.py] [info] [section 2] [CATBOOST] [hyperparameter_optimization search baseline] LABEL_THRESHOLD=0.0
[LN145    ] [chunk_21_hyperparam_optimizer.py] [info] [section 2] [CATBOOST] [hyperparameter_optimization search baseline] VALIDATION_PRECISION=0.5225 VALIDATION_TRUE_POSITIVES=11242 VALIDATION_TRUE_NEGATIVES=14208 validation_false_positives=10272 validation_false_negatives=17532 validation_max_prediction=0.9118 validation_mean_prediction=0.4838 validation_recall=0.3907 validation_f1=0.4471 validation_auc=0.4829 validation_specificity=0.5804 validation_false_positive_rate=0.4196 validation_f2=0.4115 validation_mcc=-0.0294 validation_prauc=0.5507 validation_balanced_accuracy=0.4855 validation_brier=0.2626 validation_kappa=-0.0283 validation_informedness=-0.0289 validation_markedness=0.1029 validation_gini=0.0000 validation_optimal_threshold=0.6649 validation_standard_deviation_prediction=0.1014 validation_percentage_above_threshold=40.40
[LN146    ] [chunk_21_hyperparam_optimizer.py] [info] [section 2] [CATBOOST] [hyperparameter_optimization search baseline] TRIAL 2/5: iterations=400, depth=5, learning_rate=0.08, auto_class_weights=Balanced, l2_leaf_reg=5
[LN147    ] [chunk_21_hyperparam_optimizer.py] [info] [section 2] [CATBOOST] [hyperparameter_optimization search baseline] LABEL_THRESHOLD=0.0
[LN148    ] [chunk_21_hyperparam_optimizer.py] [info] [section 2] [CATBOOST] [hyperparameter_optimization search baseline] VALIDATION_PRECISION=0.5250 VALIDATION_TRUE_POSITIVES=11378 VALIDATION_TRUE_NEGATIVES=14187 validation_false_positives=10293 validation_false_negatives=17396 validation_max_prediction=0.9261 validation_mean_prediction=0.4833 validation_recall=0.3954 validation_f1=0.4511 validation_auc=0.4838 validation_specificity=0.5795 validation_false_positive_rate=0.4205 validation_f2=0.4160 validation_mcc=-0.0254 validation_prauc=0.5509 validation_balanced_accuracy=0.4875 validation_brier=0.2635 validation_kappa=-0.0245 validation_informedness=-0.0250 validation_markedness=0.1046 validation_gini=0.0000 validation_optimal_threshold=0.6898 validation_standard_deviation_prediction=0.1061 validation_percentage_above_threshold=40.69
[LN149    ] [chunk_21_hyperparam_optimizer.py] [info] [section 2] [CATBOOST] [hyperparameter_optimization search baseline] TRIAL 3/5: iterations=500, depth=5, learning_rate=0.08, auto_class_weights=Balanced, l2_leaf_reg=5
[LN150    ] [chunk_21_hyperparam_optimizer.py] [info] [section 2] [CATBOOST] [hyperparameter_optimization search baseline] LABEL_THRESHOLD=0.0
[LN151    ] [chunk_21_hyperparam_optimizer.py] [info] [section 2] [CATBOOST] [hyperparameter_optimization search baseline] VALIDATION_PRECISION=0.5144 VALIDATION_TRUE_POSITIVES=10919 VALIDATION_TRUE_NEGATIVES=14172 validation_false_positives=10308 validation_false_negatives=17855 validation_max_prediction=0.8371 validation_mean_prediction=0.4872 validation_recall=0.3795 validation_f1=0.4368 validation_auc=0.4753 validation_specificity=0.5789 validation_false_positive_rate=0.4211 validation_f2=0.4005 validation_mcc=-0.0423 validation_prauc=0.5454 validation_balanced_accuracy=0.4792 validation_brier=0.2593 validation_kappa=-0.0407 validation_informedness=-0.0416 validation_markedness=0.0933 validation_gini=0.0000 validation_optimal_threshold=0.6401 validation_standard_deviation_prediction=0.0812 validation_percentage_above_threshold=39.86
[LN152    ] [chunk_21_hyperparam_optimizer.py] [info] [section 2] [CATBOOST] [hyperparameter_optimization search baseline] TRIAL 4/5: iterations=300, depth=5, learning_rate=0.05, auto_class_weights=Balanced, l2_leaf_reg=7
[LN153    ] [chunk_21_hyperparam_optimizer.py] [info] [section 2] [CATBOOST] [hyperparameter_optimization search baseline] LABEL_THRESHOLD=0.0
[LN154    ] [chunk_21_hyperparam_optimizer.py] [info] [section 2] [CATBOOST] [hyperparameter_optimization search baseline] VALIDATION_PRECISION=0.5236 VALIDATION_TRUE_POSITIVES=11454 VALIDATION_TRUE_NEGATIVES=14057 validation_false_positives=10423 validation_false_negatives=17320 validation_max_prediction=0.9576 validation_mean_prediction=0.4833 validation_recall=0.3981 validation_f1=0.4523 validation_auc=0.4813 validation_specificity=0.5742 validation_false_positive_rate=0.4258 validation_f2=0.4181 validation_mcc=-0.0281 validation_prauc=0.5486 validation_balanced_accuracy=0.4861 validation_brier=0.2634 validation_kappa=-0.0271 validation_informedness=-0.0277 validation_markedness=0.0978 validation_gini=0.0000 validation_optimal_threshold=0.6674 validation_standard_deviation_prediction=0.1032 validation_percentage_above_threshold=41.08
[LN155    ] [chunk_21_hyperparam_optimizer.py] [info] [section 2] [CATBOOST] [hyperparameter_optimization search baseline] TRIAL 5/5: iterations=300, depth=5, learning_rate=0.1, auto_class_weights=Balanced, l2_leaf_reg=1
[LN156    ] [chunk_21_hyperparam_optimizer.py] [info] [section 2] [CATBOOST] [best trial] LABEL_THRESHOLD=0.0
[LN157    ] [chunk_21_hyperparam_optimizer.py] [info] [section 2] [CATBOOST] [best trial] VALIDATION_PRECISION=0.5250 VALIDATION_TRUE_POSITIVES=11378 VALIDATION_TRUE_NEGATIVES=14187 validation_false_positives=10293 validation_false_negatives=17396 validation_max_prediction=0.9261 validation_mean_prediction=0.4833 validation_recall=0.3954 validation_f1=0.4511 validation_auc=0.4838 validation_specificity=0.5795 validation_false_positive_rate=0.4205 validation_f2=0.4160 validation_mcc=-0.0254 validation_prauc=0.5509 validation_balanced_accuracy=0.4875 validation_brier=0.2635 validation_kappa=-0.0245 validation_informedness=-0.0250 validation_markedness=0.1046 validation_gini=0.0000 validation_optimal_threshold=0.6898 validation_standard_deviation_prediction=0.1061 validation_percentage_above_threshold=40.69
[LN158    ] [chunk_21_hyperparam_optimizer.py] [info] [section 2] [CATBOOST] [best trial] iterations=500, depth=5, learning_rate=0.08, auto_class_weights=Balanced, l2_leaf_reg=5
[LN159    ] [chunk_18_phase_4_ensemble.py] [info]    [diagnostic-hyperparameter_optimization]  cumulative binary_split_predictions (1%) ≤ 0.2504, (5%) ≤ 0.3244, (10%) ≤ 0.3586, (25%) ≤ 0.4104, (50%) ≤ 0.4753, (75%) ≤ 0.5507, (90%) ≤ 0.6214, (95%) ≤ 0.6626, (99%) ≤ 0.7775, max=0.9261 binary_split_predictions distribution: 0% ≤ 0.01, 0% ≤ 0.02, 0% ≤ 0.05, 0% ≤ 0.1, 0% ≤ 0.2, 59% ≤ 0.5, 41% ≥ 0.50
[LN160    ] [chunk_18_phase_4_ensemble.py] [info]    hyperparameter_optimization improved: 0.5250 > 0.5241
[LN161    ] [chunk_18_phase_4_ensemble.py] [info] [section 3] [CATBOOST] [HYPERPARAMETER_OPTIMIZATION] LABEL_THRESHOLD=0.0,
[LN162    ] [chunk_18_phase_4_ensemble.py] [info] [section 3] [CATBOOST] [HYPERPARAMETER_OPTIMIZATION] VALIDATION_PRECISION=0.5250 VALIDATION_TRUE_POSITIVES=11378 VALIDATION_TRUE_NEGATIVES=14187 validation_false_positives=10293 validation_false_negatives=17396 validation_max_prediction=0.9261 validation_mean_prediction=0.4833 validation_recall=0.3954 validation_f1=0.4511 validation_auc=0.4838 validation_specificity=0.5795 validation_false_positive_rate=0.4205 validation_f2=0.4160 validation_mcc=-0.0254 validation_prauc=0.5509 validation_balanced_accuracy=0.4875 validation_brier=0.2635 validation_kappa=-0.0245 validation_informedness=-0.0250 validation_markedness=0.1046 validation_gini=0.0000 validation_optimal_threshold=0.6898 validation_standard_deviation_prediction=0.1061 validation_percentage_above_threshold=40.69
[LN163    ] [chunk_18_phase_4_ensemble.py] [info] [section 3] [CATBOOST] [HYPERPARAMETER_OPTIMIZATION] prediction_binary_split=0.50 hyperparams=(loss=binary_crossentropy lr=0.08 dropout=0.1 alpha=0.0 gamma=0.0 latent_dim=0) improved=True {'iterations': 500, 'depth': 5, 'learning_rate': 0.08, 'auto_class_weights': 'Balanced', 'l2_leaf_reg': 5}
[LN164    ] [chunk_18_phase_4_ensemble.py] [info]    Running post hyperparameter_optimization threshold search for CatBoost...
[LN165    ] [chunk_12_evaluation_evaluator.py] [info] [CATBOOST] label_threshold=20.0 train_below_prediction_binary_split=118,621 train_above_prediction_binary_split=689 train_positive_found=true val_below_prediction_binary_split=52,918 val_above_prediction_binary_split=336 val_positive_found=true
[LN166    ] [chunk_12_evaluation_evaluator.py] [info] [CATBOOST] [reject] skipping LABEL_THRESHOLD=20.0: validation_precision=0.0035 <= baseline+0.0100=0.0163
[LN167    ] [chunk_12_evaluation_evaluator.py] [info] [CATBOOST] label_threshold=10.0 train_below_prediction_binary_split=116,756 train_above_prediction_binary_split=2,554 train_positive_found=true val_below_prediction_binary_split=52,057 val_above_prediction_binary_split=1,197 val_positive_found=true
[LN168    ] [chunk_12_evaluation_evaluator.py] [info] [CATBOOST] [reject] skipping LABEL_THRESHOLD=10.0: validation_precision=0.0276 <= baseline+0.0100=0.0325
[LN169    ] [chunk_12_evaluation_evaluator.py] [info] [CATBOOST] label_threshold=0.0 train_below_prediction_binary_split=59,589 train_above_prediction_binary_split=59,721 train_positive_found=true val_below_prediction_binary_split=24,480 val_above_prediction_binary_split=28,774 val_positive_found=true
[LN170    ] [chunk_12_evaluation_evaluator.py] [info] [CATBOOST] [diagnostic] LABEL_THRESHOLD=0.0 train_precision=0.6094 train_true_positives=35672 train_true_negatives=36727 train_false_positives=22862 train_false_negatives=24049 train_max_prediction=0.9748 train_mean_prediction=0.5000 train_recall=0.5973 train_f1=0.6033 train_auc=0.6559 train_specificity=0.6163 train_false_positive_rate=0.3837 train_f2=0.5997 train_mcc=0.2137 train_prauc=0.6556 train_balanced_accuracy=0.6068 train_brier=0.2325 train_kappa=0.2136 train_informedness=0.2136 train_markedness=0.2258 train_gini=0.3118 train_optimal_threshold=0.5018 train_standard_deviation_prediction=0.0936 train_percentage_above_threshold=49.06
[LN171    ] [chunk_12_evaluation_evaluator.py] [info] [CATBOOST] [diagnostic] LABEL_THRESHOLD=0.0 VALIDATION_PRECISION=0.5250 VALIDATION_TRUE_POSITIVES=11378 VALIDATION_TRUE_NEGATIVES=14187 validation_false_positives=10293 validation_false_negatives=17396 validation_max_prediction=0.9261 validation_mean_prediction=0.4833 validation_recall=0.3954 validation_f1=0.4511 validation_auc=0.4838 validation_specificity=0.5795 validation_false_positive_rate=0.4205 validation_f2=0.4160 validation_mcc=-0.0254 validation_prauc=0.5509 validation_balanced_accuracy=0.4875 validation_brier=0.2635 validation_kappa=-0.0245 validation_informedness=-0.0250 validation_markedness=0.1046 validation_gini=0.0000 validation_optimal_threshold=0.6898 validation_standard_deviation_prediction=0.1061 validation_percentage_above_threshold=40.69
[LN172    ] [chunk_18_phase_4_ensemble.py] [info]    hyperparameter_optimization model threshold search: LABEL_THRESHOLD=0.0, VALIDATION_PRECISION=0.5250
[LN173    ] [chunk_18_phase_4_ensemble.py] [info]    post hyperparameter_optimization threshold search: LABEL_THRESHOLD=0.0, VALIDATION_PRECISION=0.5250
[LN174    ] [chunk_18_phase_4_ensemble.py] [info]    post hyperparameter_optimization no improvement: keeping LABEL_THRESHOLD=0.0
[LN175    ] [chunk_18_phase_4_ensemble.py] [info] [section 4] [CATBOOST] [post hyperparameter_optimization] [diagnostic]  cumulative binary_split_predictions (1%) ≤ 0.2504, (5%) ≤ 0.3244, (10%) ≤ 0.3586, (25%) ≤ 0.4104, (50%) ≤ 0.4753, (75%) ≤ 0.5507, (90%) ≤ 0.6214, (95%) ≤ 0.6626, (99%) ≤ 0.7775, max=0.9261 binary_split_predictions distribution: 0% ≤ 0.01, 0% ≤ 0.02, 0% ≤ 0.05, 0% ≤ 0.1, 0% ≤ 0.2, 59% ≤ 0.5, 41% ≥ 0.50
[LN176    ] [chunk_18_phase_4_ensemble.py] [info] [section 4] [CATBOOST] [post hyperparameter_optimization] LABEL_THRESHOLD=0.0,
[LN177    ] [chunk_18_phase_4_ensemble.py] [info] [section 4] [CATBOOST] [post hyperparameter_optimization] VALIDATION_PRECISION=0.5250 VALIDATION_TRUE_POSITIVES=11378 VALIDATION_TRUE_NEGATIVES=14187 validation_false_positives=10293 validation_false_negatives=17396 validation_max_prediction=0.9261 validation_mean_prediction=0.4833 validation_recall=0.3954 validation_f1=0.4511 validation_auc=0.4838 validation_specificity=0.5795 validation_false_positive_rate=0.4205 validation_f2=0.4160 validation_mcc=-0.0254 validation_prauc=0.5509 validation_balanced_accuracy=0.4875 validation_brier=0.2635 validation_kappa=-0.0245 validation_informedness=-0.0250 validation_markedness=0.1046 validation_gini=0.0000 validation_optimal_threshold=0.6898 validation_standard_deviation_prediction=0.1061 validation_percentage_above_threshold=40.69
[LN178    ] [chunk_18_phase_4_ensemble.py] [info] [section 4] [CATBOOST] [post hyperparameter_optimization] prediction_binary_split=0.50 hyperparams=(loss=binary_crossentropy lr=0.08 dropout=0.0 alpha=1.0 gamma=1.0 latent_dim=64) source=section3
[LN179    ] [chunk_18_phase_4_ensemble.py] [info]    Using Hyperparameter_Optimized model directly (no change to Label_Threshold)
[LN180    ] [chunk_18_phase_4_ensemble.py] [info]    Train predictions: mean=0.5000, std=0.0936, min=0.0855, max=0.9748
[LN181    ] [chunk_18_phase_4_ensemble.py] [info]    validation predictions:   mean=0.4833, std=0.1061, min=0.0914, max=0.9261
[LN182    ] [chunk_18_phase_4_ensemble.py] [info] [section 5] [CATBOOST] [final] [diagnostic] Train  cumulative binary_split_predictions (1%) ≤ 0.2681, (5%) ≤ 0.3595, (10%) ≤ 0.3941, (25%) ≤ 0.4450, (50%) ≤ 0.4982, (75%) ≤ 0.5494, (90%) ≤ 0.6014, (95%) ≤ 0.6458, (99%) ≤ 0.8025, max=0.9748 binary_split_predictions distribution: 0% ≤ 0.01, 0% ≤ 0.02, 0% ≤ 0.05, 0% ≤ 0.1, 0% ≤ 0.2, 51% ≤ 0.5, 49% ≥ 0.50
[LN183    ] [chunk_18_phase_4_ensemble.py] [info] [section 5] [CATBOOST] [final] [diagnostic] validation    cumulative binary_split_predictions (1%) ≤ 0.2504, (5%) ≤ 0.3244, (10%) ≤ 0.3586, (25%) ≤ 0.4104, (50%) ≤ 0.4753, (75%) ≤ 0.5507, (90%) ≤ 0.6214, (95%) ≤ 0.6626, (99%) ≤ 0.7775, max=0.9261 binary_split_predictions distribution: 0% ≤ 0.01, 0% ≤ 0.02, 0% ≤ 0.05, 0% ≤ 0.1, 0% ≤ 0.2, 59% ≤ 0.5, 41% ≥ 0.50
[LN184    ] [chunk_18_phase_4_ensemble.py] [info]    Train predictions: 49.06% positive predictions (58,534 / 119,310)
[LN185    ] [chunk_18_phase_4_ensemble.py] [info]    validation predictions:   40.69% positive predictions (21,671 / 53,254)
[LN186    ] [chunk_18_phase_4_ensemble.py] [info]    [info] Section 4 all rejected - using Section 3 results for Section 5
[LN187    ] [chunk_18_phase_4_ensemble.py] [info]    [diagnostic] prediction_buckets: 0-10:124, 10-20:1492, 20-30:9740, 30-40:20223, 40-50:14480, 50-60:5738, 60-70:1063, 70-80:388, 80-90:2, 90-100:0
[LN188    ] [chunk_18_phase_4_ensemble.py] [info] [section 5] [CATBOOST] [final] LABEL_THRESHOLD=0.0,
[LN189    ] [chunk_18_phase_4_ensemble.py] [info] [section 5] [CATBOOST] [final] train_precision=0.6094 train_true_positives=35672 train_true_negatives=36727 train_false_positives=22862 train_false_negatives=24049 train_max_prediction=0.9748 train_mean_prediction=0.5000 train_recall=0.5973 train_f1=0.6033 train_auc=0.6559 train_specificity=0.6163 train_false_positive_rate=0.3837 train_f2=0.5997 train_mcc=0.2137 train_prauc=0.6556 train_balanced_accuracy=0.6068 train_standard_deviation_prediction=0.0936 train_percentage_above_threshold=49.06 train_brier=0.2325 train_kappa=0.2136 train_informedness=0.2136 train_markedness=0.2258 train_gini=0.3118 train_optimal_threshold=0.5018
[LN190    ] [chunk_18_phase_4_ensemble.py] [info] [section 5] [CATBOOST] [final] VALIDATION_PRECISION=0.5250 VALIDATION_TRUE_POSITIVES=11378 VALIDATION_TRUE_NEGATIVES=14187 validation_false_positives=10293 validation_false_negatives=17396 validation_max_prediction=0.9261 validation_mean_prediction=0.4833 validation_recall=0.3954 validation_f1=0.4511 validation_auc=0.4838 validation_specificity=0.5795 validation_false_positive_rate=0.4205 validation_f2=0.4160 validation_mcc=-0.0254 validation_prauc=0.5509 validation_balanced_accuracy=0.4875 validation_brier=0.2635 validation_kappa=-0.0245 validation_informedness=-0.0250 validation_markedness=0.1046 validation_gini=0.0000 validation_optimal_threshold=0.6898 validation_standard_deviation_prediction=0.1061 validation_percentage_above_threshold=40.69
[LN191    ] [chunk_18_phase_4_ensemble.py] [info] [section 5] [CATBOOST] [final] prediction_binary_split=0.50 hyperparams=(loss=binary_crossentropy lr=0.08 dropout=0.0 alpha=1.0 gamma=1.0 latent_dim=64) (using HPO model directly)
[LN192    ] [chunk_18_phase_4_ensemble.py] [info]    CatBoost loss=binary_crossentropy pred_threshold=0.5 epochs=3
[LN193    ] [chunk_18_phase_4_ensemble.py] [info]    [CatBoost] hyperparameter_optimization: learning_rate=0.08
[LN194    ] [chunk_18_phase_4_ensemble.py] [info]    CatBoost training time: 61.1s
[LN195    ] [chunk_18_phase_4_ensemble.py] [info] [pass] CatBoost trained successfully
[LN196    ] [chunk_18_phase_4_ensemble.py] [info] [section 1] [LIGHTGBM] [baseline] LABEL_THRESHOLD=20.0,
[LN197    ] [chunk_18_phase_4_ensemble.py] [info] [section 1] [LIGHTGBM] [baseline] predictions: mean=0.0056, std=0.0378, min=0.0000, max=0.9708
[LN198    ] [chunk_18_phase_4_ensemble.py] [info] [section 1] [LIGHTGBM] [baseline]  cumulative binary_split_predictions (1%) ≤ 0.0000, (5%) ≤ 0.0000, (10%) ≤ 0.0000, (25%) ≤ 0.0000, (50%) ≤ 0.0000, (75%) ≤ 0.0004, (90%) ≤ 0.0046, (95%) ≤ 0.0166, (99%) ≤ 0.1261, max=0.9708 binary_split_predictions distribution: 93% ≤ 0.01, 96% ≤ 0.02, 98% ≤ 0.05, 99% ≤ 0.1, 99% ≤ 0.2, 100% ≤ 0.5, 0% ≥ 0.50
[LN199    ] [chunk_18_phase_4_ensemble.py] [info] [section 1] [LIGHTGBM] [baseline] prediction_binary_split=0.50, VALIDATION predictions at LABEL_THRESHOLD=20.0: 0.16%
[LN200    ] [chunk_18_phase_4_ensemble.py] [info] [section 1] [LIGHTGBM] [baseline] LABEL_THRESHOLD=20.0,
[LN201    ] [chunk_18_phase_4_ensemble.py] [info] [section 1] [LIGHTGBM] [baseline] VALIDATION_PRECISION=0.0353 VALIDATION_TRUE_POSITIVES=3 VALIDATION_TRUE_NEGATIVES=52836 validation_false_positives=82 validation_false_negatives=333 validation_max_prediction=0.9708 validation_mean_prediction=0.0056 validation_recall=0.0089 validation_f1=0.0143 validation_auc=0.8758 validation_specificity=0.9985 validation_false_positive_rate=0.0015 validation_f2=0.0105 validation_mcc=0.0146 validation_prauc=0.0458 validation_balanced_accuracy=0.5037 validation_brier=0.0071 validation_kappa=0.0117 validation_informedness=0.0074 validation_markedness=0.0337 validation_gini=0.7517 validation_optimal_threshold=0.0004 validation_standard_deviation_prediction=0.0378 validation_percentage_above_threshold=0.16
[LN202    ] [chunk_18_phase_4_ensemble.py] [info] [section 1] [LIGHTGBM] [baseline] prediction_binary_split=0.50 loss=binary_crossentropy, lr=0.001
[LN203    ] [chunk_12_evaluation_evaluator.py] [info] [LIGHTGBM] label_threshold=20.0 train_below_prediction_binary_split=118,621 train_above_prediction_binary_split=689 train_positive_found=true val_below_prediction_binary_split=52,918 val_above_prediction_binary_split=336 val_positive_found=true
[LN204    ] [chunk_12_evaluation_evaluator.py] [info] [LIGHTGBM] [diagnostic] LABEL_THRESHOLD=20.0 train_precision=0.9066 train_true_positives=689 train_true_negatives=118550 train_false_positives=71 train_false_negatives=0 train_max_prediction=0.9994 train_mean_prediction=0.0098 train_recall=1.0000 train_f1=0.9510 train_auc=1.0000 train_specificity=0.9994 train_false_positive_rate=0.0006 train_f2=0.9798 train_mcc=0.9519 train_prauc=0.9998 train_balanced_accuracy=0.9997 train_brier=0.0007 train_kappa=0.9507 train_informedness=0.9994 train_markedness=0.9060 train_gini=1.0000 train_optimal_threshold=0.9078 train_standard_deviation_prediction=0.0799 train_percentage_above_threshold=0.64
[LN205    ] [chunk_12_evaluation_evaluator.py] [info] [LIGHTGBM] [diagnostic] LABEL_THRESHOLD=20.0 VALIDATION_PRECISION=0.0353 VALIDATION_TRUE_POSITIVES=3 VALIDATION_TRUE_NEGATIVES=52836 validation_false_positives=82 validation_false_negatives=333 validation_max_prediction=0.9708 validation_mean_prediction=0.0056 validation_recall=0.0089 validation_f1=0.0143 validation_auc=0.8758 validation_specificity=0.9985 validation_false_positive_rate=0.0015 validation_f2=0.0105 validation_mcc=0.0146 validation_prauc=0.0458 validation_balanced_accuracy=0.5037 validation_brier=0.0071 validation_kappa=0.0117 validation_informedness=0.0074 validation_markedness=0.0337 validation_gini=0.7517 validation_optimal_threshold=0.0004 validation_standard_deviation_prediction=0.0378 validation_percentage_above_threshold=0.16
[LN206    ] [chunk_12_evaluation_evaluator.py] [info] [LIGHTGBM] label_threshold=10.0 train_below_prediction_binary_split=116,756 train_above_prediction_binary_split=2,554 train_positive_found=true val_below_prediction_binary_split=52,057 val_above_prediction_binary_split=1,197 val_positive_found=true
[LN207    ] [chunk_12_evaluation_evaluator.py] [info] [LIGHTGBM] [diagnostic] LABEL_THRESHOLD=10.0 train_precision=0.5261 train_true_positives=2554 train_true_negatives=114455 train_false_positives=2301 train_false_negatives=0 train_max_prediction=0.9932 train_mean_prediction=0.0787 train_recall=1.0000 train_f1=0.6894 train_auc=0.9999 train_specificity=0.9803 train_false_positive_rate=0.0197 train_f2=0.8473 train_mcc=0.7181 train_prauc=0.9906 train_balanced_accuracy=0.9901 train_brier=0.0187 train_kappa=0.6805 train_informedness=0.9803 train_markedness=0.5063 train_gini=0.9997 train_optimal_threshold=0.7676 train_standard_deviation_prediction=0.1771 train_percentage_above_threshold=4.07
[LN208    ] [chunk_12_evaluation_evaluator.py] [info] [LIGHTGBM] [diagnostic] LABEL_THRESHOLD=10.0 VALIDATION_PRECISION=0.1245 VALIDATION_TRUE_POSITIVES=196 VALIDATION_TRUE_NEGATIVES=50679 validation_false_positives=1378 validation_false_negatives=1001 validation_max_prediction=0.9880 validation_mean_prediction=0.0656 validation_recall=0.1637 validation_f1=0.1415 validation_auc=0.8367 validation_specificity=0.9735 validation_false_positive_rate=0.0265 validation_f2=0.1540 validation_mcc=0.1201 validation_prauc=0.0911 validation_balanced_accuracy=0.5686 validation_brier=0.0356 validation_kappa=0.1190 validation_informedness=0.1373 validation_markedness=0.0981 validation_gini=0.6734 validation_optimal_threshold=0.0147 validation_standard_deviation_prediction=0.1411 validation_percentage_above_threshold=2.96
[LN209    ] [chunk_12_evaluation_evaluator.py] [info] [LIGHTGBM] label_threshold=0.0 train_below_prediction_binary_split=59,589 train_above_prediction_binary_split=59,721 train_positive_found=true val_below_prediction_binary_split=24,480 val_above_prediction_binary_split=28,774 val_positive_found=true
[LN210    ] [chunk_12_evaluation_evaluator.py] [info] [LIGHTGBM] [diagnostic] LABEL_THRESHOLD=0.0 train_precision=0.7922 train_true_positives=46331 train_true_negatives=47436 train_false_positives=12153 train_false_negatives=13390 train_max_prediction=0.9956 train_mean_prediction=0.5001 train_recall=0.7758 train_f1=0.7839 train_auc=0.8681 train_specificity=0.7961 train_false_positive_rate=0.2039 train_f2=0.7790 train_mcc=0.5720 train_prauc=0.8668 train_balanced_accuracy=0.7859 train_brier=0.1823 train_kappa=0.5718 train_informedness=0.5718 train_markedness=0.5883 train_gini=0.7362 train_optimal_threshold=0.4964 train_standard_deviation_prediction=0.1471 train_percentage_above_threshold=49.02
[LN211    ] [chunk_12_evaluation_evaluator.py] [info] [LIGHTGBM] [diagnostic] LABEL_THRESHOLD=0.0 VALIDATION_PRECISION=0.5295 VALIDATION_TRUE_POSITIVES=11670 VALIDATION_TRUE_NEGATIVES=14109 validation_false_positives=10371 validation_false_negatives=17104 validation_max_prediction=0.9752 validation_mean_prediction=0.4710 validation_recall=0.4056 validation_f1=0.4593 validation_auc=0.4884 validation_specificity=0.5763 validation_false_positive_rate=0.4237 validation_f2=0.4255 validation_mcc=-0.0183 validation_prauc=0.5534 validation_balanced_accuracy=0.4910 validation_brier=0.2792 validation_kappa=-0.0177 validation_informedness=-0.0181 validation_markedness=0.1058 validation_gini=0.0000 validation_optimal_threshold=0.7186 validation_standard_deviation_prediction=0.1582 validation_percentage_above_threshold=41.39
[LN212    ] [chunk_18_phase_4_ensemble.py] [info] [section 1] [LIGHTGBM] [label_threshold_optimal]  cumulative binary_split_predictions (1%) ≤ 0.1402, (5%) ≤ 0.2218, (10%) ≤ 0.2700, (25%) ≤ 0.3574, (50%) ≤ 0.4638, (75%) ≤ 0.5770, (90%) ≤ 0.6806, (95%) ≤ 0.7409, (99%) ≤ 0.8577, max=0.9752 binary_split_predictions distribution: 0% ≤ 0.01, 0% ≤ 0.02, 0% ≤ 0.05, 0% ≤ 0.1, 3% ≤ 0.2, 59% ≤ 0.5, 41% ≥ 0.50
[LN213    ] [chunk_18_phase_4_ensemble.py] [info] [section 1] [LIGHTGBM] [label_threshold_optimal] LABEL_THRESHOLD=0.0
[LN214    ] [chunk_18_phase_4_ensemble.py] [info] [section 1] [LIGHTGBM] [label_threshold_optimal] train_precision=0.7922 train_true_positives=46331 train_true_negatives=47436 train_false_positives=12153 train_false_negatives=13390 train_max_prediction=0.9956 train_mean_prediction=0.5001 train_recall=0.7758 train_f1=0.7839 train_auc=0.8681 train_specificity=0.7961 train_false_positive_rate=0.2039 train_f2=0.7790 train_mcc=0.5720 train_prauc=0.8668 train_balanced_accuracy=0.7859 train_brier=0.1823 train_kappa=0.5718 train_informedness=0.5718 train_markedness=0.5883 train_gini=0.7362 train_optimal_threshold=0.4964 train_standard_deviation_prediction=0.1471 train_percentage_above_threshold=49.02
[LN215    ] [chunk_18_phase_4_ensemble.py] [info] [section 1] [LIGHTGBM] [label_threshold_optimal] VALIDATION_PRECISION=0.5295 VALIDATION_TRUE_POSITIVES=11670 VALIDATION_TRUE_NEGATIVES=14109 validation_false_positives=10371 validation_false_negatives=17104 validation_max_prediction=0.9752 validation_mean_prediction=0.4710 validation_recall=0.4056 validation_f1=0.4593 validation_auc=0.4884 validation_specificity=0.5763 validation_false_positive_rate=0.4237 validation_f2=0.4255 validation_mcc=-0.0183 validation_prauc=0.5534 validation_balanced_accuracy=0.4910 validation_brier=0.2792 validation_kappa=-0.0177 validation_informedness=-0.0181 validation_markedness=0.1058 validation_gini=0.0000 validation_optimal_threshold=0.7186 validation_standard_deviation_prediction=0.1582 validation_percentage_above_threshold=41.39
[LN216    ] [chunk_18_phase_4_ensemble.py] [info] [section 1] [LIGHTGBM] [label_threshold_optimal] prediction_binary_split=0.50
[LN217    ] [chunk_21_hyperparam_optimizer.py] [info] [section 2] [LIGHTGBM] [hyperparameter_optimization search] Running Bayesian optimization (5 trials)...
[LN218    ] [chunk_21_hyperparam_optimizer.py] [info] [section 2] [LIGHTGBM] [hyperparameter_optimization search baseline] LABEL_THRESHOLD=0.0
[LN219    ] [chunk_21_hyperparam_optimizer.py] [info] [section 2] [LIGHTGBM] [hyperparameter_optimization search baseline] VALIDATION_PRECISION=0.5242 VALIDATION_TRUE_POSITIVES=11110 VALIDATION_TRUE_NEGATIVES=14395 validation_false_positives=10085 validation_false_negatives=17664 validation_max_prediction=0.9130 validation_mean_prediction=0.4785 validation_recall=0.3861 validation_f1=0.4447 validation_auc=0.4846 validation_specificity=0.5880 validation_false_positive_rate=0.4120 validation_f2=0.4076 validation_mcc=-0.0263 validation_prauc=0.5523 validation_balanced_accuracy=0.4871 validation_brier=0.2637 validation_kappa=-0.0253 validation_informedness=-0.0259 validation_markedness=0.1122 validation_gini=0.0000 validation_optimal_threshold=0.6264 validation_standard_deviation_prediction=0.1065 validation_percentage_above_threshold=39.80
[LN220    ] [chunk_21_hyperparam_optimizer.py] [info] [section 2] [LIGHTGBM] [hyperparameter_optimization search baseline] TRIAL 1/5: n_estimators=300, num_leaves=63, learning_rate=0.03, min_child_samples=100, reg_alpha=0.01, reg_lambda=10.0, subsample=0.7, colsample_bytree=1.0, min_split_gain=0.0
[LN221    ] [chunk_21_hyperparam_optimizer.py] [info] [section 2] [LIGHTGBM] [hyperparameter_optimization search baseline] LABEL_THRESHOLD=0.0
[LN222    ] [chunk_21_hyperparam_optimizer.py] [info] [section 2] [LIGHTGBM] [hyperparameter_optimization search baseline] VALIDATION_PRECISION=0.5283 VALIDATION_TRUE_POSITIVES=11415 VALIDATION_TRUE_NEGATIVES=14286 validation_false_positives=10194 validation_false_negatives=17359 validation_max_prediction=0.9473 validation_mean_prediction=0.4743 validation_recall=0.3967 validation_f1=0.4531 validation_auc=0.4878 validation_specificity=0.5836 validation_false_positive_rate=0.4164 validation_f2=0.4175 validation_mcc=-0.0200 validation_prauc=0.5553 validation_balanced_accuracy=0.4901 validation_brier=0.2695 validation_kappa=-0.0193 validation_informedness=-0.0197 validation_markedness=0.1118 validation_gini=0.0000 validation_optimal_threshold=0.6549 validation_standard_deviation_prediction=0.1290 validation_percentage_above_threshold=40.58
[LN223    ] [chunk_21_hyperparam_optimizer.py] [info] [section 2] [LIGHTGBM] [hyperparameter_optimization search baseline] TRIAL 2/5: n_estimators=500, num_leaves=63, learning_rate=0.05, min_child_samples=50, reg_alpha=0.5, reg_lambda=10.0, subsample=0.7, colsample_bytree=0.8, min_split_gain=0.01
[LN224    ] [chunk_21_hyperparam_optimizer.py] [info] [section 2] [LIGHTGBM] [hyperparameter_optimization search baseline] LABEL_THRESHOLD=0.0
[LN225    ] [chunk_21_hyperparam_optimizer.py] [info] [section 2] [LIGHTGBM] [hyperparameter_optimization search baseline] VALIDATION_PRECISION=0.5229 VALIDATION_TRUE_POSITIVES=11271 VALIDATION_TRUE_NEGATIVES=14196 validation_false_positives=10284 validation_false_negatives=17503 validation_max_prediction=0.9306 validation_mean_prediction=0.4802 validation_recall=0.3917 validation_f1=0.4479 validation_auc=0.4826 validation_specificity=0.5799 validation_false_positive_rate=0.4201 validation_f2=0.4124 validation_mcc=-0.0288 validation_prauc=0.5524 validation_balanced_accuracy=0.4858 validation_brier=0.2637 validation_kappa=-0.0278 validation_informedness=-0.0284 validation_markedness=0.1028 validation_gini=0.0000 validation_optimal_threshold=0.6164 validation_standard_deviation_prediction=0.1050 validation_percentage_above_threshold=40.48
[LN226    ] [chunk_21_hyperparam_optimizer.py] [info] [section 2] [LIGHTGBM] [hyperparameter_optimization search baseline] TRIAL 3/5: n_estimators=300, num_leaves=127, learning_rate=0.03, min_child_samples=200, reg_alpha=1.0, reg_lambda=10.0, subsample=0.6, colsample_bytree=1.0, min_split_gain=0.0
[LN227    ] [chunk_21_hyperparam_optimizer.py] [info] [section 2] [LIGHTGBM] [hyperparameter_optimization search baseline] LABEL_THRESHOLD=0.0
[LN228    ] [chunk_21_hyperparam_optimizer.py] [info] [section 2] [LIGHTGBM] [hyperparameter_optimization search baseline] VALIDATION_PRECISION=0.5278 VALIDATION_TRUE_POSITIVES=11174 VALIDATION_TRUE_NEGATIVES=14482 validation_false_positives=9998 validation_false_negatives=17600 validation_max_prediction=0.9428 validation_mean_prediction=0.4740 validation_recall=0.3883 validation_f1=0.4474 validation_auc=0.4875 validation_specificity=0.5916 validation_false_positive_rate=0.4084 validation_f2=0.4100 validation_mcc=-0.0204 validation_prauc=0.5547 validation_balanced_accuracy=0.4900 validation_brier=0.2677 validation_kappa=-0.0196 validation_informedness=-0.0201 validation_markedness=0.1194 validation_gini=0.0000 validation_optimal_threshold=0.6665 validation_standard_deviation_prediction=0.1223 validation_percentage_above_threshold=39.76
[LN229    ] [chunk_21_hyperparam_optimizer.py] [info] [section 2] [LIGHTGBM] [hyperparameter_optimization search baseline] TRIAL 4/5: n_estimators=300, num_leaves=127, learning_rate=0.05, min_child_samples=100, reg_alpha=0.1, reg_lambda=5.0, subsample=0.8, colsample_bytree=0.8, min_split_gain=0.1
[LN230    ] [chunk_21_hyperparam_optimizer.py] [info] [section 2] [LIGHTGBM] [hyperparameter_optimization search baseline] LABEL_THRESHOLD=0.0
[LN231    ] [chunk_21_hyperparam_optimizer.py] [info] [section 2] [LIGHTGBM] [hyperparameter_optimization search baseline] VALIDATION_PRECISION=0.5271 VALIDATION_TRUE_POSITIVES=11151 VALIDATION_TRUE_NEGATIVES=14475 validation_false_positives=10005 validation_false_negatives=17623 validation_max_prediction=0.9451 validation_mean_prediction=0.4751 validation_recall=0.3875 validation_f1=0.4467 validation_auc=0.4875 validation_specificity=0.5913 validation_false_positive_rate=0.4087 validation_f2=0.4092 validation_mcc=-0.0216 validation_prauc=0.5551 validation_balanced_accuracy=0.4894 validation_brier=0.2663 validation_kappa=-0.0207 validation_informedness=-0.0212 validation_markedness=0.1184 validation_gini=0.0000 validation_optimal_threshold=0.6383 validation_standard_deviation_prediction=0.1163 validation_percentage_above_threshold=39.73
[LN232    ] [chunk_21_hyperparam_optimizer.py] [info] [section 2] [LIGHTGBM] [hyperparameter_optimization search baseline] TRIAL 5/5: n_estimators=800, num_leaves=31, learning_rate=0.03, min_child_samples=200, reg_alpha=0.01, reg_lambda=10.0, subsample=0.7, colsample_bytree=1.0, min_split_gain=0.01
[LN233    ] [chunk_21_hyperparam_optimizer.py] [info] [section 2] [LIGHTGBM] [best trial] LABEL_THRESHOLD=0.0
[LN234    ] [chunk_21_hyperparam_optimizer.py] [info] [section 2] [LIGHTGBM] [best trial] VALIDATION_PRECISION=0.5283 VALIDATION_TRUE_POSITIVES=11415 VALIDATION_TRUE_NEGATIVES=14286 validation_false_positives=10194 validation_false_negatives=17359 validation_max_prediction=0.9473 validation_mean_prediction=0.4743 validation_recall=0.3967 validation_f1=0.4531 validation_auc=0.4878 validation_specificity=0.5836 validation_false_positive_rate=0.4164 validation_f2=0.4175 validation_mcc=-0.0200 validation_prauc=0.5553 validation_balanced_accuracy=0.4901 validation_brier=0.2695 validation_kappa=-0.0193 validation_informedness=-0.0197 validation_markedness=0.1118 validation_gini=0.0000 validation_optimal_threshold=0.6549 validation_standard_deviation_prediction=0.1290 validation_percentage_above_threshold=40.58
[LN235    ] [chunk_21_hyperparam_optimizer.py] [info] [section 2] [LIGHTGBM] [best trial] n_estimators=500, num_leaves=63, learning_rate=0.05, min_child_samples=50, reg_alpha=0.5, reg_lambda=10.0, subsample=0.7, colsample_bytree=0.8, min_split_gain=0.01
[LN236    ] [chunk_18_phase_4_ensemble.py] [info]    [diagnostic-hyperparameter_optimization]  cumulative binary_split_predictions (1%) ≤ 0.1877, (5%) ≤ 0.2686, (10%) ≤ 0.3142, (25%) ≤ 0.3871, (50%) ≤ 0.4687, (75%) ≤ 0.5588, (90%) ≤ 0.6413, (95%) ≤ 0.6866, (99%) ≤ 0.8057, max=0.9473 binary_split_predictions distribution: 0% ≤ 0.01, 0% ≤ 0.02, 0% ≤ 0.05, 0% ≤ 0.1, 1% ≤ 0.2, 59% ≤ 0.5, 41% ≥ 0.50
[LN237    ] [chunk_18_phase_4_ensemble.py] [info]    hyperparameter_optimization did NOT improve: 0.5283 <= 0.5295 - using pre hyperparameter_optimization model
[LN238    ] [chunk_18_phase_4_ensemble.py] [info] [section 3] [LIGHTGBM] [PRE-HYPERPARAMETER_OPTIMIZATION] LABEL_THRESHOLD=0.0,
[LN239    ] [chunk_18_phase_4_ensemble.py] [info] [section 3] [LIGHTGBM] [PRE-HYPERPARAMETER_OPTIMIZATION] VALIDATION_PRECISION=0.5295 VALIDATION_TRUE_POSITIVES=11670 VALIDATION_TRUE_NEGATIVES=14109 validation_false_positives=10371 validation_false_negatives=17104 validation_max_prediction=0.9752 validation_mean_prediction=0.4710 validation_recall=0.4056 validation_f1=0.4593 validation_auc=0.4884 validation_specificity=0.5763 validation_false_positive_rate=0.4237 validation_f2=0.4255 validation_mcc=-0.0183 validation_prauc=0.5534 validation_balanced_accuracy=0.4910 validation_brier=0.2792 validation_kappa=-0.0177 validation_informedness=-0.0181 validation_markedness=0.1058 validation_gini=0.0000 validation_optimal_threshold=0.7186 validation_standard_deviation_prediction=0.1582 validation_percentage_above_threshold=41.39
[LN240    ] [chunk_18_phase_4_ensemble.py] [info] [section 3] [LIGHTGBM] [PRE-HYPERPARAMETER_OPTIMIZATION] prediction_binary_split=0.50 hyperparams=(loss=binary_crossentropy lr=0.05 dropout=0.1 alpha=0.0 gamma=0.0 latent_dim=0) improved=False {'n_estimators': 500, 'num_leaves': 63, 'learning_rate': 0.05, 'min_child_samples': 50, 'reg_alpha': 0.5, 'reg_lambda': 10.0, 'subsample': 0.7, 'colsample_bytree': 0.8, 'min_split_gain': 0.01}
[LN241    ] [chunk_18_phase_4_ensemble.py] [info]    Running post hyperparameter_optimization threshold search for LightGBM...
[LN242    ] [chunk_12_evaluation_evaluator.py] [info] [LIGHTGBM] label_threshold=20.0 train_below_prediction_binary_split=118,621 train_above_prediction_binary_split=689 train_positive_found=true val_below_prediction_binary_split=52,918 val_above_prediction_binary_split=336 val_positive_found=true
[LN243    ] [chunk_12_evaluation_evaluator.py] [info] [LIGHTGBM] [reject] skipping LABEL_THRESHOLD=20.0: validation_precision=0.0093 <= baseline+0.0100=0.0163
[LN244    ] [chunk_12_evaluation_evaluator.py] [info] [LIGHTGBM] label_threshold=10.0 train_below_prediction_binary_split=116,756 train_above_prediction_binary_split=2,554 train_positive_found=true val_below_prediction_binary_split=52,057 val_above_prediction_binary_split=1,197 val_positive_found=true
[LN245    ] [chunk_12_evaluation_evaluator.py] [info] [LIGHTGBM] [diagnostic] LABEL_THRESHOLD=10.0 train_precision=0.0599 train_true_positives=645 train_true_negatives=106631 train_false_positives=10125 train_false_negatives=1909 train_max_prediction=0.8377 train_mean_prediction=0.3097 train_recall=0.2525 train_f1=0.0968 train_auc=0.6738 train_specificity=0.9133 train_false_positive_rate=0.0867 train_f2=0.1537 train_mcc=0.0838 train_prauc=0.0463 train_balanced_accuracy=0.5829 train_brier=0.1154 train_kappa=0.0644 train_informedness=0.1658 train_markedness=-0.0268 train_gini=0.3475 train_optimal_threshold=0.3256 train_standard_deviation_prediction=0.1224 train_percentage_above_threshold=9.03
[LN246    ] [chunk_12_evaluation_evaluator.py] [info] [LIGHTGBM] [diagnostic] LABEL_THRESHOLD=10.0 VALIDATION_PRECISION=0.0400 VALIDATION_TRUE_POSITIVES=170 VALIDATION_TRUE_NEGATIVES=47973 validation_false_positives=4084 validation_false_negatives=1027 validation_max_prediction=0.8121 validation_mean_prediction=0.3265 validation_recall=0.1420 validation_f1=0.0624 validation_auc=0.5209 validation_specificity=0.9215 validation_false_positive_rate=0.0785 validation_f2=0.0940 validation_mcc=0.0348 validation_prauc=0.0292 validation_balanced_accuracy=0.5318 validation_brier=0.1259 validation_kappa=0.0283 validation_informedness=0.0636 validation_markedness=-0.0385 validation_gini=0.0417 validation_optimal_threshold=0.4188 validation_standard_deviation_prediction=0.1105 validation_percentage_above_threshold=7.99
[LN247    ] [chunk_12_evaluation_evaluator.py] [info] [LIGHTGBM] label_threshold=0.0 train_below_prediction_binary_split=59,589 train_above_prediction_binary_split=59,721 train_positive_found=true val_below_prediction_binary_split=24,480 val_above_prediction_binary_split=28,774 val_positive_found=true
[LN248    ] [chunk_12_evaluation_evaluator.py] [info] [LIGHTGBM] [diagnostic] LABEL_THRESHOLD=0.0 train_precision=0.7922 train_true_positives=46331 train_true_negatives=47436 train_false_positives=12153 train_false_negatives=13390 train_max_prediction=0.9956 train_mean_prediction=0.5001 train_recall=0.7758 train_f1=0.7839 train_auc=0.8681 train_specificity=0.7961 train_false_positive_rate=0.2039 train_f2=0.7790 train_mcc=0.5720 train_prauc=0.8668 train_balanced_accuracy=0.7859 train_brier=0.1823 train_kappa=0.5718 train_informedness=0.5718 train_markedness=0.5883 train_gini=0.7362 train_optimal_threshold=0.4964 train_standard_deviation_prediction=0.1471 train_percentage_above_threshold=49.02
[LN249    ] [chunk_12_evaluation_evaluator.py] [info] [LIGHTGBM] [diagnostic] LABEL_THRESHOLD=0.0 VALIDATION_PRECISION=0.5295 VALIDATION_TRUE_POSITIVES=11670 VALIDATION_TRUE_NEGATIVES=14109 validation_false_positives=10371 validation_false_negatives=17104 validation_max_prediction=0.9752 validation_mean_prediction=0.4710 validation_recall=0.4056 validation_f1=0.4593 validation_auc=0.4884 validation_specificity=0.5763 validation_false_positive_rate=0.4237 validation_f2=0.4255 validation_mcc=-0.0183 validation_prauc=0.5534 validation_balanced_accuracy=0.4910 validation_brier=0.2792 validation_kappa=-0.0177 validation_informedness=-0.0181 validation_markedness=0.1058 validation_gini=0.0000 validation_optimal_threshold=0.7186 validation_standard_deviation_prediction=0.1582 validation_percentage_above_threshold=41.39
[LN250    ] [chunk_18_phase_4_ensemble.py] [info]    hyperparameter_optimization model threshold search: LABEL_THRESHOLD=0.0, VALIDATION_PRECISION=0.5283
[LN251    ] [chunk_18_phase_4_ensemble.py] [info]    post hyperparameter_optimization threshold search: LABEL_THRESHOLD=0.0, VALIDATION_PRECISION=0.5295
[LN252    ] [chunk_18_phase_4_ensemble.py] [info]    post hyperparameter_optimization no improvement: keeping LABEL_THRESHOLD=0.0
[LN253    ] [chunk_18_phase_4_ensemble.py] [info] [section 4] [LIGHTGBM] [post hyperparameter_optimization] [diagnostic]  cumulative binary_split_predictions (1%) ≤ 0.1402, (5%) ≤ 0.2218, (10%) ≤ 0.2700, (25%) ≤ 0.3574, (50%) ≤ 0.4638, (75%) ≤ 0.5770, (90%) ≤ 0.6806, (95%) ≤ 0.7409, (99%) ≤ 0.8577, max=0.9752 binary_split_predictions distribution: 0% ≤ 0.01, 0% ≤ 0.02, 0% ≤ 0.05, 0% ≤ 0.1, 3% ≤ 0.2, 59% ≤ 0.5, 41% ≥ 0.50
[LN254    ] [chunk_18_phase_4_ensemble.py] [info] [section 4] [LIGHTGBM] [post hyperparameter_optimization] LABEL_THRESHOLD=0.0,
[LN255    ] [chunk_18_phase_4_ensemble.py] [info] [section 4] [LIGHTGBM] [post hyperparameter_optimization] VALIDATION_PRECISION=0.5295 VALIDATION_TRUE_POSITIVES=11670 VALIDATION_TRUE_NEGATIVES=14109 validation_false_positives=10371 validation_false_negatives=17104 validation_max_prediction=0.9752 validation_mean_prediction=0.4710 validation_recall=0.4056 validation_f1=0.4593 validation_auc=0.4884 validation_specificity=0.5763 validation_false_positive_rate=0.4237 validation_f2=0.4255 validation_mcc=-0.0183 validation_prauc=0.5534 validation_balanced_accuracy=0.4910 validation_brier=0.2792 validation_kappa=-0.0177 validation_informedness=-0.0181 validation_markedness=0.1058 validation_gini=0.0000 validation_optimal_threshold=0.7186 validation_standard_deviation_prediction=0.1582 validation_percentage_above_threshold=41.39
[LN256    ] [chunk_18_phase_4_ensemble.py] [info] [section 4] [LIGHTGBM] [post hyperparameter_optimization] prediction_binary_split=0.50 hyperparams=(loss=binary_crossentropy lr=0.05 dropout=0.0 alpha=1.0 gamma=1.0 latent_dim=64) source=section3
[LN257    ] [chunk_18_phase_4_ensemble.py] [info]    Using threshold-optimized model (HPO did not improve)
[LN258    ] [chunk_18_phase_4_ensemble.py] [info]    Train predictions: mean=0.5001, std=0.1471, min=0.0253, max=0.9956
[LN259    ] [chunk_18_phase_4_ensemble.py] [info]    validation predictions:   mean=0.4710, std=0.1582, min=0.0453, max=0.9752
[LN260    ] [chunk_18_phase_4_ensemble.py] [info] [section 5] [LIGHTGBM] [final] [diagnostic] Train  cumulative binary_split_predictions (1%) ≤ 0.1608, (5%) ≤ 0.2631, (10%) ≤ 0.3170, (25%) ≤ 0.4036, (50%) ≤ 0.4966, (75%) ≤ 0.5928, (90%) ≤ 0.6864, (95%) ≤ 0.7465, (99%) ≤ 0.8824, max=0.9956 binary_split_predictions distribution: 0% ≤ 0.01, 0% ≤ 0.02, 0% ≤ 0.05, 0% ≤ 0.1, 2% ≤ 0.2, 51% ≤ 0.5, 49% ≥ 0.50
[LN261    ] [chunk_18_phase_4_ensemble.py] [info] [section 5] [LIGHTGBM] [final] [diagnostic] validation    cumulative binary_split_predictions (1%) ≤ 0.1402, (5%) ≤ 0.2218, (10%) ≤ 0.2700, (25%) ≤ 0.3574, (50%) ≤ 0.4638, (75%) ≤ 0.5770, (90%) ≤ 0.6806, (95%) ≤ 0.7409, (99%) ≤ 0.8577, max=0.9752 binary_split_predictions distribution: 0% ≤ 0.01, 0% ≤ 0.02, 0% ≤ 0.05, 0% ≤ 0.1, 3% ≤ 0.2, 59% ≤ 0.5, 41% ≥ 0.50
[LN262    ] [chunk_18_phase_4_ensemble.py] [info]    Train predictions: 49.02% positive predictions (58,484 / 119,310)
[LN263    ] [chunk_18_phase_4_ensemble.py] [info]    validation predictions:   41.39% positive predictions (22,041 / 53,254)
[LN264    ] [chunk_18_phase_4_ensemble.py] [info]    [info] Section 4 all rejected - using Section 3 results for Section 5
[LN265    ] [chunk_18_phase_4_ensemble.py] [info]    [diagnostic] prediction_buckets: 0-10:1689, 10-20:5814, 20-30:10680, 30-40:12896, 40-50:10918, 50-60:6816, 60-70:3089, 70-80:923, 80-90:295, 90-100:0
[LN266    ] [chunk_18_phase_4_ensemble.py] [info] [section 5] [LIGHTGBM] [final] LABEL_THRESHOLD=0.0,
[LN267    ] [chunk_18_phase_4_ensemble.py] [info] [section 5] [LIGHTGBM] [final] train_precision=0.7922 train_true_positives=46331 train_true_negatives=47436 train_false_positives=12153 train_false_negatives=13390 train_max_prediction=0.9956 train_mean_prediction=0.5001 train_recall=0.7758 train_f1=0.7839 train_auc=0.8681 train_specificity=0.7961 train_false_positive_rate=0.2039 train_f2=0.7790 train_mcc=0.5720 train_prauc=0.8668 train_balanced_accuracy=0.7859 train_standard_deviation_prediction=0.1471 train_percentage_above_threshold=49.02 train_brier=0.1823 train_kappa=0.5718 train_informedness=0.5718 train_markedness=0.5883 train_gini=0.7362 train_optimal_threshold=0.4964
[LN268    ] [chunk_18_phase_4_ensemble.py] [info] [section 5] [LIGHTGBM] [final] VALIDATION_PRECISION=0.5295 VALIDATION_TRUE_POSITIVES=11670 VALIDATION_TRUE_NEGATIVES=14109 validation_false_positives=10371 validation_false_negatives=17104 validation_max_prediction=0.9752 validation_mean_prediction=0.4710 validation_recall=0.4056 validation_f1=0.4593 validation_auc=0.4884 validation_specificity=0.5763 validation_false_positive_rate=0.4237 validation_f2=0.4255 validation_mcc=-0.0183 validation_prauc=0.5534 validation_balanced_accuracy=0.4910 validation_brier=0.2792 validation_kappa=-0.0177 validation_informedness=-0.0181 validation_markedness=0.1058 validation_gini=0.0000 validation_optimal_threshold=0.7186 validation_standard_deviation_prediction=0.1582 validation_percentage_above_threshold=41.39
[LN269    ] [chunk_18_phase_4_ensemble.py] [info] [section 5] [LIGHTGBM] [final] prediction_binary_split=0.50 hyperparams=(loss=binary_crossentropy lr=0.05 dropout=0.0 alpha=1.0 gamma=1.0 latent_dim=64) (using HPO model directly)
[LN270    ] [chunk_18_phase_4_ensemble.py] [info]    LightGBM loss=binary_crossentropy pred_threshold=0.5 epochs=3
[LN271    ] [chunk_18_phase_4_ensemble.py] [info]    [LightGBM] hyperparameter_optimization: learning_rate=0.05
[LN272    ] [chunk_18_phase_4_ensemble.py] [info]    LightGBM training time: 45.3s
[LN273    ] [chunk_18_phase_4_ensemble.py] [info] [pass] LightGBM trained successfully
[LN274    ] [chunk_18_phase_4_ensemble.py] [info] [section 1] [XGBOOST] [baseline] LABEL_THRESHOLD=20.0,
[LN275    ] [chunk_18_phase_4_ensemble.py] [info] [section 1] [XGBOOST] [baseline] predictions: mean=0.0045, std=0.0230, min=0.0000, max=0.7434
[LN276    ] [chunk_18_phase_4_ensemble.py] [info] [section 1] [XGBOOST] [baseline]  cumulative binary_split_predictions (1%) ≤ 0.0000, (5%) ≤ 0.0000, (10%) ≤ 0.0000, (25%) ≤ 0.0000, (50%) ≤ 0.0001, (75%) ≤ 0.0012, (90%) ≤ 0.0078, (95%) ≤ 0.0187, (99%) ≤ 0.0858, max=0.7434 binary_split_predictions distribution: 92% ≤ 0.01, 95% ≤ 0.02, 98% ≤ 0.05, 99% ≤ 0.1, 100% ≤ 0.2, 100% ≤ 0.5, 0% ≥ 0.50
[LN277    ] [chunk_18_phase_4_ensemble.py] [info] [section 1] [XGBOOST] [baseline] prediction_binary_split=0.50, VALIDATION predictions at LABEL_THRESHOLD=20.0: 0.04%
[LN278    ] [chunk_18_phase_4_ensemble.py] [info] [section 1] [XGBOOST] [baseline] LABEL_THRESHOLD=20.0,
[LN279    ] [chunk_18_phase_4_ensemble.py] [info] [section 1] [XGBOOST] [baseline] VALIDATION_PRECISION=0.0000 VALIDATION_TRUE_POSITIVES=0 VALIDATION_TRUE_NEGATIVES=52899 validation_false_positives=19 validation_false_negatives=336 validation_max_prediction=0.7434 validation_mean_prediction=0.0045 validation_recall=0.0000 validation_f1=0.0000 validation_auc=0.8764 validation_specificity=0.9996 validation_false_positive_rate=0.0004 validation_f2=0.0000 validation_mcc=-0.0015 validation_prauc=0.0389 validation_balanced_accuracy=0.4998 validation_brier=0.0065 validation_kappa=-0.0007 validation_informedness=-0.0004 validation_markedness=-0.0004 validation_gini=0.7528 validation_optimal_threshold=0.0006 validation_standard_deviation_prediction=0.0230 validation_percentage_above_threshold=0.04
[LN280    ] [chunk_18_phase_4_ensemble.py] [info] [section 1] [XGBOOST] [baseline] prediction_binary_split=0.50 loss=binary_crossentropy, lr=0.001
[LN281    ] [chunk_12_evaluation_evaluator.py] [info] [XGBOOST] label_threshold=20.0 train_below_prediction_binary_split=118,621 train_above_prediction_binary_split=689 train_positive_found=true val_below_prediction_binary_split=52,918 val_above_prediction_binary_split=336 val_positive_found=true
[LN282    ] [chunk_12_evaluation_evaluator.py] [info] [XGBOOST] [diagnostic] LABEL_THRESHOLD=20.0 train_precision=0.7555 train_true_positives=689 train_true_negatives=118398 train_false_positives=223 train_false_negatives=0 train_max_prediction=0.9993 train_mean_prediction=0.0177 train_recall=1.0000 train_f1=0.8607 train_auc=1.0000 train_specificity=0.9981 train_false_positive_rate=0.0019 train_f2=0.9392 train_mcc=0.8684 train_prauc=0.9997 train_balanced_accuracy=0.9991 train_brier=0.0024 train_kappa=0.8598 train_informedness=0.9981 train_markedness=0.7536 train_gini=1.0000 train_optimal_threshold=0.8203 train_standard_deviation_prediction=0.0879 train_percentage_above_threshold=0.76
[LN283    ] [chunk_12_evaluation_evaluator.py] [info] [XGBOOST] [diagnostic] LABEL_THRESHOLD=20.0 VALIDATION_PRECISION=0.0685 VALIDATION_TRUE_POSITIVES=5 VALIDATION_TRUE_NEGATIVES=52850 validation_false_positives=68 validation_false_negatives=331 validation_max_prediction=0.8529 validation_mean_prediction=0.0093 validation_recall=0.0149 validation_f1=0.0244 validation_auc=0.8533 validation_specificity=0.9987 validation_false_positive_rate=0.0013 validation_f2=0.0176 validation_mcc=0.0291 validation_prauc=0.0317 validation_balanced_accuracy=0.5068 validation_brier=0.0074 validation_kappa=0.0222 validation_informedness=0.0136 validation_markedness=0.0672 validation_gini=0.7065 validation_optimal_threshold=0.0015 validation_standard_deviation_prediction=0.0409 validation_percentage_above_threshold=0.14
[LN284    ] [chunk_12_evaluation_evaluator.py] [info] [XGBOOST] label_threshold=10.0 train_below_prediction_binary_split=116,756 train_above_prediction_binary_split=2,554 train_positive_found=true val_below_prediction_binary_split=52,057 val_above_prediction_binary_split=1,197 val_positive_found=true
[LN285    ] [chunk_12_evaluation_evaluator.py] [info] [XGBOOST] [diagnostic] LABEL_THRESHOLD=10.0 train_precision=0.2887 train_true_positives=2554 train_true_negatives=110464 train_false_positives=6292 train_false_negatives=0 train_max_prediction=0.9991 train_mean_prediction=0.1138 train_recall=1.0000 train_f1=0.4481 train_auc=0.9999 train_specificity=0.9461 train_false_positive_rate=0.0539 train_f2=0.6699 train_mcc=0.5226 train_prauc=0.9948 train_balanced_accuracy=0.9731 train_brier=0.0392 train_kappa=0.4291 train_informedness=0.9461 train_markedness=0.2348 train_gini=0.9998 train_optimal_threshold=0.9091 train_standard_deviation_prediction=0.2166 train_percentage_above_threshold=7.41
[LN286    ] [chunk_12_evaluation_evaluator.py] [info] [XGBOOST] [diagnostic] LABEL_THRESHOLD=10.0 VALIDATION_PRECISION=0.0768 VALIDATION_TRUE_POSITIVES=205 VALIDATION_TRUE_NEGATIVES=49594 validation_false_positives=2463 validation_false_negatives=992 validation_max_prediction=0.9869 validation_mean_prediction=0.0849 validation_recall=0.1713 validation_f1=0.1061 validation_auc=0.7974 validation_specificity=0.9527 validation_false_positive_rate=0.0473 validation_f2=0.1375 validation_mcc=0.0842 validation_prauc=0.0690 validation_balanced_accuracy=0.5620 validation_brier=0.0477 validation_kappa=0.0775 validation_informedness=0.1239 validation_markedness=0.0295 validation_gini=0.5947 validation_optimal_threshold=0.0209 validation_standard_deviation_prediction=0.1708 validation_percentage_above_threshold=5.01
[LN287    ] [chunk_12_evaluation_evaluator.py] [info] [XGBOOST] label_threshold=0.0 train_below_prediction_binary_split=59,589 train_above_prediction_binary_split=59,721 train_positive_found=true val_below_prediction_binary_split=24,480 val_above_prediction_binary_split=28,774 val_positive_found=true
[LN288    ] [chunk_12_evaluation_evaluator.py] [info] [XGBOOST] [reject] skipping LABEL_THRESHOLD=0.0: pos_pred_ratio=97.76% outside [0%, 65%]
[LN289    ] [chunk_18_phase_4_ensemble.py] [info] [section 1] [XGBOOST] [label_threshold_optimal]  cumulative binary_split_predictions (1%) ≤ 0.0001, (5%) ≤ 0.0003, (10%) ≤ 0.0005, (25%) ≤ 0.0015, (50%) ≤ 0.0067, (75%) ≤ 0.0701, (90%) ≤ 0.3016, (95%) ≤ 0.5004, (99%) ≤ 0.7936, max=0.9869 binary_split_predictions distribution: 55% ≤ 0.01, 63% ≤ 0.02, 72% ≤ 0.05, 79% ≤ 0.1, 86% ≤ 0.2, 95% ≤ 0.5, 5% ≥ 0.50
[LN290    ] [chunk_18_phase_4_ensemble.py] [info] [section 1] [XGBOOST] [label_threshold_optimal] LABEL_THRESHOLD=10.0
[LN291    ] [chunk_18_phase_4_ensemble.py] [info] [section 1] [XGBOOST] [label_threshold_optimal] train_precision=0.2887 train_true_positives=2554 train_true_negatives=110464 train_false_positives=6292 train_false_negatives=0 train_max_prediction=0.9991 train_mean_prediction=0.1138 train_recall=1.0000 train_f1=0.4481 train_auc=0.9999 train_specificity=0.9461 train_false_positive_rate=0.0539 train_f2=0.6699 train_mcc=0.5226 train_prauc=0.9948 train_balanced_accuracy=0.9731 train_brier=0.0392 train_kappa=0.4291 train_informedness=0.9461 train_markedness=0.2348 train_gini=0.9998 train_optimal_threshold=0.9091 train_standard_deviation_prediction=0.2166 train_percentage_above_threshold=7.41
[LN292    ] [chunk_18_phase_4_ensemble.py] [info] [section 1] [XGBOOST] [label_threshold_optimal] VALIDATION_PRECISION=0.0768 VALIDATION_TRUE_POSITIVES=205 VALIDATION_TRUE_NEGATIVES=49594 validation_false_positives=2463 validation_false_negatives=992 validation_max_prediction=0.9869 validation_mean_prediction=0.0849 validation_recall=0.1713 validation_f1=0.1061 validation_auc=0.7974 validation_specificity=0.9527 validation_false_positive_rate=0.0473 validation_f2=0.1375 validation_mcc=0.0842 validation_prauc=0.0690 validation_balanced_accuracy=0.5620 validation_brier=0.0477 validation_kappa=0.0775 validation_informedness=0.1239 validation_markedness=0.0295 validation_gini=0.5947 validation_optimal_threshold=0.0209 validation_standard_deviation_prediction=0.1708 validation_percentage_above_threshold=5.01
[LN293    ] [chunk_18_phase_4_ensemble.py] [info] [section 1] [XGBOOST] [label_threshold_optimal] prediction_binary_split=0.50
[LN294    ] [chunk_21_hyperparam_optimizer.py] [info] [section 2] [XGBOOST] [hyperparameter_optimization search] Running Bayesian optimization (5 trials)...
[LN295    ] [chunk_21_hyperparam_optimizer.py] [info] [section 2] [XGBOOST] [hyperparameter_optimization search baseline] LABEL_THRESHOLD=10.0
[LN296    ] [chunk_21_hyperparam_optimizer.py] [info] [section 2] [XGBOOST] [hyperparameter_optimization search baseline] VALIDATION_PRECISION=0.0543 VALIDATION_TRUE_POSITIVES=1110 VALIDATION_TRUE_NEGATIVES=32721 validation_false_positives=19336 validation_false_negatives=87 validation_max_prediction=0.9946 validation_mean_prediction=0.3893 validation_recall=0.9273 validation_f1=0.1026 validation_auc=0.8530 validation_specificity=0.6286 validation_false_positive_rate=0.3714 validation_f2=0.2199 validation_mcc=0.1694 validation_prauc=0.0961 validation_balanced_accuracy=0.7779 validation_brier=0.2815 validation_kappa=0.0628 validation_informedness=0.5559 validation_markedness=-0.3171 validation_gini=0.7061 validation_optimal_threshold=0.6662 validation_standard_deviation_prediction=0.3825 validation_percentage_above_threshold=38.39
[LN297    ] [chunk_21_hyperparam_optimizer.py] [info] [section 2] [XGBOOST] [hyperparameter_optimization search baseline] TRIAL 1/5: n_estimators=300, max_depth=3, learning_rate=0.1, min_child_weight=50, reg_alpha=1.0, reg_lambda=1.0, subsample=0.6, colsample_bytree=0.7, gamma=0.5
[LN298    ] [chunk_21_hyperparam_optimizer.py] [info] [section 2] [XGBOOST] [hyperparameter_optimization search baseline] LABEL_THRESHOLD=10.0
[LN299    ] [chunk_21_hyperparam_optimizer.py] [info] [section 2] [XGBOOST] [hyperparameter_optimization search baseline] VALIDATION_PRECISION=0.0452 VALIDATION_TRUE_POSITIVES=1147 VALIDATION_TRUE_NEGATIVES=27813 validation_false_positives=24244 validation_false_negatives=50 validation_max_prediction=0.9826 validation_mean_prediction=0.5169 validation_recall=0.9582 validation_f1=0.0863 validation_auc=0.8569 validation_specificity=0.5343 validation_false_positive_rate=0.4657 validation_f2=0.1900 validation_mcc=0.1462 validation_prauc=0.1116 validation_balanced_accuracy=0.7463 validation_brier=0.3598 validation_kappa=0.0453 validation_informedness=0.4925 validation_markedness=-0.4205 validation_gini=0.7137 validation_optimal_threshold=0.7884 validation_standard_deviation_prediction=0.3323 validation_percentage_above_threshold=47.68
[LN300    ] [chunk_21_hyperparam_optimizer.py] [info] [section 2] [XGBOOST] [hyperparameter_optimization search baseline] TRIAL 2/5: n_estimators=100, max_depth=3, learning_rate=0.05, min_child_weight=10, reg_alpha=0.5, reg_lambda=5.0, subsample=0.6, colsample_bytree=1.0, gamma=0.1
[LN301    ] [chunk_21_hyperparam_optimizer.py] [info] [section 2] [XGBOOST] [hyperparameter_optimization search baseline] LABEL_THRESHOLD=10.0
[LN302    ] [chunk_21_hyperparam_optimizer.py] [info] [section 2] [XGBOOST] [hyperparameter_optimization search baseline] VALIDATION_PRECISION=0.0562 VALIDATION_TRUE_POSITIVES=1107 VALIDATION_TRUE_NEGATIVES=33477 validation_false_positives=18580 validation_false_negatives=90 validation_max_prediction=0.9874 validation_mean_prediction=0.3907 validation_recall=0.9248 validation_f1=0.1060 validation_auc=0.8632 validation_specificity=0.6431 validation_false_positive_rate=0.3569 validation_f2=0.2261 validation_mcc=0.1744 validation_prauc=0.1178 validation_balanced_accuracy=0.7839 validation_brier=0.2712 validation_kappa=0.0665 validation_informedness=0.5679 validation_markedness=-0.3007 validation_gini=0.7264 validation_optimal_threshold=0.7847 validation_standard_deviation_prediction=0.3670 validation_percentage_above_threshold=36.97
[LN303    ] [chunk_21_hyperparam_optimizer.py] [info] [section 2] [XGBOOST] [hyperparameter_optimization search baseline] TRIAL 3/5: n_estimators=100, max_depth=7, learning_rate=0.05, min_child_weight=200, reg_alpha=0.0, reg_lambda=1.0, subsample=0.7, colsample_bytree=1.0, gamma=0.5
[LN304    ] [chunk_21_hyperparam_optimizer.py] [info] [section 2] [XGBOOST] [hyperparameter_optimization search baseline] LABEL_THRESHOLD=10.0
[LN305    ] [chunk_21_hyperparam_optimizer.py] [info] [section 2] [XGBOOST] [hyperparameter_optimization search baseline] VALIDATION_PRECISION=0.0587 VALIDATION_TRUE_POSITIVES=1079 VALIDATION_TRUE_NEGATIVES=34750 validation_false_positives=17307 validation_false_negatives=118 validation_max_prediction=0.9925 validation_mean_prediction=0.3480 validation_recall=0.9014 validation_f1=0.1102 validation_auc=0.8582 validation_specificity=0.6675 validation_false_positive_rate=0.3325 validation_f2=0.2328 validation_mcc=0.1774 validation_prauc=0.1080 validation_balanced_accuracy=0.7845 validation_brier=0.2453 validation_kappa=0.0710 validation_informedness=0.5690 validation_markedness=-0.2738 validation_gini=0.7164 validation_optimal_threshold=0.6124 validation_standard_deviation_prediction=0.3731 validation_percentage_above_threshold=34.53
[LN306    ] [chunk_21_hyperparam_optimizer.py] [info] [section 2] [XGBOOST] [hyperparameter_optimization search baseline] TRIAL 4/5: n_estimators=500, max_depth=5, learning_rate=0.03, min_child_weight=50, reg_alpha=0.0, reg_lambda=1.0, subsample=0.7, colsample_bytree=0.7, gamma=0
[LN307    ] [chunk_21_hyperparam_optimizer.py] [info] [section 2] [XGBOOST] [hyperparameter_optimization search baseline] LABEL_THRESHOLD=10.0
[LN308    ] [chunk_21_hyperparam_optimizer.py] [info] [section 2] [XGBOOST] [hyperparameter_optimization search baseline] VALIDATION_PRECISION=0.0515 VALIDATION_TRUE_POSITIVES=1143 VALIDATION_TRUE_NEGATIVES=31003 validation_false_positives=21054 validation_false_negatives=54 validation_max_prediction=0.9932 validation_mean_prediction=0.4318 validation_recall=0.9549 validation_f1=0.0977 validation_auc=0.8620 validation_specificity=0.5956 validation_false_positive_rate=0.4044 validation_f2=0.2118 validation_mcc=0.1655 validation_prauc=0.1114 validation_balanced_accuracy=0.7752 validation_brier=0.3097 validation_kappa=0.0575 validation_informedness=0.5504 validation_markedness=-0.3529 validation_gini=0.7240 validation_optimal_threshold=0.7402 validation_standard_deviation_prediction=0.3752 validation_percentage_above_threshold=41.68
[LN309    ] [chunk_21_hyperparam_optimizer.py] [info] [section 2] [XGBOOST] [hyperparameter_optimization search baseline] TRIAL 5/5: n_estimators=200, max_depth=3, learning_rate=0.1, min_child_weight=50, reg_alpha=0.1, reg_lambda=5.0, subsample=0.7, colsample_bytree=0.5, gamma=0.5
[LN310    ] [chunk_21_hyperparam_optimizer.py] [info] [section 2] [XGBOOST] [best trial] LABEL_THRESHOLD=10.0
[LN311    ] [chunk_21_hyperparam_optimizer.py] [info] [section 2] [XGBOOST] [best trial] VALIDATION_PRECISION=0.0587 VALIDATION_TRUE_POSITIVES=1079 VALIDATION_TRUE_NEGATIVES=34750 validation_false_positives=17307 validation_false_negatives=118 validation_max_prediction=0.9925 validation_mean_prediction=0.3480 validation_recall=0.9014 validation_f1=0.1102 validation_auc=0.8582 validation_specificity=0.6675 validation_false_positive_rate=0.3325 validation_f2=0.2328 validation_mcc=0.1774 validation_prauc=0.1080 validation_balanced_accuracy=0.7845 validation_brier=0.2453 validation_kappa=0.0710 validation_informedness=0.5690 validation_markedness=-0.2738 validation_gini=0.7164 validation_optimal_threshold=0.6124 validation_standard_deviation_prediction=0.3731 validation_percentage_above_threshold=34.53
[LN312    ] [chunk_21_hyperparam_optimizer.py] [info] [section 2] [XGBOOST] [best trial] n_estimators=500, max_depth=5, learning_rate=0.03, min_child_weight=50, reg_alpha=0.0, reg_lambda=1.0, subsample=0.7, colsample_bytree=0.7, gamma=0
[LN313    ] [chunk_18_phase_4_ensemble.py] [info]    [diagnostic-hyperparameter_optimization]  cumulative binary_split_predictions (1%) ≤ 0.0028, (5%) ≤ 0.0065, (10%) ≤ 0.0105, (25%) ≤ 0.0268, (50%) ≤ 0.1217, (75%) ≤ 0.7797, (90%) ≤ 0.9270, (95%) ≤ 0.9526, (99%) ≤ 0.9748, max=0.9925 binary_split_predictions distribution: 9% ≤ 0.01, 20% ≤ 0.02, 37% ≤ 0.05, 47% ≤ 0.1, 56% ≤ 0.2, 65% ≤ 0.5, 35% ≥ 0.50
[LN314    ] [chunk_18_phase_4_ensemble.py] [info]    hyperparameter_optimization did NOT improve: 0.0587 <= 0.0768 - using pre hyperparameter_optimization model
[LN315    ] [chunk_18_phase_4_ensemble.py] [info] [section 3] [XGBOOST] [PRE-HYPERPARAMETER_OPTIMIZATION] LABEL_THRESHOLD=10.0,
[LN316    ] [chunk_18_phase_4_ensemble.py] [info] [section 3] [XGBOOST] [PRE-HYPERPARAMETER_OPTIMIZATION] VALIDATION_PRECISION=0.0768 VALIDATION_TRUE_POSITIVES=205 VALIDATION_TRUE_NEGATIVES=49594 validation_false_positives=2463 validation_false_negatives=992 validation_max_prediction=0.9869 validation_mean_prediction=0.0849 validation_recall=0.1713 validation_f1=0.1061 validation_auc=0.7974 validation_specificity=0.9527 validation_false_positive_rate=0.0473 validation_f2=0.1375 validation_mcc=0.0842 validation_prauc=0.0690 validation_balanced_accuracy=0.5620 validation_brier=0.0477 validation_kappa=0.0775 validation_informedness=0.1239 validation_markedness=0.0295 validation_gini=0.5947 validation_optimal_threshold=0.0209 validation_standard_deviation_prediction=0.1708 validation_percentage_above_threshold=5.01
[LN317    ] [chunk_18_phase_4_ensemble.py] [info] [section 3] [XGBOOST] [PRE-HYPERPARAMETER_OPTIMIZATION] prediction_binary_split=0.50 hyperparams=(loss=binary_crossentropy lr=0.03 dropout=0.1 alpha=0.0 gamma=0 latent_dim=0) improved=False {'n_estimators': 500, 'max_depth': 5, 'learning_rate': 0.03, 'min_child_weight': 50, 'reg_alpha': 0.0, 'reg_lambda': 1.0, 'subsample': 0.7, 'colsample_bytree': 0.7, 'gamma': 0}
[LN318    ] [chunk_18_phase_4_ensemble.py] [info]    Running post hyperparameter_optimization threshold search for XGBoost...
[LN319    ] [chunk_12_evaluation_evaluator.py] [info] [XGBOOST] label_threshold=20.0 train_below_prediction_binary_split=118,621 train_above_prediction_binary_split=689 train_positive_found=true val_below_prediction_binary_split=52,918 val_above_prediction_binary_split=336 val_positive_found=true
[LN320    ] [chunk_12_evaluation_evaluator.py] [info] [reject] threshold=20.0 action=skipped reason=insufficient_positive_predictions positive_predictions=0 minimum_positive_required=53
[LN321    ] [chunk_12_evaluation_evaluator.py] [info] [XGBOOST] label_threshold=10.0 train_below_prediction_binary_split=116,756 train_above_prediction_binary_split=2,554 train_positive_found=true val_below_prediction_binary_split=52,057 val_above_prediction_binary_split=1,197 val_positive_found=true
[LN322    ] [chunk_12_evaluation_evaluator.py] [info] [XGBOOST] [diagnostic] LABEL_THRESHOLD=10.0 train_precision=0.2887 train_true_positives=2554 train_true_negatives=110464 train_false_positives=6292 train_false_negatives=0 train_max_prediction=0.9991 train_mean_prediction=0.1138 train_recall=1.0000 train_f1=0.4481 train_auc=0.9999 train_specificity=0.9461 train_false_positive_rate=0.0539 train_f2=0.6699 train_mcc=0.5226 train_prauc=0.9948 train_balanced_accuracy=0.9731 train_brier=0.0392 train_kappa=0.4291 train_informedness=0.9461 train_markedness=0.2348 train_gini=0.9998 train_optimal_threshold=0.9091 train_standard_deviation_prediction=0.2166 train_percentage_above_threshold=7.41
[LN323    ] [chunk_12_evaluation_evaluator.py] [info] [XGBOOST] [diagnostic] LABEL_THRESHOLD=10.0 VALIDATION_PRECISION=0.0768 VALIDATION_TRUE_POSITIVES=205 VALIDATION_TRUE_NEGATIVES=49594 validation_false_positives=2463 validation_false_negatives=992 validation_max_prediction=0.9869 validation_mean_prediction=0.0849 validation_recall=0.1713 validation_f1=0.1061 validation_auc=0.7974 validation_specificity=0.9527 validation_false_positive_rate=0.0473 validation_f2=0.1375 validation_mcc=0.0842 validation_prauc=0.0690 validation_balanced_accuracy=0.5620 validation_brier=0.0477 validation_kappa=0.0775 validation_informedness=0.1239 validation_markedness=0.0295 validation_gini=0.5947 validation_optimal_threshold=0.0209 validation_standard_deviation_prediction=0.1708 validation_percentage_above_threshold=5.01
[LN324    ] [chunk_12_evaluation_evaluator.py] [info] [XGBOOST] label_threshold=0.0 train_below_prediction_binary_split=59,589 train_above_prediction_binary_split=59,721 train_positive_found=true val_below_prediction_binary_split=24,480 val_above_prediction_binary_split=28,774 val_positive_found=true
[LN325    ] [chunk_12_evaluation_evaluator.py] [info] [reject] threshold=0.0 action=skipped reason=insufficient_positive_predictions positive_predictions=0 minimum_positive_required=53
[LN326    ] [chunk_18_phase_4_ensemble.py] [info]    hyperparameter_optimization model threshold search: LABEL_THRESHOLD=10.0, VALIDATION_PRECISION=0.0587
[LN327    ] [chunk_18_phase_4_ensemble.py] [info]    post hyperparameter_optimization threshold search: LABEL_THRESHOLD=10.0, VALIDATION_PRECISION=0.0768
[LN328    ] [chunk_18_phase_4_ensemble.py] [info]    post hyperparameter_optimization no improvement: keeping LABEL_THRESHOLD=10.0
[LN329    ] [chunk_18_phase_4_ensemble.py] [info] [section 4] [XGBOOST] [post hyperparameter_optimization] [diagnostic]  cumulative binary_split_predictions (1%) ≤ 0.0001, (5%) ≤ 0.0003, (10%) ≤ 0.0005, (25%) ≤ 0.0015, (50%) ≤ 0.0067, (75%) ≤ 0.0701, (90%) ≤ 0.3016, (95%) ≤ 0.5004, (99%) ≤ 0.7936, max=0.9869 binary_split_predictions distribution: 55% ≤ 0.01, 63% ≤ 0.02, 72% ≤ 0.05, 79% ≤ 0.1, 86% ≤ 0.2, 95% ≤ 0.5, 5% ≥ 0.50
[LN330    ] [chunk_18_phase_4_ensemble.py] [info] [section 4] [XGBOOST] [post hyperparameter_optimization] LABEL_THRESHOLD=10.0,
[LN331    ] [chunk_18_phase_4_ensemble.py] [info] [section 4] [XGBOOST] [post hyperparameter_optimization] VALIDATION_PRECISION=0.0768 VALIDATION_TRUE_POSITIVES=205 VALIDATION_TRUE_NEGATIVES=49594 validation_false_positives=2463 validation_false_negatives=992 validation_max_prediction=0.9869 validation_mean_prediction=0.0849 validation_recall=0.1713 validation_f1=0.1061 validation_auc=0.7974 validation_specificity=0.9527 validation_false_positive_rate=0.0473 validation_f2=0.1375 validation_mcc=0.0842 validation_prauc=0.0690 validation_balanced_accuracy=0.5620 validation_brier=0.0477 validation_kappa=0.0775 validation_informedness=0.1239 validation_markedness=0.0295 validation_gini=0.5947 validation_optimal_threshold=0.0209 validation_standard_deviation_prediction=0.1708 validation_percentage_above_threshold=5.01
[LN332    ] [chunk_18_phase_4_ensemble.py] [info] [section 4] [XGBOOST] [post hyperparameter_optimization] prediction_binary_split=0.50 hyperparams=(loss=binary_crossentropy lr=0.03 dropout=0.0 alpha=1.0 gamma=0 latent_dim=64) source=section3
[LN333    ] [chunk_18_phase_4_ensemble.py] [info]    Using threshold-optimized model (HPO did not improve)
[LN334    ] [chunk_18_phase_4_ensemble.py] [info]    Train predictions: mean=0.1138, std=0.2166, min=0.0000, max=0.9991
[LN335    ] [chunk_18_phase_4_ensemble.py] [info]    validation predictions:   mean=0.0849, std=0.1708, min=0.0000, max=0.9869
[LN336    ] [chunk_18_phase_4_ensemble.py] [info] [section 5] [XGBOOST] [final] [diagnostic] Train  cumulative binary_split_predictions (1%) ≤ 0.0000, (5%) ≤ 0.0002, (10%) ≤ 0.0003, (25%) ≤ 0.0012, (50%) ≤ 0.0093, (75%) ≤ 0.1130, (90%) ≤ 0.3969, (95%) ≤ 0.6375, (99%) ≤ 0.9866, max=0.9991 binary_split_predictions distribution: 51% ≤ 0.01, 58% ≤ 0.02, 66% ≤ 0.05, 74% ≤ 0.1, 82% ≤ 0.2, 93% ≤ 0.5, 7% ≥ 0.50
[LN337    ] [chunk_18_phase_4_ensemble.py] [info] [section 5] [XGBOOST] [final] [diagnostic] validation    cumulative binary_split_predictions (1%) ≤ 0.0001, (5%) ≤ 0.0003, (10%) ≤ 0.0005, (25%) ≤ 0.0015, (50%) ≤ 0.0067, (75%) ≤ 0.0701, (90%) ≤ 0.3016, (95%) ≤ 0.5004, (99%) ≤ 0.7936, max=0.9869 binary_split_predictions distribution: 55% ≤ 0.01, 63% ≤ 0.02, 72% ≤ 0.05, 79% ≤ 0.1, 86% ≤ 0.2, 95% ≤ 0.5, 5% ≥ 0.50
[LN338    ] [chunk_18_phase_4_ensemble.py] [info]    Train predictions: 7.41% positive predictions (8,846 / 119,310)
[LN339    ] [chunk_18_phase_4_ensemble.py] [info]    validation predictions:   5.01% positive predictions (2,668 / 53,254)
[LN340    ] [chunk_18_phase_4_ensemble.py] [info]    [info] Section 4 all rejected - using Section 3 results for Section 5
[LN341    ] [chunk_18_phase_4_ensemble.py] [info]    [diagnostic] prediction_buckets: 0-10:3805, 10-20:2259, 20-30:1511, 30-40:1181, 40-50:895, 50-60:658, 60-70:618, 70-80:360, 80-90:137, 90-100:0
[LN342    ] [chunk_18_phase_4_ensemble.py] [info] [section 5] [XGBOOST] [final] LABEL_THRESHOLD=10.0,
[LN343    ] [chunk_18_phase_4_ensemble.py] [info] [section 5] [XGBOOST] [final] train_precision=0.2887 train_true_positives=2554 train_true_negatives=110464 train_false_positives=6292 train_false_negatives=0 train_max_prediction=0.9991 train_mean_prediction=0.1138 train_recall=1.0000 train_f1=0.4481 train_auc=0.9999 train_specificity=0.9461 train_false_positive_rate=0.0539 train_f2=0.6699 train_mcc=0.5226 train_prauc=0.9948 train_balanced_accuracy=0.9731 train_standard_deviation_prediction=0.2166 train_percentage_above_threshold=7.41 train_brier=0.0392 train_kappa=0.4291 train_informedness=0.9461 train_markedness=0.2348 train_gini=0.9998 train_optimal_threshold=0.9091
[LN344    ] [chunk_18_phase_4_ensemble.py] [info] [section 5] [XGBOOST] [final] VALIDATION_PRECISION=0.0768 VALIDATION_TRUE_POSITIVES=205 VALIDATION_TRUE_NEGATIVES=49594 validation_false_positives=2463 validation_false_negatives=992 validation_max_prediction=0.9869 validation_mean_prediction=0.0849 validation_recall=0.1713 validation_f1=0.1061 validation_auc=0.7974 validation_specificity=0.9527 validation_false_positive_rate=0.0473 validation_f2=0.1375 validation_mcc=0.0842 validation_prauc=0.0690 validation_balanced_accuracy=0.5620 validation_brier=0.0477 validation_kappa=0.0775 validation_informedness=0.1239 validation_markedness=0.0295 validation_gini=0.5947 validation_optimal_threshold=0.0209 validation_standard_deviation_prediction=0.1708 validation_percentage_above_threshold=5.01
[LN345    ] [chunk_18_phase_4_ensemble.py] [info] [section 5] [XGBOOST] [final] prediction_binary_split=0.50 hyperparams=(loss=binary_crossentropy lr=0.03 dropout=0.0 alpha=1.0 gamma=0 latent_dim=64) (using HPO model directly)
[LN346    ] [chunk_18_phase_4_ensemble.py] [info]    XGBoost loss=binary_crossentropy pred_threshold=0.5 epochs=3
[LN347    ] [chunk_18_phase_4_ensemble.py] [info]    [XGBoost] hyperparameter_optimization: learning_rate=0.03, gamma=0
[LN348    ] [chunk_18_phase_4_ensemble.py] [info]    XGBoost training time: 34.3s
[LN349    ] [chunk_18_phase_4_ensemble.py] [info] [pass] XGBoost trained successfully
[LN350    ] [chunk_18_phase_4_ensemble.py] [info] [section 1] [DENSE] [baseline] LABEL_THRESHOLD=20.0,
[LN351    ] [chunk_18_phase_4_ensemble.py] [info] [section 1] [DENSE] [baseline] predictions: mean=0.0292, std=0.0641, min=0.0000, max=1.0000
[LN352    ] [chunk_18_phase_4_ensemble.py] [info] [section 1] [DENSE] [baseline]  cumulative binary_split_predictions (1%) ≤ 0.0000, (5%) ≤ 0.0000, (10%) ≤ 0.0009, (25%) ≤ 0.0105, (50%) ≤ 0.0295, (75%) ≤ 0.0364, (90%) ≤ 0.0378, (95%) ≤ 0.0380, (99%) ≤ 0.1247, max=1.0000 binary_split_predictions distribution: 25% ≤ 0.01, 37% ≤ 0.02, 98% ≤ 0.05, 99% ≤ 0.1, 99% ≤ 0.2, 100% ≤ 0.5, 0% ≥ 0.50
[LN353    ] [chunk_18_phase_4_ensemble.py] [info] [section 1] [DENSE] [baseline] prediction_binary_split=0.50, VALIDATION predictions at LABEL_THRESHOLD=20.0: 0.46%
[LN354    ] [chunk_18_phase_4_ensemble.py] [info] [section 1] [DENSE] [baseline] LABEL_THRESHOLD=20.0,
[LN355    ] [chunk_18_phase_4_ensemble.py] [info] [section 1] [DENSE] [baseline] VALIDATION_PRECISION=0.0729 VALIDATION_TRUE_POSITIVES=18 VALIDATION_TRUE_NEGATIVES=52689 validation_false_positives=229 validation_false_negatives=318 validation_max_prediction=1.0000 validation_mean_prediction=0.0292 validation_recall=0.0536 validation_f1=0.0617 validation_auc=0.7364 validation_specificity=0.9957 validation_false_positive_rate=0.0043 validation_f2=0.0566 validation_mcc=0.0574 validation_prauc=0.0260 validation_balanced_accuracy=0.5246 validation_brier=0.0101 validation_kappa=0.0567 validation_informedness=0.0492 validation_markedness=0.0685 validation_gini=0.4728 validation_optimal_threshold=0.0355 validation_standard_deviation_prediction=0.0641 validation_percentage_above_threshold=0.46
[LN356    ] [chunk_18_phase_4_ensemble.py] [info] [section 1] [DENSE] [baseline] prediction_binary_split=0.50 loss=binary_crossentropy, lr=0.001
[LN357    ] [chunk_12_evaluation_evaluator.py] [info] [DENSE] label_threshold=20.0 train_below_prediction_binary_split=118,621 train_above_prediction_binary_split=689 train_positive_found=true val_below_prediction_binary_split=52,918 val_above_prediction_binary_split=336 val_positive_found=true
[LN358    ] [chunk_12_evaluation_evaluator.py] [info] [DENSE] [diagnostic] LABEL_THRESHOLD=20.0 train_precision=0.0847 train_true_positives=5 train_true_negatives=118567 train_false_positives=54 train_false_negatives=684 train_max_prediction=0.9775 train_mean_prediction=0.0278 train_recall=0.0073 train_f1=0.0134 train_auc=0.8940 train_specificity=0.9995 train_false_positive_rate=0.0005 train_f2=0.0089 train_mcc=0.0232 train_prauc=0.0504 train_balanced_accuracy=0.5034 train_brier=0.0074 train_kappa=0.0125 train_informedness=0.0068 train_markedness=0.0843 train_gini=0.7880 train_optimal_threshold=0.0371 train_standard_deviation_prediction=0.0480 train_percentage_above_threshold=0.05
[LN359    ] [chunk_12_evaluation_evaluator.py] [info] [DENSE] [diagnostic] LABEL_THRESHOLD=20.0 VALIDATION_PRECISION=0.1000 VALIDATION_TRUE_POSITIVES=6 VALIDATION_TRUE_NEGATIVES=52864 validation_false_positives=54 validation_false_negatives=330 validation_max_prediction=0.9955 validation_mean_prediction=0.0332 validation_recall=0.0179 validation_f1=0.0303 validation_auc=0.8977 validation_specificity=0.9990 validation_false_positive_rate=0.0010 validation_f2=0.0214 validation_mcc=0.0397 validation_prauc=0.0568 validation_balanced_accuracy=0.5084 validation_brier=0.0095 validation_kappa=0.0284 validation_informedness=0.0168 validation_markedness=0.0990 validation_gini=0.7953 validation_optimal_threshold=0.0518 validation_standard_deviation_prediction=0.0655 validation_percentage_above_threshold=0.11
[LN360    ] [chunk_12_evaluation_evaluator.py] [info] [DENSE] label_threshold=10.0 train_below_prediction_binary_split=116,756 train_above_prediction_binary_split=2,554 train_positive_found=true val_below_prediction_binary_split=52,057 val_above_prediction_binary_split=1,197 val_positive_found=true
[LN361    ] [chunk_12_evaluation_evaluator.py] [info] [reject] threshold=10.0 action=skipped reason=insufficient_positive_predictions positive_predictions=0 minimum_positive_required=5
[LN362    ] [chunk_12_evaluation_evaluator.py] [info] [DENSE] label_threshold=0.0 train_below_prediction_binary_split=59,589 train_above_prediction_binary_split=59,721 train_positive_found=true val_below_prediction_binary_split=24,480 val_above_prediction_binary_split=28,774 val_positive_found=true
[LN363    ] [chunk_12_evaluation_evaluator.py] [info] [DENSE] [reject] skipping LABEL_THRESHOLD=0.0: validation_precision=0.5157 <= baseline+0.0200=0.5200
[LN364    ] [chunk_18_phase_4_ensemble.py] [info] [section 1] [DENSE] [label_threshold_optimal]  cumulative binary_split_predictions (1%) ≤ 0.0000, (5%) ≤ 0.0000, (10%) ≤ 0.0003, (25%) ≤ 0.0012, (50%) ≤ 0.0040, (75%) ≤ 0.0374, (90%) ≤ 0.0979, (95%) ≤ 0.1650, (99%) ≤ 0.3201, max=0.9955 binary_split_predictions distribution: 61% ≤ 0.01, 68% ≤ 0.02, 79% ≤ 0.05, 90% ≤ 0.1, 96% ≤ 0.2, 100% ≤ 0.5, 0% ≥ 0.50
[LN365    ] [chunk_18_phase_4_ensemble.py] [info] [section 1] [DENSE] [label_threshold_optimal] LABEL_THRESHOLD=20.0
[LN366    ] [chunk_18_phase_4_ensemble.py] [info] [section 1] [DENSE] [label_threshold_optimal] train_precision=0.0847 train_true_positives=5 train_true_negatives=118567 train_false_positives=54 train_false_negatives=684 train_max_prediction=0.9775 train_mean_prediction=0.0278 train_recall=0.0073 train_f1=0.0134 train_auc=0.8940 train_specificity=0.9995 train_false_positive_rate=0.0005 train_f2=0.0089 train_mcc=0.0232 train_prauc=0.0504 train_balanced_accuracy=0.5034 train_brier=0.0074 train_kappa=0.0125 train_informedness=0.0068 train_markedness=0.0843 train_gini=0.7880 train_optimal_threshold=0.0371 train_standard_deviation_prediction=0.0480 train_percentage_above_threshold=0.05
[LN367    ] [chunk_18_phase_4_ensemble.py] [info] [section 1] [DENSE] [label_threshold_optimal] VALIDATION_PRECISION=0.1000 VALIDATION_TRUE_POSITIVES=6 VALIDATION_TRUE_NEGATIVES=52864 validation_false_positives=54 validation_false_negatives=330 validation_max_prediction=0.9955 validation_mean_prediction=0.0332 validation_recall=0.0179 validation_f1=0.0303 validation_auc=0.8977 validation_specificity=0.9990 validation_false_positive_rate=0.0010 validation_f2=0.0214 validation_mcc=0.0397 validation_prauc=0.0568 validation_balanced_accuracy=0.5084 validation_brier=0.0095 validation_kappa=0.0284 validation_informedness=0.0168 validation_markedness=0.0990 validation_gini=0.7953 validation_optimal_threshold=0.0518 validation_standard_deviation_prediction=0.0655 validation_percentage_above_threshold=0.11
[LN368    ] [chunk_18_phase_4_ensemble.py] [info] [section 1] [DENSE] [label_threshold_optimal] prediction_binary_split=0.50
[LN369    ] [chunk_21_hyperparam_optimizer.py] [info] [section 2] [DENSE] [hyperparameter_optimization search] Running Bayesian optimization (5 trials)...
[LN370    ] [chunk_21_hyperparam_optimizer.py] [info] [section 2] [DENSE] [hyperparameter_optimization search baseline] LABEL_THRESHOLD=20.0
[LN371    ] [chunk_21_hyperparam_optimizer.py] [info] [section 2] [DENSE] [hyperparameter_optimization search baseline] VALIDATION_PRECISION=0.0000 VALIDATION_TRUE_POSITIVES=0 VALIDATION_TRUE_NEGATIVES=52909 validation_false_positives=9 validation_false_negatives=336 validation_max_prediction=0.7083 validation_mean_prediction=0.0619 validation_recall=0.0000 validation_f1=0.0000 validation_auc=0.8881 validation_specificity=0.9998 validation_false_positive_rate=0.0002 validation_f2=0.0000 validation_mcc=-0.0010 validation_prauc=0.0530 validation_balanced_accuracy=0.4999 validation_brier=0.0173 validation_kappa=-0.0003 validation_informedness=-0.0002 validation_markedness=-0.0002 validation_gini=0.7762 validation_optimal_threshold=0.1715 validation_standard_deviation_prediction=0.1025 validation_percentage_above_threshold=0.02
[LN372    ] [chunk_21_hyperparam_optimizer.py] [info] [section 2] [DENSE] [hyperparameter_optimization search baseline] TRIAL 1/5: units=1024, layers=4, dropout=0.2, learning_rate=0.0005, epochs=20, loss_function=focal_loss, alpha=1.5, gamma=4.0, batch_size=128, activation=selu
[LN373    ] [chunk_21_hyperparam_optimizer.py] [info] [section 2] [DENSE] [hyperparameter_optimization search baseline] LABEL_THRESHOLD=20.0
[LN374    ] [chunk_21_hyperparam_optimizer.py] [info] [section 2] [DENSE] [hyperparameter_optimization search baseline] VALIDATION_PRECISION=0.0233 VALIDATION_TRUE_POSITIVES=288 VALIDATION_TRUE_NEGATIVES=40853 validation_false_positives=12065 validation_false_negatives=48 validation_max_prediction=1.0000 validation_mean_prediction=0.2580 validation_recall=0.8571 validation_f1=0.0454 validation_auc=0.8855 validation_specificity=0.7720 validation_false_positive_rate=0.2280 validation_f2=0.1051 validation_mcc=0.1180 validation_prauc=0.0478 validation_balanced_accuracy=0.8146 validation_brier=0.1550 validation_kappa=0.0335 validation_informedness=0.6291 validation_markedness=-0.2047 validation_gini=0.7709 validation_optimal_threshold=0.3921 validation_standard_deviation_prediction=0.3028 validation_percentage_above_threshold=23.20
[LN375    ] [chunk_21_hyperparam_optimizer.py] [info] [section 2] [DENSE] [hyperparameter_optimization search baseline] TRIAL 2/5: units=256, layers=2, dropout=0.2, learning_rate=0.0003, epochs=40, loss_function=binary_crossentropy, alpha=0.5, gamma=4.0, batch_size=32, activation=leaky_relu
[LN376    ] [chunk_21_hyperparam_optimizer.py] [info] [section 2] [DENSE] [hyperparameter_optimization search baseline] LABEL_THRESHOLD=20.0
[LN377    ] [chunk_21_hyperparam_optimizer.py] [info] [section 2] [DENSE] [hyperparameter_optimization search baseline] VALIDATION_PRECISION=0.0239 VALIDATION_TRUE_POSITIVES=294 VALIDATION_TRUE_NEGATIVES=40929 validation_false_positives=11989 validation_false_negatives=42 validation_max_prediction=1.0000 validation_mean_prediction=0.2266 validation_recall=0.8750 validation_f1=0.0466 validation_auc=0.9011 validation_specificity=0.7734 validation_false_positive_rate=0.2266 validation_f2=0.1079 validation_mcc=0.1219 validation_prauc=0.0546 validation_balanced_accuracy=0.8242 validation_brier=0.1372 validation_kappa=0.0347 validation_informedness=0.6484 validation_markedness=-0.2026 validation_gini=0.8022 validation_optimal_threshold=0.4463 validation_standard_deviation_prediction=0.2986 validation_percentage_above_threshold=23.06
[LN378    ] [chunk_21_hyperparam_optimizer.py] [info] [section 2] [DENSE] [hyperparameter_optimization search baseline] TRIAL 3/5: units=512, layers=4, dropout=0.1, learning_rate=0.0003, epochs=40, loss_function=binary_crossentropy, alpha=1.0, gamma=4.0, batch_size=64, activation=leaky_relu
[LN379    ] [chunk_21_hyperparam_optimizer.py] [info] [section 2] [DENSE] [hyperparameter_optimization search baseline] LABEL_THRESHOLD=20.0
[LN380    ] [chunk_21_hyperparam_optimizer.py] [info] [section 2] [DENSE] [hyperparameter_optimization search baseline] VALIDATION_PRECISION=0.0209 VALIDATION_TRUE_POSITIVES=297 VALIDATION_TRUE_NEGATIVES=39024 validation_false_positives=13894 validation_false_negatives=39 validation_max_prediction=1.0000 validation_mean_prediction=0.2832 validation_recall=0.8839 validation_f1=0.0409 validation_auc=0.8890 validation_specificity=0.7374 validation_false_positive_rate=0.2626 validation_f2=0.0956 validation_mcc=0.1113 validation_prauc=0.0497 validation_balanced_accuracy=0.8107 validation_brier=0.1849 validation_kappa=0.0289 validation_informedness=0.6214 validation_markedness=-0.2416 validation_gini=0.7781 validation_optimal_threshold=0.5642 validation_standard_deviation_prediction=0.3295 validation_percentage_above_threshold=26.65
[LN381    ] [chunk_21_hyperparam_optimizer.py] [info] [section 2] [DENSE] [hyperparameter_optimization search baseline] TRIAL 4/5: units=128, layers=3, dropout=0.2, learning_rate=0.0001, epochs=15, loss_function=binary_crossentropy, alpha=1.25, gamma=2.0, batch_size=64, activation=selu
[LN382    ] [chunk_21_hyperparam_optimizer.py] [info] [section 2] [DENSE] [hyperparameter_optimization search baseline] LABEL_THRESHOLD=20.0
[LN383    ] [chunk_21_hyperparam_optimizer.py] [info] [section 2] [DENSE] [hyperparameter_optimization search baseline] VALIDATION_PRECISION=0.0286 VALIDATION_TRUE_POSITIVES=1 VALIDATION_TRUE_NEGATIVES=52884 validation_false_positives=34 validation_false_negatives=335 validation_max_prediction=0.9644 validation_mean_prediction=0.0462 validation_recall=0.0030 validation_f1=0.0054 validation_auc=0.8849 validation_specificity=0.9994 validation_false_positive_rate=0.0006 validation_f2=0.0036 validation_mcc=0.0072 validation_prauc=0.0475 validation_balanced_accuracy=0.5012 validation_brier=0.0115 validation_kappa=0.0042 validation_informedness=0.0023 validation_markedness=0.0279 validation_gini=0.7698 validation_optimal_threshold=0.0735 validation_standard_deviation_prediction=0.0739 validation_percentage_above_threshold=0.07
[LN384    ] [chunk_21_hyperparam_optimizer.py] [info] [section 2] [DENSE] [hyperparameter_optimization search baseline] TRIAL 5/5: units=512, layers=2, dropout=0.4, learning_rate=0.001, epochs=20, loss_function=focal_loss, alpha=0.25, gamma=3.0, batch_size=128, activation=leaky_relu
[LN385    ] [chunk_21_hyperparam_optimizer.py] [info] [section 2] [DENSE] [best trial] LABEL_THRESHOLD=20.0
[LN386    ] [chunk_21_hyperparam_optimizer.py] [info] [section 2] [DENSE] [best trial] VALIDATION_PRECISION=0.0239 VALIDATION_TRUE_POSITIVES=294 VALIDATION_TRUE_NEGATIVES=40929 validation_false_positives=11989 validation_false_negatives=42 validation_max_prediction=1.0000 validation_mean_prediction=0.2266 validation_recall=0.8750 validation_f1=0.0466 validation_auc=0.9011 validation_specificity=0.7734 validation_false_positive_rate=0.2266 validation_f2=0.1079 validation_mcc=0.1219 validation_prauc=0.0546 validation_balanced_accuracy=0.8242 validation_brier=0.1372 validation_kappa=0.0347 validation_informedness=0.6484 validation_markedness=-0.2026 validation_gini=0.8022 validation_optimal_threshold=0.4463 validation_standard_deviation_prediction=0.2986 validation_percentage_above_threshold=23.06
[LN387    ] [chunk_21_hyperparam_optimizer.py] [info] [section 2] [DENSE] [best trial] units=512, layers=4, dropout=0.1, learning_rate=0.0003, epochs=40, loss_function=binary_crossentropy, alpha=1.0, gamma=4.0, batch_size=64, activation=leaky_relu
[LN388    ] [chunk_18_phase_4_ensemble.py] [info]    [diagnostic-hyperparameter_optimization]  cumulative binary_split_predictions (1%) ≤ 0.0031, (5%) ≤ 0.0046, (10%) ≤ 0.0057, (25%) ≤ 0.0109, (50%) ≤ 0.0437, (75%) ≤ 0.4555, (90%) ≤ 0.7395, (95%) ≤ 0.8387, (99%) ≤ 0.9561, max=1.0000 binary_split_predictions distribution: 23% ≤ 0.01, 37% ≤ 0.02, 52% ≤ 0.05, 61% ≤ 0.1, 66% ≤ 0.2, 77% ≤ 0.5, 23% ≥ 0.50
[LN389    ] [chunk_18_phase_4_ensemble.py] [info]    hyperparameter_optimization did NOT improve: 0.0239 <= 0.1000 - using pre hyperparameter_optimization model
[LN390    ] [chunk_18_phase_4_ensemble.py] [info] [section 3] [DENSE] [PRE-HYPERPARAMETER_OPTIMIZATION] LABEL_THRESHOLD=20.0,
[LN391    ] [chunk_18_phase_4_ensemble.py] [info] [section 3] [DENSE] [PRE-HYPERPARAMETER_OPTIMIZATION] VALIDATION_PRECISION=0.1000 VALIDATION_TRUE_POSITIVES=6 VALIDATION_TRUE_NEGATIVES=52864 validation_false_positives=54 validation_false_negatives=330 validation_max_prediction=0.9955 validation_mean_prediction=0.0332 validation_recall=0.0179 validation_f1=0.0303 validation_auc=0.8977 validation_specificity=0.9990 validation_false_positive_rate=0.0010 validation_f2=0.0214 validation_mcc=0.0397 validation_prauc=0.0568 validation_balanced_accuracy=0.5084 validation_brier=0.0095 validation_kappa=0.0284 validation_informedness=0.0168 validation_markedness=0.0990 validation_gini=0.7953 validation_optimal_threshold=0.0518 validation_standard_deviation_prediction=0.0655 validation_percentage_above_threshold=0.11
[LN392    ] [chunk_18_phase_4_ensemble.py] [info] [section 3] [DENSE] [PRE-HYPERPARAMETER_OPTIMIZATION] prediction_binary_split=0.50 hyperparams=(loss=binary_crossentropy lr=0.0003 dropout=0.1 alpha=1.0 gamma=4.0 latent_dim=0) improved=False {'units': 512, 'layers': 4, 'dropout': 0.1, 'learning_rate': 0.0003, 'epochs': 40, 'loss_function': 'binary_crossentropy', 'alpha': 1.0, 'gamma': 4.0, 'batch_size': 64, 'activation': 'leaky_relu'}
[LN393    ] [chunk_18_phase_4_ensemble.py] [info]    Running post hyperparameter_optimization threshold search for Dense...
[LN394    ] [chunk_12_evaluation_evaluator.py] [info] [DENSE] label_threshold=20.0 train_below_prediction_binary_split=118,621 train_above_prediction_binary_split=689 train_positive_found=true val_below_prediction_binary_split=52,918 val_above_prediction_binary_split=336 val_positive_found=true
[LN395    ] [chunk_12_evaluation_evaluator.py] [info] [DENSE] [diagnostic] LABEL_THRESHOLD=20.0 train_precision=0.0847 train_true_positives=5 train_true_negatives=118567 train_false_positives=54 train_false_negatives=684 train_max_prediction=0.9775 train_mean_prediction=0.0278 train_recall=0.0073 train_f1=0.0134 train_auc=0.8940 train_specificity=0.9995 train_false_positive_rate=0.0005 train_f2=0.0089 train_mcc=0.0232 train_prauc=0.0504 train_balanced_accuracy=0.5034 train_brier=0.0074 train_kappa=0.0125 train_informedness=0.0068 train_markedness=0.0843 train_gini=0.7880 train_optimal_threshold=0.0371 train_standard_deviation_prediction=0.0480 train_percentage_above_threshold=0.05
[LN396    ] [chunk_12_evaluation_evaluator.py] [info] [DENSE] [diagnostic] LABEL_THRESHOLD=20.0 VALIDATION_PRECISION=0.1000 VALIDATION_TRUE_POSITIVES=6 VALIDATION_TRUE_NEGATIVES=52864 validation_false_positives=54 validation_false_negatives=330 validation_max_prediction=0.9955 validation_mean_prediction=0.0332 validation_recall=0.0179 validation_f1=0.0303 validation_auc=0.8977 validation_specificity=0.9990 validation_false_positive_rate=0.0010 validation_f2=0.0214 validation_mcc=0.0397 validation_prauc=0.0568 validation_balanced_accuracy=0.5084 validation_brier=0.0095 validation_kappa=0.0284 validation_informedness=0.0168 validation_markedness=0.0990 validation_gini=0.7953 validation_optimal_threshold=0.0518 validation_standard_deviation_prediction=0.0655 validation_percentage_above_threshold=0.11
[LN397    ] [chunk_12_evaluation_evaluator.py] [info] [DENSE] label_threshold=10.0 train_below_prediction_binary_split=116,756 train_above_prediction_binary_split=2,554 train_positive_found=true val_below_prediction_binary_split=52,057 val_above_prediction_binary_split=1,197 val_positive_found=true
[LN398    ] [chunk_12_evaluation_evaluator.py] [info] [DENSE] [diagnostic] LABEL_THRESHOLD=10.0 train_precision=0.0784 train_true_positives=4 train_true_negatives=116709 train_false_positives=47 train_false_negatives=2550 train_max_prediction=0.9795 train_mean_prediction=0.0185 train_recall=0.0016 train_f1=0.0031 train_auc=0.7085 train_specificity=0.9996 train_false_positive_rate=0.0004 train_f2=0.0019 train_mcc=0.0081 train_prauc=0.0515 train_balanced_accuracy=0.5006 train_brier=0.0212 train_kappa=0.0022 train_informedness=0.0012 train_markedness=0.0780 train_gini=0.4170 train_optimal_threshold=0.0078 train_standard_deviation_prediction=0.0369 train_percentage_above_threshold=0.04
[LN399    ] [chunk_12_evaluation_evaluator.py] [info] [DENSE] [diagnostic] LABEL_THRESHOLD=10.0 VALIDATION_PRECISION=0.1024 VALIDATION_TRUE_POSITIVES=13 VALIDATION_TRUE_NEGATIVES=51943 validation_false_positives=114 validation_false_negatives=1184 validation_max_prediction=0.9988 validation_mean_prediction=0.0421 validation_recall=0.0109 validation_f1=0.0196 validation_auc=0.5694 validation_specificity=0.9978 validation_false_positive_rate=0.0022 validation_f2=0.0132 validation_mcc=0.0263 validation_prauc=0.0434 validation_balanced_accuracy=0.5043 validation_brier=0.0251 validation_kappa=0.0154 validation_informedness=0.0087 validation_markedness=0.1002 validation_gini=0.1388 validation_optimal_threshold=0.0661 validation_standard_deviation_prediction=0.0666 validation_percentage_above_threshold=0.24
[LN400    ] [chunk_12_evaluation_evaluator.py] [info] [DENSE] label_threshold=0.0 train_below_prediction_binary_split=59,589 train_above_prediction_binary_split=59,721 train_positive_found=true val_below_prediction_binary_split=24,480 val_above_prediction_binary_split=28,774 val_positive_found=true
[LN401    ] [chunk_12_evaluation_evaluator.py] [info] [DENSE] [diagnostic] LABEL_THRESHOLD=0.0 train_precision=0.5682 train_true_positives=25 train_true_negatives=59570 train_false_positives=19 train_false_negatives=59696 train_max_prediction=0.9964 train_mean_prediction=0.0262 train_recall=0.0004 train_f1=0.0008 train_auc=0.4752 train_specificity=0.9997 train_false_positive_rate=0.0003 train_f2=0.0005 train_mcc=0.0026 train_prauc=0.4874 train_balanced_accuracy=0.5000 train_brier=0.4782 train_kappa=0.0001 train_informedness=0.0001 train_markedness=0.5679 train_gini=0.0000 train_optimal_threshold=0.2741 train_standard_deviation_prediction=0.0489 train_percentage_above_threshold=0.04
[LN402    ] [chunk_12_evaluation_evaluator.py] [info] [DENSE] [diagnostic] LABEL_THRESHOLD=0.0 VALIDATION_PRECISION=0.5441 VALIDATION_TRUE_POSITIVES=37 VALIDATION_TRUE_NEGATIVES=24449 validation_false_positives=31 validation_false_negatives=28737 validation_max_prediction=0.9861 validation_mean_prediction=0.0452 validation_recall=0.0013 validation_f1=0.0026 validation_auc=0.5032 validation_specificity=0.9987 validation_false_positive_rate=0.0013 validation_f2=0.0016 validation_mcc=0.0003 validation_prauc=0.5417 validation_balanced_accuracy=0.5000 validation_brier=0.4996 validation_kappa=0.0000 validation_informedness=0.0000 validation_markedness=0.5429 validation_gini=0.0063 validation_optimal_threshold=0.0018 validation_standard_deviation_prediction=0.0784 validation_percentage_above_threshold=0.13
[LN403    ] [chunk_18_phase_4_ensemble.py] [info]    hyperparameter_optimization model threshold search: LABEL_THRESHOLD=20.0, VALIDATION_PRECISION=0.0239
[LN404    ] [chunk_18_phase_4_ensemble.py] [info]    post hyperparameter_optimization threshold search: LABEL_THRESHOLD=0.0, VALIDATION_PRECISION=0.5441
[LN405    ] [chunk_18_phase_4_ensemble.py] [info]    post hyperparameter_optimization improved: using LABEL_THRESHOLD=0.0
[LN406    ] [chunk_18_phase_4_ensemble.py] [info] [section 4] [DENSE] [post hyperparameter_optimization] [diagnostic]  cumulative binary_split_predictions (1%) ≤ 0.0000, (5%) ≤ 0.0001, (10%) ≤ 0.0002, (25%) ≤ 0.0008, (50%) ≤ 0.0071, (75%) ≤ 0.0585, (90%) ≤ 0.1387, (95%) ≤ 0.2127, (99%) ≤ 0.3732, max=0.9861 binary_split_predictions distribution: 54% ≤ 0.01, 61% ≤ 0.02, 72% ≤ 0.05, 85% ≤ 0.1, 94% ≤ 0.2, 100% ≤ 0.5, 0% ≥ 0.50
[LN407    ] [chunk_18_phase_4_ensemble.py] [info] [section 4] [DENSE] [post hyperparameter_optimization] LABEL_THRESHOLD=0.0,
[LN408    ] [chunk_18_phase_4_ensemble.py] [info] [section 4] [DENSE] [post hyperparameter_optimization] VALIDATION_PRECISION=0.5441 VALIDATION_TRUE_POSITIVES=37 VALIDATION_TRUE_NEGATIVES=24449 validation_false_positives=31 validation_false_negatives=28737 validation_max_prediction=0.9861 validation_mean_prediction=0.0452 validation_recall=0.0013 validation_f1=0.0026 validation_auc=0.5032 validation_specificity=0.9988 validation_false_positive_rate=0.0012 validation_f2=0.0177 validation_mcc=0.0304 validation_prauc=0.0072 validation_balanced_accuracy=0.5068 validation_brier=0.0139 validation_kappa=0.0227 validation_informedness=0.0137 validation_markedness=0.0723 validation_gini=0.0000 validation_optimal_threshold=0.3931 validation_standard_deviation_prediction=0.0784 validation_percentage_above_threshold=0.13
[LN409    ] [chunk_18_phase_4_ensemble.py] [info] [section 4] [DENSE] [post hyperparameter_optimization] prediction_binary_split=0.50 hyperparams=(loss=binary_crossentropy lr=0.0003 dropout=0.1 alpha=1.0 gamma=4.0 latent_dim=64) source=section4
[LN410    ] [chunk_18_phase_4_ensemble.py] [info]    Using post-HPO model at LABEL_THRESHOLD=0.0 (post_hpo_prec=0.5441 > hpo=0.0239, pre_hpo=0.1000)
[LN411    ] [chunk_18_phase_4_ensemble.py] [info]    Train predictions: mean=0.0262, std=0.0489, min=0.0000, max=0.9964
[LN412    ] [chunk_18_phase_4_ensemble.py] [info]    validation predictions:   mean=0.0452, std=0.0784, min=0.0000, max=0.9861
[LN413    ] [chunk_18_phase_4_ensemble.py] [info] [section 5] [DENSE] [final] [diagnostic] Train  cumulative binary_split_predictions (1%) ≤ 0.0001, (5%) ≤ 0.0003, (10%) ≤ 0.0005, (25%) ≤ 0.0014, (50%) ≤ 0.0049, (75%) ≤ 0.0285, (90%) ≤ 0.0830, (95%) ≤ 0.1184, (99%) ≤ 0.2335, max=0.9964 binary_split_predictions distribution: 61% ≤ 0.01, 71% ≤ 0.02, 82% ≤ 0.05, 93% ≤ 0.1, 99% ≤ 0.2, 100% ≤ 0.5, 0% ≥ 0.50
[LN414    ] [chunk_18_phase_4_ensemble.py] [info] [section 5] [DENSE] [final] [diagnostic] validation    cumulative binary_split_predictions (1%) ≤ 0.0000, (5%) ≤ 0.0001, (10%) ≤ 0.0002, (25%) ≤ 0.0008, (50%) ≤ 0.0071, (75%) ≤ 0.0585, (90%) ≤ 0.1387, (95%) ≤ 0.2127, (99%) ≤ 0.3732, max=0.9861 binary_split_predictions distribution: 54% ≤ 0.01, 61% ≤ 0.02, 72% ≤ 0.05, 85% ≤ 0.1, 94% ≤ 0.2, 100% ≤ 0.5, 0% ≥ 0.50
[LN415    ] [chunk_18_phase_4_ensemble.py] [info]    Train predictions: 0.04% positive predictions (44 / 119,310)
[LN416    ] [chunk_18_phase_4_ensemble.py] [info]    validation predictions:   0.13% positive predictions (68 / 53,254)
[LN417    ] [chunk_18_phase_4_ensemble.py] [info]    [diagnostic] prediction_buckets: 0-10:5246, 10-20:1740, 20-30:838, 30-40:310, 40-50:54, 50-60:11, 60-70:2, 70-80:0, 80-90:1, 90-100:0
[LN418    ] [chunk_18_phase_4_ensemble.py] [info] [section 5] [DENSE] [final] LABEL_THRESHOLD=0.0,
[LN419    ] [chunk_18_phase_4_ensemble.py] [info] [section 5] [DENSE] [final] train_precision=0.5682 train_true_positives=25 train_true_negatives=59570 train_false_positives=19 train_false_negatives=59696 train_max_prediction=0.9964 train_mean_prediction=0.0262 train_recall=0.0004 train_f1=0.0008 train_auc=0.4752 train_specificity=0.9997 train_false_positive_rate=0.0003 train_f2=0.0005 train_mcc=0.0026 train_prauc=0.4874 train_balanced_accuracy=0.5000 train_standard_deviation_prediction=0.0489 train_percentage_above_threshold=0.04 train_brier=0.4782 train_kappa=0.0001 train_informedness=0.0001 train_markedness=0.5679 train_gini=0.0000 train_optimal_threshold=0.2741
[LN420    ] [chunk_18_phase_4_ensemble.py] [info] [section 5] [DENSE] [final] VALIDATION_PRECISION=0.5441 VALIDATION_TRUE_POSITIVES=37 VALIDATION_TRUE_NEGATIVES=24449 validation_false_positives=31 validation_false_negatives=28737 validation_max_prediction=0.9861 validation_mean_prediction=0.0452 validation_recall=0.0013 validation_f1=0.0026 validation_auc=0.5032 validation_specificity=0.9987 validation_false_positive_rate=0.0013 validation_f2=0.0016 validation_mcc=0.0003 validation_prauc=0.5417 validation_balanced_accuracy=0.5000 validation_brier=0.4996 validation_kappa=0.0000 validation_informedness=0.0000 validation_markedness=0.5429 validation_gini=0.0063 validation_optimal_threshold=0.0018 validation_standard_deviation_prediction=0.0784 validation_percentage_above_threshold=0.13
[LN421    ] [chunk_18_phase_4_ensemble.py] [info] [section 5] [DENSE] [final] prediction_binary_split=0.50 hyperparams=(loss=binary_crossentropy lr=0.0003 dropout=0.1 alpha=1.0 gamma=4.0 latent_dim=64) (using HPO model directly)
[LN422    ] [chunk_18_phase_4_ensemble.py] [info]    Dense loss=binary_crossentropy pred_threshold=0.5 epochs=40
[LN423    ] [chunk_18_phase_4_ensemble.py] [info]    [Dense] hyperparameter_optimization: units=512, layers=4, dropout=0.1, learning_rate=0.0003, alpha=1.0, gamma=4.0
[LN424    ] [chunk_18_phase_4_ensemble.py] [info]    Dense training time: 867.2s
[LN425    ] [chunk_18_phase_4_ensemble.py] [info] [pass] Dense trained successfully
[LN426    ] [chunk_18_phase_4_ensemble.py] [info] [section 1] [CNN] [baseline] LABEL_THRESHOLD=20.0,
[LN427    ] [chunk_18_phase_4_ensemble.py] [info] [section 1] [CNN] [baseline] predictions: mean=0.0240, std=0.0315, min=0.0000, max=0.1893
[LN428    ] [chunk_18_phase_4_ensemble.py] [info] [section 1] [CNN] [baseline]  cumulative binary_split_predictions (1%) ≤ 0.0000, (5%) ≤ 0.0000, (10%) ≤ 0.0001, (25%) ≤ 0.0035, (50%) ≤ 0.0155, (75%) ≤ 0.0256, (90%) ≤ 0.0717, (95%) ≤ 0.1035, (99%) ≤ 0.1373, max=0.1893 binary_split_predictions distribution: 44% ≤ 0.01, 58% ≤ 0.02, 86% ≤ 0.05, 94% ≤ 0.1, 100% ≤ 0.2, 100% ≤ 0.5, 0% ≥ 0.50
[LN429    ] [chunk_18_phase_4_ensemble.py] [info] [section 1] [CNN] [baseline] prediction_binary_split=0.50, VALIDATION predictions at LABEL_THRESHOLD=20.0: 0.00%
[LN430    ] [chunk_18_phase_4_ensemble.py] [warning] [section 1] [CNN] [baseline] [warning] No predictions >= 0.5!
[LN431    ] [chunk_18_phase_4_ensemble.py] [info] [section 1] [CNN] [baseline] LABEL_THRESHOLD=20.0,
[LN432    ] [chunk_18_phase_4_ensemble.py] [info] [section 1] [CNN] [baseline] VALIDATION_PRECISION=0.0000 VALIDATION_TRUE_POSITIVES=0 VALIDATION_TRUE_NEGATIVES=52918 validation_false_positives=0 validation_false_negatives=336 validation_max_prediction=0.1893 validation_mean_prediction=0.0240 validation_recall=0.0000 validation_f1=0.0000 validation_auc=0.7142 validation_specificity=1.0000 validation_false_positive_rate=0.0000 validation_f2=0.0000 validation_mcc=0.0000 validation_prauc=0.0139 validation_balanced_accuracy=0.5000 validation_brier=0.0073 validation_kappa=0.0000 validation_informedness=0.0000 validation_markedness=1.0000 validation_gini=0.4284 validation_optimal_threshold=0.0222 validation_standard_deviation_prediction=0.0315 validation_percentage_above_threshold=0.00
[LN433    ] [chunk_18_phase_4_ensemble.py] [info] [section 1] [CNN] [baseline] prediction_binary_split=0.50 loss=binary_crossentropy, lr=0.001
[LN434    ] [chunk_12_evaluation_evaluator.py] [info] [CNN] label_threshold=20.0 train_below_prediction_binary_split=118,621 train_above_prediction_binary_split=689 train_positive_found=true val_below_prediction_binary_split=52,918 val_above_prediction_binary_split=336 val_positive_found=true
[LN435    ] [chunk_12_evaluation_evaluator.py] [info] [reject] threshold=20.0 action=skipped reason=insufficient_positive_predictions positive_predictions=0 minimum_positive_required=5
[LN436    ] [chunk_12_evaluation_evaluator.py] [info] [CNN] label_threshold=10.0 train_below_prediction_binary_split=116,756 train_above_prediction_binary_split=2,554 train_positive_found=true val_below_prediction_binary_split=52,057 val_above_prediction_binary_split=1,197 val_positive_found=true
[LN437    ] [chunk_12_evaluation_evaluator.py] [info] [reject] threshold=10.0 action=skipped reason=insufficient_positive_predictions positive_predictions=0 minimum_positive_required=5
[LN438    ] [chunk_12_evaluation_evaluator.py] [info] [CNN] label_threshold=0.0 train_below_prediction_binary_split=59,589 train_above_prediction_binary_split=59,721 train_positive_found=true val_below_prediction_binary_split=24,480 val_above_prediction_binary_split=28,774 val_positive_found=true
[LN439    ] [chunk_12_evaluation_evaluator.py] [info] [CNN] [diagnostic] LABEL_THRESHOLD=0.0 train_precision=0.5614 train_true_positives=32558 train_true_negatives=34152 train_false_positives=25437 train_false_negatives=27163 train_max_prediction=0.8735 train_mean_prediction=0.4941 train_recall=0.5452 train_f1=0.5532 train_auc=0.5878 train_specificity=0.5731 train_false_positive_rate=0.4269 train_f2=0.5483 train_mcc=0.1183 train_prauc=0.5861 train_balanced_accuracy=0.5591 train_brier=0.2431 train_kappa=0.1183 train_informedness=0.1183 train_markedness=0.1345 train_gini=0.1757 train_optimal_threshold=0.4959 train_standard_deviation_prediction=0.0719 train_percentage_above_threshold=48.61
[LN440    ] [chunk_12_evaluation_evaluator.py] [info] [CNN] [diagnostic] LABEL_THRESHOLD=0.0 VALIDATION_PRECISION=0.5243 VALIDATION_TRUE_POSITIVES=15017 VALIDATION_TRUE_NEGATIVES=10856 validation_false_positives=13624 validation_false_negatives=13757 validation_max_prediction=1.0000 validation_mean_prediction=0.5088 validation_recall=0.5219 validation_f1=0.5231 validation_auc=0.4833 validation_specificity=0.4435 validation_false_positive_rate=0.5565 validation_f2=0.5224 validation_mcc=-0.0346 validation_prauc=0.5500 validation_balanced_accuracy=0.4827 validation_brier=0.2567 validation_kappa=-0.0346 validation_informedness=-0.0346 validation_markedness=-0.0322 validation_gini=0.0000 validation_optimal_threshold=0.6240 validation_standard_deviation_prediction=0.0779 validation_percentage_above_threshold=53.78
[LN441    ] [chunk_18_phase_4_ensemble.py] [info] [section 1] [CNN] [label_threshold_optimal]  cumulative binary_split_predictions (1%) ≤ 0.3267, (5%) ≤ 0.3727, (10%) ≤ 0.4085, (25%) ≤ 0.4679, (50%) ≤ 0.5052, (75%) ≤ 0.5528, (90%) ≤ 0.6047, (95%) ≤ 0.6414, (99%) ≤ 0.7174, max=1.0000 binary_split_predictions distribution: 0% ≤ 0.01, 0% ≤ 0.02, 0% ≤ 0.05, 0% ≤ 0.1, 0% ≤ 0.2, 46% ≤ 0.5, 54% ≥ 0.50
[LN442    ] [chunk_18_phase_4_ensemble.py] [info] [section 1] [CNN] [label_threshold_optimal] LABEL_THRESHOLD=0.0
[LN443    ] [chunk_18_phase_4_ensemble.py] [info] [section 1] [CNN] [label_threshold_optimal] train_precision=0.5614 train_true_positives=32558 train_true_negatives=34152 train_false_positives=25437 train_false_negatives=27163 train_max_prediction=0.8735 train_mean_prediction=0.4941 train_recall=0.5452 train_f1=0.5532 train_auc=0.5878 train_specificity=0.5731 train_false_positive_rate=0.4269 train_f2=0.5483 train_mcc=0.1183 train_prauc=0.5861 train_balanced_accuracy=0.5591 train_brier=0.2431 train_kappa=0.1183 train_informedness=0.1183 train_markedness=0.1345 train_gini=0.1757 train_optimal_threshold=0.4959 train_standard_deviation_prediction=0.0719 train_percentage_above_threshold=48.61
[LN444    ] [chunk_18_phase_4_ensemble.py] [info] [section 1] [CNN] [label_threshold_optimal] VALIDATION_PRECISION=0.5243 VALIDATION_TRUE_POSITIVES=15017 VALIDATION_TRUE_NEGATIVES=10856 validation_false_positives=13624 validation_false_negatives=13757 validation_max_prediction=1.0000 validation_mean_prediction=0.5088 validation_recall=0.5219 validation_f1=0.5231 validation_auc=0.4833 validation_specificity=0.4435 validation_false_positive_rate=0.5565 validation_f2=0.5224 validation_mcc=-0.0346 validation_prauc=0.5500 validation_balanced_accuracy=0.4827 validation_brier=0.2567 validation_kappa=-0.0346 validation_informedness=-0.0346 validation_markedness=-0.0322 validation_gini=0.0000 validation_optimal_threshold=0.6240 validation_standard_deviation_prediction=0.0779 validation_percentage_above_threshold=53.78
[LN445    ] [chunk_18_phase_4_ensemble.py] [info] [section 1] [CNN] [label_threshold_optimal] prediction_binary_split=0.50
[LN446    ] [chunk_21_hyperparam_optimizer.py] [info] [section 2] [CNN] [hyperparameter_optimization search] Running Bayesian optimization (5 trials)...
[LN447    ] [chunk_21_hyperparam_optimizer.py] [info] [section 2] [CNN] [hyperparameter_optimization search baseline] LABEL_THRESHOLD=0.0
[LN448    ] [chunk_21_hyperparam_optimizer.py] [info] [section 2] [CNN] [hyperparameter_optimization search baseline] VALIDATION_PRECISION=0.5403 VALIDATION_TRUE_POSITIVES=28774 VALIDATION_TRUE_NEGATIVES=0 validation_false_positives=24480 validation_false_negatives=0 validation_max_prediction=0.5185 validation_mean_prediction=0.5185 validation_recall=1.0000 validation_f1=0.7016 validation_auc=0.5000 validation_specificity=0.0000 validation_false_positive_rate=1.0000 validation_f2=0.8546 validation_mcc=0.0000 validation_prauc=0.5403 validation_balanced_accuracy=0.5000 validation_brier=0.2489 validation_kappa=0.0000 validation_informedness=0.0000 validation_markedness=-0.4597 validation_gini=0.0000 validation_optimal_threshold=inf validation_standard_deviation_prediction=0.0000 validation_percentage_above_threshold=100.00
[LN449    ] [chunk_21_hyperparam_optimizer.py] [info] [section 2] [CNN] [hyperparameter_optimization search baseline] TRIAL 1/5: loss_function=binary_crossentropy, filters=512, kernel_size=7, dropout=0.05, learning_rate=0.01, epochs=30, alpha=0.25, gamma=2.5, layers=2, pooling=max
[LN450    ] [chunk_21_hyperparam_optimizer.py] [info] [section 2] [CNN] [hyperparameter_optimization search baseline] LABEL_THRESHOLD=0.0
[LN451    ] [chunk_21_hyperparam_optimizer.py] [info] [section 2] [CNN] [hyperparameter_optimization search baseline] VALIDATION_PRECISION=0.5276 VALIDATION_TRUE_POSITIVES=21251 VALIDATION_TRUE_NEGATIVES=5449 validation_false_positives=19031 validation_false_negatives=7523 validation_max_prediction=0.5635 validation_mean_prediction=0.5025 validation_recall=0.7385 validation_f1=0.6155 validation_auc=0.4773 validation_specificity=0.2226 validation_false_positive_rate=0.7774 validation_f2=0.6838 validation_mcc=-0.0451 validation_prauc=0.5289 validation_balanced_accuracy=0.4806 validation_brier=0.2502 validation_kappa=-0.0403 validation_informedness=-0.0389 validation_markedness=-0.2499 validation_gini=0.0000 validation_optimal_threshold=0.5213 validation_standard_deviation_prediction=0.0076 validation_percentage_above_threshold=75.64
[LN452    ] [chunk_21_hyperparam_optimizer.py] [info] [section 2] [CNN] [hyperparameter_optimization search baseline] TRIAL 2/5: loss_function=focal_loss, filters=128, kernel_size=7, dropout=0.2, learning_rate=0.002, epochs=80, alpha=0.75, gamma=3.0, layers=2, pooling=none
[LN453    ] [chunk_21_hyperparam_optimizer.py] [info] [section 2] [CNN] [hyperparameter_optimization search baseline] LABEL_THRESHOLD=0.0
[LN454    ] [chunk_21_hyperparam_optimizer.py] [info] [section 2] [CNN] [hyperparameter_optimization search baseline] VALIDATION_PRECISION=0.5403 VALIDATION_TRUE_POSITIVES=28774 VALIDATION_TRUE_NEGATIVES=0 validation_false_positives=24480 validation_false_negatives=0 validation_max_prediction=0.8037 validation_mean_prediction=0.5106 validation_recall=1.0000 validation_f1=0.7016 validation_auc=0.4962 validation_specificity=0.0000 validation_false_positive_rate=1.0000 validation_f2=0.8546 validation_mcc=0.0000 validation_prauc=0.5386 validation_balanced_accuracy=0.5000 validation_brier=0.2493 validation_kappa=0.0000 validation_informedness=0.0000 validation_markedness=-0.4597 validation_gini=0.0000 validation_optimal_threshold=0.5549 validation_standard_deviation_prediction=0.0021 validation_percentage_above_threshold=100.00
[LN455    ] [chunk_21_hyperparam_optimizer.py] [info] [section 2] [CNN] [hyperparameter_optimization search baseline] TRIAL 3/5: loss_function=focal_loss, filters=512, kernel_size=5, dropout=0.2, learning_rate=0.01, epochs=30, alpha=1.0, gamma=2.0, layers=1, pooling=avg
[LN456    ] [chunk_21_hyperparam_optimizer.py] [info] [section 2] [CNN] [hyperparameter_optimization search baseline] LABEL_THRESHOLD=0.0
[LN457    ] [chunk_21_hyperparam_optimizer.py] [info] [section 2] [CNN] [hyperparameter_optimization search baseline] VALIDATION_PRECISION=0.5197 VALIDATION_TRUE_POSITIVES=11441 VALIDATION_TRUE_NEGATIVES=13906 validation_false_positives=10574 validation_false_negatives=17333 validation_max_prediction=0.8144 validation_mean_prediction=0.5011 validation_recall=0.3976 validation_f1=0.4505 validation_auc=0.4849 validation_specificity=0.5681 validation_false_positive_rate=0.4319 validation_f2=0.4172 validation_mcc=-0.0347 validation_prauc=0.5453 validation_balanced_accuracy=0.4828 validation_brier=0.2504 validation_kappa=-0.0336 validation_informedness=-0.0343 validation_markedness=0.0877 validation_gini=0.0000 validation_optimal_threshold=0.5568 validation_standard_deviation_prediction=0.0355 validation_percentage_above_threshold=41.34
[LN458    ] [chunk_21_hyperparam_optimizer.py] [info] [section 2] [CNN] [hyperparameter_optimization search baseline] TRIAL 4/5: loss_function=focal_loss, filters=128, kernel_size=7, dropout=0.1, learning_rate=0.001, epochs=100, alpha=0.25, gamma=2.0, layers=2, pooling=none
[LN459    ] [chunk_21_hyperparam_optimizer.py] [info] [section 2] [CNN] [hyperparameter_optimization search baseline] LABEL_THRESHOLD=0.0
[LN460    ] [chunk_21_hyperparam_optimizer.py] [info] [section 2] [CNN] [hyperparameter_optimization search baseline] VALIDATION_PRECISION=0.5403 VALIDATION_TRUE_POSITIVES=28774 VALIDATION_TRUE_NEGATIVES=0 validation_false_positives=24480 validation_false_negatives=0 validation_max_prediction=0.5192 validation_mean_prediction=0.5192 validation_recall=1.0000 validation_f1=0.7016 validation_auc=0.5000 validation_specificity=0.0000 validation_false_positive_rate=1.0000 validation_f2=0.8546 validation_mcc=0.0000 validation_prauc=0.5403 validation_balanced_accuracy=0.5000 validation_brier=0.2488 validation_kappa=0.0000 validation_informedness=0.0000 validation_markedness=-0.4597 validation_gini=0.0000 validation_optimal_threshold=inf validation_standard_deviation_prediction=0.0000 validation_percentage_above_threshold=100.00
[LN461    ] [chunk_21_hyperparam_optimizer.py] [info] [section 2] [CNN] [hyperparameter_optimization search baseline] TRIAL 5/5: loss_function=binary_crossentropy, filters=64, kernel_size=3, dropout=0.2, learning_rate=0.01, epochs=80, alpha=0.5, gamma=2.0, layers=2, pooling=max
[LN462    ] [chunk_21_hyperparam_optimizer.py] [info] [section 2] [CNN] [best trial] LABEL_THRESHOLD=0.0
[LN463    ] [chunk_21_hyperparam_optimizer.py] [info] [section 2] [CNN] [best trial] VALIDATION_PRECISION=0.5403 VALIDATION_TRUE_POSITIVES=28774 VALIDATION_TRUE_NEGATIVES=0 validation_false_positives=24480 validation_false_negatives=0 validation_max_prediction=0.8037 validation_mean_prediction=0.5106 validation_recall=1.0000 validation_f1=0.7016 validation_auc=0.4962 validation_specificity=0.0000 validation_false_positive_rate=1.0000 validation_f2=0.8546 validation_mcc=0.0000 validation_prauc=0.5386 validation_balanced_accuracy=0.5000 validation_brier=0.2493 validation_kappa=0.0000 validation_informedness=0.0000 validation_markedness=-0.4597 validation_gini=0.0000 validation_optimal_threshold=0.5549 validation_standard_deviation_prediction=0.0021 validation_percentage_above_threshold=100.00
[LN464    ] [chunk_21_hyperparam_optimizer.py] [info] [section 2] [CNN] [best trial] loss_function=focal_loss, filters=512, kernel_size=5, dropout=0.2, learning_rate=0.01, epochs=30, alpha=1.0, gamma=2.0, layers=1, pooling=avg
[LN465    ] [chunk_18_phase_4_ensemble.py] [info]    [diagnostic-hyperparameter_optimization]  cumulative binary_split_predictions (1%) ≤ 0.5104, (5%) ≤ 0.5104, (10%) ≤ 0.5104, (25%) ≤ 0.5104, (50%) ≤ 0.5104, (75%) ≤ 0.5104, (90%) ≤ 0.5104, (95%) ≤ 0.5104, (99%) ≤ 0.5151, max=0.8037 binary_split_predictions distribution: 0% ≤ 0.01, 0% ≤ 0.02, 0% ≤ 0.05, 0% ≤ 0.1, 0% ≤ 0.2, 0% ≤ 0.5, 100% ≥ 0.50
[LN466    ] [chunk_18_phase_4_ensemble.py] [info]    hyperparameter_optimization improved: 0.5403 > 0.5243
[LN467    ] [chunk_18_phase_4_ensemble.py] [info] [section 3] [CNN] [HYPERPARAMETER_OPTIMIZATION] LABEL_THRESHOLD=0.0,
[LN468    ] [chunk_18_phase_4_ensemble.py] [info] [section 3] [CNN] [HYPERPARAMETER_OPTIMIZATION] VALIDATION_PRECISION=0.5403 VALIDATION_TRUE_POSITIVES=28774 VALIDATION_TRUE_NEGATIVES=0 validation_false_positives=24480 validation_false_negatives=0 validation_max_prediction=0.8037 validation_mean_prediction=0.5106 validation_recall=1.0000 validation_f1=0.7016 validation_auc=0.4962 validation_specificity=0.0000 validation_false_positive_rate=1.0000 validation_f2=0.8546 validation_mcc=0.0000 validation_prauc=0.5386 validation_balanced_accuracy=0.5000 validation_brier=0.2493 validation_kappa=0.0000 validation_informedness=0.0000 validation_markedness=-0.4597 validation_gini=0.0000 validation_optimal_threshold=0.5549 validation_standard_deviation_prediction=0.0021 validation_percentage_above_threshold=100.00
[LN469    ] [chunk_18_phase_4_ensemble.py] [info] [section 3] [CNN] [HYPERPARAMETER_OPTIMIZATION] prediction_binary_split=0.50 hyperparams=(loss=focal_loss lr=0.01 dropout=0.2 alpha=1.0 gamma=2.0 latent_dim=0) improved=True {'loss_function': 'focal_loss', 'filters': 512, 'kernel_size': 5, 'dropout': 0.2, 'learning_rate': 0.01, 'epochs': 30, 'alpha': 1.0, 'gamma': 2.0, 'layers': 1, 'pooling': 'avg'}
[LN470    ] [chunk_18_phase_4_ensemble.py] [info]    Running post hyperparameter_optimization threshold search for CNN...
[LN471    ] [chunk_12_evaluation_evaluator.py] [info] [CNN] label_threshold=20.0 train_below_prediction_binary_split=118,621 train_above_prediction_binary_split=689 train_positive_found=true val_below_prediction_binary_split=52,918 val_above_prediction_binary_split=336 val_positive_found=true
[LN472    ] [chunk_12_evaluation_evaluator.py] [info] [CNN] [reject] skipping LABEL_THRESHOLD=20.0: pos_pred_ratio=100.00% outside [0%, 65%]
[LN473    ] [chunk_12_evaluation_evaluator.py] [info] [CNN] label_threshold=10.0 train_below_prediction_binary_split=116,756 train_above_prediction_binary_split=2,554 train_positive_found=true val_below_prediction_binary_split=52,057 val_above_prediction_binary_split=1,197 val_positive_found=true
[LN474    ] [chunk_12_evaluation_evaluator.py] [info] [CNN] [reject] skipping LABEL_THRESHOLD=10.0: pos_pred_ratio=100.00% outside [0%, 65%]
[LN475    ] [chunk_12_evaluation_evaluator.py] [info] [CNN] label_threshold=0.0 train_below_prediction_binary_split=59,589 train_above_prediction_binary_split=59,721 train_positive_found=true val_below_prediction_binary_split=24,480 val_above_prediction_binary_split=28,774 val_positive_found=true
[LN476    ] [chunk_12_evaluation_evaluator.py] [info] [CNN] [reject] skipping LABEL_THRESHOLD=0.0: pos_pred_ratio=100.00% outside [0%, 65%]
[LN477    ] [chunk_18_phase_4_ensemble.py] [info]    hyperparameter_optimization model threshold search: LABEL_THRESHOLD=0.0, VALIDATION_PRECISION=0.5403
[LN478    ] [chunk_18_phase_4_ensemble.py] [info]    post hyperparameter_optimization threshold search: LABEL_THRESHOLD=20.0, VALIDATION_PRECISION=0.0000
[LN479    ] [chunk_18_phase_4_ensemble.py] [info]    post hyperparameter_optimization no improvement: keeping LABEL_THRESHOLD=0.0
[LN480    ] [chunk_18_phase_4_ensemble.py] [info] [section 4] [CNN] [post hyperparameter_optimization] [diagnostic]  cumulative binary_split_predictions (1%) ≤ 0.5104, (5%) ≤ 0.5104, (10%) ≤ 0.5104, (25%) ≤ 0.5104, (50%) ≤ 0.5104, (75%) ≤ 0.5104, (90%) ≤ 0.5104, (95%) ≤ 0.5104, (99%) ≤ 0.5151, max=0.8037 binary_split_predictions distribution: 0% ≤ 0.01, 0% ≤ 0.02, 0% ≤ 0.05, 0% ≤ 0.1, 0% ≤ 0.2, 0% ≤ 0.5, 100% ≥ 0.50
[LN481    ] [chunk_18_phase_4_ensemble.py] [info] [section 4] [CNN] [post hyperparameter_optimization] LABEL_THRESHOLD=0.0,
[LN482    ] [chunk_18_phase_4_ensemble.py] [info] [section 4] [CNN] [post hyperparameter_optimization] VALIDATION_PRECISION=0.5403 VALIDATION_TRUE_POSITIVES=28774 VALIDATION_TRUE_NEGATIVES=0 validation_false_positives=24480 validation_false_negatives=0 validation_max_prediction=0.8037 validation_mean_prediction=0.5106 validation_recall=1.0000 validation_f1=0.7016 validation_auc=0.4962 validation_specificity=0.0000 validation_false_positive_rate=1.0000 validation_f2=0.8546 validation_mcc=0.0000 validation_prauc=0.5386 validation_balanced_accuracy=0.5000 validation_brier=0.2493 validation_kappa=0.0000 validation_informedness=0.0000 validation_markedness=-0.4597 validation_gini=0.0000 validation_optimal_threshold=0.5549 validation_standard_deviation_prediction=0.0021 validation_percentage_above_threshold=100.00
[LN483    ] [chunk_18_phase_4_ensemble.py] [info] [section 4] [CNN] [post hyperparameter_optimization] prediction_binary_split=0.50 hyperparams=(loss=focal_loss lr=0.01 dropout=0.2 alpha=1.0 gamma=2.0 latent_dim=64) source=section3
[LN484    ] [chunk_18_phase_4_ensemble.py] [info]    Using Hyperparameter_Optimized model directly (no change to Label_Threshold)
[LN485    ] [chunk_18_phase_4_ensemble.py] [info]    Train predictions: mean=0.5105, std=0.0012, min=0.5104, max=0.6197
[LN486    ] [chunk_18_phase_4_ensemble.py] [info]    validation predictions:   mean=0.5106, std=0.0021, min=0.5104, max=0.8037
[LN487    ] [chunk_18_phase_4_ensemble.py] [info] [section 5] [CNN] [final] [diagnostic] Train  cumulative binary_split_predictions (1%) ≤ 0.5104, (5%) ≤ 0.5104, (10%) ≤ 0.5104, (25%) ≤ 0.5104, (50%) ≤ 0.5104, (75%) ≤ 0.5104, (90%) ≤ 0.5104, (95%) ≤ 0.5104, (99%) ≤ 0.5104, max=0.6197 binary_split_predictions distribution: 0% ≤ 0.01, 0% ≤ 0.02, 0% ≤ 0.05, 0% ≤ 0.1, 0% ≤ 0.2, 0% ≤ 0.5, 100% ≥ 0.50
[LN488    ] [chunk_18_phase_4_ensemble.py] [info] [section 5] [CNN] [final] [diagnostic] validation    cumulative binary_split_predictions (1%) ≤ 0.5104, (5%) ≤ 0.5104, (10%) ≤ 0.5104, (25%) ≤ 0.5104, (50%) ≤ 0.5104, (75%) ≤ 0.5104, (90%) ≤ 0.5104, (95%) ≤ 0.5104, (99%) ≤ 0.5151, max=0.8037 binary_split_predictions distribution: 0% ≤ 0.01, 0% ≤ 0.02, 0% ≤ 0.05, 0% ≤ 0.1, 0% ≤ 0.2, 0% ≤ 0.5, 100% ≥ 0.50
[LN489    ] [chunk_18_phase_4_ensemble.py] [info]    Train predictions: 100.00% positive predictions (119,310 / 119,310)
[LN490    ] [chunk_18_phase_4_ensemble.py] [info]    validation predictions:   100.00% positive predictions (53,254 / 53,254)
[LN491    ] [chunk_18_phase_4_ensemble.py] [info]    [info] Section 4 all rejected - using Section 3 results for Section 5
[LN492    ] [chunk_18_phase_4_ensemble.py] [info]    [diagnostic] prediction_buckets: 0-10:0, 10-20:0, 20-30:0, 30-40:0, 40-50:53251, 50-60:2, 60-70:0, 70-80:1, 80-90:0, 90-100:0
[LN493    ] [chunk_18_phase_4_ensemble.py] [info] [section 5] [CNN] [final] LABEL_THRESHOLD=0.0,
[LN494    ] [chunk_18_phase_4_ensemble.py] [info] [section 5] [CNN] [final] train_precision=0.5006 train_true_positives=59721 train_true_negatives=0 train_false_positives=59589 train_false_negatives=0 train_max_prediction=0.6197 train_mean_prediction=0.5105 train_recall=1.0000 train_f1=0.6672 train_auc=0.5003 train_specificity=0.0000 train_false_positive_rate=1.0000 train_f2=0.8336 train_mcc=0.0000 train_prauc=0.5009 train_balanced_accuracy=0.5000 train_standard_deviation_prediction=0.0012 train_percentage_above_threshold=100.00 train_brier=0.2501 train_kappa=0.0000 train_informedness=0.0000 train_markedness=-0.4994 train_gini=0.0006 train_optimal_threshold=0.5139
[LN495    ] [chunk_18_phase_4_ensemble.py] [info] [section 5] [CNN] [final] VALIDATION_PRECISION=0.5403 VALIDATION_TRUE_POSITIVES=28774 VALIDATION_TRUE_NEGATIVES=0 validation_false_positives=24480 validation_false_negatives=0 validation_max_prediction=0.8037 validation_mean_prediction=0.5106 validation_recall=1.0000 validation_f1=0.7016 validation_auc=0.4962 validation_specificity=0.0000 validation_false_positive_rate=1.0000 validation_f2=0.8546 validation_mcc=0.0000 validation_prauc=0.5386 validation_balanced_accuracy=0.5000 validation_brier=0.2493 validation_kappa=0.0000 validation_informedness=0.0000 validation_markedness=-0.4597 validation_gini=0.0000 validation_optimal_threshold=0.5549 validation_standard_deviation_prediction=0.0021 validation_percentage_above_threshold=100.00
[LN496    ] [chunk_18_phase_4_ensemble.py] [info] [section 5] [CNN] [final] prediction_binary_split=0.50 hyperparams=(loss=focal_loss lr=0.01 dropout=0.2 alpha=1.0 gamma=2.0 latent_dim=64) (using HPO model directly)
[LN497    ] [chunk_18_phase_4_ensemble.py] [info]    CNN loss=focal_loss pred_threshold=0.5 epochs=30
[LN498    ] [chunk_18_phase_4_ensemble.py] [info]    [CNN] hyperparameter_optimization: filters=512, kernel_size=5, dropout=0.2, learning_rate=0.01, alpha=1.0, gamma=2.0, layers=1
[LN499    ] [chunk_18_phase_4_ensemble.py] [info]    CNN training time: 3391.3s
[LN500    ] [chunk_18_phase_4_ensemble.py] [info] [pass] CNN trained successfully
[LN501    ] [chunk_18_phase_4_ensemble.py] [info] [section 1] [RNN] [baseline] LABEL_THRESHOLD=20.0,
[LN502    ] [chunk_18_phase_4_ensemble.py] [info] [section 1] [RNN] [baseline] predictions: mean=0.0470, std=0.0575, min=0.0055, max=0.2316
[LN503    ] [chunk_18_phase_4_ensemble.py] [info] [section 1] [RNN] [baseline]  cumulative binary_split_predictions (1%) ≤ 0.0060, (5%) ≤ 0.0065, (10%) ≤ 0.0070, (25%) ≤ 0.0091, (50%) ≤ 0.0147, (75%) ≤ 0.0674, (90%) ≤ 0.1519, (95%) ≤ 0.1796, (99%) ≤ 0.2045, max=0.2316 binary_split_predictions distribution: 31% ≤ 0.01, 58% ≤ 0.02, 71% ≤ 0.05, 81% ≤ 0.1, 99% ≤ 0.2, 100% ≤ 0.5, 0% ≥ 0.50
[LN504    ] [chunk_18_phase_4_ensemble.py] [info] [section 1] [RNN] [baseline] prediction_binary_split=0.50, VALIDATION predictions at LABEL_THRESHOLD=20.0: 0.00%
[LN505    ] [chunk_18_phase_4_ensemble.py] [warning] [section 1] [RNN] [baseline] [warning] No predictions >= 0.5!
[LN506    ] [chunk_18_phase_4_ensemble.py] [info] [section 1] [RNN] [baseline] LABEL_THRESHOLD=20.0,
[LN507    ] [chunk_18_phase_4_ensemble.py] [info] [section 1] [RNN] [baseline] VALIDATION_PRECISION=0.0000 VALIDATION_TRUE_POSITIVES=0 VALIDATION_TRUE_NEGATIVES=52918 validation_false_positives=0 validation_false_negatives=336 validation_max_prediction=0.2316 validation_mean_prediction=0.0470 validation_recall=0.0000 validation_f1=0.0000 validation_auc=0.8743 validation_specificity=1.0000 validation_false_positive_rate=0.0000 validation_f2=0.0000 validation_mcc=0.0000 validation_prauc=0.0396 validation_balanced_accuracy=0.5000 validation_brier=0.0100 validation_kappa=0.0000 validation_informedness=0.0000 validation_markedness=1.0000 validation_gini=0.7487 validation_optimal_threshold=0.0329 validation_standard_deviation_prediction=0.0575 validation_percentage_above_threshold=0.00
[LN508    ] [chunk_18_phase_4_ensemble.py] [info] [section 1] [RNN] [baseline] prediction_binary_split=0.50 loss=binary_crossentropy, lr=0.001
[LN509    ] [chunk_12_evaluation_evaluator.py] [info] [RNN] label_threshold=20.0 train_below_prediction_binary_split=118,621 train_above_prediction_binary_split=689 train_positive_found=true val_below_prediction_binary_split=52,918 val_above_prediction_binary_split=336 val_positive_found=true
[LN510    ] [chunk_12_evaluation_evaluator.py] [info] [reject] threshold=20.0 action=skipped reason=insufficient_positive_predictions positive_predictions=0 minimum_positive_required=5
[LN511    ] [chunk_12_evaluation_evaluator.py] [info] [RNN] label_threshold=10.0 train_below_prediction_binary_split=116,756 train_above_prediction_binary_split=2,554 train_positive_found=true val_below_prediction_binary_split=52,057 val_above_prediction_binary_split=1,197 val_positive_found=true
[LN512    ] [chunk_12_evaluation_evaluator.py] [info] [reject] threshold=10.0 action=skipped reason=insufficient_positive_predictions positive_predictions=0 minimum_positive_required=5
[LN513    ] [chunk_12_evaluation_evaluator.py] [info] [RNN] label_threshold=0.0 train_below_prediction_binary_split=59,589 train_above_prediction_binary_split=59,721 train_positive_found=true val_below_prediction_binary_split=24,480 val_above_prediction_binary_split=28,774 val_positive_found=true
[LN514    ] [chunk_12_evaluation_evaluator.py] [info] [RNN] [reject] skipping LABEL_THRESHOLD=0.0: validation_precision=0.5172 <= baseline+0.0200=0.5200
[LN515    ] [chunk_18_phase_4_ensemble.py] [warning] [section 1] [RNN] [label_threshold_optimal] [warning] All label thresholds rejected — using baseline metrics at 20.0
[LN516    ] [chunk_18_phase_4_ensemble.py] [info] [section 1] [RNN] [label_threshold_optimal] LABEL_THRESHOLD=20.0
[LN517    ] [chunk_18_phase_4_ensemble.py] [info] [section 1] [RNN] [label_threshold_optimal] train_precision=0.0000 train_true_positives=0 train_true_negatives=52918 train_false_positives=0 train_false_negatives=336 train_max_prediction=0.2316 train_mean_prediction=0.0470 train_recall=0.0000 train_f1=0.0000 train_auc=0.8743 train_specificity=1.0000 train_false_positive_rate=0.0000 train_f2=0.0000 train_mcc=0.0000 train_prauc=0.0396 train_balanced_accuracy=0.5000 train_brier=0.0100 train_kappa=0.0000 train_informedness=0.0000 train_markedness=1.0000 train_gini=0.7487 train_optimal_threshold=0.0329 train_standard_deviation_prediction=0.0575 train_percentage_above_threshold=0.00
[LN518    ] [chunk_18_phase_4_ensemble.py] [info] [section 1] [RNN] [label_threshold_optimal] VALIDATION_PRECISION=0.0000 VALIDATION_TRUE_POSITIVES=0 VALIDATION_TRUE_NEGATIVES=52918 validation_false_positives=0 validation_false_negatives=336 validation_max_prediction=0.2316 validation_mean_prediction=0.0470 validation_recall=0.0000 validation_f1=0.0000 validation_auc=0.8743 validation_specificity=1.0000 validation_false_positive_rate=0.0000 validation_f2=0.0000 validation_mcc=0.0000 validation_prauc=0.0396 validation_balanced_accuracy=0.5000 validation_brier=0.0100 validation_kappa=0.0000 validation_informedness=0.0000 validation_markedness=1.0000 validation_gini=0.7487 validation_optimal_threshold=0.0329 validation_standard_deviation_prediction=0.0575 validation_percentage_above_threshold=0.00
[LN519    ] [chunk_18_phase_4_ensemble.py] [info] [section 1] [RNN] [label_threshold_optimal] prediction_binary_split=0.50
[LN520    ] [chunk_21_hyperparam_optimizer.py] [info] [section 2] [RNN] [hyperparameter_optimization search] Running Bayesian optimization (5 trials)...
[LN521    ] [chunk_21_hyperparam_optimizer.py] [warning]    TRIAL 1/5: REJECTED - true_positives=0 < 100 (min true_positives threshold)
[LN522    ] [chunk_21_hyperparam_optimizer.py] [warning]    TRIAL 2/5: REJECTED - true_positives=0 < 100 (min true_positives threshold)
[LN523    ] [chunk_21_hyperparam_optimizer.py] [info] [section 2] [RNN] [hyperparameter_optimization search baseline] LABEL_THRESHOLD=20.0
[LN524    ] [chunk_21_hyperparam_optimizer.py] [info] [section 2] [RNN] [hyperparameter_optimization search baseline] VALIDATION_PRECISION=0.0204 VALIDATION_TRUE_POSITIVES=299 VALIDATION_TRUE_NEGATIVES=38585 validation_false_positives=14333 validation_false_negatives=37 validation_max_prediction=0.9787 validation_mean_prediction=0.2542 validation_recall=0.8899 validation_f1=0.0400 validation_auc=0.8879 validation_specificity=0.7291 validation_false_positive_rate=0.2709 validation_f2=0.0936 validation_mcc=0.1098 validation_prauc=0.0508 validation_balanced_accuracy=0.8095 validation_brier=0.1588 validation_kappa=0.0280 validation_informedness=0.6190 validation_markedness=-0.2504 validation_gini=0.7757 validation_optimal_threshold=0.5564 validation_standard_deviation_prediction=0.3118 validation_percentage_above_threshold=27.48
[LN525    ] [chunk_21_hyperparam_optimizer.py] [info] [section 2] [RNN] [hyperparameter_optimization search baseline] TRIAL 3/5: loss_function=binary_crossentropy, units=128, dropout=0.05, learning_rate=0.0005, epochs=30, alpha=0.25, gamma=3.0, layers=1
[LN526    ] [chunk_21_hyperparam_optimizer.py] [info] [section 2] [RNN] [hyperparameter_optimization search baseline] LABEL_THRESHOLD=20.0
[LN527    ] [chunk_21_hyperparam_optimizer.py] [info] [section 2] [RNN] [hyperparameter_optimization search baseline] VALIDATION_PRECISION=0.0228 VALIDATION_TRUE_POSITIVES=247 VALIDATION_TRUE_NEGATIVES=42322 validation_false_positives=10596 validation_false_negatives=89 validation_max_prediction=0.9577 validation_mean_prediction=0.2136 validation_recall=0.7351 validation_f1=0.0442 validation_auc=0.8689 validation_specificity=0.7998 validation_false_positive_rate=0.2002 validation_f2=0.1013 validation_mcc=0.1052 validation_prauc=0.0395 validation_balanced_accuracy=0.7674 validation_brier=0.1190 validation_kappa=0.0323 validation_informedness=0.5349 validation_markedness=-0.1775 validation_gini=0.7378 validation_optimal_threshold=0.2700 validation_standard_deviation_prediction=0.2741 validation_percentage_above_threshold=20.36
[LN528    ] [chunk_21_hyperparam_optimizer.py] [info] [section 2] [RNN] [hyperparameter_optimization search baseline] TRIAL 4/5: loss_function=binary_crossentropy, units=64, dropout=0.05, learning_rate=0.0005, epochs=20, alpha=0.5, gamma=3.0, layers=1
[LN529    ] [chunk_21_hyperparam_optimizer.py] [warning]    TRIAL 5/5: REJECTED - true_positives=0 < 100 (min true_positives threshold)
[LN530    ] [chunk_21_hyperparam_optimizer.py] [info] [section 2] [RNN] [best trial] LABEL_THRESHOLD=20.0
[LN531    ] [chunk_21_hyperparam_optimizer.py] [info] [section 2] [RNN] [best trial] VALIDATION_PRECISION=0.0228 VALIDATION_TRUE_POSITIVES=247 VALIDATION_TRUE_NEGATIVES=42322 validation_false_positives=10596 validation_false_negatives=89 validation_max_prediction=0.9577 validation_mean_prediction=0.2136 validation_recall=0.7351 validation_f1=0.0442 validation_auc=0.8689 validation_specificity=0.7998 validation_false_positive_rate=0.2002 validation_f2=0.1013 validation_mcc=0.1052 validation_prauc=0.0395 validation_balanced_accuracy=0.7674 validation_brier=0.1190 validation_kappa=0.0323 validation_informedness=0.5349 validation_markedness=-0.1775 validation_gini=0.7378 validation_optimal_threshold=0.2700 validation_standard_deviation_prediction=0.2741 validation_percentage_above_threshold=20.36
[LN532    ] [chunk_21_hyperparam_optimizer.py] [info] [section 2] [RNN] [best trial] loss_function=binary_crossentropy, units=64, dropout=0.05, learning_rate=0.0005, epochs=20, alpha=0.5, gamma=3.0, layers=1
[LN533    ] [chunk_18_phase_4_ensemble.py] [info]    [diagnostic-hyperparameter_optimization]  cumulative binary_split_predictions (1%) ≤ 0.0018, (5%) ≤ 0.0041, (10%) ≤ 0.0071, (25%) ≤ 0.0165, (50%) ≤ 0.0565, (75%) ≤ 0.3641, (90%) ≤ 0.7053, (95%) ≤ 0.7895, (99%) ≤ 0.8875, max=0.9577 binary_split_predictions distribution: 14% ≤ 0.01, 30% ≤ 0.02, 48% ≤ 0.05, 58% ≤ 0.1, 68% ≤ 0.2, 80% ≤ 0.5, 20% ≥ 0.50
[LN534    ] [chunk_18_phase_4_ensemble.py] [info]    hyperparameter_optimization improved: 0.0228 > 0.0000
[LN535    ] [chunk_18_phase_4_ensemble.py] [info] [section 3] [RNN] [HYPERPARAMETER_OPTIMIZATION] LABEL_THRESHOLD=20.0,
[LN536    ] [chunk_18_phase_4_ensemble.py] [info] [section 3] [RNN] [HYPERPARAMETER_OPTIMIZATION] VALIDATION_PRECISION=0.0228 VALIDATION_TRUE_POSITIVES=247 VALIDATION_TRUE_NEGATIVES=42322 validation_false_positives=10596 validation_false_negatives=89 validation_max_prediction=0.9577 validation_mean_prediction=0.2136 validation_recall=0.7351 validation_f1=0.0442 validation_auc=0.8689 validation_specificity=0.7998 validation_false_positive_rate=0.2002 validation_f2=0.1013 validation_mcc=0.1052 validation_prauc=0.0395 validation_balanced_accuracy=0.7674 validation_brier=0.1190 validation_kappa=0.0323 validation_informedness=0.5349 validation_markedness=-0.1775 validation_gini=0.7378 validation_optimal_threshold=0.2700 validation_standard_deviation_prediction=0.2741 validation_percentage_above_threshold=20.36
[LN537    ] [chunk_18_phase_4_ensemble.py] [info] [section 3] [RNN] [HYPERPARAMETER_OPTIMIZATION] prediction_binary_split=0.50 hyperparams=(loss=binary_crossentropy lr=0.0005 dropout=0.05 alpha=0.5 gamma=3.0 latent_dim=0) improved=True {'loss_function': 'binary_crossentropy', 'units': 64, 'dropout': 0.05, 'learning_rate': 0.0005, 'epochs': 20, 'alpha': 0.5, 'gamma': 3.0, 'layers': 1}
[LN538    ] [chunk_18_phase_4_ensemble.py] [info]    Running post hyperparameter_optimization threshold search for RNN...
[LN539    ] [chunk_12_evaluation_evaluator.py] [info] [RNN] label_threshold=20.0 train_below_prediction_binary_split=118,621 train_above_prediction_binary_split=689 train_positive_found=true val_below_prediction_binary_split=52,918 val_above_prediction_binary_split=336 val_positive_found=true
[LN540    ] [chunk_12_evaluation_evaluator.py] [info] [RNN] [reject] skipping LABEL_THRESHOLD=20.0: validation_precision=0.0228 <= baseline+0.0200=0.0263
[LN541    ] [chunk_12_evaluation_evaluator.py] [info] [RNN] label_threshold=10.0 train_below_prediction_binary_split=116,756 train_above_prediction_binary_split=2,554 train_positive_found=true val_below_prediction_binary_split=52,057 val_above_prediction_binary_split=1,197 val_positive_found=true
[LN542    ] [chunk_12_evaluation_evaluator.py] [info] [RNN] [diagnostic] LABEL_THRESHOLD=10.0 train_precision=0.0679 train_true_positives=1034 train_true_negatives=102556 train_false_positives=14200 train_false_negatives=1520 train_max_prediction=0.9508 train_mean_prediction=0.2063 train_recall=0.4049 train_f1=0.1163 train_auc=0.7606 train_specificity=0.8784 train_false_positive_rate=0.1216 train_f2=0.2031 train_mcc=0.1228 train_prauc=0.0661 train_balanced_accuracy=0.6416 train_brier=0.0883 train_kappa=0.0826 train_informedness=0.2832 train_markedness=-0.0537 train_gini=0.5212 train_optimal_threshold=0.1821 train_standard_deviation_prediction=0.2055 train_percentage_above_threshold=12.77
[LN543    ] [chunk_12_evaluation_evaluator.py] [info] [RNN] [diagnostic] LABEL_THRESHOLD=10.0 VALIDATION_PRECISION=0.0581 VALIDATION_TRUE_POSITIVES=605 VALIDATION_TRUE_NEGATIVES=42256 validation_false_positives=9801 validation_false_negatives=592 validation_max_prediction=0.9506 validation_mean_prediction=0.2197 validation_recall=0.5054 validation_f1=0.1043 validation_auc=0.7714 validation_specificity=0.8117 validation_false_positive_rate=0.1883 validation_f2=0.1991 validation_mcc=0.1186 validation_prauc=0.0631 validation_balanced_accuracy=0.6586 validation_brier=0.1204 validation_kappa=0.0667 validation_informedness=0.3172 validation_markedness=-0.1301 validation_gini=0.5428 validation_optimal_threshold=0.1286 validation_standard_deviation_prediction=0.2668 validation_percentage_above_threshold=19.54
[LN544    ] [chunk_12_evaluation_evaluator.py] [info] [RNN] label_threshold=0.0 train_below_prediction_binary_split=59,589 train_above_prediction_binary_split=59,721 train_positive_found=true val_below_prediction_binary_split=24,480 val_above_prediction_binary_split=28,774 val_positive_found=true
[LN545    ] [chunk_12_evaluation_evaluator.py] [info] [RNN] [reject] skipping LABEL_THRESHOLD=0.0: validation_precision=0.5055 <= baseline+0.0200=0.5200
[LN546    ] [chunk_18_phase_4_ensemble.py] [info]    hyperparameter_optimization model threshold search: LABEL_THRESHOLD=20.0, VALIDATION_PRECISION=0.0228
[LN547    ] [chunk_18_phase_4_ensemble.py] [info]    post hyperparameter_optimization threshold search: LABEL_THRESHOLD=10.0, VALIDATION_PRECISION=0.0581
[LN548    ] [chunk_18_phase_4_ensemble.py] [info]    post hyperparameter_optimization improved: using LABEL_THRESHOLD=10.0
[LN549    ] [chunk_18_phase_4_ensemble.py] [info] [section 4] [RNN] [post hyperparameter_optimization] [diagnostic]  cumulative binary_split_predictions (1%) ≤ 0.0037, (5%) ≤ 0.0068, (10%) ≤ 0.0101, (25%) ≤ 0.0193, (50%) ≤ 0.0791, (75%) ≤ 0.3575, (90%) ≤ 0.6994, (95%) ≤ 0.7831, (99%) ≤ 0.8869, max=0.9506 binary_split_predictions distribution: 10% ≤ 0.01, 26% ≤ 0.02, 42% ≤ 0.05, 54% ≤ 0.1, 66% ≤ 0.2, 80% ≤ 0.5, 20% ≥ 0.50
[LN550    ] [chunk_18_phase_4_ensemble.py] [info] [section 4] [RNN] [post hyperparameter_optimization] LABEL_THRESHOLD=10.0,
[LN551    ] [chunk_18_phase_4_ensemble.py] [info] [section 4] [RNN] [post hyperparameter_optimization] VALIDATION_PRECISION=0.0581 VALIDATION_TRUE_POSITIVES=605 VALIDATION_TRUE_NEGATIVES=42256 validation_false_positives=9801 validation_false_negatives=592 validation_max_prediction=0.9506 validation_mean_prediction=0.2197 validation_recall=0.5054 validation_f1=0.1043 validation_auc=0.7714 validation_specificity=0.8070 validation_false_positive_rate=0.1930 validation_f2=0.0813 validation_mcc=0.0750 validation_prauc=0.0267 validation_balanced_accuracy=0.6877 validation_brier=0.1189 validation_kappa=0.0236 validation_informedness=0.3754 validation_markedness=-0.1747 validation_gini=0.6202 validation_optimal_threshold=0.1826 validation_standard_deviation_prediction=0.2668 validation_percentage_above_threshold=19.54
[LN552    ] [chunk_18_phase_4_ensemble.py] [info] [section 4] [RNN] [post hyperparameter_optimization] prediction_binary_split=0.50 hyperparams=(loss=binary_crossentropy lr=0.0005 dropout=0.05 alpha=0.5 gamma=3.0 latent_dim=64) source=section4
[LN553    ] [chunk_18_phase_4_ensemble.py] [info]    Using post-HPO model at LABEL_THRESHOLD=10.0 (post_hpo_prec=0.0581 > hpo=0.0228, pre_hpo=0.0000)
[LN554    ] [chunk_18_phase_4_ensemble.py] [info]    Train predictions: mean=0.2063, std=0.2055, min=0.0020, max=0.9508
[LN555    ] [chunk_18_phase_4_ensemble.py] [info]    validation predictions:   mean=0.2197, std=0.2668, min=0.0015, max=0.9506
[LN556    ] [chunk_18_phase_4_ensemble.py] [info] [section 5] [RNN] [final] [diagnostic] Train  cumulative binary_split_predictions (1%) ≤ 0.0059, (5%) ≤ 0.0146, (10%) ≤ 0.0265, (25%) ≤ 0.0658, (50%) ≤ 0.1199, (75%) ≤ 0.2827, (90%) ≤ 0.5657, (95%) ≤ 0.6653, (99%) ≤ 0.8146, max=0.9508 binary_split_predictions distribution: 3% ≤ 0.01, 8% ≤ 0.02, 18% ≤ 0.05, 42% ≤ 0.1, 67% ≤ 0.2, 87% ≤ 0.5, 13% ≥ 0.50
[LN557    ] [chunk_18_phase_4_ensemble.py] [info] [section 5] [RNN] [final] [diagnostic] validation    cumulative binary_split_predictions (1%) ≤ 0.0037, (5%) ≤ 0.0068, (10%) ≤ 0.0101, (25%) ≤ 0.0193, (50%) ≤ 0.0791, (75%) ≤ 0.3575, (90%) ≤ 0.6994, (95%) ≤ 0.7831, (99%) ≤ 0.8869, max=0.9506 binary_split_predictions distribution: 10% ≤ 0.01, 26% ≤ 0.02, 42% ≤ 0.05, 54% ≤ 0.1, 66% ≤ 0.2, 80% ≤ 0.5, 20% ≥ 0.50
[LN558    ] [chunk_18_phase_4_ensemble.py] [info]    Train predictions: 12.77% positive predictions (15,234 / 119,310)
[LN559    ] [chunk_18_phase_4_ensemble.py] [info]    validation predictions:   19.54% positive predictions (10,406 / 53,254)
[LN560    ] [chunk_18_phase_4_ensemble.py] [info]    [diagnostic] prediction_buckets: 0-10:6265, 10-20:3474, 20-30:2527, 30-40:1928, 40-50:2261, 50-60:2834, 60-70:3028, 70-80:1951, 80-90:332, 90-100:0
[LN561    ] [chunk_18_phase_4_ensemble.py] [info] [section 5] [RNN] [final] LABEL_THRESHOLD=10.0,
[LN562    ] [chunk_18_phase_4_ensemble.py] [info] [section 5] [RNN] [final] train_precision=0.0679 train_true_positives=1034 train_true_negatives=102556 train_false_positives=14200 train_false_negatives=1520 train_max_prediction=0.9508 train_mean_prediction=0.2063 train_recall=0.4049 train_f1=0.1163 train_auc=0.7606 train_specificity=0.8784 train_false_positive_rate=0.1216 train_f2=0.2031 train_mcc=0.1228 train_prauc=0.0661 train_balanced_accuracy=0.6416 train_standard_deviation_prediction=0.2055 train_percentage_above_threshold=12.77 train_brier=0.0883 train_kappa=0.0826 train_informedness=0.2832 train_markedness=-0.0537 train_gini=0.5212 train_optimal_threshold=0.1821
[LN563    ] [chunk_18_phase_4_ensemble.py] [info] [section 5] [RNN] [final] VALIDATION_PRECISION=0.0581 VALIDATION_TRUE_POSITIVES=605 VALIDATION_TRUE_NEGATIVES=42256 validation_false_positives=9801 validation_false_negatives=592 validation_max_prediction=0.9506 validation_mean_prediction=0.2197 validation_recall=0.5054 validation_f1=0.1043 validation_auc=0.7714 validation_specificity=0.8117 validation_false_positive_rate=0.1883 validation_f2=0.1991 validation_mcc=0.1186 validation_prauc=0.0631 validation_balanced_accuracy=0.6586 validation_brier=0.1204 validation_kappa=0.0667 validation_informedness=0.3172 validation_markedness=-0.1301 validation_gini=0.5428 validation_optimal_threshold=0.1286 validation_standard_deviation_prediction=0.2668 validation_percentage_above_threshold=19.54
[LN564    ] [chunk_18_phase_4_ensemble.py] [info] [section 5] [RNN] [final] prediction_binary_split=0.50 hyperparams=(loss=binary_crossentropy lr=0.0005 dropout=0.05 alpha=0.5 gamma=3.0 latent_dim=64) (using HPO model directly)
[LN565    ] [chunk_18_phase_4_ensemble.py] [info]    RNN loss=binary_crossentropy pred_threshold=0.5 epochs=20
[LN566    ] [chunk_18_phase_4_ensemble.py] [info]    [RNN] hyperparameter_optimization: units=64, dropout=0.05, learning_rate=0.0005, alpha=0.5, gamma=3.0, layers=1
[LN567    ] [chunk_18_phase_4_ensemble.py] [info]    RNN training time: 2218.0s
[LN568    ] [chunk_18_phase_4_ensemble.py] [info] [pass] RNN trained successfully
[LN569    ] [chunk_18_phase_4_ensemble.py] [info] [section 1] [LSTM] [baseline] LABEL_THRESHOLD=20.0,
[LN570    ] [chunk_18_phase_4_ensemble.py] [info] [section 1] [LSTM] [baseline] predictions: mean=0.0374, std=0.0113, min=0.0258, max=0.0924
[LN571    ] [chunk_18_phase_4_ensemble.py] [info] [section 1] [LSTM] [baseline]  cumulative binary_split_predictions (1%) ≤ 0.0265, (5%) ≤ 0.0272, (10%) ≤ 0.0280, (25%) ≤ 0.0300, (50%) ≤ 0.0337, (75%) ≤ 0.0404, (90%) ≤ 0.0519, (95%) ≤ 0.0631, (99%) ≤ 0.0800, max=0.0924 binary_split_predictions distribution: 0% ≤ 0.01, 0% ≤ 0.02, 89% ≤ 0.05, 100% ≤ 0.1, 100% ≤ 0.2, 100% ≤ 0.5, 0% ≥ 0.50
[LN572    ] [chunk_18_phase_4_ensemble.py] [info] [section 1] [LSTM] [baseline] prediction_binary_split=0.50, VALIDATION predictions at LABEL_THRESHOLD=20.0: 0.00%
[LN573    ] [chunk_18_phase_4_ensemble.py] [warning] [section 1] [LSTM] [baseline] [warning] No predictions >= 0.5!
[LN574    ] [chunk_18_phase_4_ensemble.py] [info] [section 1] [LSTM] [baseline] LABEL_THRESHOLD=20.0,
[LN575    ] [chunk_18_phase_4_ensemble.py] [info] [section 1] [LSTM] [baseline] VALIDATION_PRECISION=0.0000 VALIDATION_TRUE_POSITIVES=0 VALIDATION_TRUE_NEGATIVES=52918 validation_false_positives=0 validation_false_negatives=336 validation_max_prediction=0.0924 validation_mean_prediction=0.0374 validation_recall=0.0000 validation_f1=0.0000 validation_auc=0.6814 validation_specificity=1.0000 validation_false_positive_rate=0.0000 validation_f2=0.0000 validation_mcc=0.0000 validation_prauc=0.0134 validation_balanced_accuracy=0.5000 validation_brier=0.0073 validation_kappa=0.0000 validation_informedness=0.0000 validation_markedness=1.0000 validation_gini=0.3627 validation_optimal_threshold=0.0329 validation_standard_deviation_prediction=0.0113 validation_percentage_above_threshold=0.00
[LN576    ] [chunk_18_phase_4_ensemble.py] [info] [section 1] [LSTM] [baseline] prediction_binary_split=0.50 loss=binary_crossentropy, lr=0.001
[LN577    ] [chunk_12_evaluation_evaluator.py] [info] [LSTM] label_threshold=20.0 train_below_prediction_binary_split=118,621 train_above_prediction_binary_split=689 train_positive_found=true val_below_prediction_binary_split=52,918 val_above_prediction_binary_split=336 val_positive_found=true
[LN578    ] [chunk_12_evaluation_evaluator.py] [info] [reject] threshold=20.0 action=skipped reason=insufficient_positive_predictions positive_predictions=0 minimum_positive_required=5
[LN579    ] [chunk_12_evaluation_evaluator.py] [info] [LSTM] label_threshold=10.0 train_below_prediction_binary_split=116,756 train_above_prediction_binary_split=2,554 train_positive_found=true val_below_prediction_binary_split=52,057 val_above_prediction_binary_split=1,197 val_positive_found=true
[LN580    ] [chunk_12_evaluation_evaluator.py] [info] [reject] threshold=10.0 action=skipped reason=insufficient_positive_predictions positive_predictions=0 minimum_positive_required=5
[LN581    ] [chunk_12_evaluation_evaluator.py] [info] [LSTM] label_threshold=0.0 train_below_prediction_binary_split=59,589 train_above_prediction_binary_split=59,721 train_positive_found=true val_below_prediction_binary_split=24,480 val_above_prediction_binary_split=28,774 val_positive_found=true
[LN582    ] [chunk_12_evaluation_evaluator.py] [info] [LSTM] [diagnostic] LABEL_THRESHOLD=0.0 train_precision=0.5210 train_true_positives=35362 train_true_negatives=27077 train_false_positives=32512 train_false_negatives=24359 train_max_prediction=0.5664 train_mean_prediction=0.5045 train_recall=0.5921 train_f1=0.5543 train_auc=0.5324 train_specificity=0.4544 train_false_positive_rate=0.5456 train_f2=0.5764 train_mcc=0.0470 train_prauc=0.5258 train_balanced_accuracy=0.5233 train_brier=0.2493 train_kappa=0.0465 train_informedness=0.0465 train_markedness=-0.0246 train_gini=0.0647 train_optimal_threshold=0.5046 train_standard_deviation_prediction=0.0191 train_percentage_above_threshold=56.89
[LN583    ] [chunk_12_evaluation_evaluator.py] [info] [LSTM] [diagnostic] LABEL_THRESHOLD=0.0 VALIDATION_PRECISION=0.5257 VALIDATION_TRUE_POSITIVES=17436 VALIDATION_TRUE_NEGATIVES=8748 validation_false_positives=15732 validation_false_negatives=11338 validation_max_prediction=0.5666 validation_mean_prediction=0.5072 validation_recall=0.6060 validation_f1=0.5630 validation_auc=0.4725 validation_specificity=0.3574 validation_false_positive_rate=0.6426 validation_f2=0.5880 validation_mcc=-0.0377 validation_prauc=0.5182 validation_balanced_accuracy=0.4817 validation_brier=0.2510 validation_kappa=-0.0372 validation_informedness=-0.0367 validation_markedness=-0.1170 validation_gini=0.0000 validation_optimal_threshold=0.4422 validation_standard_deviation_prediction=0.0215 validation_percentage_above_threshold=62.28
[LN584    ] [chunk_18_phase_4_ensemble.py] [info] [section 1] [LSTM] [label_threshold_optimal]  cumulative binary_split_predictions (1%) ≤ 0.4585, (5%) ≤ 0.4722, (10%) ≤ 0.4797, (25%) ≤ 0.4918, (50%) ≤ 0.5075, (75%) ≤ 0.5230, (90%) ≤ 0.5325, (95%) ≤ 0.5415, (99%) ≤ 0.5587, max=0.5666 binary_split_predictions distribution: 0% ≤ 0.01, 0% ≤ 0.02, 0% ≤ 0.05, 0% ≤ 0.1, 0% ≤ 0.2, 38% ≤ 0.5, 62% ≥ 0.50
[LN585    ] [chunk_18_phase_4_ensemble.py] [info] [section 1] [LSTM] [label_threshold_optimal] LABEL_THRESHOLD=0.0
[LN586    ] [chunk_18_phase_4_ensemble.py] [info] [section 1] [LSTM] [label_threshold_optimal] train_precision=0.5210 train_true_positives=35362 train_true_negatives=27077 train_false_positives=32512 train_false_negatives=24359 train_max_prediction=0.5664 train_mean_prediction=0.5045 train_recall=0.5921 train_f1=0.5543 train_auc=0.5324 train_specificity=0.4544 train_false_positive_rate=0.5456 train_f2=0.5764 train_mcc=0.0470 train_prauc=0.5258 train_balanced_accuracy=0.5233 train_brier=0.2493 train_kappa=0.0465 train_informedness=0.0465 train_markedness=-0.0246 train_gini=0.0647 train_optimal_threshold=0.5046 train_standard_deviation_prediction=0.0191 train_percentage_above_threshold=56.89
[LN587    ] [chunk_18_phase_4_ensemble.py] [info] [section 1] [LSTM] [label_threshold_optimal] VALIDATION_PRECISION=0.5257 VALIDATION_TRUE_POSITIVES=17436 VALIDATION_TRUE_NEGATIVES=8748 validation_false_positives=15732 validation_false_negatives=11338 validation_max_prediction=0.5666 validation_mean_prediction=0.5072 validation_recall=0.6060 validation_f1=0.5630 validation_auc=0.4725 validation_specificity=0.3574 validation_false_positive_rate=0.6426 validation_f2=0.5880 validation_mcc=-0.0377 validation_prauc=0.5182 validation_balanced_accuracy=0.4817 validation_brier=0.2510 validation_kappa=-0.0372 validation_informedness=-0.0367 validation_markedness=-0.1170 validation_gini=0.0000 validation_optimal_threshold=0.4422 validation_standard_deviation_prediction=0.0215 validation_percentage_above_threshold=62.28
[LN588    ] [chunk_18_phase_4_ensemble.py] [info] [section 1] [LSTM] [label_threshold_optimal] prediction_binary_split=0.50
[LN589    ] [chunk_21_hyperparam_optimizer.py] [info] [section 2] [LSTM] [hyperparameter_optimization search] Running Bayesian optimization (5 trials)...
[LN590    ] [chunk_21_hyperparam_optimizer.py] [info] [section 2] [LSTM] [hyperparameter_optimization search baseline] LABEL_THRESHOLD=0.0
[LN591    ] [chunk_21_hyperparam_optimizer.py] [info] [section 2] [LSTM] [hyperparameter_optimization search baseline] VALIDATION_PRECISION=0.5403 VALIDATION_TRUE_POSITIVES=28774 VALIDATION_TRUE_NEGATIVES=0 validation_false_positives=24480 validation_false_negatives=0 validation_max_prediction=0.5081 validation_mean_prediction=0.5081 validation_recall=1.0000 validation_f1=0.7016 validation_auc=0.5000 validation_specificity=0.0000 validation_false_positive_rate=1.0000 validation_f2=0.8546 validation_mcc=0.0000 validation_prauc=0.5403 validation_balanced_accuracy=0.5000 validation_brier=0.2494 validation_kappa=0.0000 validation_informedness=0.0000 validation_markedness=-0.4597 validation_gini=0.0000 validation_optimal_threshold=inf validation_standard_deviation_prediction=0.0000 validation_percentage_above_threshold=100.00
[LN592    ] [chunk_21_hyperparam_optimizer.py] [info] [section 2] [LSTM] [hyperparameter_optimization search baseline] TRIAL 1/5: lstm_units=128, dropout=0.2, learning_rate=0.002, epochs=50, loss_function=binary_crossentropy, alpha=0.75, gamma=3.0, layers=2, bidirectional=False
[LN593    ] [chunk_21_hyperparam_optimizer.py] [info] [section 2] [LSTM] [hyperparameter_optimization search baseline] LABEL_THRESHOLD=0.0
[LN594    ] [chunk_21_hyperparam_optimizer.py] [info] [section 2] [LSTM] [hyperparameter_optimization search baseline] VALIDATION_PRECISION=0.5248 VALIDATION_TRUE_POSITIVES=15695 VALIDATION_TRUE_NEGATIVES=10267 validation_false_positives=14213 validation_false_negatives=13079 validation_max_prediction=0.6167 validation_mean_prediction=0.5033 validation_recall=0.5455 validation_f1=0.5349 validation_auc=0.4769 validation_specificity=0.4194 validation_false_positive_rate=0.5806 validation_f2=0.5412 validation_mcc=-0.0353 validation_prauc=0.5344 validation_balanced_accuracy=0.4824 validation_brier=0.2528 validation_kappa=-0.0353 validation_informedness=-0.0351 validation_markedness=-0.0558 validation_gini=0.0000 validation_optimal_threshold=0.5413 validation_standard_deviation_prediction=0.0378 validation_percentage_above_threshold=56.16
[LN595    ] [chunk_21_hyperparam_optimizer.py] [info] [section 2] [LSTM] [hyperparameter_optimization search baseline] TRIAL 2/5: lstm_units=32, dropout=0.1, learning_rate=0.0005, epochs=20, loss_function=focal_loss, alpha=0.25, gamma=2.0, layers=2, bidirectional=True
[LN596    ] [chunk_21_hyperparam_optimizer.py] [info] [section 2] [LSTM] [hyperparameter_optimization search baseline] LABEL_THRESHOLD=0.0
[LN597    ] [chunk_21_hyperparam_optimizer.py] [info] [section 2] [LSTM] [hyperparameter_optimization search baseline] VALIDATION_PRECISION=0.5403 VALIDATION_TRUE_POSITIVES=28773 VALIDATION_TRUE_NEGATIVES=0 validation_false_positives=24480 validation_false_negatives=1 validation_max_prediction=0.5006 validation_mean_prediction=0.5006 validation_recall=1.0000 validation_f1=0.7015 validation_auc=0.5000 validation_specificity=0.0000 validation_false_positive_rate=1.0000 validation_f2=0.8546 validation_mcc=-0.0040 validation_prauc=0.5403 validation_balanced_accuracy=0.5000 validation_brier=0.2500 validation_kappa=-0.0000 validation_informedness=-0.0000 validation_markedness=-0.4597 validation_gini=0.0000 validation_optimal_threshold=inf validation_standard_deviation_prediction=0.0000 validation_percentage_above_threshold=100.00
[LN598    ] [chunk_21_hyperparam_optimizer.py] [info] [section 2] [LSTM] [hyperparameter_optimization search baseline] TRIAL 3/5: lstm_units=256, dropout=0.0, learning_rate=0.001, epochs=30, loss_function=binary_crossentropy, alpha=0.75, gamma=3.0, layers=2, bidirectional=True
[LN599    ] [chunk_21_hyperparam_optimizer.py] [info] [section 2] [LSTM] [hyperparameter_optimization search baseline] LABEL_THRESHOLD=0.0
[LN600    ] [chunk_21_hyperparam_optimizer.py] [info] [section 2] [LSTM] [hyperparameter_optimization search baseline] VALIDATION_PRECISION=0.4000 VALIDATION_TRUE_POSITIVES=2 VALIDATION_TRUE_NEGATIVES=24477 validation_false_positives=3 validation_false_negatives=28772 validation_max_prediction=0.5046 validation_mean_prediction=0.4994 validation_recall=0.0001 validation_f1=0.0001 validation_auc=0.5000 validation_specificity=0.9999 validation_false_positive_rate=0.0001 validation_f2=0.0001 validation_mcc=-0.0027 validation_prauc=0.5404 validation_balanced_accuracy=0.5000 validation_brier=0.2501 validation_kappa=-0.0000 validation_informedness=-0.0001 validation_markedness=0.3999 validation_gini=0.0001 validation_optimal_threshold=0.4994 validation_standard_deviation_prediction=0.0000 validation_percentage_above_threshold=0.01
[LN601    ] [chunk_21_hyperparam_optimizer.py] [info] [section 2] [LSTM] [hyperparameter_optimization search baseline] TRIAL 4/5: lstm_units=64, dropout=0.0, learning_rate=0.002, epochs=30, loss_function=focal_loss, alpha=0.75, gamma=3.0, layers=2, bidirectional=False
[LN602    ] [chunk_21_hyperparam_optimizer.py] [info] [section 2] [LSTM] [hyperparameter_optimization search baseline] LABEL_THRESHOLD=0.0
[LN603    ] [chunk_21_hyperparam_optimizer.py] [info] [section 2] [LSTM] [hyperparameter_optimization search baseline] VALIDATION_PRECISION=0.5147 VALIDATION_TRUE_POSITIVES=8392 VALIDATION_TRUE_NEGATIVES=16567 validation_false_positives=7913 validation_false_negatives=20382 validation_max_prediction=0.6137 validation_mean_prediction=0.4911 validation_recall=0.2917 validation_f1=0.3723 validation_auc=0.4819 validation_specificity=0.6768 validation_false_positive_rate=0.3232 validation_f2=0.3193 validation_mcc=-0.0342 validation_prauc=0.5248 validation_balanced_accuracy=0.4842 validation_brier=0.2520 validation_kappa=-0.0304 validation_informedness=-0.0316 validation_markedness=0.1914 validation_gini=0.0000 validation_optimal_threshold=0.4604 validation_standard_deviation_prediction=0.0224 validation_percentage_above_threshold=30.62
[LN604    ] [chunk_21_hyperparam_optimizer.py] [info] [section 2] [LSTM] [hyperparameter_optimization search baseline] TRIAL 5/5: lstm_units=32, dropout=0.0, learning_rate=0.0005, epochs=50, loss_function=focal_loss, alpha=1.0, gamma=2.0, layers=1, bidirectional=False
[LN605    ] [chunk_21_hyperparam_optimizer.py] [info] [section 2] [LSTM] [best trial] LABEL_THRESHOLD=0.0
[LN606    ] [chunk_21_hyperparam_optimizer.py] [info] [section 2] [LSTM] [best trial] VALIDATION_PRECISION=0.5248 VALIDATION_TRUE_POSITIVES=15695 VALIDATION_TRUE_NEGATIVES=10267 validation_false_positives=14213 validation_false_negatives=13079 validation_max_prediction=0.6167 validation_mean_prediction=0.5033 validation_recall=0.5455 validation_f1=0.5349 validation_auc=0.4769 validation_specificity=0.4194 validation_false_positive_rate=0.5806 validation_f2=0.5412 validation_mcc=-0.0353 validation_prauc=0.5344 validation_balanced_accuracy=0.4824 validation_brier=0.2528 validation_kappa=-0.0353 validation_informedness=-0.0351 validation_markedness=-0.0558 validation_gini=0.0000 validation_optimal_threshold=0.5413 validation_standard_deviation_prediction=0.0378 validation_percentage_above_threshold=56.16
[LN607    ] [chunk_21_hyperparam_optimizer.py] [info] [section 2] [LSTM] [best trial] lstm_units=32, dropout=0.1, learning_rate=0.0005, epochs=20, loss_function=focal_loss, alpha=0.25, gamma=2.0, layers=2, bidirectional=True
[LN608    ] [chunk_18_phase_4_ensemble.py] [info]    [diagnostic-hyperparameter_optimization]  cumulative binary_split_predictions (1%) ≤ 0.4202, (5%) ≤ 0.4374, (10%) ≤ 0.4498, (25%) ≤ 0.4784, (50%) ≤ 0.5054, (75%) ≤ 0.5279, (90%) ≤ 0.5524, (95%) ≤ 0.5662, (99%) ≤ 0.5878, max=0.6167 binary_split_predictions distribution: 0% ≤ 0.01, 0% ≤ 0.02, 0% ≤ 0.05, 0% ≤ 0.1, 0% ≤ 0.2, 44% ≤ 0.5, 56% ≥ 0.50
[LN609    ] [chunk_18_phase_4_ensemble.py] [info]    hyperparameter_optimization did NOT improve: 0.5248 <= 0.5257 - using pre hyperparameter_optimization model
[LN610    ] [chunk_18_phase_4_ensemble.py] [info] [section 3] [LSTM] [PRE-HYPERPARAMETER_OPTIMIZATION] LABEL_THRESHOLD=0.0,
[LN611    ] [chunk_18_phase_4_ensemble.py] [info] [section 3] [LSTM] [PRE-HYPERPARAMETER_OPTIMIZATION] VALIDATION_PRECISION=0.5257 VALIDATION_TRUE_POSITIVES=17436 VALIDATION_TRUE_NEGATIVES=8748 validation_false_positives=15732 validation_false_negatives=11338 validation_max_prediction=0.5666 validation_mean_prediction=0.5072 validation_recall=0.6060 validation_f1=0.5630 validation_auc=0.4725 validation_specificity=0.3574 validation_false_positive_rate=0.6426 validation_f2=0.5880 validation_mcc=-0.0377 validation_prauc=0.5182 validation_balanced_accuracy=0.4817 validation_brier=0.2510 validation_kappa=-0.0372 validation_informedness=-0.0367 validation_markedness=-0.1170 validation_gini=0.0000 validation_optimal_threshold=0.4422 validation_standard_deviation_prediction=0.0215 validation_percentage_above_threshold=62.28
[LN612    ] [chunk_18_phase_4_ensemble.py] [info] [section 3] [LSTM] [PRE-HYPERPARAMETER_OPTIMIZATION] prediction_binary_split=0.50 hyperparams=(loss=focal_loss lr=0.0005 dropout=0.1 alpha=0.25 gamma=2.0 latent_dim=0) improved=False {'lstm_units': 32, 'dropout': 0.1, 'learning_rate': 0.0005, 'epochs': 20, 'loss_function': 'focal_loss', 'alpha': 0.25, 'gamma': 2.0, 'layers': 2, 'bidirectional': True}
[LN613    ] [chunk_18_phase_4_ensemble.py] [info]    Running post hyperparameter_optimization threshold search for LSTM...
[LN614    ] [chunk_12_evaluation_evaluator.py] [info] [LSTM] label_threshold=20.0 train_below_prediction_binary_split=118,621 train_above_prediction_binary_split=689 train_positive_found=true val_below_prediction_binary_split=52,918 val_above_prediction_binary_split=336 val_positive_found=true
[LN615    ] [chunk_12_evaluation_evaluator.py] [info] [LSTM] [reject] skipping LABEL_THRESHOLD=20.0: validation_precision=0.0102 <= baseline+0.0200=0.0263
[LN616    ] [chunk_12_evaluation_evaluator.py] [info] [LSTM] label_threshold=10.0 train_below_prediction_binary_split=116,756 train_above_prediction_binary_split=2,554 train_positive_found=true val_below_prediction_binary_split=52,057 val_above_prediction_binary_split=1,197 val_positive_found=true
[LN617    ] [chunk_12_evaluation_evaluator.py] [info] [LSTM] [reject] skipping LABEL_THRESHOLD=10.0: pos_pred_ratio=70.54% outside [0%, 65%]
[LN618    ] [chunk_12_evaluation_evaluator.py] [info] [LSTM] label_threshold=0.0 train_below_prediction_binary_split=59,589 train_above_prediction_binary_split=59,721 train_positive_found=true val_below_prediction_binary_split=24,480 val_above_prediction_binary_split=28,774 val_positive_found=true
[LN619    ] [chunk_12_evaluation_evaluator.py] [info] [LSTM] [diagnostic] LABEL_THRESHOLD=0.0 train_precision=0.5210 train_true_positives=35362 train_true_negatives=27077 train_false_positives=32512 train_false_negatives=24359 train_max_prediction=0.5664 train_mean_prediction=0.5045 train_recall=0.5921 train_f1=0.5543 train_auc=0.5324 train_specificity=0.4544 train_false_positive_rate=0.5456 train_f2=0.5764 train_mcc=0.0470 train_prauc=0.5258 train_balanced_accuracy=0.5233 train_brier=0.2493 train_kappa=0.0465 train_informedness=0.0465 train_markedness=-0.0246 train_gini=0.0647 train_optimal_threshold=0.5046 train_standard_deviation_prediction=0.0191 train_percentage_above_threshold=56.89
[LN620    ] [chunk_12_evaluation_evaluator.py] [info] [LSTM] [diagnostic] LABEL_THRESHOLD=0.0 VALIDATION_PRECISION=0.5257 VALIDATION_TRUE_POSITIVES=17436 VALIDATION_TRUE_NEGATIVES=8748 validation_false_positives=15732 validation_false_negatives=11338 validation_max_prediction=0.5666 validation_mean_prediction=0.5072 validation_recall=0.6060 validation_f1=0.5630 validation_auc=0.4725 validation_specificity=0.3574 validation_false_positive_rate=0.6426 validation_f2=0.5880 validation_mcc=-0.0377 validation_prauc=0.5182 validation_balanced_accuracy=0.4817 validation_brier=0.2510 validation_kappa=-0.0372 validation_informedness=-0.0367 validation_markedness=-0.1170 validation_gini=0.0000 validation_optimal_threshold=0.4422 validation_standard_deviation_prediction=0.0215 validation_percentage_above_threshold=62.28
[LN621    ] [chunk_18_phase_4_ensemble.py] [info]    hyperparameter_optimization model threshold search: LABEL_THRESHOLD=0.0, VALIDATION_PRECISION=0.5248
[LN622    ] [chunk_18_phase_4_ensemble.py] [info]    post hyperparameter_optimization threshold search: LABEL_THRESHOLD=0.0, VALIDATION_PRECISION=0.5257
[LN623    ] [chunk_18_phase_4_ensemble.py] [info]    post hyperparameter_optimization no improvement: keeping LABEL_THRESHOLD=0.0
[LN624    ] [chunk_18_phase_4_ensemble.py] [info] [section 4] [LSTM] [post hyperparameter_optimization] [diagnostic]  cumulative binary_split_predictions (1%) ≤ 0.4585, (5%) ≤ 0.4722, (10%) ≤ 0.4797, (25%) ≤ 0.4918, (50%) ≤ 0.5075, (75%) ≤ 0.5230, (90%) ≤ 0.5325, (95%) ≤ 0.5415, (99%) ≤ 0.5587, max=0.5666 binary_split_predictions distribution: 0% ≤ 0.01, 0% ≤ 0.02, 0% ≤ 0.05, 0% ≤ 0.1, 0% ≤ 0.2, 38% ≤ 0.5, 62% ≥ 0.50
[LN625    ] [chunk_18_phase_4_ensemble.py] [info] [section 4] [LSTM] [post hyperparameter_optimization] LABEL_THRESHOLD=0.0,
[LN626    ] [chunk_18_phase_4_ensemble.py] [info] [section 4] [LSTM] [post hyperparameter_optimization] VALIDATION_PRECISION=0.5257 VALIDATION_TRUE_POSITIVES=17436 VALIDATION_TRUE_NEGATIVES=8748 validation_false_positives=15732 validation_false_negatives=11338 validation_max_prediction=0.5666 validation_mean_prediction=0.5072 validation_recall=0.6060 validation_f1=0.5630 validation_auc=0.4725 validation_specificity=0.3574 validation_false_positive_rate=0.6426 validation_f2=0.5880 validation_mcc=-0.0377 validation_prauc=0.5182 validation_balanced_accuracy=0.4817 validation_brier=0.2510 validation_kappa=-0.0372 validation_informedness=-0.0367 validation_markedness=-0.1170 validation_gini=0.0000 validation_optimal_threshold=0.4422 validation_standard_deviation_prediction=0.0215 validation_percentage_above_threshold=62.28
[LN627    ] [chunk_18_phase_4_ensemble.py] [info] [section 4] [LSTM] [post hyperparameter_optimization] prediction_binary_split=0.50 hyperparams=(loss=focal_loss lr=0.0005 dropout=0.1 alpha=0.25 gamma=2.0 latent_dim=64) source=section3
[LN628    ] [chunk_18_phase_4_ensemble.py] [info]    Using threshold-optimized model (HPO did not improve)
[LN629    ] [chunk_18_phase_4_ensemble.py] [info]    Train predictions: mean=0.5045, std=0.0191, min=0.4172, max=0.5664
[LN630    ] [chunk_18_phase_4_ensemble.py] [info]    validation predictions:   mean=0.5072, std=0.0215, min=0.4213, max=0.5666
[LN631    ] [chunk_18_phase_4_ensemble.py] [info] [section 5] [LSTM] [final] [diagnostic] Train  cumulative binary_split_predictions (1%) ≤ 0.4633, (5%) ≤ 0.4760, (10%) ≤ 0.4817, (25%) ≤ 0.4912, (50%) ≤ 0.5027, (75%) ≤ 0.5168, (90%) ≤ 0.5310, (95%) ≤ 0.5384, (99%) ≤ 0.5514, max=0.5664 binary_split_predictions distribution: 0% ≤ 0.01, 0% ≤ 0.02, 0% ≤ 0.05, 0% ≤ 0.1, 0% ≤ 0.2, 43% ≤ 0.5, 57% ≥ 0.50
[LN632    ] [chunk_18_phase_4_ensemble.py] [info] [section 5] [LSTM] [final] [diagnostic] validation    cumulative binary_split_predictions (1%) ≤ 0.4585, (5%) ≤ 0.4722, (10%) ≤ 0.4797, (25%) ≤ 0.4918, (50%) ≤ 0.5075, (75%) ≤ 0.5230, (90%) ≤ 0.5325, (95%) ≤ 0.5415, (99%) ≤ 0.5587, max=0.5666 binary_split_predictions distribution: 0% ≤ 0.01, 0% ≤ 0.02, 0% ≤ 0.05, 0% ≤ 0.1, 0% ≤ 0.2, 38% ≤ 0.5, 62% ≥ 0.50
[LN633    ] [chunk_18_phase_4_ensemble.py] [info]    Train predictions: 56.89% positive predictions (67,874 / 119,310)
[LN634    ] [chunk_18_phase_4_ensemble.py] [info]    validation predictions:   62.28% positive predictions (33,168 / 53,254)
[LN635    ] [chunk_18_phase_4_ensemble.py] [info]    [info] Section 4 all rejected - using Section 3 results for Section 5
[LN636    ] [chunk_18_phase_4_ensemble.py] [info]    [diagnostic] prediction_buckets: 0-10:0, 10-20:0, 20-30:0, 30-40:20086, 40-50:33168, 50-60:0, 60-70:0, 70-80:0, 80-90:0, 90-100:0
[LN637    ] [chunk_18_phase_4_ensemble.py] [info] [section 5] [LSTM] [final] LABEL_THRESHOLD=0.0,
[LN638    ] [chunk_18_phase_4_ensemble.py] [info] [section 5] [LSTM] [final] train_precision=0.5210 train_true_positives=35362 train_true_negatives=27077 train_false_positives=32512 train_false_negatives=24359 train_max_prediction=0.5664 train_mean_prediction=0.5045 train_recall=0.5921 train_f1=0.5543 train_auc=0.5324 train_specificity=0.4544 train_false_positive_rate=0.5456 train_f2=0.5764 train_mcc=0.0470 train_prauc=0.5258 train_balanced_accuracy=0.5233 train_standard_deviation_prediction=0.0191 train_percentage_above_threshold=56.89 train_brier=0.2493 train_kappa=0.0465 train_informedness=0.0465 train_markedness=-0.0246 train_gini=0.0647 train_optimal_threshold=0.5046
[LN639    ] [chunk_18_phase_4_ensemble.py] [info] [section 5] [LSTM] [final] VALIDATION_PRECISION=0.5257 VALIDATION_TRUE_POSITIVES=17436 VALIDATION_TRUE_NEGATIVES=8748 validation_false_positives=15732 validation_false_negatives=11338 validation_max_prediction=0.5666 validation_mean_prediction=0.5072 validation_recall=0.6060 validation_f1=0.5630 validation_auc=0.4725 validation_specificity=0.3574 validation_false_positive_rate=0.6426 validation_f2=0.5880 validation_mcc=-0.0377 validation_prauc=0.5182 validation_balanced_accuracy=0.4817 validation_brier=0.2510 validation_kappa=-0.0372 validation_informedness=-0.0367 validation_markedness=-0.1170 validation_gini=0.0000 validation_optimal_threshold=0.4422 validation_standard_deviation_prediction=0.0215 validation_percentage_above_threshold=62.28
[LN640    ] [chunk_18_phase_4_ensemble.py] [info] [section 5] [LSTM] [final] prediction_binary_split=0.50 hyperparams=(loss=focal_loss lr=0.0005 dropout=0.1 alpha=0.25 gamma=2.0 latent_dim=64) (using HPO model directly)
[LN641    ] [chunk_18_phase_4_ensemble.py] [info]    LSTM loss=focal_loss pred_threshold=0.5 epochs=3
[LN642    ] [chunk_18_phase_4_ensemble.py] [info]    [LSTM] hyperparameter_optimization: lstm_units=32, dropout=0.1, learning_rate=0.0005, alpha=0.25, gamma=2.0, layers=2
[LN643    ] [chunk_18_phase_4_ensemble.py] [info]    LSTM training time: 2055.3s
[LN644    ] [chunk_18_phase_4_ensemble.py] [info] [pass] LSTM trained successfully
[LN645    ] [chunk_18_phase_4_ensemble.py] [info] [section 1] [VAE] [baseline] LABEL_THRESHOLD=20.0,
[LN646    ] [chunk_18_phase_4_ensemble.py] [info] [section 1] [VAE] [baseline] predictions: mean=nan, std=nan, min=nan, max=nan
[LN647    ] [chunk_18_phase_4_ensemble.py] [info] [section 1] [VAE] [baseline]  cumulative binary_split_predictions (1%) ≤ nan, (5%) ≤ nan, (10%) ≤ nan, (25%) ≤ nan, (50%) ≤ nan, (75%) ≤ nan, (90%) ≤ nan, (95%) ≤ nan, (99%) ≤ nan, max=nan binary_split_predictions distribution: 0% ≤ 0.01, 0% ≤ 0.02, 0% ≤ 0.05, 0% ≤ 0.1, 0% ≤ 0.2, 0% ≤ 0.5, 0% ≥ 0.50
[LN648    ] [chunk_18_phase_4_ensemble.py] [info] [section 1] [VAE] [baseline] prediction_binary_split=0.50, VALIDATION predictions at LABEL_THRESHOLD=20.0: 0.00%
[LN649    ] [chunk_18_phase_4_ensemble.py] [warning] [section 1] [VAE] [baseline] [warning] No predictions >= 0.5!
[LN650    ] [chunk_12_evaluation_evaluator.py] [warning] roc_auc_score failed: Input contains NaN.
[LN651    ] [chunk_12_evaluation_evaluator.py] [warning] calculate_average_precision failed: Input contains NaN.
[LN652    ] [chunk_12_evaluation_evaluator.py] [warning] brier_score_loss failed: Input contains NaN.
[LN653    ] [chunk_12_evaluation_evaluator.py] [warning] roc_auc_score failed: Input contains NaN.
[LN654    ] [chunk_12_evaluation_evaluator.py] [warning] calculate_optimal_threshold failed: Input contains NaN.
[LN655    ] [chunk_18_phase_4_ensemble.py] [info] [section 1] [VAE] [baseline] LABEL_THRESHOLD=20.0,
[LN656    ] [chunk_18_phase_4_ensemble.py] [info] [section 1] [VAE] [baseline] VALIDATION_PRECISION=0.0000 VALIDATION_TRUE_POSITIVES=0 VALIDATION_TRUE_NEGATIVES=52918 validation_false_positives=0 validation_false_negatives=336 validation_max_prediction=nan validation_mean_prediction=nan validation_recall=0.0000 validation_f1=0.0000 validation_auc=0.0000 validation_specificity=1.0000 validation_false_positive_rate=0.0000 validation_f2=0.0000 validation_mcc=0.0000 validation_prauc=0.0000 validation_balanced_accuracy=0.5000 validation_brier=0.0000 validation_kappa=0.0000 validation_informedness=0.0000 validation_markedness=1.0000 validation_gini=0.0000 validation_optimal_threshold=0.5000 validation_standard_deviation_prediction=nan validation_percentage_above_threshold=0.00
[LN657    ] [chunk_18_phase_4_ensemble.py] [info] [section 1] [VAE] [baseline] prediction_binary_split=0.50 loss=binary_crossentropy, lr=0.001, dropout=0.1
[LN658    ] [chunk_12_evaluation_evaluator.py] [info] [VAE] label_threshold=20.0 train_below_prediction_binary_split=118,621 train_above_prediction_binary_split=689 train_positive_found=true val_below_prediction_binary_split=52,918 val_above_prediction_binary_split=336 val_positive_found=true
[LN659    ] [chunk_12_evaluation_evaluator.py] [info] [reject] threshold=20.0 action=skipped reason=insufficient_positive_predictions positive_predictions=0 minimum_positive_required=5
[LN660    ] [chunk_12_evaluation_evaluator.py] [info] [VAE] label_threshold=10.0 train_below_prediction_binary_split=116,756 train_above_prediction_binary_split=2,554 train_positive_found=true val_below_prediction_binary_split=52,057 val_above_prediction_binary_split=1,197 val_positive_found=true
[LN661    ] [chunk_12_evaluation_evaluator.py] [info] [reject] threshold=10.0 action=skipped reason=insufficient_positive_predictions positive_predictions=0 minimum_positive_required=5
[LN662    ] [chunk_12_evaluation_evaluator.py] [info] [VAE] label_threshold=0.0 train_below_prediction_binary_split=59,589 train_above_prediction_binary_split=59,721 train_positive_found=true val_below_prediction_binary_split=24,480 val_above_prediction_binary_split=28,774 val_positive_found=true
[LN663    ] [chunk_12_evaluation_evaluator.py] [info] [VAE] [diagnostic] LABEL_THRESHOLD=0.0 train_precision=0.5027 train_true_positives=27080 train_true_negatives=32804 train_false_positives=26785 train_false_negatives=32641 train_max_prediction=0.5880 train_mean_prediction=0.4979 train_recall=0.4534 train_f1=0.4768 train_auc=0.5013 train_specificity=0.5505 train_false_positive_rate=0.4495 train_f2=0.4625 train_mcc=0.0040 train_prauc=0.5017 train_balanced_accuracy=0.5020 train_brier=0.2503 train_kappa=0.0039 train_informedness=0.0039 train_markedness=0.0532 train_gini=0.0027 train_optimal_threshold=0.5025 train_standard_deviation_prediction=0.0177 train_percentage_above_threshold=45.15
[LN664    ] [chunk_12_evaluation_evaluator.py] [info] [VAE] [diagnostic] LABEL_THRESHOLD=0.0 VALIDATION_PRECISION=0.5449 VALIDATION_TRUE_POSITIVES=13044 VALIDATION_TRUE_NEGATIVES=13587 validation_false_positives=10893 validation_false_negatives=15730 validation_max_prediction=0.5856 validation_mean_prediction=0.4979 validation_recall=0.4533 validation_f1=0.4949 validation_auc=0.5037 validation_specificity=0.5550 validation_false_positive_rate=0.4450 validation_f2=0.4691 validation_mcc=0.0084 validation_prauc=0.5422 validation_balanced_accuracy=0.5042 validation_brier=0.2504 validation_kappa=0.0082 validation_informedness=0.0084 validation_markedness=0.1000 validation_gini=0.0074 validation_optimal_threshold=0.4995 validation_standard_deviation_prediction=0.0178 validation_percentage_above_threshold=44.95
[LN665    ] [chunk_18_phase_4_ensemble.py] [info] [section 1] [VAE] [label_threshold_optimal]  cumulative binary_split_predictions (1%) ≤ 0.4555, (5%) ≤ 0.4687, (10%) ≤ 0.4756, (25%) ≤ 0.4864, (50%) ≤ 0.4978, (75%) ≤ 0.5094, (90%) ≤ 0.5203, (95%) ≤ 0.5270, (99%) ≤ 0.5398, max=0.5833 binary_split_predictions distribution: 0% ≤ 0.01, 0% ≤ 0.02, 0% ≤ 0.05, 0% ≤ 0.1, 0% ≤ 0.2, 55% ≤ 0.5, 45% ≥ 0.50
[LN666    ] [chunk_18_phase_4_ensemble.py] [info] [section 1] [VAE] [label_threshold_optimal] LABEL_THRESHOLD=0.0
[LN667    ] [chunk_18_phase_4_ensemble.py] [info] [section 1] [VAE] [label_threshold_optimal] train_precision=0.5027 train_true_positives=27080 train_true_negatives=32804 train_false_positives=26785 train_false_negatives=32641 train_max_prediction=0.5880 train_mean_prediction=0.4979 train_recall=0.4534 train_f1=0.4768 train_auc=0.5013 train_specificity=0.5505 train_false_positive_rate=0.4495 train_f2=0.4625 train_mcc=0.0040 train_prauc=0.5017 train_balanced_accuracy=0.5020 train_brier=0.2503 train_kappa=0.0039 train_informedness=0.0039 train_markedness=0.0532 train_gini=0.0027 train_optimal_threshold=0.5025 train_standard_deviation_prediction=0.0177 train_percentage_above_threshold=45.15
[LN668    ] [chunk_18_phase_4_ensemble.py] [info] [section 1] [VAE] [label_threshold_optimal] VALIDATION_PRECISION=0.5449 VALIDATION_TRUE_POSITIVES=13044 VALIDATION_TRUE_NEGATIVES=13587 validation_false_positives=10893 validation_false_negatives=15730 validation_max_prediction=0.5856 validation_mean_prediction=0.4979 validation_recall=0.4533 validation_f1=0.4949 validation_auc=0.5037 validation_specificity=0.5550 validation_false_positive_rate=0.4450 validation_f2=0.4691 validation_mcc=0.0084 validation_prauc=0.5422 validation_balanced_accuracy=0.5042 validation_brier=0.2504 validation_kappa=0.0082 validation_informedness=0.0084 validation_markedness=0.1000 validation_gini=0.0074 validation_optimal_threshold=0.4995 validation_standard_deviation_prediction=0.0178 validation_percentage_above_threshold=44.95
[LN669    ] [chunk_18_phase_4_ensemble.py] [info] [section 1] [VAE] [label_threshold_optimal] prediction_binary_split=0.50
[LN670    ] [chunk_21_hyperparam_optimizer.py] [info] [section 2] [VAE] [hyperparameter_optimization search] Running Bayesian optimization (5 trials)...
[LN671    ] [chunk_21_hyperparam_optimizer.py] [info] [section 2] [VAE] [hyperparameter_optimization search baseline] LABEL_THRESHOLD=0.0
[LN672    ] [chunk_21_hyperparam_optimizer.py] [info] [section 2] [VAE] [hyperparameter_optimization search baseline] VALIDATION_PRECISION=0.5400 VALIDATION_TRUE_POSITIVES=28184 VALIDATION_TRUE_NEGATIVES=471 validation_false_positives=24009 validation_false_negatives=590 validation_max_prediction=0.5597 validation_mean_prediction=0.5016 validation_recall=0.9795 validation_f1=0.6962 validation_auc=0.4996 validation_specificity=0.0192 validation_false_positive_rate=0.9808 validation_f2=0.8424 validation_mcc=-0.0045 validation_prauc=0.5399 validation_balanced_accuracy=0.4994 validation_brier=0.2499 validation_kappa=-0.0014 validation_informedness=-0.0013 validation_markedness=-0.4408 validation_gini=0.0000 validation_optimal_threshold=0.4905 validation_standard_deviation_prediction=0.0032 validation_percentage_above_threshold=98.01
[LN673    ] [chunk_21_hyperparam_optimizer.py] [info] [section 2] [VAE] [hyperparameter_optimization search baseline] TRIAL 1/5: loss_function=focal_loss, latent_dim=64, learning_rate=0.002, dropout=0.1, epochs=30, alpha=0.75, gamma=2.0, encoder_layers=1, decoder_layers=2
[LN674    ] [chunk_21_hyperparam_optimizer.py] [info] [section 2] [VAE] [hyperparameter_optimization search baseline] LABEL_THRESHOLD=0.0
[LN675    ] [chunk_21_hyperparam_optimizer.py] [info] [section 2] [VAE] [hyperparameter_optimization search baseline] VALIDATION_PRECISION=0.5403 VALIDATION_TRUE_POSITIVES=28774 VALIDATION_TRUE_NEGATIVES=0 validation_false_positives=24480 validation_false_negatives=0 validation_max_prediction=0.5147 validation_mean_prediction=0.5107 validation_recall=1.0000 validation_f1=0.7016 validation_auc=0.5000 validation_specificity=0.0000 validation_false_positive_rate=1.0000 validation_f2=0.8546 validation_mcc=0.0000 validation_prauc=0.5404 validation_balanced_accuracy=0.5000 validation_brier=0.2492 validation_kappa=0.0000 validation_informedness=0.0000 validation_markedness=-0.4597 validation_gini=0.0001 validation_optimal_threshold=0.5134 validation_standard_deviation_prediction=0.0000 validation_percentage_above_threshold=100.00
[LN676    ] [chunk_21_hyperparam_optimizer.py] [info] [section 2] [VAE] [hyperparameter_optimization search baseline] TRIAL 2/5: loss_function=focal_loss, latent_dim=256, learning_rate=0.005, dropout=0.0, epochs=80, alpha=1.0, gamma=2.0, encoder_layers=2, decoder_layers=3
[LN677    ] [chunk_21_hyperparam_optimizer.py] [info] [section 2] [VAE] [hyperparameter_optimization search baseline] LABEL_THRESHOLD=0.0
[LN678    ] [chunk_21_hyperparam_optimizer.py] [info] [section 2] [VAE] [hyperparameter_optimization search baseline] VALIDATION_PRECISION=0.5471 VALIDATION_TRUE_POSITIVES=8198 VALIDATION_TRUE_NEGATIVES=17694 validation_false_positives=6786 validation_false_negatives=20576 validation_max_prediction=0.5377 validation_mean_prediction=0.4945 validation_recall=0.2849 validation_f1=0.3747 validation_auc=0.5031 validation_specificity=0.7228 validation_false_positive_rate=0.2772 validation_f2=0.3151 validation_mcc=0.0085 validation_prauc=0.5426 validation_balanced_accuracy=0.5039 validation_brier=0.2505 validation_kappa=0.0074 validation_informedness=0.0077 validation_markedness=0.2699 validation_gini=0.0061 validation_optimal_threshold=0.5001 validation_standard_deviation_prediction=0.0098 validation_percentage_above_threshold=28.14
[LN679    ] [chunk_21_hyperparam_optimizer.py] [info] [section 2] [VAE] [hyperparameter_optimization search baseline] TRIAL 3/5: loss_function=binary_crossentropy, latent_dim=256, learning_rate=0.0005, dropout=0.0, epochs=80, alpha=0.25, gamma=2.0, encoder_layers=3, decoder_layers=1
[LN680    ] [chunk_21_hyperparam_optimizer.py] [info] [section 2] [VAE] [hyperparameter_optimization search baseline] LABEL_THRESHOLD=0.0
[LN681    ] [chunk_21_hyperparam_optimizer.py] [info] [section 2] [VAE] [hyperparameter_optimization search baseline] VALIDATION_PRECISION=0.5401 VALIDATION_TRUE_POSITIVES=28527 VALIDATION_TRUE_NEGATIVES=189 validation_false_positives=24291 validation_false_negatives=247 validation_max_prediction=0.5239 validation_mean_prediction=0.5022 validation_recall=0.9914 validation_f1=0.6993 validation_auc=0.4999 validation_specificity=0.0077 validation_false_positive_rate=0.9923 validation_f2=0.8495 validation_mcc=-0.0048 validation_prauc=0.5405 validation_balanced_accuracy=0.4996 validation_brier=0.2498 validation_kappa=-0.0009 validation_informedness=-0.0009 validation_markedness=-0.4522 validation_gini=0.0000 validation_optimal_threshold=0.5030 validation_standard_deviation_prediction=0.0007 validation_percentage_above_threshold=99.18
[LN682    ] [chunk_21_hyperparam_optimizer.py] [info] [section 2] [VAE] [hyperparameter_optimization search baseline] TRIAL 4/5: loss_function=focal_loss, latent_dim=32, learning_rate=0.005, dropout=0.05, epochs=50, alpha=0.25, gamma=2.5, encoder_layers=3, decoder_layers=3
[LN683    ] [chunk_21_hyperparam_optimizer.py] [info] [section 2] [VAE] [hyperparameter_optimization search baseline] LABEL_THRESHOLD=0.0
[LN684    ] [chunk_21_hyperparam_optimizer.py] [info] [section 2] [VAE] [hyperparameter_optimization search baseline] VALIDATION_PRECISION=0.5401 VALIDATION_TRUE_POSITIVES=28064 VALIDATION_TRUE_NEGATIVES=586 validation_false_positives=23894 validation_false_negatives=710 validation_max_prediction=0.5556 validation_mean_prediction=0.5080 validation_recall=0.9753 validation_f1=0.6952 validation_auc=0.5017 validation_specificity=0.0239 validation_false_positive_rate=0.9761 validation_f2=0.8400 validation_mcc=-0.0024 validation_prauc=0.5417 validation_balanced_accuracy=0.4996 validation_brier=0.2494 validation_kappa=-0.0008 validation_informedness=-0.0007 validation_markedness=-0.4359 validation_gini=0.0034 validation_optimal_threshold=0.5099 validation_standard_deviation_prediction=0.0047 validation_percentage_above_threshold=97.57
[LN685    ] [chunk_21_hyperparam_optimizer.py] [info] [section 2] [VAE] [hyperparameter_optimization search baseline] TRIAL 5/5: loss_function=binary_crossentropy, latent_dim=32, learning_rate=0.001, dropout=0.05, epochs=30, alpha=0.75, gamma=2.5, encoder_layers=3, decoder_layers=3
[LN686    ] [chunk_21_hyperparam_optimizer.py] [info] [section 2] [VAE] [best trial] LABEL_THRESHOLD=0.0
[LN687    ] [chunk_21_hyperparam_optimizer.py] [info] [section 2] [VAE] [best trial] VALIDATION_PRECISION=0.5471 VALIDATION_TRUE_POSITIVES=8198 VALIDATION_TRUE_NEGATIVES=17694 validation_false_positives=6786 validation_false_negatives=20576 validation_max_prediction=0.5377 validation_mean_prediction=0.4945 validation_recall=0.2849 validation_f1=0.3747 validation_auc=0.5031 validation_specificity=0.7228 validation_false_positive_rate=0.2772 validation_f2=0.3151 validation_mcc=0.0085 validation_prauc=0.5426 validation_balanced_accuracy=0.5039 validation_brier=0.2505 validation_kappa=0.0074 validation_informedness=0.0077 validation_markedness=0.2699 validation_gini=0.0061 validation_optimal_threshold=0.5001 validation_standard_deviation_prediction=0.0098 validation_percentage_above_threshold=28.14
[LN688    ] [chunk_21_hyperparam_optimizer.py] [info] [section 2] [VAE] [best trial] loss_function=binary_crossentropy, latent_dim=256, learning_rate=0.0005, dropout=0.0, epochs=80, alpha=0.25, gamma=2.0, encoder_layers=3, decoder_layers=1
[LN689    ] [chunk_18_phase_4_ensemble.py] [info]    [diagnostic-hyperparameter_optimization]  cumulative binary_split_predictions (1%) ≤ 0.4704, (5%) ≤ 0.4782, (10%) ≤ 0.4821, (25%) ≤ 0.4883, (50%) ≤ 0.4948, (75%) ≤ 0.5010, (90%) ≤ 0.5068, (95%) ≤ 0.5105, (99%) ≤ 0.5182, max=0.5429 binary_split_predictions distribution: 0% ≤ 0.01, 0% ≤ 0.02, 0% ≤ 0.05, 0% ≤ 0.1, 0% ≤ 0.2, 71% ≤ 0.5, 29% ≥ 0.50
[LN690    ] [chunk_18_phase_4_ensemble.py] [info]    hyperparameter_optimization did NOT improve: 0.5435 <= 0.5449 - using pre hyperparameter_optimization model
[LN691    ] [chunk_18_phase_4_ensemble.py] [info] [section 3] [VAE] [PRE-HYPERPARAMETER_OPTIMIZATION] LABEL_THRESHOLD=0.0,
[LN692    ] [chunk_18_phase_4_ensemble.py] [info] [section 3] [VAE] [PRE-HYPERPARAMETER_OPTIMIZATION] VALIDATION_PRECISION=0.5449 VALIDATION_TRUE_POSITIVES=13044 VALIDATION_TRUE_NEGATIVES=13587 validation_false_positives=10893 validation_false_negatives=15730 validation_max_prediction=0.5833 validation_mean_prediction=0.4979 validation_recall=0.4533 validation_f1=0.4949 validation_auc=0.5037 validation_specificity=0.5550 validation_false_positive_rate=0.4450 validation_f2=0.4691 validation_mcc=0.0084 validation_prauc=0.5422 validation_balanced_accuracy=0.5042 validation_brier=0.2504 validation_kappa=0.0082 validation_informedness=0.0084 validation_markedness=0.1000 validation_gini=0.0074 validation_optimal_threshold=0.4995 validation_standard_deviation_prediction=0.0177 validation_percentage_above_threshold=44.99
[LN693    ] [chunk_18_phase_4_ensemble.py] [info] [section 3] [VAE] [PRE-HYPERPARAMETER_OPTIMIZATION] prediction_binary_split=0.50 hyperparams=(loss=binary_crossentropy lr=0.0005 dropout=0.0 alpha=0.25 gamma=2.0 latent_dim=256) improved=False {'loss_function': 'binary_crossentropy', 'latent_dim': 256, 'learning_rate': 0.0005, 'dropout': 0.0, 'epochs': 80, 'alpha': 0.25, 'gamma': 2.0, 'encoder_layers': 3, 'decoder_layers': 1}
[LN694    ] [chunk_18_phase_4_ensemble.py] [info]    Running post hyperparameter_optimization threshold search for VAE...
[LN695    ] [chunk_12_evaluation_evaluator.py] [info] [VAE] label_threshold=20.0 train_below_prediction_binary_split=118,621 train_above_prediction_binary_split=689 train_positive_found=true val_below_prediction_binary_split=52,918 val_above_prediction_binary_split=336 val_positive_found=true
[LN696    ] [chunk_12_evaluation_evaluator.py] [info] [VAE] [reject] skipping LABEL_THRESHOLD=20.0: validation_precision=0.0060 <= baseline+0.0200=0.0263
[LN697    ] [chunk_12_evaluation_evaluator.py] [info] [VAE] label_threshold=10.0 train_below_prediction_binary_split=116,756 train_above_prediction_binary_split=2,554 train_positive_found=true val_below_prediction_binary_split=52,057 val_above_prediction_binary_split=1,197 val_positive_found=true
[LN698    ] [chunk_12_evaluation_evaluator.py] [info] [VAE] [reject] skipping LABEL_THRESHOLD=10.0: validation_precision=0.0226 <= baseline+0.0200=0.0425
[LN699    ] [chunk_12_evaluation_evaluator.py] [info] [VAE] label_threshold=0.0 train_below_prediction_binary_split=59,589 train_above_prediction_binary_split=59,721 train_positive_found=true val_below_prediction_binary_split=24,480 val_above_prediction_binary_split=28,774 val_positive_found=true
[LN700    ] [chunk_12_evaluation_evaluator.py] [info] [VAE] [diagnostic] LABEL_THRESHOLD=0.0 train_precision=0.5016 train_true_positives=26980 train_true_negatives=32784 train_false_positives=26805 train_false_negatives=32741 train_max_prediction=0.5871 train_mean_prediction=0.4979 train_recall=0.4518 train_f1=0.4754 train_auc=0.4993 train_specificity=0.5502 train_false_positive_rate=0.4498 train_f2=0.4609 train_mcc=0.0019 train_prauc=0.4996 train_balanced_accuracy=0.5010 train_brier=0.2504 train_kappa=0.0019 train_informedness=0.0019 train_markedness=0.0518 train_gini=0.0000 train_optimal_threshold=0.4968 train_standard_deviation_prediction=0.0177 train_percentage_above_threshold=45.08
[LN701    ] [chunk_12_evaluation_evaluator.py] [info] [VAE] [diagnostic] LABEL_THRESHOLD=0.0 VALIDATION_PRECISION=0.5400 VALIDATION_TRUE_POSITIVES=13052 VALIDATION_TRUE_NEGATIVES=13361 validation_false_positives=11119 validation_false_negatives=15722 validation_max_prediction=0.5820 validation_mean_prediction=0.4980 validation_recall=0.4536 validation_f1=0.4930 validation_auc=0.5014 validation_specificity=0.5458 validation_false_positive_rate=0.4542 validation_f2=0.4686 validation_mcc=-0.0006 validation_prauc=0.5423 validation_balanced_accuracy=0.4997 validation_brier=0.2504 validation_kappa=-0.0006 validation_informedness=-0.0006 validation_markedness=0.0858 validation_gini=0.0028 validation_optimal_threshold=0.5109 validation_standard_deviation_prediction=0.0177 validation_percentage_above_threshold=45.39
[LN702    ] [chunk_18_phase_4_ensemble.py] [info]    hyperparameter_optimization model threshold search: LABEL_THRESHOLD=0.0, VALIDATION_PRECISION=0.5435
[LN703    ] [chunk_18_phase_4_ensemble.py] [info]    post hyperparameter_optimization threshold search: LABEL_THRESHOLD=0.0, VALIDATION_PRECISION=0.5400
[LN704    ] [chunk_18_phase_4_ensemble.py] [info]    post hyperparameter_optimization no improvement: keeping LABEL_THRESHOLD=0.0
[LN705    ] [chunk_18_phase_4_ensemble.py] [info] [section 4] [VAE] [post hyperparameter_optimization] [diagnostic]  cumulative binary_split_predictions (1%) ≤ 0.4561, (5%) ≤ 0.4690, (10%) ≤ 0.4757, (25%) ≤ 0.4863, (50%) ≤ 0.4978, (75%) ≤ 0.5094, (90%) ≤ 0.5201, (95%) ≤ 0.5267, (99%) ≤ 0.5399, max=0.5816 binary_split_predictions distribution: 0% ≤ 0.01, 0% ≤ 0.02, 0% ≤ 0.05, 0% ≤ 0.1, 0% ≤ 0.2, 55% ≤ 0.5, 45% ≥ 0.50
[LN706    ] [chunk_18_phase_4_ensemble.py] [info] [section 4] [VAE] [post hyperparameter_optimization] LABEL_THRESHOLD=0.0,
[LN707    ] [chunk_18_phase_4_ensemble.py] [info] [section 4] [VAE] [post hyperparameter_optimization] VALIDATION_PRECISION=0.5449 VALIDATION_TRUE_POSITIVES=13044 VALIDATION_TRUE_NEGATIVES=13587 validation_false_positives=10893 validation_false_negatives=15730 validation_max_prediction=0.5833 validation_mean_prediction=0.4979 validation_recall=0.4533 validation_f1=0.4949 validation_auc=0.5037 validation_specificity=0.5516 validation_false_positive_rate=0.4484 validation_f2=0.4668 validation_mcc=0.0028 validation_prauc=0.5425 validation_balanced_accuracy=0.5014 validation_brier=0.2504 validation_kappa=0.0028 validation_informedness=0.0028 validation_markedness=0.0935 validation_gini=0.0043 validation_optimal_threshold=0.5038 validation_standard_deviation_prediction=0.0177 validation_percentage_above_threshold=44.99
[LN708    ] [chunk_18_phase_4_ensemble.py] [info] [section 4] [VAE] [post hyperparameter_optimization] prediction_binary_split=0.50 hyperparams=(loss=binary_crossentropy lr=0.0005 dropout=0.0 alpha=0.25 gamma=2.0 latent_dim=256) source=section3
[LN709    ] [chunk_18_phase_4_ensemble.py] [info]    Using threshold-optimized model (HPO did not improve)
[LN710    ] [chunk_18_phase_4_ensemble.py] [info]    Train predictions: mean=0.4979, std=0.0178, min=0.4125, max=0.6039
[LN711    ] [chunk_18_phase_4_ensemble.py] [info]    validation predictions:   mean=0.4979, std=0.0177, min=0.4127, max=0.5828
[LN712    ] [chunk_18_phase_4_ensemble.py] [info] [section 5] [VAE] [final] [diagnostic] Train  cumulative binary_split_predictions (1%) ≤ 0.4551, (5%) ≤ 0.4687, (10%) ≤ 0.4755, (25%) ≤ 0.4863, (50%) ≤ 0.4979, (75%) ≤ 0.5094, (90%) ≤ 0.5203, (95%) ≤ 0.5271, (99%) ≤ 0.5403, max=0.6039 binary_split_predictions distribution: 0% ≤ 0.01, 0% ≤ 0.02, 0% ≤ 0.05, 0% ≤ 0.1, 0% ≤ 0.2, 55% ≤ 0.5, 45% ≥ 0.50
[LN713    ] [chunk_18_phase_4_ensemble.py] [info] [section 5] [VAE] [final] [diagnostic] validation    cumulative binary_split_predictions (1%) ≤ 0.4557, (5%) ≤ 0.4688, (10%) ≤ 0.4755, (25%) ≤ 0.4865, (50%) ≤ 0.4979, (75%) ≤ 0.5095, (90%) ≤ 0.5201, (95%) ≤ 0.5268, (99%) ≤ 0.5401, max=0.5828 binary_split_predictions distribution: 0% ≤ 0.01, 0% ≤ 0.02, 0% ≤ 0.05, 0% ≤ 0.1, 0% ≤ 0.2, 55% ≤ 0.5, 45% ≥ 0.50
[LN714    ] [chunk_18_phase_4_ensemble.py] [info]    Train predictions: 45.16% positive predictions (53,882 / 119,310)
[LN715    ] [chunk_18_phase_4_ensemble.py] [info]    validation predictions:   45.18% positive predictions (24,059 / 53,254)
[LN716    ] [chunk_18_phase_4_ensemble.py] [info]    [info] Section 4 all rejected - using Section 3 results for Section 5
[LN717    ] [chunk_18_phase_4_ensemble.py] [info]    [diagnostic] prediction_buckets: 0-10:0, 10-20:0, 20-30:0, 30-40:29230, 40-50:24024, 50-60:0, 60-70:0, 70-80:0, 80-90:0, 90-100:0
[LN718    ] [chunk_18_phase_4_ensemble.py] [info] [section 5] [VAE] [final] LABEL_THRESHOLD=0.0,
[LN719    ] [chunk_18_phase_4_ensemble.py] [info] [section 5] [VAE] [final] train_precision=0.5003 train_true_positives=26840 train_true_negatives=32782 train_false_positives=26807 train_false_negatives=32881 train_max_prediction=0.5899 train_mean_prediction=0.4978 train_recall=0.4494 train_f1=0.4735 train_auc=0.4994 train_specificity=0.5501 train_false_positive_rate=0.4499 train_f2=0.4588 train_mcc=-0.0004 train_prauc=0.5000 train_balanced_accuracy=0.4998 train_standard_deviation_prediction=0.0176 train_percentage_above_threshold=44.96 train_brier=0.2503 train_kappa=-0.0004 train_informedness=-0.0004 train_markedness=0.0504 train_gini=0.0000 train_optimal_threshold=0.4727
[LN720    ] [chunk_18_phase_4_ensemble.py] [info] [section 5] [VAE] [final] VALIDATION_PRECISION=0.5449 VALIDATION_TRUE_POSITIVES=13044 VALIDATION_TRUE_NEGATIVES=13587 validation_false_positives=10893 validation_false_negatives=15730 validation_max_prediction=0.5902 validation_mean_prediction=0.4979 validation_recall=0.4533 validation_f1=0.4949 validation_auc=0.5037 validation_specificity=0.5471 validation_false_positive_rate=0.4529 validation_f2=0.4650 validation_mcc=-0.0032 validation_prauc=0.5407 validation_balanced_accuracy=0.4984 validation_brier=0.2505 validation_kappa=-0.0032 validation_informedness=-0.0032 validation_markedness=0.0857 validation_gini=0.0000 validation_optimal_threshold=0.5191 validation_standard_deviation_prediction=0.0177 validation_percentage_above_threshold=45.11
[LN721    ] [chunk_18_phase_4_ensemble.py] [info] [section 5] [VAE] [final] prediction_binary_split=0.50 hyperparams=(loss=binary_crossentropy lr=0.0005 dropout=0.0 alpha=0.25 gamma=2.0 latent_dim=256) (using HPO model directly)
[LN722    ] [chunk_18_phase_4_ensemble.py] [info]    VAE loss=binary_crossentropy pred_threshold=0.5 epochs=3
[LN723    ] [chunk_18_phase_4_ensemble.py] [info]    [VAE] hyperparameter_optimization: latent_dim=256, learning_rate=0.0005, dropout=0.0, alpha=0.25, gamma=2.0
[LN724    ] [chunk_18_phase_4_ensemble.py] [info]    VAE training time: 598.2s
[LN725    ] [chunk_18_phase_4_ensemble.py] [info] [pass] VAE trained successfully
[LN726    ] [chunk_18_phase_4_ensemble.py] [info] [section 1] [TRANSFORMER] [baseline] LABEL_THRESHOLD=20.0,
[LN727    ] [chunk_18_phase_4_ensemble.py] [info] [section 1] [TRANSFORMER] [baseline] predictions: mean=0.2280, std=0.0347, min=0.1777, max=0.9557
[LN728    ] [chunk_18_phase_4_ensemble.py] [info] [section 1] [TRANSFORMER] [baseline]  cumulative binary_split_predictions (1%) ≤ 0.2207, (5%) ≤ 0.2207, (10%) ≤ 0.2207, (25%) ≤ 0.2208, (50%) ≤ 0.2210, (75%) ≤ 0.2221, (90%) ≤ 0.2310, (95%) ≤ 0.2541, (99%) ≤ 0.3514, max=0.9557 binary_split_predictions distribution: 0% ≤ 0.01, 0% ≤ 0.02, 0% ≤ 0.05, 0% ≤ 0.1, 0% ≤ 0.2, 100% ≤ 0.5, 0% ≥ 0.50
[LN729    ] [chunk_18_phase_4_ensemble.py] [info] [section 1] [TRANSFORMER] [baseline] prediction_binary_split=0.50, VALIDATION predictions at LABEL_THRESHOLD=20.0: 0.30%
[LN730    ] [chunk_18_phase_4_ensemble.py] [info] [section 1] [TRANSFORMER] [baseline] LABEL_THRESHOLD=20.0,
[LN731    ] [chunk_18_phase_4_ensemble.py] [info] [section 1] [TRANSFORMER] [baseline] VALIDATION_PRECISION=0.0617 VALIDATION_TRUE_POSITIVES=10 VALIDATION_TRUE_NEGATIVES=52766 validation_false_positives=152 validation_false_negatives=326 validation_max_prediction=0.9557 validation_mean_prediction=0.2280 validation_recall=0.0298 validation_f1=0.0402 validation_auc=0.8349 validation_specificity=0.9971 validation_false_positive_rate=0.0029 validation_f2=0.0332 validation_mcc=0.0387 validation_prauc=0.0303 validation_balanced_accuracy=0.5134 validation_brier=0.0562 validation_kappa=0.0362 validation_informedness=0.0269 validation_markedness=0.0589 validation_gini=0.6699 validation_optimal_threshold=0.2222 validation_standard_deviation_prediction=0.0347 validation_percentage_above_threshold=0.30
[LN732    ] [chunk_18_phase_4_ensemble.py] [info] [section 1] [TRANSFORMER] [baseline] prediction_binary_split=0.50 loss=binary_crossentropy, lr=0.001
[LN733    ] [chunk_12_evaluation_evaluator.py] [info] [TRANSFORMER] label_threshold=20.0 train_below_prediction_binary_split=118,621 train_above_prediction_binary_split=689 train_positive_found=true val_below_prediction_binary_split=52,918 val_above_prediction_binary_split=336 val_positive_found=true
[LN734    ] [chunk_12_evaluation_evaluator.py] [info] [reject] threshold=20.0 action=skipped reason=insufficient_positive_predictions positive_predictions=0 minimum_positive_required=5
[LN735    ] [chunk_12_evaluation_evaluator.py] [info] [TRANSFORMER] label_threshold=10.0 train_below_prediction_binary_split=116,756 train_above_prediction_binary_split=2,554 train_positive_found=true val_below_prediction_binary_split=52,057 val_above_prediction_binary_split=1,197 val_positive_found=true
[LN736    ] [chunk_12_evaluation_evaluator.py] [info] [reject] threshold=10.0 action=skipped reason=insufficient_positive_predictions positive_predictions=0 minimum_positive_required=5
[LN737    ] [chunk_12_evaluation_evaluator.py] [info] [TRANSFORMER] label_threshold=0.0 train_below_prediction_binary_split=59,589 train_above_prediction_binary_split=59,721 train_positive_found=true val_below_prediction_binary_split=24,480 val_above_prediction_binary_split=28,774 val_positive_found=true
[LN738    ] [chunk_12_evaluation_evaluator.py] [info] [TRANSFORMER] [reject] skipping LABEL_THRESHOLD=0.0: validation_precision=0.5192 <= baseline+0.0200=0.5200
[LN739    ] [chunk_18_phase_4_ensemble.py] [warning] [section 1] [TRANSFORMER] [label_threshold_optimal] [warning] All label thresholds rejected — using baseline metrics at 20.0
[LN740    ] [chunk_18_phase_4_ensemble.py] [info] [section 1] [TRANSFORMER] [label_threshold_optimal] LABEL_THRESHOLD=20.0
[LN741    ] [chunk_18_phase_4_ensemble.py] [info] [section 1] [TRANSFORMER] [label_threshold_optimal] train_precision=0.0617 train_true_positives=10 train_true_negatives=52766 train_false_positives=152 train_false_negatives=326 train_max_prediction=0.9557 train_mean_prediction=0.2280 train_recall=0.0298 train_f1=0.0402 train_auc=0.8349 train_specificity=0.9971 train_false_positive_rate=0.0029 train_f2=0.0332 train_mcc=0.0387 train_prauc=0.0303 train_balanced_accuracy=0.5134 train_brier=0.0562 train_kappa=0.0362 train_informedness=0.0269 train_markedness=0.0589 train_gini=0.6699 train_optimal_threshold=0.2222 train_standard_deviation_prediction=0.0347 train_percentage_above_threshold=0.30
[LN742    ] [chunk_18_phase_4_ensemble.py] [info] [section 1] [TRANSFORMER] [label_threshold_optimal] VALIDATION_PRECISION=0.0617 VALIDATION_TRUE_POSITIVES=10 VALIDATION_TRUE_NEGATIVES=52766 validation_false_positives=152 validation_false_negatives=326 validation_max_prediction=0.9557 validation_mean_prediction=0.2280 validation_recall=0.0298 validation_f1=0.0402 validation_auc=0.8349 validation_specificity=0.9971 validation_false_positive_rate=0.0029 validation_f2=0.0332 validation_mcc=0.0387 validation_prauc=0.0303 validation_balanced_accuracy=0.5134 validation_brier=0.0562 validation_kappa=0.0362 validation_informedness=0.0269 validation_markedness=0.0589 validation_gini=0.6699 validation_optimal_threshold=0.2222 validation_standard_deviation_prediction=0.0347 validation_percentage_above_threshold=0.30
[LN743    ] [chunk_18_phase_4_ensemble.py] [info] [section 1] [TRANSFORMER] [label_threshold_optimal] prediction_binary_split=0.50
[LN744    ] [chunk_21_hyperparam_optimizer.py] [info] [section 2] [TRANSFORMER] [hyperparameter_optimization search] Running Bayesian optimization (5 trials)...
[LN745    ] [chunk_21_hyperparam_optimizer.py] [info] [section 2] [TRANSFORMER] [hyperparameter_optimization search baseline] LABEL_THRESHOLD=20.0
[LN746    ] [chunk_21_hyperparam_optimizer.py] [info] [section 2] [TRANSFORMER] [hyperparameter_optimization search baseline] VALIDATION_PRECISION=0.0202 VALIDATION_TRUE_POSITIVES=290 VALIDATION_TRUE_NEGATIVES=38887 validation_false_positives=14031 validation_false_negatives=46 validation_max_prediction=0.9287 validation_mean_prediction=0.2484 validation_recall=0.8631 validation_f1=0.0396 validation_auc=0.8723 validation_specificity=0.7349 validation_false_positive_rate=0.2651 validation_f2=0.0926 validation_mcc=0.1068 validation_prauc=0.0497 validation_balanced_accuracy=0.7990 validation_brier=0.1725 validation_kappa=0.0276 validation_informedness=0.5979 validation_markedness=-0.2449 validation_gini=0.7446 validation_optimal_threshold=0.3126 validation_standard_deviation_prediction=0.3372 validation_percentage_above_threshold=26.89
[LN747    ] [chunk_21_hyperparam_optimizer.py] [info] [section 2] [TRANSFORMER] [hyperparameter_optimization search baseline] TRIAL 1/5: loss_function=binary_crossentropy, dim=256, heads=2, dropout=0.1, learning_rate=0.0002, epochs=50, alpha=0.75, gamma=2.0, ff_dim=128, layers=1
[LN748    ] [chunk_21_hyperparam_optimizer.py] [info] [section 2] [TRANSFORMER] [hyperparameter_optimization search baseline] LABEL_THRESHOLD=20.0
[LN749    ] [chunk_21_hyperparam_optimizer.py] [info] [section 2] [TRANSFORMER] [hyperparameter_optimization search baseline] VALIDATION_PRECISION=0.0212 VALIDATION_TRUE_POSITIVES=283 VALIDATION_TRUE_NEGATIVES=39842 validation_false_positives=13076 validation_false_negatives=53 validation_max_prediction=0.9008 validation_mean_prediction=0.2415 validation_recall=0.8423 validation_f1=0.0413 validation_auc=0.8572 validation_specificity=0.7529 validation_false_positive_rate=0.2471 validation_f2=0.0962 validation_mcc=0.1087 validation_prauc=0.0312 validation_balanced_accuracy=0.7976 validation_brier=0.1462 validation_kappa=0.0294 validation_informedness=0.5952 validation_markedness=-0.2259 validation_gini=0.7144 validation_optimal_threshold=0.4289 validation_standard_deviation_prediction=0.3003 validation_percentage_above_threshold=25.09
[LN750    ] [chunk_21_hyperparam_optimizer.py] [info] [section 2] [TRANSFORMER] [hyperparameter_optimization search baseline] TRIAL 2/5: loss_function=binary_crossentropy, dim=256, heads=4, dropout=0.2, learning_rate=0.0002, epochs=20, alpha=0.5, gamma=3.0, ff_dim=256, layers=2
[LN751    ] [chunk_21_hyperparam_optimizer.py] [info] [section 2] [TRANSFORMER] [hyperparameter_optimization search baseline] LABEL_THRESHOLD=20.0
[LN752    ] [chunk_21_hyperparam_optimizer.py] [info] [section 2] [TRANSFORMER] [hyperparameter_optimization search baseline] VALIDATION_PRECISION=0.0210 VALIDATION_TRUE_POSITIVES=274 VALIDATION_TRUE_NEGATIVES=40162 validation_false_positives=12756 validation_false_negatives=62 validation_max_prediction=0.8891 validation_mean_prediction=0.2338 validation_recall=0.8155 validation_f1=0.0410 validation_auc=0.8558 validation_specificity=0.7589 validation_false_positive_rate=0.2411 validation_f2=0.0953 validation_mcc=0.1058 validation_prauc=0.0367 validation_balanced_accuracy=0.7872 validation_brier=0.1421 validation_kappa=0.0291 validation_informedness=0.5744 validation_markedness=-0.2200 validation_gini=0.7116 validation_optimal_threshold=0.2772 validation_standard_deviation_prediction=0.2991 validation_percentage_above_threshold=24.47
[LN753    ] [chunk_21_hyperparam_optimizer.py] [info] [section 2] [TRANSFORMER] [hyperparameter_optimization search baseline] TRIAL 3/5: loss_function=binary_crossentropy, dim=256, heads=2, dropout=0.05, learning_rate=0.0002, epochs=20, alpha=1.0, gamma=1.5, ff_dim=64, layers=4
[LN754    ] [chunk_21_hyperparam_optimizer.py] [info] [section 2] [TRANSFORMER] [hyperparameter_optimization search baseline] LABEL_THRESHOLD=20.0
[LN755    ] [chunk_21_hyperparam_optimizer.py] [info] [section 2] [TRANSFORMER] [hyperparameter_optimization search baseline] VALIDATION_PRECISION=0.0455 VALIDATION_TRUE_POSITIVES=129 VALIDATION_TRUE_NEGATIVES=50212 validation_false_positives=2706 validation_false_negatives=207 validation_max_prediction=0.9859 validation_mean_prediction=0.1333 validation_recall=0.3839 validation_f1=0.0814 validation_auc=0.8440 validation_specificity=0.9489 validation_false_positive_rate=0.0511 validation_f2=0.1543 validation_mcc=0.1174 validation_prauc=0.0391 validation_balanced_accuracy=0.6664 validation_brier=0.0408 validation_kappa=0.0709 validation_informedness=0.3328 validation_markedness=-0.0056 validation_gini=0.6881 validation_optimal_threshold=0.1791 validation_standard_deviation_prediction=0.1465 validation_percentage_above_threshold=5.32
[LN756    ] [chunk_21_hyperparam_optimizer.py] [info] [section 2] [TRANSFORMER] [hyperparameter_optimization search baseline] TRIAL 4/5: loss_function=binary_crossentropy, dim=256, heads=8, dropout=0.0, learning_rate=0.0002, epochs=50, alpha=1.0, gamma=1.5, ff_dim=64, layers=4
[LN757    ] [chunk_21_hyperparam_optimizer.py] [info] [section 2] [TRANSFORMER] [hyperparameter_optimization search baseline] LABEL_THRESHOLD=20.0
[LN758    ] [chunk_21_hyperparam_optimizer.py] [info] [section 2] [TRANSFORMER] [hyperparameter_optimization search baseline] VALIDATION_PRECISION=0.0225 VALIDATION_TRUE_POSITIVES=295 VALIDATION_TRUE_NEGATIVES=40111 validation_false_positives=12807 validation_false_negatives=41 validation_max_prediction=0.9736 validation_mean_prediction=0.2702 validation_recall=0.8780 validation_f1=0.0439 validation_auc=0.8895 validation_specificity=0.7580 validation_false_positive_rate=0.2420 validation_f2=0.1021 validation_mcc=0.1169 validation_prauc=0.0543 validation_balanced_accuracy=0.8180 validation_brier=0.1590 validation_kappa=0.0320 validation_informedness=0.6360 validation_markedness=-0.2195 validation_gini=0.7791 validation_optimal_threshold=0.5189 validation_standard_deviation_prediction=0.2989 validation_percentage_above_threshold=24.60
[LN759    ] [chunk_21_hyperparam_optimizer.py] [info] [section 2] [TRANSFORMER] [hyperparameter_optimization search baseline] TRIAL 5/5: loss_function=binary_crossentropy, dim=64, heads=4, dropout=0.1, learning_rate=0.0001, epochs=30, alpha=0.25, gamma=2.5, ff_dim=256, layers=2
[LN760    ] [chunk_21_hyperparam_optimizer.py] [info] [section 2] [TRANSFORMER] [best trial] LABEL_THRESHOLD=20.0
[LN761    ] [chunk_21_hyperparam_optimizer.py] [info] [section 2] [TRANSFORMER] [best trial] VALIDATION_PRECISION=0.0455 VALIDATION_TRUE_POSITIVES=129 VALIDATION_TRUE_NEGATIVES=50212 validation_false_positives=2706 validation_false_negatives=207 validation_max_prediction=0.9859 validation_mean_prediction=0.1333 validation_recall=0.3839 validation_f1=0.0814 validation_auc=0.8440 validation_specificity=0.9489 validation_false_positive_rate=0.0511 validation_f2=0.1543 validation_mcc=0.1174 validation_prauc=0.0391 validation_balanced_accuracy=0.6664 validation_brier=0.0408 validation_kappa=0.0709 validation_informedness=0.3328 validation_markedness=-0.0056 validation_gini=0.6881 validation_optimal_threshold=0.1791 validation_standard_deviation_prediction=0.1465 validation_percentage_above_threshold=5.32
[LN762    ] [chunk_21_hyperparam_optimizer.py] [info] [section 2] [TRANSFORMER] [best trial] loss_function=binary_crossentropy, dim=256, heads=8, dropout=0.0, learning_rate=0.0002, epochs=50, alpha=1.0, gamma=1.5, ff_dim=64, layers=4
[LN763    ] [chunk_18_phase_4_ensemble.py] [info]    [diagnostic-hyperparameter_optimization]  cumulative binary_split_predictions (1%) ≤ 0.0279, (5%) ≤ 0.0333, (10%) ≤ 0.0351, (25%) ≤ 0.0385, (50%) ≤ 0.0502, (75%) ≤ 0.2062, (90%) ≤ 0.3202, (95%) ≤ 0.5102, (99%) ≤ 0.5967, max=0.9859 binary_split_predictions distribution: 0% ≤ 0.01, 0% ≤ 0.02, 50% ≤ 0.05, 64% ≤ 0.1, 74% ≤ 0.2, 95% ≤ 0.5, 5% ≥ 0.50
[LN764    ] [chunk_18_phase_4_ensemble.py] [info]    hyperparameter_optimization did NOT improve: 0.0455 <= 0.0617 - using pre hyperparameter_optimization model
[LN765    ] [chunk_18_phase_4_ensemble.py] [info] [section 3] [TRANSFORMER] [PRE-HYPERPARAMETER_OPTIMIZATION] LABEL_THRESHOLD=20.0,
[LN766    ] [chunk_18_phase_4_ensemble.py] [info] [section 3] [TRANSFORMER] [PRE-HYPERPARAMETER_OPTIMIZATION] VALIDATION_PRECISION=0.0617 VALIDATION_TRUE_POSITIVES=10 VALIDATION_TRUE_NEGATIVES=52766 validation_false_positives=152 validation_false_negatives=326 validation_max_prediction=0.9557 validation_mean_prediction=0.2280 validation_recall=0.0298 validation_f1=0.0402 validation_auc=0.8349 validation_specificity=0.9971 validation_false_positive_rate=0.0029 validation_f2=0.0332 validation_mcc=0.0387 validation_prauc=0.0303 validation_balanced_accuracy=0.5134 validation_brier=0.0562 validation_kappa=0.0362 validation_informedness=0.0269 validation_markedness=0.0589 validation_gini=0.6699 validation_optimal_threshold=0.2222 validation_standard_deviation_prediction=0.0347 validation_percentage_above_threshold=0.30
[LN767    ] [chunk_18_phase_4_ensemble.py] [info] [section 3] [TRANSFORMER] [PRE-HYPERPARAMETER_OPTIMIZATION] prediction_binary_split=0.50 hyperparams=(loss=binary_crossentropy lr=0.0002 dropout=0.0 alpha=1.0 gamma=1.5 latent_dim=0) improved=False {'loss_function': 'binary_crossentropy', 'dim': 256, 'heads': 8, 'dropout': 0.0, 'learning_rate': 0.0002, 'epochs': 50, 'alpha': 1.0, 'gamma': 1.5, 'ff_dim': 64, 'layers': 4}
[LN768    ] [chunk_18_phase_4_ensemble.py] [info]    Running post hyperparameter_optimization threshold search for Transformer...
[LN769    ] [chunk_12_evaluation_evaluator.py] [info] [TRANSFORMER] label_threshold=20.0 train_below_prediction_binary_split=118,621 train_above_prediction_binary_split=689 train_positive_found=true val_below_prediction_binary_split=52,918 val_above_prediction_binary_split=336 val_positive_found=true
[LN770    ] [chunk_12_evaluation_evaluator.py] [info] [TRANSFORMER] [reject] skipping LABEL_THRESHOLD=20.0: validation_precision=0.0040 <= baseline+0.0200=0.0263
[LN771    ] [chunk_12_evaluation_evaluator.py] [info] [TRANSFORMER] label_threshold=10.0 train_below_prediction_binary_split=116,756 train_above_prediction_binary_split=2,554 train_positive_found=true val_below_prediction_binary_split=52,057 val_above_prediction_binary_split=1,197 val_positive_found=true
[LN772    ] [chunk_12_evaluation_evaluator.py] [info] [TRANSFORMER] [reject] skipping LABEL_THRESHOLD=10.0: validation_precision=0.0097 <= baseline+0.0200=0.0425
[LN773    ] [chunk_12_evaluation_evaluator.py] [info] [TRANSFORMER] label_threshold=0.0 train_below_prediction_binary_split=59,589 train_above_prediction_binary_split=59,721 train_positive_found=true val_below_prediction_binary_split=24,480 val_above_prediction_binary_split=28,774 val_positive_found=true
[LN774    ] [chunk_12_evaluation_evaluator.py] [info] [TRANSFORMER] [reject] skipping LABEL_THRESHOLD=0.0: validation_precision=0.5192 <= baseline+0.0200=0.5200
[LN775    ] [chunk_18_phase_4_ensemble.py] [info]    hyperparameter_optimization model threshold search: LABEL_THRESHOLD=20.0, VALIDATION_PRECISION=0.0455
[LN776    ] [chunk_18_phase_4_ensemble.py] [info]    post hyperparameter_optimization threshold search: LABEL_THRESHOLD=20.0, VALIDATION_PRECISION=0.0000
[LN777    ] [chunk_18_phase_4_ensemble.py] [info]    post hyperparameter_optimization no improvement: keeping LABEL_THRESHOLD=20.0
[LN778    ] [chunk_18_phase_4_ensemble.py] [info] [section 4] [TRANSFORMER] [post hyperparameter_optimization] [diagnostic]  cumulative binary_split_predictions (1%) ≤ 0.3447, (5%) ≤ 0.3898, (10%) ≤ 0.4130, (25%) ≤ 0.4562, (50%) ≤ 0.5138, (75%) ≤ 0.5741, (90%) ≤ 0.6135, (95%) ≤ 0.6250, (99%) ≤ 0.6461, max=0.7069 binary_split_predictions distribution: 0% ≤ 0.01, 0% ≤ 0.02, 0% ≤ 0.05, 0% ≤ 0.1, 0% ≤ 0.2, 44% ≤ 0.5, 56% ≥ 0.50
[LN779    ] [chunk_18_phase_4_ensemble.py] [info] [section 4] [TRANSFORMER] [post hyperparameter_optimization] LABEL_THRESHOLD=20.0,
[LN780    ] [chunk_18_phase_4_ensemble.py] [info] [section 4] [TRANSFORMER] [post hyperparameter_optimization] VALIDATION_PRECISION=0.0617 VALIDATION_TRUE_POSITIVES=10 VALIDATION_TRUE_NEGATIVES=52766 validation_false_positives=152 validation_false_negatives=326 validation_max_prediction=0.9557 validation_mean_prediction=0.2280 validation_recall=0.0298 validation_f1=0.0402 validation_auc=0.8349 validation_specificity=0.9971 validation_false_positive_rate=0.0029 validation_f2=0.0332 validation_mcc=0.0387 validation_prauc=0.0303 validation_balanced_accuracy=0.5134 validation_brier=0.0562 validation_kappa=0.0362 validation_informedness=0.0269 validation_markedness=0.0589 validation_gini=0.6699 validation_optimal_threshold=0.2222 validation_standard_deviation_prediction=0.0347 validation_percentage_above_threshold=0.30
[LN781    ] [chunk_18_phase_4_ensemble.py] [info] [section 4] [TRANSFORMER] [post hyperparameter_optimization] prediction_binary_split=0.50 hyperparams=(loss=binary_crossentropy lr=0.0002 dropout=0.0 alpha=1.0 gamma=1.5 latent_dim=64) source=section3
[LN782    ] [chunk_18_phase_4_ensemble.py] [info]    Using threshold-optimized model (HPO did not improve)
[LN783    ] [chunk_18_phase_4_ensemble.py] [info]    Train predictions: mean=0.5177, std=0.0645, min=0.2469, max=0.7471
[LN784    ] [chunk_18_phase_4_ensemble.py] [info]    validation predictions:   mean=0.5127, std=0.0748, min=0.2533, max=0.7069
[LN785    ] [chunk_18_phase_4_ensemble.py] [info] [section 5] [TRANSFORMER] [final] [diagnostic] Train  cumulative binary_split_predictions (1%) ≤ 0.3648, (5%) ≤ 0.4115, (10%) ≤ 0.4337, (25%) ≤ 0.4720, (50%) ≤ 0.5199, (75%) ≤ 0.5636, (90%) ≤ 0.6034, (95%) ≤ 0.6208, (99%) ≤ 0.6489, max=0.7471 binary_split_predictions distribution: 0% ≤ 0.01, 0% ≤ 0.02, 0% ≤ 0.05, 0% ≤ 0.1, 0% ≤ 0.2, 39% ≤ 0.5, 61% ≥ 0.50
[LN786    ] [chunk_18_phase_4_ensemble.py] [info] [section 5] [TRANSFORMER] [final] [diagnostic] validation    cumulative binary_split_predictions (1%) ≤ 0.3447, (5%) ≤ 0.3898, (10%) ≤ 0.4130, (25%) ≤ 0.4562, (50%) ≤ 0.5138, (75%) ≤ 0.5741, (90%) ≤ 0.6135, (95%) ≤ 0.6250, (99%) ≤ 0.6461, max=0.7069 binary_split_predictions distribution: 0% ≤ 0.01, 0% ≤ 0.02, 0% ≤ 0.05, 0% ≤ 0.1, 0% ≤ 0.2, 44% ≤ 0.5, 56% ≥ 0.50
[LN787    ] [chunk_18_phase_4_ensemble.py] [info]    Train predictions: 60.67% positive predictions (72,386 / 119,310)
[LN788    ] [chunk_18_phase_4_ensemble.py] [info]    validation predictions:   55.94% positive predictions (29,788 / 53,254)
[LN789    ] [chunk_18_phase_4_ensemble.py] [info]    [info] Section 4 all rejected - using Section 3 results for Section 5
[LN790    ] [chunk_18_phase_4_ensemble.py] [info]    [diagnostic] prediction_buckets: 0-10:0, 10-20:35, 20-30:3652, 30-40:19779, 40-50:21579, 50-60:8204, 60-70:5, 70-80:0, 80-90:0, 90-100:0
[LN791    ] [chunk_18_phase_4_ensemble.py] [info] [section 5] [TRANSFORMER] [final] LABEL_THRESHOLD=20.0,
[LN792    ] [chunk_18_phase_4_ensemble.py] [info] [section 5] [TRANSFORMER] [final] train_precision=0.0033 train_true_positives=241 train_true_negatives=46476 train_false_positives=72145 train_false_negatives=448 train_max_prediction=0.7471 train_mean_prediction=0.5177 train_recall=0.3498 train_f1=0.0066 train_auc=0.3342 train_specificity=0.3918 train_false_positive_rate=0.6082 train_f2=0.0160 train_mcc=-0.0401 train_prauc=0.0039 train_balanced_accuracy=0.3708 train_standard_deviation_prediction=0.0645 train_percentage_above_threshold=60.67 train_brier=0.2724 train_kappa=-0.0049 train_informedness=-0.2584 train_markedness=-0.6049 train_gini=0.0000 train_optimal_threshold=0.2828
[LN793    ] [chunk_18_phase_4_ensemble.py] [info] [section 5] [TRANSFORMER] [final] VALIDATION_PRECISION=0.0617 VALIDATION_TRUE_POSITIVES=10 VALIDATION_TRUE_NEGATIVES=52766 validation_false_positives=152 validation_false_negatives=326 validation_max_prediction=0.7069 validation_mean_prediction=0.5127 validation_recall=0.0298 validation_f1=0.0402 validation_auc=0.8349 validation_specificity=0.4394 validation_false_positive_rate=0.5606 validation_f2=0.0193 validation_mcc=-0.0325 validation_prauc=0.0045 validation_balanced_accuracy=0.3983 validation_brier=0.2687 validation_kappa=-0.0046 validation_informedness=-0.2035 validation_markedness=-0.5566 validation_gini=0.0000 validation_optimal_threshold=0.3758 validation_standard_deviation_prediction=0.0748 validation_percentage_above_threshold=55.94
[LN794    ] [chunk_18_phase_4_ensemble.py] [info] [section 5] [TRANSFORMER] [final] prediction_binary_split=0.50 hyperparams=(loss=binary_crossentropy lr=0.0002 dropout=0.0 alpha=1.0 gamma=1.5 latent_dim=64) (using HPO model directly)
[LN795    ] [chunk_18_phase_4_ensemble.py] [info]    Transformer loss=binary_crossentropy pred_threshold=0.5 epochs=3
[LN796    ] [chunk_18_phase_4_ensemble.py] [info]    [Transformer] hyperparameter_optimization: dim=256, heads=8, dropout=0.0, learning_rate=0.0002, alpha=1.0, gamma=1.5, layers=4
[LN797    ] [chunk_18_phase_4_ensemble.py] [info]    Transformer training time: 1775.3s
[LN798    ] [chunk_18_phase_4_ensemble.py] [info] [pass] Transformer trained successfully
[LN799    ] [chunk_18_phase_4_ensemble.py] [info] Running Feature Stability Analysis...
[LN800    ] [chunk_18_phase_4_ensemble.py] [info]    Feature Stability:
[LN801    ] [chunk_18_phase_4_ensemble.py] [info]       Change: stability=0.030, importance=0.038
[LN802    ] [chunk_18_phase_4_ensemble.py] [info]       Market_Cap: stability=0.008, importance=0.038
[LN803    ] [chunk_18_phase_4_ensemble.py] [info]       52W_Low: stability=0.007, importance=0.038
[LN804    ] [chunk_18_phase_4_ensemble.py] [info]       Price: stability=0.007, importance=0.038
[LN805    ] [chunk_18_phase_4_ensemble.py] [info]       Prev_Close: stability=0.007, importance=0.038
[LN806    ] [chunk_18_phase_4_ensemble.py] [info]       ATR: stability=0.007, importance=0.038
[LN807    ] [chunk_18_phase_4_ensemble.py] [info]       Rel_Volume: stability=0.007, importance=0.038
[LN808    ] [chunk_18_phase_4_ensemble.py] [info]       52W_High: stability=0.005, importance=0.038
[LN809    ] [chunk_18_phase_4_ensemble.py] [info]       Perf_Week: stability=0.005, importance=0.038
[LN810    ] [chunk_18_phase_4_ensemble.py] [info]       Avg_Volume: stability=0.003, importance=0.038
[LN811    ] [chunk_18_phase_4_ensemble.py] [info]       Volume: stability=0.003, importance=0.038
[LN812    ] [chunk_18_phase_4_ensemble.py] [info]       Ticker_id: stability=0.003, importance=0.038
[LN813    ] [chunk_18_phase_4_ensemble.py] [info]       Perf_YTD: stability=0.003, importance=0.038
[LN814    ] [chunk_18_phase_4_ensemble.py] [info]       SMA50: stability=0.002, importance=0.038
[LN815    ] [chunk_18_phase_4_ensemble.py] [info]       Perf_Month: stability=0.002, importance=0.038
[LN816    ] [chunk_18_phase_4_ensemble.py] [info]       RSI_14: stability=0.002, importance=0.038
[LN817    ] [chunk_18_phase_4_ensemble.py] [info]       SMA20: stability=0.001, importance=0.038
[LN818    ] [chunk_18_phase_4_ensemble.py] [info]       Price_to_52W_Low: stability=0.001, importance=0.038
[LN819    ] [chunk_18_phase_4_ensemble.py] [info]       Perf_Half_Y: stability=0.001, importance=0.038
[LN820    ] [chunk_18_phase_4_ensemble.py] [info]       Perf_Quarter: stability=0.000, importance=0.038
[LN821    ] [chunk_18_phase_4_ensemble.py] [info]       Volume_to_Avg_Volume: stability=0.000, importance=0.038
[LN822    ] [chunk_18_phase_4_ensemble.py] [info]       Price_to_52W_High: stability=0.000, importance=0.038
[LN823    ] [chunk_18_phase_4_ensemble.py] [info]       SMA200: stability=0.000, importance=0.038
[LN824    ] [chunk_18_phase_4_ensemble.py] [info]       Perf_Year: stability=0.000, importance=0.038
[LN825    ] [chunk_18_phase_4_ensemble.py] [info] Measuring Inference Latency...
[LN826    ] [chunk_18_phase_4_ensemble.py] [info]    Inference latency: 0.002 ms/sample (10000 samples)
[LN827    ] [chunk_18_phase_4_ensemble.py] [info] Running Sliding Window Validation...
[LN828    ] [chunk_18_phase_4_ensemble.py] [info]    sliding window: train_samples=125233, validation_samples=59175
[LN829    ] [chunk_18_phase_4_ensemble.py] [info]    Sliding Window validation: validation_precision=0.0066 validation_recall=0.4665 validation_f1=0.0131
[LN830    ] [chunk_18_phase_4_ensemble.py] [info]    temporal drift: Significant precision drift: -66.7% change (performance degrading over time)
[LN831    ] [chunk_18_phase_4_ensemble.py] [info]    drift: stability_score=0.572
[LN832    ] [chunk_18_phase_4_ensemble.py] [info] Running Permutation Importance on all trained models...
[LN833    ] [chunk_18_phase_4_ensemble.py] [info]    CatBoost Permutation Importance:
[LN834    ] [chunk_18_phase_4_ensemble.py] [info]       Ticker_id: 0.0017
[LN835    ] [chunk_18_phase_4_ensemble.py] [info]       Volume: 0.0015
[LN836    ] [chunk_18_phase_4_ensemble.py] [info]       SMA200: 0.0012
[LN837    ] [chunk_18_phase_4_ensemble.py] [info]       52W_High: 0.0008
[LN838    ] [chunk_18_phase_4_ensemble.py] [info]       RSI_14: 0.0006
[LN839    ] [chunk_18_phase_4_ensemble.py] [info]       Price: 0.0004
[LN840    ] [chunk_18_phase_4_ensemble.py] [info]       Perf_Week: 0.0004
[LN841    ] [chunk_18_phase_4_ensemble.py] [info]       Market_Cap: 0.0003
[LN842    ] [chunk_18_phase_4_ensemble.py] [info]       SMA50: 0.0001
[LN843    ] [chunk_18_phase_4_ensemble.py] [info]       Perf_YTD: 0.0001
[LN844    ] [chunk_18_phase_4_ensemble.py] [info]       ATR: 0.0000
[LN845    ] [chunk_18_phase_4_ensemble.py] [info]       52W_Low: -0.0000
[LN846    ] [chunk_18_phase_4_ensemble.py] [info]       Perf_Month: -0.0001
[LN847    ] [chunk_18_phase_4_ensemble.py] [info]       SMA20: -0.0002
[LN848    ] [chunk_18_phase_4_ensemble.py] [info]       Perf_Quarter: -0.0002
[LN849    ] [chunk_18_phase_4_ensemble.py] [info]       Perf_Half_Y: -0.0003
[LN850    ] [chunk_18_phase_4_ensemble.py] [info]       Avg_Volume: -0.0003
[LN851    ] [chunk_18_phase_4_ensemble.py] [info]       Perf_Year: -0.0004
[LN852    ] [chunk_18_phase_4_ensemble.py] [info]       Prev_Close: -0.0009
[LN853    ] [chunk_18_phase_4_ensemble.py] [info]    CatBoost [advanced] entropy=35648.9761, LogitComp=1.92, MI=0.0002
[LN854    ] [chunk_18_phase_4_ensemble.py] [info]    CatBoost [advanced] KS-stat=0.1330 (moderate_separation), bhattacharyya=-3.3520
[LN855    ] [chunk_18_phase_4_ensemble.py] [info]    LightGBM Permutation Importance:
[LN856    ] [chunk_18_phase_4_ensemble.py] [info]       SMA200: 0.0015
[LN857    ] [chunk_18_phase_4_ensemble.py] [info]       Volume: 0.0015
[LN858    ] [chunk_18_phase_4_ensemble.py] [info]       Ticker_id: 0.0013
[LN859    ] [chunk_18_phase_4_ensemble.py] [info]       Perf_Week: 0.0009
[LN860    ] [chunk_18_phase_4_ensemble.py] [info]       Perf_Half_Y: 0.0007
[LN861    ] [chunk_18_phase_4_ensemble.py] [info]       Perf_Month: 0.0007
[LN862    ] [chunk_18_phase_4_ensemble.py] [info]       SMA50: 0.0007
[LN863    ] [chunk_18_phase_4_ensemble.py] [info]       52W_Low: 0.0006
[LN864    ] [chunk_18_phase_4_ensemble.py] [info]       RSI_14: 0.0006
[LN865    ] [chunk_18_phase_4_ensemble.py] [info]       52W_High: 0.0005
[LN866    ] [chunk_18_phase_4_ensemble.py] [info]       Market_Cap: 0.0004
[LN867    ] [chunk_18_phase_4_ensemble.py] [info]       Price: 0.0004
[LN868    ] [chunk_18_phase_4_ensemble.py] [info]       SMA20: 0.0001
[LN869    ] [chunk_18_phase_4_ensemble.py] [info]       Perf_YTD: -0.0000
[LN870    ] [chunk_18_phase_4_ensemble.py] [info]       Perf_Quarter: -0.0001
[LN871    ] [chunk_18_phase_4_ensemble.py] [info]       Perf_Year: -0.0003
[LN872    ] [chunk_18_phase_4_ensemble.py] [info]       Prev_Close: -0.0003
[LN873    ] [chunk_18_phase_4_ensemble.py] [info]       Avg_Volume: -0.0005
[LN874    ] [chunk_18_phase_4_ensemble.py] [info]       ATR: -0.0010
[LN875    ] [chunk_18_phase_4_ensemble.py] [info]    LightGBM [advanced] entropy=34000.4513, LogitComp=2.07, MI=0.0001
[LN876    ] [chunk_18_phase_4_ensemble.py] [info]    LightGBM [advanced] KS-stat=0.1032 (moderate_separation), bhattacharyya=-3.1846
[LN877    ] [chunk_18_phase_4_ensemble.py] [info]    XGBoost Permutation Importance:
[LN878    ] [chunk_18_phase_4_ensemble.py] [info]       SMA200: 0.0125
[LN879    ] [chunk_18_phase_4_ensemble.py] [info]       RSI_14: 0.0082
[LN880    ] [chunk_18_phase_4_ensemble.py] [info]       Volume: 0.0055
[LN881    ] [chunk_18_phase_4_ensemble.py] [info]       Perf_Half_Y: 0.0049
[LN882    ] [chunk_18_phase_4_ensemble.py] [info]       Prev_Close: 0.0043
[LN883    ] [chunk_18_phase_4_ensemble.py] [info]       Perf_Quarter: 0.0041
[LN884    ] [chunk_18_phase_4_ensemble.py] [info]       Perf_Year: 0.0039
[LN885    ] [chunk_18_phase_4_ensemble.py] [info]       52W_Low: 0.0033
[LN886    ] [chunk_18_phase_4_ensemble.py] [info]       Price: 0.0012
[LN887    ] [chunk_18_phase_4_ensemble.py] [info]       Perf_Week: 0.0010
[LN888    ] [chunk_18_phase_4_ensemble.py] [info]       ATR: 0.0007
[LN889    ] [chunk_18_phase_4_ensemble.py] [info]       SMA20: -0.0009
[LN890    ] [chunk_18_phase_4_ensemble.py] [info]       SMA50: -0.0010
[LN891    ] [chunk_18_phase_4_ensemble.py] [info]       Avg_Volume: -0.0017
[LN892    ] [chunk_18_phase_4_ensemble.py] [info]       Perf_Month: -0.0031
[LN893    ] [chunk_18_phase_4_ensemble.py] [info]       Perf_YTD: -0.0032
[LN894    ] [chunk_18_phase_4_ensemble.py] [info]       Market_Cap: -0.0038
[LN895    ] [chunk_18_phase_4_ensemble.py] [info]       Ticker_id: -0.0038
[LN896    ] [chunk_18_phase_4_ensemble.py] [info]       52W_High: -0.0054
[LN897    ] [chunk_18_phase_4_ensemble.py] [info]    XGBoost [advanced] entropy=8581.5898, LogitComp=2.84, MI=0.0011
[LN898    ] [chunk_18_phase_4_ensemble.py] [info]    XGBoost [advanced] KS-stat=0.5388 (excellent_separation), bhattacharyya=-2.8673
[LN899    ] [chunk_18_phase_4_ensemble.py] [info]    Dense Permutation Importance:
[LN900    ] [chunk_18_phase_4_ensemble.py] [info]       Ticker_id: 0.0698
[LN901    ] [chunk_18_phase_4_ensemble.py] [info]       Market_Cap: 0.0694
[LN902    ] [chunk_18_phase_4_ensemble.py] [info]       52W_Low: 0.0683
[LN903    ] [chunk_18_phase_4_ensemble.py] [info]       Perf_YTD: 0.0616
[LN904    ] [chunk_18_phase_4_ensemble.py] [info]       Perf_Half_Y: 0.0595
[LN905    ] [chunk_18_phase_4_ensemble.py] [info]       RSI_14: 0.0570
[LN906    ] [chunk_18_phase_4_ensemble.py] [info]       Avg_Volume: 0.0175
[LN907    ] [chunk_18_phase_4_ensemble.py] [info]       Price: 0.0148
[LN908    ] [chunk_18_phase_4_ensemble.py] [info]       Perf_Week: 0.0084
[LN909    ] [chunk_18_phase_4_ensemble.py] [info]       SMA20: 0.0035
[LN910    ] [chunk_18_phase_4_ensemble.py] [info]       Perf_Quarter: 0.0025
[LN911    ] [chunk_18_phase_4_ensemble.py] [info]       SMA50: 0.0021
[LN912    ] [chunk_18_phase_4_ensemble.py] [info]       Prev_Close: -0.0031
[LN913    ] [chunk_18_phase_4_ensemble.py] [info]       Volume: -0.0076
[LN914    ] [chunk_18_phase_4_ensemble.py] [info]       SMA200: -0.0107
[LN915    ] [chunk_18_phase_4_ensemble.py] [info]       Perf_Year: -0.0350
[LN916    ] [chunk_18_phase_4_ensemble.py] [info]       Perf_Month: -0.0390
[LN917    ] [chunk_18_phase_4_ensemble.py] [info]       52W_High: -0.0533
[LN918    ] [chunk_18_phase_4_ensemble.py] [info]       ATR: -0.0605
[LN919    ] [chunk_18_phase_4_ensemble.py] [info]    Dense [advanced] entropy=7094.9507, LogitComp=5.00, MI=0.0001
[LN920    ] [chunk_18_phase_4_ensemble.py] [info]    Dense [advanced] KS-stat=0.1154 (moderate_separation), bhattacharyya=-3.5196
[LN921    ] [chunk_18_phase_4_ensemble.py] [info]    CNN Permutation Importance:
[LN922    ] [chunk_18_phase_4_ensemble.py] [info]       Market_Cap: 0.0000
[LN923    ] [chunk_18_phase_4_ensemble.py] [info]       52W_Low: 0.0000
[LN924    ] [chunk_18_phase_4_ensemble.py] [info]       Prev_Close: 0.0000
[LN925    ] [chunk_18_phase_4_ensemble.py] [info]       Price: 0.0000
[LN926    ] [chunk_18_phase_4_ensemble.py] [info]       Volume: 0.0000
[LN927    ] [chunk_18_phase_4_ensemble.py] [info]       52W_High: 0.0000
[LN928    ] [chunk_18_phase_4_ensemble.py] [info]       Ticker_id: 0.0000
[LN929    ] [chunk_18_phase_4_ensemble.py] [info]       Perf_YTD: 0.0000
[LN930    ] [chunk_18_phase_4_ensemble.py] [info]       Perf_Year: 0.0000
[LN931    ] [chunk_18_phase_4_ensemble.py] [info]       SMA200: 0.0000
[LN932    ] [chunk_18_phase_4_ensemble.py] [info]       Perf_Half_Y: 0.0000
[LN933    ] [chunk_18_phase_4_ensemble.py] [info]       Avg_Volume: 0.0000
[LN934    ] [chunk_18_phase_4_ensemble.py] [info]       Perf_Quarter: 0.0000
[LN935    ] [chunk_18_phase_4_ensemble.py] [info]       SMA50: 0.0000
[LN936    ] [chunk_18_phase_4_ensemble.py] [info]       Perf_Month: 0.0000
[LN937    ] [chunk_18_phase_4_ensemble.py] [info]       SMA20: 0.0000
[LN938    ] [chunk_18_phase_4_ensemble.py] [info]       ATR: 0.0000
[LN939    ] [chunk_18_phase_4_ensemble.py] [info]       RSI_14: 0.0000
[LN940    ] [chunk_18_phase_4_ensemble.py] [info]       Perf_Week: 0.0000
[LN941    ] [chunk_18_phase_4_ensemble.py] [info]    CNN [advanced] entropy=36900.4648, LogitComp=1.57, MI=0.0000
[LN942    ] [chunk_18_phase_4_ensemble.py] [info]    CNN [advanced] KS-stat=0.0957 (poor_separation), bhattacharyya=-6.2977
[LN943    ] [chunk_18_phase_4_ensemble.py] [info]    RNN Permutation Importance:
[LN944    ] [chunk_18_phase_4_ensemble.py] [info]       Market_Cap: 0.0034
[LN945    ] [chunk_18_phase_4_ensemble.py] [info]       52W_Low: 0.0029
[LN946    ] [chunk_18_phase_4_ensemble.py] [info]       SMA50: 0.0011
[LN947    ] [chunk_18_phase_4_ensemble.py] [info]       ATR: 0.0008
[LN948    ] [chunk_18_phase_4_ensemble.py] [info]       Price: 0.0005
[LN949    ] [chunk_18_phase_4_ensemble.py] [info]       Avg_Volume: 0.0002
[LN950    ] [chunk_18_phase_4_ensemble.py] [info]       Perf_Month: 0.0001
[LN951    ] [chunk_18_phase_4_ensemble.py] [info]       Perf_Week: 0.0000
[LN952    ] [chunk_18_phase_4_ensemble.py] [info]       SMA20: 0.0000
[LN953    ] [chunk_18_phase_4_ensemble.py] [info]       Volume: -0.0000
[LN954    ] [chunk_18_phase_4_ensemble.py] [info]       Perf_Quarter: -0.0001
[LN955    ] [chunk_18_phase_4_ensemble.py] [info]       Perf_YTD: -0.0001
[LN956    ] [chunk_18_phase_4_ensemble.py] [info]       52W_High: -0.0001
[LN957    ] [chunk_18_phase_4_ensemble.py] [info]       Prev_Close: -0.0003
[LN958    ] [chunk_18_phase_4_ensemble.py] [info]       Ticker_id: -0.0003
[LN959    ] [chunk_18_phase_4_ensemble.py] [info]       RSI_14: -0.0005
[LN960    ] [chunk_18_phase_4_ensemble.py] [info]       Perf_Half_Y: -0.0007
[LN961    ] [chunk_18_phase_4_ensemble.py] [info]       Perf_Year: -0.0024
[LN962    ] [chunk_18_phase_4_ensemble.py] [info]       SMA200: -0.0029
[LN963    ] [chunk_18_phase_4_ensemble.py] [info]    RNN [advanced] entropy=17116.3105, LogitComp=2.16, MI=0.0022
[LN964    ] [chunk_18_phase_4_ensemble.py] [info]    RNN [advanced] KS-stat=0.4865 (good_separation), bhattacharyya=-2.8485
[LN965    ] [chunk_18_phase_4_ensemble.py] [info]    LSTM Permutation Importance:
[LN966    ] [chunk_18_phase_4_ensemble.py] [info]       52W_Low: 0.0007
[LN967    ] [chunk_18_phase_4_ensemble.py] [info]       Perf_Quarter: 0.0006
[LN968    ] [chunk_18_phase_4_ensemble.py] [info]       Avg_Volume: 0.0004
[LN969    ] [chunk_18_phase_4_ensemble.py] [info]       SMA50: 0.0002
[LN970    ] [chunk_18_phase_4_ensemble.py] [info]       Perf_Half_Y: 0.0002
[LN971    ] [chunk_18_phase_4_ensemble.py] [info]       Market_Cap: 0.0002
[LN972    ] [chunk_18_phase_4_ensemble.py] [info]       Prev_Close: 0.0002
[LN973    ] [chunk_18_phase_4_ensemble.py] [info]       SMA20: 0.0002
[LN974    ] [chunk_18_phase_4_ensemble.py] [info]       Perf_Week: 0.0001
[LN975    ] [chunk_18_phase_4_ensemble.py] [info]       ATR: 0.0001
[LN976    ] [chunk_18_phase_4_ensemble.py] [info]       SMA200: 0.0001
[LN977    ] [chunk_18_phase_4_ensemble.py] [info]       Ticker_id: 0.0001
[LN978    ] [chunk_18_phase_4_ensemble.py] [info]       Perf_Month: 0.0000
[LN979    ] [chunk_18_phase_4_ensemble.py] [info]       Volume: 0.0000
[LN980    ] [chunk_18_phase_4_ensemble.py] [info]       RSI_14: -0.0000
[LN981    ] [chunk_18_phase_4_ensemble.py] [info]       Perf_YTD: -0.0001
[LN982    ] [chunk_18_phase_4_ensemble.py] [info]       Perf_Year: -0.0001
[LN983    ] [chunk_18_phase_4_ensemble.py] [info]       52W_High: -0.0001
[LN984    ] [chunk_18_phase_4_ensemble.py] [info]       Price: -0.0003
[LN985    ] [chunk_18_phase_4_ensemble.py] [info]    LSTM [advanced] entropy=36858.2812, LogitComp=1.12, MI=0.0007
[LN986    ] [chunk_18_phase_4_ensemble.py] [info]    LSTM [advanced] KS-stat=0.3160 (good_separation), bhattacharyya=-4.9738
[LN987    ] [chunk_18_phase_4_ensemble.py] [info]    VAE Permutation Importance:
[LN988    ] [chunk_18_phase_4_ensemble.py] [info]       Volume: 0.0002
[LN989    ] [chunk_18_phase_4_ensemble.py] [info]       52W_Low: 0.0002
[LN990    ] [chunk_18_phase_4_ensemble.py] [info]       Market_Cap: 0.0002
[LN991    ] [chunk_18_phase_4_ensemble.py] [info]       SMA50: 0.0001
[LN992    ] [chunk_18_phase_4_ensemble.py] [info]       SMA200: 0.0001
[LN993    ] [chunk_18_phase_4_ensemble.py] [info]       Perf_Year: 0.0001
[LN994    ] [chunk_18_phase_4_ensemble.py] [info]       SMA20: 0.0000
[LN995    ] [chunk_18_phase_4_ensemble.py] [info]       ATR: 0.0000
[LN996    ] [chunk_18_phase_4_ensemble.py] [info]       Perf_Quarter: -0.0000
[LN997    ] [chunk_18_phase_4_ensemble.py] [info]       Perf_Half_Y: -0.0000
[LN998    ] [chunk_18_phase_4_ensemble.py] [info]       Avg_Volume: -0.0001
[LN999    ] [chunk_18_phase_4_ensemble.py] [info]       RSI_14: -0.0001
[LN1000   ] [chunk_18_phase_4_ensemble.py] [info]       Ticker_id: -0.0001
[LN1001   ] [chunk_18_phase_4_ensemble.py] [info]       Perf_Month: -0.0001
[LN1002   ] [chunk_18_phase_4_ensemble.py] [info]       Perf_YTD: -0.0001
[LN1003   ] [chunk_18_phase_4_ensemble.py] [info]       Prev_Close: -0.0002
[LN1004   ] [chunk_18_phase_4_ensemble.py] [info]       Price: -0.0002
[LN1005   ] [chunk_18_phase_4_ensemble.py] [info]       Perf_Week: -0.0002
[LN1006   ] [chunk_18_phase_4_ensemble.py] [info]       52W_High: -0.0003
[LN1007   ] [chunk_18_phase_4_ensemble.py] [info]    VAE [advanced] entropy=36878.8320, LogitComp=1.17, MI=0.0000
[LN1008   ] [chunk_18_phase_4_ensemble.py] [info]    VAE [advanced] KS-stat=0.0724 (poor_separation), bhattacharyya=-5.1949
[LN1009   ] [chunk_18_phase_4_ensemble.py] [info]    Transformer Permutation Importance:
[LN1010   ] [chunk_18_phase_4_ensemble.py] [info]       SMA50: 0.0011
[LN1011   ] [chunk_18_phase_4_ensemble.py] [info]       Perf_Week: 0.0008
[LN1012   ] [chunk_18_phase_4_ensemble.py] [info]       Perf_Half_Y: 0.0006
[LN1013   ] [chunk_18_phase_4_ensemble.py] [info]       SMA20: 0.0002
[LN1014   ] [chunk_18_phase_4_ensemble.py] [info]       ATR: 0.0002
[LN1015   ] [chunk_18_phase_4_ensemble.py] [info]       52W_Low: 0.0001
[LN1016   ] [chunk_18_phase_4_ensemble.py] [info]       RSI_14: 0.0001
[LN1017   ] [chunk_18_phase_4_ensemble.py] [info]       Perf_Quarter: 0.0001
[LN1018   ] [chunk_18_phase_4_ensemble.py] [info]       Avg_Volume: -0.0000
[LN1019   ] [chunk_18_phase_4_ensemble.py] [info]       SMA200: -0.0001
[LN1020   ] [chunk_18_phase_4_ensemble.py] [info]       Volume: -0.0002
[LN1021   ] [chunk_18_phase_4_ensemble.py] [info]       Market_Cap: -0.0002
[LN1022   ] [chunk_18_phase_4_ensemble.py] [info]       Perf_Year: -0.0003
[LN1023   ] [chunk_18_phase_4_ensemble.py] [info]       Perf_Month: -0.0003
[LN1024   ] [chunk_18_phase_4_ensemble.py] [info]       Perf_YTD: -0.0005
[LN1025   ] [chunk_18_phase_4_ensemble.py] [info]       Ticker_id: -0.0006
[LN1026   ] [chunk_18_phase_4_ensemble.py] [info]       52W_High: -0.0007
[LN1027   ] [chunk_18_phase_4_ensemble.py] [info]       Price: -0.0008
[LN1028   ] [chunk_18_phase_4_ensemble.py] [info]       Prev_Close: -0.0010
[LN1029   ] [chunk_18_phase_4_ensemble.py] [info]    Transformer [advanced] entropy=36294.5781, LogitComp=1.38, MI=0.0005
[LN1030   ] [chunk_18_phase_4_ensemble.py] [info]    Transformer [advanced] KS-stat=0.2498 (moderate_separation), bhattacharyya=-4.0466
[LN1031   ] [chunk_18_phase_4_ensemble.py] [info] Filtering architectures by minimum validation_precision > 0.53:
[LN1032   ] [chunk_18_phase_4_ensemble.py] [info]   CatBoost: validation_precision=0.5250 FAIL (Minimum Validation_Precision Required=0.53)
[LN1033   ] [chunk_18_phase_4_ensemble.py] [info]   LightGBM: validation_precision=0.5295 FAIL (Minimum Validation_Precision Required=0.53)
[LN1034   ] [chunk_18_phase_4_ensemble.py] [info]   XGBoost: validation_precision=0.0768 FAIL (Minimum Validation_Precision Required=0.53)
[LN1035   ] [chunk_18_phase_4_ensemble.py] [info]   Dense: validation_precision=0.5441 PASS (Minimum Validation_Precision Required=0.53)
[LN1036   ] [chunk_18_phase_4_ensemble.py] [info]   CNN: validation_precision=0.5403 PASS (Minimum Validation_Precision Required=0.53)
[LN1037   ] [chunk_18_phase_4_ensemble.py] [info]   RNN: validation_precision=0.0581 FAIL (Minimum Validation_Precision Required=0.53)
[LN1038   ] [chunk_18_phase_4_ensemble.py] [info]   LSTM: validation_precision=0.5257 FAIL (Minimum Validation_Precision Required=0.53)
[LN1039   ] [chunk_18_phase_4_ensemble.py] [info]   VAE: validation_precision=0.5449 PASS (Minimum Validation_Precision Required=0.53)
[LN1040   ] [chunk_18_phase_4_ensemble.py] [info]   Transformer: validation_precision=0.0617 FAIL (Minimum Validation_Precision Required=0.53)
[LN1041   ] [chunk_18_phase_4_ensemble.py] [info] ensemble: 3 architectures (Dense, CNN, VAE)
[LN1042   ] [chunk_18_phase_4_ensemble.py] [info]    [diagnostic-ensemble]  cumulative binary_split_predictions (1%) ≤ 0.3237, (5%) ≤ 0.3286, (10%) ≤ 0.3311, (25%) ≤ 0.3355, (50%) ≤ 0.3416, (75%) ≤ 0.3559, (90%) ≤ 0.3829, (95%) ≤ 0.4078, (99%) ≤ 0.4613, max=0.6895 binary_split_predictions distribution: 0% ≤ 0.01, 0% ≤ 0.02, 0% ≤ 0.05, 0% ≤ 0.1, 0% ≤ 0.2, 100% ≤ 0.5, 0% ≥ 0.50
[LN1043   ] [chunk_18_phase_4_ensemble.py] [info] Ensemble precision (validation): 0.5402 (LABEL_THRESHOLD=0.0, prediction_binary_split=0.50)
[LN1044   ] [chunk_18_phase_4_ensemble.py] [info] ARCHITECTURE RANKING (by validation_precision)
[LN1045   ] [chunk_18_phase_4_ensemble.py] [info] 1. VAE          label_threshold=0.0 validation_precision=0.5449 VALIDATION_TRUE_POSITIVES=13044 VALIDATION_TRUE_NEGATIVES=13587 validation_false_positives=10893 validation_false_negatives=15730 validation_max_prediction=0.5902 validation_mean_prediction=0.4979 validation_recall=0.4533 validation_f1=0.4949 validation_auc=0.5037 validation_specificity=0.5471 validation_false_positive_rate=0.4529 validation_f2=0.4650 validation_mcc=-0.0032 validation_prauc=0.5407 validation_balanced_accuracy=0.4984 validation_brier=0.2505 validation_kappa=-0.0032 validation_informedness=-0.0032 validation_markedness=0.0857 validation_gini=0.0000 validation_optimal_threshold=0.5191 validation_standard_deviation_prediction=0.0177 validation_percentage_above_threshold=45.11
[LN1046   ] [chunk_18_phase_4_ensemble.py] [info] 2. Dense        label_threshold=0.0 validation_precision=0.5441 VALIDATION_TRUE_POSITIVES=37 VALIDATION_TRUE_NEGATIVES=24449 validation_false_positives=31 validation_false_negatives=28737 validation_max_prediction=0.9861 validation_mean_prediction=0.0452 validation_recall=0.0013 validation_f1=0.0026 validation_auc=0.5032 validation_specificity=0.9987 validation_false_positive_rate=0.0013 validation_f2=0.0016 validation_mcc=0.0003 validation_prauc=0.5417 validation_balanced_accuracy=0.5000 validation_brier=0.4996 validation_kappa=0.0000 validation_informedness=0.0000 validation_markedness=0.5429 validation_gini=0.0063 validation_optimal_threshold=0.0018 validation_standard_deviation_prediction=0.0784 validation_percentage_above_threshold=0.13
[LN1047   ] [chunk_18_phase_4_ensemble.py] [info] 3. CNN          label_threshold=0.0 validation_precision=0.5403 VALIDATION_TRUE_POSITIVES=28774 VALIDATION_TRUE_NEGATIVES=0 validation_false_positives=24480 validation_false_negatives=0 validation_max_prediction=0.8037 validation_mean_prediction=0.5106 validation_recall=1.0000 validation_f1=0.7016 validation_auc=0.4962 validation_specificity=0.0000 validation_false_positive_rate=1.0000 validation_f2=0.8546 validation_mcc=0.0000 validation_prauc=0.5386 validation_balanced_accuracy=0.5000 validation_brier=0.2493 validation_kappa=0.0000 validation_informedness=0.0000 validation_markedness=-0.4597 validation_gini=0.0000 validation_optimal_threshold=0.5549 validation_standard_deviation_prediction=0.0021 validation_percentage_above_threshold=100.00
[LN1048   ] [chunk_18_phase_4_ensemble.py] [info] 4. LightGBM     label_threshold=0.0 validation_precision=0.5295 VALIDATION_TRUE_POSITIVES=11670 VALIDATION_TRUE_NEGATIVES=14109 validation_false_positives=10371 validation_false_negatives=17104 validation_max_prediction=0.9752 validation_mean_prediction=0.4710 validation_recall=0.4056 validation_f1=0.4593 validation_auc=0.4884 validation_specificity=0.5763 validation_false_positive_rate=0.4237 validation_f2=0.4255 validation_mcc=-0.0183 validation_prauc=0.5534 validation_balanced_accuracy=0.4910 validation_brier=0.2792 validation_kappa=-0.0177 validation_informedness=-0.0181 validation_markedness=0.1058 validation_gini=0.0000 validation_optimal_threshold=0.7186 validation_standard_deviation_prediction=0.1582 validation_percentage_above_threshold=41.39
[LN1049   ] [chunk_18_phase_4_ensemble.py] [info] 5. LSTM         label_threshold=0.0 validation_precision=0.5257 VALIDATION_TRUE_POSITIVES=17436 VALIDATION_TRUE_NEGATIVES=8748 validation_false_positives=15732 validation_false_negatives=11338 validation_max_prediction=0.5666 validation_mean_prediction=0.5072 validation_recall=0.6060 validation_f1=0.5630 validation_auc=0.4725 validation_specificity=0.3574 validation_false_positive_rate=0.6426 validation_f2=0.5880 validation_mcc=-0.0377 validation_prauc=0.5182 validation_balanced_accuracy=0.4817 validation_brier=0.2510 validation_kappa=-0.0372 validation_informedness=-0.0367 validation_markedness=-0.1170 validation_gini=0.0000 validation_optimal_threshold=0.4422 validation_standard_deviation_prediction=0.0215 validation_percentage_above_threshold=62.28
[LN1050   ] [chunk_18_phase_4_ensemble.py] [info] 6. CatBoost     label_threshold=0.0 validation_precision=0.5250 VALIDATION_TRUE_POSITIVES=11378 VALIDATION_TRUE_NEGATIVES=14187 validation_false_positives=10293 validation_false_negatives=17396 validation_max_prediction=0.9261 validation_mean_prediction=0.4833 validation_recall=0.3954 validation_f1=0.4511 validation_auc=0.4838 validation_specificity=0.5795 validation_false_positive_rate=0.4205 validation_f2=0.4160 validation_mcc=-0.0254 validation_prauc=0.5509 validation_balanced_accuracy=0.4875 validation_brier=0.2635 validation_kappa=-0.0245 validation_informedness=-0.0250 validation_markedness=0.1046 validation_gini=0.0000 validation_optimal_threshold=0.6898 validation_standard_deviation_prediction=0.1061 validation_percentage_above_threshold=40.69
[LN1051   ] [chunk_18_phase_4_ensemble.py] [info] 7. XGBoost      label_threshold=10.0 validation_precision=0.0768 VALIDATION_TRUE_POSITIVES=205 VALIDATION_TRUE_NEGATIVES=49594 validation_false_positives=2463 validation_false_negatives=992 validation_max_prediction=0.9869 validation_mean_prediction=0.0849 validation_recall=0.1713 validation_f1=0.1061 validation_auc=0.7974 validation_specificity=0.9527 validation_false_positive_rate=0.0473 validation_f2=0.1375 validation_mcc=0.0842 validation_prauc=0.0690 validation_balanced_accuracy=0.5620 validation_brier=0.0477 validation_kappa=0.0775 validation_informedness=0.1239 validation_markedness=0.0295 validation_gini=0.5947 validation_optimal_threshold=0.0209 validation_standard_deviation_prediction=0.1708 validation_percentage_above_threshold=5.01
[LN1052   ] [chunk_18_phase_4_ensemble.py] [info] 8. Transformer  label_threshold=20.0 validation_precision=0.0617 VALIDATION_TRUE_POSITIVES=10 VALIDATION_TRUE_NEGATIVES=52766 validation_false_positives=152 validation_false_negatives=326 validation_max_prediction=0.7069 validation_mean_prediction=0.5127 validation_recall=0.0298 validation_f1=0.0402 validation_auc=0.8349 validation_specificity=0.4394 validation_false_positive_rate=0.5606 validation_f2=0.0193 validation_mcc=-0.0325 validation_prauc=0.0045 validation_balanced_accuracy=0.3983 validation_brier=0.2687 validation_kappa=-0.0046 validation_informedness=-0.2035 validation_markedness=-0.5566 validation_gini=0.0000 validation_optimal_threshold=0.3758 validation_standard_deviation_prediction=0.0748 validation_percentage_above_threshold=55.94
[LN1053   ] [chunk_18_phase_4_ensemble.py] [info] 9. RNN          label_threshold=10.0 validation_precision=0.0581 VALIDATION_TRUE_POSITIVES=605 VALIDATION_TRUE_NEGATIVES=42256 validation_false_positives=9801 validation_false_negatives=592 validation_max_prediction=0.9506 validation_mean_prediction=0.2197 validation_recall=0.5054 validation_f1=0.1043 validation_auc=0.7714 validation_specificity=0.8117 validation_false_positive_rate=0.1883 validation_f2=0.1991 validation_mcc=0.1186 validation_prauc=0.0631 validation_balanced_accuracy=0.6586 validation_brier=0.1204 validation_kappa=0.0667 validation_informedness=0.3172 validation_markedness=-0.1301 validation_gini=0.5428 validation_optimal_threshold=0.1286 validation_standard_deviation_prediction=0.2668 validation_percentage_above_threshold=19.54
[LN1054   ] [chunk_18_phase_4_ensemble.py] [info] hyperparameter_optimization IMPACT SUMMARY
[LN1055   ] [chunk_18_phase_4_ensemble.py] [info] CatBoost     pre_hpo_validation_precision=0.5241 post_hpo_validation_precision=0.5250 hpo_improved=Yes
[LN1056   ] [chunk_18_phase_4_ensemble.py] [info] LightGBM     pre_hpo_validation_precision=0.5295 post_hpo_validation_precision=0.5283 hpo_improved=No
[LN1057   ] [chunk_18_phase_4_ensemble.py] [info] XGBoost      pre_hpo_validation_precision=0.0768 post_hpo_validation_precision=0.0587 hpo_improved=No
[LN1058   ] [chunk_18_phase_4_ensemble.py] [info] Dense        pre_hpo_validation_precision=0.1000 post_hpo_validation_precision=0.0239 hpo_improved=No
[LN1059   ] [chunk_18_phase_4_ensemble.py] [info] CNN          pre_hpo_validation_precision=0.5243 post_hpo_validation_precision=0.5403 hpo_improved=Yes
[LN1060   ] [chunk_18_phase_4_ensemble.py] [info] RNN          pre_hpo_validation_precision=0.0000 post_hpo_validation_precision=0.0228 hpo_improved=Yes
[LN1061   ] [chunk_18_phase_4_ensemble.py] [info] LSTM         pre_hpo_validation_precision=0.5257 post_hpo_validation_precision=0.5248 hpo_improved=No
[LN1062   ] [chunk_18_phase_4_ensemble.py] [info] VAE          pre_hpo_validation_precision=0.5449 post_hpo_validation_precision=0.5435 hpo_improved=No
[LN1063   ] [chunk_18_phase_4_ensemble.py] [info] Transformer  pre_hpo_validation_precision=0.0000 post_hpo_validation_precision=0.0455 hpo_improved=Yes
[LN1064   ] [chunk_18_phase_4_ensemble.py] [info] TRAINING TIME SUMMARY
[LN1065   ] [chunk_18_phase_4_ensemble.py] [info]    CatBoost: 61.1s
[LN1066   ] [chunk_18_phase_4_ensemble.py] [info]    LightGBM: 45.3s
[LN1067   ] [chunk_18_phase_4_ensemble.py] [info]    XGBoost: 34.3s
[LN1068   ] [chunk_18_phase_4_ensemble.py] [info]    Dense: 867.2s
[LN1069   ] [chunk_18_phase_4_ensemble.py] [info]    CNN: 3391.3s
[LN1070   ] [chunk_18_phase_4_ensemble.py] [info]    RNN: 2218.0s
[LN1071   ] [chunk_18_phase_4_ensemble.py] [info]    LSTM: 2055.3s
[LN1072   ] [chunk_18_phase_4_ensemble.py] [info]    VAE: 598.2s
[LN1073   ] [chunk_18_phase_4_ensemble.py] [info]    Transformer: 1775.3s
[LN1074   ] [chunk_18_phase_4_ensemble.py] [info]    total: 11045.9s
[LN1075   ] [chunk_18_phase_4_ensemble.py] [info]    Skipping CatBoost (precision 0.5250 < 0.53)
[LN1076   ] [chunk_18_phase_4_ensemble.py] [info]    Skipping LightGBM (precision 0.5295 < 0.53)
[LN1077   ] [chunk_18_phase_4_ensemble.py] [info]    Skipping XGBoost (precision 0.0768 < 0.53)
[LN1078   ] [chunk_18_phase_4_ensemble.py] [info]    Saved Dense model to ./saved_models/Dense_model.keras
[LN1079   ] [chunk_18_phase_4_ensemble.py] [info]    Saved Dense scaler to ./saved_models/Dense_scaler.joblib
[LN1080   ] [chunk_18_phase_4_ensemble.py] [info]    Saved CNN model to ./saved_models/CNN_model.keras
[LN1081   ] [chunk_18_phase_4_ensemble.py] [info]    Saved CNN scaler to ./saved_models/CNN_scaler.joblib
[LN1082   ] [chunk_18_phase_4_ensemble.py] [info]    Skipping RNN (precision 0.0581 < 0.53)
[LN1083   ] [chunk_18_phase_4_ensemble.py] [info]    Skipping LSTM (precision 0.5257 < 0.53)
[LN1084   ] [chunk_18_phase_4_ensemble.py] [info]    Saved VAE model to ./saved_models/VAE_model.keras
[LN1085   ] [chunk_18_phase_4_ensemble.py] [info]    Saved VAE scaler to ./saved_models/VAE_scaler.joblib
[LN1086   ] [chunk_18_phase_4_ensemble.py] [info]    Skipping Transformer (precision 0.0617 < 0.53)
[LN1087   ] [chunk_18_phase_4_ensemble.py] [info]    Saved temporal weights to ./saved_models/temporal_weights.json
[LN1088   ] [chunk_18_phase_4_ensemble.py] [info]    Saved feature names to ./saved_models/feature_names.json
[LN1089   ] [chunk_18_phase_4_ensemble.py] [info]    Saved split date to ./saved_models/split_date.txt
[LN1090   ] [chunk_18_phase_4_ensemble.py] [info]    Saved all training dates to ./saved_models/all_dates.json
[LN1091   ] [chunk_18_phase_4_ensemble.py] [info]    Saved Dense metadata to ./saved_models/Dense_metadata.json
[LN1092   ] [chunk_18_phase_4_ensemble.py] [info]    Saved CNN metadata to ./saved_models/CNN_metadata.json
[LN1093   ] [chunk_18_phase_4_ensemble.py] [info]    Saved VAE metadata to ./saved_models/VAE_metadata.json
[LN1094   ] [chunk_18_phase_4_ensemble.py] [info]    3 model(s) and parameters saved to ./saved_models
[LN1095   ] [chunk_XX_phase_feature_analysis_b.py] [info] Phase Xb: Temporal Precision Gap Analysis - Starting
[LN1096   ] [chunk_XX_phase_feature_analysis_b.py] [info] Analyzing temporal precision gap for 9 architectures
[LN1097   ] [chunk_XX_phase_feature_analysis_b.py] [info] Label threshold: 20.0, Prediction threshold: 0.5
[LN1098   ] [chunk_XX_phase_feature_analysis_b.py] [info] Validation date split: 9 unique dates, tail=3 days each (N_DAYS=3, FRACTION=33%)
[LN1099   ] [chunk_XX_phase_feature_analysis_b.py] [info] Validation Recent dates (newest 3 days, 20251017..20251021): 17,747 samples, 91 signal cases
[LN1100   ] [chunk_XX_phase_feature_analysis_b.py] [info] Validation Older dates (oldest 3 days, 20251009..20251013): 17,755 samples, 139 signal cases
[LN1101   ] [chunk_XX_phase_feature_analysis_b.py] [info] Temporal Precision Gap (validation set): Recent = newest 3 days (20251017..20251021), Older = oldest 3 days (20251009..20251013), middle 3 days excluded as buffer
[LN1102   ] [chunk_XX_phase_feature_analysis_b.py] [info] Phase Xb: Temporal Precision Gap Analysis Report - FULL METRICS
[LN1103   ] [chunk_XX_phase_feature_analysis_b.py] [info] Architecture validation_recent_precision validation_recent_recall validation_recent_auc validation_recent_f1 validation_older_precision validation_older_recall validation_older_auc validation_older_f1    Gap
[LN1104   ] [chunk_XX_phase_feature_analysis_b.py] [info] Dense        validation_recent_precision=  0.2273 validation_recent_recall=  0.0549 validation_recent_auc=    0.5280 validation_recent_f1=  0.0885 validation_older_precision=  0.0000 validation_older_recall=  0.0000 validation_older_auc=    0.3802 validation_older_f1=  0.0000 Gap= +0.23
[LN1105   ] [chunk_XX_phase_feature_analysis_b.py] [info] VAE          validation_recent_precision=  0.0046 validation_recent_recall=  0.4066 validation_recent_auc=    0.4663 validation_recent_f1=  0.0091 validation_older_precision=  0.0067 validation_older_recall=  0.3813 validation_older_auc=    0.4559 validation_older_f1=  0.0131 Gap= -0.00
[LN1106   ] [chunk_XX_phase_feature_analysis_b.py] [info] CNN          validation_recent_precision=  0.0051 validation_recent_recall=  1.0000 validation_recent_auc=    0.5685 validation_recent_f1=  0.0102 validation_older_precision=  0.0078 validation_older_recall=  1.0000 validation_older_auc=    0.5387 validation_older_f1=  0.0155 Gap= -0.00
[LN1107   ] [chunk_XX_phase_feature_analysis_b.py] [info] LSTM         validation_recent_precision=  0.0074 validation_recent_recall=  0.8242 validation_recent_auc=    0.6798 validation_recent_f1=  0.0148 validation_older_precision=  0.0102 validation_older_recall=  0.8633 validation_older_auc=    0.6738 validation_older_f1=  0.0201 Gap= -0.00
[LN1108   ] [chunk_XX_phase_feature_analysis_b.py] [info] Transformer  validation_recent_precision=  0.0023 validation_recent_recall=  0.2418 validation_recent_auc=    0.3346 validation_recent_f1=  0.0045 validation_older_precision=  0.0053 validation_older_recall=  0.3885 validation_older_auc=    0.3769 validation_older_f1=  0.0106 Gap= -0.00
[LN1109   ] [chunk_XX_phase_feature_analysis_b.py] [info] RNN          validation_recent_precision=  0.0153 validation_recent_recall=  0.5385 validation_recent_auc=    0.8117 validation_recent_f1=  0.0298 validation_older_precision=  0.0206 validation_older_recall=  0.5540 validation_older_auc=    0.7961 validation_older_f1=  0.0397 Gap= -0.01
[LN1110   ] [chunk_XX_phase_feature_analysis_b.py] [info] LightGBM     validation_recent_precision=  0.0045 validation_recent_recall=  0.2967 validation_recent_auc=    0.4583 validation_recent_f1=  0.0089 validation_older_precision=  0.0102 validation_older_recall=  0.6187 validation_older_auc=    0.5901 validation_older_f1=  0.0201 Gap= -0.01
[LN1111   ] [chunk_XX_phase_feature_analysis_b.py] [info] CatBoost     validation_recent_precision=  0.0043 validation_recent_recall=  0.2747 validation_recent_auc=    0.4416 validation_recent_f1=  0.0085 validation_older_precision=  0.0103 validation_older_recall=  0.6187 validation_older_auc=    0.6046 validation_older_f1=  0.0202 Gap= -0.01
[LN1112   ] [chunk_XX_phase_feature_analysis_b.py] [info] XGBoost      validation_recent_precision=  0.0201 validation_recent_recall=  0.1758 validation_recent_auc=    0.8060 validation_recent_f1=  0.0361 validation_older_precision=  0.0342 validation_older_recall=  0.2446 validation_older_auc=    0.8298 validation_older_f1=  0.0600 Gap= -0.01
[LN1113   ] [chunk_XX_phase_feature_analysis_b.py] [info] BEST for recent signals: Dense (Gap: +0.2273)
[LN1114   ] [chunk_XX_phase_feature_analysis_b.py] [info] WORST for recent signals: XGBoost (Gap: -0.0140)
[LN1115   ] [chunk_XX_phase_feature_analysis_b.py] [info] 1/9 architectures show positive temporal precision gap
[LN1116   ] [chunk_XX_phase_feature_analysis_b.py] [info] Phase Xb: Temporal Precision Gap Analysis - COMPLETE
[LN1117   ] [chunk_20_pipeline_main.py] [info] [skip] Phase Xb: Temporal Precision Gap validation skipped (no validator)
[LN1118   ] [chunk_19_phase_5_optimization.py] [info] Loading saved models from ./saved_models...
[LN1119   ] [chunk_22_model_loader.py] [info] Loaded CNN model
[LN1120   ] [chunk_22_model_loader.py] [info] Loaded CNN metadata: label_threshold=0.0
[LN1121   ] [chunk_22_model_loader.py] [info] Loaded Dense model
[LN1122   ] [chunk_22_model_loader.py] [info] Loaded Dense metadata: label_threshold=0.0
[LN1123   ] [chunk_22_model_loader.py] [info] Loaded VAE model
[LN1124   ] [chunk_22_model_loader.py] [info] Loaded VAE metadata: label_threshold=0.0
[LN1125   ] [chunk_19_phase_5_optimization.py] [info] Loaded architectures: ['CNN', 'Dense', 'VAE']
[LN1126   ] [chunk_19_phase_5_optimization.py] [info] Receiving inference data from context (NO CSV loading)...
[LN1127   ] [chunk_19_phase_5_optimization.py] [info]   Inference samples: 11,844
[LN1128   ] [chunk_19_phase_5_optimization.py] [info]   Inference date(s): [20251022 20251023]
[LN1129   ] [chunk_19_phase_5_optimization.py] [info]   Feature count: 24
[LN1130   ] [chunk_19_phase_5_optimization.py] [info]   Features will be selected per-architecture from 24 total
[LN1131   ] [chunk_19_phase_5_optimization.py] [info]   Label threshold: 20.0
[LN1132   ] [chunk_19_phase_5_optimization.py] [info]   Inference data: RAW (no temporal weighting applied)
[LN1133   ] [chunk_19_phase_5_optimization.py] [info]   X shape (RAW, no weighting): (11844, 24)
[LN1134   ] [chunk_19_phase_5_optimization.py] [info]   y shape: (11844,)
[LN1135   ] [chunk_19_phase_5_optimization.py] [info]   Temporal weights applied: min=1.00, max=2.24
[LN1136   ] [chunk_19_phase_5_optimization.py] [info] 
[LN1137   ] [chunk_19_phase_5_optimization.py] [info] Per-Architecture Results on Newest Data
[LN1138   ] [chunk_19_phase_5_optimization.py] [info]   CNN: using 19 features (optimal threshold's pruning)
[LN1139   ] [chunk_19_phase_5_optimization.py] [info] CNN (LABEL_THRESHOLD=0.0, prediction_binary_split=0.50, hyperparams={'loss_function': 'focal_loss', 'filters': 512, 'kernel_size': 5, 'dropout': 0.2, 'learning_rate': 0.01, 'epochs': 30, 'alpha': 1.0, 'gamma': 2.0, 'layers': 1, 'pooling': 'avg'}, VALIDATION_PRECISION=0.5403):
[LN1140   ] [chunk_19_phase_5_optimization.py] [info]    predictions: mean=0.5104, std=0.0006, min=0.5104, max=0.5503
[LN1141   ] [chunk_19_phase_5_optimization.py] [info]    INFERENCE predictions: 100.00% positive predictions (11,844 / 11,844)
[LN1142   ] [chunk_19_phase_5_optimization.py] [info]   CNN t=0.0: inference_precision=0.6494 inference_recall=1.0000 inference_auc=0.4999 inference_f1=0.7875 inference_false_negatives=0 inference_true_negatives=0 inference_true_positives=7692 inference_false_positives=4152
[LN1143   ] [chunk_19_phase_5_optimization.py] [info]   CNN - Inference: inference_precision=0.6494 inference_true_positives=7692 inference_true_negatives=0 inference_false_positives=4152 inference_false_negatives=0 inference_max_prediction=0.5503 inference_mean_prediction=0.5104 inference_recall=1.0000 inference_f1=0.7875 inference_auc=0.4999 inference_specificity=0.0000 inference_false_positive_rate=1.0000 inference_f2=0.9026 inference_mcc=0.0000 inference_prauc=0.6495 inference_balanced_accuracy=0.5000 inference_standard_deviation_prediction=0.0006 inference_percentage_above_threshold=100.00 inference_brier=0.2470 inference_kappa=0.0000 inference_informedness=0.0000 inference_markedness=-0.3506 inference_gini=0.0000 inference_optimal_threshold=0.5225
[LN1144   ] [chunk_19_phase_5_optimization.py] [info] 
[LN1145   ] [chunk_19_phase_5_optimization.py] [info] CNN MODEL PREDICTED SIGNAL (11844 rows)
[LN1146   ] [chunk_19_phase_5_optimization.py] [info] CNN inference_precision=0.6494 prediction_binary_split=0.5 predicted=11844
[LN1147   ] [chunk_19_phase_5_optimization.py] [info] Row,Market_Cap,52W_Low,Prev_Close,Price,Volume,52W_High,Ticker_id,Perf_YTD,Perf_Year,SMA200,Perf_Half_Y,Avg_Volume,Perf_Quarter,SMA50,Perf_Month,SMA20,ATR,RSI_14,Perf_Week,Rel_Volume,Change,Price_to_52W_High,Volume_to_Avg_Volume,Price_to_52W_Low
[LN1148   ] [chunk_19_phase_5_optimization.py] [info]   Dense: using 19 features (optimal threshold's pruning)
[LN1149   ] [chunk_19_phase_5_optimization.py] [info] Dense (LABEL_THRESHOLD=0.0, prediction_binary_split=0.50, hyperparams={'units': 512, 'layers': 4, 'dropout': 0.1, 'learning_rate': 0.0003, 'epochs': 40, 'loss_function': 'binary_crossentropy', 'alpha': 1.0, 'gamma': 4.0, 'batch_size': 64, 'activation': 'leaky_relu'}, VALIDATION_PRECISION=0.5441):
[LN1150   ] [chunk_19_phase_5_optimization.py] [info]    predictions: mean=0.0254, std=0.0428, min=0.0000, max=0.4078
[LN1151   ] [chunk_19_phase_5_optimization.py] [info]    INFERENCE predictions: 0.00% positive predictions (0 / 11,844)
[LN1152   ] [chunk_19_phase_5_optimization.py] [warning]    [warning] Model predicts ALL NEGATIVES!
[LN1153   ] [chunk_19_phase_5_optimization.py] [info]   Dense t=0.0: inference_precision=1.0000 inference_recall=0.0000 inference_auc=0.4434 inference_f1=0.0000 inference_false_negatives=7692 inference_true_negatives=4152 inference_true_positives=0 inference_false_positives=0
[LN1154   ] [chunk_19_phase_5_optimization.py] [info]   Dense - Inference: inference_precision=1.0000 inference_true_positives=0 inference_true_negatives=4152 inference_false_positives=0 inference_false_negatives=7692 inference_max_prediction=0.4078 inference_mean_prediction=0.0254 inference_recall=0.0000 inference_f1=0.0000 inference_auc=0.4434 inference_specificity=1.0000 inference_false_positive_rate=0.0000 inference_f2=0.0000 inference_mcc=0.0000 inference_prauc=0.6044 inference_balanced_accuracy=0.5000 inference_standard_deviation_prediction=0.0428 inference_percentage_above_threshold=0.00 inference_brier=0.6228 inference_kappa=0.0000 inference_informedness=0.0000 inference_markedness=1.0000 inference_gini=0.0000 inference_optimal_threshold=0.0001
[LN1155   ] [chunk_19_phase_5_optimization.py] [info]   VAE: using 19 features (optimal threshold's pruning)
[LN1156   ] [chunk_19_phase_5_optimization.py] [info] VAE (LABEL_THRESHOLD=0.0, prediction_binary_split=0.50, hyperparams={'loss_function': 'binary_crossentropy', 'latent_dim': 256, 'learning_rate': 0.0005, 'dropout': 0.0, 'epochs': 80, 'alpha': 0.25, 'gamma': 2.0, 'encoder_layers': 3, 'decoder_layers': 1}, VALIDATION_PRECISION=0.5449):
[LN1157   ] [chunk_19_phase_5_optimization.py] [info]    predictions: mean=0.4980, std=0.0177, min=0.4269, max=0.5754
[LN1158   ] [chunk_19_phase_5_optimization.py] [info]    INFERENCE predictions: 45.59% positive predictions (5,400 / 11,844)
[LN1159   ] [chunk_19_phase_5_optimization.py] [info]   VAE t=0.0: inference_precision=0.6498 inference_recall=0.4562 inference_auc=0.5026 inference_f1=0.5361 inference_false_negatives=4183 inference_true_negatives=2261 inference_true_positives=3509 inference_false_positives=1891
[LN1160   ] [chunk_19_phase_5_optimization.py] [info]   VAE - Inference: inference_precision=0.6498 inference_true_positives=3509 inference_true_negatives=2261 inference_false_positives=1891 inference_false_negatives=4183 inference_max_prediction=0.5754 inference_mean_prediction=0.4980 inference_recall=0.4562 inference_f1=0.5361 inference_auc=0.5026 inference_specificity=0.5446 inference_false_positive_rate=0.4554 inference_f2=0.4851 inference_mcc=0.0007 inference_prauc=0.6517 inference_balanced_accuracy=0.5004 inference_standard_deviation_prediction=0.0177 inference_percentage_above_threshold=45.59 inference_brier=0.2508 inference_kappa=0.0007 inference_informedness=0.0007 inference_markedness=0.1944 inference_gini=0.0051 inference_optimal_threshold=0.4855
[LN1161   ] [chunk_19_phase_5_optimization.py] [info] 
[LN1162   ] [chunk_19_phase_5_optimization.py] [info] VAE MODEL PREDICTED SIGNAL (5400 rows)
[LN1163   ] [chunk_19_phase_5_optimization.py] [info] VAE inference_precision=0.6498 prediction_binary_split=0.5 predicted=5400
[LN1164   ] [chunk_19_phase_5_optimization.py] [info] Row,Market_Cap,52W_Low,Prev_Close,Price,Volume,52W_High,Ticker_id,Perf_YTD,Perf_Year,SMA200,Perf_Half_Y,Avg_Volume,Perf_Quarter,SMA50,Perf_Month,SMA20,ATR,RSI_14,Perf_Week,Rel_Volume,Change,Price_to_52W_High,Volume_to_Avg_Volume,Price_to_52W_Low
[LN1165   ] [chunk_19_phase_5_optimization.py] [info] Majority label threshold: 0.0 (3 archs)
[LN1166   ] [chunk_19_phase_5_optimization.py] [info] 
[LN1167   ] [chunk_19_phase_5_optimization.py] [info] FINAL PREDICTION RESULTS (sorted by inference_precision)
[LN1168   ] [chunk_19_phase_5_optimization.py] [info] 1. Dense        inference_precision=1.0000 inference_recall=0.0000 inference_auc=0.4434 inference_f1=0.0000 inference_fn=7692 inference_tn=4152 inference_tp=0 inference_fp=0
[LN1169   ] [chunk_19_phase_5_optimization.py] [info] 2. VAE          inference_precision=0.6498 inference_recall=0.4562 inference_auc=0.5026 inference_f1=0.5361 inference_fn=4183 inference_tn=2261 inference_tp=3509 inference_fp=1891
[LN1170   ] [chunk_19_phase_5_optimization.py] [info] 3. CNN          inference_precision=0.6494 inference_recall=1.0000 inference_auc=0.4999 inference_f1=0.7875 inference_fn=0 inference_tn=0 inference_tp=7692 inference_fp=4152
[LN1171   ] [chunk_19_phase_5_optimization.py] [info] Best architecture: Dense (inference_precision: 1.0000)
[LN1172   ] [chunk_19_phase_5_optimization.py] [info] phase 5 total time: 2.2s
[LN1173   ] [chunk_19_phase_5_optimization.py] [info] data points evaluated: 11844 (date(s)=[20251022 20251023])
[LN1174   ] [chunk_20_pipeline_main.py] [info] [time] Total execution time: 13341.39s
[LN1175   ] [chunk_20_pipeline_main.py] [info] Phase timings:
[LN1176   ] [chunk_20_pipeline_main.py] [info]    Pipeline Setup: 11.36s
[LN1177   ] [chunk_20_pipeline_main.py] [info]    Temporal Weighting: 0.10s
[LN1178   ] [chunk_20_pipeline_main.py] [info]    Phase Xa: Raw Feature Importance: 868.21s
[LN1179   ] [chunk_20_pipeline_main.py] [info]    Neural Ensemble: 12451.70s
[LN1180   ] [chunk_20_pipeline_main.py] [info]    Phase Xb: Temporal Precision Gap: 0.07s
[LN1181   ] [chunk_20_pipeline_main.py] [info]    Prediction Optimization: 2.53s
[LN1182   ] [chunk_20_pipeline_main.py] [info] [stat] Final Results:
[LN1183   ] [chunk_20_pipeline_main.py] [info]    inference_precision=0.5981
[LN1184   ] [chunk_20_pipeline_main.py] [info]    inference_recall=0.0250
[LN1185   ] [chunk_20_pipeline_main.py] [info]    inference_f1=0.0479
[LN1186   ] [chunk_20_pipeline_main.py] [info]    inference_auc=0.4969
[LN1187   ] [chunk_20_pipeline_main.py] [info] METRICS REVIEW REPORT
[LN1188   ] [chunk_20_pipeline_main.py] [info] [architecture performance] (sorted by validation_precision)
[LN1189   ] [chunk_20_pipeline_main.py] [info] 1. VAE             validation_precision=0.5449 validation_recall=0.4533 validation_auc=0.5037 validation_true_positives=13044 validation_false_positives=10893 PASS (Minimum Validation_Precision Required=0.53)
[LN1190   ] [chunk_20_pipeline_main.py] [info] 2. Dense           validation_precision=0.5441 validation_recall=0.0013 validation_auc=0.5032 validation_true_positives=   37 validation_false_positives=   31 PASS (Minimum Validation_Precision Required=0.53)
[LN1191   ] [chunk_20_pipeline_main.py] [info] 3. CNN             validation_precision=0.5403 validation_recall=1.0000 validation_auc=0.4962 validation_true_positives=28774 validation_false_positives=24480 PASS (Minimum Validation_Precision Required=0.53)
[LN1192   ] [chunk_20_pipeline_main.py] [info] 4. LightGBM        validation_precision=0.5295 validation_recall=0.4056 validation_auc=0.4884 validation_true_positives=11670 validation_false_positives=10371 FAIL (Minimum Validation_Precision Required=0.53)
[LN1193   ] [chunk_20_pipeline_main.py] [info] 5. LSTM            validation_precision=0.5257 validation_recall=0.6060 validation_auc=0.4725 validation_true_positives=17436 validation_false_positives=15732 FAIL (Minimum Validation_Precision Required=0.53)
[LN1194   ] [chunk_20_pipeline_main.py] [info] 6. CatBoost        validation_precision=0.5250 validation_recall=0.3954 validation_auc=0.4838 validation_true_positives=11378 validation_false_positives=10293 FAIL (Minimum Validation_Precision Required=0.53)
[LN1195   ] [chunk_20_pipeline_main.py] [info] 7. XGBoost         validation_precision=0.0768 validation_recall=0.1713 validation_auc=0.7974 validation_true_positives=  205 validation_false_positives= 2463 FAIL (Minimum Validation_Precision Required=0.53)
[LN1196   ] [chunk_20_pipeline_main.py] [info] 8. Transformer     validation_precision=0.0617 validation_recall=0.0298 validation_auc=0.8349 validation_true_positives=   10 validation_false_positives=  152 FAIL (Minimum Validation_Precision Required=0.53)
[LN1197   ] [chunk_20_pipeline_main.py] [info] 9. RNN             validation_precision=0.0581 validation_recall=0.5054 validation_auc=0.7714 validation_true_positives=  605 validation_false_positives= 9801 FAIL (Minimum Validation_Precision Required=0.53)
[LN1198   ] [chunk_20_pipeline_main.py] [info] [standardized metrics table]
[LN1199   ] [chunk_20_pipeline_main.py] [info] Architecture,Phase,Loss,Epochs,Precision,Recall,AUC,F1,TP,FP,TN,FN,MaxPred,MeanPred,StdPred,PctAboveThresh,BestEpoch,TrainingTime,LabelThresh,ThresholdSource,HPO_Trials,HPO_Improvement,KeyHyperparams,TrainLoss,ValLoss,LossDelta,MCC,PRAUC,Specificity,BalancedAccuracy,PredictionThreshold
[LN1200   ] [chunk_20_pipeline_main.py] [info] VAE,Train,binary_crossentropy,3,0.5003,0.4494,0.4994,0.4735,26840,26807,32782,32881,0.5902,0.4978,0.0176,N/A,0,0.0,0.0,section3,20,0.0000,dropout=0.0,learning_rate=0.0005,latent_dim=256,0.0000,0.0000,0.0000,-0.0004,0.5000,0.5501,0.4998,0.5
[LN1201   ] [chunk_20_pipeline_main.py] [info] VAE,Validation,binary_crossentropy,3,0.5449,0.4533,0.5037,0.4949,13044,10893,13587,15730,0.5902,0.4979,0.0177,N/A,0,0.0,0.0,section3,20,0.0000,dropout=0.0,learning_rate=0.0005,latent_dim=256,0.0000,0.0000,0.0000,-0.0032,0.5407,0.5471,0.4984,0.5
[LN1202   ] [chunk_20_pipeline_main.py] [info] VAE,Inference,binary_crossentropy,N/A,0.6498,0.4562,0.5026,0.5361,3509,1891,2261,4183,0.5754,0.4980,0.0177,45.59,N/A,N/A,0.0,N/A,N/A,N/A,N/A,0.5446,0.4554,0.4851,0.0007,0.6517,0.5004,0.50
[LN1203   ] [chunk_20_pipeline_main.py] [info] Dense,Train,binary_crossentropy,40,0.5682,0.0004,0.4752,0.0008,25,19,59570,59696,0.9861,0.0262,0.0489,N/A,0,0.0,0.0,section4,20,0.0632,units=512,layers=4,dropout=0.1,learning_rate=0.0003,0.0000,0.0000,0.0000,0.0026,0.4874,0.9997,0.5000,0.5
[LN1204   ] [chunk_20_pipeline_main.py] [info] Dense,Validation,binary_crossentropy,40,0.5441,0.0013,0.5032,0.0026,37,31,24449,28737,0.9861,0.0452,0.0784,N/A,0,0.0,0.0,section4,20,0.0632,units=512,layers=4,dropout=0.1,learning_rate=0.0003,0.0000,0.0000,0.0000,0.0003,0.5417,0.9987,0.5000,0.5
[LN1205   ] [chunk_20_pipeline_main.py] [info] Dense,Inference,binary_crossentropy,N/A,1.0000,0.0000,0.4434,0.0000,0,0,4152,7692,0.4078,0.0254,0.0428,0.00,N/A,N/A,0.0,N/A,N/A,N/A,N/A,1.0000,0.0000,0.0000,0.0000,0.6044,0.5000,0.50
[LN1206   ] [chunk_20_pipeline_main.py] [info] CNN,Train,binary_crossentropy,30,0.5006,1.0000,0.5003,0.6672,59721,59589,0,0,0.8037,0.5105,0.0012,N/A,0,0.0,0.0,section3,20,0.0000,filters=512,layers=1,dropout=0.2,learning_rate=0.01,0.0000,0.0000,0.0000,0.0000,0.5009,0.0000,0.5000,0.5
[LN1207   ] [chunk_20_pipeline_main.py] [info] CNN,Validation,binary_crossentropy,30,0.5403,1.0000,0.4962,0.7016,28774,24480,0,0,0.8037,0.5106,0.0021,N/A,0,0.0,0.0,section3,20,0.0000,filters=512,layers=1,dropout=0.2,learning_rate=0.01,0.0000,0.0000,0.0000,0.0000,0.5386,0.0000,0.5000,0.5
[LN1208   ] [chunk_20_pipeline_main.py] [info] CNN,Inference,binary_crossentropy,N/A,0.6494,1.0000,0.4999,0.7875,7692,4152,0,0,0.5503,0.5104,0.0006,100.00,N/A,N/A,0.0,N/A,N/A,N/A,N/A,0.0000,1.0000,0.9026,0.0000,0.6495,0.5000,0.50
[LN1209   ] [chunk_20_pipeline_main.py] [info] RNN,Train,binary_crossentropy,20,0.0679,0.4049,0.7606,0.1163,1034,14200,102556,1520,0.9506,0.2063,0.2055,N/A,0,0.0,10.0,section4,20,0.0000,units=64,layers=1,dropout=0.05,learning_rate=0.0005,0.0000,0.0000,0.0000,0.1228,0.0661,0.8784,0.6416,0.5
[LN1210   ] [chunk_20_pipeline_main.py] [info] RNN,Validation,binary_crossentropy,20,0.0581,0.5054,0.7714,0.1043,605,9801,42256,592,0.9506,0.2197,0.2668,N/A,0,0.0,10.0,section4,20,0.0000,units=64,layers=1,dropout=0.05,learning_rate=0.0005,0.0000,0.0000,0.0000,0.1186,0.0631,0.8117,0.6586,0.5
[LN1211   ] [chunk_20_pipeline_main.py] [info] RNN,Inference,N/A,N/A,N/A,N/A,N/A,N/A,N/A,N/A,N/A,N/A,N/A,N/A,N/A,N/A,N/A,N/A,N/A,N/A,N/A,N/A,N/A,N/A,N/A,N/A,N/A,N/A,N/A,N/A,N/A,N/A,N/A,N/A
[LN1212   ] [chunk_20_pipeline_main.py] [info] LSTM,Train,binary_crossentropy,3,0.5210,0.5921,0.5324,0.5543,35362,32512,27077,24359,0.5666,0.5045,0.0191,N/A,0,0.0,0.0,section3,20,0.0000,lstm_units=32,layers=2,dropout=0.1,learning_rate=0.0005,0.0000,0.0000,0.0000,0.0470,0.5258,0.4544,0.5233,0.5
[LN1213   ] [chunk_20_pipeline_main.py] [info] LSTM,Validation,binary_crossentropy,3,0.5257,0.6060,0.4725,0.5630,17436,15732,8748,11338,0.5666,0.5072,0.0215,N/A,0,0.0,0.0,section3,20,0.0000,lstm_units=32,layers=2,dropout=0.1,learning_rate=0.0005,0.0000,0.0000,0.0000,-0.0377,0.5182,0.3574,0.4817,0.5
[LN1214   ] [chunk_20_pipeline_main.py] [info] LSTM,Inference,N/A,N/A,N/A,N/A,N/A,N/A,N/A,N/A,N/A,N/A,N/A,N/A,N/A,N/A,N/A,N/A,N/A,N/A,N/A,N/A,N/A,N/A,N/A,N/A,N/A,N/A,N/A,N/A,N/A,N/A,N/A,N/A
[LN1215   ] [chunk_20_pipeline_main.py] [info] Transformer,Train,binary_crossentropy,3,0.0033,0.3498,0.3342,0.0066,241,72145,46476,448,0.7069,0.5177,0.0645,N/A,0,0.0,20.0,section3,20,-0.0169,layers=4,dim=256,heads=8,dropout=0.0,learning_rate=0.0002,0.0000,0.0000,0.0000,-0.0401,0.0039,0.3918,0.3708,0.5
[LN1216   ] [chunk_20_pipeline_main.py] [info] Transformer,Validation,binary_crossentropy,3,0.0617,0.0298,0.8349,0.0402,10,152,52766,326,0.7069,0.5127,0.0748,N/A,0,0.0,20.0,section3,20,-0.0169,layers=4,dim=256,heads=8,dropout=0.0,learning_rate=0.0002,0.0000,0.0000,0.0000,-0.0325,0.0045,0.4394,0.3983,0.5
[LN1217   ] [chunk_20_pipeline_main.py] [info] Transformer,Inference,N/A,N/A,N/A,N/A,N/A,N/A,N/A,N/A,N/A,N/A,N/A,N/A,N/A,N/A,N/A,N/A,N/A,N/A,N/A,N/A,N/A,N/A,N/A,N/A,N/A,N/A,N/A,N/A,N/A,N/A,N/A,N/A
[LN1218   ] [chunk_20_pipeline_main.py] [info] [info] CSV saved to metrics_summary.csv
[LN1219   ] [chunk_20_pipeline_main.py] [info] END OF METRICS REVIEW
[LN1220   ] [pipeline] [info] Pipeline execution validated successfully
Stock Analysis Pipeline completed successfully!
