[LN1      ] [pipeline] [info] Running in CPU mode
[LN2      ] [chunk_20_pipeline_main.py] [info] [running] Starting Stock Analysis Pipeline
[LN3      ] [chunk_20_pipeline_main.py] [info]    Data path: for_train_x_2025_10_24_clean.csv
[LN4      ] [chunk_20_pipeline_main.py] [info]    Dataset shape: 6,727,216 rows x 23 columns (937.4 MB)
[LN5      ] [chunk_20_pipeline_main.py] [info]    Sampling: size=184408, enabled=True, forced=True
[LN6      ] [chunk_20_pipeline_main.py] [info]    hyperparameter_optimization: trials=5, continue_until_target=False, epochs_per_trial=5, stagnation_threshold=50
[LN7      ] [chunk_20_pipeline_main.py] [info]    Label_Thresholds: 20.0 to 0.0 (3 thresholds)
   [feature] Winsorized 21 features at 2/95 percentiles
   [feature] Log-transformed 4 skewed features
   [feature] Added 3 ratio features
   [feature] Total features: 21 -> 24
[LN8      ] [chunk_16_phase_1_setup.py] [info] Data loaded: 184408 samples, 24 features
[LN9      ] [chunk_02_utils_logging.py] [info] [date] Temporal Coverage:  Date range: 20250910 to 20251023  Unique dates: 32  Total samples: 184408
[LN10     ] [chunk_16_phase_1_setup.py] [info] Target Distribution (ChangeY):
[LN11     ] [chunk_16_phase_1_setup.py] [info]    Min: -99.75 | Max: 32500.00 | Mean: 0.05
[LN12     ] [chunk_16_phase_1_setup.py] [info]    Median: 0.00 | Std: 15.36
[LN13     ] [chunk_16_phase_1_setup.py] [warning] sanity check: Extreme target values detected (max=32500.00)
[LN14     ] [chunk_16_phase_1_setup.py] [info] [class] Class Distribution (LABEL_THRESHOLD=20.0):
[LN15     ] [chunk_16_phase_1_setup.py] [info]   Total samples: 6,727,216
[LN16     ] [chunk_16_phase_1_setup.py] [info]   Signal cases: 25,902 (0.4%)
[LN17     ] [chunk_16_phase_1_setup.py] [info]   Normal cases: 6,701,314 (99.6%)
[LN18     ] [chunk_16_phase_1_setup.py] [info]   Imbalance ratio: 258.7:1
[LN19     ] [chunk_16_phase_1_setup.py] [info] [class] Class Distribution (LABEL_THRESHOLD=10.0):
[LN20     ] [chunk_16_phase_1_setup.py] [info]   Total samples: 6,727,216
[LN21     ] [chunk_16_phase_1_setup.py] [info]   Signal cases: 106,942 (1.6%)
[LN22     ] [chunk_16_phase_1_setup.py] [info]   Normal cases: 6,620,274 (98.4%)
[LN23     ] [chunk_16_phase_1_setup.py] [info]   Imbalance ratio: 61.9:1
[LN24     ] [chunk_16_phase_1_setup.py] [info] [class] Class Distribution (LABEL_THRESHOLD= 0.0):
[LN25     ] [chunk_16_phase_1_setup.py] [info]   Total samples: 6,727,216
[LN26     ] [chunk_16_phase_1_setup.py] [info]   Signal cases: 3,465,261 (51.5%)
[LN27     ] [chunk_16_phase_1_setup.py] [info]   Normal cases: 3,261,955 (48.5%)
[LN28     ] [chunk_16_phase_1_setup.py] [info]   Imbalance ratio: 1.1:1
[LN29     ] [chunk_16_phase_1_setup.py] [info] [class] Class Distribution (LABEL_THRESHOLD=20.0):
[LN30     ] [chunk_16_phase_1_setup.py] [info]   Total samples: 184,408
[LN31     ] [chunk_16_phase_1_setup.py] [info]   Signal cases: 1,078 (0.6%)
[LN32     ] [chunk_16_phase_1_setup.py] [info]   Normal cases: 183,330 (99.4%)
[LN33     ] [chunk_16_phase_1_setup.py] [info]   Imbalance ratio: 170.1:1
[LN34     ] [chunk_16_phase_1_setup.py] [info] [class] Class Distribution (LABEL_THRESHOLD=10.0):
[LN35     ] [chunk_16_phase_1_setup.py] [info]   Total samples: 184,408
[LN36     ] [chunk_16_phase_1_setup.py] [info]   Signal cases: 4,028 (2.2%)
[LN37     ] [chunk_16_phase_1_setup.py] [info]   Normal cases: 180,380 (97.8%)
[LN38     ] [chunk_16_phase_1_setup.py] [info]   Imbalance ratio: 44.8:1
[LN39     ] [chunk_16_phase_1_setup.py] [info] [class] Class Distribution (LABEL_THRESHOLD= 0.0):
[LN40     ] [chunk_16_phase_1_setup.py] [info]   Total samples: 184,408
[LN41     ] [chunk_16_phase_1_setup.py] [info]   Signal cases: 96,187 (52.2%)
[LN42     ] [chunk_16_phase_1_setup.py] [info]   Normal cases: 88,221 (47.8%)
[LN43     ] [chunk_16_phase_1_setup.py] [info]   Imbalance ratio: 1.1:1
[stat] Feature Quality Analysis:
  feature_0: μ=20.270, σ=2.478, skew=-0.106, kurt=-0.713, missing=0.0%
  feature_1: μ=2.379, σ=1.348, skew=0.259, kurt=-0.927, missing=0.0%
  feature_2: μ=36.193, σ=52.535, skew=2.043, kurt=3.225, missing=0.0%
  feature_3: μ=36.227, σ=52.569, skew=2.042, kurt=3.223, missing=0.0%
  feature_4: μ=12.594, σ=2.152, skew=-0.670, kurt=0.341, missing=0.0%
  feature_5: μ=3.207, σ=1.222, skew=0.264, kurt=-0.775, missing=0.0%
  feature_6: μ=2972.375, σ=1704.246, skew=-0.017, kurt=-1.229, missing=0.0%
  feature_7: μ=3.275, σ=45.811, skew=0.552, kurt=0.543, missing=0.0%
  feature_8: μ=6.125, σ=52.192, skew=0.874, kurt=1.054, missing=0.0%
  feature_9: μ=3.303, σ=29.850, skew=-0.076, kurt=0.801, missing=0.0%
  feature_10: μ=19.520, σ=48.693, skew=1.011, kurt=1.161, missing=0.0%
  feature_11: μ=1474551.399, σ=2209805.429, skew=2.109, kurt=3.583, missing=0.0%
  feature_12: μ=6.974, σ=28.842, skew=0.560, kurt=0.808, missing=0.0%
  feature_13: μ=1.741, σ=13.285, skew=0.092, kurt=1.096, missing=0.0%
  feature_14: μ=2.399, σ=15.021, skew=0.604, kurt=0.992, missing=0.0%
  feature_15: μ=0.318, σ=7.468, skew=0.142, kurt=0.955, missing=0.0%
  feature_16: μ=1.129, σ=1.495, skew=1.937, kurt=2.866, missing=0.0%
  feature_17: μ=50.697, σ=11.752, skew=-0.019, kurt=-0.567, missing=0.0%
  feature_18: μ=0.012, σ=6.545, skew=-0.030, kurt=1.012, missing=0.0%
  feature_19: μ=0.898, σ=0.590, skew=0.986, kurt=0.741, missing=0.0%
  feature_20: μ=-0.020, σ=2.992, skew=-0.320, kurt=0.985, missing=0.0%
  feature_21: μ=8.349, σ=9.509, skew=1.779, kurt=2.865, missing=0.0%
  feature_22: μ=0.000, σ=0.000, skew=3.626, kurt=15.282, missing=0.0%
  feature_23: μ=10.603, σ=11.410, skew=4.996, kurt=163.562, missing=0.0%
[LN44     ] [chunk_16_phase_1_setup.py] [info] Data concentration: 184408 samples retained
[LN45     ] [chunk_16_phase_1_setup.py] [info] Data preprocessing complete: 24 features
[LN46     ] [chunk_16_phase_1_setup.py] [info]   Feature names (24): ['Market_Cap', '52W_Low', 'Prev_Close', 'Price', 'Volume', '52W_High', 'Ticker_id', 'Perf_YTD', 'Perf_Year', 'SMA200', 'Perf_Half_Y', 'Avg_Volume', 'Perf_Quarter', 'SMA50', 'Perf_Month', 'SMA20', 'ATR', 'RSI_14', 'Perf_Week', 'Rel_Volume', 'Change', 'Price_to_52W_High', 'Volume_to_Avg_Volume', 'Price_to_52W_Low']
[LN47     ] [chunk_16_phase_1_setup.py] [info] [data split] Summary:
[LN48     ] [chunk_16_phase_1_setup.py] [info]   Total: 184,408 samples, 32 dates
[LN49     ] [chunk_16_phase_1_setup.py] [info]   train: 119,310 samples (64.7%), dates < 20251009
[LN50     ] [chunk_16_phase_1_setup.py] [info]   validation: 59,175 samples (32.1%), dates >= 20251009
[LN51     ] [chunk_16_phase_1_setup.py] [info]   Inference: 5,923 samples (3.2%), date = 20251023
[LN52     ] [chunk_17_phase_3_temporal.py] [info] Processing 184408 samples with temporal weighting
[LN53     ] [chunk_17_phase_3_temporal.py] [info] Extracted 9 temporal features
[LN54     ] [chunk_17_phase_3_temporal.py] [info] Temporal weights: min=1.000, max=10.000, mean=5.815
[LN55     ] [chunk_XX_phase_feature_analysis_a.py] [info] Phase Xa: Raw Feature Importance Analysis - Starting
[LN56     ] [chunk_XX_phase_feature_analysis_a.py] [info] Subsampling 184408 -> 100000 for feature analysis
[LN57     ] [chunk_XX_phase_feature_analysis_a.py] [info] Analyzing 24 raw features on 100000 samples
[LN58     ] [chunk_XX_feature_importance.py] [info] Starting 6-method feature importance analysis
[LN59     ] [chunk_XX_feature_importance.py] [info] Features: 24, Samples: 100000
[LN60     ] [chunk_XX_feature_importance.py] [info]   Method 1/6: Statistical Correlation (label_threshold=20.0, +0.601%, kept 19/24) Done in 0.0s: Change=0.038873 | SMA20=0.029064 | Perf_Half_Y=0.027145 | Perf_Week=0.025326 | Market_Cap=0.022936 | Perf_YTD=0.022405 | SMA50=0.021675 | Perf_Month=0.019955 | Perf_Year=0.017525 | SMA200=0.015957 | Volume=0.014913 | Price_to_52W_High=0.012989 | Avg_Volume=0.012834 | Prev_Close=0.011758 | Rel_Volume=0.010800 | Price=0.010739 | Price_to_52W_Low=0.010269 | 52W_Low=0.008274 | 52W_High=0.004372
[LN61     ] [chunk_XX_feature_importance.py] [info]   Method 2/6: Tree-Based Importance (label_threshold=20.0, +0.601%, kept 19/24) Done in 93.9s: Price_to_52W_High=0.070073 | 52W_Low=0.068314 | Rel_Volume=0.066749 | Perf_Week=0.062517 | Volume=0.062410 | Market_Cap=0.058348 | Change=0.053253 | Prev_Close=0.045351 | Price_to_52W_Low=0.044892 | SMA20=0.040512 | Perf_Half_Y=0.036889 | Avg_Volume=0.035458 | Perf_Month=0.033617 | SMA50=0.031961 | Perf_Year=0.030958 | Perf_YTD=0.028899 | Price=0.028162 | 52W_High=0.026819 | SMA200=0.026719
[LN62     ] [chunk_XX_feature_importance.py] [info]   Method 3/6: Permutation Importance (label_threshold=20.0, +0.601%, baseline AUC=0.4925, kept 19/24) Done in 60.1s: Perf_Half_Y=0.000300 | Perf_YTD=0.000191 | SMA200=0.000044 | Perf_Year=0.000013 | SMA50=0.000007 | Volume=0.000000 | 52W_High=0.000000 | 52W_Low=0.000000 | Prev_Close=0.000000 | Price=0.000000 | Market_Cap=0.000000 | Avg_Volume=0.000000 | Perf_Month=0.000000 | SMA20=0.000000 | Perf_Week=0.000000 | Rel_Volume=0.000000 | Change=0.000000 | Price_to_52W_High=0.000000 | Price_to_52W_Low=0.000000
[LN63     ] [chunk_XX_feature_importance.py] [info]   Method 4/6: Neural Weight Analysis (label_threshold=20.0, +0.601%, kept 19/24) Done in 4.8s: Perf_Week=0.200880 | 52W_Low=0.195504 | Price=0.182913 | Perf_Month=0.179580 | Price_to_52W_High=0.173189 | SMA20=0.161264 | Perf_Year=0.159078 | Volume=0.159000 | Perf_YTD=0.152440 | 52W_High=0.149540 | Prev_Close=0.149121 | Rel_Volume=0.146652 | Perf_Half_Y=0.146276 | SMA200=0.144551 | SMA50=0.142775 | Price_to_52W_Low=0.142339 | Market_Cap=0.142182 | Change=0.135698 | Avg_Volume=0.098025
[LN64     ] [chunk_XX_feature_importance.py] [info]   Method 5/6: SHAP Values (label_threshold=20.0, +0.601%, kept 19/24) Done in 16.4s: Avg_Volume=0.000843 | Perf_YTD=0.000079 | Perf_Year=0.000048 | SMA200=0.000016 | Perf_Week=0.000016 | Perf_Half_Y=0.000012 | Price=0.000011 | SMA20=0.000006 | Prev_Close=0.000005 | Perf_Month=0.000004 | Price_to_52W_Low=0.000002 | SMA50=0.000002 | Change=0.000002 | Market_Cap=0.000001 | 52W_High=0.000001 | Volume=0.000001 | Price_to_52W_High=0.000000 | 52W_Low=0.000000 | Rel_Volume=0.000000
[LN65     ] [chunk_XX_feature_importance.py] [info]   Method 6/6: Ablation Study (label_threshold=20.0, +0.601%, kept 19/24) Done in 113.4s: 52W_Low=0.838140 | SMA20=0.788642 | Perf_Month=0.785395 | SMA50=0.784598 | Price_to_52W_High=0.780691 | Prev_Close=0.773908 | Price=0.769833 | Market_Cap=0.767023 | Perf_Week=0.766958 | Change=0.766032 | Perf_Half_Y=0.710986 | Rel_Volume=0.700906 | SMA200=0.700232 | Perf_YTD=0.698591 | 52W_High=0.671985 | Price_to_52W_Low=0.654399 | Volume=0.602580 | Perf_Year=0.570402 | Avg_Volume=0.474816
[LN66     ] [chunk_XX_feature_importance.py] [info]   Consolidated ranking (label_threshold=20.0, +0.601%, kept 19/24): #1 Perf_Half_Y=10.17 | #2 52W_Low=10.75 | #3 Price_to_52W_High=11.08 | #4 Prev_Close=13.08 | #5 Perf_Week=13.25 | #6 Price=13.92 | #7 Market_Cap=14.08 | #8 Perf_Month=14.42 | #9 SMA20=14.58 | #10 Volume=14.83 | #11 Perf_YTD=15.50 | #12 SMA50=16.50 | #13 Perf_Year=16.83 | #14 Avg_Volume=17.25 | #15 SMA200=17.83 | #16 Change=17.92 | #17 Price_to_52W_Low=18.08 | #18 Rel_Volume=18.75 | #19 52W_High=19.08
[LN67     ] [chunk_XX_feature_importance.py] [info]   Consolidated pruning (label_threshold=20.0, +0.601%, pruned 5/24): #20 Perf_Quarter=19.50 | #21 Volume_to_Avg_Volume=22.75 | #22 Ticker_id=22.83 | #23 RSI_14=22.92 | #24 ATR=24.08
[LN68     ] [chunk_XX_feature_importance.py] [info]   Method 1/6: Statistical Correlation (label_threshold=10.0, +2.182%, kept 19/24) Done in 2.8s: Change=0.038873 | SMA20=0.029064 | Perf_Half_Y=0.027145 | Perf_Week=0.025326 | Market_Cap=0.022936 | Perf_YTD=0.022405 | SMA50=0.021675 | Perf_Month=0.019955 | Perf_Year=0.017525 | Volume=0.014913 | Price_to_52W_High=0.012989 | Avg_Volume=0.012834 | Prev_Close=0.011758 | Rel_Volume=0.010800 | Price=0.010739 | Price_to_52W_Low=0.010269 | 52W_Low=0.008274 | Perf_Quarter=0.006780 | 52W_High=0.004372
[LN69     ] [chunk_XX_feature_importance.py] [info]   Method 2/6: Tree-Based Importance (label_threshold=10.0, +2.182%, kept 19/24) Done in 92.1s: 52W_Low=0.138357 | Change=0.079618 | Perf_Week=0.063773 | SMA20=0.059042 | Price_to_52W_High=0.057823 | SMA50=0.046441 | Volume=0.045782 | Rel_Volume=0.044570 | Market_Cap=0.040232 | Perf_Month=0.038582 | Price_to_52W_Low=0.038377 | Prev_Close=0.035893 | Price=0.030295 | Perf_Year=0.030052 | Perf_Half_Y=0.027868 | Perf_Quarter=0.027146 | Perf_YTD=0.025546 | 52W_High=0.023916 | Avg_Volume=0.021955
[LN70     ] [chunk_XX_feature_importance.py] [info]   Method 3/6: Permutation Importance (label_threshold=10.0, +2.182%, baseline AUC=0.4775, kept 19/24) Done in 61.0s: Prev_Close=0.000568 | Price=0.000498 | Perf_Month=0.000188 | Perf_Year=0.000125 | Perf_Quarter=0.000125 | SMA50=0.000110 | Perf_Half_Y=0.000102 | Perf_YTD=0.000087 | SMA20=0.000059 | 52W_Low=0.000028 | Price_to_52W_High=0.000026 | Change=0.000010 | Rel_Volume=0.000008 | 52W_High=0.000006 | Volume=0.000001 | Avg_Volume=0.000000 | Market_Cap=0.000000 | Perf_Week=0.000000 | Price_to_52W_Low=0.000000
[LN71     ] [chunk_XX_feature_importance.py] [info]   Method 4/6: Neural Weight Analysis (label_threshold=10.0, +2.182%, kept 19/24) Done in 1.9s: Price=0.169787 | Perf_Quarter=0.165127 | SMA20=0.164501 | Price_to_52W_Low=0.157231 | Perf_Month=0.154195 | SMA50=0.153837 | 52W_High=0.148472 | Price_to_52W_High=0.145502 | Change=0.144840 | 52W_Low=0.144192 | Perf_YTD=0.140520 | Prev_Close=0.138756 | Rel_Volume=0.137285 | Perf_Week=0.130781 | Market_Cap=0.122444 | Volume=0.121481 | Perf_Half_Y=0.121211 | Perf_Year=0.116663 | Avg_Volume=0.095669
[LN72     ] [chunk_XX_feature_importance.py] [info]   Method 5/6: SHAP Values (label_threshold=10.0, +2.182%, kept 19/24) Done in 14.6s: Avg_Volume=0.000000 | Perf_Quarter=0.000000 | Perf_Half_Y=0.000000 | Prev_Close=0.000000 | SMA20=0.000000 | Perf_Month=0.000000 | Price=0.000000 | Perf_Year=0.000000 | Perf_Week=0.000000 | Perf_YTD=0.000000 | SMA50=0.000000 | Price_to_52W_High=0.000000 | Change=0.000000 | Price_to_52W_Low=0.000000 | Market_Cap=0.000000 | 52W_Low=0.000000 | Rel_Volume=0.000000 | Volume=0.000000 | 52W_High=0.000000
[LN73     ] [chunk_XX_feature_importance.py] [info]   Method 6/6: Ablation Study (label_threshold=10.0, +2.182%, kept 19/24) Done in 110.8s: 52W_Low=0.795827 | Change=0.759192 | Perf_Week=0.753999 | SMA20=0.744413 | Price_to_52W_High=0.743239 | Prev_Close=0.741269 | Price=0.738450 | Perf_Month=0.736649 | SMA50=0.727365 | Market_Cap=0.715702 | Perf_Quarter=0.715411 | Perf_Year=0.704531 | Perf_Half_Y=0.700361 | Perf_YTD=0.692493 | 52W_High=0.668555 | Rel_Volume=0.643621 | Price_to_52W_Low=0.642492 | Volume=0.585204 | Avg_Volume=0.493247
[LN74     ] [chunk_XX_feature_importance.py] [info]   Consolidated ranking (label_threshold=10.0, +2.182%, kept 19/24): #1 Price=10.17 | #2 52W_Low=10.50 | #2 Price_to_52W_High=10.50 | #4 Prev_Close=10.67 | #5 SMA20=11.50 | #6 Perf_Month=11.67 | #7 Perf_Half_Y=13.33 | #8 Change=13.67 | #9 SMA50=14.00 | #10 Perf_Quarter=14.17 | #11 Market_Cap=15.75 | #12 Perf_Week=16.42 | #13 Price_to_52W_Low=17.75 | #14 Perf_Year=18.67 | #14 Perf_YTD=18.67 | #16 Volume=18.83 | #16 52W_High=18.83 | #18 Avg_Volume=19.25 | #19 Rel_Volume=20.00
[LN75     ] [chunk_XX_feature_importance.py] [info]   Consolidated pruning (label_threshold=10.0, +2.182%, pruned 5/24): #20 RSI_14=20.33 | #21 SMA200=20.92 | #22 Volume_to_Avg_Volume=23.08 | #23 ATR=25.08 | #24 Ticker_id=26.25
[LN76     ] [chunk_XX_feature_importance.py] [info]   Method 1/6: Statistical Correlation (label_threshold=0.0, +52.060%, kept 19/24) Done in 3.2s: Change=0.038873 | SMA20=0.029064 | Perf_Half_Y=0.027145 | RSI_14=0.024932 | Market_Cap=0.022936 | Perf_YTD=0.022405 | SMA50=0.021675 | Perf_Month=0.019955 | SMA200=0.015957 | Volume=0.014913 | Price_to_52W_High=0.012989 | Avg_Volume=0.012834 | Prev_Close=0.011758 | Rel_Volume=0.010800 | Price=0.010739 | Price_to_52W_Low=0.010269 | 52W_Low=0.008274 | ATR=0.004425 | 52W_High=0.004372
[LN77     ] [chunk_XX_feature_importance.py] [info]   Method 2/6: Tree-Based Importance (label_threshold=0.0, +52.060%, kept 19/24) Done in 90.6s: Change=0.120119 | ATR=0.076927 | Volume=0.067702 | Rel_Volume=0.067190 | SMA20=0.048458 | Market_Cap=0.041054 | Perf_Half_Y=0.040651 | SMA50=0.039701 | Price_to_52W_Low=0.038714 | RSI_14=0.038237 | Perf_Month=0.036462 | Perf_YTD=0.035392 | SMA200=0.030755 | 52W_Low=0.030660 | Price_to_52W_High=0.028421 | Avg_Volume=0.027925 | 52W_High=0.026730 | Prev_Close=0.023917 | Price=0.021690
[LN78     ] [chunk_XX_feature_importance.py] [info]   Method 3/6: Permutation Importance (label_threshold=0.0, +52.060%, baseline AUC=0.4922, kept 19/24) Done in 60.1s: Perf_YTD=0.000131 | Prev_Close=0.000065 | SMA200=0.000060 | RSI_14=0.000050 | Price_to_52W_Low=0.000018 | Market_Cap=0.000005 | Rel_Volume=0.000005 | ATR=0.000001 | Perf_Half_Y=0.000000 | Avg_Volume=0.000000 | Price=0.000000 | Volume=0.000000 | 52W_High=0.000000 | 52W_Low=0.000000 | SMA20=0.000000 | Perf_Month=0.000000 | SMA50=0.000000 | Change=0.000000 | Price_to_52W_High=0.000000
[LN79     ] [chunk_XX_feature_importance.py] [info]   Method 4/6: Neural Weight Analysis (label_threshold=0.0, +52.060%, kept 19/24) Done in 4.9s: 52W_High=0.178056 | Volume=0.163799 | Market_Cap=0.163061 | Rel_Volume=0.156380 | SMA50=0.156197 | 52W_Low=0.153600 | RSI_14=0.149309 | SMA20=0.145638 | Price_to_52W_High=0.144334 | ATR=0.139519 | Price=0.138878 | Price_to_52W_Low=0.138468 | Perf_Month=0.130699 | SMA200=0.128811 | Prev_Close=0.126303 | Change=0.126215 | Perf_YTD=0.123999 | Perf_Half_Y=0.122442 | Avg_Volume=0.064013
[LN80     ] [chunk_XX_feature_importance.py] [info]   Method 5/6: SHAP Values (label_threshold=0.0, +52.060%, kept 19/24) Done in 12.0s: Avg_Volume=0.109922 | Prev_Close=0.000358 | Perf_Half_Y=0.000288 | Price=0.000255 | SMA200=0.000164 | RSI_14=0.000115 | SMA50=0.000111 | Perf_Month=0.000094 | Price_to_52W_Low=0.000064 | Perf_YTD=0.000060 | Price_to_52W_High=0.000049 | Volume=0.000030 | Change=0.000029 | 52W_Low=0.000018 | 52W_High=0.000018 | SMA20=0.000015 | ATR=0.000012 | Market_Cap=0.000011 | Rel_Volume=0.000009
[LN81     ] [chunk_XX_feature_importance.py] [info]   Method 6/6: Ablation Study (label_threshold=0.0, +52.060%, kept 19/24) Done in 117.7s: Change=0.534504 | SMA20=0.522707 | SMA50=0.520081 | ATR=0.519960 | 52W_Low=0.517821 | 52W_High=0.516140 | Price=0.514251 | Perf_Month=0.514215 | Perf_Half_Y=0.514056 | Price_to_52W_High=0.513646 | Rel_Volume=0.513054 | Avg_Volume=0.512801 | Price_to_52W_Low=0.512758 | SMA200=0.511980 | Prev_Close=0.510690 | RSI_14=0.508618 | Market_Cap=0.507508 | Perf_YTD=0.504033 | Volume=0.500000
[LN82     ] [chunk_XX_feature_importance.py] [info]   Consolidated ranking (label_threshold=0.0, +52.060%, kept 19/24): #1 Market_Cap=12.67 | #2 Perf_Half_Y=13.08 | #3 52W_Low=14.08 | #4 SMA50=14.58 | #5 Prev_Close=14.67 | #6 Price_to_52W_High=14.92 | #7 Price_to_52W_Low=15.17 | #8 Volume=15.42 | #9 Price=15.58 | #10 Change=15.92 | #10 52W_High=15.92 | #12 SMA20=16.08 | #13 RSI_14=16.17 | #13 Rel_Volume=16.17 | #15 Perf_Month=16.58 | #16 Avg_Volume=16.92 | #17 ATR=17.17 | #18 SMA200=17.50 | #19 Perf_YTD=19.33
[LN83     ] [chunk_XX_feature_importance.py] [info]   Consolidated pruning (label_threshold=0.0, +52.060%, pruned 5/24): #20 Perf_Year=19.58 | #20 Perf_Week=19.58 | #22 Perf_Quarter=20.25 | #23 Volume_to_Avg_Volume=20.58 | #24 Ticker_id=22.08
[LN84     ] [chunk_XX_feature_importance.py] [info] [cross-threshold] Always pruned (3/3): ['Ticker_id', 'Volume_to_Avg_Volume']
[LN85     ] [chunk_XX_feature_importance.py] [info] [cross-threshold] Never pruned (0/3): ['52W_High', '52W_Low', 'Avg_Volume', 'Change', 'Market_Cap', 'Perf_Half_Y', 'Perf_Month', 'Perf_YTD', 'Prev_Close', 'Price', 'Price_to_52W_High', 'Price_to_52W_Low', 'Rel_Volume', 'SMA20', 'SMA50', 'Volume']
[LN86     ] [chunk_XX_feature_importance.py] [info] [cross-threshold] Borderline: {'ATR': 2, 'Perf_Quarter': 2, 'Perf_Week': 1, 'Perf_Year': 1, 'RSI_14': 2, 'SMA200': 1}
[LN87     ] [chunk_XX_feature_importance.py] [info] Computing feature correlation matrix
[LN88     ] [chunk_XX_feature_importance.py] [info] total time: 860.5s (14.3 min)
[LN89     ] [chunk_XX_feature_importance.py] [info] features: 24 total -> 19 kept, 5 pruned
[LN90     ] [chunk_XX_feature_importance.py] [info] dropped: ['Ticker_id', 'Perf_Quarter', 'ATR', 'RSI_14', 'Volume_to_Avg_Volume']
[LN91     ] [chunk_XX_feature_importance.py] [info] FEATURE IMPORTANCE ANALYSIS REPORT

Original features: 24 | After pruning: 19 | Dropped: 5
Runtime: 14.3 min
  - Correlation: 0.0s
  - Tree: 0.0s
  - Permutation: 0.0s
  - Neural: 0.0s
  - shap: 0.0s
  - Ablation: 0.0s

Dropped features: ['Ticker_id', 'Perf_Quarter', 'ATR', 'RSI_14', 'Volume_to_Avg_Volume']
Kept features: ['Perf_Half_Y', '52W_Low', 'Price_to_52W_High', 'Prev_Close', 'Perf_Week', 'Price', 'Market_Cap', 'Perf_Month', 'SMA20', 'Volume', 'Perf_YTD', 'SMA50', 'Perf_Year', 'Avg_Volume', 'SMA200', 'Change', 'Price_to_52W_Low', 'Rel_Volume', '52W_High']
CONSOLIDATED RANKING (1 = most important)
             feature  mean_rank  consolidated_rank
         Perf_Half_Y  10.166667                1.0
             52W_Low  10.750000                2.0
   Price_to_52W_High  11.083333                3.0
          Prev_Close  13.083333                4.0
           Perf_Week  13.250000                5.0
               Price  13.916667                6.0
          Market_Cap  14.083333                7.0
          Perf_Month  14.416667                8.0
               SMA20  14.583333                9.0
              Volume  14.833333               10.0
            Perf_YTD  15.500000               11.0
               SMA50  16.500000               12.0
           Perf_Year  16.833333               13.0
          Avg_Volume  17.250000               14.0
              SMA200  17.833333               15.0
              Change  17.916667               16.0
    Price_to_52W_Low  18.083333               17.0
          Rel_Volume  18.750000               18.0
            52W_High  19.083333               19.0
        Perf_Quarter  19.500000               20.0
Volume_to_Avg_Volume  22.750000               21.0
           Ticker_id  22.833333               22.0
              RSI_14  22.916667               23.0
                 ATR  24.083333               24.0
TOP FEATURES PER METHOD

Spearman Correlation:
            feature  rank  spearman_abs
      Perf_Half_Y  17.0      0.027145
       Market_Cap  19.0      0.022936
Price_to_52W_High  19.0      0.012989
          52W_Low  22.0      0.008274
       Prev_Close  26.0      0.011758

Tree Importance (RF+GBM):
            feature  rank  combined_importance
Price_to_52W_High   1.0             0.070073
          52W_Low   2.0             0.068314
       Rel_Volume   3.0             0.066749
        Perf_Week   4.0             0.062517
           Volume   5.0             0.062410

Permutation Importance:
      feature  rank
  Ticker_id   1.0
Perf_Half_Y   2.0
   Perf_YTD   3.0
     SMA200   4.0
  Perf_Year   5.0

Neural Weight Magnitude:
            feature  rank
        Perf_Week   1.0
          52W_Low   2.0
            Price   3.0
       Perf_Month   4.0
Price_to_52W_High   5.0

SHAP Values:
     feature  rank  mean_abs_shap
Avg_Volume   1.0       0.000843
 Ticker_id   2.0       0.000437
  Perf_YTD   3.0       0.000079
 Perf_Year   4.0       0.000048
    SMA200   5.0       0.000016

Ablation Study (AUC):
            feature  rank      auc
          52W_Low   1.0 0.838140
            SMA20   2.0 0.788642
       Perf_Month   3.0 0.785395
            SMA50   4.0 0.784598
Price_to_52W_High   5.0 0.780691
[LN92     ] [chunk_XX_feature_importance.py] [info] Report saved to ./feature_importance_report.txt
[LN93     ] [chunk_XX_feature_importance.py] [info] Consolidated ranking saved to ./feature_importance_report.csv
[LN94     ] [chunk_XX_feature_importance.py] [info] Metadata saved to ./feature_importance_report_meta.json
[LN95     ] [chunk_XX_phase_feature_analysis_a.py] [info] complete: 24 raw features (per-threshold pruning stored)
[LN96     ] [chunk_XX_phase_feature_analysis_a.py] [info]   First threshold (20.0): 19 kept
[LN97     ] [chunk_20_pipeline_main.py] [info] [skip] Phase Xa: Raw Feature Importance validation skipped (no validator)
[LN98     ] [chunk_18_phase_4_ensemble.py] [info] Target column: ChangeY
[LN99     ] [chunk_18_phase_4_ensemble.py] [info] Features (24): ['Market_Cap', '52W_Low', 'Prev_Close', 'Price', 'Volume', '52W_High', 'Ticker_id', 'Perf_YTD', 'Perf_Year', 'SMA200', 'Perf_Half_Y', 'Avg_Volume', 'Perf_Quarter', 'SMA50', 'Perf_Month', 'SMA20', 'ATR', 'RSI_14', 'Perf_Week', 'Rel_Volume', 'Change', 'Price_to_52W_High', 'Volume_to_Avg_Volume', 'Price_to_52W_Low']
[LN100    ] [chunk_18_phase_4_ensemble.py] [info] Per-threshold feature pruning loaded for 3 thresholds
[LN101    ] [chunk_18_phase_4_ensemble.py] [info] Training ensemble on 184408 samples
[LN102    ] [chunk_18_phase_4_ensemble.py] [info] Date split: 32 total, top 2 held out
[LN103    ] [chunk_18_phase_4_ensemble.py] [info]   Remaining dates: 30 (after excluding top 2)
[LN104    ] [chunk_18_phase_4_ensemble.py] [info]   Validation split: 30% = 9 dates
[LN105    ] [chunk_18_phase_4_ensemble.py] [info]   Training split: 70% = 21 dates
[LN106    ] [chunk_18_phase_4_ensemble.py] [info] Training set: 119,310 rows, 21 unique dates
[LN107    ] [chunk_18_phase_4_ensemble.py] [info] Validation set: 53,254 rows, 9 unique dates
[LN108    ] [chunk_18_phase_4_ensemble.py] [info] [stat] split ratio: train=70.0% | validation=30.0%
[LN109    ] [chunk_18_phase_4_ensemble.py] [info] [stat] Class Distribution at Label Thresholds (20.0 to 0.0, step -10.0):
[LN110    ] [chunk_18_phase_4_ensemble.py] [info]    LABEL_THRESHOLD= 20.0: train_positives=689 ( 0.58%) | validation_positives=336 ( 0.63%) [ok]
[LN111    ] [chunk_18_phase_4_ensemble.py] [info]    LABEL_THRESHOLD= 10.0: train_positives=2,554 ( 2.14%) | validation_positives=1,197 ( 2.25%) [ok]
[LN112    ] [chunk_18_phase_4_ensemble.py] [info]    LABEL_THRESHOLD=  0.0: train_positives=59,721 (50.06%) | validation_positives=28,774 (54.03%) [ok]
[LN113    ] [chunk_18_phase_4_ensemble.py] [info] [section 1] [baseline] Training 9 architectures
[LN114    ] [chunk_18_phase_4_ensemble.py] [info] [section 1] [baseline] Testing 3 thresholds per architecture (20.0 to 0.0, step -10.0)
[LN115    ] [chunk_18_phase_4_ensemble.py] [info] [section 1] [CATBOOST] [baseline] LABEL_THRESHOLD=20.0,
[LN116    ] [chunk_18_phase_4_ensemble.py] [info] [section 1] [CATBOOST] [baseline] predictions: mean=0.0088, std=0.0309, min=0.0000, max=0.8608
[LN117    ] [chunk_18_phase_4_ensemble.py] [info] [section 1] [CATBOOST] [baseline]  percentiles: p1=0.0000, p5=0.0001, p10=0.0002, p25=0.0004, p50=0.0011, p75=0.0049, p90=0.0191, p95=0.0392, p99=0.1372, max=0.8608 | histogram: bins[50851, 1425, 399, 214, 136, 80, 28, 31, 29, 12, 13, 6, 4, 11, 5, 5, 1, 2, 0, 2]
[LN118    ] [chunk_18_phase_4_ensemble.py] [info] [section 1] [CATBOOST] [baseline] prediction_binary_split=0.50, VALIDATION predictions at LABEL_THRESHOLD=20.0: 0.06%
[LN119    ] [chunk_18_phase_4_ensemble.py] [info] [section 1] [CATBOOST] [baseline] LABEL_THRESHOLD=20.0,
[LN120    ] [chunk_18_phase_4_ensemble.py] [info] [section 1] [CATBOOST] [baseline] VALIDATION_PRECISION=0.0000 VALIDATION_TRUE_POSITIVES=0 VALIDATION_TRUE_NEGATIVES=52888 validation_false_positives=30 validation_false_negatives=336 validation_max_prediction=0.8608 validation_mean_prediction=0.0088 validation_recall=0.0000 validation_f1=0.0000 validation_auc=0.8461 validation_specificity=0.9994 validation_false_positive_rate=0.0006 validation_f2=0.0000 validation_mcc=-0.0019 validation_prauc=0.0323 validation_balanced_accuracy=0.4997 validation_brier=0.0068 validation_kappa=-0.0010 validation_informedness=-0.0006 validation_markedness=-0.0006 validation_gini=0.6922 validation_optimal_threshold=0.0045 validation_standard_deviation_prediction=0.0309 validation_percentage_above_threshold=0.06
[LN121    ] [chunk_18_phase_4_ensemble.py] [info] [section 1] [CATBOOST] [baseline] prediction_binary_split=0.50 loss=binary_crossentropy, lr=0.001
[LN122    ] [chunk_12_evaluation_evaluator.py] [info] [CATBOOST] LABEL_THRESHOLD=20.0 | Train: below prediction_binary_split=118,621,above prediction_binary_split=689 [ok] | Validation: below prediction_binary_split=52,918,above prediction_binary_split=336 [ok]
[LN123    ] [chunk_12_evaluation_evaluator.py] [info] [reject] Skipping threshold 20.0: only 30 positive VALIDATION predictions (min=53)
[LN124    ] [chunk_12_evaluation_evaluator.py] [info] [CATBOOST] LABEL_THRESHOLD=10.0 | Train: below prediction_binary_split=116,756,above prediction_binary_split=2,554 [ok] | Validation: below prediction_binary_split=52,057,above prediction_binary_split=1,197 [ok]
[LN125    ] [chunk_12_evaluation_evaluator.py] [info] [CATBOOST] [diagnostic] LABEL_THRESHOLD=10.0 train_precision=0.8537 train_true_positives=1890 train_true_negatives=116432 train_false_positives=324 train_false_negatives=664 train_max_prediction=0.9624 train_mean_prediction=0.0695 train_recall=0.7400 train_f1=0.7928 train_auc=0.9839 train_specificity=0.9972 train_false_positive_rate=0.0028 train_f2=0.7603 train_mcc=0.7907 train_prauc=0.8498 train_balanced_accuracy=0.8686 train_brier=0.0144 train_kappa=0.7886 train_informedness=0.7372 train_markedness=0.8509 train_gini=0.9678 train_optimal_threshold=0.2405 train_standard_deviation_prediction=0.1189 train_percentage_above_threshold=1.86
[LN126    ] [chunk_12_evaluation_evaluator.py] [info] [CATBOOST] [diagnostic] LABEL_THRESHOLD=10.0 VALIDATION_PRECISION=0.1433 VALIDATION_TRUE_POSITIVES=47 VALIDATION_TRUE_NEGATIVES=51776 validation_false_positives=281 validation_false_negatives=1150 validation_max_prediction=0.8570 validation_mean_prediction=0.0569 validation_recall=0.0393 validation_f1=0.0616 validation_auc=0.8260 validation_specificity=0.9946 validation_false_positive_rate=0.0054 validation_f2=0.0459 validation_mcc=0.0642 validation_prauc=0.0820 validation_balanced_accuracy=0.5169 validation_brier=0.0267 validation_kappa=0.0525 validation_informedness=0.0339 validation_markedness=0.1379 validation_gini=0.6520 validation_optimal_threshold=0.0385 validation_standard_deviation_prediction=0.0926 validation_percentage_above_threshold=0.62
[LN127    ] [chunk_12_evaluation_evaluator.py] [info] [CATBOOST] LABEL_THRESHOLD=0.0 | Train: below prediction_binary_split=59,589,above prediction_binary_split=59,721 [ok] | Validation: below prediction_binary_split=24,480,above prediction_binary_split=28,774 [ok]
[LN128    ] [chunk_12_evaluation_evaluator.py] [info] [CATBOOST] [diagnostic] LABEL_THRESHOLD=0.0 train_precision=0.6687 train_true_positives=39326 train_true_negatives=40103 train_false_positives=19486 train_false_negatives=20395 train_max_prediction=0.9895 train_mean_prediction=0.5003 train_recall=0.6585 train_f1=0.6635 train_auc=0.7365 train_specificity=0.6730 train_false_positive_rate=0.3270 train_f2=0.6605 train_mcc=0.3315 train_prauc=0.7369 train_balanced_accuracy=0.6657 train_brier=0.2186 train_kappa=0.3315 train_informedness=0.3315 train_markedness=0.3417 train_gini=0.4731 train_optimal_threshold=0.4964 train_standard_deviation_prediction=0.1051 train_percentage_above_threshold=49.29
[LN129    ] [chunk_12_evaluation_evaluator.py] [info] [CATBOOST] [diagnostic] LABEL_THRESHOLD=0.0 VALIDATION_PRECISION=0.5217 VALIDATION_TRUE_POSITIVES=10808 VALIDATION_TRUE_NEGATIVES=14573 validation_false_positives=9907 validation_false_negatives=17966 validation_max_prediction=0.9885 validation_mean_prediction=0.4720 validation_recall=0.3756 validation_f1=0.4368 validation_auc=0.4781 validation_specificity=0.5953 validation_false_positive_rate=0.4047 validation_f2=0.3979 validation_mcc=-0.0297 validation_prauc=0.5467 validation_balanced_accuracy=0.4855 validation_brier=0.2711 validation_kappa=-0.0284 validation_informedness=-0.0291 validation_markedness=0.1170 validation_gini=0.0000 validation_optimal_threshold=0.6579 validation_standard_deviation_prediction=0.1258 validation_percentage_above_threshold=38.90
[LN130    ] [chunk_18_phase_4_ensemble.py] [info] [section 1] [CATBOOST] [label_threshold_optimal]  percentiles: p1=0.2097, p5=0.2817, p10=0.3204, p25=0.3831, p50=0.4632, p75=0.5535, p90=0.6355, p95=0.6861, p99=0.8107, max=0.9885 | histogram: bins[23, 80, 364, 915, 2085, 4148, 6538, 7770, 7593, 6969, 5826, 4394, 2968, 1708, 830, 460, 263, 140, 163, 17]
[LN131    ] [chunk_18_phase_4_ensemble.py] [info] [section 1] [CATBOOST] [label_threshold_optimal] LABEL_THRESHOLD=0.0
[LN132    ] [chunk_18_phase_4_ensemble.py] [info] [section 1] [CATBOOST] [label_threshold_optimal] train_precision=0.6687 train_true_positives=39326 train_true_negatives=40103 train_false_positives=19486 train_false_negatives=20395 train_max_prediction=0.9895 train_mean_prediction=0.5003 train_recall=0.6585 train_f1=0.6635 train_auc=0.7365 train_specificity=0.6730 train_false_positive_rate=0.3270 train_f2=0.6605 train_mcc=0.3315 train_prauc=0.7369 train_balanced_accuracy=0.6657 train_brier=0.2186 train_kappa=0.3315 train_informedness=0.3315 train_markedness=0.3417 train_gini=0.4731 train_optimal_threshold=0.4964 train_standard_deviation_prediction=0.1051 train_percentage_above_threshold=49.29
[LN133    ] [chunk_18_phase_4_ensemble.py] [info] [section 1] [CATBOOST] [label_threshold_optimal] VALIDATION_PRECISION=0.5217 VALIDATION_TRUE_POSITIVES=10808 VALIDATION_TRUE_NEGATIVES=14573 validation_false_positives=9907 validation_false_negatives=17966 validation_max_prediction=0.9885 validation_mean_prediction=0.4720 validation_recall=0.3756 validation_f1=0.4368 validation_auc=0.4781 validation_specificity=0.5953 validation_false_positive_rate=0.4047 validation_f2=0.3979 validation_mcc=-0.0297 validation_prauc=0.5467 validation_balanced_accuracy=0.4855 validation_brier=0.2711 validation_kappa=-0.0284 validation_informedness=-0.0291 validation_markedness=0.1170 validation_gini=0.0000 validation_optimal_threshold=0.6579 validation_standard_deviation_prediction=0.1258 validation_percentage_above_threshold=38.90
[LN134    ] [chunk_18_phase_4_ensemble.py] [info] [section 1] [CATBOOST] [label_threshold_optimal] prediction_binary_split=0.50
[LN135    ] [chunk_21_hyperparam_optimizer.py] [info] [section 2] [CATBOOST] [hyperparameter_optimization search] Running Bayesian optimization (5 trials)...
[LN136    ] [chunk_21_hyperparam_optimizer.py] [info] [section 2] [CATBOOST] [hyperparameter_optimization search baseline] LABEL_THRESHOLD=0.0
[LN137    ] [chunk_21_hyperparam_optimizer.py] [info] [section 2] [CATBOOST] [hyperparameter_optimization search baseline] VALIDATION_PRECISION=0.5122 VALIDATION_TRUE_POSITIVES=10267 VALIDATION_TRUE_NEGATIVES=14702 validation_false_positives=9778 validation_false_negatives=18507 validation_max_prediction=0.8853 validation_mean_prediction=0.4818 validation_recall=0.3568 validation_f1=0.4206 validation_auc=0.4707 validation_specificity=0.6006 validation_false_positive_rate=0.3994 validation_f2=0.3799 validation_mcc=-0.0438 validation_prauc=0.5429 validation_balanced_accuracy=0.4787 validation_brier=0.2597 validation_kappa=-0.0415 validation_informedness=-0.0426 validation_markedness=0.1128 validation_gini=0.0000 validation_optimal_threshold=0.6175 validation_standard_deviation_prediction=0.0784 validation_percentage_above_threshold=37.64
[LN138    ] [chunk_21_hyperparam_optimizer.py] [info] [section 2] [CATBOOST] [hyperparameter_optimization search baseline] TRIAL 1/5: iterations=400, depth=5, learning_rate=0.03, auto_class_weights=SqrtBalanced, l2_leaf_reg=3
[LN139    ] [chunk_21_hyperparam_optimizer.py] [info] [section 2] [CATBOOST] [hyperparameter_optimization search baseline] LABEL_THRESHOLD=0.0
[LN140    ] [chunk_21_hyperparam_optimizer.py] [info] [section 2] [CATBOOST] [hyperparameter_optimization search baseline] VALIDATION_PRECISION=0.5141 VALIDATION_TRUE_POSITIVES=10612 VALIDATION_TRUE_NEGATIVES=14452 validation_false_positives=10028 validation_false_negatives=18162 validation_max_prediction=0.8469 validation_mean_prediction=0.4841 validation_recall=0.3688 validation_f1=0.4295 validation_auc=0.4707 validation_specificity=0.5904 validation_false_positive_rate=0.4096 validation_f2=0.3909 validation_mcc=-0.0418 validation_prauc=0.5414 validation_balanced_accuracy=0.4796 validation_brier=0.2586 validation_kappa=-0.0398 validation_informedness=-0.0408 validation_markedness=0.1045 validation_gini=0.0000 validation_optimal_threshold=0.6178 validation_standard_deviation_prediction=0.0720 validation_percentage_above_threshold=38.76
[LN141    ] [chunk_21_hyperparam_optimizer.py] [info] [section 2] [CATBOOST] [hyperparameter_optimization search baseline] TRIAL 2/5: iterations=400, depth=4, learning_rate=0.03, auto_class_weights=Balanced, l2_leaf_reg=7
[LN142    ] [chunk_21_hyperparam_optimizer.py] [info] [section 2] [CATBOOST] [hyperparameter_optimization search baseline] LABEL_THRESHOLD=0.0
[LN143    ] [chunk_21_hyperparam_optimizer.py] [info] [section 2] [CATBOOST] [hyperparameter_optimization search baseline] VALIDATION_PRECISION=0.5231 VALIDATION_TRUE_POSITIVES=10512 VALIDATION_TRUE_NEGATIVES=14895 validation_false_positives=9585 validation_false_negatives=18262 validation_max_prediction=0.9730 validation_mean_prediction=0.4697 validation_recall=0.3653 validation_f1=0.4302 validation_auc=0.4812 validation_specificity=0.6085 validation_false_positive_rate=0.3915 validation_f2=0.3888 validation_mcc=-0.0270 validation_prauc=0.5484 validation_balanced_accuracy=0.4869 validation_brier=0.2689 validation_kappa=-0.0255 validation_informedness=-0.0262 validation_markedness=0.1315 validation_gini=0.0000 validation_optimal_threshold=0.6695 validation_standard_deviation_prediction=0.1181 validation_percentage_above_threshold=37.74
[LN144    ] [chunk_21_hyperparam_optimizer.py] [info] [section 2] [CATBOOST] [hyperparameter_optimization search baseline] TRIAL 3/5: iterations=500, depth=6, learning_rate=0.08, auto_class_weights=SqrtBalanced, l2_leaf_reg=5
[LN145    ] [chunk_21_hyperparam_optimizer.py] [info] [section 2] [CATBOOST] [hyperparameter_optimization search baseline] LABEL_THRESHOLD=0.0
[LN146    ] [chunk_21_hyperparam_optimizer.py] [info] [section 2] [CATBOOST] [hyperparameter_optimization search baseline] VALIDATION_PRECISION=0.5175 VALIDATION_TRUE_POSITIVES=10254 VALIDATION_TRUE_NEGATIVES=14920 validation_false_positives=9560 validation_false_negatives=18520 validation_max_prediction=0.9362 validation_mean_prediction=0.4740 validation_recall=0.3564 validation_f1=0.4221 validation_auc=0.4774 validation_specificity=0.6095 validation_false_positive_rate=0.3905 validation_f2=0.3800 validation_mcc=-0.0352 validation_prauc=0.5455 validation_balanced_accuracy=0.4829 validation_brier=0.2636 validation_kappa=-0.0333 validation_informedness=-0.0342 validation_markedness=0.1270 validation_gini=0.0000 validation_optimal_threshold=0.6248 validation_standard_deviation_prediction=0.0959 validation_percentage_above_threshold=37.21
[LN147    ] [chunk_21_hyperparam_optimizer.py] [info] [section 2] [CATBOOST] [hyperparameter_optimization search baseline] TRIAL 4/5: iterations=300, depth=4, learning_rate=0.1, auto_class_weights=SqrtBalanced, l2_leaf_reg=1
[LN148    ] [chunk_21_hyperparam_optimizer.py] [info] [section 2] [CATBOOST] [hyperparameter_optimization search baseline] LABEL_THRESHOLD=0.0
[LN149    ] [chunk_21_hyperparam_optimizer.py] [info] [section 2] [CATBOOST] [hyperparameter_optimization search baseline] VALIDATION_PRECISION=0.5223 VALIDATION_TRUE_POSITIVES=10456 VALIDATION_TRUE_NEGATIVES=14917 validation_false_positives=9563 validation_false_negatives=18318 validation_max_prediction=0.9815 validation_mean_prediction=0.4678 validation_recall=0.3634 validation_f1=0.4286 validation_auc=0.4802 validation_specificity=0.6094 validation_false_positive_rate=0.3906 validation_f2=0.3869 validation_mcc=-0.0281 validation_prauc=0.5465 validation_balanced_accuracy=0.4864 validation_brier=0.2708 validation_kappa=-0.0266 validation_informedness=-0.0273 validation_markedness=0.1317 validation_gini=0.0000 validation_optimal_threshold=0.6584 validation_standard_deviation_prediction=0.1237 validation_percentage_above_threshold=37.59
[LN150    ] [chunk_21_hyperparam_optimizer.py] [info] [section 2] [CATBOOST] [hyperparameter_optimization search baseline] TRIAL 5/5: iterations=500, depth=6, learning_rate=0.08, auto_class_weights=Balanced, l2_leaf_reg=1
[LN151    ] [chunk_21_hyperparam_optimizer.py] [info] [section 2] [CATBOOST] [best trial] LABEL_THRESHOLD=0.0
[LN152    ] [chunk_21_hyperparam_optimizer.py] [info] [section 2] [CATBOOST] [best trial] VALIDATION_PRECISION=0.5231 VALIDATION_TRUE_POSITIVES=10512 VALIDATION_TRUE_NEGATIVES=14895 validation_false_positives=9585 validation_false_negatives=18262 validation_max_prediction=0.9730 validation_mean_prediction=0.4697 validation_recall=0.3653 validation_f1=0.4302 validation_auc=0.4812 validation_specificity=0.6085 validation_false_positive_rate=0.3915 validation_f2=0.3888 validation_mcc=-0.0270 validation_prauc=0.5484 validation_balanced_accuracy=0.4869 validation_brier=0.2689 validation_kappa=-0.0255 validation_informedness=-0.0262 validation_markedness=0.1315 validation_gini=0.0000 validation_optimal_threshold=0.6695 validation_standard_deviation_prediction=0.1181 validation_percentage_above_threshold=37.74
[LN153    ] [chunk_21_hyperparam_optimizer.py] [info] [section 2] [CATBOOST] [best trial] iterations=500, depth=6, learning_rate=0.08, auto_class_weights=SqrtBalanced, l2_leaf_reg=5
[LN154    ] [chunk_18_phase_4_ensemble.py] [info]    [diagnostic-hyperparameter_optimization]  percentiles: p1=0.2165, p5=0.2881, p10=0.3266, p25=0.3885, p50=0.4621, p75=0.5452, p90=0.6213, p95=0.6697, p99=0.7914, max=0.9730 | histogram: bins[25, 71, 350, 882, 2049, 3832, 6333, 8031, 8089, 7393, 5872, 4456, 2759, 1426, 757, 419, 245, 209, 38, 18]
[LN155    ] [chunk_18_phase_4_ensemble.py] [info]    hyperparameter_optimization improved: 0.5231 > 0.5217
[LN156    ] [chunk_18_phase_4_ensemble.py] [info] [section 3] [CATBOOST] [HYPERPARAMETER_OPTIMIZATION] LABEL_THRESHOLD=0.0,
[LN157    ] [chunk_18_phase_4_ensemble.py] [info] [section 3] [CATBOOST] [HYPERPARAMETER_OPTIMIZATION] VALIDATION_PRECISION=0.5231 VALIDATION_TRUE_POSITIVES=10512 VALIDATION_TRUE_NEGATIVES=14895 validation_false_positives=9585 validation_false_negatives=18262 validation_max_prediction=0.9730 validation_mean_prediction=0.4697 validation_recall=0.3653 validation_f1=0.4302 validation_auc=0.4812 validation_specificity=0.6085 validation_false_positive_rate=0.3915 validation_f2=0.3888 validation_mcc=-0.0270 validation_prauc=0.5484 validation_balanced_accuracy=0.4869 validation_brier=0.2689 validation_kappa=-0.0255 validation_informedness=-0.0262 validation_markedness=0.1315 validation_gini=0.0000 validation_optimal_threshold=0.6695 validation_standard_deviation_prediction=0.1181 validation_percentage_above_threshold=37.74
[LN158    ] [chunk_18_phase_4_ensemble.py] [info] [section 3] [CATBOOST] [HYPERPARAMETER_OPTIMIZATION] prediction_binary_split=0.50 hyperparams=(loss=binary_crossentropy lr=0.08 dropout=0.1 alpha=0.0 gamma=0.0 latent_dim=0) improved=True {'iterations': 500, 'depth': 6, 'learning_rate': 0.08, 'auto_class_weights': 'SqrtBalanced', 'l2_leaf_reg': 5}
[LN159    ] [chunk_18_phase_4_ensemble.py] [info]    Running post hyperparameter_optimization threshold search for CatBoost...
[LN160    ] [chunk_12_evaluation_evaluator.py] [info] [CATBOOST] LABEL_THRESHOLD=20.0 | Train: below prediction_binary_split=118,621,above prediction_binary_split=689 [ok] | Validation: below prediction_binary_split=52,918,above prediction_binary_split=336 [ok]
[LN161    ] [chunk_12_evaluation_evaluator.py] [info] [CATBOOST] [reject] skipping LABEL_THRESHOLD=20.0: validation_precision=0.0110 <= baseline+0.0100=0.0163
[LN162    ] [chunk_12_evaluation_evaluator.py] [info] [CATBOOST] LABEL_THRESHOLD=10.0 | Train: below prediction_binary_split=116,756,above prediction_binary_split=2,554 [ok] | Validation: below prediction_binary_split=52,057,above prediction_binary_split=1,197 [ok]
[LN163    ] [chunk_12_evaluation_evaluator.py] [info] [CATBOOST] [reject] skipping LABEL_THRESHOLD=10.0: validation_precision=0.0248 <= baseline+0.0100=0.0325
[LN164    ] [chunk_12_evaluation_evaluator.py] [info] [CATBOOST] LABEL_THRESHOLD=0.0 | Train: below prediction_binary_split=59,589,above prediction_binary_split=59,721 [ok] | Validation: below prediction_binary_split=24,480,above prediction_binary_split=28,774 [ok]
[LN165    ] [chunk_12_evaluation_evaluator.py] [info] [CATBOOST] [diagnostic] LABEL_THRESHOLD=0.0 train_precision=0.6296 train_true_positives=36673 train_true_negatives=38017 train_false_positives=21572 train_false_negatives=23048 train_max_prediction=0.9857 train_mean_prediction=0.5003 train_recall=0.6141 train_f1=0.6218 train_auc=0.6825 train_specificity=0.6380 train_false_positive_rate=0.3620 train_f2=0.6171 train_mcc=0.2521 train_prauc=0.6815 train_balanced_accuracy=0.6260 train_brier=0.2280 train_kappa=0.2521 train_informedness=0.2521 train_markedness=0.2676 train_gini=0.3649 train_optimal_threshold=0.4997 train_standard_deviation_prediction=0.0987 train_percentage_above_threshold=48.82
[LN166    ] [chunk_12_evaluation_evaluator.py] [info] [CATBOOST] [diagnostic] LABEL_THRESHOLD=0.0 VALIDATION_PRECISION=0.5231 VALIDATION_TRUE_POSITIVES=10512 VALIDATION_TRUE_NEGATIVES=14895 validation_false_positives=9585 validation_false_negatives=18262 validation_max_prediction=0.9730 validation_mean_prediction=0.4697 validation_recall=0.3653 validation_f1=0.4302 validation_auc=0.4812 validation_specificity=0.6085 validation_false_positive_rate=0.3915 validation_f2=0.3888 validation_mcc=-0.0270 validation_prauc=0.5484 validation_balanced_accuracy=0.4869 validation_brier=0.2689 validation_kappa=-0.0255 validation_informedness=-0.0262 validation_markedness=0.1315 validation_gini=0.0000 validation_optimal_threshold=0.6695 validation_standard_deviation_prediction=0.1181 validation_percentage_above_threshold=37.74
[LN167    ] [chunk_18_phase_4_ensemble.py] [info]    hyperparameter_optimization model threshold search: LABEL_THRESHOLD=0.0, VALIDATION_PRECISION=0.5231
[LN168    ] [chunk_18_phase_4_ensemble.py] [info]    post hyperparameter_optimization threshold search: LABEL_THRESHOLD=0.0, VALIDATION_PRECISION=0.5231
[LN169    ] [chunk_18_phase_4_ensemble.py] [info]    post hyperparameter_optimization no improvement: keeping LABEL_THRESHOLD=0.0
[LN170    ] [chunk_18_phase_4_ensemble.py] [info] [section 4] [CATBOOST] [post hyperparameter_optimization] [diagnostic]  percentiles: p1=0.2165, p5=0.2881, p10=0.3266, p25=0.3885, p50=0.4621, p75=0.5452, p90=0.6213, p95=0.6697, p99=0.7914, max=0.9730 | histogram: bins[25, 71, 350, 882, 2049, 3832, 6333, 8031, 8089, 7393, 5872, 4456, 2759, 1426, 757, 419, 245, 209, 38, 18]
[LN171    ] [chunk_18_phase_4_ensemble.py] [info] [section 4] [CATBOOST] [post hyperparameter_optimization] LABEL_THRESHOLD=0.0,
[LN172    ] [chunk_18_phase_4_ensemble.py] [info] [section 4] [CATBOOST] [post hyperparameter_optimization] VALIDATION_PRECISION=0.5231 VALIDATION_TRUE_POSITIVES=10512 VALIDATION_TRUE_NEGATIVES=14895 validation_false_positives=9585 validation_false_negatives=18262 validation_max_prediction=0.9730 validation_mean_prediction=0.4697 validation_recall=0.3653 validation_f1=0.4302 validation_auc=0.4812 validation_specificity=0.6085 validation_false_positive_rate=0.3915 validation_f2=0.3888 validation_mcc=-0.0270 validation_prauc=0.5484 validation_balanced_accuracy=0.4869 validation_brier=0.2689 validation_kappa=-0.0255 validation_informedness=-0.0262 validation_markedness=0.1315 validation_gini=0.0000 validation_optimal_threshold=0.6695 validation_standard_deviation_prediction=0.1181 validation_percentage_above_threshold=37.74
[LN173    ] [chunk_18_phase_4_ensemble.py] [info] [section 4] [CATBOOST] [post hyperparameter_optimization] prediction_binary_split=0.50 hyperparams=(loss=binary_crossentropy lr=0.08 dropout=0.0 alpha=1.0 gamma=1.0 latent_dim=64) source=section3
[LN174    ] [chunk_18_phase_4_ensemble.py] [info]    Using Hyperparameter_Optimized model directly (no change to Label_Threshold)
[LN175    ] [chunk_18_phase_4_ensemble.py] [info]    Train predictions: mean=0.5003, std=0.0987, min=0.0665, max=0.9857
[LN176    ] [chunk_18_phase_4_ensemble.py] [info]    validation predictions:   mean=0.4697, std=0.1181, min=0.0759, max=0.9730
[LN177    ] [chunk_18_phase_4_ensemble.py] [info] [section 5] [CATBOOST] [final] [diagnostic] Train  percentiles: p1=0.2552, p5=0.3509, p10=0.3883, p25=0.4423, p50=0.4977, p75=0.5522, p90=0.6096, p95=0.6560, p99=0.8133, max=0.9857 | histogram: bins[11, 110, 333, 643, 1207, 2830, 6787, 14439, 22852, 27303, 20781, 11609, 4981, 1942, 1251, 867, 698, 277, 120, 269]
[LN178    ] [chunk_18_phase_4_ensemble.py] [info] [section 5] [CATBOOST] [final] [diagnostic] validation    percentiles: p1=0.2165, p5=0.2881, p10=0.3266, p25=0.3885, p50=0.4621, p75=0.5452, p90=0.6213, p95=0.6697, p99=0.7914, max=0.9730 | histogram: bins[25, 71, 350, 882, 2049, 3832, 6333, 8031, 8089, 7393, 5872, 4456, 2759, 1426, 757, 419, 245, 209, 38, 18]
[LN179    ] [chunk_18_phase_4_ensemble.py] [info]    Train predictions: 48.82% positive predictions (58,245 / 119,310)
[LN180    ] [chunk_18_phase_4_ensemble.py] [info]    validation predictions:   37.74% positive predictions (20,097 / 53,254)
[LN181    ] [chunk_18_phase_4_ensemble.py] [info]    [info] Section 4 all rejected - using Section 3 results for Section 5
[LN182    ] [chunk_18_phase_4_ensemble.py] [info]    [diagnostic] prediction_buckets: 0-10:306, 10-20:3050, 20-30:11955, 30-40:17839, 40-50:13011, 50-60:5327, 60-70:1313, 70-80:419, 80-90:27, 90-100:0
[LN183    ] [chunk_18_phase_4_ensemble.py] [info] [section 5] [CATBOOST] [final] LABEL_THRESHOLD=0.0,
[LN184    ] [chunk_18_phase_4_ensemble.py] [info] [section 5] [CATBOOST] [final] train_precision=0.6296 train_true_positives=36673 train_true_negatives=38017 train_false_positives=21572 train_false_negatives=23048 train_max_prediction=0.9857 train_mean_prediction=0.5003 train_recall=0.6141 train_f1=0.6218 train_auc=0.6825 train_specificity=0.6380 train_false_positive_rate=0.3620 train_f2=0.6171 train_mcc=0.2521 train_prauc=0.6815 train_balanced_accuracy=0.6260 train_standard_deviation_prediction=0.0987 train_percentage_above_threshold=48.82 train_brier=0.2280 train_kappa=0.2521 train_informedness=0.2521 train_markedness=0.2676 train_gini=0.3649 train_optimal_threshold=0.4997
[LN185    ] [chunk_18_phase_4_ensemble.py] [info] [section 5] [CATBOOST] [final] VALIDATION_PRECISION=0.5231 VALIDATION_TRUE_POSITIVES=10512 VALIDATION_TRUE_NEGATIVES=14895 validation_false_positives=9585 validation_false_negatives=18262 validation_max_prediction=0.9730 validation_mean_prediction=0.4697 validation_recall=0.3653 validation_f1=0.4302 validation_auc=0.4812 validation_specificity=0.6085 validation_false_positive_rate=0.3915 validation_f2=0.3888 validation_mcc=-0.0270 validation_prauc=0.5484 validation_balanced_accuracy=0.4869 validation_brier=0.2689 validation_kappa=-0.0255 validation_informedness=-0.0262 validation_markedness=0.1315 validation_gini=0.0000 validation_optimal_threshold=0.6695 validation_standard_deviation_prediction=0.1181 validation_percentage_above_threshold=37.74
[LN186    ] [chunk_18_phase_4_ensemble.py] [info] [section 5] [CATBOOST] [final] prediction_binary_split=0.50 hyperparams=(loss=binary_crossentropy lr=0.08 dropout=0.0 alpha=1.0 gamma=1.0 latent_dim=64) (using HPO model directly)
[LN187    ] [chunk_18_phase_4_ensemble.py] [info]    [CatBoost] loss: binary_crossentropy | pred_threshold: 0.5 | epochs: 3
[LN188    ] [chunk_18_phase_4_ensemble.py] [info]    [CatBoost] hyperparameter_optimization: learning_rate=0.08
[LN189    ] [chunk_18_phase_4_ensemble.py] [info]    CatBoost training time: 69.9s
[LN190    ] [chunk_18_phase_4_ensemble.py] [info] [pass] CatBoost trained successfully
[LN191    ] [chunk_18_phase_4_ensemble.py] [info] [section 1] [LIGHTGBM] [baseline] LABEL_THRESHOLD=20.0,
[LN192    ] [chunk_18_phase_4_ensemble.py] [info] [section 1] [LIGHTGBM] [baseline] predictions: mean=0.0049, std=0.0330, min=0.0000, max=0.9892
[LN193    ] [chunk_18_phase_4_ensemble.py] [info] [section 1] [LIGHTGBM] [baseline]  percentiles: p1=0.0000, p5=0.0000, p10=0.0000, p25=0.0000, p50=0.0000, p75=0.0004, p90=0.0046, p95=0.0150, p99=0.1084, max=0.9892 | histogram: bins[52161, 496, 200, 120, 81, 39, 40, 21, 24, 11, 10, 18, 7, 2, 4, 6, 5, 4, 1, 4]
[LN194    ] [chunk_18_phase_4_ensemble.py] [info] [section 1] [LIGHTGBM] [baseline] prediction_binary_split=0.50, VALIDATION predictions at LABEL_THRESHOLD=20.0: 0.11%
[LN195    ] [chunk_18_phase_4_ensemble.py] [info] [section 1] [LIGHTGBM] [baseline] LABEL_THRESHOLD=20.0,
[LN196    ] [chunk_18_phase_4_ensemble.py] [info] [section 1] [LIGHTGBM] [baseline] VALIDATION_PRECISION=0.0492 VALIDATION_TRUE_POSITIVES=3 VALIDATION_TRUE_NEGATIVES=52860 validation_false_positives=58 validation_false_negatives=333 validation_max_prediction=0.9892 validation_mean_prediction=0.0049 validation_recall=0.0089 validation_f1=0.0151 validation_auc=0.8671 validation_specificity=0.9989 validation_false_positive_rate=0.0011 validation_f2=0.0107 validation_mcc=0.0183 validation_prauc=0.0392 validation_balanced_accuracy=0.5039 validation_brier=0.0069 validation_kappa=0.0132 validation_informedness=0.0078 validation_markedness=0.0481 validation_gini=0.7343 validation_optimal_threshold=0.0003 validation_standard_deviation_prediction=0.0330 validation_percentage_above_threshold=0.11
[LN197    ] [chunk_18_phase_4_ensemble.py] [info] [section 1] [LIGHTGBM] [baseline] prediction_binary_split=0.50 loss=binary_crossentropy, lr=0.001
[LN198    ] [chunk_12_evaluation_evaluator.py] [info] [LIGHTGBM] LABEL_THRESHOLD=20.0 | Train: below prediction_binary_split=118,621,above prediction_binary_split=689 [ok] | Validation: below prediction_binary_split=52,918,above prediction_binary_split=336 [ok]
[LN199    ] [chunk_12_evaluation_evaluator.py] [info] [LIGHTGBM] [diagnostic] LABEL_THRESHOLD=20.0 train_precision=0.8960 train_true_positives=689 train_true_negatives=118541 train_false_positives=80 train_false_negatives=0 train_max_prediction=0.9994 train_mean_prediction=0.0105 train_recall=1.0000 train_f1=0.9451 train_auc=1.0000 train_specificity=0.9993 train_false_positive_rate=0.0007 train_f2=0.9773 train_mcc=0.9462 train_prauc=0.9998 train_balanced_accuracy=0.9997 train_brier=0.0008 train_kappa=0.9448 train_informedness=0.9993 train_markedness=0.8953 train_gini=1.0000 train_optimal_threshold=0.9040 train_standard_deviation_prediction=0.0803 train_percentage_above_threshold=0.64
[LN200    ] [chunk_12_evaluation_evaluator.py] [info] [LIGHTGBM] [diagnostic] LABEL_THRESHOLD=20.0 VALIDATION_PRECISION=0.0492 VALIDATION_TRUE_POSITIVES=3 VALIDATION_TRUE_NEGATIVES=52860 validation_false_positives=58 validation_false_negatives=333 validation_max_prediction=0.9892 validation_mean_prediction=0.0049 validation_recall=0.0089 validation_f1=0.0151 validation_auc=0.8671 validation_specificity=0.9989 validation_false_positive_rate=0.0011 validation_f2=0.0107 validation_mcc=0.0183 validation_prauc=0.0392 validation_balanced_accuracy=0.5039 validation_brier=0.0069 validation_kappa=0.0132 validation_informedness=0.0078 validation_markedness=0.0481 validation_gini=0.7343 validation_optimal_threshold=0.0003 validation_standard_deviation_prediction=0.0330 validation_percentage_above_threshold=0.11
[LN201    ] [chunk_12_evaluation_evaluator.py] [info] [LIGHTGBM] LABEL_THRESHOLD=10.0 | Train: below prediction_binary_split=116,756,above prediction_binary_split=2,554 [ok] | Validation: below prediction_binary_split=52,057,above prediction_binary_split=1,197 [ok]
[LN202    ] [chunk_12_evaluation_evaluator.py] [info] [LIGHTGBM] [diagnostic] LABEL_THRESHOLD=10.0 train_precision=0.5323 train_true_positives=2554 train_true_negatives=114512 train_false_positives=2244 train_false_negatives=0 train_max_prediction=0.9938 train_mean_prediction=0.0793 train_recall=1.0000 train_f1=0.6948 train_auc=0.9999 train_specificity=0.9808 train_false_positive_rate=0.0192 train_f2=0.8505 train_mcc=0.7225 train_prauc=0.9923 train_balanced_accuracy=0.9904 train_brier=0.0184 train_kappa=0.6860 train_informedness=0.9808 train_markedness=0.5131 train_gini=0.9997 train_optimal_threshold=0.7933 train_standard_deviation_prediction=0.1757 train_percentage_above_threshold=4.02
[LN203    ] [chunk_12_evaluation_evaluator.py] [info] [LIGHTGBM] [diagnostic] LABEL_THRESHOLD=10.0 VALIDATION_PRECISION=0.1017 VALIDATION_TRUE_POSITIVES=164 VALIDATION_TRUE_NEGATIVES=50608 validation_false_positives=1449 validation_false_negatives=1033 validation_max_prediction=0.9862 validation_mean_prediction=0.0622 validation_recall=0.1370 validation_f1=0.1167 validation_auc=0.8327 validation_specificity=0.9722 validation_false_positive_rate=0.0278 validation_f2=0.1281 validation_mcc=0.0944 validation_prauc=0.0816 validation_balanced_accuracy=0.5546 validation_brier=0.0359 validation_kappa=0.0933 validation_informedness=0.1092 validation_markedness=0.0738 validation_gini=0.6653 validation_optimal_threshold=0.0204 validation_standard_deviation_prediction=0.1397 validation_percentage_above_threshold=3.03
[LN204    ] [chunk_12_evaluation_evaluator.py] [info] [LIGHTGBM] LABEL_THRESHOLD=0.0 | Train: below prediction_binary_split=59,589,above prediction_binary_split=59,721 [ok] | Validation: below prediction_binary_split=24,480,above prediction_binary_split=28,774 [ok]
[LN205    ] [chunk_12_evaluation_evaluator.py] [info] [LIGHTGBM] [diagnostic] LABEL_THRESHOLD=0.0 train_precision=0.7821 train_true_positives=45857 train_true_negatives=46810 train_false_positives=12779 train_false_negatives=13864 train_max_prediction=0.9967 train_mean_prediction=0.5001 train_recall=0.7679 train_f1=0.7749 train_auc=0.8599 train_specificity=0.7855 train_false_positive_rate=0.2145 train_f2=0.7707 train_mcc=0.5535 train_prauc=0.8583 train_balanced_accuracy=0.7767 train_brier=0.1846 train_kappa=0.5534 train_informedness=0.5534 train_markedness=0.5676 train_gini=0.7198 train_optimal_threshold=0.5001 train_standard_deviation_prediction=0.1455 train_percentage_above_threshold=49.15
[LN206    ] [chunk_12_evaluation_evaluator.py] [info] [LIGHTGBM] [diagnostic] LABEL_THRESHOLD=0.0 VALIDATION_PRECISION=0.5271 VALIDATION_TRUE_POSITIVES=9955 VALIDATION_TRUE_NEGATIVES=15548 validation_false_positives=8932 validation_false_negatives=18819 validation_max_prediction=0.9791 validation_mean_prediction=0.4403 validation_recall=0.3460 validation_f1=0.4177 validation_auc=0.4813 validation_specificity=0.6351 validation_false_positive_rate=0.3649 validation_f2=0.3715 validation_mcc=-0.0197 validation_prauc=0.5497 validation_balanced_accuracy=0.4906 validation_brier=0.2895 validation_kappa=-0.0183 validation_informedness=-0.0189 validation_markedness=0.1622 validation_gini=0.0000 validation_optimal_threshold=0.7059 validation_standard_deviation_prediction=0.1678 validation_percentage_above_threshold=35.47
[LN207    ] [chunk_18_phase_4_ensemble.py] [info] [section 1] [LIGHTGBM] [label_threshold_optimal]  percentiles: p1=0.1148, p5=0.1797, p10=0.2244, p25=0.3153, p50=0.4325, p75=0.5558, p90=0.6638, p95=0.7271, p99=0.8529, max=0.9791 | histogram: bins[90, 670, 1619, 2667, 3681, 4573, 5145, 5577, 5542, 5321, 4704, 4067, 3379, 2382, 1628, 984, 571, 312, 156, 186]
[LN208    ] [chunk_18_phase_4_ensemble.py] [info] [section 1] [LIGHTGBM] [label_threshold_optimal] LABEL_THRESHOLD=0.0
[LN209    ] [chunk_18_phase_4_ensemble.py] [info] [section 1] [LIGHTGBM] [label_threshold_optimal] train_precision=0.7821 train_true_positives=45857 train_true_negatives=46810 train_false_positives=12779 train_false_negatives=13864 train_max_prediction=0.9967 train_mean_prediction=0.5001 train_recall=0.7679 train_f1=0.7749 train_auc=0.8599 train_specificity=0.7855 train_false_positive_rate=0.2145 train_f2=0.7707 train_mcc=0.5535 train_prauc=0.8583 train_balanced_accuracy=0.7767 train_brier=0.1846 train_kappa=0.5534 train_informedness=0.5534 train_markedness=0.5676 train_gini=0.7198 train_optimal_threshold=0.5001 train_standard_deviation_prediction=0.1455 train_percentage_above_threshold=49.15
[LN210    ] [chunk_18_phase_4_ensemble.py] [info] [section 1] [LIGHTGBM] [label_threshold_optimal] VALIDATION_PRECISION=0.5271 VALIDATION_TRUE_POSITIVES=9955 VALIDATION_TRUE_NEGATIVES=15548 validation_false_positives=8932 validation_false_negatives=18819 validation_max_prediction=0.9791 validation_mean_prediction=0.4403 validation_recall=0.3460 validation_f1=0.4177 validation_auc=0.4813 validation_specificity=0.6351 validation_false_positive_rate=0.3649 validation_f2=0.3715 validation_mcc=-0.0197 validation_prauc=0.5497 validation_balanced_accuracy=0.4906 validation_brier=0.2895 validation_kappa=-0.0183 validation_informedness=-0.0189 validation_markedness=0.1622 validation_gini=0.0000 validation_optimal_threshold=0.7059 validation_standard_deviation_prediction=0.1678 validation_percentage_above_threshold=35.47
[LN211    ] [chunk_18_phase_4_ensemble.py] [info] [section 1] [LIGHTGBM] [label_threshold_optimal] prediction_binary_split=0.50
[LN212    ] [chunk_21_hyperparam_optimizer.py] [info] [section 2] [LIGHTGBM] [hyperparameter_optimization search] Running Bayesian optimization (5 trials)...
[LN213    ] [chunk_21_hyperparam_optimizer.py] [info] [section 2] [LIGHTGBM] [hyperparameter_optimization search baseline] LABEL_THRESHOLD=0.0
[LN214    ] [chunk_21_hyperparam_optimizer.py] [info] [section 2] [LIGHTGBM] [hyperparameter_optimization search baseline] VALIDATION_PRECISION=0.5242 VALIDATION_TRUE_POSITIVES=9973 VALIDATION_TRUE_NEGATIVES=15427 validation_false_positives=9053 validation_false_negatives=18801 validation_max_prediction=0.9418 validation_mean_prediction=0.4567 validation_recall=0.3466 validation_f1=0.4173 validation_auc=0.4814 validation_specificity=0.6302 validation_false_positive_rate=0.3698 validation_f2=0.3718 validation_mcc=-0.0241 validation_prauc=0.5510 validation_balanced_accuracy=0.4884 validation_brier=0.2737 validation_kappa=-0.0225 validation_informedness=-0.0232 validation_markedness=0.1544 validation_gini=0.0000 validation_optimal_threshold=0.6768 validation_standard_deviation_prediction=0.1301 validation_percentage_above_threshold=35.73
[LN215    ] [chunk_21_hyperparam_optimizer.py] [info] [section 2] [LIGHTGBM] [hyperparameter_optimization search baseline] TRIAL 1/5: n_estimators=300, num_leaves=31, learning_rate=0.08, min_child_samples=100, reg_alpha=1.0, reg_lambda=0.5, subsample=0.7, colsample_bytree=1.0, min_split_gain=0.0
[LN216    ] [chunk_21_hyperparam_optimizer.py] [info] [section 2] [LIGHTGBM] [hyperparameter_optimization search baseline] LABEL_THRESHOLD=0.0
[LN217    ] [chunk_21_hyperparam_optimizer.py] [info] [section 2] [LIGHTGBM] [hyperparameter_optimization search baseline] VALIDATION_PRECISION=0.5242 VALIDATION_TRUE_POSITIVES=9848 VALIDATION_TRUE_NEGATIVES=15541 validation_false_positives=8939 validation_false_negatives=18926 validation_max_prediction=0.9560 validation_mean_prediction=0.4518 validation_recall=0.3423 validation_f1=0.4141 validation_auc=0.4792 validation_specificity=0.6348 validation_false_positive_rate=0.3652 validation_f2=0.3678 validation_mcc=-0.0239 validation_prauc=0.5506 validation_balanced_accuracy=0.4885 validation_brier=0.2763 validation_kappa=-0.0222 validation_informedness=-0.0229 validation_markedness=0.1590 validation_gini=0.0000 validation_optimal_threshold=0.6651 validation_standard_deviation_prediction=0.1334 validation_percentage_above_threshold=35.28
[LN218    ] [chunk_21_hyperparam_optimizer.py] [info] [section 2] [LIGHTGBM] [hyperparameter_optimization search baseline] TRIAL 2/5: n_estimators=500, num_leaves=127, learning_rate=0.05, min_child_samples=200, reg_alpha=1.0, reg_lambda=5.0, subsample=0.6, colsample_bytree=0.6, min_split_gain=0.01
[LN219    ] [chunk_21_hyperparam_optimizer.py] [info] [section 2] [LIGHTGBM] [hyperparameter_optimization search baseline] LABEL_THRESHOLD=0.0
[LN220    ] [chunk_21_hyperparam_optimizer.py] [info] [section 2] [LIGHTGBM] [hyperparameter_optimization search baseline] VALIDATION_PRECISION=0.5231 VALIDATION_TRUE_POSITIVES=10039 VALIDATION_TRUE_NEGATIVES=15329 validation_false_positives=9151 validation_false_negatives=18735 validation_max_prediction=0.9395 validation_mean_prediction=0.4576 validation_recall=0.3489 validation_f1=0.4186 validation_auc=0.4803 validation_specificity=0.6262 validation_false_positive_rate=0.3738 validation_f2=0.3738 validation_mcc=-0.0259 validation_prauc=0.5513 validation_balanced_accuracy=0.4875 validation_brier=0.2720 validation_kappa=-0.0242 validation_informedness=-0.0249 validation_markedness=0.1493 validation_gini=0.0000 validation_optimal_threshold=0.6362 validation_standard_deviation_prediction=0.1232 validation_percentage_above_threshold=36.03
[LN221    ] [chunk_21_hyperparam_optimizer.py] [info] [section 2] [LIGHTGBM] [hyperparameter_optimization search baseline] TRIAL 3/5: n_estimators=300, num_leaves=63, learning_rate=0.05, min_child_samples=100, reg_alpha=0.1, reg_lambda=10.0, subsample=0.9, colsample_bytree=0.6, min_split_gain=0.01
[LN222    ] [chunk_21_hyperparam_optimizer.py] [info] [section 2] [LIGHTGBM] [hyperparameter_optimization search baseline] LABEL_THRESHOLD=0.0
[LN223    ] [chunk_21_hyperparam_optimizer.py] [info] [section 2] [LIGHTGBM] [hyperparameter_optimization search baseline] VALIDATION_PRECISION=0.5209 VALIDATION_TRUE_POSITIVES=9945 VALIDATION_TRUE_NEGATIVES=15333 validation_false_positives=9147 validation_false_negatives=18829 validation_max_prediction=0.9415 validation_mean_prediction=0.4570 validation_recall=0.3456 validation_f1=0.4155 validation_auc=0.4808 validation_specificity=0.6263 validation_false_positive_rate=0.3737 validation_f2=0.3706 validation_mcc=-0.0291 validation_prauc=0.5511 validation_balanced_accuracy=0.4860 validation_brier=0.2726 validation_kappa=-0.0272 validation_informedness=-0.0280 validation_markedness=0.1472 validation_gini=0.0000 validation_optimal_threshold=0.6470 validation_standard_deviation_prediction=0.1258 validation_percentage_above_threshold=35.85
[LN224    ] [chunk_21_hyperparam_optimizer.py] [info] [section 2] [LIGHTGBM] [hyperparameter_optimization search baseline] TRIAL 4/5: n_estimators=500, num_leaves=63, learning_rate=0.03, min_child_samples=50, reg_alpha=0.5, reg_lambda=5.0, subsample=0.7, colsample_bytree=0.8, min_split_gain=0.01
[LN225    ] [chunk_21_hyperparam_optimizer.py] [info] [section 2] [LIGHTGBM] [hyperparameter_optimization search baseline] LABEL_THRESHOLD=0.0
[LN226    ] [chunk_21_hyperparam_optimizer.py] [info] [section 2] [LIGHTGBM] [hyperparameter_optimization search baseline] VALIDATION_PRECISION=0.5234 VALIDATION_TRUE_POSITIVES=9810 VALIDATION_TRUE_NEGATIVES=15546 validation_false_positives=8934 validation_false_negatives=18964 validation_max_prediction=0.9440 validation_mean_prediction=0.4552 validation_recall=0.3409 validation_f1=0.4129 validation_auc=0.4794 validation_specificity=0.6350 validation_false_positive_rate=0.3650 validation_f2=0.3665 validation_mcc=-0.0251 validation_prauc=0.5505 validation_balanced_accuracy=0.4880 validation_brier=0.2734 validation_kappa=-0.0233 validation_informedness=-0.0240 validation_markedness=0.1584 validation_gini=0.0000 validation_optimal_threshold=0.6536 validation_standard_deviation_prediction=0.1268 validation_percentage_above_threshold=35.20
[LN227    ] [chunk_21_hyperparam_optimizer.py] [info] [section 2] [LIGHTGBM] [hyperparameter_optimization search baseline] TRIAL 5/5: n_estimators=500, num_leaves=31, learning_rate=0.05, min_child_samples=100, reg_alpha=1.0, reg_lambda=10.0, subsample=0.9, colsample_bytree=1.0, min_split_gain=0.0
[LN228    ] [chunk_21_hyperparam_optimizer.py] [info] [section 2] [LIGHTGBM] [best trial] LABEL_THRESHOLD=0.0
[LN229    ] [chunk_21_hyperparam_optimizer.py] [info] [section 2] [LIGHTGBM] [best trial] VALIDATION_PRECISION=0.5242 VALIDATION_TRUE_POSITIVES=9848 VALIDATION_TRUE_NEGATIVES=15541 validation_false_positives=8939 validation_false_negatives=18926 validation_max_prediction=0.9560 validation_mean_prediction=0.4518 validation_recall=0.3423 validation_f1=0.4141 validation_auc=0.4792 validation_specificity=0.6348 validation_false_positive_rate=0.3652 validation_f2=0.3678 validation_mcc=-0.0239 validation_prauc=0.5506 validation_balanced_accuracy=0.4885 validation_brier=0.2763 validation_kappa=-0.0222 validation_informedness=-0.0229 validation_markedness=0.1590 validation_gini=0.0000 validation_optimal_threshold=0.6651 validation_standard_deviation_prediction=0.1334 validation_percentage_above_threshold=35.28
[LN230    ] [chunk_21_hyperparam_optimizer.py] [info] [section 2] [LIGHTGBM] [best trial] n_estimators=500, num_leaves=127, learning_rate=0.05, min_child_samples=200, reg_alpha=1.0, reg_lambda=5.0, subsample=0.6, colsample_bytree=0.6, min_split_gain=0.01
[LN231    ] [chunk_18_phase_4_ensemble.py] [info]    [diagnostic-hyperparameter_optimization]  percentiles: p1=0.1676, p5=0.2393, p10=0.2817, p25=0.3592, p50=0.4480, p75=0.5406, p90=0.6192, p95=0.6700, p99=0.7989, max=0.9560 | histogram: bins[143, 555, 1164, 2090, 3402, 4725, 6017, 6629, 6731, 6190, 5281, 4239, 2681, 1587, 787, 399, 236, 143, 95, 160]
[LN232    ] [chunk_18_phase_4_ensemble.py] [info]    hyperparameter_optimization did NOT improve: 0.5242 <= 0.5271 - using pre hyperparameter_optimization model
[LN233    ] [chunk_18_phase_4_ensemble.py] [info] [section 3] [LIGHTGBM] [PRE-HYPERPARAMETER_OPTIMIZATION] LABEL_THRESHOLD=0.0,
[LN234    ] [chunk_18_phase_4_ensemble.py] [info] [section 3] [LIGHTGBM] [PRE-HYPERPARAMETER_OPTIMIZATION] VALIDATION_PRECISION=0.5271 VALIDATION_TRUE_POSITIVES=9955 VALIDATION_TRUE_NEGATIVES=15548 validation_false_positives=8932 validation_false_negatives=18819 validation_max_prediction=0.9791 validation_mean_prediction=0.4403 validation_recall=0.3460 validation_f1=0.4177 validation_auc=0.4813 validation_specificity=0.6351 validation_false_positive_rate=0.3649 validation_f2=0.3715 validation_mcc=-0.0197 validation_prauc=0.5497 validation_balanced_accuracy=0.4906 validation_brier=0.2895 validation_kappa=-0.0183 validation_informedness=-0.0189 validation_markedness=0.1622 validation_gini=0.0000 validation_optimal_threshold=0.7059 validation_standard_deviation_prediction=0.1678 validation_percentage_above_threshold=35.47
[LN235    ] [chunk_18_phase_4_ensemble.py] [info] [section 3] [LIGHTGBM] [PRE-HYPERPARAMETER_OPTIMIZATION] prediction_binary_split=0.50 hyperparams=(loss=binary_crossentropy lr=0.05 dropout=0.1 alpha=0.0 gamma=0.0 latent_dim=0) improved=False {'n_estimators': 500, 'num_leaves': 127, 'learning_rate': 0.05, 'min_child_samples': 200, 'reg_alpha': 1.0, 'reg_lambda': 5.0, 'subsample': 0.6, 'colsample_bytree': 0.6, 'min_split_gain': 0.01}
[LN236    ] [chunk_18_phase_4_ensemble.py] [info]    Running post hyperparameter_optimization threshold search for LightGBM...
[LN237    ] [chunk_12_evaluation_evaluator.py] [info] [LIGHTGBM] LABEL_THRESHOLD=20.0 | Train: below prediction_binary_split=118,621,above prediction_binary_split=689 [ok] | Validation: below prediction_binary_split=52,918,above prediction_binary_split=336 [ok]
[LN238    ] [chunk_12_evaluation_evaluator.py] [info] [LIGHTGBM] [reject] skipping LABEL_THRESHOLD=20.0: validation_precision=0.0134 <= baseline+0.0100=0.0163
[LN239    ] [chunk_12_evaluation_evaluator.py] [info] [LIGHTGBM] LABEL_THRESHOLD=10.0 | Train: below prediction_binary_split=116,756,above prediction_binary_split=2,554 [ok] | Validation: below prediction_binary_split=52,057,above prediction_binary_split=1,197 [ok]
[LN240    ] [chunk_12_evaluation_evaluator.py] [info] [LIGHTGBM] [reject] skipping LABEL_THRESHOLD=10.0: pos_pred_ratio=61.42% outside [0%, 60%]
[LN241    ] [chunk_12_evaluation_evaluator.py] [info] [LIGHTGBM] LABEL_THRESHOLD=0.0 | Train: below prediction_binary_split=59,589,above prediction_binary_split=59,721 [ok] | Validation: below prediction_binary_split=24,480,above prediction_binary_split=28,774 [ok]
[LN242    ] [chunk_12_evaluation_evaluator.py] [info] [LIGHTGBM] [diagnostic] LABEL_THRESHOLD=0.0 train_precision=0.7821 train_true_positives=45857 train_true_negatives=46810 train_false_positives=12779 train_false_negatives=13864 train_max_prediction=0.9967 train_mean_prediction=0.5001 train_recall=0.7679 train_f1=0.7749 train_auc=0.8599 train_specificity=0.7855 train_false_positive_rate=0.2145 train_f2=0.7707 train_mcc=0.5535 train_prauc=0.8583 train_balanced_accuracy=0.7767 train_brier=0.1846 train_kappa=0.5534 train_informedness=0.5534 train_markedness=0.5676 train_gini=0.7198 train_optimal_threshold=0.5001 train_standard_deviation_prediction=0.1455 train_percentage_above_threshold=49.15
[LN243    ] [chunk_12_evaluation_evaluator.py] [info] [LIGHTGBM] [diagnostic] LABEL_THRESHOLD=0.0 VALIDATION_PRECISION=0.5271 VALIDATION_TRUE_POSITIVES=9955 VALIDATION_TRUE_NEGATIVES=15548 validation_false_positives=8932 validation_false_negatives=18819 validation_max_prediction=0.9791 validation_mean_prediction=0.4403 validation_recall=0.3460 validation_f1=0.4177 validation_auc=0.4813 validation_specificity=0.6351 validation_false_positive_rate=0.3649 validation_f2=0.3715 validation_mcc=-0.0197 validation_prauc=0.5497 validation_balanced_accuracy=0.4906 validation_brier=0.2895 validation_kappa=-0.0183 validation_informedness=-0.0189 validation_markedness=0.1622 validation_gini=0.0000 validation_optimal_threshold=0.7059 validation_standard_deviation_prediction=0.1678 validation_percentage_above_threshold=35.47
[LN244    ] [chunk_18_phase_4_ensemble.py] [info]    hyperparameter_optimization model threshold search: LABEL_THRESHOLD=0.0, VALIDATION_PRECISION=0.5242
[LN245    ] [chunk_18_phase_4_ensemble.py] [info]    post hyperparameter_optimization threshold search: LABEL_THRESHOLD=0.0, VALIDATION_PRECISION=0.5271
[LN246    ] [chunk_18_phase_4_ensemble.py] [info]    post hyperparameter_optimization no improvement: keeping LABEL_THRESHOLD=0.0
[LN247    ] [chunk_18_phase_4_ensemble.py] [info] [section 4] [LIGHTGBM] [post hyperparameter_optimization] [diagnostic]  percentiles: p1=0.1148, p5=0.1797, p10=0.2244, p25=0.3153, p50=0.4325, p75=0.5558, p90=0.6638, p95=0.7271, p99=0.8529, max=0.9791 | histogram: bins[90, 670, 1619, 2667, 3681, 4573, 5145, 5577, 5542, 5321, 4704, 4067, 3379, 2382, 1628, 984, 571, 312, 156, 186]
[LN248    ] [chunk_18_phase_4_ensemble.py] [info] [section 4] [LIGHTGBM] [post hyperparameter_optimization] LABEL_THRESHOLD=0.0,
[LN249    ] [chunk_18_phase_4_ensemble.py] [info] [section 4] [LIGHTGBM] [post hyperparameter_optimization] VALIDATION_PRECISION=0.5271 VALIDATION_TRUE_POSITIVES=9955 VALIDATION_TRUE_NEGATIVES=15548 validation_false_positives=8932 validation_false_negatives=18819 validation_max_prediction=0.9791 validation_mean_prediction=0.4403 validation_recall=0.3460 validation_f1=0.4177 validation_auc=0.4813 validation_specificity=0.6351 validation_false_positive_rate=0.3649 validation_f2=0.3715 validation_mcc=-0.0197 validation_prauc=0.5497 validation_balanced_accuracy=0.4906 validation_brier=0.2895 validation_kappa=-0.0183 validation_informedness=-0.0189 validation_markedness=0.1622 validation_gini=0.0000 validation_optimal_threshold=0.7059 validation_standard_deviation_prediction=0.1678 validation_percentage_above_threshold=35.47
[LN250    ] [chunk_18_phase_4_ensemble.py] [info] [section 4] [LIGHTGBM] [post hyperparameter_optimization] prediction_binary_split=0.50 hyperparams=(loss=binary_crossentropy lr=0.05 dropout=0.0 alpha=1.0 gamma=1.0 latent_dim=64) source=section3
[LN251    ] [chunk_18_phase_4_ensemble.py] [info]    Using threshold-optimized model (HPO did not improve)
[LN252    ] [chunk_18_phase_4_ensemble.py] [info]    Train predictions: mean=0.5001, std=0.1455, min=0.0367, max=0.9967
[LN253    ] [chunk_18_phase_4_ensemble.py] [info]    validation predictions:   mean=0.4403, std=0.1678, min=0.0307, max=0.9791
[LN254    ] [chunk_18_phase_4_ensemble.py] [info] [section 5] [LIGHTGBM] [final] [diagnostic] Train  percentiles: p1=0.1666, p5=0.2644, p10=0.3176, p25=0.4044, p50=0.4972, p75=0.5911, p90=0.6834, p95=0.7441, p99=0.8819, max=0.9967 | histogram: bins[99, 479, 972, 1973, 3488, 6006, 8996, 12324, 15325, 16828, 15566, 12647, 9342, 6249, 3861, 2176, 1225, 846, 495, 413]
[LN255    ] [chunk_18_phase_4_ensemble.py] [info] [section 5] [LIGHTGBM] [final] [diagnostic] validation    percentiles: p1=0.1148, p5=0.1797, p10=0.2244, p25=0.3153, p50=0.4325, p75=0.5558, p90=0.6638, p95=0.7271, p99=0.8529, max=0.9791 | histogram: bins[90, 670, 1619, 2667, 3681, 4573, 5145, 5577, 5542, 5321, 4704, 4067, 3379, 2382, 1628, 984, 571, 312, 156, 186]
[LN256    ] [chunk_18_phase_4_ensemble.py] [info]    Train predictions: 49.15% positive predictions (58,636 / 119,310)
[LN257    ] [chunk_18_phase_4_ensemble.py] [info]    validation predictions:   35.47% positive predictions (18,887 / 53,254)
[LN258    ] [chunk_18_phase_4_ensemble.py] [info]    [info] Section 4 all rejected - using Section 3 results for Section 5
[LN259    ] [chunk_18_phase_4_ensemble.py] [info]    [diagnostic] prediction_buckets: 0-10:3409, 10-20:8061, 20-30:11037, 30-40:11551, 40-50:9303, 50-60:5977, 60-70:2549, 70-80:768, 80-90:290, 90-100:0
[LN260    ] [chunk_18_phase_4_ensemble.py] [info] [section 5] [LIGHTGBM] [final] LABEL_THRESHOLD=0.0,
[LN261    ] [chunk_18_phase_4_ensemble.py] [info] [section 5] [LIGHTGBM] [final] train_precision=0.7821 train_true_positives=45857 train_true_negatives=46810 train_false_positives=12779 train_false_negatives=13864 train_max_prediction=0.9967 train_mean_prediction=0.5001 train_recall=0.7679 train_f1=0.7749 train_auc=0.8599 train_specificity=0.7855 train_false_positive_rate=0.2145 train_f2=0.7707 train_mcc=0.5535 train_prauc=0.8583 train_balanced_accuracy=0.7767 train_standard_deviation_prediction=0.1455 train_percentage_above_threshold=49.15 train_brier=0.1846 train_kappa=0.5534 train_informedness=0.5534 train_markedness=0.5676 train_gini=0.7198 train_optimal_threshold=0.5001
[LN262    ] [chunk_18_phase_4_ensemble.py] [info] [section 5] [LIGHTGBM] [final] VALIDATION_PRECISION=0.5271 VALIDATION_TRUE_POSITIVES=9955 VALIDATION_TRUE_NEGATIVES=15548 validation_false_positives=8932 validation_false_negatives=18819 validation_max_prediction=0.9791 validation_mean_prediction=0.4403 validation_recall=0.3460 validation_f1=0.4177 validation_auc=0.4813 validation_specificity=0.6351 validation_false_positive_rate=0.3649 validation_f2=0.3715 validation_mcc=-0.0197 validation_prauc=0.5497 validation_balanced_accuracy=0.4906 validation_brier=0.2895 validation_kappa=-0.0183 validation_informedness=-0.0189 validation_markedness=0.1622 validation_gini=0.0000 validation_optimal_threshold=0.7059 validation_standard_deviation_prediction=0.1678 validation_percentage_above_threshold=35.47
[LN263    ] [chunk_18_phase_4_ensemble.py] [info] [section 5] [LIGHTGBM] [final] prediction_binary_split=0.50 hyperparams=(loss=binary_crossentropy lr=0.05 dropout=0.0 alpha=1.0 gamma=1.0 latent_dim=64) (using HPO model directly)
[LN264    ] [chunk_18_phase_4_ensemble.py] [info]    [LightGBM] loss: binary_crossentropy | pred_threshold: 0.5 | epochs: 3
[LN265    ] [chunk_18_phase_4_ensemble.py] [info]    [LightGBM] hyperparameter_optimization: learning_rate=0.05
[LN266    ] [chunk_18_phase_4_ensemble.py] [info]    LightGBM training time: 65.1s
[LN267    ] [chunk_18_phase_4_ensemble.py] [info] [pass] LightGBM trained successfully
[LN268    ] [chunk_18_phase_4_ensemble.py] [info] [section 1] [XGBOOST] [baseline] LABEL_THRESHOLD=20.0,
[LN269    ] [chunk_18_phase_4_ensemble.py] [info] [section 1] [XGBOOST] [baseline] predictions: mean=0.0036, std=0.0210, min=0.0000, max=0.8649
[LN270    ] [chunk_18_phase_4_ensemble.py] [info] [section 1] [XGBOOST] [baseline]  percentiles: p1=0.0000, p5=0.0000, p10=0.0000, p25=0.0000, p50=0.0001, p75=0.0011, p90=0.0057, p95=0.0135, p99=0.0624, max=0.8649 | histogram: bins[52439, 465, 164, 68, 33, 15, 17, 11, 5, 7, 7, 6, 2, 5, 1, 0, 2, 2, 2, 3]
[LN271    ] [chunk_18_phase_4_ensemble.py] [info] [section 1] [XGBOOST] [baseline] prediction_binary_split=0.50, VALIDATION predictions at LABEL_THRESHOLD=20.0: 0.04%
[LN272    ] [chunk_18_phase_4_ensemble.py] [info] [section 1] [XGBOOST] [baseline] LABEL_THRESHOLD=20.0,
[LN273    ] [chunk_18_phase_4_ensemble.py] [info] [section 1] [XGBOOST] [baseline] VALIDATION_PRECISION=0.0455 VALIDATION_TRUE_POSITIVES=1 VALIDATION_TRUE_NEGATIVES=52897 validation_false_positives=21 validation_false_negatives=335 validation_max_prediction=0.8649 validation_mean_prediction=0.0036 validation_recall=0.0030 validation_f1=0.0056 validation_auc=0.8622 validation_specificity=0.9996 validation_false_positive_rate=0.0004 validation_f2=0.0037 validation_mcc=0.0101 validation_prauc=0.0323 validation_balanced_accuracy=0.5013 validation_brier=0.0065 validation_kappa=0.0048 validation_informedness=0.0026 validation_markedness=0.0451 validation_gini=0.7245 validation_optimal_threshold=0.0008 validation_standard_deviation_prediction=0.0210 validation_percentage_above_threshold=0.04
[LN274    ] [chunk_18_phase_4_ensemble.py] [info] [section 1] [XGBOOST] [baseline] prediction_binary_split=0.50 loss=binary_crossentropy, lr=0.001
[LN275    ] [chunk_12_evaluation_evaluator.py] [info] [XGBOOST] LABEL_THRESHOLD=20.0 | Train: below prediction_binary_split=118,621,above prediction_binary_split=689 [ok] | Validation: below prediction_binary_split=52,918,above prediction_binary_split=336 [ok]
[LN276    ] [chunk_12_evaluation_evaluator.py] [info] [XGBOOST] [diagnostic] LABEL_THRESHOLD=20.0 train_precision=0.7698 train_true_positives=689 train_true_negatives=118415 train_false_positives=206 train_false_negatives=0 train_max_prediction=0.9993 train_mean_prediction=0.0176 train_recall=1.0000 train_f1=0.8699 train_auc=1.0000 train_specificity=0.9983 train_false_positive_rate=0.0017 train_f2=0.9436 train_mcc=0.8766 train_prauc=0.9998 train_balanced_accuracy=0.9991 train_brier=0.0022 train_kappa=0.8691 train_informedness=0.9983 train_markedness=0.7681 train_gini=1.0000 train_optimal_threshold=0.8269 train_standard_deviation_prediction=0.0868 train_percentage_above_threshold=0.75
[LN277    ] [chunk_12_evaluation_evaluator.py] [info] [XGBOOST] [diagnostic] LABEL_THRESHOLD=20.0 VALIDATION_PRECISION=0.0676 VALIDATION_TRUE_POSITIVES=5 VALIDATION_TRUE_NEGATIVES=52849 validation_false_positives=69 validation_false_negatives=331 validation_max_prediction=0.9491 validation_mean_prediction=0.0076 validation_recall=0.0149 validation_f1=0.0244 validation_auc=0.8264 validation_specificity=0.9987 validation_false_positive_rate=0.0013 validation_f2=0.0176 validation_mcc=0.0289 validation_prauc=0.0270 validation_balanced_accuracy=0.5068 validation_brier=0.0073 validation_kappa=0.0222 validation_informedness=0.0136 validation_markedness=0.0663 validation_gini=0.6529 validation_optimal_threshold=0.0008 validation_standard_deviation_prediction=0.0376 validation_percentage_above_threshold=0.14
[LN278    ] [chunk_12_evaluation_evaluator.py] [info] [XGBOOST] LABEL_THRESHOLD=10.0 | Train: below prediction_binary_split=116,756,above prediction_binary_split=2,554 [ok] | Validation: below prediction_binary_split=52,057,above prediction_binary_split=1,197 [ok]
[LN279    ] [chunk_12_evaluation_evaluator.py] [info] [XGBOOST] [diagnostic] LABEL_THRESHOLD=10.0 train_precision=0.3199 train_true_positives=2554 train_true_negatives=111327 train_false_positives=5429 train_false_negatives=0 train_max_prediction=0.9984 train_mean_prediction=0.1100 train_recall=1.0000 train_f1=0.4848 train_auc=0.9999 train_specificity=0.9535 train_false_positive_rate=0.0465 train_f2=0.7017 train_mcc=0.5523 train_prauc=0.9968 train_balanced_accuracy=0.9768 train_brier=0.0350 train_kappa=0.4675 train_informedness=0.9535 train_markedness=0.2734 train_gini=0.9999 train_optimal_threshold=0.9236 train_standard_deviation_prediction=0.2088 train_percentage_above_threshold=6.69
[LN280    ] [chunk_12_evaluation_evaluator.py] [info] [XGBOOST] [diagnostic] LABEL_THRESHOLD=10.0 VALIDATION_PRECISION=0.0822 VALIDATION_TRUE_POSITIVES=175 VALIDATION_TRUE_NEGATIVES=50104 validation_false_positives=1953 validation_false_negatives=1022 validation_max_prediction=0.9918 validation_mean_prediction=0.0736 validation_recall=0.1462 validation_f1=0.1053 validation_auc=0.7804 validation_specificity=0.9625 validation_false_positive_rate=0.0375 validation_f2=0.1265 validation_mcc=0.0823 validation_prauc=0.0628 validation_balanced_accuracy=0.5543 validation_brier=0.0435 validation_kappa=0.0788 validation_informedness=0.1087 validation_markedness=0.0447 validation_gini=0.5609 validation_optimal_threshold=0.0219 validation_standard_deviation_prediction=0.1583 validation_percentage_above_threshold=4.00
[LN281    ] [chunk_12_evaluation_evaluator.py] [info] [XGBOOST] LABEL_THRESHOLD=0.0 | Train: below prediction_binary_split=59,589,above prediction_binary_split=59,721 [ok] | Validation: below prediction_binary_split=24,480,above prediction_binary_split=28,774 [ok]
[LN282    ] [chunk_12_evaluation_evaluator.py] [info] [XGBOOST] [reject] skipping LABEL_THRESHOLD=0.0: pos_pred_ratio=96.57% outside [0%, 60%]
[LN283    ] [chunk_18_phase_4_ensemble.py] [info] [section 1] [XGBOOST] [label_threshold_optimal]  percentiles: p1=0.0002, p5=0.0005, p10=0.0008, p25=0.0018, p50=0.0064, p75=0.0517, p90=0.2497, p95=0.4394, p99=0.7920, max=0.9918 | histogram: bins[39718, 3606, 2064, 1442, 1059, 941, 710, 608, 500, 440, 366, 325, 283, 257, 216, 190, 174, 184, 102, 69]
[LN284    ] [chunk_18_phase_4_ensemble.py] [info] [section 1] [XGBOOST] [label_threshold_optimal] LABEL_THRESHOLD=10.0
[LN285    ] [chunk_18_phase_4_ensemble.py] [info] [section 1] [XGBOOST] [label_threshold_optimal] train_precision=0.3199 train_true_positives=2554 train_true_negatives=111327 train_false_positives=5429 train_false_negatives=0 train_max_prediction=0.9984 train_mean_prediction=0.1100 train_recall=1.0000 train_f1=0.4848 train_auc=0.9999 train_specificity=0.9535 train_false_positive_rate=0.0465 train_f2=0.7017 train_mcc=0.5523 train_prauc=0.9968 train_balanced_accuracy=0.9768 train_brier=0.0350 train_kappa=0.4675 train_informedness=0.9535 train_markedness=0.2734 train_gini=0.9999 train_optimal_threshold=0.9236 train_standard_deviation_prediction=0.2088 train_percentage_above_threshold=6.69
[LN286    ] [chunk_18_phase_4_ensemble.py] [info] [section 1] [XGBOOST] [label_threshold_optimal] VALIDATION_PRECISION=0.0822 VALIDATION_TRUE_POSITIVES=175 VALIDATION_TRUE_NEGATIVES=50104 validation_false_positives=1953 validation_false_negatives=1022 validation_max_prediction=0.9918 validation_mean_prediction=0.0736 validation_recall=0.1462 validation_f1=0.1053 validation_auc=0.7804 validation_specificity=0.9625 validation_false_positive_rate=0.0375 validation_f2=0.1265 validation_mcc=0.0823 validation_prauc=0.0628 validation_balanced_accuracy=0.5543 validation_brier=0.0435 validation_kappa=0.0788 validation_informedness=0.1087 validation_markedness=0.0447 validation_gini=0.5609 validation_optimal_threshold=0.0219 validation_standard_deviation_prediction=0.1583 validation_percentage_above_threshold=4.00
[LN287    ] [chunk_18_phase_4_ensemble.py] [info] [section 1] [XGBOOST] [label_threshold_optimal] prediction_binary_split=0.50
[LN288    ] [chunk_21_hyperparam_optimizer.py] [info] [section 2] [XGBOOST] [hyperparameter_optimization search] Running Bayesian optimization (5 trials)...
[LN289    ] [chunk_21_hyperparam_optimizer.py] [info] [section 2] [XGBOOST] [hyperparameter_optimization search baseline] LABEL_THRESHOLD=10.0
[LN290    ] [chunk_21_hyperparam_optimizer.py] [info] [section 2] [XGBOOST] [hyperparameter_optimization search baseline] VALIDATION_PRECISION=0.0586 VALIDATION_TRUE_POSITIVES=1077 VALIDATION_TRUE_NEGATIVES=34766 validation_false_positives=17291 validation_false_negatives=120 validation_max_prediction=0.9979 validation_mean_prediction=0.3535 validation_recall=0.8997 validation_f1=0.1101 validation_auc=0.8565 validation_specificity=0.6678 validation_false_positive_rate=0.3322 validation_f2=0.2326 validation_mcc=0.1770 validation_prauc=0.1067 validation_balanced_accuracy=0.7838 validation_brier=0.2498 validation_kappa=0.0709 validation_informedness=0.5676 validation_markedness=-0.2735 validation_gini=0.7131 validation_optimal_threshold=0.5798 validation_standard_deviation_prediction=0.3742 validation_percentage_above_threshold=34.49
[LN291    ] [chunk_21_hyperparam_optimizer.py] [info] [section 2] [XGBOOST] [hyperparameter_optimization search baseline] TRIAL 1/5: n_estimators=500, max_depth=3, learning_rate=0.1, scale_pos_weight=400, min_child_weight=200, reg_alpha=0.0, reg_lambda=10.0, subsample=0.6, colsample_bytree=1.0, gamma=0
[LN292    ] [chunk_21_hyperparam_optimizer.py] [info] [section 2] [XGBOOST] [hyperparameter_optimization search baseline] LABEL_THRESHOLD=10.0
[LN293    ] [chunk_21_hyperparam_optimizer.py] [info] [section 2] [XGBOOST] [hyperparameter_optimization search baseline] VALIDATION_PRECISION=0.0527 VALIDATION_TRUE_POSITIVES=1108 VALIDATION_TRUE_NEGATIVES=32146 validation_false_positives=19911 validation_false_negatives=89 validation_max_prediction=0.9611 validation_mean_prediction=0.4673 validation_recall=0.9256 validation_f1=0.0997 validation_auc=0.8538 validation_specificity=0.6175 validation_false_positive_rate=0.3825 validation_f2=0.2147 validation_mcc=0.1647 validation_prauc=0.1027 validation_balanced_accuracy=0.7716 validation_brier=0.2876 validation_kappa=0.0598 validation_informedness=0.5432 validation_markedness=-0.3298 validation_gini=0.7075 validation_optimal_threshold=0.6278 validation_standard_deviation_prediction=0.2902 validation_percentage_above_threshold=39.47
[LN294    ] [chunk_21_hyperparam_optimizer.py] [info] [section 2] [XGBOOST] [hyperparameter_optimization search baseline] TRIAL 2/5: n_estimators=200, max_depth=7, learning_rate=0.01, scale_pos_weight=400, min_child_weight=50, reg_alpha=1.0, reg_lambda=1.0, subsample=0.6, colsample_bytree=0.7, gamma=0.5
[LN295    ] [chunk_21_hyperparam_optimizer.py] [info] [section 2] [XGBOOST] [hyperparameter_optimization search baseline] LABEL_THRESHOLD=10.0
[LN296    ] [chunk_21_hyperparam_optimizer.py] [info] [section 2] [XGBOOST] [hyperparameter_optimization search baseline] VALIDATION_PRECISION=0.0664 VALIDATION_TRUE_POSITIVES=978 VALIDATION_TRUE_NEGATIVES=38310 validation_false_positives=13747 validation_false_negatives=219 validation_max_prediction=0.9898 validation_mean_prediction=0.2816 validation_recall=0.8170 validation_f1=0.1228 validation_auc=0.8442 validation_specificity=0.7359 validation_false_positive_rate=0.2641 validation_f2=0.2506 validation_mcc=0.1833 validation_prauc=0.0883 validation_balanced_accuracy=0.7765 validation_brier=0.1792 validation_kappa=0.0848 validation_informedness=0.5530 validation_markedness=-0.1977 validation_gini=0.6884 validation_optimal_threshold=0.3355 validation_standard_deviation_prediction=0.3316 validation_percentage_above_threshold=27.65
[LN297    ] [chunk_21_hyperparam_optimizer.py] [info] [section 2] [XGBOOST] [hyperparameter_optimization search baseline] TRIAL 3/5: n_estimators=200, max_depth=7, learning_rate=0.05, scale_pos_weight=500, min_child_weight=10, reg_alpha=0.0, reg_lambda=10.0, subsample=0.8, colsample_bytree=0.5, gamma=0.5
[LN298    ] [chunk_21_hyperparam_optimizer.py] [info] [section 2] [XGBOOST] [hyperparameter_optimization search baseline] LABEL_THRESHOLD=10.0
[LN299    ] [chunk_21_hyperparam_optimizer.py] [info] [section 2] [XGBOOST] [hyperparameter_optimization search baseline] VALIDATION_PRECISION=0.0534 VALIDATION_TRUE_POSITIVES=1120 VALIDATION_TRUE_NEGATIVES=32207 validation_false_positives=19850 validation_false_negatives=77 validation_max_prediction=0.9937 validation_mean_prediction=0.4112 validation_recall=0.9357 validation_f1=0.1011 validation_auc=0.8510 validation_specificity=0.6187 validation_false_positive_rate=0.3813 validation_f2=0.2174 validation_mcc=0.1682 validation_prauc=0.0975 validation_balanced_accuracy=0.7772 validation_brier=0.2904 validation_kappa=0.0611 validation_informedness=0.5544 validation_markedness=-0.3279 validation_gini=0.7020 validation_optimal_threshold=0.6228 validation_standard_deviation_prediction=0.3712 validation_percentage_above_threshold=39.38
[LN300    ] [chunk_21_hyperparam_optimizer.py] [info] [section 2] [XGBOOST] [hyperparameter_optimization search baseline] TRIAL 4/5: n_estimators=200, max_depth=3, learning_rate=0.1, scale_pos_weight=500, min_child_weight=50, reg_alpha=1.0, reg_lambda=1.0, subsample=0.6, colsample_bytree=0.7, gamma=0
[LN301    ] [chunk_21_hyperparam_optimizer.py] [info] [section 2] [XGBOOST] [hyperparameter_optimization search baseline] LABEL_THRESHOLD=10.0
[LN302    ] [chunk_21_hyperparam_optimizer.py] [info] [section 2] [XGBOOST] [hyperparameter_optimization search baseline] VALIDATION_PRECISION=0.0489 VALIDATION_TRUE_POSITIVES=1134 VALIDATION_TRUE_NEGATIVES=29979 validation_false_positives=22078 validation_false_negatives=63 validation_max_prediction=0.9752 validation_mean_prediction=0.5006 validation_recall=0.9474 validation_f1=0.0929 validation_auc=0.8566 validation_specificity=0.5759 validation_false_positive_rate=0.4241 validation_f2=0.2025 validation_mcc=0.1564 validation_prauc=0.1126 validation_balanced_accuracy=0.7616 validation_brier=0.3329 validation_kappa=0.0524 validation_informedness=0.5233 validation_markedness=-0.3753 validation_gini=0.7131 validation_optimal_threshold=0.7055 validation_standard_deviation_prediction=0.3150 validation_percentage_above_threshold=43.59
[LN303    ] [chunk_21_hyperparam_optimizer.py] [info] [section 2] [XGBOOST] [hyperparameter_optimization search baseline] TRIAL 5/5: n_estimators=100, max_depth=5, learning_rate=0.03, scale_pos_weight=200, min_child_weight=200, reg_alpha=0.5, reg_lambda=5.0, subsample=0.7, colsample_bytree=1.0, gamma=0.1
[LN304    ] [chunk_21_hyperparam_optimizer.py] [info] [section 2] [XGBOOST] [best trial] LABEL_THRESHOLD=10.0
[LN305    ] [chunk_21_hyperparam_optimizer.py] [info] [section 2] [XGBOOST] [best trial] VALIDATION_PRECISION=0.0664 VALIDATION_TRUE_POSITIVES=978 VALIDATION_TRUE_NEGATIVES=38310 validation_false_positives=13747 validation_false_negatives=219 validation_max_prediction=0.9898 validation_mean_prediction=0.2816 validation_recall=0.8170 validation_f1=0.1228 validation_auc=0.8442 validation_specificity=0.7359 validation_false_positive_rate=0.2641 validation_f2=0.2506 validation_mcc=0.1833 validation_prauc=0.0883 validation_balanced_accuracy=0.7765 validation_brier=0.1792 validation_kappa=0.0848 validation_informedness=0.5530 validation_markedness=-0.1977 validation_gini=0.6884 validation_optimal_threshold=0.3355 validation_standard_deviation_prediction=0.3316 validation_percentage_above_threshold=27.65
[LN306    ] [chunk_21_hyperparam_optimizer.py] [info] [section 2] [XGBOOST] [best trial] n_estimators=200, max_depth=7, learning_rate=0.05, scale_pos_weight=500, min_child_weight=10, reg_alpha=0.0, reg_lambda=10.0, subsample=0.8, colsample_bytree=0.5, gamma=0.5
[LN307    ] [chunk_18_phase_4_ensemble.py] [info]    [diagnostic-hyperparameter_optimization]  percentiles: p1=0.0054, p5=0.0093, p10=0.0127, p25=0.0240, p50=0.0759, p75=0.5721, p90=0.8565, p95=0.9152, p99=0.9616, max=0.9898 | histogram: bins[23104, 5530, 2435, 1598, 1183, 972, 975, 886, 917, 858, 940, 985, 1041, 1203, 1348, 1496, 1894, 2067, 2367, 1455]
[LN308    ] [chunk_18_phase_4_ensemble.py] [info]    hyperparameter_optimization did NOT improve: 0.0664 <= 0.0822 - using pre hyperparameter_optimization model
[LN309    ] [chunk_18_phase_4_ensemble.py] [info] [section 3] [XGBOOST] [PRE-HYPERPARAMETER_OPTIMIZATION] LABEL_THRESHOLD=10.0,
[LN310    ] [chunk_18_phase_4_ensemble.py] [info] [section 3] [XGBOOST] [PRE-HYPERPARAMETER_OPTIMIZATION] VALIDATION_PRECISION=0.0822 VALIDATION_TRUE_POSITIVES=175 VALIDATION_TRUE_NEGATIVES=50104 validation_false_positives=1953 validation_false_negatives=1022 validation_max_prediction=0.9918 validation_mean_prediction=0.0736 validation_recall=0.1462 validation_f1=0.1053 validation_auc=0.7804 validation_specificity=0.9625 validation_false_positive_rate=0.0375 validation_f2=0.1265 validation_mcc=0.0823 validation_prauc=0.0628 validation_balanced_accuracy=0.5543 validation_brier=0.0435 validation_kappa=0.0788 validation_informedness=0.1087 validation_markedness=0.0447 validation_gini=0.5609 validation_optimal_threshold=0.0219 validation_standard_deviation_prediction=0.1583 validation_percentage_above_threshold=4.00
[LN311    ] [chunk_18_phase_4_ensemble.py] [info] [section 3] [XGBOOST] [PRE-HYPERPARAMETER_OPTIMIZATION] prediction_binary_split=0.50 hyperparams=(loss=binary_crossentropy lr=0.05 dropout=0.1 alpha=0.0 gamma=0.5 latent_dim=0) improved=False {'n_estimators': 200, 'max_depth': 7, 'learning_rate': 0.05, 'scale_pos_weight': 500, 'min_child_weight': 10, 'reg_alpha': 0.0, 'reg_lambda': 10.0, 'subsample': 0.8, 'colsample_bytree': 0.5, 'gamma': 0.5}
[LN312    ] [chunk_18_phase_4_ensemble.py] [info]    Running post hyperparameter_optimization threshold search for XGBoost...
[LN313    ] [chunk_12_evaluation_evaluator.py] [info] [XGBOOST] LABEL_THRESHOLD=20.0 | Train: below prediction_binary_split=118,621,above prediction_binary_split=689 [ok] | Validation: below prediction_binary_split=52,918,above prediction_binary_split=336 [ok]
[LN314    ] [chunk_12_evaluation_evaluator.py] [info] [reject] Skipping threshold 20.0: only 0 positive VALIDATION predictions (min=53)
[LN315    ] [chunk_12_evaluation_evaluator.py] [info] [XGBOOST] LABEL_THRESHOLD=10.0 | Train: below prediction_binary_split=116,756,above prediction_binary_split=2,554 [ok] | Validation: below prediction_binary_split=52,057,above prediction_binary_split=1,197 [ok]
[LN316    ] [chunk_12_evaluation_evaluator.py] [info] [XGBOOST] [diagnostic] LABEL_THRESHOLD=10.0 train_precision=0.3199 train_true_positives=2554 train_true_negatives=111327 train_false_positives=5429 train_false_negatives=0 train_max_prediction=0.9984 train_mean_prediction=0.1100 train_recall=1.0000 train_f1=0.4848 train_auc=0.9999 train_specificity=0.9535 train_false_positive_rate=0.0465 train_f2=0.7017 train_mcc=0.5523 train_prauc=0.9968 train_balanced_accuracy=0.9768 train_brier=0.0350 train_kappa=0.4675 train_informedness=0.9535 train_markedness=0.2734 train_gini=0.9999 train_optimal_threshold=0.9236 train_standard_deviation_prediction=0.2088 train_percentage_above_threshold=6.69
[LN317    ] [chunk_12_evaluation_evaluator.py] [info] [XGBOOST] [diagnostic] LABEL_THRESHOLD=10.0 VALIDATION_PRECISION=0.0822 VALIDATION_TRUE_POSITIVES=175 VALIDATION_TRUE_NEGATIVES=50104 validation_false_positives=1953 validation_false_negatives=1022 validation_max_prediction=0.9918 validation_mean_prediction=0.0736 validation_recall=0.1462 validation_f1=0.1053 validation_auc=0.7804 validation_specificity=0.9625 validation_false_positive_rate=0.0375 validation_f2=0.1265 validation_mcc=0.0823 validation_prauc=0.0628 validation_balanced_accuracy=0.5543 validation_brier=0.0435 validation_kappa=0.0788 validation_informedness=0.1087 validation_markedness=0.0447 validation_gini=0.5609 validation_optimal_threshold=0.0219 validation_standard_deviation_prediction=0.1583 validation_percentage_above_threshold=4.00
[LN318    ] [chunk_12_evaluation_evaluator.py] [info] [XGBOOST] LABEL_THRESHOLD=0.0 | Train: below prediction_binary_split=59,589,above prediction_binary_split=59,721 [ok] | Validation: below prediction_binary_split=24,480,above prediction_binary_split=28,774 [ok]
[LN319    ] [chunk_12_evaluation_evaluator.py] [info] [reject] Skipping threshold 0.0: only 0 positive VALIDATION predictions (min=53)
[LN320    ] [chunk_18_phase_4_ensemble.py] [info]    hyperparameter_optimization model threshold search: LABEL_THRESHOLD=10.0, VALIDATION_PRECISION=0.0664
[LN321    ] [chunk_18_phase_4_ensemble.py] [info]    post hyperparameter_optimization threshold search: LABEL_THRESHOLD=10.0, VALIDATION_PRECISION=0.0822
[LN322    ] [chunk_18_phase_4_ensemble.py] [info]    post hyperparameter_optimization no improvement: keeping LABEL_THRESHOLD=10.0
[LN323    ] [chunk_18_phase_4_ensemble.py] [info] [section 4] [XGBOOST] [post hyperparameter_optimization] [diagnostic]  percentiles: p1=0.0002, p5=0.0005, p10=0.0008, p25=0.0018, p50=0.0064, p75=0.0517, p90=0.2497, p95=0.4394, p99=0.7920, max=0.9918 | histogram: bins[39718, 3606, 2064, 1442, 1059, 941, 710, 608, 500, 440, 366, 325, 283, 257, 216, 190, 174, 184, 102, 69]
[LN324    ] [chunk_18_phase_4_ensemble.py] [info] [section 4] [XGBOOST] [post hyperparameter_optimization] LABEL_THRESHOLD=10.0,
[LN325    ] [chunk_18_phase_4_ensemble.py] [info] [section 4] [XGBOOST] [post hyperparameter_optimization] VALIDATION_PRECISION=0.0822 VALIDATION_TRUE_POSITIVES=175 VALIDATION_TRUE_NEGATIVES=50104 validation_false_positives=1953 validation_false_negatives=1022 validation_max_prediction=0.9918 validation_mean_prediction=0.0736 validation_recall=0.1462 validation_f1=0.1053 validation_auc=0.7804 validation_specificity=0.9625 validation_false_positive_rate=0.0375 validation_f2=0.1265 validation_mcc=0.0823 validation_prauc=0.0628 validation_balanced_accuracy=0.5543 validation_brier=0.0435 validation_kappa=0.0788 validation_informedness=0.1087 validation_markedness=0.0447 validation_gini=0.5609 validation_optimal_threshold=0.0219 validation_standard_deviation_prediction=0.1583 validation_percentage_above_threshold=4.00
[LN326    ] [chunk_18_phase_4_ensemble.py] [info] [section 4] [XGBOOST] [post hyperparameter_optimization] prediction_binary_split=0.50 hyperparams=(loss=binary_crossentropy lr=0.05 dropout=0.0 alpha=1.0 gamma=0.5 latent_dim=64) source=section3
[LN327    ] [chunk_18_phase_4_ensemble.py] [info]    Using threshold-optimized model (HPO did not improve)
[LN328    ] [chunk_18_phase_4_ensemble.py] [info]    Train predictions: mean=0.1100, std=0.2088, min=0.0000, max=0.9984
[LN329    ] [chunk_18_phase_4_ensemble.py] [info]    validation predictions:   mean=0.0736, std=0.1583, min=0.0000, max=0.9918
[LN330    ] [chunk_18_phase_4_ensemble.py] [info] [section 5] [XGBOOST] [final] [diagnostic] Train  percentiles: p1=0.0001, p5=0.0004, p10=0.0007, p25=0.0021, p50=0.0120, p75=0.1094, p90=0.3655, p95=0.5991, p99=0.9871, max=0.9984 | histogram: bins[78407, 9717, 6004, 4441, 3316, 2612, 2208, 1806, 1561, 1237, 1050, 985, 778, 694, 616, 484, 354, 241, 203, 2596]
[LN331    ] [chunk_18_phase_4_ensemble.py] [info] [section 5] [XGBOOST] [final] [diagnostic] validation    percentiles: p1=0.0002, p5=0.0005, p10=0.0008, p25=0.0018, p50=0.0064, p75=0.0517, p90=0.2497, p95=0.4394, p99=0.7920, max=0.9918 | histogram: bins[39718, 3606, 2064, 1442, 1059, 941, 710, 608, 500, 440, 366, 325, 283, 257, 216, 190, 174, 184, 102, 69]
[LN332    ] [chunk_18_phase_4_ensemble.py] [info]    Train predictions: 6.69% positive predictions (7,983 / 119,310)
[LN333    ] [chunk_18_phase_4_ensemble.py] [info]    validation predictions:   4.00% positive predictions (2,128 / 53,254)
[LN334    ] [chunk_18_phase_4_ensemble.py] [info]    [info] Section 4 all rejected - using Section 3 results for Section 5
[LN335    ] [chunk_18_phase_4_ensemble.py] [info]    [diagnostic] prediction_buckets: 0-10:3515, 10-20:1987, 20-30:1318, 30-40:945, 40-50:688, 50-60:527, 60-70:407, 70-80:352, 80-90:154, 90-100:0
[LN336    ] [chunk_18_phase_4_ensemble.py] [info] [section 5] [XGBOOST] [final] LABEL_THRESHOLD=10.0,
[LN337    ] [chunk_18_phase_4_ensemble.py] [info] [section 5] [XGBOOST] [final] train_precision=0.3199 train_true_positives=2554 train_true_negatives=111327 train_false_positives=5429 train_false_negatives=0 train_max_prediction=0.9984 train_mean_prediction=0.1100 train_recall=1.0000 train_f1=0.4848 train_auc=0.9999 train_specificity=0.9535 train_false_positive_rate=0.0465 train_f2=0.7017 train_mcc=0.5523 train_prauc=0.9968 train_balanced_accuracy=0.9768 train_standard_deviation_prediction=0.2088 train_percentage_above_threshold=6.69 train_brier=0.0350 train_kappa=0.4675 train_informedness=0.9535 train_markedness=0.2734 train_gini=0.9999 train_optimal_threshold=0.9236
[LN338    ] [chunk_18_phase_4_ensemble.py] [info] [section 5] [XGBOOST] [final] VALIDATION_PRECISION=0.0822 VALIDATION_TRUE_POSITIVES=175 VALIDATION_TRUE_NEGATIVES=50104 validation_false_positives=1953 validation_false_negatives=1022 validation_max_prediction=0.9918 validation_mean_prediction=0.0736 validation_recall=0.1462 validation_f1=0.1053 validation_auc=0.7804 validation_specificity=0.9625 validation_false_positive_rate=0.0375 validation_f2=0.1265 validation_mcc=0.0823 validation_prauc=0.0628 validation_balanced_accuracy=0.5543 validation_brier=0.0435 validation_kappa=0.0788 validation_informedness=0.1087 validation_markedness=0.0447 validation_gini=0.5609 validation_optimal_threshold=0.0219 validation_standard_deviation_prediction=0.1583 validation_percentage_above_threshold=4.00
[LN339    ] [chunk_18_phase_4_ensemble.py] [info] [section 5] [XGBOOST] [final] prediction_binary_split=0.50 hyperparams=(loss=binary_crossentropy lr=0.05 dropout=0.0 alpha=1.0 gamma=0.5 latent_dim=64) (using HPO model directly)
[LN340    ] [chunk_18_phase_4_ensemble.py] [info]    [XGBoost] loss: binary_crossentropy | pred_threshold: 0.5 | epochs: 3
[LN341    ] [chunk_18_phase_4_ensemble.py] [info]    [XGBoost] hyperparameter_optimization: learning_rate=0.05, gamma=0.5
[LN342    ] [chunk_18_phase_4_ensemble.py] [info]    XGBoost training time: 43.3s
[LN343    ] [chunk_18_phase_4_ensemble.py] [info] [pass] XGBoost trained successfully
[LN344    ] [chunk_18_phase_4_ensemble.py] [info] [section 1] [DENSE] [baseline] LABEL_THRESHOLD=20.0,
[LN345    ] [chunk_18_phase_4_ensemble.py] [info] [section 1] [DENSE] [baseline] predictions: mean=0.0282, std=0.0134, min=0.0004, max=0.0463
[LN346    ] [chunk_18_phase_4_ensemble.py] [info] [section 1] [DENSE] [baseline]  percentiles: p1=0.0004, p5=0.0005, p10=0.0037, p25=0.0185, p50=0.0347, p75=0.0365, p90=0.0404, p95=0.0433, p99=0.0460, max=0.0463 | histogram: bins[4761, 1313, 1355, 1115, 1342, 1135, 1163, 1272, 1184, 1072, 970, 997, 867, 422, 9567, 13807, 4574, 2188, 2092, 2058]
[LN347    ] [chunk_18_phase_4_ensemble.py] [info] [section 1] [DENSE] [baseline] prediction_binary_split=0.50, VALIDATION predictions at LABEL_THRESHOLD=20.0: 0.00%
[LN348    ] [chunk_18_phase_4_ensemble.py] [warning] [section 1] [DENSE] [baseline] [warning] No predictions >= 0.5!
[LN349    ] [chunk_18_phase_4_ensemble.py] [info] [section 1] [DENSE] [baseline] LABEL_THRESHOLD=20.0,
[LN350    ] [chunk_18_phase_4_ensemble.py] [info] [section 1] [DENSE] [baseline] VALIDATION_PRECISION=0.0000 VALIDATION_TRUE_POSITIVES=0 VALIDATION_TRUE_NEGATIVES=52918 validation_false_positives=0 validation_false_negatives=336 validation_max_prediction=0.0463 validation_mean_prediction=0.0282 validation_recall=0.0000 validation_f1=0.0000 validation_auc=0.4369 validation_specificity=1.0000 validation_false_positive_rate=0.0000 validation_f2=0.0000 validation_mcc=0.0000 validation_prauc=0.0057 validation_balanced_accuracy=0.5000 validation_brier=0.0070 validation_kappa=0.0000 validation_informedness=0.0000 validation_markedness=1.0000 validation_gini=0.0000 validation_optimal_threshold=0.0453 validation_standard_deviation_prediction=0.0134 validation_percentage_above_threshold=0.00
[LN351    ] [chunk_18_phase_4_ensemble.py] [info] [section 1] [DENSE] [baseline] prediction_binary_split=0.50 loss=binary_crossentropy, lr=0.001
[LN352    ] [chunk_12_evaluation_evaluator.py] [info] [DENSE] LABEL_THRESHOLD=20.0 | Train: below prediction_binary_split=118,621,above prediction_binary_split=689 [ok] | Validation: below prediction_binary_split=52,918,above prediction_binary_split=336 [ok]
[LN353    ] [chunk_12_evaluation_evaluator.py] [info] [DENSE] [reject] skipping LABEL_THRESHOLD=20.0: pos_pred_ratio=0.08% outside [0%, 60%]
[LN354    ] [chunk_12_evaluation_evaluator.py] [info] [DENSE] LABEL_THRESHOLD=10.0 | Train: below prediction_binary_split=116,756,above prediction_binary_split=2,554 [ok] | Validation: below prediction_binary_split=52,057,above prediction_binary_split=1,197 [ok]
[LN355    ] [chunk_12_evaluation_evaluator.py] [info] [DENSE] [reject] skipping LABEL_THRESHOLD=10.0: pos_pred_ratio=0.02% outside [0%, 60%]
[LN356    ] [chunk_12_evaluation_evaluator.py] [info] [DENSE] LABEL_THRESHOLD=0.0 | Train: below prediction_binary_split=59,589,above prediction_binary_split=59,721 [ok] | Validation: below prediction_binary_split=24,480,above prediction_binary_split=28,774 [ok]
[LN357    ] [chunk_12_evaluation_evaluator.py] [info] [DENSE] [reject] skipping LABEL_THRESHOLD=0.0: validation_precision=0.5146 <= baseline+0.0200=0.5200
[LN358    ] [chunk_18_phase_4_ensemble.py] [warning] [section 1] [DENSE] [label_threshold_optimal] [warning] All label thresholds rejected — using baseline metrics at 20.0
[LN359    ] [chunk_18_phase_4_ensemble.py] [info] [section 1] [DENSE] [label_threshold_optimal] LABEL_THRESHOLD=20.0
[LN360    ] [chunk_18_phase_4_ensemble.py] [info] [section 1] [DENSE] [label_threshold_optimal] train_precision=0.0000 train_true_positives=0 train_true_negatives=52918 train_false_positives=0 train_false_negatives=336 train_max_prediction=0.0463 train_mean_prediction=0.0282 train_recall=0.0000 train_f1=0.0000 train_auc=0.4369 train_specificity=1.0000 train_false_positive_rate=0.0000 train_f2=0.0000 train_mcc=0.0000 train_prauc=0.0057 train_balanced_accuracy=0.5000 train_brier=0.0070 train_kappa=0.0000 train_informedness=0.0000 train_markedness=1.0000 train_gini=0.0000 train_optimal_threshold=0.0453 train_standard_deviation_prediction=0.0134 train_percentage_above_threshold=0.00
[LN361    ] [chunk_18_phase_4_ensemble.py] [info] [section 1] [DENSE] [label_threshold_optimal] VALIDATION_PRECISION=0.0000 VALIDATION_TRUE_POSITIVES=0 VALIDATION_TRUE_NEGATIVES=52918 validation_false_positives=0 validation_false_negatives=336 validation_max_prediction=0.0463 validation_mean_prediction=0.0282 validation_recall=0.0000 validation_f1=0.0000 validation_auc=0.4369 validation_specificity=1.0000 validation_false_positive_rate=0.0000 validation_f2=0.0000 validation_mcc=0.0000 validation_prauc=0.0057 validation_balanced_accuracy=0.5000 validation_brier=0.0070 validation_kappa=0.0000 validation_informedness=0.0000 validation_markedness=1.0000 validation_gini=0.0000 validation_optimal_threshold=0.0453 validation_standard_deviation_prediction=0.0134 validation_percentage_above_threshold=0.00
[LN362    ] [chunk_18_phase_4_ensemble.py] [info] [section 1] [DENSE] [label_threshold_optimal] prediction_binary_split=0.50
[LN363    ] [chunk_21_hyperparam_optimizer.py] [info] [section 2] [DENSE] [hyperparameter_optimization search] Running Bayesian optimization (5 trials)...
[LN364    ] [chunk_21_hyperparam_optimizer.py] [info] [section 2] [DENSE] [hyperparameter_optimization search baseline] LABEL_THRESHOLD=20.0
[LN365    ] [chunk_21_hyperparam_optimizer.py] [info] [section 2] [DENSE] [hyperparameter_optimization search baseline] VALIDATION_PRECISION=0.0259 VALIDATION_TRUE_POSITIVES=286 VALIDATION_TRUE_NEGATIVES=42166 validation_false_positives=10752 validation_false_negatives=50 validation_max_prediction=1.0000 validation_mean_prediction=0.2445 validation_recall=0.8512 validation_f1=0.0503 validation_auc=0.9057 validation_specificity=0.7968 validation_false_positive_rate=0.2032 validation_f2=0.1155 validation_mcc=0.1266 validation_prauc=0.0634 validation_balanced_accuracy=0.8240 validation_brier=0.1364 validation_kappa=0.0385 validation_informedness=0.6480 validation_markedness=-0.1773 validation_gini=0.8114 validation_optimal_threshold=0.5051 validation_standard_deviation_prediction=0.2828 validation_percentage_above_threshold=20.73
[LN366    ] [chunk_21_hyperparam_optimizer.py] [info] [section 2] [DENSE] [hyperparameter_optimization search baseline] TRIAL 1/5: units=256, layers=2, dropout=0.1, learning_rate=0.0003, epochs=30, loss_function=binary_crossentropy, alpha=1.25, gamma=2.0, batch_size=256, activation=relu
[LN367    ] [chunk_21_hyperparam_optimizer.py] [info] [section 2] [DENSE] [hyperparameter_optimization search baseline] LABEL_THRESHOLD=20.0
[LN368    ] [chunk_21_hyperparam_optimizer.py] [info] [section 2] [DENSE] [hyperparameter_optimization search baseline] VALIDATION_PRECISION=0.0286 VALIDATION_TRUE_POSITIVES=279 VALIDATION_TRUE_NEGATIVES=43457 validation_false_positives=9461 validation_false_negatives=57 validation_max_prediction=1.0000 validation_mean_prediction=0.2048 validation_recall=0.8304 validation_f1=0.0554 validation_auc=0.9065 validation_specificity=0.8212 validation_false_positive_rate=0.1788 validation_f2=0.1259 validation_mcc=0.1335 validation_prauc=0.0600 validation_balanced_accuracy=0.8258 validation_brier=0.1168 validation_kappa=0.0437 validation_informedness=0.6516 validation_markedness=-0.1501 validation_gini=0.8131 validation_optimal_threshold=0.4141 validation_standard_deviation_prediction=0.2790 validation_percentage_above_threshold=18.29
[LN369    ] [chunk_21_hyperparam_optimizer.py] [info] [section 2] [DENSE] [hyperparameter_optimization search baseline] TRIAL 2/5: units=128, layers=4, dropout=0.3, learning_rate=0.0001, epochs=30, loss_function=binary_crossentropy, alpha=1.5, gamma=2.5, batch_size=64, activation=selu
[LN370    ] [chunk_21_hyperparam_optimizer.py] [info] [section 2] [DENSE] [hyperparameter_optimization search baseline] LABEL_THRESHOLD=20.0
[LN371    ] [chunk_21_hyperparam_optimizer.py] [info] [section 2] [DENSE] [hyperparameter_optimization search baseline] VALIDATION_PRECISION=0.0221 VALIDATION_TRUE_POSITIVES=301 VALIDATION_TRUE_NEGATIVES=39618 validation_false_positives=13300 validation_false_negatives=35 validation_max_prediction=1.0000 validation_mean_prediction=0.2774 validation_recall=0.8958 validation_f1=0.0432 validation_auc=0.8909 validation_specificity=0.7487 validation_false_positive_rate=0.2513 validation_f2=0.1007 validation_mcc=0.1170 validation_prauc=0.0434 validation_balanced_accuracy=0.8223 validation_brier=0.1628 validation_kappa=0.0313 validation_informedness=0.6445 validation_markedness=-0.2292 validation_gini=0.7819 validation_optimal_threshold=0.5610 validation_standard_deviation_prediction=0.2988 validation_percentage_above_threshold=25.54
[LN372    ] [chunk_21_hyperparam_optimizer.py] [info] [section 2] [DENSE] [hyperparameter_optimization search baseline] TRIAL 3/5: units=128, layers=3, dropout=0.4, learning_rate=0.0005, epochs=20, loss_function=binary_crossentropy, alpha=1.0, gamma=2.5, batch_size=64, activation=leaky_relu
[LN373    ] [chunk_21_hyperparam_optimizer.py] [info] [section 2] [DENSE] [hyperparameter_optimization search baseline] LABEL_THRESHOLD=20.0
[LN374    ] [chunk_21_hyperparam_optimizer.py] [info] [section 2] [DENSE] [hyperparameter_optimization search baseline] VALIDATION_PRECISION=0.0244 VALIDATION_TRUE_POSITIVES=296 VALIDATION_TRUE_NEGATIVES=41106 validation_false_positives=11812 validation_false_negatives=40 validation_max_prediction=1.0000 validation_mean_prediction=0.2445 validation_recall=0.8810 validation_f1=0.0476 validation_auc=0.9054 validation_specificity=0.7768 validation_false_positive_rate=0.2232 validation_f2=0.1100 validation_mcc=0.1243 validation_prauc=0.0608 validation_balanced_accuracy=0.8289 validation_brier=0.1407 validation_kappa=0.0357 validation_informedness=0.6577 validation_markedness=-0.1988 validation_gini=0.8109 validation_optimal_threshold=0.4964 validation_standard_deviation_prediction=0.2903 validation_percentage_above_threshold=22.74
[LN375    ] [chunk_21_hyperparam_optimizer.py] [info] [section 2] [DENSE] [hyperparameter_optimization search baseline] TRIAL 4/5: units=128, layers=3, dropout=0.3, learning_rate=0.001, epochs=15, loss_function=binary_crossentropy, alpha=0.75, gamma=2.0, batch_size=128, activation=selu
[LN376    ] [chunk_21_hyperparam_optimizer.py] [info] [section 2] [DENSE] [hyperparameter_optimization search baseline] LABEL_THRESHOLD=20.0
[LN377    ] [chunk_21_hyperparam_optimizer.py] [info] [section 2] [DENSE] [hyperparameter_optimization search baseline] VALIDATION_PRECISION=0.1049 VALIDATION_TRUE_POSITIVES=17 VALIDATION_TRUE_NEGATIVES=52773 validation_false_positives=145 validation_false_negatives=319 validation_max_prediction=1.0000 validation_mean_prediction=0.0302 validation_recall=0.0506 validation_f1=0.0683 validation_auc=0.8969 validation_specificity=0.9973 validation_false_positive_rate=0.0027 validation_f2=0.0564 validation_mcc=0.0688 validation_prauc=0.0551 validation_balanced_accuracy=0.5239 validation_brier=0.0094 validation_kappa=0.0644 validation_informedness=0.0479 validation_markedness=0.1022 validation_gini=0.7938 validation_optimal_threshold=0.0430 validation_standard_deviation_prediction=0.0658 validation_percentage_above_threshold=0.30
[LN378    ] [chunk_21_hyperparam_optimizer.py] [info] [section 2] [DENSE] [hyperparameter_optimization search baseline] TRIAL 5/5: units=1024, layers=2, dropout=0.3, learning_rate=0.0003, epochs=15, loss_function=focal_loss, alpha=0.5, gamma=2.0, batch_size=128, activation=selu
[LN379    ] [chunk_21_hyperparam_optimizer.py] [info] [section 2] [DENSE] [best trial] LABEL_THRESHOLD=20.0
[LN380    ] [chunk_21_hyperparam_optimizer.py] [info] [section 2] [DENSE] [best trial] VALIDATION_PRECISION=0.1049 VALIDATION_TRUE_POSITIVES=17 VALIDATION_TRUE_NEGATIVES=52773 validation_false_positives=145 validation_false_negatives=319 validation_max_prediction=1.0000 validation_mean_prediction=0.0302 validation_recall=0.0506 validation_f1=0.0683 validation_auc=0.8969 validation_specificity=0.9973 validation_false_positive_rate=0.0027 validation_f2=0.0564 validation_mcc=0.0688 validation_prauc=0.0551 validation_balanced_accuracy=0.5239 validation_brier=0.0094 validation_kappa=0.0644 validation_informedness=0.0479 validation_markedness=0.1022 validation_gini=0.7938 validation_optimal_threshold=0.0430 validation_standard_deviation_prediction=0.0658 validation_percentage_above_threshold=0.30
[LN381    ] [chunk_21_hyperparam_optimizer.py] [info] [section 2] [DENSE] [best trial] units=1024, layers=2, dropout=0.3, learning_rate=0.0003, epochs=15, loss_function=focal_loss, alpha=0.5, gamma=2.0, batch_size=128, activation=selu
[LN382    ] [chunk_18_phase_4_ensemble.py] [info]    [diagnostic-hyperparameter_optimization]  percentiles: p1=0.0001, p5=0.0001, p10=0.0005, p25=0.0026, p50=0.0072, p75=0.0274, p90=0.0794, p95=0.1387, p99=0.3291, max=1.0000 | histogram: bins[44927, 4178, 1764, 944, 496, 319, 173, 129, 88, 74, 43, 28, 21, 18, 14, 6, 9, 6, 2, 15]
[LN383    ] [chunk_18_phase_4_ensemble.py] [info]    hyperparameter_optimization improved: 0.1049 > 0.0000
[LN384    ] [chunk_18_phase_4_ensemble.py] [info] [section 3] [DENSE] [HYPERPARAMETER_OPTIMIZATION] LABEL_THRESHOLD=20.0,
[LN385    ] [chunk_18_phase_4_ensemble.py] [info] [section 3] [DENSE] [HYPERPARAMETER_OPTIMIZATION] VALIDATION_PRECISION=0.1049 VALIDATION_TRUE_POSITIVES=17 VALIDATION_TRUE_NEGATIVES=52773 validation_false_positives=145 validation_false_negatives=319 validation_max_prediction=1.0000 validation_mean_prediction=0.0302 validation_recall=0.0506 validation_f1=0.0683 validation_auc=0.8969 validation_specificity=0.9973 validation_false_positive_rate=0.0027 validation_f2=0.0564 validation_mcc=0.0688 validation_prauc=0.0551 validation_balanced_accuracy=0.5239 validation_brier=0.0094 validation_kappa=0.0644 validation_informedness=0.0479 validation_markedness=0.1022 validation_gini=0.7938 validation_optimal_threshold=0.0430 validation_standard_deviation_prediction=0.0658 validation_percentage_above_threshold=0.30
[LN386    ] [chunk_18_phase_4_ensemble.py] [info] [section 3] [DENSE] [HYPERPARAMETER_OPTIMIZATION] prediction_binary_split=0.50 hyperparams=(loss=focal_loss lr=0.0003 dropout=0.3 alpha=0.5 gamma=2.0 latent_dim=0) improved=True {'units': 1024, 'layers': 2, 'dropout': 0.3, 'learning_rate': 0.0003, 'epochs': 15, 'loss_function': 'focal_loss', 'alpha': 0.5, 'gamma': 2.0, 'batch_size': 128, 'activation': 'selu'}
[LN387    ] [chunk_18_phase_4_ensemble.py] [info]    Running post hyperparameter_optimization threshold search for Dense...
[LN388    ] [chunk_12_evaluation_evaluator.py] [info] [DENSE] LABEL_THRESHOLD=20.0 | Train: below prediction_binary_split=118,621,above prediction_binary_split=689 [ok] | Validation: below prediction_binary_split=52,918,above prediction_binary_split=336 [ok]
[LN389    ] [chunk_12_evaluation_evaluator.py] [info] [DENSE] [diagnostic] LABEL_THRESHOLD=20.0 train_precision=0.1390 train_true_positives=26 train_true_negatives=118460 train_false_positives=161 train_false_negatives=663 train_max_prediction=1.0000 train_mean_prediction=0.0295 train_recall=0.0377 train_f1=0.0594 train_auc=0.8839 train_specificity=0.9986 train_false_positive_rate=0.0014 train_f2=0.0442 train_mcc=0.0697 train_prauc=0.0546 train_balanced_accuracy=0.5182 train_brier=0.0074 train_kappa=0.0570 train_informedness=0.0364 train_markedness=0.1377 train_gini=0.7678 train_optimal_threshold=0.0365 train_standard_deviation_prediction=0.0483 train_percentage_above_threshold=0.16
[LN390    ] [chunk_12_evaluation_evaluator.py] [info] [DENSE] [diagnostic] LABEL_THRESHOLD=20.0 VALIDATION_PRECISION=0.1049 VALIDATION_TRUE_POSITIVES=17 VALIDATION_TRUE_NEGATIVES=52773 validation_false_positives=145 validation_false_negatives=319 validation_max_prediction=1.0000 validation_mean_prediction=0.0302 validation_recall=0.0506 validation_f1=0.0683 validation_auc=0.8969 validation_specificity=0.9973 validation_false_positive_rate=0.0027 validation_f2=0.0564 validation_mcc=0.0688 validation_prauc=0.0551 validation_balanced_accuracy=0.5239 validation_brier=0.0094 validation_kappa=0.0644 validation_informedness=0.0479 validation_markedness=0.1022 validation_gini=0.7938 validation_optimal_threshold=0.0430 validation_standard_deviation_prediction=0.0658 validation_percentage_above_threshold=0.30
[LN391    ] [chunk_12_evaluation_evaluator.py] [info] [DENSE] LABEL_THRESHOLD=10.0 | Train: below prediction_binary_split=116,756,above prediction_binary_split=2,554 [ok] | Validation: below prediction_binary_split=52,057,above prediction_binary_split=1,197 [ok]
[LN392    ] [chunk_12_evaluation_evaluator.py] [info] [DENSE] [diagnostic] LABEL_THRESHOLD=10.0 train_precision=0.0966 train_true_positives=56 train_true_negatives=116232 train_false_positives=524 train_false_negatives=2498 train_max_prediction=0.9718 train_mean_prediction=0.0330 train_recall=0.0219 train_f1=0.0357 train_auc=0.7271 train_specificity=0.9955 train_false_positive_rate=0.0045 train_f2=0.0259 train_mcc=0.0363 train_prauc=0.0544 train_balanced_accuracy=0.5087 train_brier=0.0232 train_kappa=0.0280 train_informedness=0.0174 train_markedness=0.0921 train_gini=0.4542 train_optimal_threshold=0.0250 train_standard_deviation_prediction=0.0619 train_percentage_above_threshold=0.49
[LN393    ] [chunk_12_evaluation_evaluator.py] [info] [DENSE] [diagnostic] LABEL_THRESHOLD=10.0 VALIDATION_PRECISION=0.0785 VALIDATION_TRUE_POSITIVES=119 VALIDATION_TRUE_NEGATIVES=50660 validation_false_positives=1397 validation_false_negatives=1078 validation_max_prediction=0.9768 validation_mean_prediction=0.0563 validation_recall=0.0994 validation_f1=0.0877 validation_auc=0.6440 validation_specificity=0.9732 validation_false_positive_rate=0.0268 validation_f2=0.0944 validation_mcc=0.0647 validation_prauc=0.0492 validation_balanced_accuracy=0.5363 validation_brier=0.0377 validation_kappa=0.0642 validation_informedness=0.0726 validation_markedness=0.0517 validation_gini=0.2880 validation_optimal_threshold=0.0293 validation_standard_deviation_prediction=0.1339 validation_percentage_above_threshold=2.85
[LN394    ] [chunk_12_evaluation_evaluator.py] [info] [DENSE] LABEL_THRESHOLD=0.0 | Train: below prediction_binary_split=59,589,above prediction_binary_split=59,721 [ok] | Validation: below prediction_binary_split=24,480,above prediction_binary_split=28,774 [ok]
[LN395    ] [chunk_12_evaluation_evaluator.py] [info] [DENSE] [reject] skipping LABEL_THRESHOLD=0.0: validation_precision=0.3851 <= baseline+0.0200=0.5200
[LN396    ] [chunk_18_phase_4_ensemble.py] [info]    hyperparameter_optimization model threshold search: LABEL_THRESHOLD=20.0, VALIDATION_PRECISION=0.1049
[LN397    ] [chunk_18_phase_4_ensemble.py] [info]    post hyperparameter_optimization threshold search: LABEL_THRESHOLD=20.0, VALIDATION_PRECISION=0.1049
[LN398    ] [chunk_18_phase_4_ensemble.py] [info]    post hyperparameter_optimization no improvement: keeping LABEL_THRESHOLD=20.0
[LN399    ] [chunk_18_phase_4_ensemble.py] [info] [section 4] [DENSE] [post hyperparameter_optimization] [diagnostic]  percentiles: p1=0.0001, p5=0.0001, p10=0.0005, p25=0.0026, p50=0.0072, p75=0.0274, p90=0.0794, p95=0.1387, p99=0.3291, max=1.0000 | histogram: bins[44927, 4178, 1764, 944, 496, 319, 173, 129, 88, 74, 43, 28, 21, 18, 14, 6, 9, 6, 2, 15]
[LN400    ] [chunk_18_phase_4_ensemble.py] [info] [section 4] [DENSE] [post hyperparameter_optimization] LABEL_THRESHOLD=20.0,
[LN401    ] [chunk_18_phase_4_ensemble.py] [info] [section 4] [DENSE] [post hyperparameter_optimization] VALIDATION_PRECISION=0.1049 VALIDATION_TRUE_POSITIVES=17 VALIDATION_TRUE_NEGATIVES=52773 validation_false_positives=145 validation_false_negatives=319 validation_max_prediction=1.0000 validation_mean_prediction=0.0302 validation_recall=0.0506 validation_f1=0.0683 validation_auc=0.8969 validation_specificity=0.9973 validation_false_positive_rate=0.0027 validation_f2=0.0564 validation_mcc=0.0688 validation_prauc=0.0551 validation_balanced_accuracy=0.5239 validation_brier=0.0094 validation_kappa=0.0644 validation_informedness=0.0479 validation_markedness=0.1022 validation_gini=0.7938 validation_optimal_threshold=0.0430 validation_standard_deviation_prediction=0.0658 validation_percentage_above_threshold=0.30
[LN402    ] [chunk_18_phase_4_ensemble.py] [info] [section 4] [DENSE] [post hyperparameter_optimization] prediction_binary_split=0.50 hyperparams=(loss=focal_loss lr=0.0003 dropout=0.3 alpha=0.5 gamma=2.0 latent_dim=64) source=section3
[LN403    ] [chunk_18_phase_4_ensemble.py] [info]    Using Hyperparameter_Optimized model directly (no change to Label_Threshold)
[LN404    ] [chunk_18_phase_4_ensemble.py] [info]    Train predictions: mean=0.0295, std=0.0483, min=0.0000, max=1.0000
[LN405    ] [chunk_18_phase_4_ensemble.py] [info]    validation predictions:   mean=0.0302, std=0.0658, min=0.0000, max=1.0000
[LN406    ] [chunk_18_phase_4_ensemble.py] [info] [section 5] [DENSE] [final] [diagnostic] Train  percentiles: p1=0.0001, p5=0.0013, p10=0.0023, p25=0.0060, p50=0.0151, p75=0.0345, p90=0.0688, p95=0.1004, p99=0.2194, max=1.0000 | histogram: bins[100073, 13236, 3411, 1148, 536, 312, 170, 118, 69, 50, 47, 34, 28, 19, 13, 13, 8, 7, 1, 17]
[LN407    ] [chunk_18_phase_4_ensemble.py] [info] [section 5] [DENSE] [final] [diagnostic] validation    percentiles: p1=0.0001, p5=0.0001, p10=0.0005, p25=0.0026, p50=0.0072, p75=0.0274, p90=0.0794, p95=0.1387, p99=0.3291, max=1.0000 | histogram: bins[44927, 4178, 1764, 944, 496, 319, 173, 129, 88, 74, 43, 28, 21, 18, 14, 6, 9, 6, 2, 15]
[LN408    ] [chunk_18_phase_4_ensemble.py] [info]    Train predictions: 0.16% positive predictions (187 / 119,310)
[LN409    ] [chunk_18_phase_4_ensemble.py] [info]    validation predictions:   0.30% positive predictions (162 / 53,254)
[LN410    ] [chunk_18_phase_4_ensemble.py] [info]    [info] Section 4 all rejected - using Section 3 results for Section 5
[LN411    ] [chunk_18_phase_4_ensemble.py] [info]    [diagnostic] prediction_buckets: 0-10:2708, 10-20:815, 20-30:302, 30-40:162, 40-50:71, 50-60:39, 60-70:20, 70-80:15, 80-90:17, 90-100:0
[LN412    ] [chunk_18_phase_4_ensemble.py] [info] [section 5] [DENSE] [final] LABEL_THRESHOLD=20.0,
[LN413    ] [chunk_18_phase_4_ensemble.py] [info] [section 5] [DENSE] [final] train_precision=0.1390 train_true_positives=26 train_true_negatives=118460 train_false_positives=161 train_false_negatives=663 train_max_prediction=1.0000 train_mean_prediction=0.0295 train_recall=0.0377 train_f1=0.0594 train_auc=0.8839 train_specificity=0.9986 train_false_positive_rate=0.0014 train_f2=0.0442 train_mcc=0.0697 train_prauc=0.0546 train_balanced_accuracy=0.5182 train_standard_deviation_prediction=0.0483 train_percentage_above_threshold=0.16 train_brier=0.0074 train_kappa=0.0570 train_informedness=0.0364 train_markedness=0.1377 train_gini=0.7678 train_optimal_threshold=0.0365
[LN414    ] [chunk_18_phase_4_ensemble.py] [info] [section 5] [DENSE] [final] VALIDATION_PRECISION=0.1049 VALIDATION_TRUE_POSITIVES=17 VALIDATION_TRUE_NEGATIVES=52773 validation_false_positives=145 validation_false_negatives=319 validation_max_prediction=1.0000 validation_mean_prediction=0.0302 validation_recall=0.0506 validation_f1=0.0683 validation_auc=0.8969 validation_specificity=0.9973 validation_false_positive_rate=0.0027 validation_f2=0.0564 validation_mcc=0.0688 validation_prauc=0.0551 validation_balanced_accuracy=0.5239 validation_brier=0.0094 validation_kappa=0.0644 validation_informedness=0.0479 validation_markedness=0.1022 validation_gini=0.7938 validation_optimal_threshold=0.0430 validation_standard_deviation_prediction=0.0658 validation_percentage_above_threshold=0.30
[LN415    ] [chunk_18_phase_4_ensemble.py] [info] [section 5] [DENSE] [final] prediction_binary_split=0.50 hyperparams=(loss=focal_loss lr=0.0003 dropout=0.3 alpha=0.5 gamma=2.0 latent_dim=64) (using HPO model directly)
[LN416    ] [chunk_18_phase_4_ensemble.py] [info]    [Dense] loss: focal_loss | pred_threshold: 0.5 | epochs: 15
[LN417    ] [chunk_18_phase_4_ensemble.py] [info]    [Dense] hyperparameter_optimization: units=1024, layers=2, dropout=0.3, learning_rate=0.0003, alpha=0.5, gamma=2.0
[LN418    ] [chunk_18_phase_4_ensemble.py] [info]    Dense training time: 397.2s
[LN419    ] [chunk_18_phase_4_ensemble.py] [info] [pass] Dense trained successfully
[LN420    ] [chunk_18_phase_4_ensemble.py] [info] [section 1] [CNN] [baseline] LABEL_THRESHOLD=20.0,
[LN421    ] [chunk_18_phase_4_ensemble.py] [info] [section 1] [CNN] [baseline] predictions: mean=0.0258, std=0.0299, min=0.0044, max=0.1989
[LN422    ] [chunk_18_phase_4_ensemble.py] [info] [section 1] [CNN] [baseline]  percentiles: p1=0.0044, p5=0.0046, p10=0.0051, p25=0.0074, p50=0.0140, p75=0.0288, p90=0.0710, p95=0.0938, p99=0.1443, max=0.1989 | histogram: bins[26891, 10330, 5805, 1872, 1049, 956, 1263, 1312, 966, 675, 537, 401, 325, 253, 205, 167, 141, 69, 32, 5]
[LN423    ] [chunk_18_phase_4_ensemble.py] [info] [section 1] [CNN] [baseline] prediction_binary_split=0.50, VALIDATION predictions at LABEL_THRESHOLD=20.0: 0.00%
[LN424    ] [chunk_18_phase_4_ensemble.py] [warning] [section 1] [CNN] [baseline] [warning] No predictions >= 0.5!
[LN425    ] [chunk_18_phase_4_ensemble.py] [info] [section 1] [CNN] [baseline] LABEL_THRESHOLD=20.0,
[LN426    ] [chunk_18_phase_4_ensemble.py] [info] [section 1] [CNN] [baseline] VALIDATION_PRECISION=0.0000 VALIDATION_TRUE_POSITIVES=0 VALIDATION_TRUE_NEGATIVES=52918 validation_false_positives=0 validation_false_negatives=336 validation_max_prediction=0.1989 validation_mean_prediction=0.0258 validation_recall=0.0000 validation_f1=0.0000 validation_auc=0.6213 validation_specificity=1.0000 validation_false_positive_rate=0.0000 validation_f2=0.0000 validation_mcc=0.0000 validation_prauc=0.0106 validation_balanced_accuracy=0.5000 validation_brier=0.0074 validation_kappa=0.0000 validation_informedness=0.0000 validation_markedness=1.0000 validation_gini=0.2425 validation_optimal_threshold=0.0208 validation_standard_deviation_prediction=0.0299 validation_percentage_above_threshold=0.00
[LN427    ] [chunk_18_phase_4_ensemble.py] [info] [section 1] [CNN] [baseline] prediction_binary_split=0.50 loss=binary_crossentropy, lr=0.001
[LN428    ] [chunk_12_evaluation_evaluator.py] [info] [CNN] LABEL_THRESHOLD=20.0 | Train: below prediction_binary_split=118,621,above prediction_binary_split=689 [ok] | Validation: below prediction_binary_split=52,918,above prediction_binary_split=336 [ok]
[LN429    ] [chunk_12_evaluation_evaluator.py] [info] [reject] Skipping threshold 20.0: only 0 positive VALIDATION predictions (min=5)
[LN430    ] [chunk_12_evaluation_evaluator.py] [info] [CNN] LABEL_THRESHOLD=10.0 | Train: below prediction_binary_split=116,756,above prediction_binary_split=2,554 [ok] | Validation: below prediction_binary_split=52,057,above prediction_binary_split=1,197 [ok]
[LN431    ] [chunk_12_evaluation_evaluator.py] [info] [reject] Skipping threshold 10.0: only 1 positive VALIDATION predictions (min=5)
[LN432    ] [chunk_12_evaluation_evaluator.py] [info] [CNN] LABEL_THRESHOLD=0.0 | Train: below prediction_binary_split=59,589,above prediction_binary_split=59,721 [ok] | Validation: below prediction_binary_split=24,480,above prediction_binary_split=28,774 [ok]
[LN433    ] [chunk_12_evaluation_evaluator.py] [info] [CNN] [diagnostic] LABEL_THRESHOLD=0.0 train_precision=0.5711 train_true_positives=35377 train_true_negatives=33020 train_false_positives=26569 train_false_negatives=24344 train_max_prediction=0.9038 train_mean_prediction=0.4944 train_recall=0.5924 train_f1=0.5815 train_auc=0.6064 train_specificity=0.5541 train_false_positive_rate=0.4459 train_f2=0.5880 train_mcc=0.1466 train_prauc=0.6016 train_balanced_accuracy=0.5733 train_brier=0.2406 train_kappa=0.1465 train_informedness=0.1465 train_markedness=0.1252 train_gini=0.2128 train_optimal_threshold=0.4860 train_standard_deviation_prediction=0.0829 train_percentage_above_threshold=51.92
[LN434    ] [chunk_12_evaluation_evaluator.py] [info] [CNN] [diagnostic] LABEL_THRESHOLD=0.0 VALIDATION_PRECISION=0.5277 VALIDATION_TRUE_POSITIVES=15747 VALIDATION_TRUE_NEGATIVES=10386 validation_false_positives=14094 validation_false_negatives=13027 validation_max_prediction=0.9767 validation_mean_prediction=0.5109 validation_recall=0.5473 validation_f1=0.5373 validation_auc=0.4868 validation_specificity=0.4243 validation_false_positive_rate=0.5757 validation_f2=0.5432 validation_mcc=-0.0286 validation_prauc=0.5509 validation_balanced_accuracy=0.4858 validation_brier=0.2594 validation_kappa=-0.0286 validation_informedness=-0.0285 validation_markedness=-0.0480 validation_gini=0.0000 validation_optimal_threshold=0.6229 validation_standard_deviation_prediction=0.0929 validation_percentage_above_threshold=56.04
[LN435    ] [chunk_18_phase_4_ensemble.py] [info] [section 1] [CNN] [label_threshold_optimal]  percentiles: p1=0.3026, p5=0.3559, p10=0.3912, p25=0.4507, p50=0.5130, p75=0.5670, p90=0.6211, p95=0.6589, p99=0.7597, max=0.9767 | histogram: bins[48, 272, 1040, 2008, 3369, 5335, 7148, 9170, 9544, 6990, 4142, 2028, 996, 538, 272, 137, 68, 45, 103, 1]
[LN436    ] [chunk_18_phase_4_ensemble.py] [info] [section 1] [CNN] [label_threshold_optimal] LABEL_THRESHOLD=0.0
[LN437    ] [chunk_18_phase_4_ensemble.py] [info] [section 1] [CNN] [label_threshold_optimal] train_precision=0.5711 train_true_positives=35377 train_true_negatives=33020 train_false_positives=26569 train_false_negatives=24344 train_max_prediction=0.9038 train_mean_prediction=0.4944 train_recall=0.5924 train_f1=0.5815 train_auc=0.6064 train_specificity=0.5541 train_false_positive_rate=0.4459 train_f2=0.5880 train_mcc=0.1466 train_prauc=0.6016 train_balanced_accuracy=0.5733 train_brier=0.2406 train_kappa=0.1465 train_informedness=0.1465 train_markedness=0.1252 train_gini=0.2128 train_optimal_threshold=0.4860 train_standard_deviation_prediction=0.0829 train_percentage_above_threshold=51.92
[LN438    ] [chunk_18_phase_4_ensemble.py] [info] [section 1] [CNN] [label_threshold_optimal] VALIDATION_PRECISION=0.5277 VALIDATION_TRUE_POSITIVES=15747 VALIDATION_TRUE_NEGATIVES=10386 validation_false_positives=14094 validation_false_negatives=13027 validation_max_prediction=0.9767 validation_mean_prediction=0.5109 validation_recall=0.5473 validation_f1=0.5373 validation_auc=0.4868 validation_specificity=0.4243 validation_false_positive_rate=0.5757 validation_f2=0.5432 validation_mcc=-0.0286 validation_prauc=0.5509 validation_balanced_accuracy=0.4858 validation_brier=0.2594 validation_kappa=-0.0286 validation_informedness=-0.0285 validation_markedness=-0.0480 validation_gini=0.0000 validation_optimal_threshold=0.6229 validation_standard_deviation_prediction=0.0929 validation_percentage_above_threshold=56.04
[LN439    ] [chunk_18_phase_4_ensemble.py] [info] [section 1] [CNN] [label_threshold_optimal] prediction_binary_split=0.50
[LN440    ] [chunk_21_hyperparam_optimizer.py] [info] [section 2] [CNN] [hyperparameter_optimization search] Running Bayesian optimization (5 trials)...
[LN441    ] [chunk_21_hyperparam_optimizer.py] [info] [section 2] [CNN] [hyperparameter_optimization search baseline] LABEL_THRESHOLD=0.0
[LN442    ] [chunk_21_hyperparam_optimizer.py] [info] [section 2] [CNN] [hyperparameter_optimization search baseline] VALIDATION_PRECISION=0.5403 VALIDATION_TRUE_POSITIVES=28774 VALIDATION_TRUE_NEGATIVES=0 validation_false_positives=24480 validation_false_negatives=0 validation_max_prediction=0.5208 validation_mean_prediction=0.5208 validation_recall=1.0000 validation_f1=0.7016 validation_auc=0.5000 validation_specificity=0.0000 validation_false_positive_rate=1.0000 validation_f2=0.8546 validation_mcc=0.0000 validation_prauc=0.5403 validation_balanced_accuracy=0.5000 validation_brier=0.2488 validation_kappa=0.0000 validation_informedness=0.0000 validation_markedness=-0.4597 validation_gini=0.0000 validation_optimal_threshold=inf validation_standard_deviation_prediction=0.0000 validation_percentage_above_threshold=100.00
[LN443    ] [chunk_21_hyperparam_optimizer.py] [info] [section 2] [CNN] [hyperparameter_optimization search baseline] TRIAL 1/5: loss_function=focal_loss, filters=256, kernel_size=7, dropout=0.2, learning_rate=0.01, epochs=30, alpha=0.25, gamma=2.0, layers=1, pooling=none
[LN444    ] [chunk_21_hyperparam_optimizer.py] [info] [section 2] [CNN] [hyperparameter_optimization search baseline] LABEL_THRESHOLD=0.0
[LN445    ] [chunk_21_hyperparam_optimizer.py] [info] [section 2] [CNN] [hyperparameter_optimization search baseline] VALIDATION_PRECISION=0.5319 VALIDATION_TRUE_POSITIVES=18400 VALIDATION_TRUE_NEGATIVES=8290 validation_false_positives=16190 validation_false_negatives=10374 validation_max_prediction=0.7891 validation_mean_prediction=0.5149 validation_recall=0.6395 validation_f1=0.5808 validation_auc=0.4950 validation_specificity=0.3386 validation_false_positive_rate=0.6614 validation_f2=0.6146 validation_mcc=-0.0229 validation_prauc=0.5502 validation_balanced_accuracy=0.4891 validation_brier=0.2510 validation_kappa=-0.0223 validation_informedness=-0.0219 validation_markedness=-0.1294 validation_gini=0.0000 validation_optimal_threshold=0.6539 validation_standard_deviation_prediction=0.0555 validation_percentage_above_threshold=64.95
[LN446    ] [chunk_21_hyperparam_optimizer.py] [info] [section 2] [CNN] [hyperparameter_optimization search baseline] TRIAL 2/5: loss_function=binary_crossentropy, filters=128, kernel_size=7, dropout=0.0, learning_rate=0.002, epochs=100, alpha=0.25, gamma=3.0, layers=1, pooling=none
[LN447    ] [chunk_21_hyperparam_optimizer.py] [info] [section 2] [CNN] [hyperparameter_optimization search baseline] LABEL_THRESHOLD=0.0
[LN448    ] [chunk_21_hyperparam_optimizer.py] [info] [section 2] [CNN] [hyperparameter_optimization search baseline] VALIDATION_PRECISION=0.5175 VALIDATION_TRUE_POSITIVES=15208 VALIDATION_TRUE_NEGATIVES=10300 validation_false_positives=14180 validation_false_negatives=13566 validation_max_prediction=0.8943 validation_mean_prediction=0.5091 validation_recall=0.5285 validation_f1=0.5230 validation_auc=0.4747 validation_specificity=0.4208 validation_false_positive_rate=0.5792 validation_f2=0.5263 validation_mcc=-0.0508 validation_prauc=0.5427 validation_balanced_accuracy=0.4746 validation_brier=0.2550 validation_kappa=-0.0508 validation_informedness=-0.0507 validation_markedness=-0.0618 validation_gini=0.0000 validation_optimal_threshold=0.6064 validation_standard_deviation_prediction=0.0698 validation_percentage_above_threshold=55.18
[LN449    ] [chunk_21_hyperparam_optimizer.py] [info] [section 2] [CNN] [hyperparameter_optimization search baseline] TRIAL 3/5: loss_function=binary_crossentropy, filters=512, kernel_size=11, dropout=0.1, learning_rate=0.0005, epochs=100, alpha=0.5, gamma=2.0, layers=2, pooling=max
[LN450    ] [chunk_21_hyperparam_optimizer.py] [info] [section 2] [CNN] [hyperparameter_optimization search baseline] LABEL_THRESHOLD=0.0
[LN451    ] [chunk_21_hyperparam_optimizer.py] [info] [section 2] [CNN] [hyperparameter_optimization search baseline] VALIDATION_PRECISION=0.5419 VALIDATION_TRUE_POSITIVES=26617 VALIDATION_TRUE_NEGATIVES=1975 validation_false_positives=22505 validation_false_negatives=2157 validation_max_prediction=0.5792 validation_mean_prediction=0.5028 validation_recall=0.9250 validation_f1=0.6834 validation_auc=0.5105 validation_specificity=0.0807 validation_false_positive_rate=0.9193 validation_f2=0.8104 validation_mcc=0.0106 validation_prauc=0.5491 validation_balanced_accuracy=0.5029 validation_brier=0.2496 validation_kappa=0.0061 validation_informedness=0.0057 validation_markedness=-0.3775 validation_gini=0.0210 validation_optimal_threshold=0.5017 validation_standard_deviation_prediction=0.0057 validation_percentage_above_threshold=92.24
[LN452    ] [chunk_21_hyperparam_optimizer.py] [info] [section 2] [CNN] [hyperparameter_optimization search baseline] TRIAL 4/5: loss_function=focal_loss, filters=64, kernel_size=3, dropout=0.1, learning_rate=0.002, epochs=50, alpha=0.75, gamma=2.5, layers=1, pooling=none
[LN453    ] [chunk_21_hyperparam_optimizer.py] [info] [section 2] [CNN] [hyperparameter_optimization search baseline] LABEL_THRESHOLD=0.0
[LN454    ] [chunk_21_hyperparam_optimizer.py] [info] [section 2] [CNN] [hyperparameter_optimization search baseline] VALIDATION_PRECISION=0.5357 VALIDATION_TRUE_POSITIVES=15017 VALIDATION_TRUE_NEGATIVES=11465 validation_false_positives=13015 validation_false_negatives=13757 validation_max_prediction=0.9868 validation_mean_prediction=0.5017 validation_recall=0.5219 validation_f1=0.5287 validation_auc=0.4958 validation_specificity=0.4683 validation_false_positive_rate=0.5317 validation_f2=0.5246 validation_mcc=-0.0097 validation_prauc=0.5575 validation_balanced_accuracy=0.4951 validation_brier=0.2521 validation_kappa=-0.0097 validation_informedness=-0.0098 validation_markedness=0.0041 validation_gini=0.0000 validation_optimal_threshold=0.5759 validation_standard_deviation_prediction=0.0562 validation_percentage_above_threshold=52.64
[LN455    ] [chunk_21_hyperparam_optimizer.py] [info] [section 2] [CNN] [hyperparameter_optimization search baseline] TRIAL 5/5: loss_function=binary_crossentropy, filters=128, kernel_size=5, dropout=0.0, learning_rate=0.0005, epochs=80, alpha=1.0, gamma=3.0, layers=1, pooling=none
[LN456    ] [chunk_21_hyperparam_optimizer.py] [info] [section 2] [CNN] [best trial] LABEL_THRESHOLD=0.0
[LN457    ] [chunk_21_hyperparam_optimizer.py] [info] [section 2] [CNN] [best trial] VALIDATION_PRECISION=0.5357 VALIDATION_TRUE_POSITIVES=15017 VALIDATION_TRUE_NEGATIVES=11465 validation_false_positives=13015 validation_false_negatives=13757 validation_max_prediction=0.9868 validation_mean_prediction=0.5017 validation_recall=0.5219 validation_f1=0.5287 validation_auc=0.4958 validation_specificity=0.4683 validation_false_positive_rate=0.5317 validation_f2=0.5246 validation_mcc=-0.0097 validation_prauc=0.5575 validation_balanced_accuracy=0.4951 validation_brier=0.2521 validation_kappa=-0.0097 validation_informedness=-0.0098 validation_markedness=0.0041 validation_gini=0.0000 validation_optimal_threshold=0.5759 validation_standard_deviation_prediction=0.0562 validation_percentage_above_threshold=52.64
[LN458    ] [chunk_21_hyperparam_optimizer.py] [info] [section 2] [CNN] [best trial] loss_function=binary_crossentropy, filters=128, kernel_size=5, dropout=0.0, learning_rate=0.0005, epochs=80, alpha=1.0, gamma=3.0, layers=1, pooling=none
[LN459    ] [chunk_18_phase_4_ensemble.py] [info]    [diagnostic-hyperparameter_optimization]  percentiles: p1=0.3786, p5=0.4174, p10=0.4373, p25=0.4721, p50=0.5026, p75=0.5279, p90=0.5563, p95=0.5821, p99=0.6536, max=0.9868 | histogram: bins[5, 9, 23, 58, 212, 1421, 5510, 12484, 21338, 8706, 2288, 681, 185, 109, 45, 30, 19, 1, 0, 130]
[LN460    ] [chunk_18_phase_4_ensemble.py] [info]    hyperparameter_optimization improved: 0.5357 > 0.5277
[LN461    ] [chunk_18_phase_4_ensemble.py] [info] [section 3] [CNN] [HYPERPARAMETER_OPTIMIZATION] LABEL_THRESHOLD=0.0,
[LN462    ] [chunk_18_phase_4_ensemble.py] [info] [section 3] [CNN] [HYPERPARAMETER_OPTIMIZATION] VALIDATION_PRECISION=0.5357 VALIDATION_TRUE_POSITIVES=15017 VALIDATION_TRUE_NEGATIVES=11465 validation_false_positives=13015 validation_false_negatives=13757 validation_max_prediction=0.9868 validation_mean_prediction=0.5017 validation_recall=0.5219 validation_f1=0.5287 validation_auc=0.4958 validation_specificity=0.4683 validation_false_positive_rate=0.5317 validation_f2=0.5246 validation_mcc=-0.0097 validation_prauc=0.5575 validation_balanced_accuracy=0.4951 validation_brier=0.2521 validation_kappa=-0.0097 validation_informedness=-0.0098 validation_markedness=0.0041 validation_gini=0.0000 validation_optimal_threshold=0.5759 validation_standard_deviation_prediction=0.0562 validation_percentage_above_threshold=52.64
[LN463    ] [chunk_18_phase_4_ensemble.py] [info] [section 3] [CNN] [HYPERPARAMETER_OPTIMIZATION] prediction_binary_split=0.50 hyperparams=(loss=binary_crossentropy lr=0.0005 dropout=0.0 alpha=1.0 gamma=3.0 latent_dim=0) improved=True {'loss_function': 'binary_crossentropy', 'filters': 128, 'kernel_size': 5, 'dropout': 0.0, 'learning_rate': 0.0005, 'epochs': 80, 'alpha': 1.0, 'gamma': 3.0, 'layers': 1, 'pooling': 'none'}
[LN464    ] [chunk_18_phase_4_ensemble.py] [info]    Running post hyperparameter_optimization threshold search for CNN...
[LN465    ] [chunk_12_evaluation_evaluator.py] [info] [CNN] LABEL_THRESHOLD=20.0 | Train: below prediction_binary_split=118,621,above prediction_binary_split=689 [ok] | Validation: below prediction_binary_split=52,918,above prediction_binary_split=336 [ok]
[LN466    ] [chunk_12_evaluation_evaluator.py] [info] [CNN] [reject] skipping LABEL_THRESHOLD=20.0: validation_precision=0.0052 <= baseline+0.0200=0.0263
[LN467    ] [chunk_12_evaluation_evaluator.py] [info] [CNN] LABEL_THRESHOLD=10.0 | Train: below prediction_binary_split=116,756,above prediction_binary_split=2,554 [ok] | Validation: below prediction_binary_split=52,057,above prediction_binary_split=1,197 [ok]
[LN468    ] [chunk_12_evaluation_evaluator.py] [info] [CNN] [reject] skipping LABEL_THRESHOLD=10.0: validation_precision=0.0204 <= baseline+0.0200=0.0425
[LN469    ] [chunk_12_evaluation_evaluator.py] [info] [CNN] LABEL_THRESHOLD=0.0 | Train: below prediction_binary_split=59,589,above prediction_binary_split=59,721 [ok] | Validation: below prediction_binary_split=24,480,above prediction_binary_split=28,774 [ok]
[LN470    ] [chunk_12_evaluation_evaluator.py] [info] [CNN] [diagnostic] LABEL_THRESHOLD=0.0 train_precision=0.5566 train_true_positives=37763 train_true_negatives=29507 train_false_positives=30082 train_false_negatives=21958 train_max_prediction=0.9806 train_mean_prediction=0.5006 train_recall=0.6323 train_f1=0.5921 train_auc=0.5932 train_specificity=0.4952 train_false_positive_rate=0.5048 train_f2=0.6156 train_mcc=0.1287 train_prauc=0.5907 train_balanced_accuracy=0.5637 train_brier=0.2423 train_kappa=0.1275 train_informedness=0.1275 train_markedness=0.0518 train_gini=0.1864 train_optimal_threshold=0.4996 train_standard_deviation_prediction=0.0860 train_percentage_above_threshold=56.86
[LN471    ] [chunk_12_evaluation_evaluator.py] [info] [CNN] [diagnostic] LABEL_THRESHOLD=0.0 VALIDATION_PRECISION=0.5357 VALIDATION_TRUE_POSITIVES=15017 VALIDATION_TRUE_NEGATIVES=11465 validation_false_positives=13015 validation_false_negatives=13757 validation_max_prediction=0.9868 validation_mean_prediction=0.5017 validation_recall=0.5219 validation_f1=0.5287 validation_auc=0.4958 validation_specificity=0.4683 validation_false_positive_rate=0.5317 validation_f2=0.5246 validation_mcc=-0.0097 validation_prauc=0.5575 validation_balanced_accuracy=0.4951 validation_brier=0.2521 validation_kappa=-0.0097 validation_informedness=-0.0098 validation_markedness=0.0041 validation_gini=0.0000 validation_optimal_threshold=0.5759 validation_standard_deviation_prediction=0.0562 validation_percentage_above_threshold=52.64
[LN472    ] [chunk_18_phase_4_ensemble.py] [info]    hyperparameter_optimization model threshold search: LABEL_THRESHOLD=0.0, VALIDATION_PRECISION=0.5357
[LN473    ] [chunk_18_phase_4_ensemble.py] [info]    post hyperparameter_optimization threshold search: LABEL_THRESHOLD=0.0, VALIDATION_PRECISION=0.5357
[LN474    ] [chunk_18_phase_4_ensemble.py] [info]    post hyperparameter_optimization no improvement: keeping LABEL_THRESHOLD=0.0
[LN475    ] [chunk_18_phase_4_ensemble.py] [info] [section 4] [CNN] [post hyperparameter_optimization] [diagnostic]  percentiles: p1=0.3786, p5=0.4174, p10=0.4373, p25=0.4721, p50=0.5026, p75=0.5279, p90=0.5563, p95=0.5821, p99=0.6536, max=0.9868 | histogram: bins[5, 9, 23, 58, 212, 1421, 5510, 12484, 21338, 8706, 2288, 681, 185, 109, 45, 30, 19, 1, 0, 130]
[LN476    ] [chunk_18_phase_4_ensemble.py] [info] [section 4] [CNN] [post hyperparameter_optimization] LABEL_THRESHOLD=0.0,
[LN477    ] [chunk_18_phase_4_ensemble.py] [info] [section 4] [CNN] [post hyperparameter_optimization] VALIDATION_PRECISION=0.5357 VALIDATION_TRUE_POSITIVES=15017 VALIDATION_TRUE_NEGATIVES=11465 validation_false_positives=13015 validation_false_negatives=13757 validation_max_prediction=0.9868 validation_mean_prediction=0.5017 validation_recall=0.5219 validation_f1=0.5287 validation_auc=0.4958 validation_specificity=0.4683 validation_false_positive_rate=0.5317 validation_f2=0.5246 validation_mcc=-0.0097 validation_prauc=0.5575 validation_balanced_accuracy=0.4951 validation_brier=0.2521 validation_kappa=-0.0097 validation_informedness=-0.0098 validation_markedness=0.0041 validation_gini=0.0000 validation_optimal_threshold=0.5759 validation_standard_deviation_prediction=0.0562 validation_percentage_above_threshold=52.64
[LN478    ] [chunk_18_phase_4_ensemble.py] [info] [section 4] [CNN] [post hyperparameter_optimization] prediction_binary_split=0.50 hyperparams=(loss=binary_crossentropy lr=0.0005 dropout=0.0 alpha=1.0 gamma=3.0 latent_dim=64) source=section3
[LN479    ] [chunk_18_phase_4_ensemble.py] [info]    Using Hyperparameter_Optimized model directly (no change to Label_Threshold)
[LN480    ] [chunk_18_phase_4_ensemble.py] [info]    Train predictions: mean=0.5006, std=0.0860, min=0.0399, max=0.9806
[LN481    ] [chunk_18_phase_4_ensemble.py] [info]    validation predictions:   mean=0.5017, std=0.0562, min=0.1574, max=0.9868
[LN482    ] [chunk_18_phase_4_ensemble.py] [info] [section 5] [CNN] [final] [diagnostic] Train  percentiles: p1=0.1730, p5=0.3639, p10=0.4186, p25=0.4688, p50=0.5093, p75=0.5422, p90=0.5730, p95=0.5988, p99=0.7404, max=0.9806 | histogram: bins[198, 503, 602, 687, 874, 1249, 2167, 5159, 15567, 33445, 39749, 13769, 2490, 1006, 735, 495, 226, 88, 1, 300]
[LN483    ] [chunk_18_phase_4_ensemble.py] [info] [section 5] [CNN] [final] [diagnostic] validation    percentiles: p1=0.3786, p5=0.4174, p10=0.4373, p25=0.4721, p50=0.5026, p75=0.5279, p90=0.5563, p95=0.5821, p99=0.6536, max=0.9868 | histogram: bins[5, 9, 23, 58, 212, 1421, 5510, 12484, 21338, 8706, 2288, 681, 185, 109, 45, 30, 19, 1, 0, 130]
[LN484    ] [chunk_18_phase_4_ensemble.py] [info]    Train predictions: 56.86% positive predictions (67,845 / 119,310)
[LN485    ] [chunk_18_phase_4_ensemble.py] [info]    validation predictions:   52.64% positive predictions (28,032 / 53,254)
[LN486    ] [chunk_18_phase_4_ensemble.py] [info]    [info] Section 4 all rejected - using Section 3 results for Section 5
[LN487    ] [chunk_18_phase_4_ensemble.py] [info]    [diagnostic] prediction_buckets: 0-10:5, 10-20:47, 20-30:1289, 30-40:23881, 40-50:26387, 50-60:1325, 60-70:152, 70-80:38, 80-90:130, 90-100:0
[LN488    ] [chunk_18_phase_4_ensemble.py] [info] [section 5] [CNN] [final] LABEL_THRESHOLD=0.0,
[LN489    ] [chunk_18_phase_4_ensemble.py] [info] [section 5] [CNN] [final] train_precision=0.5566 train_true_positives=37763 train_true_negatives=29507 train_false_positives=30082 train_false_negatives=21958 train_max_prediction=0.9806 train_mean_prediction=0.5006 train_recall=0.6323 train_f1=0.5921 train_auc=0.5932 train_specificity=0.4952 train_false_positive_rate=0.5048 train_f2=0.6156 train_mcc=0.1287 train_prauc=0.5907 train_balanced_accuracy=0.5637 train_standard_deviation_prediction=0.0860 train_percentage_above_threshold=56.86 train_brier=0.2423 train_kappa=0.1275 train_informedness=0.1275 train_markedness=0.0518 train_gini=0.1864 train_optimal_threshold=0.4996
[LN490    ] [chunk_18_phase_4_ensemble.py] [info] [section 5] [CNN] [final] VALIDATION_PRECISION=0.5357 VALIDATION_TRUE_POSITIVES=15017 VALIDATION_TRUE_NEGATIVES=11465 validation_false_positives=13015 validation_false_negatives=13757 validation_max_prediction=0.9868 validation_mean_prediction=0.5017 validation_recall=0.5219 validation_f1=0.5287 validation_auc=0.4958 validation_specificity=0.4683 validation_false_positive_rate=0.5317 validation_f2=0.5246 validation_mcc=-0.0097 validation_prauc=0.5575 validation_balanced_accuracy=0.4951 validation_brier=0.2521 validation_kappa=-0.0097 validation_informedness=-0.0098 validation_markedness=0.0041 validation_gini=0.0000 validation_optimal_threshold=0.5759 validation_standard_deviation_prediction=0.0562 validation_percentage_above_threshold=52.64
[LN491    ] [chunk_18_phase_4_ensemble.py] [info] [section 5] [CNN] [final] prediction_binary_split=0.50 hyperparams=(loss=binary_crossentropy lr=0.0005 dropout=0.0 alpha=1.0 gamma=3.0 latent_dim=64) (using HPO model directly)
[LN492    ] [chunk_18_phase_4_ensemble.py] [info]    [CNN] loss: binary_crossentropy | pred_threshold: 0.5 | epochs: 80
[LN493    ] [chunk_18_phase_4_ensemble.py] [info]    [CNN] hyperparameter_optimization: filters=128, kernel_size=5, dropout=0.0, learning_rate=0.0005, alpha=1.0, gamma=3.0, layers=1
[LN494    ] [chunk_18_phase_4_ensemble.py] [info]    CNN training time: 2415.2s
[LN495    ] [chunk_18_phase_4_ensemble.py] [info] [pass] CNN trained successfully
[LN496    ] [chunk_18_phase_4_ensemble.py] [info] [section 1] [RNN] [baseline] LABEL_THRESHOLD=20.0,
[LN497    ] [chunk_18_phase_4_ensemble.py] [info] [section 1] [RNN] [baseline] predictions: mean=0.0350, std=0.0378, min=0.0011, max=0.1832
[LN498    ] [chunk_18_phase_4_ensemble.py] [info] [section 1] [RNN] [baseline]  percentiles: p1=0.0014, p5=0.0021, p10=0.0030, p25=0.0060, p50=0.0183, p75=0.0548, p90=0.0961, p95=0.1127, p99=0.1495, max=0.1832 | histogram: bins[19418, 7851, 4888, 3518, 2493, 1962, 1853, 1788, 1644, 1753, 1733, 1417, 890, 553, 465, 391, 324, 177, 106, 30]
[LN499    ] [chunk_18_phase_4_ensemble.py] [info] [section 1] [RNN] [baseline] prediction_binary_split=0.50, VALIDATION predictions at LABEL_THRESHOLD=20.0: 0.00%
[LN500    ] [chunk_18_phase_4_ensemble.py] [warning] [section 1] [RNN] [baseline] [warning] No predictions >= 0.5!
[LN501    ] [chunk_18_phase_4_ensemble.py] [info] [section 1] [RNN] [baseline] LABEL_THRESHOLD=20.0,
[LN502    ] [chunk_18_phase_4_ensemble.py] [info] [section 1] [RNN] [baseline] VALIDATION_PRECISION=0.0000 VALIDATION_TRUE_POSITIVES=0 VALIDATION_TRUE_NEGATIVES=52918 validation_false_positives=0 validation_false_negatives=336 validation_max_prediction=0.1832 validation_mean_prediction=0.0350 validation_recall=0.0000 validation_f1=0.0000 validation_auc=0.8450 validation_specificity=1.0000 validation_false_positive_rate=0.0000 validation_f2=0.0000 validation_mcc=0.0000 validation_prauc=0.0333 validation_balanced_accuracy=0.5000 validation_brier=0.0078 validation_kappa=0.0000 validation_informedness=0.0000 validation_markedness=1.0000 validation_gini=0.6900 validation_optimal_threshold=0.0331 validation_standard_deviation_prediction=0.0378 validation_percentage_above_threshold=0.00
[LN503    ] [chunk_18_phase_4_ensemble.py] [info] [section 1] [RNN] [baseline] prediction_binary_split=0.50 loss=binary_crossentropy, lr=0.001
[LN504    ] [chunk_12_evaluation_evaluator.py] [info] [RNN] LABEL_THRESHOLD=20.0 | Train: below prediction_binary_split=118,621,above prediction_binary_split=689 [ok] | Validation: below prediction_binary_split=52,918,above prediction_binary_split=336 [ok]
[LN505    ] [chunk_12_evaluation_evaluator.py] [info] [reject] Skipping threshold 20.0: only 0 positive VALIDATION predictions (min=5)
[LN506    ] [chunk_12_evaluation_evaluator.py] [info] [RNN] LABEL_THRESHOLD=10.0 | Train: below prediction_binary_split=116,756,above prediction_binary_split=2,554 [ok] | Validation: below prediction_binary_split=52,057,above prediction_binary_split=1,197 [ok]
[LN507    ] [chunk_12_evaluation_evaluator.py] [info] [reject] Skipping threshold 10.0: only 0 positive VALIDATION predictions (min=5)
[LN508    ] [chunk_12_evaluation_evaluator.py] [info] [RNN] LABEL_THRESHOLD=0.0 | Train: below prediction_binary_split=59,589,above prediction_binary_split=59,721 [ok] | Validation: below prediction_binary_split=24,480,above prediction_binary_split=28,774 [ok]
[LN509    ] [chunk_12_evaluation_evaluator.py] [info] [RNN] [reject] skipping LABEL_THRESHOLD=0.0: pos_pred_ratio=73.25% outside [0%, 60%]
[LN510    ] [chunk_18_phase_4_ensemble.py] [warning] [section 1] [RNN] [label_threshold_optimal] [warning] All label thresholds rejected — using baseline metrics at 20.0
[LN511    ] [chunk_18_phase_4_ensemble.py] [info] [section 1] [RNN] [label_threshold_optimal] LABEL_THRESHOLD=20.0
[LN512    ] [chunk_18_phase_4_ensemble.py] [info] [section 1] [RNN] [label_threshold_optimal] train_precision=0.0000 train_true_positives=0 train_true_negatives=52918 train_false_positives=0 train_false_negatives=336 train_max_prediction=0.1832 train_mean_prediction=0.0350 train_recall=0.0000 train_f1=0.0000 train_auc=0.8450 train_specificity=1.0000 train_false_positive_rate=0.0000 train_f2=0.0000 train_mcc=0.0000 train_prauc=0.0333 train_balanced_accuracy=0.5000 train_brier=0.0078 train_kappa=0.0000 train_informedness=0.0000 train_markedness=1.0000 train_gini=0.6900 train_optimal_threshold=0.0331 train_standard_deviation_prediction=0.0378 train_percentage_above_threshold=0.00
[LN513    ] [chunk_18_phase_4_ensemble.py] [info] [section 1] [RNN] [label_threshold_optimal] VALIDATION_PRECISION=0.0000 VALIDATION_TRUE_POSITIVES=0 VALIDATION_TRUE_NEGATIVES=52918 validation_false_positives=0 validation_false_negatives=336 validation_max_prediction=0.1832 validation_mean_prediction=0.0350 validation_recall=0.0000 validation_f1=0.0000 validation_auc=0.8450 validation_specificity=1.0000 validation_false_positive_rate=0.0000 validation_f2=0.0000 validation_mcc=0.0000 validation_prauc=0.0333 validation_balanced_accuracy=0.5000 validation_brier=0.0078 validation_kappa=0.0000 validation_informedness=0.0000 validation_markedness=1.0000 validation_gini=0.6900 validation_optimal_threshold=0.0331 validation_standard_deviation_prediction=0.0378 validation_percentage_above_threshold=0.00
[LN514    ] [chunk_18_phase_4_ensemble.py] [info] [section 1] [RNN] [label_threshold_optimal] prediction_binary_split=0.50
[LN515    ] [chunk_21_hyperparam_optimizer.py] [info] [section 2] [RNN] [hyperparameter_optimization search] Running Bayesian optimization (5 trials)...
[LN516    ] [chunk_21_hyperparam_optimizer.py] [warning]    TRIAL 1/5: REJECTED - true_positives=0 < 100 (min true_positives threshold)
[LN517    ] [chunk_21_hyperparam_optimizer.py] [info] [section 2] [RNN] [hyperparameter_optimization search baseline] LABEL_THRESHOLD=20.0
[LN518    ] [chunk_21_hyperparam_optimizer.py] [info] [section 2] [RNN] [hyperparameter_optimization search baseline] VALIDATION_PRECISION=0.0221 VALIDATION_TRUE_POSITIVES=276 VALIDATION_TRUE_NEGATIVES=40683 validation_false_positives=12235 validation_false_negatives=60 validation_max_prediction=0.9290 validation_mean_prediction=0.2347 validation_recall=0.8214 validation_f1=0.0430 validation_auc=0.8791 validation_specificity=0.7688 validation_false_positive_rate=0.2312 validation_f2=0.0996 validation_mcc=0.1102 validation_prauc=0.0523 validation_balanced_accuracy=0.7951 validation_brier=0.1370 validation_kappa=0.0311 validation_informedness=0.5902 validation_markedness=-0.2091 validation_gini=0.7583 validation_optimal_threshold=0.2439 validation_standard_deviation_prediction=0.2904 validation_percentage_above_threshold=23.49
[LN519    ] [chunk_21_hyperparam_optimizer.py] [info] [section 2] [RNN] [hyperparameter_optimization search baseline] TRIAL 2/5: loss_function=binary_crossentropy, units=256, dropout=0.0, learning_rate=0.002, epochs=50, alpha=0.25, gamma=3.5, layers=1
[LN520    ] [chunk_21_hyperparam_optimizer.py] [warning]    TRIAL 3/5: REJECTED - true_positives=0 < 100 (min true_positives threshold)
[LN521    ] [chunk_21_hyperparam_optimizer.py] [info] [section 2] [RNN] [hyperparameter_optimization search baseline] LABEL_THRESHOLD=20.0
[LN522    ] [chunk_21_hyperparam_optimizer.py] [info] [section 2] [RNN] [hyperparameter_optimization search baseline] VALIDATION_PRECISION=0.0224 VALIDATION_TRUE_POSITIVES=269 VALIDATION_TRUE_NEGATIVES=41165 validation_false_positives=11753 validation_false_negatives=67 validation_max_prediction=0.9686 validation_mean_prediction=0.2287 validation_recall=0.8006 validation_f1=0.0435 validation_auc=0.8701 validation_specificity=0.7779 validation_false_positive_rate=0.2221 validation_f2=0.1006 validation_mcc=0.1096 validation_prauc=0.0490 validation_balanced_accuracy=0.7892 validation_brier=0.1364 validation_kappa=0.0316 validation_informedness=0.5785 validation_markedness=-0.1997 validation_gini=0.7401 validation_optimal_threshold=0.4032 validation_standard_deviation_prediction=0.2940 validation_percentage_above_threshold=22.57
[LN523    ] [chunk_21_hyperparam_optimizer.py] [info] [section 2] [RNN] [hyperparameter_optimization search baseline] TRIAL 4/5: loss_function=binary_crossentropy, units=64, dropout=0.1, learning_rate=0.002, epochs=20, alpha=1.0, gamma=3.0, layers=1
[LN524    ] [chunk_21_hyperparam_optimizer.py] [warning]    TRIAL 5/5: REJECTED - true_positives=0 < 100 (min true_positives threshold)
[LN525    ] [chunk_21_hyperparam_optimizer.py] [info] [section 2] [RNN] [best trial] LABEL_THRESHOLD=20.0
[LN526    ] [chunk_21_hyperparam_optimizer.py] [info] [section 2] [RNN] [best trial] VALIDATION_PRECISION=0.0224 VALIDATION_TRUE_POSITIVES=269 VALIDATION_TRUE_NEGATIVES=41165 validation_false_positives=11753 validation_false_negatives=67 validation_max_prediction=0.9686 validation_mean_prediction=0.2287 validation_recall=0.8006 validation_f1=0.0435 validation_auc=0.8701 validation_specificity=0.7779 validation_false_positive_rate=0.2221 validation_f2=0.1006 validation_mcc=0.1096 validation_prauc=0.0490 validation_balanced_accuracy=0.7892 validation_brier=0.1364 validation_kappa=0.0316 validation_informedness=0.5785 validation_markedness=-0.1997 validation_gini=0.7401 validation_optimal_threshold=0.4032 validation_standard_deviation_prediction=0.2940 validation_percentage_above_threshold=22.57
[LN527    ] [chunk_21_hyperparam_optimizer.py] [info] [section 2] [RNN] [best trial] loss_function=binary_crossentropy, units=64, dropout=0.1, learning_rate=0.002, epochs=20, alpha=1.0, gamma=3.0, layers=1
[LN528    ] [chunk_18_phase_4_ensemble.py] [info]    [diagnostic-hyperparameter_optimization]  percentiles: p1=0.0052, p5=0.0062, p10=0.0070, p25=0.0120, p50=0.0433, p75=0.4377, p90=0.7551, p95=0.8213, p99=0.9058, max=0.9686 | histogram: bins[27790, 3467, 1863, 1446, 1160, 1077, 1057, 1012, 1091, 988, 1033, 1122, 1127, 1348, 1427, 1697, 2001, 1377, 867, 304]
[LN529    ] [chunk_18_phase_4_ensemble.py] [info]    hyperparameter_optimization improved: 0.0224 > 0.0000
[LN530    ] [chunk_18_phase_4_ensemble.py] [info] [section 3] [RNN] [HYPERPARAMETER_OPTIMIZATION] LABEL_THRESHOLD=20.0,
[LN531    ] [chunk_18_phase_4_ensemble.py] [info] [section 3] [RNN] [HYPERPARAMETER_OPTIMIZATION] VALIDATION_PRECISION=0.0224 VALIDATION_TRUE_POSITIVES=269 VALIDATION_TRUE_NEGATIVES=41165 validation_false_positives=11753 validation_false_negatives=67 validation_max_prediction=0.9686 validation_mean_prediction=0.2287 validation_recall=0.8006 validation_f1=0.0435 validation_auc=0.8701 validation_specificity=0.7779 validation_false_positive_rate=0.2221 validation_f2=0.1006 validation_mcc=0.1096 validation_prauc=0.0490 validation_balanced_accuracy=0.7892 validation_brier=0.1364 validation_kappa=0.0316 validation_informedness=0.5785 validation_markedness=-0.1997 validation_gini=0.7401 validation_optimal_threshold=0.4032 validation_standard_deviation_prediction=0.2940 validation_percentage_above_threshold=22.57
[LN532    ] [chunk_18_phase_4_ensemble.py] [info] [section 3] [RNN] [HYPERPARAMETER_OPTIMIZATION] prediction_binary_split=0.50 hyperparams=(loss=binary_crossentropy lr=0.002 dropout=0.1 alpha=1.0 gamma=3.0 latent_dim=0) improved=True {'loss_function': 'binary_crossentropy', 'units': 64, 'dropout': 0.1, 'learning_rate': 0.002, 'epochs': 20, 'alpha': 1.0, 'gamma': 3.0, 'layers': 1}
[LN533    ] [chunk_18_phase_4_ensemble.py] [info]    Running post hyperparameter_optimization threshold search for RNN...
[LN534    ] [chunk_12_evaluation_evaluator.py] [info] [RNN] LABEL_THRESHOLD=20.0 | Train: below prediction_binary_split=118,621,above prediction_binary_split=689 [ok] | Validation: below prediction_binary_split=52,918,above prediction_binary_split=336 [ok]
[LN535    ] [chunk_12_evaluation_evaluator.py] [info] [RNN] [reject] skipping LABEL_THRESHOLD=20.0: validation_precision=0.0224 <= baseline+0.0200=0.0263
[LN536    ] [chunk_12_evaluation_evaluator.py] [info] [RNN] LABEL_THRESHOLD=10.0 | Train: below prediction_binary_split=116,756,above prediction_binary_split=2,554 [ok] | Validation: below prediction_binary_split=52,057,above prediction_binary_split=1,197 [ok]
[LN537    ] [chunk_12_evaluation_evaluator.py] [info] [RNN] [diagnostic] LABEL_THRESHOLD=10.0 train_precision=0.0579 train_true_positives=1987 train_true_negatives=84428 train_false_positives=32328 train_false_negatives=567 train_max_prediction=0.9670 train_mean_prediction=0.3113 train_recall=0.7780 train_f1=0.1078 train_auc=0.8178 train_specificity=0.7231 train_false_positive_rate=0.2769 train_f2=0.2231 train_mcc=0.1602 train_prauc=0.0741 train_balanced_accuracy=0.7506 train_brier=0.1669 train_kappa=0.0708 train_informedness=0.5011 train_markedness=-0.2190 train_gini=0.6356 train_optimal_threshold=0.4362 train_standard_deviation_prediction=0.2750 train_percentage_above_threshold=28.76
[LN538    ] [chunk_12_evaluation_evaluator.py] [info] [RNN] [diagnostic] LABEL_THRESHOLD=10.0 VALIDATION_PRECISION=0.0593 VALIDATION_TRUE_POSITIVES=876 VALIDATION_TRUE_NEGATIVES=38156 validation_false_positives=13901 validation_false_negatives=321 validation_max_prediction=0.9657 validation_mean_prediction=0.2587 validation_recall=0.7318 validation_f1=0.1097 validation_auc=0.7962 validation_specificity=0.7330 validation_false_positive_rate=0.2670 validation_f2=0.2239 validation_mcc=0.1539 validation_prauc=0.0673 validation_balanced_accuracy=0.7324 validation_brier=0.1588 validation_kappa=0.0710 validation_informedness=0.4648 validation_markedness=-0.2078 validation_gini=0.5924 validation_optimal_threshold=0.1918 validation_standard_deviation_prediction=0.3109 validation_percentage_above_threshold=27.75
[LN539    ] [chunk_12_evaluation_evaluator.py] [info] [RNN] LABEL_THRESHOLD=0.0 | Train: below prediction_binary_split=59,589,above prediction_binary_split=59,721 [ok] | Validation: below prediction_binary_split=24,480,above prediction_binary_split=28,774 [ok]
[LN540    ] [chunk_12_evaluation_evaluator.py] [info] [RNN] [reject] skipping LABEL_THRESHOLD=0.0: validation_precision=0.4809 <= baseline+0.0200=0.5200
[LN541    ] [chunk_18_phase_4_ensemble.py] [info]    hyperparameter_optimization model threshold search: LABEL_THRESHOLD=20.0, VALIDATION_PRECISION=0.0224
[LN542    ] [chunk_18_phase_4_ensemble.py] [info]    post hyperparameter_optimization threshold search: LABEL_THRESHOLD=10.0, VALIDATION_PRECISION=0.0593
[LN543    ] [chunk_18_phase_4_ensemble.py] [info]    post hyperparameter_optimization improved: using LABEL_THRESHOLD=10.0
[LN544    ] [chunk_18_phase_4_ensemble.py] [info] [section 4] [RNN] [post hyperparameter_optimization] [diagnostic]  percentiles: p1=0.0076, p5=0.0096, p10=0.0116, p25=0.0191, p50=0.0636, p75=0.5682, p90=0.7727, p95=0.8401, p99=0.9192, max=0.9657 | histogram: bins[24916, 5735, 1963, 1122, 892, 699, 584, 850, 676, 783, 893, 1160, 1431, 1921, 2072, 2268, 2013, 1517, 1185, 574]
[LN545    ] [chunk_18_phase_4_ensemble.py] [info] [section 4] [RNN] [post hyperparameter_optimization] LABEL_THRESHOLD=10.0,
[LN546    ] [chunk_18_phase_4_ensemble.py] [info] [section 4] [RNN] [post hyperparameter_optimization] VALIDATION_PRECISION=0.0593 VALIDATION_TRUE_POSITIVES=876 VALIDATION_TRUE_NEGATIVES=38156 validation_false_positives=13901 validation_false_negatives=321 validation_max_prediction=0.9657 validation_mean_prediction=0.2587 validation_recall=0.7318 validation_f1=0.1097 validation_auc=0.7962 validation_specificity=0.7260 validation_false_positive_rate=0.2740 validation_f2=0.0868 validation_mcc=0.0989 validation_prauc=0.0291 validation_balanced_accuracy=0.7797 validation_brier=0.1612 validation_kappa=0.0250 validation_informedness=0.5594 validation_markedness=-0.2550 validation_gini=0.6915 validation_optimal_threshold=0.3317 validation_standard_deviation_prediction=0.3109 validation_percentage_above_threshold=27.75
[LN547    ] [chunk_18_phase_4_ensemble.py] [info] [section 4] [RNN] [post hyperparameter_optimization] prediction_binary_split=0.50 hyperparams=(loss=binary_crossentropy lr=0.002 dropout=0.1 alpha=1.0 gamma=3.0 latent_dim=64) source=section4
[LN548    ] [chunk_18_phase_4_ensemble.py] [info]    Using post-HPO model at LABEL_THRESHOLD=10.0 (post_hpo_prec=0.0593 > hpo=0.0224, pre_hpo=0.0000)
[LN549    ] [chunk_18_phase_4_ensemble.py] [info]    Train predictions: mean=0.3113, std=0.2750, min=0.0059, max=0.9670
[LN550    ] [chunk_18_phase_4_ensemble.py] [info]    validation predictions:   mean=0.2587, std=0.3109, min=0.0054, max=0.9657
[LN551    ] [chunk_18_phase_4_ensemble.py] [info] [section 5] [RNN] [final] [diagnostic] Train  percentiles: p1=0.0088, p5=0.0134, p10=0.0183, p25=0.0402, p50=0.2467, p75=0.5490, p90=0.7255, p95=0.7910, p99=0.8892, max=0.9670 | histogram: bins[34483, 8948, 5717, 5319, 5146, 5072, 4648, 4759, 5011, 4613, 4424, 4300, 4745, 5063, 5270, 4586, 3281, 2121, 1318, 486]
[LN552    ] [chunk_18_phase_4_ensemble.py] [info] [section 5] [RNN] [final] [diagnostic] validation    percentiles: p1=0.0076, p5=0.0096, p10=0.0116, p25=0.0191, p50=0.0636, p75=0.5682, p90=0.7727, p95=0.8401, p99=0.9192, max=0.9657 | histogram: bins[24916, 5735, 1963, 1122, 892, 699, 584, 850, 676, 783, 893, 1160, 1431, 1921, 2072, 2268, 2013, 1517, 1185, 574]
[LN553    ] [chunk_18_phase_4_ensemble.py] [info]    Train predictions: 28.76% positive predictions (34,315 / 119,310)
[LN554    ] [chunk_18_phase_4_ensemble.py] [info]    validation predictions:   27.75% positive predictions (14,777 / 53,254)
[LN555    ] [chunk_18_phase_4_ensemble.py] [info]    [diagnostic] prediction_buckets: 0-10:3228, 10-20:1627, 20-30:1499, 30-40:1570, 40-50:2308, 50-60:3788, 60-70:4574, 70-80:3080, 80-90:1027, 90-100:0
[LN556    ] [chunk_18_phase_4_ensemble.py] [info] [section 5] [RNN] [final] LABEL_THRESHOLD=10.0,
[LN557    ] [chunk_18_phase_4_ensemble.py] [info] [section 5] [RNN] [final] train_precision=0.0579 train_true_positives=1987 train_true_negatives=84428 train_false_positives=32328 train_false_negatives=567 train_max_prediction=0.9670 train_mean_prediction=0.3113 train_recall=0.7780 train_f1=0.1078 train_auc=0.8178 train_specificity=0.7231 train_false_positive_rate=0.2769 train_f2=0.2231 train_mcc=0.1602 train_prauc=0.0741 train_balanced_accuracy=0.7506 train_standard_deviation_prediction=0.2750 train_percentage_above_threshold=28.76 train_brier=0.1669 train_kappa=0.0708 train_informedness=0.5011 train_markedness=-0.2190 train_gini=0.6356 train_optimal_threshold=0.4362
[LN558    ] [chunk_18_phase_4_ensemble.py] [info] [section 5] [RNN] [final] VALIDATION_PRECISION=0.0593 VALIDATION_TRUE_POSITIVES=876 VALIDATION_TRUE_NEGATIVES=38156 validation_false_positives=13901 validation_false_negatives=321 validation_max_prediction=0.9657 validation_mean_prediction=0.2587 validation_recall=0.7318 validation_f1=0.1097 validation_auc=0.7962 validation_specificity=0.7330 validation_false_positive_rate=0.2670 validation_f2=0.2239 validation_mcc=0.1539 validation_prauc=0.0673 validation_balanced_accuracy=0.7324 validation_brier=0.1588 validation_kappa=0.0710 validation_informedness=0.4648 validation_markedness=-0.2078 validation_gini=0.5924 validation_optimal_threshold=0.1918 validation_standard_deviation_prediction=0.3109 validation_percentage_above_threshold=27.75
[LN559    ] [chunk_18_phase_4_ensemble.py] [info] [section 5] [RNN] [final] prediction_binary_split=0.50 hyperparams=(loss=binary_crossentropy lr=0.002 dropout=0.1 alpha=1.0 gamma=3.0 latent_dim=64) (using HPO model directly)
[LN560    ] [chunk_18_phase_4_ensemble.py] [info]    [RNN] loss: binary_crossentropy | pred_threshold: 0.5 | epochs: 20
[LN561    ] [chunk_18_phase_4_ensemble.py] [info]    [RNN] hyperparameter_optimization: units=64, dropout=0.1, learning_rate=0.002, alpha=1.0, gamma=3.0, layers=1
[LN562    ] [chunk_18_phase_4_ensemble.py] [info]    RNN training time: 1223.2s
[LN563    ] [chunk_18_phase_4_ensemble.py] [info] [pass] RNN trained successfully
[LN564    ] [chunk_18_phase_4_ensemble.py] [info] [section 1] [LSTM] [baseline] LABEL_THRESHOLD=20.0,
[LN565    ] [chunk_18_phase_4_ensemble.py] [info] [section 1] [LSTM] [baseline] predictions: mean=0.0399, std=0.0130, min=0.0242, max=0.1158
[LN566    ] [chunk_18_phase_4_ensemble.py] [info] [section 1] [LSTM] [baseline]  percentiles: p1=0.0255, p5=0.0266, p10=0.0283, p25=0.0316, p50=0.0362, p75=0.0432, p90=0.0564, p95=0.0685, p99=0.0895, max=0.1158 | histogram: bins[6260, 12090, 12557, 8212, 4322, 2618, 1806, 1281, 951, 709, 593, 513, 401, 312, 285, 157, 106, 53, 21, 7]
[LN567    ] [chunk_18_phase_4_ensemble.py] [info] [section 1] [LSTM] [baseline] prediction_binary_split=0.50, VALIDATION predictions at LABEL_THRESHOLD=20.0: 0.00%
[LN568    ] [chunk_18_phase_4_ensemble.py] [warning] [section 1] [LSTM] [baseline] [warning] No predictions >= 0.5!
[LN569    ] [chunk_18_phase_4_ensemble.py] [info] [section 1] [LSTM] [baseline] LABEL_THRESHOLD=20.0,
[LN570    ] [chunk_18_phase_4_ensemble.py] [info] [section 1] [LSTM] [baseline] VALIDATION_PRECISION=0.0000 VALIDATION_TRUE_POSITIVES=0 VALIDATION_TRUE_NEGATIVES=52918 validation_false_positives=0 validation_false_negatives=336 validation_max_prediction=0.1158 validation_mean_prediction=0.0399 validation_recall=0.0000 validation_f1=0.0000 validation_auc=0.6341 validation_specificity=1.0000 validation_false_positive_rate=0.0000 validation_f2=0.0000 validation_mcc=0.0000 validation_prauc=0.0135 validation_balanced_accuracy=0.5000 validation_brier=0.0075 validation_kappa=0.0000 validation_informedness=0.0000 validation_markedness=1.0000 validation_gini=0.2683 validation_optimal_threshold=0.0383 validation_standard_deviation_prediction=0.0130 validation_percentage_above_threshold=0.00
[LN571    ] [chunk_18_phase_4_ensemble.py] [info] [section 1] [LSTM] [baseline] prediction_binary_split=0.50 loss=binary_crossentropy, lr=0.001
[LN572    ] [chunk_12_evaluation_evaluator.py] [info] [LSTM] LABEL_THRESHOLD=20.0 | Train: below prediction_binary_split=118,621,above prediction_binary_split=689 [ok] | Validation: below prediction_binary_split=52,918,above prediction_binary_split=336 [ok]
[LN573    ] [chunk_12_evaluation_evaluator.py] [info] [reject] Skipping threshold 20.0: only 0 positive VALIDATION predictions (min=5)
[LN574    ] [chunk_12_evaluation_evaluator.py] [info] [LSTM] LABEL_THRESHOLD=10.0 | Train: below prediction_binary_split=116,756,above prediction_binary_split=2,554 [ok] | Validation: below prediction_binary_split=52,057,above prediction_binary_split=1,197 [ok]
[LN575    ] [chunk_12_evaluation_evaluator.py] [info] [reject] Skipping threshold 10.0: only 0 positive VALIDATION predictions (min=5)
[LN576    ] [chunk_12_evaluation_evaluator.py] [info] [LSTM] LABEL_THRESHOLD=0.0 | Train: below prediction_binary_split=59,589,above prediction_binary_split=59,721 [ok] | Validation: below prediction_binary_split=24,480,above prediction_binary_split=28,774 [ok]
[LN577    ] [chunk_12_evaluation_evaluator.py] [info] [LSTM] [reject] skipping LABEL_THRESHOLD=0.0: validation_precision=0.5065 <= baseline+0.0200=0.5200
[LN578    ] [chunk_18_phase_4_ensemble.py] [warning] [section 1] [LSTM] [label_threshold_optimal] [warning] All label thresholds rejected — using baseline metrics at 20.0
[LN579    ] [chunk_18_phase_4_ensemble.py] [info] [section 1] [LSTM] [label_threshold_optimal] LABEL_THRESHOLD=20.0
[LN580    ] [chunk_18_phase_4_ensemble.py] [info] [section 1] [LSTM] [label_threshold_optimal] train_precision=0.0000 train_true_positives=0 train_true_negatives=52918 train_false_positives=0 train_false_negatives=336 train_max_prediction=0.1158 train_mean_prediction=0.0399 train_recall=0.0000 train_f1=0.0000 train_auc=0.6341 train_specificity=1.0000 train_false_positive_rate=0.0000 train_f2=0.0000 train_mcc=0.0000 train_prauc=0.0135 train_balanced_accuracy=0.5000 train_brier=0.0075 train_kappa=0.0000 train_informedness=0.0000 train_markedness=1.0000 train_gini=0.2683 train_optimal_threshold=0.0383 train_standard_deviation_prediction=0.0130 train_percentage_above_threshold=0.00
[LN581    ] [chunk_18_phase_4_ensemble.py] [info] [section 1] [LSTM] [label_threshold_optimal] VALIDATION_PRECISION=0.0000 VALIDATION_TRUE_POSITIVES=0 VALIDATION_TRUE_NEGATIVES=52918 validation_false_positives=0 validation_false_negatives=336 validation_max_prediction=0.1158 validation_mean_prediction=0.0399 validation_recall=0.0000 validation_f1=0.0000 validation_auc=0.6341 validation_specificity=1.0000 validation_false_positive_rate=0.0000 validation_f2=0.0000 validation_mcc=0.0000 validation_prauc=0.0135 validation_balanced_accuracy=0.5000 validation_brier=0.0075 validation_kappa=0.0000 validation_informedness=0.0000 validation_markedness=1.0000 validation_gini=0.2683 validation_optimal_threshold=0.0383 validation_standard_deviation_prediction=0.0130 validation_percentage_above_threshold=0.00
[LN582    ] [chunk_18_phase_4_ensemble.py] [info] [section 1] [LSTM] [label_threshold_optimal] prediction_binary_split=0.50
[LN583    ] [chunk_21_hyperparam_optimizer.py] [info] [section 2] [LSTM] [hyperparameter_optimization search] Running Bayesian optimization (5 trials)...
[LN584    ] [chunk_21_hyperparam_optimizer.py] [info] [section 2] [LSTM] [hyperparameter_optimization search baseline] LABEL_THRESHOLD=20.0
[LN585    ] [chunk_21_hyperparam_optimizer.py] [info] [section 2] [LSTM] [hyperparameter_optimization search baseline] VALIDATION_PRECISION=0.0228 VALIDATION_TRUE_POSITIVES=202 VALIDATION_TRUE_NEGATIVES=44278 validation_false_positives=8640 validation_false_negatives=134 validation_max_prediction=0.8590 validation_mean_prediction=0.3059 validation_recall=0.6012 validation_f1=0.0440 validation_auc=0.7878 validation_specificity=0.8367 validation_false_positive_rate=0.1633 validation_f2=0.0992 validation_mcc=0.0932 validation_prauc=0.0389 validation_balanced_accuracy=0.7190 validation_brier=0.1295 validation_kappa=0.0323 validation_informedness=0.4379 validation_markedness=-0.1404 validation_gini=0.5756 validation_optimal_threshold=0.4780 validation_standard_deviation_prediction=0.1916 validation_percentage_above_threshold=16.60
[LN586    ] [chunk_21_hyperparam_optimizer.py] [info] [section 2] [LSTM] [hyperparameter_optimization search baseline] TRIAL 1/5: lstm_units=64, dropout=0.0, learning_rate=0.001, epochs=30, loss_function=binary_crossentropy, alpha=0.75, gamma=2.5, layers=2, bidirectional=False
[LN587    ] [chunk_21_hyperparam_optimizer.py] [info] [section 2] [LSTM] [hyperparameter_optimization search baseline] LABEL_THRESHOLD=20.0
[LN588    ] [chunk_21_hyperparam_optimizer.py] [info] [section 2] [LSTM] [hyperparameter_optimization search baseline] VALIDATION_PRECISION=0.0000 VALIDATION_TRUE_POSITIVES=0 VALIDATION_TRUE_NEGATIVES=52918 validation_false_positives=0 validation_false_negatives=336 validation_max_prediction=0.2552 validation_mean_prediction=0.0355 validation_recall=0.0000 validation_f1=0.0000 validation_auc=0.8884 validation_specificity=1.0000 validation_false_positive_rate=0.0000 validation_f2=0.0000 validation_mcc=0.0000 validation_prauc=0.0552 validation_balanced_accuracy=0.5000 validation_brier=0.0092 validation_kappa=0.0000 validation_informedness=0.0000 validation_markedness=1.0000 validation_gini=0.7768 validation_optimal_threshold=0.0416 validation_standard_deviation_prediction=0.0595 validation_percentage_above_threshold=0.00
[LN589    ] [chunk_21_hyperparam_optimizer.py] [info] [section 2] [LSTM] [hyperparameter_optimization search baseline] TRIAL 2/5: lstm_units=256, dropout=0.0, learning_rate=0.002, epochs=20, loss_function=focal_loss, alpha=0.75, gamma=2.5, layers=1, bidirectional=False
[LN590    ] [chunk_21_hyperparam_optimizer.py] [info] [section 2] [LSTM] [hyperparameter_optimization search baseline] LABEL_THRESHOLD=20.0
[LN591    ] [chunk_21_hyperparam_optimizer.py] [info] [section 2] [LSTM] [hyperparameter_optimization search baseline] VALIDATION_PRECISION=0.0000 VALIDATION_TRUE_POSITIVES=0 VALIDATION_TRUE_NEGATIVES=52918 validation_false_positives=0 validation_false_negatives=336 validation_max_prediction=0.1905 validation_mean_prediction=0.0339 validation_recall=0.0000 validation_f1=0.0000 validation_auc=0.8636 validation_specificity=1.0000 validation_false_positive_rate=0.0000 validation_f2=0.0000 validation_mcc=0.0000 validation_prauc=0.0497 validation_balanced_accuracy=0.5000 validation_brier=0.0083 validation_kappa=0.0000 validation_informedness=0.0000 validation_markedness=1.0000 validation_gini=0.7272 validation_optimal_threshold=0.0320 validation_standard_deviation_prediction=0.0470 validation_percentage_above_threshold=0.00
[LN592    ] [chunk_21_hyperparam_optimizer.py] [info] [section 2] [LSTM] [hyperparameter_optimization search baseline] TRIAL 3/5: lstm_units=32, dropout=0.1, learning_rate=0.002, epochs=50, loss_function=focal_loss, alpha=0.5, gamma=2.0, layers=1, bidirectional=True
[LN593    ] [chunk_21_hyperparam_optimizer.py] [info] [section 2] [LSTM] [hyperparameter_optimization search baseline] LABEL_THRESHOLD=20.0
[LN594    ] [chunk_21_hyperparam_optimizer.py] [info] [section 2] [LSTM] [hyperparameter_optimization search baseline] VALIDATION_PRECISION=0.0188 VALIDATION_TRUE_POSITIVES=252 VALIDATION_TRUE_NEGATIVES=39796 validation_false_positives=13122 validation_false_negatives=84 validation_max_prediction=0.7519 validation_mean_prediction=0.2788 validation_recall=0.7500 validation_f1=0.0368 validation_auc=0.8470 validation_specificity=0.7520 validation_false_positive_rate=0.2480 validation_f2=0.0856 validation_mcc=0.0917 validation_prauc=0.0294 validation_balanced_accuracy=0.7510 validation_brier=0.1253 validation_kappa=0.0248 validation_informedness=0.5020 validation_markedness=-0.2291 validation_gini=0.6940 validation_optimal_threshold=0.2351 validation_standard_deviation_prediction=0.2202 validation_percentage_above_threshold=25.11
[LN595    ] [chunk_21_hyperparam_optimizer.py] [info] [section 2] [LSTM] [hyperparameter_optimization search baseline] TRIAL 4/5: lstm_units=256, dropout=0.2, learning_rate=0.001, epochs=50, loss_function=binary_crossentropy, alpha=0.5, gamma=3.0, layers=2, bidirectional=True
[LN596    ] [chunk_21_hyperparam_optimizer.py] [info] [section 2] [LSTM] [hyperparameter_optimization search baseline] LABEL_THRESHOLD=20.0
[LN597    ] [chunk_21_hyperparam_optimizer.py] [info] [section 2] [LSTM] [hyperparameter_optimization search baseline] VALIDATION_PRECISION=0.0000 VALIDATION_TRUE_POSITIVES=0 VALIDATION_TRUE_NEGATIVES=52918 validation_false_positives=0 validation_false_negatives=336 validation_max_prediction=0.4764 validation_mean_prediction=0.4764 validation_recall=0.0000 validation_f1=0.0000 validation_auc=0.5000 validation_specificity=1.0000 validation_false_positive_rate=0.0000 validation_f2=0.0000 validation_mcc=0.0000 validation_prauc=0.0063 validation_balanced_accuracy=0.5000 validation_brier=0.2273 validation_kappa=0.0000 validation_informedness=0.0000 validation_markedness=1.0000 validation_gini=0.0000 validation_optimal_threshold=inf validation_standard_deviation_prediction=0.0000 validation_percentage_above_threshold=0.00
[LN598    ] [chunk_21_hyperparam_optimizer.py] [info] [section 2] [LSTM] [hyperparameter_optimization search baseline] TRIAL 5/5: lstm_units=128, dropout=0.05, learning_rate=0.005, epochs=50, loss_function=binary_crossentropy, alpha=0.75, gamma=2.0, layers=1, bidirectional=True
[LN599    ] [chunk_21_hyperparam_optimizer.py] [info] [section 2] [LSTM] [best trial] LABEL_THRESHOLD=20.0
[LN600    ] [chunk_21_hyperparam_optimizer.py] [info] [section 2] [LSTM] [best trial] VALIDATION_PRECISION=0.0228 VALIDATION_TRUE_POSITIVES=202 VALIDATION_TRUE_NEGATIVES=44278 validation_false_positives=8640 validation_false_negatives=134 validation_max_prediction=0.8590 validation_mean_prediction=0.3059 validation_recall=0.6012 validation_f1=0.0440 validation_auc=0.7878 validation_specificity=0.8367 validation_false_positive_rate=0.1633 validation_f2=0.0992 validation_mcc=0.0932 validation_prauc=0.0389 validation_balanced_accuracy=0.7190 validation_brier=0.1295 validation_kappa=0.0323 validation_informedness=0.4379 validation_markedness=-0.1404 validation_gini=0.5756 validation_optimal_threshold=0.4780 validation_standard_deviation_prediction=0.1916 validation_percentage_above_threshold=16.60
[LN601    ] [chunk_21_hyperparam_optimizer.py] [info] [section 2] [LSTM] [best trial] lstm_units=64, dropout=0.0, learning_rate=0.001, epochs=30, loss_function=binary_crossentropy, alpha=0.75, gamma=2.5, layers=2, bidirectional=False
[LN602    ] [chunk_18_phase_4_ensemble.py] [info]    [diagnostic-hyperparameter_optimization]  percentiles: p1=0.1296, p5=0.1378, p10=0.1464, p25=0.1694, p50=0.2198, p75=0.3855, p90=0.6305, p95=0.7596, p99=0.8406, max=0.8590 | histogram: bins[8261, 13377, 6471, 4155, 3024, 2409, 1890, 1664, 1478, 1345, 1125, 1094, 919, 864, 718, 749, 777, 873, 974, 1087]
[LN603    ] [chunk_18_phase_4_ensemble.py] [info]    hyperparameter_optimization improved: 0.0228 > 0.0000
[LN604    ] [chunk_18_phase_4_ensemble.py] [info] [section 3] [LSTM] [HYPERPARAMETER_OPTIMIZATION] LABEL_THRESHOLD=20.0,
[LN605    ] [chunk_18_phase_4_ensemble.py] [info] [section 3] [LSTM] [HYPERPARAMETER_OPTIMIZATION] VALIDATION_PRECISION=0.0228 VALIDATION_TRUE_POSITIVES=202 VALIDATION_TRUE_NEGATIVES=44278 validation_false_positives=8640 validation_false_negatives=134 validation_max_prediction=0.8590 validation_mean_prediction=0.3059 validation_recall=0.6012 validation_f1=0.0440 validation_auc=0.7878 validation_specificity=0.8367 validation_false_positive_rate=0.1633 validation_f2=0.0992 validation_mcc=0.0932 validation_prauc=0.0389 validation_balanced_accuracy=0.7190 validation_brier=0.1295 validation_kappa=0.0323 validation_informedness=0.4379 validation_markedness=-0.1404 validation_gini=0.5756 validation_optimal_threshold=0.4780 validation_standard_deviation_prediction=0.1916 validation_percentage_above_threshold=16.60
[LN606    ] [chunk_18_phase_4_ensemble.py] [info] [section 3] [LSTM] [HYPERPARAMETER_OPTIMIZATION] prediction_binary_split=0.50 hyperparams=(loss=binary_crossentropy lr=0.001 dropout=0.0 alpha=0.75 gamma=2.5 latent_dim=0) improved=True {'lstm_units': 64, 'dropout': 0.0, 'learning_rate': 0.001, 'epochs': 30, 'loss_function': 'binary_crossentropy', 'alpha': 0.75, 'gamma': 2.5, 'layers': 2, 'bidirectional': False}
[LN607    ] [chunk_18_phase_4_ensemble.py] [info]    Running post hyperparameter_optimization threshold search for LSTM...
[LN608    ] [chunk_12_evaluation_evaluator.py] [info] [LSTM] LABEL_THRESHOLD=20.0 | Train: below prediction_binary_split=118,621,above prediction_binary_split=689 [ok] | Validation: below prediction_binary_split=52,918,above prediction_binary_split=336 [ok]
[LN609    ] [chunk_12_evaluation_evaluator.py] [info] [LSTM] [reject] skipping LABEL_THRESHOLD=20.0: validation_precision=0.0228 <= baseline+0.0200=0.0263
[LN610    ] [chunk_12_evaluation_evaluator.py] [info] [LSTM] LABEL_THRESHOLD=10.0 | Train: below prediction_binary_split=116,756,above prediction_binary_split=2,554 [ok] | Validation: below prediction_binary_split=52,057,above prediction_binary_split=1,197 [ok]
[LN611    ] [chunk_12_evaluation_evaluator.py] [info] [LSTM] [reject] skipping LABEL_THRESHOLD=10.0: validation_precision=0.0403 <= baseline+0.0200=0.0425
[LN612    ] [chunk_12_evaluation_evaluator.py] [info] [LSTM] LABEL_THRESHOLD=0.0 | Train: below prediction_binary_split=59,589,above prediction_binary_split=59,721 [ok] | Validation: below prediction_binary_split=24,480,above prediction_binary_split=28,774 [ok]
[LN613    ] [chunk_12_evaluation_evaluator.py] [info] [LSTM] [reject] skipping LABEL_THRESHOLD=0.0: validation_precision=0.5092 <= baseline+0.0200=0.5200
[LN614    ] [chunk_18_phase_4_ensemble.py] [info]    hyperparameter_optimization model threshold search: LABEL_THRESHOLD=20.0, VALIDATION_PRECISION=0.0228
[LN615    ] [chunk_18_phase_4_ensemble.py] [info]    post hyperparameter_optimization threshold search: LABEL_THRESHOLD=20.0, VALIDATION_PRECISION=0.0000
[LN616    ] [chunk_18_phase_4_ensemble.py] [info]    post hyperparameter_optimization no improvement: keeping LABEL_THRESHOLD=20.0
[LN617    ] [chunk_18_phase_4_ensemble.py] [info] [section 4] [LSTM] [post hyperparameter_optimization] [diagnostic]  percentiles: p1=0.1296, p5=0.1378, p10=0.1464, p25=0.1694, p50=0.2198, p75=0.3855, p90=0.6305, p95=0.7596, p99=0.8406, max=0.8590 | histogram: bins[8261, 13377, 6471, 4155, 3024, 2409, 1890, 1664, 1478, 1345, 1125, 1094, 919, 864, 718, 749, 777, 873, 974, 1087]
[LN618    ] [chunk_18_phase_4_ensemble.py] [info] [section 4] [LSTM] [post hyperparameter_optimization] LABEL_THRESHOLD=20.0,
[LN619    ] [chunk_18_phase_4_ensemble.py] [info] [section 4] [LSTM] [post hyperparameter_optimization] VALIDATION_PRECISION=0.0228 VALIDATION_TRUE_POSITIVES=202 VALIDATION_TRUE_NEGATIVES=44278 validation_false_positives=8640 validation_false_negatives=134 validation_max_prediction=0.8590 validation_mean_prediction=0.3059 validation_recall=0.6012 validation_f1=0.0440 validation_auc=0.7878 validation_specificity=0.8367 validation_false_positive_rate=0.1633 validation_f2=0.0992 validation_mcc=0.0932 validation_prauc=0.0389 validation_balanced_accuracy=0.7190 validation_brier=0.1295 validation_kappa=0.0323 validation_informedness=0.4379 validation_markedness=-0.1404 validation_gini=0.5756 validation_optimal_threshold=0.4780 validation_standard_deviation_prediction=0.1916 validation_percentage_above_threshold=16.60
[LN620    ] [chunk_18_phase_4_ensemble.py] [info] [section 4] [LSTM] [post hyperparameter_optimization] prediction_binary_split=0.50 hyperparams=(loss=binary_crossentropy lr=0.001 dropout=0.0 alpha=0.75 gamma=2.5 latent_dim=64) source=section3
[LN621    ] [chunk_18_phase_4_ensemble.py] [info]    Using Hyperparameter_Optimized model directly (no change to Label_Threshold)
[LN622    ] [chunk_18_phase_4_ensemble.py] [info]    Train predictions: mean=0.2533, std=0.1436, min=0.1186, max=0.8593
[LN623    ] [chunk_18_phase_4_ensemble.py] [info]    validation predictions:   mean=0.3059, std=0.1916, min=0.1193, max=0.8590
[LN624    ] [chunk_18_phase_4_ensemble.py] [info] [section 5] [LSTM] [final] [diagnostic] Train  percentiles: p1=0.1272, p5=0.1344, p10=0.1395, p25=0.1579, p50=0.2035, p75=0.2874, p90=0.4425, p95=0.5813, p99=0.8063, max=0.8593 | histogram: bins[28058, 25428, 18774, 12209, 8269, 5662, 4112, 3057, 2379, 1916, 1560, 1359, 1107, 920, 744, 708, 708, 727, 743, 870]
[LN625    ] [chunk_18_phase_4_ensemble.py] [info] [section 5] [LSTM] [final] [diagnostic] validation    percentiles: p1=0.1296, p5=0.1378, p10=0.1464, p25=0.1694, p50=0.2198, p75=0.3855, p90=0.6305, p95=0.7596, p99=0.8406, max=0.8590 | histogram: bins[8261, 13377, 6471, 4155, 3024, 2409, 1890, 1664, 1478, 1345, 1125, 1094, 919, 864, 718, 749, 777, 873, 974, 1087]
[LN626    ] [chunk_18_phase_4_ensemble.py] [info]    Train predictions: 7.48% positive predictions (8,921 / 119,310)
[LN627    ] [chunk_18_phase_4_ensemble.py] [info]    validation predictions:   16.60% positive predictions (8,842 / 53,254)
[LN628    ] [chunk_18_phase_4_ensemble.py] [info]    [info] Section 4 all rejected - using Section 3 results for Section 5
[LN629    ] [chunk_18_phase_4_ensemble.py] [info]    [diagnostic] prediction_buckets: 0-10:23147, 10-20:11821, 20-30:5639, 30-40:3805, 40-50:2795, 50-60:2105, 60-70:2250, 70-80:1692, 80-90:0, 90-100:0
[LN630    ] [chunk_18_phase_4_ensemble.py] [info] [section 5] [LSTM] [final] LABEL_THRESHOLD=20.0,
[LN631    ] [chunk_18_phase_4_ensemble.py] [info] [section 5] [LSTM] [final] train_precision=0.0212 train_true_positives=189 train_true_negatives=109889 train_false_positives=8732 train_false_negatives=500 train_max_prediction=0.8593 train_mean_prediction=0.2533 train_recall=0.2743 train_f1=0.0393 train_auc=0.7244 train_specificity=0.9264 train_false_positive_rate=0.0736 train_f2=0.0809 train_mcc=0.0578 train_prauc=0.0220 train_balanced_accuracy=0.6003 train_standard_deviation_prediction=0.1436 train_percentage_above_threshold=7.48 train_brier=0.0861 train_kappa=0.0289 train_informedness=0.2007 train_markedness=-0.0524 train_gini=0.4487 train_optimal_threshold=0.2816
[LN632    ] [chunk_18_phase_4_ensemble.py] [info] [section 5] [LSTM] [final] VALIDATION_PRECISION=0.0228 VALIDATION_TRUE_POSITIVES=202 VALIDATION_TRUE_NEGATIVES=44278 validation_false_positives=8640 validation_false_negatives=134 validation_max_prediction=0.8590 validation_mean_prediction=0.3059 validation_recall=0.6012 validation_f1=0.0440 validation_auc=0.7878 validation_specificity=0.8367 validation_false_positive_rate=0.1633 validation_f2=0.0992 validation_mcc=0.0932 validation_prauc=0.0389 validation_balanced_accuracy=0.7190 validation_brier=0.1295 validation_kappa=0.0323 validation_informedness=0.4379 validation_markedness=-0.1404 validation_gini=0.5756 validation_optimal_threshold=0.4780 validation_standard_deviation_prediction=0.1916 validation_percentage_above_threshold=16.60
[LN633    ] [chunk_18_phase_4_ensemble.py] [info] [section 5] [LSTM] [final] prediction_binary_split=0.50 hyperparams=(loss=binary_crossentropy lr=0.001 dropout=0.0 alpha=0.75 gamma=2.5 latent_dim=64) (using HPO model directly)
[LN634    ] [chunk_18_phase_4_ensemble.py] [info]    [LSTM] loss: binary_crossentropy | pred_threshold: 0.5 | epochs: 30
[LN635    ] [chunk_18_phase_4_ensemble.py] [info]    [LSTM] hyperparameter_optimization: lstm_units=64, dropout=0.0, learning_rate=0.001, alpha=0.75, gamma=2.5, layers=2
[LN636    ] [chunk_18_phase_4_ensemble.py] [info]    LSTM training time: 2236.7s
[LN637    ] [chunk_18_phase_4_ensemble.py] [info] [pass] LSTM trained successfully
[LN638    ] [chunk_18_phase_4_ensemble.py] [info] [section 1] [VAE] [baseline] LABEL_THRESHOLD=20.0,
[LN639    ] [chunk_18_phase_4_ensemble.py] [info] [section 1] [VAE] [baseline] predictions: mean=0.0000, std=0.0043, min=0.0000, max=1.0000
[LN640    ] [chunk_18_phase_4_ensemble.py] [info] [section 1] [VAE] [baseline]  percentiles: p1=0.0000, p5=0.0000, p10=0.0000, p25=0.0000, p50=0.0000, p75=0.0000, p90=0.0000, p95=0.0000, p99=0.0000, max=1.0000 | histogram: bins[53253, 0, 0, 0, 0, 0, 0, 0, 0, 0, 0, 0, 0, 0, 0, 0, 0, 0, 0, 1]
[LN641    ] [chunk_18_phase_4_ensemble.py] [info] [section 1] [VAE] [baseline] prediction_binary_split=0.50, VALIDATION predictions at LABEL_THRESHOLD=20.0: 0.00%
[LN642    ] [chunk_18_phase_4_ensemble.py] [info] [section 1] [VAE] [baseline] LABEL_THRESHOLD=20.0,
[LN643    ] [chunk_18_phase_4_ensemble.py] [info] [section 1] [VAE] [baseline] VALIDATION_PRECISION=0.0000 VALIDATION_TRUE_POSITIVES=0 VALIDATION_TRUE_NEGATIVES=52917 validation_false_positives=1 validation_false_negatives=336 validation_max_prediction=1.0000 validation_mean_prediction=0.0000 validation_recall=0.0000 validation_f1=0.0000 validation_auc=0.4934 validation_specificity=1.0000 validation_false_positive_rate=0.0000 validation_f2=0.0000 validation_mcc=-0.0003 validation_prauc=0.0063 validation_balanced_accuracy=0.5000 validation_brier=0.0063 validation_kappa=-0.0000 validation_informedness=-0.0000 validation_markedness=-0.0000 validation_gini=0.0000 validation_optimal_threshold=inf validation_standard_deviation_prediction=0.0043 validation_percentage_above_threshold=0.00
[LN644    ] [chunk_18_phase_4_ensemble.py] [info] [section 1] [VAE] [baseline] prediction_binary_split=0.50 loss=binary_crossentropy, lr=0.001, dropout=0.1
[LN645    ] [chunk_12_evaluation_evaluator.py] [info] [VAE] LABEL_THRESHOLD=20.0 | Train: below prediction_binary_split=118,621,above prediction_binary_split=689 [ok] | Validation: below prediction_binary_split=52,918,above prediction_binary_split=336 [ok]
[LN646    ] [chunk_12_evaluation_evaluator.py] [info] [reject] Skipping threshold 20.0: only 0 positive VALIDATION predictions (min=5)
[LN647    ] [chunk_12_evaluation_evaluator.py] [info] [VAE] LABEL_THRESHOLD=10.0 | Train: below prediction_binary_split=116,756,above prediction_binary_split=2,554 [ok] | Validation: below prediction_binary_split=52,057,above prediction_binary_split=1,197 [ok]
[LN648    ] [chunk_12_evaluation_evaluator.py] [info] [reject] Skipping threshold 10.0: only 0 positive VALIDATION predictions (min=5)
[LN649    ] [chunk_12_evaluation_evaluator.py] [info] [VAE] LABEL_THRESHOLD=0.0 | Train: below prediction_binary_split=59,589,above prediction_binary_split=59,721 [ok] | Validation: below prediction_binary_split=24,480,above prediction_binary_split=28,774 [ok]
[LN650    ] [chunk_12_evaluation_evaluator.py] [info] [VAE] [diagnostic] LABEL_THRESHOLD=0.0 train_precision=0.5019 train_true_positives=32879 train_true_negatives=26964 train_false_positives=32625 train_false_negatives=26842 train_max_prediction=0.6190 train_mean_prediction=0.5021 train_recall=0.5505 train_f1=0.5251 train_auc=0.5010 train_specificity=0.4525 train_false_positive_rate=0.5475 train_f2=0.5401 train_mcc=0.0031 train_prauc=0.5009 train_balanced_accuracy=0.5015 train_brier=0.2503 train_kappa=0.0030 train_informedness=0.0030 train_markedness=-0.0456 train_gini=0.0020 train_optimal_threshold=0.4955 train_standard_deviation_prediction=0.0190 train_percentage_above_threshold=54.90
[LN651    ] [chunk_12_evaluation_evaluator.py] [info] [VAE] [diagnostic] LABEL_THRESHOLD=0.0 VALIDATION_PRECISION=0.5392 VALIDATION_TRUE_POSITIVES=15768 VALIDATION_TRUE_NEGATIVES=11002 validation_false_positives=13478 validation_false_negatives=13006 validation_max_prediction=0.6165 validation_mean_prediction=0.5022 validation_recall=0.5480 validation_f1=0.5435 validation_auc=0.4983 validation_specificity=0.4494 validation_false_positive_rate=0.5506 validation_f2=0.5462 validation_mcc=-0.0026 validation_prauc=0.5382 validation_balanced_accuracy=0.4987 validation_brier=0.2502 validation_kappa=-0.0026 validation_informedness=-0.0026 validation_markedness=-0.0114 validation_gini=0.0000 validation_optimal_threshold=0.4847 validation_standard_deviation_prediction=0.0191 validation_percentage_above_threshold=54.92
[LN652    ] [chunk_18_phase_4_ensemble.py] [info] [section 1] [VAE] [label_threshold_optimal]  percentiles: p1=0.4554, p5=0.4708, p10=0.4783, p25=0.4898, p50=0.5022, p75=0.5144, p90=0.5259, p95=0.5330, p99=0.5479, max=0.5988 | histogram: bins[13, 22, 81, 261, 681, 1624, 3513, 6462, 9497, 10630, 9123, 5947, 3168, 1381, 546, 197, 81, 17, 6, 4]
[LN653    ] [chunk_18_phase_4_ensemble.py] [info] [section 1] [VAE] [label_threshold_optimal] LABEL_THRESHOLD=0.0
[LN654    ] [chunk_18_phase_4_ensemble.py] [info] [section 1] [VAE] [label_threshold_optimal] train_precision=0.5019 train_true_positives=32879 train_true_negatives=26964 train_false_positives=32625 train_false_negatives=26842 train_max_prediction=0.6190 train_mean_prediction=0.5021 train_recall=0.5505 train_f1=0.5251 train_auc=0.5010 train_specificity=0.4525 train_false_positive_rate=0.5475 train_f2=0.5401 train_mcc=0.0031 train_prauc=0.5009 train_balanced_accuracy=0.5015 train_brier=0.2503 train_kappa=0.0030 train_informedness=0.0030 train_markedness=-0.0456 train_gini=0.0020 train_optimal_threshold=0.4955 train_standard_deviation_prediction=0.0190 train_percentage_above_threshold=54.90
[LN655    ] [chunk_18_phase_4_ensemble.py] [info] [section 1] [VAE] [label_threshold_optimal] VALIDATION_PRECISION=0.5392 VALIDATION_TRUE_POSITIVES=15768 VALIDATION_TRUE_NEGATIVES=11002 validation_false_positives=13478 validation_false_negatives=13006 validation_max_prediction=0.6165 validation_mean_prediction=0.5022 validation_recall=0.5480 validation_f1=0.5435 validation_auc=0.4983 validation_specificity=0.4494 validation_false_positive_rate=0.5506 validation_f2=0.5462 validation_mcc=-0.0026 validation_prauc=0.5382 validation_balanced_accuracy=0.4987 validation_brier=0.2502 validation_kappa=-0.0026 validation_informedness=-0.0026 validation_markedness=-0.0114 validation_gini=0.0000 validation_optimal_threshold=0.4847 validation_standard_deviation_prediction=0.0191 validation_percentage_above_threshold=54.92
[LN656    ] [chunk_18_phase_4_ensemble.py] [info] [section 1] [VAE] [label_threshold_optimal] prediction_binary_split=0.50
[LN657    ] [chunk_21_hyperparam_optimizer.py] [info] [section 2] [VAE] [hyperparameter_optimization search] Running Bayesian optimization (5 trials)...
[LN658    ] [chunk_21_hyperparam_optimizer.py] [info] [section 2] [VAE] [hyperparameter_optimization search baseline] LABEL_THRESHOLD=0.0
[LN659    ] [chunk_21_hyperparam_optimizer.py] [info] [section 2] [VAE] [hyperparameter_optimization search baseline] VALIDATION_PRECISION=0.5401 VALIDATION_TRUE_POSITIVES=16626 VALIDATION_TRUE_NEGATIVES=10321 validation_false_positives=14159 validation_false_negatives=12148 validation_max_prediction=0.5459 validation_mean_prediction=0.5022 validation_recall=0.5778 validation_f1=0.5583 validation_auc=0.5007 validation_specificity=0.4216 validation_false_positive_rate=0.5784 validation_f2=0.5698 validation_mcc=-0.0006 validation_prauc=0.5420 validation_balanced_accuracy=0.4997 validation_brier=0.2499 validation_kappa=-0.0006 validation_informedness=-0.0006 validation_markedness=-0.0383 validation_gini=0.0013 validation_optimal_threshold=0.5084 validation_standard_deviation_prediction=0.0072 validation_percentage_above_threshold=57.81
[LN660    ] [chunk_21_hyperparam_optimizer.py] [info] [section 2] [VAE] [hyperparameter_optimization search baseline] TRIAL 1/5: loss_function=focal_loss, latent_dim=32, learning_rate=0.0005, dropout=0.02, epochs=30, alpha=1.0, gamma=2.0, encoder_layers=1, decoder_layers=2
[LN661    ] [chunk_21_hyperparam_optimizer.py] [info] [section 2] [VAE] [hyperparameter_optimization search baseline] LABEL_THRESHOLD=0.0
[LN662    ] [chunk_21_hyperparam_optimizer.py] [info] [section 2] [VAE] [hyperparameter_optimization search baseline] VALIDATION_PRECISION=0.5510 VALIDATION_TRUE_POSITIVES=27 VALIDATION_TRUE_NEGATIVES=24458 validation_false_positives=22 validation_false_negatives=28747 validation_max_prediction=0.5127 validation_mean_prediction=0.4866 validation_recall=0.0009 validation_f1=0.0019 validation_auc=0.5010 validation_specificity=0.9991 validation_false_positive_rate=0.0009 validation_f2=0.0012 validation_mcc=0.0007 validation_prauc=0.5407 validation_balanced_accuracy=0.5000 validation_brier=0.2513 validation_kappa=0.0000 validation_informedness=0.0000 validation_markedness=0.5501 validation_gini=0.0020 validation_optimal_threshold=0.4874 validation_standard_deviation_prediction=0.0043 validation_percentage_above_threshold=0.09
[LN663    ] [chunk_21_hyperparam_optimizer.py] [info] [section 2] [VAE] [hyperparameter_optimization search baseline] TRIAL 2/5: loss_function=binary_crossentropy, latent_dim=32, learning_rate=0.002, dropout=0.02, epochs=50, alpha=1.0, gamma=3.0, encoder_layers=2, decoder_layers=3
[LN664    ] [chunk_21_hyperparam_optimizer.py] [info] [section 2] [VAE] [hyperparameter_optimization search baseline] LABEL_THRESHOLD=0.0
[LN665    ] [chunk_21_hyperparam_optimizer.py] [info] [section 2] [VAE] [hyperparameter_optimization search baseline] VALIDATION_PRECISION=0.5577 VALIDATION_TRUE_POSITIVES=498 VALIDATION_TRUE_NEGATIVES=24085 validation_false_positives=395 validation_false_negatives=28276 validation_max_prediction=0.5385 validation_mean_prediction=0.4960 validation_recall=0.0173 validation_f1=0.0336 validation_auc=0.5007 validation_specificity=0.9839 validation_false_positive_rate=0.0161 validation_f2=0.0215 validation_mcc=0.0045 validation_prauc=0.5410 validation_balanced_accuracy=0.5006 validation_brier=0.2503 validation_kappa=0.0011 validation_informedness=0.0012 validation_markedness=0.5415 validation_gini=0.0014 validation_optimal_threshold=0.4978 validation_standard_deviation_prediction=0.0016 validation_percentage_above_threshold=1.68
[LN666    ] [chunk_21_hyperparam_optimizer.py] [info] [section 2] [VAE] [hyperparameter_optimization search baseline] TRIAL 3/5: loss_function=binary_crossentropy, latent_dim=128, learning_rate=0.002, dropout=0.05, epochs=50, alpha=1.25, gamma=3.0, encoder_layers=1, decoder_layers=1
[LN667    ] [chunk_21_hyperparam_optimizer.py] [info] [section 2] [VAE] [hyperparameter_optimization search baseline] LABEL_THRESHOLD=0.0
[LN668    ] [chunk_21_hyperparam_optimizer.py] [info] [section 2] [VAE] [hyperparameter_optimization search baseline] VALIDATION_PRECISION=0.5348 VALIDATION_TRUE_POSITIVES=6665 VALIDATION_TRUE_NEGATIVES=18683 validation_false_positives=5797 validation_false_negatives=22109 validation_max_prediction=0.5544 validation_mean_prediction=0.4938 validation_recall=0.2316 validation_f1=0.3233 validation_auc=0.4990 validation_specificity=0.7632 validation_false_positive_rate=0.2368 validation_f2=0.2613 validation_mcc=-0.0061 validation_prauc=0.5415 validation_balanced_accuracy=0.4974 validation_brier=0.2506 validation_kappa=-0.0049 validation_informedness=-0.0052 validation_markedness=0.2980 validation_gini=0.0000 validation_optimal_threshold=0.5034 validation_standard_deviation_prediction=0.0094 validation_percentage_above_threshold=23.40
[LN669    ] [chunk_21_hyperparam_optimizer.py] [info] [section 2] [VAE] [hyperparameter_optimization search baseline] TRIAL 4/5: loss_function=focal_loss, latent_dim=256, learning_rate=0.001, dropout=0.02, epochs=30, alpha=1.25, gamma=2.5, encoder_layers=3, decoder_layers=1
[LN670    ] [chunk_21_hyperparam_optimizer.py] [info] [section 2] [VAE] [hyperparameter_optimization search baseline] LABEL_THRESHOLD=0.0
[LN671    ] [chunk_21_hyperparam_optimizer.py] [info] [section 2] [VAE] [hyperparameter_optimization search baseline] VALIDATION_PRECISION=0.5403 VALIDATION_TRUE_POSITIVES=28773 VALIDATION_TRUE_NEGATIVES=0 validation_false_positives=24480 validation_false_negatives=1 validation_max_prediction=0.5327 validation_mean_prediction=0.5145 validation_recall=1.0000 validation_f1=0.7015 validation_auc=0.4999 validation_specificity=0.0000 validation_false_positive_rate=1.0000 validation_f2=0.8546 validation_mcc=-0.0040 validation_prauc=0.5402 validation_balanced_accuracy=0.5000 validation_brier=0.2490 validation_kappa=-0.0000 validation_informedness=-0.0000 validation_markedness=-0.4597 validation_gini=0.0000 validation_optimal_threshold=0.5146 validation_standard_deviation_prediction=0.0003 validation_percentage_above_threshold=100.00
[LN672    ] [chunk_21_hyperparam_optimizer.py] [info] [section 2] [VAE] [hyperparameter_optimization search baseline] TRIAL 5/5: loss_function=focal_loss, latent_dim=32, learning_rate=0.005, dropout=0.02, epochs=30, alpha=1.25, gamma=2.0, encoder_layers=1, decoder_layers=2
[LN673    ] [chunk_21_hyperparam_optimizer.py] [info] [section 2] [VAE] [best trial] LABEL_THRESHOLD=0.0
[LN674    ] [chunk_21_hyperparam_optimizer.py] [info] [section 2] [VAE] [best trial] VALIDATION_PRECISION=0.5577 VALIDATION_TRUE_POSITIVES=498 VALIDATION_TRUE_NEGATIVES=24085 validation_false_positives=395 validation_false_negatives=28276 validation_max_prediction=0.5385 validation_mean_prediction=0.4960 validation_recall=0.0173 validation_f1=0.0336 validation_auc=0.5007 validation_specificity=0.9839 validation_false_positive_rate=0.0161 validation_f2=0.0215 validation_mcc=0.0045 validation_prauc=0.5410 validation_balanced_accuracy=0.5006 validation_brier=0.2503 validation_kappa=0.0011 validation_informedness=0.0012 validation_markedness=0.5415 validation_gini=0.0014 validation_optimal_threshold=0.4978 validation_standard_deviation_prediction=0.0016 validation_percentage_above_threshold=1.68
[LN675    ] [chunk_21_hyperparam_optimizer.py] [info] [section 2] [VAE] [best trial] loss_function=binary_crossentropy, latent_dim=128, learning_rate=0.002, dropout=0.05, epochs=50, alpha=1.25, gamma=3.0, encoder_layers=1, decoder_layers=1
[LN676    ] [chunk_18_phase_4_ensemble.py] [info]    [diagnostic-hyperparameter_optimization]  percentiles: p1=0.4957, p5=0.4959, p10=0.4959, p25=0.4959, p50=0.4959, p75=0.4959, p90=0.4959, p95=0.4959, p99=0.5023, max=0.5457 | histogram: bins[3, 2, 11, 24, 33, 51, 84, 51298, 945, 434, 209, 99, 36, 12, 5, 4, 2, 1, 0, 1]
[LN677    ] [chunk_18_phase_4_ensemble.py] [info]    hyperparameter_optimization did NOT improve: 0.5347 <= 0.5392 - using pre hyperparameter_optimization model
[LN678    ] [chunk_18_phase_4_ensemble.py] [info] [section 3] [VAE] [PRE-HYPERPARAMETER_OPTIMIZATION] LABEL_THRESHOLD=0.0,
[LN679    ] [chunk_18_phase_4_ensemble.py] [info] [section 3] [VAE] [PRE-HYPERPARAMETER_OPTIMIZATION] VALIDATION_PRECISION=0.5392 VALIDATION_TRUE_POSITIVES=15768 VALIDATION_TRUE_NEGATIVES=11002 validation_false_positives=13478 validation_false_negatives=13006 validation_max_prediction=0.5988 validation_mean_prediction=0.5021 validation_recall=0.5480 validation_f1=0.5435 validation_auc=0.4983 validation_specificity=0.4494 validation_false_positive_rate=0.5506 validation_f2=0.5462 validation_mcc=-0.0026 validation_prauc=0.5382 validation_balanced_accuracy=0.4987 validation_brier=0.2502 validation_kappa=-0.0026 validation_informedness=-0.0026 validation_markedness=-0.0114 validation_gini=0.0000 validation_optimal_threshold=0.4847 validation_standard_deviation_prediction=0.0190 validation_percentage_above_threshold=54.68
[LN680    ] [chunk_18_phase_4_ensemble.py] [info] [section 3] [VAE] [PRE-HYPERPARAMETER_OPTIMIZATION] prediction_binary_split=0.50 hyperparams=(loss=binary_crossentropy lr=0.002 dropout=0.05 alpha=1.25 gamma=3.0 latent_dim=128) improved=False {'loss_function': 'binary_crossentropy', 'latent_dim': 128, 'learning_rate': 0.002, 'dropout': 0.05, 'epochs': 50, 'alpha': 1.25, 'gamma': 3.0, 'encoder_layers': 1, 'decoder_layers': 1}
[LN681    ] [chunk_18_phase_4_ensemble.py] [info]    Running post hyperparameter_optimization threshold search for VAE...
[LN682    ] [chunk_12_evaluation_evaluator.py] [info] [VAE] LABEL_THRESHOLD=20.0 | Train: below prediction_binary_split=118,621,above prediction_binary_split=689 [ok] | Validation: below prediction_binary_split=52,918,above prediction_binary_split=336 [ok]
[LN683    ] [chunk_12_evaluation_evaluator.py] [info] [VAE] [reject] skipping LABEL_THRESHOLD=20.0: validation_precision=0.0066 <= baseline+0.0200=0.0263
[LN684    ] [chunk_12_evaluation_evaluator.py] [info] [VAE] LABEL_THRESHOLD=10.0 | Train: below prediction_binary_split=116,756,above prediction_binary_split=2,554 [ok] | Validation: below prediction_binary_split=52,057,above prediction_binary_split=1,197 [ok]
[LN685    ] [chunk_12_evaluation_evaluator.py] [info] [VAE] [reject] skipping LABEL_THRESHOLD=10.0: validation_precision=0.0225 <= baseline+0.0200=0.0425
[LN686    ] [chunk_12_evaluation_evaluator.py] [info] [VAE] LABEL_THRESHOLD=0.0 | Train: below prediction_binary_split=59,589,above prediction_binary_split=59,721 [ok] | Validation: below prediction_binary_split=24,480,above prediction_binary_split=28,774 [ok]
[LN687    ] [chunk_12_evaluation_evaluator.py] [info] [VAE] [diagnostic] LABEL_THRESHOLD=0.0 train_precision=0.4961 train_true_positives=32478 train_true_negatives=26598 train_false_positives=32991 train_false_negatives=27243 train_max_prediction=0.5973 train_mean_prediction=0.5022 train_recall=0.5438 train_f1=0.5189 train_auc=0.4956 train_specificity=0.4464 train_false_positive_rate=0.5536 train_f2=0.5336 train_mcc=-0.0099 train_prauc=0.4979 train_balanced_accuracy=0.4951 train_brier=0.2505 train_kappa=-0.0098 train_informedness=-0.0098 train_markedness=-0.0576 train_gini=0.0000 train_optimal_threshold=0.5427 train_standard_deviation_prediction=0.0189 train_percentage_above_threshold=54.87
[LN688    ] [chunk_12_evaluation_evaluator.py] [info] [VAE] [diagnostic] LABEL_THRESHOLD=0.0 VALIDATION_PRECISION=0.5383 VALIDATION_TRUE_POSITIVES=15706 VALIDATION_TRUE_NEGATIVES=11008 validation_false_positives=13472 validation_false_negatives=13068 validation_max_prediction=0.6103 validation_mean_prediction=0.5022 validation_recall=0.5458 validation_f1=0.5420 validation_auc=0.4969 validation_specificity=0.4497 validation_false_positive_rate=0.5503 validation_f2=0.5443 validation_mcc=-0.0045 validation_prauc=0.5362 validation_balanced_accuracy=0.4978 validation_brier=0.2503 validation_kappa=-0.0045 validation_informedness=-0.0045 validation_markedness=-0.0120 validation_gini=0.0000 validation_optimal_threshold=0.4901 validation_standard_deviation_prediction=0.0189 validation_percentage_above_threshold=54.79
[LN689    ] [chunk_18_phase_4_ensemble.py] [info]    hyperparameter_optimization model threshold search: LABEL_THRESHOLD=0.0, VALIDATION_PRECISION=0.5347
[LN690    ] [chunk_18_phase_4_ensemble.py] [info]    post hyperparameter_optimization threshold search: LABEL_THRESHOLD=0.0, VALIDATION_PRECISION=0.5383
[LN691    ] [chunk_18_phase_4_ensemble.py] [info]    post hyperparameter_optimization no improvement: keeping LABEL_THRESHOLD=0.0
[LN692    ] [chunk_18_phase_4_ensemble.py] [info] [section 4] [VAE] [post hyperparameter_optimization] [diagnostic]  percentiles: p1=0.4560, p5=0.4710, p10=0.4782, p25=0.4899, p50=0.5022, p75=0.5144, p90=0.5259, p95=0.5331, p99=0.5478, max=0.5961 | histogram: bins[4, 8, 19, 72, 222, 608, 1616, 3697, 7033, 10172, 11261, 8810, 5523, 2621, 1055, 352, 123, 46, 6, 6]
[LN693    ] [chunk_18_phase_4_ensemble.py] [info] [section 4] [VAE] [post hyperparameter_optimization] LABEL_THRESHOLD=0.0,
[LN694    ] [chunk_18_phase_4_ensemble.py] [info] [section 4] [VAE] [post hyperparameter_optimization] VALIDATION_PRECISION=0.5392 VALIDATION_TRUE_POSITIVES=15768 VALIDATION_TRUE_NEGATIVES=11002 validation_false_positives=13478 validation_false_negatives=13006 validation_max_prediction=0.5988 validation_mean_prediction=0.5021 validation_recall=0.5480 validation_f1=0.5435 validation_auc=0.4983 validation_specificity=0.4562 validation_false_positive_rate=0.5438 validation_f2=0.5480 validation_mcc=0.0055 validation_prauc=0.5416 validation_balanced_accuracy=0.5027 validation_brier=0.2501 validation_kappa=0.0055 validation_informedness=0.0054 validation_markedness=-0.0010 validation_gini=0.0069 validation_optimal_threshold=0.4766 validation_standard_deviation_prediction=0.0190 validation_percentage_above_threshold=54.68
[LN695    ] [chunk_18_phase_4_ensemble.py] [info] [section 4] [VAE] [post hyperparameter_optimization] prediction_binary_split=0.50 hyperparams=(loss=binary_crossentropy lr=0.002 dropout=0.05 alpha=1.25 gamma=3.0 latent_dim=128) source=section3
[LN696    ] [chunk_18_phase_4_ensemble.py] [info]    Using threshold-optimized model (HPO did not improve)
[LN697    ] [chunk_18_phase_4_ensemble.py] [info]    Train predictions: mean=0.5022, std=0.0190, min=0.4019, max=0.6138
[LN698    ] [chunk_18_phase_4_ensemble.py] [info]    validation predictions:   mean=0.5023, std=0.0191, min=0.3987, max=0.6205
[LN699    ] [chunk_18_phase_4_ensemble.py] [info] [section 5] [VAE] [final] [diagnostic] Train  percentiles: p1=0.4562, p5=0.4713, p10=0.4785, p25=0.4899, p50=0.5022, p75=0.5144, p90=0.5260, p95=0.5332, p99=0.5481, max=0.6138 | histogram: bins[3, 13, 53, 209, 748, 2199, 6380, 14130, 23118, 27555, 22489, 13508, 5893, 2073, 693, 184, 38, 16, 5, 3]
[LN700    ] [chunk_18_phase_4_ensemble.py] [info] [section 5] [VAE] [final] [diagnostic] validation    percentiles: p1=0.4560, p5=0.4710, p10=0.4784, p25=0.4901, p50=0.5023, p75=0.5147, p90=0.5260, p95=0.5335, p99=0.5483, max=0.6205 | histogram: bins[3, 7, 14, 85, 314, 1062, 2931, 6597, 11199, 12784, 9884, 5220, 2177, 696, 201, 60, 15, 3, 1, 1]
[LN701    ] [chunk_18_phase_4_ensemble.py] [info]    Train predictions: 54.86% positive predictions (65,451 / 119,310)
[LN702    ] [chunk_18_phase_4_ensemble.py] [info]    validation predictions:   55.23% positive predictions (29,414 / 53,254)
[LN703    ] [chunk_18_phase_4_ensemble.py] [info]    [info] Section 4 all rejected - using Section 3 results for Section 5
[LN704    ] [chunk_18_phase_4_ensemble.py] [info]    [diagnostic] prediction_buckets: 0-10:0, 10-20:0, 20-30:0, 30-40:24257, 40-50:28997, 50-60:0, 60-70:0, 70-80:0, 80-90:0, 90-100:0
[LN705    ] [chunk_18_phase_4_ensemble.py] [info] [section 5] [VAE] [final] LABEL_THRESHOLD=0.0,
[LN706    ] [chunk_18_phase_4_ensemble.py] [info] [section 5] [VAE] [final] train_precision=0.5018 train_true_positives=32775 train_true_negatives=27054 train_false_positives=32535 train_false_negatives=26946 train_max_prediction=0.6047 train_mean_prediction=0.5021 train_recall=0.5488 train_f1=0.5243 train_auc=0.5015 train_specificity=0.4540 train_false_positive_rate=0.5460 train_f2=0.5387 train_mcc=0.0028 train_prauc=0.5028 train_balanced_accuracy=0.5014 train_standard_deviation_prediction=0.0189 train_percentage_above_threshold=54.74 train_brier=0.2503 train_kappa=0.0028 train_informedness=0.0028 train_markedness=-0.0442 train_gini=0.0031 train_optimal_threshold=0.4976
[LN707    ] [chunk_18_phase_4_ensemble.py] [info] [section 5] [VAE] [final] VALIDATION_PRECISION=0.5392 VALIDATION_TRUE_POSITIVES=15768 VALIDATION_TRUE_NEGATIVES=11002 validation_false_positives=13478 validation_false_negatives=13006 validation_max_prediction=0.5947 validation_mean_prediction=0.5020 validation_recall=0.5480 validation_f1=0.5435 validation_auc=0.4983 validation_specificity=0.4565 validation_false_positive_rate=0.5435 validation_f2=0.5445 validation_mcc=0.0018 validation_prauc=0.5436 validation_balanced_accuracy=0.5009 validation_brier=0.2501 validation_kappa=0.0018 validation_informedness=0.0018 validation_markedness=-0.0024 validation_gini=0.0068 validation_optimal_threshold=0.4828 validation_standard_deviation_prediction=0.0190 validation_percentage_above_threshold=54.45
[LN708    ] [chunk_18_phase_4_ensemble.py] [info] [section 5] [VAE] [final] prediction_binary_split=0.50 hyperparams=(loss=binary_crossentropy lr=0.002 dropout=0.05 alpha=1.25 gamma=3.0 latent_dim=128) (using HPO model directly)
[LN709    ] [chunk_18_phase_4_ensemble.py] [info]    [VAE] loss: binary_crossentropy | pred_threshold: 0.5 | epochs: 3
[LN710    ] [chunk_18_phase_4_ensemble.py] [info]    [VAE] hyperparameter_optimization: latent_dim=128, learning_rate=0.002, dropout=0.05, alpha=1.25, gamma=3.0
[LN711    ] [chunk_18_phase_4_ensemble.py] [info]    VAE training time: 535.4s
[LN712    ] [chunk_18_phase_4_ensemble.py] [info] [pass] VAE trained successfully
[LN713    ] [chunk_18_phase_4_ensemble.py] [info] [section 1] [TRANSFORMER] [baseline] LABEL_THRESHOLD=20.0,
[LN714    ] [chunk_18_phase_4_ensemble.py] [info] [section 1] [TRANSFORMER] [baseline] predictions: mean=0.0873, std=0.0007, min=0.0673, max=0.0947
[LN715    ] [chunk_18_phase_4_ensemble.py] [info] [section 1] [TRANSFORMER] [baseline]  percentiles: p1=0.0843, p5=0.0863, p10=0.0869, p25=0.0873, p50=0.0875, p75=0.0875, p90=0.0875, p95=0.0876, p99=0.0881, max=0.0947 | histogram: bins[1, 0, 0, 0, 1, 13, 14, 18, 17, 39, 89, 183, 533, 2174, 49133, 919, 59, 25, 29, 7]
[LN716    ] [chunk_18_phase_4_ensemble.py] [info] [section 1] [TRANSFORMER] [baseline] prediction_binary_split=0.50, VALIDATION predictions at LABEL_THRESHOLD=20.0: 0.00%
[LN717    ] [chunk_18_phase_4_ensemble.py] [warning] [section 1] [TRANSFORMER] [baseline] [warning] No predictions >= 0.5!
[LN718    ] [chunk_18_phase_4_ensemble.py] [info] [section 1] [TRANSFORMER] [baseline] LABEL_THRESHOLD=20.0,
[LN719    ] [chunk_18_phase_4_ensemble.py] [info] [section 1] [TRANSFORMER] [baseline] VALIDATION_PRECISION=0.0000 VALIDATION_TRUE_POSITIVES=0 VALIDATION_TRUE_NEGATIVES=52918 validation_false_positives=0 validation_false_negatives=336 validation_max_prediction=0.0947 validation_mean_prediction=0.0873 validation_recall=0.0000 validation_f1=0.0000 validation_auc=0.5145 validation_specificity=1.0000 validation_false_positive_rate=0.0000 validation_f2=0.0000 validation_mcc=0.0000 validation_prauc=0.0076 validation_balanced_accuracy=0.5000 validation_brier=0.0128 validation_kappa=0.0000 validation_informedness=0.0000 validation_markedness=1.0000 validation_gini=0.0289 validation_optimal_threshold=0.0875 validation_standard_deviation_prediction=0.0007 validation_percentage_above_threshold=0.00
[LN720    ] [chunk_18_phase_4_ensemble.py] [info] [section 1] [TRANSFORMER] [baseline] prediction_binary_split=0.50 loss=binary_crossentropy, lr=0.001
[LN721    ] [chunk_12_evaluation_evaluator.py] [info] [TRANSFORMER] LABEL_THRESHOLD=20.0 | Train: below prediction_binary_split=118,621,above prediction_binary_split=689 [ok] | Validation: below prediction_binary_split=52,918,above prediction_binary_split=336 [ok]
[LN722    ] [chunk_12_evaluation_evaluator.py] [info] [TRANSFORMER] [reject] skipping LABEL_THRESHOLD=20.0: pos_pred_ratio=0.02% outside [0%, 60%]
[LN723    ] [chunk_12_evaluation_evaluator.py] [info] [TRANSFORMER] LABEL_THRESHOLD=10.0 | Train: below prediction_binary_split=116,756,above prediction_binary_split=2,554 [ok] | Validation: below prediction_binary_split=52,057,above prediction_binary_split=1,197 [ok]
[LN724    ] [chunk_12_evaluation_evaluator.py] [info] [reject] Skipping threshold 10.0: only 0 positive VALIDATION predictions (min=5)
[LN725    ] [chunk_12_evaluation_evaluator.py] [info] [TRANSFORMER] LABEL_THRESHOLD=0.0 | Train: below prediction_binary_split=59,589,above prediction_binary_split=59,721 [ok] | Validation: below prediction_binary_split=24,480,above prediction_binary_split=28,774 [ok]
[LN726    ] [chunk_12_evaluation_evaluator.py] [info] [TRANSFORMER] [reject] skipping LABEL_THRESHOLD=0.0: validation_precision=0.5157 <= baseline+0.0200=0.5200
[LN727    ] [chunk_18_phase_4_ensemble.py] [warning] [section 1] [TRANSFORMER] [label_threshold_optimal] [warning] All label thresholds rejected — using baseline metrics at 20.0
[LN728    ] [chunk_18_phase_4_ensemble.py] [info] [section 1] [TRANSFORMER] [label_threshold_optimal] LABEL_THRESHOLD=20.0
[LN729    ] [chunk_18_phase_4_ensemble.py] [info] [section 1] [TRANSFORMER] [label_threshold_optimal] train_precision=0.0000 train_true_positives=0 train_true_negatives=52918 train_false_positives=0 train_false_negatives=336 train_max_prediction=0.0947 train_mean_prediction=0.0873 train_recall=0.0000 train_f1=0.0000 train_auc=0.5145 train_specificity=1.0000 train_false_positive_rate=0.0000 train_f2=0.0000 train_mcc=0.0000 train_prauc=0.0076 train_balanced_accuracy=0.5000 train_brier=0.0128 train_kappa=0.0000 train_informedness=0.0000 train_markedness=1.0000 train_gini=0.0289 train_optimal_threshold=0.0875 train_standard_deviation_prediction=0.0007 train_percentage_above_threshold=0.00
[LN730    ] [chunk_18_phase_4_ensemble.py] [info] [section 1] [TRANSFORMER] [label_threshold_optimal] VALIDATION_PRECISION=0.0000 VALIDATION_TRUE_POSITIVES=0 VALIDATION_TRUE_NEGATIVES=52918 validation_false_positives=0 validation_false_negatives=336 validation_max_prediction=0.0947 validation_mean_prediction=0.0873 validation_recall=0.0000 validation_f1=0.0000 validation_auc=0.5145 validation_specificity=1.0000 validation_false_positive_rate=0.0000 validation_f2=0.0000 validation_mcc=0.0000 validation_prauc=0.0076 validation_balanced_accuracy=0.5000 validation_brier=0.0128 validation_kappa=0.0000 validation_informedness=0.0000 validation_markedness=1.0000 validation_gini=0.0289 validation_optimal_threshold=0.0875 validation_standard_deviation_prediction=0.0007 validation_percentage_above_threshold=0.00
[LN731    ] [chunk_18_phase_4_ensemble.py] [info] [section 1] [TRANSFORMER] [label_threshold_optimal] prediction_binary_split=0.50
[LN732    ] [chunk_21_hyperparam_optimizer.py] [info] [section 2] [TRANSFORMER] [hyperparameter_optimization search] Running Bayesian optimization (5 trials)...
[LN733    ] [chunk_21_hyperparam_optimizer.py] [info] [section 2] [TRANSFORMER] [hyperparameter_optimization search baseline] LABEL_THRESHOLD=20.0
[LN734    ] [chunk_21_hyperparam_optimizer.py] [info] [section 2] [TRANSFORMER] [hyperparameter_optimization search baseline] VALIDATION_PRECISION=0.0000 VALIDATION_TRUE_POSITIVES=0 VALIDATION_TRUE_NEGATIVES=52918 validation_false_positives=0 validation_false_negatives=336 validation_max_prediction=0.3845 validation_mean_prediction=0.0327 validation_recall=0.0000 validation_f1=0.0000 validation_auc=0.9000 validation_specificity=1.0000 validation_false_positive_rate=0.0000 validation_f2=0.0000 validation_mcc=0.0000 validation_prauc=0.0586 validation_balanced_accuracy=0.5000 validation_brier=0.0080 validation_kappa=0.0000 validation_informedness=0.0000 validation_markedness=1.0000 validation_gini=0.8000 validation_optimal_threshold=0.0334 validation_standard_deviation_prediction=0.0486 validation_percentage_above_threshold=0.00
[LN735    ] [chunk_21_hyperparam_optimizer.py] [info] [section 2] [TRANSFORMER] [hyperparameter_optimization search baseline] TRIAL 1/5: loss_function=focal_loss, dim=128, heads=2, dropout=0.05, learning_rate=0.0001, epochs=30, alpha=0.25, gamma=2.0, ff_dim=128, layers=2
[LN736    ] [chunk_21_hyperparam_optimizer.py] [info] [section 2] [TRANSFORMER] [hyperparameter_optimization search baseline] LABEL_THRESHOLD=20.0
[LN737    ] [chunk_21_hyperparam_optimizer.py] [info] [section 2] [TRANSFORMER] [hyperparameter_optimization search baseline] VALIDATION_PRECISION=0.0268 VALIDATION_TRUE_POSITIVES=287 VALIDATION_TRUE_NEGATIVES=42501 validation_false_positives=10417 validation_false_negatives=49 validation_max_prediction=0.9818 validation_mean_prediction=0.1997 validation_recall=0.8542 validation_f1=0.0520 validation_auc=0.8997 validation_specificity=0.8031 validation_false_positive_rate=0.1969 validation_f2=0.1191 validation_mcc=0.1299 validation_prauc=0.0580 validation_balanced_accuracy=0.8287 validation_brier=0.1199 validation_kappa=0.0403 validation_informedness=0.6573 validation_markedness=-0.1700 validation_gini=0.7994 validation_optimal_threshold=0.4491 validation_standard_deviation_prediction=0.2877 validation_percentage_above_threshold=20.10
[LN738    ] [chunk_21_hyperparam_optimizer.py] [info] [section 2] [TRANSFORMER] [hyperparameter_optimization search baseline] TRIAL 2/5: loss_function=binary_crossentropy, dim=128, heads=4, dropout=0.05, learning_rate=0.0002, epochs=30, alpha=1.25, gamma=2.0, ff_dim=256, layers=1
[LN739    ] [chunk_21_hyperparam_optimizer.py] [info] [section 2] [TRANSFORMER] [hyperparameter_optimization search baseline] LABEL_THRESHOLD=20.0
[LN740    ] [chunk_21_hyperparam_optimizer.py] [info] [section 2] [TRANSFORMER] [hyperparameter_optimization search baseline] VALIDATION_PRECISION=0.1818 VALIDATION_TRUE_POSITIVES=2 VALIDATION_TRUE_NEGATIVES=52909 validation_false_positives=9 validation_false_negatives=334 validation_max_prediction=0.6189 validation_mean_prediction=0.0320 validation_recall=0.0060 validation_f1=0.0115 validation_auc=0.9052 validation_specificity=0.9998 validation_false_positive_rate=0.0002 validation_f2=0.0074 validation_mcc=0.0319 validation_prauc=0.0703 validation_balanced_accuracy=0.5029 validation_brier=0.0083 validation_kappa=0.0111 validation_informedness=0.0058 validation_markedness=0.1816 validation_gini=0.8103 validation_optimal_threshold=0.0562 validation_standard_deviation_prediction=0.0549 validation_percentage_above_threshold=0.02
[LN741    ] [chunk_21_hyperparam_optimizer.py] [info] [section 2] [TRANSFORMER] [hyperparameter_optimization search baseline] TRIAL 3/5: loss_function=focal_loss, dim=128, heads=4, dropout=0.05, learning_rate=0.0001, epochs=30, alpha=1.25, gamma=2.0, ff_dim=128, layers=1
[LN742    ] [chunk_21_hyperparam_optimizer.py] [info] [section 2] [TRANSFORMER] [hyperparameter_optimization search baseline] LABEL_THRESHOLD=20.0
[LN743    ] [chunk_21_hyperparam_optimizer.py] [info] [section 2] [TRANSFORMER] [hyperparameter_optimization search baseline] VALIDATION_PRECISION=0.0232 VALIDATION_TRUE_POSITIVES=299 VALIDATION_TRUE_NEGATIVES=40353 validation_false_positives=12565 validation_false_negatives=37 validation_max_prediction=0.9920 validation_mean_prediction=0.2613 validation_recall=0.8899 validation_f1=0.0453 validation_auc=0.9034 validation_specificity=0.7626 validation_false_positive_rate=0.2374 validation_f2=0.1052 validation_mcc=0.1207 validation_prauc=0.0557 validation_balanced_accuracy=0.8262 validation_brier=0.1548 validation_kappa=0.0334 validation_informedness=0.6524 validation_markedness=-0.2142 validation_gini=0.8067 validation_optimal_threshold=0.5774 validation_standard_deviation_prediction=0.3001 validation_percentage_above_threshold=24.16
[LN744    ] [chunk_21_hyperparam_optimizer.py] [info] [section 2] [TRANSFORMER] [hyperparameter_optimization search baseline] TRIAL 4/5: loss_function=binary_crossentropy, dim=128, heads=2, dropout=0.1, learning_rate=5e-05, epochs=30, alpha=0.5, gamma=2.5, ff_dim=256, layers=2
[LN745    ] [chunk_21_hyperparam_optimizer.py] [info] [section 2] [TRANSFORMER] [hyperparameter_optimization search baseline] LABEL_THRESHOLD=20.0
[LN746    ] [chunk_21_hyperparam_optimizer.py] [info] [section 2] [TRANSFORMER] [hyperparameter_optimization search baseline] VALIDATION_PRECISION=0.0000 VALIDATION_TRUE_POSITIVES=0 VALIDATION_TRUE_NEGATIVES=52918 validation_false_positives=0 validation_false_negatives=336 validation_max_prediction=0.4337 validation_mean_prediction=0.0291 validation_recall=0.0000 validation_f1=0.0000 validation_auc=0.8878 validation_specificity=1.0000 validation_false_positive_rate=0.0000 validation_f2=0.0000 validation_mcc=0.0000 validation_prauc=0.0527 validation_balanced_accuracy=0.5000 validation_brier=0.0079 validation_kappa=0.0000 validation_informedness=0.0000 validation_markedness=1.0000 validation_gini=0.7756 validation_optimal_threshold=0.0284 validation_standard_deviation_prediction=0.0488 validation_percentage_above_threshold=0.00
[LN747    ] [chunk_21_hyperparam_optimizer.py] [info] [section 2] [TRANSFORMER] [hyperparameter_optimization search baseline] TRIAL 5/5: loss_function=focal_loss, dim=256, heads=2, dropout=0.05, learning_rate=0.0002, epochs=20, alpha=1.0, gamma=2.5, ff_dim=64, layers=1
[LN748    ] [chunk_21_hyperparam_optimizer.py] [info] [section 2] [TRANSFORMER] [best trial] LABEL_THRESHOLD=20.0
[LN749    ] [chunk_21_hyperparam_optimizer.py] [info] [section 2] [TRANSFORMER] [best trial] VALIDATION_PRECISION=0.1818 VALIDATION_TRUE_POSITIVES=2 VALIDATION_TRUE_NEGATIVES=52909 validation_false_positives=9 validation_false_negatives=334 validation_max_prediction=0.6189 validation_mean_prediction=0.0320 validation_recall=0.0060 validation_f1=0.0115 validation_auc=0.9052 validation_specificity=0.9998 validation_false_positive_rate=0.0002 validation_f2=0.0074 validation_mcc=0.0319 validation_prauc=0.0703 validation_balanced_accuracy=0.5029 validation_brier=0.0083 validation_kappa=0.0111 validation_informedness=0.0058 validation_markedness=0.1816 validation_gini=0.8103 validation_optimal_threshold=0.0562 validation_standard_deviation_prediction=0.0549 validation_percentage_above_threshold=0.02
[LN750    ] [chunk_21_hyperparam_optimizer.py] [info] [section 2] [TRANSFORMER] [best trial] loss_function=focal_loss, dim=128, heads=4, dropout=0.05, learning_rate=0.0001, epochs=30, alpha=1.25, gamma=2.0, ff_dim=128, layers=1
[LN751    ] [chunk_18_phase_4_ensemble.py] [info]    [diagnostic-hyperparameter_optimization]  percentiles: p1=0.0015, p5=0.0021, p10=0.0025, p25=0.0034, p50=0.0060, p75=0.0342, p90=0.1018, p95=0.1504, p99=0.2534, max=0.6189 | histogram: bins[39402, 4715, 3132, 2153, 1363, 896, 606, 404, 235, 130, 75, 51, 39, 19, 14, 8, 8, 2, 1, 1]
[LN752    ] [chunk_18_phase_4_ensemble.py] [info]    hyperparameter_optimization improved: 0.1818 > 0.0000
[LN753    ] [chunk_18_phase_4_ensemble.py] [info] [section 3] [TRANSFORMER] [HYPERPARAMETER_OPTIMIZATION] LABEL_THRESHOLD=20.0,
[LN754    ] [chunk_18_phase_4_ensemble.py] [info] [section 3] [TRANSFORMER] [HYPERPARAMETER_OPTIMIZATION] VALIDATION_PRECISION=0.1818 VALIDATION_TRUE_POSITIVES=2 VALIDATION_TRUE_NEGATIVES=52909 validation_false_positives=9 validation_false_negatives=334 validation_max_prediction=0.6189 validation_mean_prediction=0.0320 validation_recall=0.0060 validation_f1=0.0115 validation_auc=0.9052 validation_specificity=0.9998 validation_false_positive_rate=0.0002 validation_f2=0.0074 validation_mcc=0.0319 validation_prauc=0.0703 validation_balanced_accuracy=0.5029 validation_brier=0.0083 validation_kappa=0.0111 validation_informedness=0.0058 validation_markedness=0.1816 validation_gini=0.8103 validation_optimal_threshold=0.0562 validation_standard_deviation_prediction=0.0549 validation_percentage_above_threshold=0.02
[LN755    ] [chunk_18_phase_4_ensemble.py] [info] [section 3] [TRANSFORMER] [HYPERPARAMETER_OPTIMIZATION] prediction_binary_split=0.50 hyperparams=(loss=focal_loss lr=0.0001 dropout=0.05 alpha=1.25 gamma=2.0 latent_dim=0) improved=True {'loss_function': 'focal_loss', 'dim': 128, 'heads': 4, 'dropout': 0.05, 'learning_rate': 0.0001, 'epochs': 30, 'alpha': 1.25, 'gamma': 2.0, 'ff_dim': 128, 'layers': 1}
[LN756    ] [chunk_18_phase_4_ensemble.py] [info]    Running post hyperparameter_optimization threshold search for Transformer...
[LN757    ] [chunk_12_evaluation_evaluator.py] [info] [TRANSFORMER] LABEL_THRESHOLD=20.0 | Train: below prediction_binary_split=118,621,above prediction_binary_split=689 [ok] | Validation: below prediction_binary_split=52,918,above prediction_binary_split=336 [ok]
[LN758    ] [chunk_12_evaluation_evaluator.py] [info] [TRANSFORMER] [reject] skipping LABEL_THRESHOLD=20.0: pos_pred_ratio=0.02% outside [0%, 60%]
[LN759    ] [chunk_12_evaluation_evaluator.py] [info] [TRANSFORMER] LABEL_THRESHOLD=10.0 | Train: below prediction_binary_split=116,756,above prediction_binary_split=2,554 [ok] | Validation: below prediction_binary_split=52,057,above prediction_binary_split=1,197 [ok]
[LN760    ] [chunk_12_evaluation_evaluator.py] [info] [TRANSFORMER] [reject] skipping LABEL_THRESHOLD=10.0: pos_pred_ratio=0.03% outside [0%, 60%]
[LN761    ] [chunk_12_evaluation_evaluator.py] [info] [TRANSFORMER] LABEL_THRESHOLD=0.0 | Train: below prediction_binary_split=59,589,above prediction_binary_split=59,721 [ok] | Validation: below prediction_binary_split=24,480,above prediction_binary_split=28,774 [ok]
[LN762    ] [chunk_12_evaluation_evaluator.py] [info] [reject] Skipping threshold 0.0: only 4 positive VALIDATION predictions (min=5)
[LN763    ] [chunk_18_phase_4_ensemble.py] [info]    hyperparameter_optimization model threshold search: LABEL_THRESHOLD=20.0, VALIDATION_PRECISION=0.1818
[LN764    ] [chunk_18_phase_4_ensemble.py] [info]    post hyperparameter_optimization threshold search: LABEL_THRESHOLD=20.0, VALIDATION_PRECISION=0.0000
[LN765    ] [chunk_18_phase_4_ensemble.py] [info]    post hyperparameter_optimization no improvement: keeping LABEL_THRESHOLD=20.0
[LN766    ] [chunk_18_phase_4_ensemble.py] [info] [section 4] [TRANSFORMER] [post hyperparameter_optimization] [diagnostic]  percentiles: p1=0.0015, p5=0.0021, p10=0.0025, p25=0.0034, p50=0.0060, p75=0.0342, p90=0.1018, p95=0.1504, p99=0.2534, max=0.6189 | histogram: bins[39402, 4715, 3132, 2153, 1363, 896, 606, 404, 235, 130, 75, 51, 39, 19, 14, 8, 8, 2, 1, 1]
[LN767    ] [chunk_18_phase_4_ensemble.py] [info] [section 4] [TRANSFORMER] [post hyperparameter_optimization] LABEL_THRESHOLD=20.0,
[LN768    ] [chunk_18_phase_4_ensemble.py] [info] [section 4] [TRANSFORMER] [post hyperparameter_optimization] VALIDATION_PRECISION=0.1818 VALIDATION_TRUE_POSITIVES=2 VALIDATION_TRUE_NEGATIVES=52909 validation_false_positives=9 validation_false_negatives=334 validation_max_prediction=0.6189 validation_mean_prediction=0.0320 validation_recall=0.0060 validation_f1=0.0115 validation_auc=0.9052 validation_specificity=0.9998 validation_false_positive_rate=0.0002 validation_f2=0.0074 validation_mcc=0.0319 validation_prauc=0.0703 validation_balanced_accuracy=0.5029 validation_brier=0.0083 validation_kappa=0.0111 validation_informedness=0.0058 validation_markedness=0.1816 validation_gini=0.8103 validation_optimal_threshold=0.0562 validation_standard_deviation_prediction=0.0549 validation_percentage_above_threshold=0.02
[LN769    ] [chunk_18_phase_4_ensemble.py] [info] [section 4] [TRANSFORMER] [post hyperparameter_optimization] prediction_binary_split=0.50 hyperparams=(loss=focal_loss lr=0.0001 dropout=0.05 alpha=1.25 gamma=2.0 latent_dim=64) source=section3
[LN770    ] [chunk_18_phase_4_ensemble.py] [info]    Using Hyperparameter_Optimized model directly (no change to Label_Threshold)
[LN771    ] [chunk_18_phase_4_ensemble.py] [info]    Train predictions: mean=0.0321, std=0.0526, min=0.0002, max=0.6414
[LN772    ] [chunk_18_phase_4_ensemble.py] [info]    validation predictions:   mean=0.0320, std=0.0549, min=0.0007, max=0.6189
[LN773    ] [chunk_18_phase_4_ensemble.py] [info] [section 5] [TRANSFORMER] [final] [diagnostic] Train  percentiles: p1=0.0009, p5=0.0015, p10=0.0020, p25=0.0039, p50=0.0101, p75=0.0348, p90=0.0940, p95=0.1403, p99=0.2498, max=0.6414 | histogram: bins[87919, 13148, 6682, 4405, 2671, 1623, 1071, 707, 409, 241, 152, 91, 63, 35, 35, 18, 16, 6, 12, 6]
[LN774    ] [chunk_18_phase_4_ensemble.py] [info] [section 5] [TRANSFORMER] [final] [diagnostic] validation    percentiles: p1=0.0015, p5=0.0021, p10=0.0025, p25=0.0034, p50=0.0060, p75=0.0342, p90=0.1018, p95=0.1504, p99=0.2534, max=0.6189 | histogram: bins[39402, 4715, 3132, 2153, 1363, 896, 606, 404, 235, 130, 75, 51, 39, 19, 14, 8, 8, 2, 1, 1]
[LN775    ] [chunk_18_phase_4_ensemble.py] [info]    Train predictions: 0.04% positive predictions (48 / 119,310)
[LN776    ] [chunk_18_phase_4_ensemble.py] [info]    validation predictions:   0.02% positive predictions (11 / 53,254)
[LN777    ] [chunk_18_phase_4_ensemble.py] [info]    [info] Section 4 all rejected - using Section 3 results for Section 5
[LN778    ] [chunk_18_phase_4_ensemble.py] [info]    [diagnostic] prediction_buckets: 0-10:4203, 10-20:1021, 20-30:193, 30-40:46, 40-50:10, 50-60:1, 60-70:0, 70-80:0, 80-90:0, 90-100:0
[LN779    ] [chunk_18_phase_4_ensemble.py] [info] [section 5] [TRANSFORMER] [final] LABEL_THRESHOLD=20.0,
[LN780    ] [chunk_18_phase_4_ensemble.py] [info] [section 5] [TRANSFORMER] [final] train_precision=0.2917 train_true_positives=14 train_true_negatives=118587 train_false_positives=34 train_false_negatives=675 train_max_prediction=0.6414 train_mean_prediction=0.0321 train_recall=0.0203 train_f1=0.0380 train_auc=0.8951 train_specificity=0.9997 train_false_positive_rate=0.0003 train_f2=0.0250 train_mcc=0.0757 train_prauc=0.0683 train_balanced_accuracy=0.5100 train_standard_deviation_prediction=0.0526 train_percentage_above_threshold=0.04 train_brier=0.0078 train_kappa=0.0373 train_informedness=0.0200 train_markedness=0.2914 train_gini=0.7903 train_optimal_threshold=0.0476
[LN781    ] [chunk_18_phase_4_ensemble.py] [info] [section 5] [TRANSFORMER] [final] VALIDATION_PRECISION=0.1818 VALIDATION_TRUE_POSITIVES=2 VALIDATION_TRUE_NEGATIVES=52909 validation_false_positives=9 validation_false_negatives=334 validation_max_prediction=0.6189 validation_mean_prediction=0.0320 validation_recall=0.0060 validation_f1=0.0115 validation_auc=0.9052 validation_specificity=0.9998 validation_false_positive_rate=0.0002 validation_f2=0.0074 validation_mcc=0.0319 validation_prauc=0.0703 validation_balanced_accuracy=0.5029 validation_brier=0.0083 validation_kappa=0.0111 validation_informedness=0.0058 validation_markedness=0.1816 validation_gini=0.8103 validation_optimal_threshold=0.0562 validation_standard_deviation_prediction=0.0549 validation_percentage_above_threshold=0.02
[LN782    ] [chunk_18_phase_4_ensemble.py] [info] [section 5] [TRANSFORMER] [final] prediction_binary_split=0.50 hyperparams=(loss=focal_loss lr=0.0001 dropout=0.05 alpha=1.25 gamma=2.0 latent_dim=64) (using HPO model directly)
[LN783    ] [chunk_18_phase_4_ensemble.py] [info]    [Transformer] loss: focal_loss | pred_threshold: 0.5 | epochs: 30
[LN784    ] [chunk_18_phase_4_ensemble.py] [info]    [Transformer] hyperparameter_optimization: dim=128, heads=4, dropout=0.05, learning_rate=0.0001, alpha=1.25, gamma=2.0, layers=1
[LN785    ] [chunk_18_phase_4_ensemble.py] [info]    Transformer training time: 785.0s
[LN786    ] [chunk_18_phase_4_ensemble.py] [info] [pass] Transformer trained successfully
[LN787    ] [chunk_18_phase_4_ensemble.py] [info] Running Feature Stability Analysis...
[LN788    ] [chunk_18_phase_4_ensemble.py] [info]    Feature Stability (top 5):
[LN789    ] [chunk_18_phase_4_ensemble.py] [info]       Change: stability=0.029, importance=0.038
[LN790    ] [chunk_18_phase_4_ensemble.py] [info]       Volume: stability=0.008, importance=0.038
[LN791    ] [chunk_18_phase_4_ensemble.py] [info]       Price_to_52W_High: stability=0.007, importance=0.038
[LN792    ] [chunk_18_phase_4_ensemble.py] [info]       Price: stability=0.007, importance=0.038
[LN793    ] [chunk_18_phase_4_ensemble.py] [info]       Prev_Close: stability=0.007, importance=0.038
[LN794    ] [chunk_18_phase_4_ensemble.py] [info] Measuring Inference Latency...
[LN795    ] [chunk_18_phase_4_ensemble.py] [info]    Inference latency: 0.002 ms/sample (10000 samples)
[LN796    ] [chunk_18_phase_4_ensemble.py] [info] Running Sliding Window Validation...
[LN797    ] [chunk_18_phase_4_ensemble.py] [info]    sliding window: train_samples=125233, validation_samples=59175
[LN798    ] [chunk_18_phase_4_ensemble.py] [info]    Sliding Window validation: validation_precision=0.0067 validation_recall=0.6005 validation_f1=0.0132
[LN799    ] [chunk_18_phase_4_ensemble.py] [info]    temporal drift: Significant precision drift: -34.9% change
[LN800    ] [chunk_18_phase_4_ensemble.py] [info]    drift: stability_score=0.819
[LN801    ] [chunk_18_phase_4_ensemble.py] [info] Running Permutation Importance on all trained models...
[LN802    ] [chunk_18_phase_4_ensemble.py] [info]    CatBoost Permutation Importance (top 10):
[LN803    ] [chunk_18_phase_4_ensemble.py] [info]       Prev_Close: 0.0014
[LN804    ] [chunk_18_phase_4_ensemble.py] [info]       Avg_Volume: 0.0013
[LN805    ] [chunk_18_phase_4_ensemble.py] [info]       ATR: 0.0013
[LN806    ] [chunk_18_phase_4_ensemble.py] [info]       RSI_14: 0.0011
[LN807    ] [chunk_18_phase_4_ensemble.py] [info]       SMA20: 0.0011
[LN808    ] [chunk_18_phase_4_ensemble.py] [info]       Perf_Week: 0.0008
[LN809    ] [chunk_18_phase_4_ensemble.py] [info]       52W_Low: 0.0008
[LN810    ] [chunk_18_phase_4_ensemble.py] [info]       Perf_Quarter: 0.0007
[LN811    ] [chunk_18_phase_4_ensemble.py] [info]       Market_Cap: 0.0006
[LN812    ] [chunk_18_phase_4_ensemble.py] [info]       SMA50: 0.0005
[LN813    ] [chunk_18_phase_4_ensemble.py] [info]    CatBoost [advanced] entropy=35275.7679, LogitComp=2.07, MI=0.0002
[LN814    ] [chunk_18_phase_4_ensemble.py] [info]    CatBoost [advanced] KS-stat=0.1428 (moderate_separation), bhattacharyya=-3.4038
[LN815    ] [chunk_18_phase_4_ensemble.py] [info]    LightGBM Permutation Importance (top 10):
[LN816    ] [chunk_18_phase_4_ensemble.py] [info]       Prev_Close: 0.0017
[LN817    ] [chunk_18_phase_4_ensemble.py] [info]       Avg_Volume: 0.0012
[LN818    ] [chunk_18_phase_4_ensemble.py] [info]       RSI_14: 0.0007
[LN819    ] [chunk_18_phase_4_ensemble.py] [info]       SMA20: 0.0007
[LN820    ] [chunk_18_phase_4_ensemble.py] [info]       SMA50: 0.0007
[LN821    ] [chunk_18_phase_4_ensemble.py] [info]       Market_Cap: 0.0006
[LN822    ] [chunk_18_phase_4_ensemble.py] [info]       Perf_Month: 0.0006
[LN823    ] [chunk_18_phase_4_ensemble.py] [info]       ATR: 0.0005
[LN824    ] [chunk_18_phase_4_ensemble.py] [info]       Perf_Week: 0.0004
[LN825    ] [chunk_18_phase_4_ensemble.py] [info]       Perf_Quarter: 0.0004
[LN826    ] [chunk_18_phase_4_ensemble.py] [info]    LightGBM [advanced] entropy=33315.8690, LogitComp=2.21, MI=0.0002
[LN827    ] [chunk_18_phase_4_ensemble.py] [info]    LightGBM [advanced] KS-stat=0.1234 (moderate_separation), bhattacharyya=-3.1940
[LN828    ] [chunk_18_phase_4_ensemble.py] [info]    XGBoost Permutation Importance (top 10):
[LN829    ] [chunk_18_phase_4_ensemble.py] [info]       SMA200: 0.0093
[LN830    ] [chunk_18_phase_4_ensemble.py] [info]       52W_High: 0.0078
[LN831    ] [chunk_18_phase_4_ensemble.py] [info]       Perf_Year: 0.0068
[LN832    ] [chunk_18_phase_4_ensemble.py] [info]       Volume: 0.0067
[LN833    ] [chunk_18_phase_4_ensemble.py] [info]       52W_Low: 0.0066
[LN834    ] [chunk_18_phase_4_ensemble.py] [info]       Perf_Half_Y: 0.0060
[LN835    ] [chunk_18_phase_4_ensemble.py] [info]       Avg_Volume: 0.0056
[LN836    ] [chunk_18_phase_4_ensemble.py] [info]       RSI_14: 0.0047
[LN837    ] [chunk_18_phase_4_ensemble.py] [info]       Perf_Quarter: 0.0047
[LN838    ] [chunk_18_phase_4_ensemble.py] [info]       Ticker_id: 0.0045
[LN839    ] [chunk_18_phase_4_ensemble.py] [info]    XGBoost [advanced] entropy=7812.9922, LogitComp=2.93, MI=0.0010
[LN840    ] [chunk_18_phase_4_ensemble.py] [info]    XGBoost [advanced] KS-stat=0.4968 (good_separation), bhattacharyya=-2.8861
[LN841    ] [chunk_18_phase_4_ensemble.py] [info]    Dense Permutation Importance (top 10):
[LN842    ] [chunk_18_phase_4_ensemble.py] [info]       SMA50: 0.0418
[LN843    ] [chunk_18_phase_4_ensemble.py] [info]       Perf_Half_Y: 0.0331
[LN844    ] [chunk_18_phase_4_ensemble.py] [info]       RSI_14: 0.0301
[LN845    ] [chunk_18_phase_4_ensemble.py] [info]       Avg_Volume: 0.0241
[LN846    ] [chunk_18_phase_4_ensemble.py] [info]       Volume: 0.0234
[LN847    ] [chunk_18_phase_4_ensemble.py] [info]       Perf_Quarter: 0.0153
[LN848    ] [chunk_18_phase_4_ensemble.py] [info]       Perf_Year: 0.0140
[LN849    ] [chunk_18_phase_4_ensemble.py] [info]       ATR: 0.0065
[LN850    ] [chunk_18_phase_4_ensemble.py] [info]       SMA20: 0.0054
[LN851    ] [chunk_18_phase_4_ensemble.py] [info]       SMA200: 0.0048
[LN852    ] [chunk_18_phase_4_ensemble.py] [info]    Dense [advanced] entropy=nan, LogitComp=4.82, MI=0.0006
[LN853    ] [chunk_18_phase_4_ensemble.py] [info]    Dense [advanced] KS-stat=0.6679 (excellent_separation), bhattacharyya=-2.8912
[LN854    ] [chunk_18_phase_4_ensemble.py] [info]    CNN Permutation Importance (top 10):
[LN855    ] [chunk_18_phase_4_ensemble.py] [info]       Prev_Close: 0.0011
[LN856    ] [chunk_18_phase_4_ensemble.py] [info]       Perf_Quarter: 0.0009
[LN857    ] [chunk_18_phase_4_ensemble.py] [info]       RSI_14: 0.0006
[LN858    ] [chunk_18_phase_4_ensemble.py] [info]       Perf_Month: 0.0004
[LN859    ] [chunk_18_phase_4_ensemble.py] [info]       Perf_YTD: 0.0004
[LN860    ] [chunk_18_phase_4_ensemble.py] [info]       SMA20: 0.0001
[LN861    ] [chunk_18_phase_4_ensemble.py] [info]       ATR: 0.0001
[LN862    ] [chunk_18_phase_4_ensemble.py] [info]       52W_Low: 0.0001
[LN863    ] [chunk_18_phase_4_ensemble.py] [info]       Perf_Week: 0.0001
[LN864    ] [chunk_18_phase_4_ensemble.py] [info]       52W_High: -0.0001
[LN865    ] [chunk_18_phase_4_ensemble.py] [info]    CNN [advanced] entropy=36554.7109, LogitComp=1.97, MI=0.0000
[LN866    ] [chunk_18_phase_4_ensemble.py] [info]    CNN [advanced] KS-stat=0.0656 (poor_separation), bhattacharyya=-3.7995
[LN867    ] [chunk_18_phase_4_ensemble.py] [info]    RNN Permutation Importance (top 10):
[LN868    ] [chunk_18_phase_4_ensemble.py] [info]       52W_Low: 0.0040
[LN869    ] [chunk_18_phase_4_ensemble.py] [info]       Price: 0.0017
[LN870    ] [chunk_18_phase_4_ensemble.py] [info]       ATR: 0.0008
[LN871    ] [chunk_18_phase_4_ensemble.py] [info]       Volume: 0.0007
[LN872    ] [chunk_18_phase_4_ensemble.py] [info]       SMA20: 0.0005
[LN873    ] [chunk_18_phase_4_ensemble.py] [info]       Perf_Week: 0.0005
[LN874    ] [chunk_18_phase_4_ensemble.py] [info]       Perf_Half_Y: 0.0002
[LN875    ] [chunk_18_phase_4_ensemble.py] [info]       52W_High: 0.0002
[LN876    ] [chunk_18_phase_4_ensemble.py] [info]       RSI_14: 0.0000
[LN877    ] [chunk_18_phase_4_ensemble.py] [info]       Perf_YTD: -0.0001
[LN878    ] [chunk_18_phase_4_ensemble.py] [info]    RNN [advanced] entropy=16400.1055, LogitComp=1.71, MI=0.0043
[LN879    ] [chunk_18_phase_4_ensemble.py] [info]    RNN [advanced] KS-stat=0.5956 (excellent_separation), bhattacharyya=-2.8099
[LN880    ] [chunk_18_phase_4_ensemble.py] [info]    LSTM Permutation Importance (top 10):
[LN881    ] [chunk_18_phase_4_ensemble.py] [info]       RSI_14: 0.0064
[LN882    ] [chunk_18_phase_4_ensemble.py] [info]       Perf_Month: 0.0012
[LN883    ] [chunk_18_phase_4_ensemble.py] [info]       Perf_Half_Y: 0.0012
[LN884    ] [chunk_18_phase_4_ensemble.py] [info]       52W_Low: 0.0011
[LN885    ] [chunk_18_phase_4_ensemble.py] [info]       SMA20: 0.0011
[LN886    ] [chunk_18_phase_4_ensemble.py] [info]       Market_Cap: 0.0010
[LN887    ] [chunk_18_phase_4_ensemble.py] [info]       Perf_Quarter: 0.0009
[LN888    ] [chunk_18_phase_4_ensemble.py] [info]       Avg_Volume: 0.0008
[LN889    ] [chunk_18_phase_4_ensemble.py] [info]       SMA50: 0.0007
[LN890    ] [chunk_18_phase_4_ensemble.py] [info]       Volume: 0.0007
[LN891    ] [chunk_18_phase_4_ensemble.py] [info]    LSTM [advanced] entropy=28345.9648, LogitComp=2.81, MI=0.0031
[LN892    ] [chunk_18_phase_4_ensemble.py] [info]    LSTM [advanced] KS-stat=0.4451 (good_separation), bhattacharyya=-3.1714
[LN893    ] [chunk_18_phase_4_ensemble.py] [info]    VAE Permutation Importance (top 10):
[LN894    ] [chunk_18_phase_4_ensemble.py] [info]       Prev_Close: 0.0004
[LN895    ] [chunk_18_phase_4_ensemble.py] [info]       SMA20: 0.0004
[LN896    ] [chunk_18_phase_4_ensemble.py] [info]       Perf_Quarter: 0.0004
[LN897    ] [chunk_18_phase_4_ensemble.py] [info]       Volume: 0.0004
[LN898    ] [chunk_18_phase_4_ensemble.py] [info]       Avg_Volume: 0.0004
[LN899    ] [chunk_18_phase_4_ensemble.py] [info]       Perf_Week: 0.0003
[LN900    ] [chunk_18_phase_4_ensemble.py] [info]       SMA50: 0.0003
[LN901    ] [chunk_18_phase_4_ensemble.py] [info]       Price: 0.0003
[LN902    ] [chunk_18_phase_4_ensemble.py] [info]       52W_Low: 0.0003
[LN903    ] [chunk_18_phase_4_ensemble.py] [info]       Market_Cap: 0.0002
[LN904    ] [chunk_18_phase_4_ensemble.py] [info]    VAE [advanced] entropy=36873.6992, LogitComp=1.23, MI=0.0000
[LN905    ] [chunk_18_phase_4_ensemble.py] [info]    VAE [advanced] KS-stat=0.0535 (poor_separation), bhattacharyya=-5.1669
[LN906    ] [chunk_18_phase_4_ensemble.py] [info]    Transformer Permutation Importance (top 10):
[LN907    ] [chunk_18_phase_4_ensemble.py] [info]       Volume: 0.1235
[LN908    ] [chunk_18_phase_4_ensemble.py] [info]       ATR: 0.1031
[LN909    ] [chunk_18_phase_4_ensemble.py] [info]       Price: 0.1025
[LN910    ] [chunk_18_phase_4_ensemble.py] [info]       Avg_Volume: 0.0818
[LN911    ] [chunk_18_phase_4_ensemble.py] [info]       SMA50: 0.0699
[LN912    ] [chunk_18_phase_4_ensemble.py] [info]       RSI_14: 0.0699
[LN913    ] [chunk_18_phase_4_ensemble.py] [info]       SMA20: 0.0616
[LN914    ] [chunk_18_phase_4_ensemble.py] [info]       Market_Cap: 0.0424
[LN915    ] [chunk_18_phase_4_ensemble.py] [info]       Perf_Week: 0.0232
[LN916    ] [chunk_18_phase_4_ensemble.py] [info]       SMA200: 0.0216
[LN917    ] [chunk_18_phase_4_ensemble.py] [info]    Transformer [advanced] entropy=5848.9316, LogitComp=3.69, MI=0.0001
[LN918    ] [chunk_18_phase_4_ensemble.py] [info]    Transformer [advanced] KS-stat=0.6543 (excellent_separation), bhattacharyya=-3.4566
[LN919    ] [chunk_18_phase_4_ensemble.py] [info] Filtering architectures by minimum validation_precision > 0.53:
[LN920    ] [chunk_18_phase_4_ensemble.py] [info]   CatBoost: validation_precision=0.5231 FAIL (Minimum Validation_Precision Required=0.53)
[LN921    ] [chunk_18_phase_4_ensemble.py] [info]   LightGBM: validation_precision=0.5271 FAIL (Minimum Validation_Precision Required=0.53)
[LN922    ] [chunk_18_phase_4_ensemble.py] [info]   XGBoost: validation_precision=0.0822 FAIL (Minimum Validation_Precision Required=0.53)
[LN923    ] [chunk_18_phase_4_ensemble.py] [info]   Dense: validation_precision=0.1049 FAIL (Minimum Validation_Precision Required=0.53)
[LN924    ] [chunk_18_phase_4_ensemble.py] [info]   CNN: validation_precision=0.5357 PASS (Minimum Validation_Precision Required=0.53)
[LN925    ] [chunk_18_phase_4_ensemble.py] [info]   RNN: validation_precision=0.0593 FAIL (Minimum Validation_Precision Required=0.53)
[LN926    ] [chunk_18_phase_4_ensemble.py] [info]   LSTM: validation_precision=0.0228 FAIL (Minimum Validation_Precision Required=0.53)
[LN927    ] [chunk_18_phase_4_ensemble.py] [info]   VAE: validation_precision=0.5392 PASS (Minimum Validation_Precision Required=0.53)
[LN928    ] [chunk_18_phase_4_ensemble.py] [info]   Transformer: validation_precision=0.1818 FAIL (Minimum Validation_Precision Required=0.53)
[LN929    ] [chunk_18_phase_4_ensemble.py] [info] ensemble: 2 architectures (CNN, VAE)
[LN930    ] [chunk_18_phase_4_ensemble.py] [info]    [diagnostic-ensemble]  percentiles: p1=0.4368, p5=0.4570, p10=0.4679, p25=0.4854, p50=0.5018, p75=0.5168, p90=0.5324, p95=0.5444, p99=0.5806, max=0.7635 | histogram: bins[4, 6, 22, 65, 304, 1891, 6534, 15095, 18906, 7597, 1834, 557, 162, 79, 35, 29, 4, 0, 65, 65]
[LN931    ] [chunk_18_phase_4_ensemble.py] [info] Ensemble precision (validation): 0.5359 (LABEL_THRESHOLD=0.0, prediction_binary_split=0.50)
[LN932    ] [chunk_18_phase_4_ensemble.py] [info] ARCHITECTURE RANKING (by validation_precision)
[LN933    ] [chunk_18_phase_4_ensemble.py] [info] Rank | Arch    | Thresh | validation_precision | validation_recall | validation_auc | validation_false_negatives | validation_true_negatives | validation_true_positives | validation_false_positives
[LN934    ] [chunk_18_phase_4_ensemble.py] [info]    1 | VAE     |    0.0 | validation_precision=  0.5392 | validation_recall=  0.5480 | validation_auc=  0.4983 | validation_false_negatives=13006 | validation_true_negatives= 11002 | validation_true_positives=15768 | validation_false_positives=13478
[LN935    ] [chunk_18_phase_4_ensemble.py] [info]    2 | CNN     |    0.0 | validation_precision=  0.5357 | validation_recall=  0.5219 | validation_auc=  0.4958 | validation_false_negatives=13757 | validation_true_negatives= 11465 | validation_true_positives=15017 | validation_false_positives=13015
[LN936    ] [chunk_18_phase_4_ensemble.py] [info]    3 | LightGBM |    0.0 | validation_precision=  0.5271 | validation_recall=  0.3460 | validation_auc=  0.4813 | validation_false_negatives=18819 | validation_true_negatives= 15548 | validation_true_positives=9955 | validation_false_positives=8932
[LN937    ] [chunk_18_phase_4_ensemble.py] [info]    4 | CatBoost |    0.0 | validation_precision=  0.5231 | validation_recall=  0.3653 | validation_auc=  0.4812 | validation_false_negatives=18262 | validation_true_negatives= 14895 | validation_true_positives=10512 | validation_false_positives=9585
[LN938    ] [chunk_18_phase_4_ensemble.py] [info]    5 | Transformer |   20.0 | validation_precision=  0.1818 | validation_recall=  0.0060 | validation_auc=  0.9052 | validation_false_negatives=  334 | validation_true_negatives= 52909 | validation_true_positives=   2 | validation_false_positives=   9
[LN939    ] [chunk_18_phase_4_ensemble.py] [info]    6 | Dense   |   20.0 | validation_precision=  0.1049 | validation_recall=  0.0506 | validation_auc=  0.8969 | validation_false_negatives=  319 | validation_true_negatives= 52773 | validation_true_positives=  17 | validation_false_positives= 145
[LN940    ] [chunk_18_phase_4_ensemble.py] [info]    7 | XGBoost |   10.0 | validation_precision=  0.0822 | validation_recall=  0.1462 | validation_auc=  0.7804 | validation_false_negatives= 1022 | validation_true_negatives= 50104 | validation_true_positives= 175 | validation_false_positives=1953
[LN941    ] [chunk_18_phase_4_ensemble.py] [info]    8 | RNN     |   10.0 | validation_precision=  0.0593 | validation_recall=  0.7318 | validation_auc=  0.7962 | validation_false_negatives=  321 | validation_true_negatives= 38156 | validation_true_positives= 876 | validation_false_positives=13901
[LN942    ] [chunk_18_phase_4_ensemble.py] [info]    9 | LSTM    |   20.0 | validation_precision=  0.0228 | validation_recall=  0.6012 | validation_auc=  0.7878 | validation_false_negatives=  134 | validation_true_negatives= 44278 | validation_true_positives= 202 | validation_false_positives=8640
[LN943    ] [chunk_18_phase_4_ensemble.py] [info] hyperparameter_optimization IMPACT SUMMARY
[LN944    ] [chunk_18_phase_4_ensemble.py] [info] Architecture | Pre_hyperparameter_optimization_validation_precision | Post_hyperparameter_optimization_validation_precision | Improved?
[LN945    ] [chunk_18_phase_4_ensemble.py] [info] CatBoost     | Pre_hyperparameter_optimization_validation_precision=    0.5217 | Post_hyperparameter_optimization_validation_precision=    0.5231 | Improved?=Yes      
[LN946    ] [chunk_18_phase_4_ensemble.py] [info] LightGBM     | Pre_hyperparameter_optimization_validation_precision=    0.5271 | Post_hyperparameter_optimization_validation_precision=    0.5242 | Improved?=No       
[LN947    ] [chunk_18_phase_4_ensemble.py] [info] XGBoost      | Pre_hyperparameter_optimization_validation_precision=    0.0822 | Post_hyperparameter_optimization_validation_precision=    0.0664 | Improved?=No       
[LN948    ] [chunk_18_phase_4_ensemble.py] [info] Dense        | Pre_hyperparameter_optimization_validation_precision=    0.0000 | Post_hyperparameter_optimization_validation_precision=    0.1049 | Improved?=Yes      
[LN949    ] [chunk_18_phase_4_ensemble.py] [info] CNN          | Pre_hyperparameter_optimization_validation_precision=    0.5277 | Post_hyperparameter_optimization_validation_precision=    0.5357 | Improved?=Yes      
[LN950    ] [chunk_18_phase_4_ensemble.py] [info] RNN          | Pre_hyperparameter_optimization_validation_precision=    0.0000 | Post_hyperparameter_optimization_validation_precision=    0.0224 | Improved?=Yes      
[LN951    ] [chunk_18_phase_4_ensemble.py] [info] LSTM         | Pre_hyperparameter_optimization_validation_precision=    0.0000 | Post_hyperparameter_optimization_validation_precision=    0.0228 | Improved?=Yes      
[LN952    ] [chunk_18_phase_4_ensemble.py] [info] VAE          | Pre_hyperparameter_optimization_validation_precision=    0.5392 | Post_hyperparameter_optimization_validation_precision=    0.5347 | Improved?=No       
[LN953    ] [chunk_18_phase_4_ensemble.py] [info] Transformer  | Pre_hyperparameter_optimization_validation_precision=    0.0000 | Post_hyperparameter_optimization_validation_precision=    0.1818 | Improved?=Yes      
[LN954    ] [chunk_18_phase_4_ensemble.py] [info] TRAINING TIME SUMMARY
[LN955    ] [chunk_18_phase_4_ensemble.py] [info]    CatBoost: 69.9s
[LN956    ] [chunk_18_phase_4_ensemble.py] [info]    LightGBM: 65.1s
[LN957    ] [chunk_18_phase_4_ensemble.py] [info]    XGBoost: 43.3s
[LN958    ] [chunk_18_phase_4_ensemble.py] [info]    Dense: 397.2s
[LN959    ] [chunk_18_phase_4_ensemble.py] [info]    CNN: 2415.2s
[LN960    ] [chunk_18_phase_4_ensemble.py] [info]    RNN: 1223.2s
[LN961    ] [chunk_18_phase_4_ensemble.py] [info]    LSTM: 2236.7s
[LN962    ] [chunk_18_phase_4_ensemble.py] [info]    VAE: 535.4s
[LN963    ] [chunk_18_phase_4_ensemble.py] [info]    Transformer: 785.0s
[LN964    ] [chunk_18_phase_4_ensemble.py] [info]    total: 7771.0s
[LN965    ] [chunk_18_phase_4_ensemble.py] [info]    Skipping CatBoost (precision 0.5231 < 0.53)
[LN966    ] [chunk_18_phase_4_ensemble.py] [info]    Skipping LightGBM (precision 0.5271 < 0.53)
[LN967    ] [chunk_18_phase_4_ensemble.py] [info]    Skipping XGBoost (precision 0.0822 < 0.53)
[LN968    ] [chunk_18_phase_4_ensemble.py] [info]    Skipping Dense (precision 0.1049 < 0.53)
[LN969    ] [chunk_18_phase_4_ensemble.py] [info]    Saved CNN model to ./saved_models/CNN_model.keras
[LN970    ] [chunk_18_phase_4_ensemble.py] [info]    Saved CNN scaler to ./saved_models/CNN_scaler.joblib
[LN971    ] [chunk_18_phase_4_ensemble.py] [info]    Skipping RNN (precision 0.0593 < 0.53)
[LN972    ] [chunk_18_phase_4_ensemble.py] [info]    Skipping LSTM (precision 0.0228 < 0.53)
[LN973    ] [chunk_18_phase_4_ensemble.py] [info]    Saved VAE model to ./saved_models/VAE_model.keras
[LN974    ] [chunk_18_phase_4_ensemble.py] [info]    Saved VAE scaler to ./saved_models/VAE_scaler.joblib
[LN975    ] [chunk_18_phase_4_ensemble.py] [info]    Skipping Transformer (precision 0.1818 < 0.53)
[LN976    ] [chunk_18_phase_4_ensemble.py] [info]    Saved temporal weights to ./saved_models/temporal_weights.json
[LN977    ] [chunk_18_phase_4_ensemble.py] [info]    Saved feature names to ./saved_models/feature_names.json
[LN978    ] [chunk_18_phase_4_ensemble.py] [info]    Saved split date to ./saved_models/split_date.txt
[LN979    ] [chunk_18_phase_4_ensemble.py] [info]    Saved all training dates to ./saved_models/all_dates.json
[LN980    ] [chunk_18_phase_4_ensemble.py] [info]    Saved CNN metadata to ./saved_models/CNN_metadata.json
[LN981    ] [chunk_18_phase_4_ensemble.py] [info]    Saved VAE metadata to ./saved_models/VAE_metadata.json
[LN982    ] [chunk_18_phase_4_ensemble.py] [info]    2 model(s) and parameters saved to ./saved_models
[LN983    ] [chunk_XX_phase_feature_analysis_b.py] [info] Phase Xb: Temporal Precision Gap Analysis - Starting
[LN984    ] [chunk_XX_phase_feature_analysis_b.py] [info] Analyzing temporal precision gap for 9 architectures
[LN985    ] [chunk_XX_phase_feature_analysis_b.py] [info] Label threshold: 20.0, Prediction threshold: 0.5
[LN986    ] [chunk_XX_phase_feature_analysis_b.py] [info] Date split: 9 unique dates
[LN987    ] [chunk_XX_phase_feature_analysis_b.py] [info] Recent dates (>=20251017): 17,747 samples, 91 signal cases
[LN988    ] [chunk_XX_phase_feature_analysis_b.py] [info] Older dates (<=20251013): 17,755 samples, 139 signal cases
[LN989    ] [chunk_XX_phase_feature_analysis_b.py] [info] Phase Xb: Temporal Precision Gap Analysis Report - FULL METRICS
[LN990    ] [chunk_XX_phase_feature_analysis_b.py] [info] Architecture validation_recent_precision validation_recent_recall validation_recent_auc validation_recent_f1 validation_older_precision validation_older_recall validation_older_auc validation_older_f1    Gap
[LN991    ] [chunk_XX_phase_feature_analysis_b.py] [info] Transformer  validation_recent_precision=  0.3333 validation_recent_recall=  0.0110 validation_recent_auc=    0.9262 validation_recent_f1=  0.0213 validation_older_precision=  0.0000 validation_older_recall=  0.0000 validation_older_auc=    0.8997 validation_older_f1=  0.0000 Gap= +0.33
[LN992    ] [chunk_XX_phase_feature_analysis_b.py] [info] Dense        validation_recent_precision=  0.1957 validation_recent_recall=  0.0989 validation_recent_auc=    0.9271 validation_recent_f1=  0.1314 validation_older_precision=  0.0492 validation_older_recall=  0.0216 validation_older_auc=    0.8841 validation_older_f1=  0.0300 Gap= +0.15
[LN993    ] [chunk_XX_phase_feature_analysis_b.py] [info] LSTM         validation_recent_precision=  0.0236 validation_recent_recall=  0.7473 validation_recent_auc=    0.8607 validation_recent_f1=  0.0457 validation_older_precision=  0.0259 validation_older_recall=  0.5468 validation_older_auc=    0.7529 validation_older_f1=  0.0494 Gap= -0.00
[LN994    ] [chunk_XX_phase_feature_analysis_b.py] [info] VAE          validation_recent_precision=  0.0058 validation_recent_recall=  0.6154 validation_recent_auc=    0.5583 validation_recent_f1=  0.0114 validation_older_precision=  0.0087 validation_older_recall=  0.6115 validation_older_auc=    0.5308 validation_older_f1=  0.0172 Gap= -0.00
[LN995    ] [chunk_XX_phase_feature_analysis_b.py] [info] CNN          validation_recent_precision=  0.0040 validation_recent_recall=  0.3407 validation_recent_auc=    0.4284 validation_recent_f1=  0.0079 validation_older_precision=  0.0076 validation_older_recall=  0.5755 validation_older_auc=    0.4794 validation_older_f1=  0.0151 Gap= -0.00
[LN996    ] [chunk_XX_phase_feature_analysis_b.py] [info] CatBoost     validation_recent_precision=  0.0052 validation_recent_recall=  0.2857 validation_recent_auc=    0.4885 validation_recent_f1=  0.0103 validation_older_precision=  0.0107 validation_older_recall=  0.6259 validation_older_auc=    0.6198 validation_older_f1=  0.0210 Gap= -0.01
[LN997    ] [chunk_XX_phase_feature_analysis_b.py] [info] LightGBM     validation_recent_precision=  0.0044 validation_recent_recall=  0.2198 validation_recent_auc=    0.4880 validation_recent_f1=  0.0086 validation_older_precision=  0.0111 validation_older_recall=  0.6187 validation_older_auc=    0.6095 validation_older_f1=  0.0217 Gap= -0.01
[LN998    ] [chunk_XX_phase_feature_analysis_b.py] [info] RNN          validation_recent_precision=  0.0153 validation_recent_recall=  0.8022 validation_recent_auc=    0.8335 validation_recent_f1=  0.0300 validation_older_precision=  0.0230 validation_older_recall=  0.8345 validation_older_auc=    0.8438 validation_older_f1=  0.0447 Gap= -0.01
[LN999    ] [chunk_XX_phase_feature_analysis_b.py] [info] XGBoost      validation_recent_precision=  0.0208 validation_recent_recall=  0.1319 validation_recent_auc=    0.7639 validation_recent_f1=  0.0359 validation_older_precision=  0.0379 validation_older_recall=  0.2302 validation_older_auc=    0.8103 validation_older_f1=  0.0651 Gap= -0.02
[LN1000   ] [chunk_XX_phase_feature_analysis_b.py] [info] BEST for recent signals: Transformer (Gap: +0.3333)
[LN1001   ] [chunk_XX_phase_feature_analysis_b.py] [info] WORST for recent signals: XGBoost (Gap: -0.0172)
[LN1002   ] [chunk_XX_phase_feature_analysis_b.py] [info] 2/9 architectures show positive temporal precision gap
[LN1003   ] [chunk_XX_phase_feature_analysis_b.py] [info] Phase Xb: Temporal Precision Gap Analysis - COMPLETE
[LN1004   ] [chunk_20_pipeline_main.py] [info] [skip] Phase Xb: Temporal Precision Gap validation skipped (no validator)
[LN1005   ] [chunk_19_phase_5_optimization.py] [info] Loading saved models from ./saved_models...
[LN1006   ] [chunk_22_model_loader.py] [info] Loaded CNN model
[LN1007   ] [chunk_22_model_loader.py] [info] Loaded CNN metadata: label_threshold=0.0
[LN1008   ] [chunk_22_model_loader.py] [info] Loaded VAE model
[LN1009   ] [chunk_22_model_loader.py] [info] Loaded VAE metadata: label_threshold=0.0
[LN1010   ] [chunk_19_phase_5_optimization.py] [info] Loaded architectures: ['CNN', 'VAE']
[LN1011   ] [chunk_19_phase_5_optimization.py] [info] Receiving inference data from context (NO CSV loading)...
[LN1012   ] [chunk_19_phase_5_optimization.py] [info]   Inference samples: 5,923
[LN1013   ] [chunk_19_phase_5_optimization.py] [info]   Inference date(s): [20251023]
[LN1014   ] [chunk_19_phase_5_optimization.py] [info]   Feature count: 24
[LN1015   ] [chunk_19_phase_5_optimization.py] [info]   Features will be selected per-architecture from 24 total
[LN1016   ] [chunk_19_phase_5_optimization.py] [info]   Label threshold: 20.0
[LN1017   ] [chunk_19_phase_5_optimization.py] [info]   Inference data: RAW (no temporal weighting applied)
[LN1018   ] [chunk_19_phase_5_optimization.py] [info]   X shape (RAW, no weighting): (5923, 24)
[LN1019   ] [chunk_19_phase_5_optimization.py] [info]   y shape: (5923,)
[LN1020   ] [chunk_19_phase_5_optimization.py] [info]   Temporal weights applied: min=1.00, max=1.00
[LN1021   ] [chunk_19_phase_5_optimization.py] [info] 
[LN1022   ] [chunk_19_phase_5_optimization.py] [info] Per-Architecture Results on Newest Data
[LN1023   ] [chunk_19_phase_5_optimization.py] [info]   CNN: using 19 features (optimal threshold's pruning)
[LN1024   ] [chunk_19_phase_5_optimization.py] [info] CNN (LABEL_THRESHOLD=0.0, prediction_binary_split=0.50, hyperparams={'loss_function': 'binary_crossentropy', 'filters': 128, 'kernel_size': 5, 'dropout': 0.0, 'learning_rate': 0.0005, 'epochs': 80, 'alpha': 1.0, 'gamma': 3.0, 'layers': 1, 'pooling': 'none'}, VALIDATION_PRECISION=0.5357):
[LN1025   ] [chunk_19_phase_5_optimization.py] [info]    predictions: mean=0.4545, std=0.1461, min=0.0453, max=0.9628
[LN1026   ] [chunk_19_phase_5_optimization.py] [info]    INFERENCE predictions: 41.57% positive predictions (2,462 / 5,923)
[LN1027   ] [chunk_19_phase_5_optimization.py] [info]   CNN t=0.0: inference_precision=0.6962 inference_recall=0.4476 inference_auc=0.5533 inference_f1=0.5449 inference_false_negatives=2115 inference_true_negatives=1346 inference_true_positives=1714 inference_false_positives=748
[LN1028   ] [chunk_19_phase_5_optimization.py] [info]   CNN - Inference: inference_precision=0.6962 inference_true_positives=1714 inference_true_negatives=1346 inference_false_positives=748 inference_false_negatives=2115 inference_max_prediction=0.9628 inference_mean_prediction=0.4545 inference_recall=0.4476 inference_f1=0.5449 inference_auc=0.5533 inference_specificity=0.6428 inference_false_positive_rate=0.3572 inference_f2=0.4821 inference_mcc=0.0877 inference_prauc=0.6970 inference_balanced_accuracy=0.5452 inference_standard_deviation_prediction=0.1461 inference_percentage_above_threshold=41.57 inference_brier=0.2748 inference_kappa=0.0788 inference_informedness=0.0904 inference_markedness=0.3390 inference_gini=0.1067 inference_optimal_threshold=0.4964
[LN1029   ] [chunk_19_phase_5_optimization.py] [info] 
[LN1030   ] [chunk_19_phase_5_optimization.py] [info] CNN MODEL PREDICTED SIGNAL (2462 rows)
[LN1031   ] [chunk_19_phase_5_optimization.py] [info] architecture: CNN | inference_precision: 0.6962 | prediction_binary_split: 0.5 | predicted: 2462
[LN1032   ] [chunk_19_phase_5_optimization.py] [info] Row,Market_Cap,52W_Low,Prev_Close,Price,Volume,52W_High,Ticker_id,Perf_YTD,Perf_Year,SMA200,Perf_Half_Y,Avg_Volume,Perf_Quarter,SMA50,Perf_Month,SMA20,ATR,RSI_14,Perf_Week,Rel_Volume,Change,Price_to_52W_High,Volume_to_Avg_Volume,Price_to_52W_Low
[LN1033   ] [chunk_19_phase_5_optimization.py] [info]   VAE: using 19 features (optimal threshold's pruning)
[LN1034   ] [chunk_19_phase_5_optimization.py] [info] VAE (LABEL_THRESHOLD=0.0, prediction_binary_split=0.50, hyperparams={'loss_function': 'binary_crossentropy', 'latent_dim': 128, 'learning_rate': 0.002, 'dropout': 0.05, 'epochs': 50, 'alpha': 1.25, 'gamma': 3.0, 'encoder_layers': 1, 'decoder_layers': 1}, VALIDATION_PRECISION=0.5392):
[LN1035   ] [chunk_19_phase_5_optimization.py] [info]    predictions: mean=0.5021, std=0.0191, min=0.4135, max=0.6010
[LN1036   ] [chunk_19_phase_5_optimization.py] [info]    INFERENCE predictions: 54.21% positive predictions (3,211 / 5,923)
[LN1037   ] [chunk_19_phase_5_optimization.py] [info]   VAE t=0.0: inference_precision=0.6459 inference_recall=0.5417 inference_auc=0.4951 inference_f1=0.5892 inference_false_negatives=1755 inference_true_negatives=957 inference_true_positives=2074 inference_false_positives=1137
[LN1038   ] [chunk_19_phase_5_optimization.py] [info]   VAE - Inference: inference_precision=0.6459 inference_true_positives=2074 inference_true_negatives=957 inference_false_positives=1137 inference_false_negatives=1755 inference_max_prediction=0.6010 inference_mean_prediction=0.5021 inference_recall=0.5417 inference_f1=0.5892 inference_auc=0.4951 inference_specificity=0.4570 inference_false_positive_rate=0.5430 inference_f2=0.5597 inference_mcc=-0.0013 inference_prauc=0.6456 inference_balanced_accuracy=0.4993 inference_standard_deviation_prediction=0.0191 inference_percentage_above_threshold=54.21 inference_brier=0.2497 inference_kappa=-0.0012 inference_informedness=-0.0013 inference_markedness=0.1029 inference_gini=0.0000 inference_optimal_threshold=0.4645
[LN1039   ] [chunk_19_phase_5_optimization.py] [info] 
[LN1040   ] [chunk_19_phase_5_optimization.py] [info] VAE MODEL PREDICTED SIGNAL (3211 rows)
[LN1041   ] [chunk_19_phase_5_optimization.py] [info] architecture: VAE | inference_precision: 0.6459 | prediction_binary_split: 0.5 | predicted: 3211
[LN1042   ] [chunk_19_phase_5_optimization.py] [info] Row,Market_Cap,52W_Low,Prev_Close,Price,Volume,52W_High,Ticker_id,Perf_YTD,Perf_Year,SMA200,Perf_Half_Y,Avg_Volume,Perf_Quarter,SMA50,Perf_Month,SMA20,ATR,RSI_14,Perf_Week,Rel_Volume,Change,Price_to_52W_High,Volume_to_Avg_Volume,Price_to_52W_Low
[LN1043   ] [chunk_19_phase_5_optimization.py] [info] Majority label threshold: 0.0 (2 archs)
[LN1044   ] [chunk_19_phase_5_optimization.py] [info] 
[LN1045   ] [chunk_19_phase_5_optimization.py] [info] FINAL PREDICTION RESULTS (sorted by inference_precision)
[LN1046   ] [chunk_19_phase_5_optimization.py] [info] Rank | Architecture | Label_Threshold | Prediction_Binary_Split | inference_precision | inference_recall | inference_auc | inference_f1 | inference_false_negatives | inference_true_negatives | inference_true_positives | inference_false_positives
[LN1047   ] [chunk_19_phase_5_optimization.py] [info]    1 | CNN      |             0.0 |                   0.50 |              0.6962 |           0.4476 |        0.5533 |       0.5449 |                      2115 |                     1346 |                     1714 |                       748
[LN1048   ] [chunk_19_phase_5_optimization.py] [info]    2 | VAE      |             0.0 |                   0.50 |              0.6459 |           0.5417 |        0.4951 |       0.5892 |                      1755 |                      957 |                     2074 |                      1137
[LN1049   ] [chunk_19_phase_5_optimization.py] [info] Best architecture: CNN (inference_precision: 0.6962)
[LN1050   ] [chunk_19_phase_5_optimization.py] [info] phase 5 total time: 1.6s
[LN1051   ] [chunk_19_phase_5_optimization.py] [info] data points evaluated: 5923 (date=20251023)
[LN1052   ] [chunk_20_pipeline_main.py] [info] [time] Total execution time: 10348.45s
[LN1053   ] [chunk_20_pipeline_main.py] [info] Phase timings:
[LN1054   ] [chunk_20_pipeline_main.py] [info]    Pipeline Setup: 11.51s
[LN1055   ] [chunk_20_pipeline_main.py] [info]    Temporal Weighting: 0.09s
[LN1056   ] [chunk_20_pipeline_main.py] [info]    Phase Xa: Raw Feature Importance: 860.52s
[LN1057   ] [chunk_20_pipeline_main.py] [info]    Neural Ensemble: 9471.13s
[LN1058   ] [chunk_20_pipeline_main.py] [info]    Phase Xb: Temporal Precision Gap: 0.07s
[LN1059   ] [chunk_20_pipeline_main.py] [info]    Prediction Optimization: 2.08s
[LN1060   ] [chunk_20_pipeline_main.py] [info] [stat] Final Results:
[LN1061   ] [chunk_20_pipeline_main.py] [info]    inference_precision: 0.6465
[LN1062   ] [chunk_20_pipeline_main.py] [info]    inference_recall: 1.0000
[LN1063   ] [chunk_20_pipeline_main.py] [info]    inference_f1: 0.7853
[LN1064   ] [chunk_20_pipeline_main.py] [info]    inference_auc: 0.5000
[LN1065   ] [chunk_20_pipeline_main.py] [info] METRICS REVIEW REPORT
[LN1066   ] [chunk_20_pipeline_main.py] [info] [architecture performance] (sorted by validation_precision)
[LN1067   ] [chunk_20_pipeline_main.py] [info] 1. VAE             validation_precision=0.5392 validation_recall=0.5480 validation_auc=0.4983 validation_true_positives=15768 validation_false_positives=13478 PASS (Minimum Validation_Precision Required=0.53)
[LN1068   ] [chunk_20_pipeline_main.py] [info] 2. CNN             validation_precision=0.5357 validation_recall=0.5219 validation_auc=0.4958 validation_true_positives=15017 validation_false_positives=13015 PASS (Minimum Validation_Precision Required=0.53)
[LN1069   ] [chunk_20_pipeline_main.py] [info] 3. LightGBM        validation_precision=0.5271 validation_recall=0.3460 validation_auc=0.4813 validation_true_positives= 9955 validation_false_positives= 8932 FAIL (Minimum Validation_Precision Required=0.53)
[LN1070   ] [chunk_20_pipeline_main.py] [info] 4. CatBoost        validation_precision=0.5231 validation_recall=0.3653 validation_auc=0.4812 validation_true_positives=10512 validation_false_positives= 9585 FAIL (Minimum Validation_Precision Required=0.53)
[LN1071   ] [chunk_20_pipeline_main.py] [info] 5. Transformer     validation_precision=0.1818 validation_recall=0.0060 validation_auc=0.9052 validation_true_positives=    2 validation_false_positives=    9 FAIL (Minimum Validation_Precision Required=0.53)
[LN1072   ] [chunk_20_pipeline_main.py] [info] 6. Dense           validation_precision=0.1049 validation_recall=0.0506 validation_auc=0.8969 validation_true_positives=   17 validation_false_positives=  145 FAIL (Minimum Validation_Precision Required=0.53)
[LN1073   ] [chunk_20_pipeline_main.py] [info] 7. XGBoost         validation_precision=0.0822 validation_recall=0.1462 validation_auc=0.7804 validation_true_positives=  175 validation_false_positives= 1953 FAIL (Minimum Validation_Precision Required=0.53)
[LN1074   ] [chunk_20_pipeline_main.py] [info] 8. RNN             validation_precision=0.0593 validation_recall=0.7318 validation_auc=0.7962 validation_true_positives=  876 validation_false_positives=13901 FAIL (Minimum Validation_Precision Required=0.53)
[LN1075   ] [chunk_20_pipeline_main.py] [info] 9. LSTM            validation_precision=0.0228 validation_recall=0.6012 validation_auc=0.7878 validation_true_positives=  202 validation_false_positives= 8640 FAIL (Minimum Validation_Precision Required=0.53)
[LN1076   ] [chunk_20_pipeline_main.py] [info] [issues identified]
[LN1077   ] [chunk_20_pipeline_main.py] [info] - LightGBM: VALIDATION_PRECISION=0.5271 below threshold 0.53
[LN1078   ] [chunk_20_pipeline_main.py] [info] - CatBoost: VALIDATION_PRECISION=0.5231 below threshold 0.53
[LN1079   ] [chunk_20_pipeline_main.py] [info] - Transformer: VALIDATION_PRECISION=0.1818 below threshold 0.53
[LN1080   ] [chunk_20_pipeline_main.py] [info] - Dense: VALIDATION_PRECISION=0.1049 below threshold 0.53
[LN1081   ] [chunk_20_pipeline_main.py] [info] - XGBoost: VALIDATION_PRECISION=0.0822 below threshold 0.53
[LN1082   ] [chunk_20_pipeline_main.py] [info] - RNN: VALIDATION_PRECISION=0.0593 below threshold 0.53
[LN1083   ] [chunk_20_pipeline_main.py] [info] - LSTM: VALIDATION_PRECISION=0.0228 below threshold 0.53
[LN1084   ] [chunk_20_pipeline_main.py] [info] [standardized metrics table]
[LN1085   ] [chunk_20_pipeline_main.py] [info] Architecture,Phase,Loss,Epochs,Precision,Recall,AUC,F1,TP,FP,TN,FN,MaxPred,MeanPred,StdPred,PctAboveThresh,BestEpoch,TrainingTime,LabelThresh,ThresholdSource,HPO_Trials,HPO_Improvement,KeyHyperparams,TrainLoss,ValLoss,LossDelta,MCC,PRAUC,Specificity,BalancedAccuracy,PredictionThreshold
[LN1086   ] [chunk_20_pipeline_main.py] [info] VAE,Train,binary_crossentropy,3,0.5018,0.5488,0.5015,0.5243,32775,32535,27054,26946,0.5947,0.5021,0.0189,N/A,0,0.0,0.0,section3,20,0.0000,dropout=0.05,learning_rate=0.002,latent_dim=128,0.0000,0.0000,0.0000,0.0028,0.5028,0.4540,0.5014,0.5
[LN1087   ] [chunk_20_pipeline_main.py] [info] VAE,Validation,binary_crossentropy,3,0.5392,0.5480,0.4983,0.5435,15768,13478,11002,13006,0.5947,0.5020,0.0190,N/A,0,0.0,0.0,section3,20,0.0000,dropout=0.05,learning_rate=0.002,latent_dim=128,0.0000,0.0000,0.0000,0.0018,0.5436,0.4565,0.5009,0.5
[LN1088   ] [chunk_20_pipeline_main.py] [info] VAE,Inference,binary_crossentropy,N/A,0.6459,0.5417,0.4951,0.5892,2074,1137,957,1755,0.6010,0.5021,0.0191,54.21,N/A,N/A,0.0,N/A,N/A,N/A,N/A,0.4570,0.5430,0.5597,-0.0013,0.6456,0.4993,0.50
[LN1089   ] [chunk_20_pipeline_main.py] [info] Dense,Train,binary_crossentropy,15,0.1390,0.0377,0.8839,0.0594,26,161,118460,663,1.0000,0.0295,0.0483,N/A,0,0.0,20.0,section3,20,0.0000,units=1024,layers=2,dropout=0.3,learning_rate=0.0003,0.0000,0.0000,0.0000,0.0697,0.0546,0.9986,0.5182,0.5
[LN1090   ] [chunk_20_pipeline_main.py] [info] Dense,Validation,binary_crossentropy,15,0.1049,0.0506,0.8969,0.0683,17,145,52773,319,1.0000,0.0302,0.0658,N/A,0,0.0,20.0,section3,20,0.0000,units=1024,layers=2,dropout=0.3,learning_rate=0.0003,0.0000,0.0000,0.0000,0.0688,0.0551,0.9973,0.5239,0.5
[LN1091   ] [chunk_20_pipeline_main.py] [info] Dense,Inference,N/A,N/A,N/A,N/A,N/A,N/A,N/A,N/A,N/A,N/A,N/A,N/A,N/A,N/A,N/A,N/A,N/A,N/A,N/A,N/A,N/A,N/A,N/A,N/A,N/A,N/A,N/A,N/A,N/A,N/A,N/A,N/A
[LN1092   ] [chunk_20_pipeline_main.py] [info] CNN,Train,binary_crossentropy,80,0.5566,0.6323,0.5932,0.5921,37763,30082,29507,21958,0.9868,0.5006,0.0860,N/A,0,0.0,0.0,section3,20,0.0000,filters=128,layers=1,dropout=0.0,learning_rate=0.0005,0.0000,0.0000,0.0000,0.1287,0.5907,0.4952,0.5637,0.5
[LN1093   ] [chunk_20_pipeline_main.py] [info] CNN,Validation,binary_crossentropy,80,0.5357,0.5219,0.4958,0.5287,15017,13015,11465,13757,0.9868,0.5017,0.0562,N/A,0,0.0,0.0,section3,20,0.0000,filters=128,layers=1,dropout=0.0,learning_rate=0.0005,0.0000,0.0000,0.0000,-0.0097,0.5575,0.4683,0.4951,0.5
[LN1094   ] [chunk_20_pipeline_main.py] [info] CNN,Inference,binary_crossentropy,N/A,0.6962,0.4476,0.5533,0.5449,1714,748,1346,2115,0.9628,0.4545,0.1461,41.57,N/A,N/A,0.0,N/A,N/A,N/A,N/A,0.6428,0.3572,0.4821,0.0877,0.6970,0.5452,0.50
[LN1095   ] [chunk_20_pipeline_main.py] [info] RNN,Train,binary_crossentropy,20,0.0579,0.7780,0.8178,0.1078,1987,32328,84428,567,0.9657,0.3113,0.2750,N/A,0,0.0,10.0,section4,20,0.0000,units=64,layers=1,dropout=0.1,learning_rate=0.002,0.0000,0.0000,0.0000,0.1602,0.0741,0.7231,0.7506,0.5
[LN1096   ] [chunk_20_pipeline_main.py] [info] RNN,Validation,binary_crossentropy,20,0.0593,0.7318,0.7962,0.1097,876,13901,38156,321,0.9657,0.2587,0.3109,N/A,0,0.0,10.0,section4,20,0.0000,units=64,layers=1,dropout=0.1,learning_rate=0.002,0.0000,0.0000,0.0000,0.1539,0.0673,0.7330,0.7324,0.5
[LN1097   ] [chunk_20_pipeline_main.py] [info] RNN,Inference,N/A,N/A,N/A,N/A,N/A,N/A,N/A,N/A,N/A,N/A,N/A,N/A,N/A,N/A,N/A,N/A,N/A,N/A,N/A,N/A,N/A,N/A,N/A,N/A,N/A,N/A,N/A,N/A,N/A,N/A,N/A,N/A
[LN1098   ] [chunk_20_pipeline_main.py] [info] LSTM,Train,binary_crossentropy,30,0.0212,0.2743,0.7244,0.0393,189,8732,109889,500,0.8590,0.2533,0.1436,N/A,0,0.0,20.0,section3,20,0.0000,lstm_units=64,layers=2,dropout=0.0,learning_rate=0.001,0.0000,0.0000,0.0000,0.0578,0.0220,0.9264,0.6003,0.5
[LN1099   ] [chunk_20_pipeline_main.py] [info] LSTM,Validation,binary_crossentropy,30,0.0228,0.6012,0.7878,0.0440,202,8640,44278,134,0.8590,0.3059,0.1916,N/A,0,0.0,20.0,section3,20,0.0000,lstm_units=64,layers=2,dropout=0.0,learning_rate=0.001,0.0000,0.0000,0.0000,0.0932,0.0389,0.8367,0.7190,0.5
[LN1100   ] [chunk_20_pipeline_main.py] [info] LSTM,Inference,N/A,N/A,N/A,N/A,N/A,N/A,N/A,N/A,N/A,N/A,N/A,N/A,N/A,N/A,N/A,N/A,N/A,N/A,N/A,N/A,N/A,N/A,N/A,N/A,N/A,N/A,N/A,N/A,N/A,N/A,N/A,N/A
[LN1101   ] [chunk_20_pipeline_main.py] [info] Transformer,Train,binary_crossentropy,30,0.2917,0.0203,0.8951,0.0380,14,34,118587,675,0.6189,0.0321,0.0526,N/A,0,0.0,20.0,section3,20,0.0000,layers=1,dim=128,heads=4,dropout=0.05,learning_rate=0.0001,0.0000,0.0000,0.0000,0.0757,0.0683,0.9997,0.5100,0.5
[LN1102   ] [chunk_20_pipeline_main.py] [info] Transformer,Validation,binary_crossentropy,30,0.1818,0.0060,0.9052,0.0115,2,9,52909,334,0.6189,0.0320,0.0549,N/A,0,0.0,20.0,section3,20,0.0000,layers=1,dim=128,heads=4,dropout=0.05,learning_rate=0.0001,0.0000,0.0000,0.0000,0.0319,0.0703,0.9998,0.5029,0.5
[LN1103   ] [chunk_20_pipeline_main.py] [info] Transformer,Inference,N/A,N/A,N/A,N/A,N/A,N/A,N/A,N/A,N/A,N/A,N/A,N/A,N/A,N/A,N/A,N/A,N/A,N/A,N/A,N/A,N/A,N/A,N/A,N/A,N/A,N/A,N/A,N/A,N/A,N/A,N/A,N/A
[LN1104   ] [chunk_20_pipeline_main.py] [info] [info] CSV saved to metrics_summary.csv
[LN1105   ] [chunk_20_pipeline_main.py] [info] [recommended actions]
[LN1106   ] [chunk_20_pipeline_main.py] [info] 2. For LightGBM, CatBoost, Transformer, Dense, XGBoost, RNN, LSTM: Tune alpha/gamma in FocalLoss or lower prediction threshold
[LN1107   ] [chunk_20_pipeline_main.py] [info] 3. Use VAE as primary (validation_precision=0.5392)
[LN1108   ] [chunk_20_pipeline_main.py] [info] [parameter tuning priority]
[LN1109   ] [chunk_20_pipeline_main.py] [info] Priority 1: Loss Function (BCE vs FocalLoss) - highest impact
[LN1110   ] [chunk_20_pipeline_main.py] [info] Priority 2: FocalLoss Gamma - controls selectivity
[LN1111   ] [chunk_20_pipeline_main.py] [info] Priority 3: Learning Rate - convergence quality
[LN1112   ] [chunk_20_pipeline_main.py] [info] Priority 4: Dropout - capacity vs regularization
[LN1113   ] [chunk_20_pipeline_main.py] [info] [auto-apply] Analyzing config changes...
[LN1114   ] [chunk_20_pipeline_main.py] [info] [backup] Config saved to config_backup_20260609_224123.json
[LN1115   ] [chunk_20_pipeline_main.py] [info] [skip] VAE: validation_precision=0.5392 >= 0.53 (working)
[LN1116   ] [chunk_20_pipeline_main.py] [info] [skip] CNN: validation_precision=0.5357 >= 0.53 (working)
[LN1117   ] [chunk_20_pipeline_main.py] [info] [auto] LightGBM: Expanded alpha range to [0.5, 0.75]
[LN1118   ] [chunk_20_pipeline_main.py] [info] [auto] CatBoost: Expanded alpha range to [0.5, 0.75]
[LN1119   ] [chunk_20_pipeline_main.py] [info] [auto] Transformer: Expanded alpha range to [0.25, 0.5, 0.75, 1.0, 1.25, 1.5]
[LN1120   ] [chunk_20_pipeline_main.py] [info] [auto] Transformer: Expanded gamma range to [1.0, 1.5, 2.0, 2.5, 3.0]
[LN1121   ] [chunk_20_pipeline_main.py] [info] [auto] Dense: Expanded gamma range to [1.5, 2.0, 2.5, 3.0, 4.0]
[LN1122   ] [chunk_20_pipeline_main.py] [info] [auto] XGBoost: Expanded alpha range to [0.5, 0.75]
[LN1123   ] [chunk_20_pipeline_main.py] [info] [auto] RNN: Expanded alpha range to [0.25, 0.5, 0.75, 1.0, 1.25, 1.5]
[LN1124   ] [chunk_20_pipeline_main.py] [info] [auto] RNN: Expanded gamma range to [1.5, 2.0, 2.5, 3.0, 3.5]
[LN1125   ] [chunk_20_pipeline_main.py] [info] [auto] LSTM: Expanded alpha range to [0.25, 0.5, 0.75, 1.0, 1.25]
[LN1126   ] [chunk_20_pipeline_main.py] [info] [auto] LSTM: Expanded gamma range to [1.5, 2.0, 2.5, 3.0]
[LN1127   ] [chunk_20_pipeline_main.py] [info] [success] Applied 10 config changes:
[LN1128   ] [chunk_20_pipeline_main.py] [info]    - LightGBM: Expanded alpha to [0.5, 0.75]
[LN1129   ] [chunk_20_pipeline_main.py] [info]    - CatBoost: Expanded alpha to [0.5, 0.75]
[LN1130   ] [chunk_20_pipeline_main.py] [info]    - Transformer: Expanded alpha to [0.25, 0.5, 0.75, 1.0, 1.25, 1.5]
[LN1131   ] [chunk_20_pipeline_main.py] [info]    - Transformer: Expanded gamma to [1.0, 1.5, 2.0, 2.5, 3.0]
[LN1132   ] [chunk_20_pipeline_main.py] [info]    - Dense: Expanded gamma to [1.5, 2.0, 2.5, 3.0, 4.0]
[LN1133   ] [chunk_20_pipeline_main.py] [info]    - XGBoost: Expanded alpha to [0.5, 0.75]
[LN1134   ] [chunk_20_pipeline_main.py] [info]    - RNN: Expanded alpha to [0.25, 0.5, 0.75, 1.0, 1.25, 1.5]
[LN1135   ] [chunk_20_pipeline_main.py] [info]    - RNN: Expanded gamma to [1.5, 2.0, 2.5, 3.0, 3.5]
[LN1136   ] [chunk_20_pipeline_main.py] [info]    - LSTM: Expanded alpha to [0.25, 0.5, 0.75, 1.0, 1.25]
[LN1137   ] [chunk_20_pipeline_main.py] [info]    - LSTM: Expanded gamma to [1.5, 2.0, 2.5, 3.0]
[LN1138   ] [chunk_20_pipeline_main.py] [info] [note] Please manually update chunk_01_config.py with:
[LN1139   ] [chunk_20_pipeline_main.py] [info]    HPO space has been adjusted based on results
[LN1140   ] [chunk_20_pipeline_main.py] [info]    Review the changes above and re-run pipeline
[LN1141   ] [chunk_20_pipeline_main.py] [info] [ADDITIONAL AUTO-TUNE RULES] (printed only)
[LN1142   ] [chunk_20_pipeline_main.py] [info] [rule1] Increase patience for VAE (only 3 epochs)
[LN1143   ] [chunk_20_pipeline_main.py] [info] [rule4] Flag VAE for feature engineering review (validation_AUC=0.4983 barely above random 0.50)
[LN1144   ] [chunk_20_pipeline_main.py] [info] [rule4] Flag CNN for feature engineering review (validation_AUC=0.4958 barely above random 0.50)
[LN1145   ] [chunk_20_pipeline_main.py] [info] [rule1] Increase patience for LightGBM (only 3 epochs)
[LN1146   ] [chunk_20_pipeline_main.py] [info] [rule2] Expand dropout range for LightGBM (train_precision=0.7821 >> validation_precision=0.5271, gap=0.2550)
[LN1147   ] [chunk_20_pipeline_main.py] [info] [rule4] Flag LightGBM for feature engineering review (validation_AUC=0.4813 barely above random 0.50)
[LN1148   ] [chunk_20_pipeline_main.py] [info] [rule1] Increase patience for CatBoost (only 3 epochs)
[LN1149   ] [chunk_20_pipeline_main.py] [info] [rule2] Expand dropout range for CatBoost (train_precision=0.6296 >> validation_precision=0.5231, gap=0.1066)
[LN1150   ] [chunk_20_pipeline_main.py] [info] [rule4] Flag CatBoost for feature engineering review (validation_AUC=0.4812 barely above random 0.50)
[LN1151   ] [chunk_20_pipeline_main.py] [info] [rule2] Expand dropout range for Transformer (train_precision=0.2917 >> validation_precision=0.1818, gap=0.1098)
[LN1152   ] [chunk_20_pipeline_main.py] [info] [rule3] Expand label_threshold search for Transformer (validation_recall=0.0060 too low, need >=0.05)
[LN1153   ] [chunk_20_pipeline_main.py] [info] [rule5] Increase predictions for Transformer (only 11 positive predictions)
[LN1154   ] [chunk_20_pipeline_main.py] [info] [rule1] Increase patience for XGBoost (only 3 epochs)
[LN1155   ] [chunk_20_pipeline_main.py] [info] [rule2] Expand dropout range for XGBoost (train_precision=0.3199 >> validation_precision=0.0822, gap=0.2377)
[LN1156   ] [chunk_20_pipeline_main.py] [info] END OF METRICS REVIEW
[LN1157   ] [pipeline] [info] Pipeline execution validated successfully
Stock Analysis Pipeline completed successfully!
