[LN1      ] [pipeline] [info] Running in CPU mode
[LN2      ] [chunk_20_pipeline_main.py] [info] [running] Starting Stock Analysis Pipeline
[LN3      ] [chunk_20_pipeline_main.py] [info]    Data path: for_train_x_2025_10_24_clean.csv
[LN4      ] [chunk_20_pipeline_main.py] [info]    Dataset shape: 6,727,216 rows x 23 columns (937.4 MB)
[LN5      ] [chunk_20_pipeline_main.py] [info] date,Market_Cap,52W_Low,Prev_Close,Price,Volume,52W_High,Perf_YTD,Perf_Year,SMA200,Perf_Half_Y,Avg_Volume,Perf_Quarter,SMA50,Perf_Month,SMA20,ATR,RSI_14,Perf_Week,Rel_Volume,Change,ChangeY,Ticker_id
[LN6      ] [chunk_20_pipeline_main.py] [info] 20251023,4426490000000.0,86.62,180.28,182.16,110565391.0,195.62,35.65,26.76,24.47,71.15,173300000.0,4.99,1.48,2.93,-1.14,5.41,50.43,0.19,0.64,1.04,2.25,3830
[LN7      ] [chunk_20_pipeline_main.py] [info] 20251022,4380800000000.0,86.62,181.16,180.28,161368647.0,195.62,34.25,30.64,23.33,75.52,173780000.0,3.76,0.44,1.04,-2.04,5.58,47.71,0.25,0.93,-0.49,1.04,3830
[LN8      ] [chunk_20_pipeline_main.py] [info] 20220302,595250000000.0,109.4,234.77,242.2,38866671.0,-30.09,-17.65,89.15,4.22,8.2,52980000.0,-25.88,-6.9,-1.09,-1.43,15.31,47.85,8.19,0.73,3.16,-2.09,3830
[LN9      ] [chunk_20_pipeline_main.py] [info] 20220301,576990000000.0,102.97,243.85,234.77,41123365.0,-32.24,-20.18,75.12,1.22,3.48,53130000.0,-29.66,-10.09,2.79,-4.65,15.71,44.33,0.37,0.77,-3.72,3.16,3830
[LN10     ] [chunk_20_pipeline_main.py] [info]    Sampling: size=184408, enabled=True, forced=True
[LN11     ] [chunk_20_pipeline_main.py] [info]    hyperparameter_optimization: trials=5, continue_until_target=False, epochs_per_trial=5, stagnation_threshold=50
[LN12     ] [chunk_20_pipeline_main.py] [info]    Label_Thresholds: 20.0 to 0.0 (3 thresholds)
   [feature] Winsorized 21 features at 3/95 percentiles
   [feature] Log-transformed 4 skewed features
   [feature] Added 3 ratio features
   [feature] Total features: 21 -> 24
[LN13     ] [chunk_16_phase_1_setup.py] [info] Data loaded: 184408 samples, 24 features
[LN14     ] [chunk_02_utils_logging.py] [info] [date] Temporal Coverage:  Date range: 20250910 to 20251023  Unique dates: 32  Total samples: 184408
[LN15     ] [chunk_16_phase_1_setup.py] [info] Target Distribution (ChangeY):
[LN16     ] [chunk_16_phase_1_setup.py] [info]    Min: -99.75 | Max: 32500.00 | Mean: 0.05
[LN17     ] [chunk_16_phase_1_setup.py] [info]    Median: 0.00 | Std: 15.36
[LN18     ] [chunk_16_phase_1_setup.py] [warning] sanity check: Extreme target values detected (max=32500.00)
[LN19     ] [chunk_16_phase_1_setup.py] [info] [class] Class Distribution (LABEL_THRESHOLD=20.0):
[LN20     ] [chunk_16_phase_1_setup.py] [info]   Total samples: 6,727,216
[LN21     ] [chunk_16_phase_1_setup.py] [info]   Signal cases: 25,902 (0.4%)
[LN22     ] [chunk_16_phase_1_setup.py] [info]   Normal cases: 6,701,314 (99.6%)
[LN23     ] [chunk_16_phase_1_setup.py] [info]   Imbalance ratio: 258.7:1
[LN24     ] [chunk_16_phase_1_setup.py] [info] [class] Class Distribution (LABEL_THRESHOLD=10.0):
[LN25     ] [chunk_16_phase_1_setup.py] [info]   Total samples: 6,727,216
[LN26     ] [chunk_16_phase_1_setup.py] [info]   Signal cases: 106,942 (1.6%)
[LN27     ] [chunk_16_phase_1_setup.py] [info]   Normal cases: 6,620,274 (98.4%)
[LN28     ] [chunk_16_phase_1_setup.py] [info]   Imbalance ratio: 61.9:1
[LN29     ] [chunk_16_phase_1_setup.py] [info] [class] Class Distribution (LABEL_THRESHOLD= 0.0):
[LN30     ] [chunk_16_phase_1_setup.py] [info]   Total samples: 6,727,216
[LN31     ] [chunk_16_phase_1_setup.py] [info]   Signal cases: 3,465,261 (51.5%)
[LN32     ] [chunk_16_phase_1_setup.py] [info]   Normal cases: 3,261,955 (48.5%)
[LN33     ] [chunk_16_phase_1_setup.py] [info]   Imbalance ratio: 1.1:1
[LN34     ] [chunk_16_phase_1_setup.py] [info] [class] Class Distribution (LABEL_THRESHOLD=20.0):
[LN35     ] [chunk_16_phase_1_setup.py] [info]   Total samples: 184,408
[LN36     ] [chunk_16_phase_1_setup.py] [info]   Signal cases: 1,078 (0.6%)
[LN37     ] [chunk_16_phase_1_setup.py] [info]   Normal cases: 183,330 (99.4%)
[LN38     ] [chunk_16_phase_1_setup.py] [info]   Imbalance ratio: 170.1:1
[LN39     ] [chunk_16_phase_1_setup.py] [info] [class] Class Distribution (LABEL_THRESHOLD=10.0):
[LN40     ] [chunk_16_phase_1_setup.py] [info]   Total samples: 184,408
[LN41     ] [chunk_16_phase_1_setup.py] [info]   Signal cases: 4,028 (2.2%)
[LN42     ] [chunk_16_phase_1_setup.py] [info]   Normal cases: 180,380 (97.8%)
[LN43     ] [chunk_16_phase_1_setup.py] [info]   Imbalance ratio: 44.8:1
[LN44     ] [chunk_16_phase_1_setup.py] [info] [class] Class Distribution (LABEL_THRESHOLD= 0.0):
[LN45     ] [chunk_16_phase_1_setup.py] [info]   Total samples: 184,408
[LN46     ] [chunk_16_phase_1_setup.py] [info]   Signal cases: 96,187 (52.2%)
[LN47     ] [chunk_16_phase_1_setup.py] [info]   Normal cases: 88,221 (47.8%)
[LN48     ] [chunk_16_phase_1_setup.py] [info]   Imbalance ratio: 1.1:1
[stat] Feature Quality Analysis:
  feature_0: μ=20.279, σ=2.459, skew=-0.074, kurt=-0.767, missing=0.0%
  feature_1: μ=2.381, σ=1.345, skew=0.267, kurt=-0.932, missing=0.0%
  feature_2: μ=36.198, σ=52.532, skew=2.043, kurt=3.225, missing=0.0%
  feature_3: μ=36.231, σ=52.567, skew=2.043, kurt=3.224, missing=0.0%
  feature_4: μ=12.625, σ=2.070, skew=-0.470, kurt=-0.265, missing=0.0%
  feature_5: μ=3.210, σ=1.217, skew=0.281, kurt=-0.791, missing=0.0%
  feature_6: μ=2973.928, σ=1701.673, skew=-0.012, kurt=-1.235, missing=0.0%
  feature_7: μ=3.382, σ=45.603, skew=0.579, kurt=0.533, missing=0.0%
  feature_8: μ=6.268, σ=51.933, skew=0.906, kurt=1.059, missing=0.0%
  feature_9: μ=3.530, σ=29.278, skew=0.047, kurt=0.595, missing=0.0%
  feature_10: μ=19.755, σ=48.260, skew=1.074, kurt=1.169, missing=0.0%
  feature_11: μ=1474638.076, σ=2209747.952, skew=2.109, kurt=3.583, missing=0.0%
  feature_12: μ=7.245, σ=28.259, skew=0.702, kurt=0.710, missing=0.0%
  feature_13: μ=1.935, σ=12.792, skew=0.361, kurt=0.686, missing=0.0%
  feature_14: μ=2.559, σ=14.675, skew=0.772, kurt=0.886, missing=0.0%
  feature_15: μ=0.417, σ=7.226, skew=0.372, kurt=0.636, missing=0.0%
  feature_16: μ=1.129, σ=1.495, skew=1.938, kurt=2.867, missing=0.0%
  feature_17: μ=50.765, σ=11.612, skew=0.039, kurt=-0.662, missing=0.0%
  feature_18: μ=0.092, σ=6.341, skew=0.183, kurt=0.663, missing=0.0%
  feature_19: μ=0.899, σ=0.589, skew=0.993, kurt=0.745, missing=0.0%
  feature_20: μ=0.017, σ=2.895, skew=-0.113, kurt=0.545, missing=0.0%
  feature_21: μ=8.349, σ=9.505, skew=1.770, kurt=2.620, missing=0.0%
  feature_22: μ=0.000, σ=0.000, skew=2.957, kurt=9.096, missing=0.0%
  feature_23: μ=10.578, σ=11.272, skew=3.929, kurt=76.615, missing=0.0%
[LN49     ] [chunk_16_phase_1_setup.py] [info] Data concentration: 184408 samples retained
[LN50     ] [chunk_16_phase_1_setup.py] [info] Data preprocessing complete: 24 features
[LN51     ] [chunk_16_phase_1_setup.py] [info]   Feature names (24): ['Market_Cap', '52W_Low', 'Prev_Close', 'Price', 'Volume', '52W_High', 'Ticker_id', 'Perf_YTD', 'Perf_Year', 'SMA200', 'Perf_Half_Y', 'Avg_Volume', 'Perf_Quarter', 'SMA50', 'Perf_Month', 'SMA20', 'ATR', 'RSI_14', 'Perf_Week', 'Rel_Volume', 'Change', 'Price_to_52W_High', 'Volume_to_Avg_Volume', 'Price_to_52W_Low']
[LN52     ] [chunk_16_phase_1_setup.py] [info] [data split] Summary:
[LN53     ] [chunk_16_phase_1_setup.py] [info]   Total: 184,408 samples, 32 dates
[LN54     ] [chunk_16_phase_1_setup.py] [info]   train: 119,310 samples (64.7%), dates < 20251009
[LN55     ] [chunk_16_phase_1_setup.py] [info]   validation: 53,254 samples (28.9%), dates >= 20251009
[LN56     ] [chunk_16_phase_1_setup.py] [info]   Inference: 11,844 samples (6.4%), date(s) = [20251022 20251023]
[LN57     ] [chunk_17_phase_3_temporal.py] [info] Processing 184408 samples with temporal weighting
[LN58     ] [chunk_17_phase_3_temporal.py] [info] Extracted 9 temporal features
[LN59     ] [chunk_17_phase_3_temporal.py] [info] Temporal weights: min=1.000, max=10.000, mean=5.815
[LN60     ] [chunk_XX_phase_feature_analysis_a.py] [info] Phase Xa: Raw Feature Importance Analysis - Starting with methods: ['correlation', 'tree', 'permutation', 'neural', 'shap', 'ablation']
[LN61     ] [chunk_XX_phase_feature_analysis_a.py] [info] Subsampling 184408 -> 100000 for feature analysis
[LN62     ] [chunk_XX_phase_feature_analysis_a.py] [info] Analyzing 24 raw features on 100000 samples
[LN63     ] [chunk_XX_feature_importance.py] [info] Starting feature importance analysis
[LN64     ] [chunk_XX_feature_importance.py] [info] Features: 24, Samples: 100000, Active methods: ['correlation', 'tree', 'permutation', 'neural', 'shap', 'ablation']
[LN65     ] [chunk_XX_feature_importance.py] [info]   method=1 method_total=6 method_name=Statistical_Correlation label_threshold=20.0 signal_rate=0.006010 kept=19 kept_total=24 duration=3.4 Change=0.038954 SMA20=0.029126 Perf_Half_Y=0.027116 Perf_Week=0.025385 Market_Cap=0.022929 Perf_YTD=0.022379 SMA50=0.021709 Perf_Month=0.020008 SMA200=0.015928 Volume=0.014916 Price_to_52W_High=0.012995 Avg_Volume=0.012845 Volume_to_Avg_Volume=0.012471 Prev_Close=0.011778 Rel_Volume=0.010813 Price=0.010739 Price_to_52W_Low=0.010270 52W_Low=0.008232 52W_High=0.004350
[LN66     ] [chunk_XX_feature_importance.py] [info]   method=2 method_total=6 method_name=Tree_Based_Importance label_threshold=20.0 signal_rate=0.006010 kept=19 kept_total=24 duration=85.2 Volume=0.069200 Perf_Week=0.069109 Price_to_52W_High=0.067917 52W_Low=0.063962 Rel_Volume=0.062610 Change=0.057538 Market_Cap=0.050421 Prev_Close=0.040042 SMA20=0.038632 Perf_Half_Y=0.038086 SMA50=0.037796 Avg_Volume=0.037783 Perf_Month=0.037352 Perf_YTD=0.035543 Price_to_52W_Low=0.033965 Volume_to_Avg_Volume=0.033694 SMA200=0.031042 Price=0.028162 52W_High=0.026604
[LN67     ] [chunk_XX_feature_importance.py] [info]   method=3 method_total=6 method_name=Permutation_Importance label_threshold=20.0 signal_rate=0.006010 kept=19 kept_total=24 baseline_auc=0.5000 duration=58.0 Market_Cap=0.000000 52W_Low=0.000000 Prev_Close=0.000000 Price=0.000000 Volume=0.000000 52W_High=0.000000 Perf_YTD=0.000000 SMA200=0.000000 Perf_Half_Y=0.000000 Avg_Volume=0.000000 SMA50=0.000000 Perf_Month=0.000000 SMA20=0.000000 Perf_Week=0.000000 Rel_Volume=0.000000 Change=0.000000 Price_to_52W_High=0.000000 Volume_to_Avg_Volume=0.000000 Price_to_52W_Low=0.000000
[LN68     ] [chunk_XX_feature_importance.py] [info]   method=4 method_total=6 method_name=Neural_Weight_Analysis label_threshold=20.0 signal_rate=0.006010 kept=19 kept_total=24 duration=5.0 Rel_Volume=0.145775 SMA200=0.145774 SMA50=0.143951 Price_to_52W_High=0.143211 Price_to_52W_Low=0.141962 Market_Cap=0.141257 Prev_Close=0.140990 Change=0.140604 Volume_to_Avg_Volume=0.140044 Avg_Volume=0.137533 52W_Low=0.134178 Price=0.133995 Perf_Month=0.130630 Volume=0.129399 52W_High=0.127316 SMA20=0.126474 Perf_Week=0.120256 Perf_Half_Y=0.116111 Perf_YTD=0.114538
[LN69     ] [chunk_XX_feature_importance.py] [info]   method=5 method_total=6 method_name=SHAP_Values label_threshold=20.0 signal_rate=0.006010 kept=19 kept_total=24 duration=15.1 Avg_Volume=0.000000 SMA200=0.000000 Perf_Month=0.000000 SMA50=0.000000 Perf_YTD=0.000000 Prev_Close=0.000000 Perf_Half_Y=0.000000 Price=0.000000 Perf_Week=0.000000 SMA20=0.000000 Price_to_52W_Low=0.000000 Volume=0.000000 52W_High=0.000000 Price_to_52W_High=0.000000 Rel_Volume=0.000000 Change=0.000000 Market_Cap=0.000000 52W_Low=0.000000 Volume_to_Avg_Volume=0.000000
[LN70     ] [chunk_XX_feature_importance.py] [info]   method=6 method_total=6 method_name=Ablation_Study label_threshold=20.0 signal_rate=0.006010 kept=19 kept_total=24 duration=112.3 52W_Low=0.838457 Price_to_52W_High=0.779454 Prev_Close=0.773614 Price=0.769556 Market_Cap=0.766703 Perf_Week=0.764468 Change=0.760071 Perf_Month=0.751937 SMA50=0.714480 52W_High=0.671874 Price_to_52W_Low=0.661378 SMA20=0.627629 Perf_Half_Y=0.601957 Volume_to_Avg_Volume=0.592919 Perf_YTD=0.568941 Rel_Volume=0.539340 Avg_Volume=0.500000 Volume=0.397476 SMA200=0.368911
[LN71     ] [chunk_XX_feature_importance.py] [info]   consolidated_ranking label_threshold=20.0 signal_rate=0.006010 kept=19 kept_total=24 rank=1 Price_to_52W_High=9.75 rank=2 Prev_Close=10.75 rank=3 Market_Cap=11.92 rank=4 52W_Low=12.42 rank=5 Avg_Volume=13.58 rank=6 Perf_Half_Y=14.08 rank=7 Price=14.58 rank=7 SMA50=14.58 rank=9 Perf_Month=14.75 rank=10 Change=15.58 rank=11 Price_to_52W_Low=15.92 rank=11 Perf_Week=15.92 rank=13 Volume=16.25 rank=14 Rel_Volume=17.08 rank=15 SMA200=17.92 rank=16 SMA20=18.58 rank=17 52W_High=18.92 rank=17 Volume_to_Avg_Volume=18.92 rank=19 Perf_YTD=19.58
[LN72     ] [chunk_XX_feature_importance.py] [info]   consolidated_pruning label_threshold=20.0 signal_rate=0.006010 pruned=5 pruned_total=24 rank=20 Perf_Quarter=20.08 rank=21 RSI_14=20.75 rank=22 Perf_Year=21.25 rank=23 Ticker_id=23.08 rank=24 ATR=23.75
[LN73     ] [chunk_XX_feature_importance.py] [info]   method=1 method_total=6 method_name=Statistical_Correlation label_threshold=10.0 signal_rate=0.021820 kept=19 kept_total=24 duration=2.4 Change=0.038954 SMA20=0.029126 Perf_Half_Y=0.027116 Perf_Week=0.025385 Market_Cap=0.022929 Perf_YTD=0.022379 SMA50=0.021709 Perf_Month=0.020008 SMA200=0.015928 Volume=0.014916 Price_to_52W_High=0.012995 Prev_Close=0.011778 Rel_Volume=0.010813 Price=0.010739 Price_to_52W_Low=0.010270 52W_Low=0.008232 Perf_Quarter=0.006745 ATR=0.004452 52W_High=0.004350
[LN74     ] [chunk_XX_feature_importance.py] [info]   method=2 method_total=6 method_name=Tree_Based_Importance label_threshold=10.0 signal_rate=0.021820 kept=19 kept_total=24 duration=84.3 52W_Low=0.137411 Change=0.079212 Perf_Week=0.061842 Price_to_52W_High=0.059983 SMA20=0.058334 Volume=0.051625 SMA50=0.045949 Perf_Month=0.042470 ATR=0.040051 Rel_Volume=0.038596 Market_Cap=0.036376 Prev_Close=0.033233 Price_to_52W_Low=0.032788 Perf_YTD=0.028447 Perf_Quarter=0.028420 Price=0.028354 Perf_Half_Y=0.027395 52W_High=0.025532 SMA200=0.024399
[LN75     ] [chunk_XX_feature_importance.py] [info]   method=3 method_total=6 method_name=Permutation_Importance label_threshold=10.0 signal_rate=0.021820 kept=19 kept_total=24 baseline_auc=0.4986 duration=60.0 Change=0.000025 SMA200=0.000021 Perf_Week=0.000020 SMA20=0.000020 Perf_Quarter=0.000020 ATR=0.000010 52W_High=0.000010 Price_to_52W_Low=0.000006 Market_Cap=0.000005 Prev_Close=0.000001 SMA50=0.000001 Perf_YTD=0.000000 Volume=0.000000 52W_Low=0.000000 Perf_Month=0.000000 Perf_Half_Y=0.000000 Price=0.000000 Rel_Volume=0.000000 Price_to_52W_High=0.000000
[LN76     ] [chunk_XX_feature_importance.py] [info]   method=4 method_total=6 method_name=Neural_Weight_Analysis label_threshold=10.0 signal_rate=0.021820 kept=19 kept_total=24 duration=5.6 ATR=0.147991 Perf_Month=0.146073 Price_to_52W_High=0.145054 Price=0.144899 Rel_Volume=0.140061 Prev_Close=0.139669 SMA200=0.139045 Perf_YTD=0.137925 SMA20=0.137480 Market_Cap=0.136458 Perf_Week=0.133012 52W_High=0.132821 Perf_Quarter=0.130112 Change=0.127832 Price_to_52W_Low=0.125647 Perf_Half_Y=0.124135 52W_Low=0.121560 SMA50=0.118903 Volume=0.117377
[LN77     ] [chunk_XX_feature_importance.py] [info]   method=5 method_total=6 method_name=SHAP_Values label_threshold=10.0 signal_rate=0.021820 kept=19 kept_total=24 duration=12.9 Market_Cap=0.000000 52W_Low=0.000000 Prev_Close=0.000000 Price=0.000000 Volume=0.000000 52W_High=0.000000 Perf_YTD=0.000000 SMA200=0.000000 Perf_Half_Y=0.000000 Perf_Quarter=0.000000 SMA50=0.000000 Perf_Month=0.000000 SMA20=0.000000 ATR=0.000000 Perf_Week=0.000000 Rel_Volume=0.000000 Change=0.000000 Price_to_52W_High=0.000000 Price_to_52W_Low=0.000000
[LN78     ] [chunk_XX_feature_importance.py] [info]   method=6 method_total=6 method_name=Ablation_Study label_threshold=10.0 signal_rate=0.021820 kept=19 kept_total=24 duration=125.7 52W_Low=0.795997 Change=0.757701 Perf_Week=0.753579 Price_to_52W_High=0.743389 Prev_Close=0.741029 Price=0.738172 SMA20=0.735739 SMA50=0.724608 Perf_Month=0.719571 Market_Cap=0.715739 Perf_YTD=0.713327 Perf_Quarter=0.704228 Perf_Half_Y=0.700436 52W_High=0.668542 SMA200=0.660724 Rel_Volume=0.646398 Price_to_52W_Low=0.646002 ATR=0.583328 Volume=0.415001
[LN79     ] [chunk_XX_feature_importance.py] [info]   consolidated_ranking label_threshold=10.0 signal_rate=0.021820 kept=19 kept_total=24 rank=1 Price_to_52W_High=10.17 rank=3 Market_Cap=12.25 rank=3 Change=12.25 rank=3 Prev_Close=12.25 rank=5 52W_Low=12.67 rank=6 Perf_Week=13.17 rank=7 SMA20=13.67 rank=8 Perf_Month=14.33 rank=9 Price=14.50 rank=10 Perf_Half_Y=16.50 rank=11 52W_High=16.83 rank=12 ATR=17.50 rank=14 SMA50=17.75 rank=14 SMA200=17.75 rank=14 Price_to_52W_Low=17.75 rank=16 Perf_Quarter=17.92 rank=17 Perf_YTD=18.50 rank=17 Rel_Volume=18.50 rank=19 Volume=19.00
[LN80     ] [chunk_XX_feature_importance.py] [info]   consolidated_pruning label_threshold=10.0 signal_rate=0.021820 pruned=5 pruned_total=24 rank=20 Volume_to_Avg_Volume=19.50 rank=21 Perf_Year=19.67 rank=22 RSI_14=20.58 rank=23 Avg_Volume=20.83 rank=24 Ticker_id=26.17
[LN81     ] [chunk_XX_feature_importance.py] [info]   method=1 method_total=6 method_name=Statistical_Correlation label_threshold=0.0 signal_rate=0.520600 kept=19 kept_total=24 duration=2.6 Change=0.038954 SMA20=0.029126 Perf_Half_Y=0.027116 RSI_14=0.024967 Market_Cap=0.022929 Perf_YTD=0.022379 SMA50=0.021709 Perf_Month=0.020008 SMA200=0.015928 Volume=0.014916 Price_to_52W_High=0.012995 Avg_Volume=0.012845 Prev_Close=0.011778 Rel_Volume=0.010813 Price=0.010739 Price_to_52W_Low=0.010270 52W_Low=0.008232 Perf_Quarter=0.006745 52W_High=0.004350
[LN82     ] [chunk_XX_feature_importance.py] [info]   method=2 method_total=6 method_name=Tree_Based_Importance label_threshold=0.0 signal_rate=0.520600 kept=19 kept_total=24 duration=85.5 Change=0.125842 Volume=0.071997 SMA20=0.049321 Rel_Volume=0.048829 Market_Cap=0.043516 SMA50=0.043412 RSI_14=0.041715 Perf_Half_Y=0.037757 Perf_YTD=0.035783 Price_to_52W_Low=0.035254 SMA200=0.033108 Perf_Month=0.031743 52W_Low=0.031038 Price_to_52W_High=0.030764 Perf_Quarter=0.029536 Avg_Volume=0.028564 52W_High=0.027778 Prev_Close=0.023760 Price=0.021981
[LN83     ] [chunk_XX_feature_importance.py] [info]   method=3 method_total=6 method_name=Permutation_Importance label_threshold=0.0 signal_rate=0.520600 kept=19 kept_total=24 baseline_auc=0.5000 duration=59.2 Market_Cap=0.000000 52W_Low=0.000000 Prev_Close=0.000000 Price=0.000000 Volume=0.000000 52W_High=0.000000 Perf_YTD=0.000000 SMA200=0.000000 Perf_Half_Y=0.000000 Avg_Volume=0.000000 Perf_Quarter=0.000000 SMA50=0.000000 Perf_Month=0.000000 SMA20=0.000000 RSI_14=0.000000 Rel_Volume=0.000000 Change=0.000000 Price_to_52W_High=0.000000 Price_to_52W_Low=0.000000
[LN84     ] [chunk_XX_feature_importance.py] [info]   method=4 method_total=6 method_name=Neural_Weight_Analysis label_threshold=0.0 signal_rate=0.520600 kept=19 kept_total=24 duration=5.5 Perf_Quarter=0.149046 Perf_Month=0.144651 Volume=0.143450 52W_High=0.140857 Perf_YTD=0.140799 RSI_14=0.140685 Rel_Volume=0.139681 SMA20=0.137077 Prev_Close=0.135330 Market_Cap=0.134252 Price_to_52W_High=0.133487 52W_Low=0.132355 Change=0.129198 Price=0.126303 Price_to_52W_Low=0.126069 Perf_Half_Y=0.125148 SMA50=0.124945 SMA200=0.124341 Avg_Volume=0.090109
[LN85     ] [chunk_XX_feature_importance.py] [info]   method=5 method_total=6 method_name=SHAP_Values label_threshold=0.0 signal_rate=0.520600 kept=19 kept_total=24 duration=15.9 Avg_Volume=0.000000 Perf_YTD=0.000000 SMA200=0.000000 Price=0.000000 Perf_Half_Y=0.000000 Perf_Month=0.000000 Price_to_52W_High=0.000000 RSI_14=0.000000 SMA50=0.000000 Prev_Close=0.000000 Perf_Quarter=0.000000 Change=0.000000 Price_to_52W_Low=0.000000 SMA20=0.000000 Volume=0.000000 52W_High=0.000000 52W_Low=0.000000 Market_Cap=0.000000 Rel_Volume=0.000000
[LN86     ] [chunk_XX_feature_importance.py] [info]   method=6 method_total=6 method_name=Ablation_Study label_threshold=0.0 signal_rate=0.520600 kept=19 kept_total=24 duration=118.6 Change=0.531341 SMA20=0.521985 Perf_Half_Y=0.521494 Perf_Month=0.519896 SMA50=0.519291 Perf_YTD=0.517808 52W_High=0.516057 SMA200=0.515879 Volume=0.513969 Price_to_52W_High=0.513885 Price_to_52W_Low=0.513641 Rel_Volume=0.512145 52W_Low=0.511486 Prev_Close=0.510710 Perf_Quarter=0.510683 Price=0.510280 RSI_14=0.508557 Avg_Volume=0.506381 Market_Cap=0.492566
[LN87     ] [chunk_XX_feature_importance.py] [info]   consolidated_ranking label_threshold=0.0 signal_rate=0.520600 kept=19 kept_total=24 rank=1 Perf_Half_Y=11.58 rank=2 Volume=12.58 rank=3 Perf_Month=12.75 rank=4 Price_to_52W_High=13.58 rank=5 Perf_YTD=13.75 rank=6 Change=13.92 rank=7 SMA20=14.92 rank=8 52W_High=15.92 rank=9 Market_Cap=16.08 rank=10 52W_Low=16.42 rank=11 Prev_Close=16.58 rank=12 SMA50=17.25 rank=13 Price=17.42 rank=13 RSI_14=17.42 rank=15 Price_to_52W_Low=17.58 rank=15 Avg_Volume=17.58 rank=17 SMA200=17.92 rank=18 Perf_Quarter=18.08 rank=19 Rel_Volume=18.25
[LN88     ] [chunk_XX_feature_importance.py] [info]   consolidated_pruning label_threshold=0.0 signal_rate=0.520600 pruned=5 pruned_total=24 rank=20 ATR=18.58 rank=20 Perf_Week=18.58 rank=22 Perf_Year=20.08 rank=23 Ticker_id=21.42 rank=24 Volume_to_Avg_Volume=21.75
[LN89     ] [chunk_XX_feature_importance.py] [info] cross_threshold always_pruned=Perf_Year ,Ticker_id
[LN90     ] [chunk_XX_feature_importance.py] [info] cross_threshold never_pruned=52W_High ,52W_Low ,Change ,Market_Cap ,Perf_Half_Y ,Perf_Month ,Perf_YTD ,Prev_Close ,Price ,Price_to_52W_High ,Price_to_52W_Low ,Rel_Volume ,SMA20 ,SMA200 ,SMA50 ,Volume
[LN91     ] [chunk_XX_feature_importance.py] [info] cross_threshold borderline=ATR:2 ,Avg_Volume:1 ,Perf_Quarter:1 ,Perf_Week:1 ,RSI_14:2 ,Volume_to_Avg_Volume:2
[LN92     ] [chunk_XX_feature_importance.py] [info] Computing feature correlation matrix
[LN93     ] [chunk_XX_feature_importance.py] [info] total time: 857.4s (14.3 min)
[LN94     ] [chunk_XX_feature_importance.py] [info] features: 24 total -> 19 kept, 5 pruned
[LN95     ] [chunk_XX_feature_importance.py] [info] dropped: ['Ticker_id', 'Perf_Year', 'Perf_Quarter', 'ATR', 'RSI_14']
[LN96     ] [chunk_XX_feature_importance.py] [info] FEATURE IMPORTANCE ANALYSIS REPORT

Original features: 24 | After pruning: 19 | Dropped: 5
runtime_total=14.3min correlation=3.4s tree=85.2s permutation=58.0s neural=5.0s shap=15.1s ablation=112.3s

Dropped features: ['Ticker_id', 'Perf_Year', 'Perf_Quarter', 'ATR', 'RSI_14']
Kept features: ['Price_to_52W_High', 'Prev_Close', 'Market_Cap', '52W_Low', 'Avg_Volume', 'Perf_Half_Y', 'Price', 'SMA50', 'Perf_Month', 'Change', 'Price_to_52W_Low', 'Perf_Week', 'Volume', 'Rel_Volume', 'SMA200', 'SMA20', '52W_High', 'Volume_to_Avg_Volume', 'Perf_YTD']
CONSOLIDATED RANKING (1 = most important)
             feature  mean_rank  consolidated_rank
   Price_to_52W_High   9.750000                1.0
          Prev_Close  10.750000                2.0
          Market_Cap  11.916667                3.0
             52W_Low  12.416667                4.0
          Avg_Volume  13.583333                5.0
         Perf_Half_Y  14.083333                6.0
               Price  14.583333                7.5
               SMA50  14.583333                7.5
          Perf_Month  14.750000                9.0
              Change  15.583333               10.0
    Price_to_52W_Low  15.916667               11.5
           Perf_Week  15.916667               11.5
              Volume  16.250000               13.0
          Rel_Volume  17.083333               14.0
              SMA200  17.916667               15.0
               SMA20  18.583333               16.0
            52W_High  18.916667               17.5
Volume_to_Avg_Volume  18.916667               17.5
            Perf_YTD  19.583333               19.0
        Perf_Quarter  20.083333               20.0
              RSI_14  20.750000               21.0
           Perf_Year  21.250000               22.0
           Ticker_id  23.083333               23.0
                 ATR  23.750000               24.0
FEATURE IMPORTANCE RANKING PER METHOD
Spearman Correlation:
               feature  rank  spearman_abs
         Perf_Half_Y  17.0      0.027116
          Market_Cap  19.0      0.022929
   Price_to_52W_High  19.0      0.012995
             52W_Low  22.0      0.008232
          Prev_Close  26.0      0.011778
          Avg_Volume  27.0      0.012845
               Price  28.0      0.010739
              Volume  31.0      0.014916
            52W_High  32.0      0.004350
          Perf_Month  36.0      0.020008
    Price_to_52W_Low  36.0      0.010270
Volume_to_Avg_Volume  37.0      0.012471
              Change  39.0      0.038954
            Perf_YTD  44.0      0.022379
               SMA20  44.0      0.029126
           Perf_Week  44.0      0.025385
               SMA50  45.0      0.021709
        Perf_Quarter  46.0      0.006745
           Perf_Year  46.0      0.017499
              SMA200  47.0      0.015928
          Rel_Volume  47.0      0.010813
              RSI_14  47.0      0.024967
                 ATR  56.0      0.004452
           Ticker_id  65.0      0.002961

Tree Importance (Random Forest + Gradient Boosting):
               feature  rank  combined_importance
              Volume   1.0             0.069200
           Perf_Week   2.0             0.069109
   Price_to_52W_High   3.0             0.067917
             52W_Low   4.0             0.063962
          Rel_Volume   5.0             0.062610
              Change   6.0             0.057538
          Market_Cap   7.0             0.050421
          Prev_Close   8.0             0.040042
               SMA20   9.0             0.038632
         Perf_Half_Y  10.0             0.038086
               SMA50  11.0             0.037796
          Avg_Volume  12.0             0.037783
          Perf_Month  13.0             0.037352
            Perf_YTD  14.0             0.035543
    Price_to_52W_Low  15.0             0.033965
Volume_to_Avg_Volume  16.0             0.033694
                 ATR  17.0             0.033323
              SMA200  18.0             0.031042
           Perf_Year  19.0             0.029743
               Price  20.0             0.028162
              RSI_14  21.0             0.027987
           Ticker_id  22.0             0.027293
            52W_High  23.0             0.026604
        Perf_Quarter  24.0             0.022195

Permutation Importance:
               feature  rank
          Market_Cap  12.5
             52W_Low  12.5
          Prev_Close  12.5
               Price  12.5
              Volume  12.5
            52W_High  12.5
           Ticker_id  12.5
            Perf_YTD  12.5
           Perf_Year  12.5
              SMA200  12.5
         Perf_Half_Y  12.5
          Avg_Volume  12.5
        Perf_Quarter  12.5
               SMA50  12.5
          Perf_Month  12.5
               SMA20  12.5
                 ATR  12.5
              RSI_14  12.5
           Perf_Week  12.5
          Rel_Volume  12.5
              Change  12.5
   Price_to_52W_High  12.5
Volume_to_Avg_Volume  12.5
    Price_to_52W_Low  12.5

Neural Weight Magnitude:
               feature  rank
          Rel_Volume   1.0
              SMA200   2.0
               SMA50   3.0
   Price_to_52W_High   4.0
    Price_to_52W_Low   5.0
          Market_Cap   6.0
          Prev_Close   7.0
              Change   8.0
Volume_to_Avg_Volume   9.0
          Avg_Volume  10.0
              RSI_14  11.0
             52W_Low  12.0
               Price  13.0
          Perf_Month  14.0
              Volume  15.0
        Perf_Quarter  16.0
           Ticker_id  17.0
            52W_High  18.0
               SMA20  19.0
           Perf_Week  20.0
                 ATR  21.0
         Perf_Half_Y  22.0
            Perf_YTD  23.0
           Perf_Year  24.0

SHAP Values:
               feature  rank  mean_abs_shap
          Avg_Volume   1.0   1.060770e-14
           Ticker_id   2.0   7.262214e-16
           Perf_Year   3.0   1.024743e-17
              SMA200   4.0   9.888191e-18
          Perf_Month   5.0   5.365457e-18
               SMA50   6.0   4.870049e-18
            Perf_YTD   7.0   4.274090e-18
          Prev_Close   8.0   3.971918e-18
         Perf_Half_Y   9.0   3.926983e-18
               Price  10.0   3.266922e-18
           Perf_Week  11.0   3.013840e-18
              RSI_14  12.0   2.038194e-18
        Perf_Quarter  13.0   1.462652e-18
               SMA20  14.0   8.600221e-19
    Price_to_52W_Low  15.0   6.732318e-19
              Volume  16.0   4.151354e-19
            52W_High  17.0   3.446406e-19
   Price_to_52W_High  18.0   3.375457e-19
          Rel_Volume  19.0   2.825407e-19
                 ATR  20.0   2.001393e-19
              Change  21.0   1.007579e-19
          Market_Cap  22.0   8.684000e-20
             52W_Low  23.0   3.628770e-20
Volume_to_Avg_Volume  24.0   1.233594e-22

Ablation Study (AUC):
               feature  rank      auc
             52W_Low   1.0 0.838457
   Price_to_52W_High   2.0 0.779454
          Prev_Close   3.0 0.773614
               Price   4.0 0.769556
          Market_Cap   5.0 0.766703
           Perf_Week   6.0 0.764468
              Change   7.0 0.760071
          Perf_Month   8.0 0.751937
        Perf_Quarter   9.0 0.717777
               SMA50  10.0 0.714480
            52W_High  11.0 0.671874
    Price_to_52W_Low  12.0 0.661378
               SMA20  13.0 0.627629
         Perf_Half_Y  14.0 0.601957
Volume_to_Avg_Volume  15.0 0.592919
                 ATR  16.0 0.574782
            Perf_YTD  17.0 0.568941
          Rel_Volume  18.0 0.539340
          Avg_Volume  19.0 0.500000
           Ticker_id  20.0 0.491617
              RSI_14  21.0 0.398288
              Volume  22.0 0.397476
           Perf_Year  23.0 0.382422
              SMA200  24.0 0.368911
[LN97     ] [chunk_XX_feature_importance.py] [info] Report saved to ./feature_importance_report.txt
[LN98     ] [chunk_XX_feature_importance.py] [info] Consolidated ranking saved to ./feature_importance_report.csv
[LN99     ] [chunk_XX_feature_importance.py] [info] Metadata saved to ./feature_importance_report_meta.json
[LN100    ] [chunk_XX_phase_feature_analysis_a.py] [info] complete: 24 raw features (per-threshold pruning stored)
[LN101    ] [chunk_XX_phase_feature_analysis_a.py] [info]   First threshold (20.0): 19 kept
[LN102    ] [chunk_20_pipeline_main.py] [info] [skip] Phase Xa: Raw Feature Importance validation skipped (no validator)
[LN103    ] [chunk_18_phase_4_ensemble.py] [info] Target column: ChangeY
[LN104    ] [chunk_18_phase_4_ensemble.py] [info] Features (24): ['Market_Cap', '52W_Low', 'Prev_Close', 'Price', 'Volume', '52W_High', 'Ticker_id', 'Perf_YTD', 'Perf_Year', 'SMA200', 'Perf_Half_Y', 'Avg_Volume', 'Perf_Quarter', 'SMA50', 'Perf_Month', 'SMA20', 'ATR', 'RSI_14', 'Perf_Week', 'Rel_Volume', 'Change', 'Price_to_52W_High', 'Volume_to_Avg_Volume', 'Price_to_52W_Low']
[LN105    ] [chunk_18_phase_4_ensemble.py] [info] Per-threshold feature pruning loaded for 3 thresholds
[LN106    ] [chunk_18_phase_4_ensemble.py] [info] Training ensemble on 184408 samples
[LN107    ] [chunk_18_phase_4_ensemble.py] [info] Date split: 32 total, top 2 held out (TOP_DATES_HELD_OUT=2)
[LN108    ] [chunk_18_phase_4_ensemble.py] [info]   Remaining dates: 30 (after excluding top 2)
[LN109    ] [chunk_18_phase_4_ensemble.py] [info]   Validation split: 30% = 9 dates
[LN110    ] [chunk_18_phase_4_ensemble.py] [info]   Training split: 70% = 21 dates
[LN111    ] [chunk_18_phase_4_ensemble.py] [info] Training set: 119,310 rows, 21 unique dates
[LN112    ] [chunk_18_phase_4_ensemble.py] [info] Validation set: 53,254 rows, 9 unique dates
[LN113    ] [chunk_18_phase_4_ensemble.py] [info] [stat] split ratio: train=70.0% | validation=30.0%
[LN114    ] [chunk_18_phase_4_ensemble.py] [info] [stat] Class Distribution at Label Thresholds (20.0 to 0.0, step -10.0):
[LN115    ] [chunk_18_phase_4_ensemble.py] [info]    LABEL_THRESHOLD= 20.0: train_positives=689 ( 0.58%) | validation_positives=336 ( 0.63%) [ok]
[LN116    ] [chunk_18_phase_4_ensemble.py] [info]    LABEL_THRESHOLD= 10.0: train_positives=2,554 ( 2.14%) | validation_positives=1,197 ( 2.25%) [ok]
[LN117    ] [chunk_18_phase_4_ensemble.py] [info]    LABEL_THRESHOLD=  0.0: train_positives=59,721 (50.06%) | validation_positives=28,774 (54.03%) [ok]
[LN118    ] [chunk_18_phase_4_ensemble.py] [info] [section 1] [baseline] Training 9 architectures
[LN119    ] [chunk_18_phase_4_ensemble.py] [info] [section 1] [baseline] Testing 3 thresholds per architecture (20.0 to 0.0, step -10.0)
[LN120    ] [chunk_18_phase_4_ensemble.py] [info] [section 1] [CATBOOST] [baseline] LABEL_THRESHOLD=20.0,
[LN121    ] [chunk_18_phase_4_ensemble.py] [info] [section 1] [CATBOOST] [baseline] predictions: mean=0.0204, std=0.0612, min=0.0000, max=0.9503
[LN122    ] [chunk_18_phase_4_ensemble.py] [info] [section 1] [CATBOOST] [baseline]  cumulative binary_split_predictions (1%) ≤ 0.0000, (5%) ≤ 0.0001, (10%) ≤ 0.0001, (25%) ≤ 0.0003, (50%) ≤ 0.0014, (75%) ≤ 0.0100, (90%) ≤ 0.0491, (95%) ≤ 0.1073, (99%) ≤ 0.3255, max=0.9503 binary_split_predictions distribution: 75% ≤ 0.01, 82% ≤ 0.02, 90% ≤ 0.05, 95% ≤ 0.1, 98% ≤ 0.2, 100% ≤ 0.5, 0% ≥ 0.50
[LN123    ] [chunk_18_phase_4_ensemble.py] [info] [section 1] [CATBOOST] [baseline] prediction_binary_split=0.50, VALIDATION predictions at LABEL_THRESHOLD=20.0: 0.28%
[LN124    ] [chunk_18_phase_4_ensemble.py] [info] [section 1] [CATBOOST] [baseline] LABEL_THRESHOLD=20.0,
[LN125    ] [chunk_18_phase_4_ensemble.py] [info] [section 1] [CATBOOST] [baseline] VALIDATION_PRECISION=0.0600 VALIDATION_TRUE_POSITIVES=9 VALIDATION_TRUE_NEGATIVES=52777 validation_false_positives=141 validation_false_negatives=327 validation_max_prediction=0.9503 validation_mean_prediction=0.0204 validation_recall=0.0268 validation_f1=0.0370 validation_auc=0.8236 validation_specificity=0.9973 validation_false_positive_rate=0.0027 validation_f2=0.0301 validation_mcc=0.0360 validation_prauc=0.0294 validation_balanced_accuracy=0.5121 validation_brier=0.0092 validation_kappa=0.0333 validation_informedness=0.0241 validation_markedness=0.0573 validation_gini=0.6473 validation_optimal_threshold=0.0075 validation_standard_deviation_prediction=0.0612 validation_percentage_above_threshold=0.28
[LN126    ] [chunk_18_phase_4_ensemble.py] [info] [section 1] [CATBOOST] [baseline] prediction_binary_split=0.50 loss=binary_crossentropy, lr=0.001
[LN127    ] [chunk_12_evaluation_evaluator.py] [info] [CATBOOST] label_threshold=20.0 train_below_prediction_binary_split=118,621 train_above_prediction_binary_split=689 train_positive_found=true val_below_prediction_binary_split=52,918 val_above_prediction_binary_split=336 val_positive_found=true
[LN128    ] [chunk_12_evaluation_evaluator.py] [info] [reject] threshold=20.0 action=skipped reason=insufficient_positive_predictions positive_predictions=17 minimum_positive_required=53
[LN129    ] [chunk_12_evaluation_evaluator.py] [info] [CATBOOST] label_threshold=10.0 train_below_prediction_binary_split=116,756 train_above_prediction_binary_split=2,554 train_positive_found=true val_below_prediction_binary_split=52,057 val_above_prediction_binary_split=1,197 val_positive_found=true
[LN130    ] [chunk_12_evaluation_evaluator.py] [info] [CATBOOST] [diagnostic] LABEL_THRESHOLD=10.0 train_precision=0.8678 train_true_positives=1877 train_true_negatives=116470 train_false_positives=286 train_false_negatives=677 train_max_prediction=0.9564 train_mean_prediction=0.0699 train_recall=0.7349 train_f1=0.7958 train_auc=0.9848 train_specificity=0.9976 train_false_positive_rate=0.0024 train_f2=0.7581 train_mcc=0.7946 train_prauc=0.8529 train_balanced_accuracy=0.8662 train_brier=0.0150 train_kappa=0.7918 train_informedness=0.7325 train_markedness=0.8653 train_gini=0.9697 train_optimal_threshold=0.2597 train_standard_deviation_prediction=0.1202 train_percentage_above_threshold=1.81
[LN131    ] [chunk_12_evaluation_evaluator.py] [info] [CATBOOST] [diagnostic] LABEL_THRESHOLD=10.0 VALIDATION_PRECISION=0.1588 VALIDATION_TRUE_POSITIVES=57 VALIDATION_TRUE_NEGATIVES=51755 validation_false_positives=302 validation_false_negatives=1140 validation_max_prediction=0.8766 validation_mean_prediction=0.0598 validation_recall=0.0476 validation_f1=0.0733 validation_auc=0.8381 validation_specificity=0.9942 validation_false_positive_rate=0.0058 validation_f2=0.0554 validation_mcc=0.0758 validation_prauc=0.0890 validation_balanced_accuracy=0.5209 validation_brier=0.0273 validation_kappa=0.0636 validation_informedness=0.0418 validation_markedness=0.1530 validation_gini=0.6761 validation_optimal_threshold=0.0558 validation_standard_deviation_prediction=0.0979 validation_percentage_above_threshold=0.67
[LN132    ] [chunk_12_evaluation_evaluator.py] [info] [CATBOOST] label_threshold=0.0 train_below_prediction_binary_split=59,589 train_above_prediction_binary_split=59,721 train_positive_found=true val_below_prediction_binary_split=24,480 val_above_prediction_binary_split=28,774 val_positive_found=true
[LN133    ] [chunk_12_evaluation_evaluator.py] [info] [CATBOOST] [diagnostic] LABEL_THRESHOLD=0.0 train_precision=0.6702 train_true_positives=39809 train_true_negatives=39999 train_false_positives=19590 train_false_negatives=19912 train_max_prediction=0.9875 train_mean_prediction=0.5003 train_recall=0.6666 train_f1=0.6684 train_auc=0.7392 train_specificity=0.6712 train_false_positive_rate=0.3288 train_f2=0.6673 train_mcc=0.3378 train_prauc=0.7394 train_balanced_accuracy=0.6689 train_brier=0.2186 train_kappa=0.3378 train_informedness=0.3378 train_markedness=0.3414 train_gini=0.4785 train_optimal_threshold=0.5021 train_standard_deviation_prediction=0.1027 train_percentage_above_threshold=49.79
[LN134    ] [chunk_12_evaluation_evaluator.py] [info] [CATBOOST] [diagnostic] LABEL_THRESHOLD=0.0 VALIDATION_PRECISION=0.5224 VALIDATION_TRUE_POSITIVES=10698 VALIDATION_TRUE_NEGATIVES=14701 validation_false_positives=9779 validation_false_negatives=18076 validation_max_prediction=0.9714 validation_mean_prediction=0.4701 validation_recall=0.3718 validation_f1=0.4344 validation_auc=0.4793 validation_specificity=0.6005 validation_false_positive_rate=0.3995 validation_f2=0.3945 validation_mcc=-0.0284 validation_prauc=0.5451 validation_balanced_accuracy=0.4862 validation_brier=0.2706 validation_kappa=-0.0270 validation_informedness=-0.0277 validation_markedness=0.1230 validation_gini=0.0000 validation_optimal_threshold=0.6662 validation_standard_deviation_prediction=0.1222 validation_percentage_above_threshold=38.45
[LN135    ] [chunk_18_phase_4_ensemble.py] [info] [section 1] [CATBOOST] [label_threshold_optimal]  cumulative binary_split_predictions (1%) ≤ 0.2103, (5%) ≤ 0.2847, (10%) ≤ 0.3202, (25%) ≤ 0.3841, (50%) ≤ 0.4623, (75%) ≤ 0.5509, (90%) ≤ 0.6307, (95%) ≤ 0.6758, (99%) ≤ 0.7821, max=0.9714 binary_split_predictions distribution: 0% ≤ 0.01, 0% ≤ 0.02, 0% ≤ 0.05, 0% ≤ 0.1, 1% ≤ 0.2, 62% ≤ 0.5, 38% ≥ 0.50
[LN136    ] [chunk_18_phase_4_ensemble.py] [info] [section 1] [CATBOOST] [label_threshold_optimal] LABEL_THRESHOLD=0.0
[LN137    ] [chunk_18_phase_4_ensemble.py] [info] [section 1] [CATBOOST] [label_threshold_optimal] train_precision=0.6702 train_true_positives=39809 train_true_negatives=39999 train_false_positives=19590 train_false_negatives=19912 train_max_prediction=0.9875 train_mean_prediction=0.5003 train_recall=0.6666 train_f1=0.6684 train_auc=0.7392 train_specificity=0.6712 train_false_positive_rate=0.3288 train_f2=0.6673 train_mcc=0.3378 train_prauc=0.7394 train_balanced_accuracy=0.6689 train_brier=0.2186 train_kappa=0.3378 train_informedness=0.3378 train_markedness=0.3414 train_gini=0.4785 train_optimal_threshold=0.5021 train_standard_deviation_prediction=0.1027 train_percentage_above_threshold=49.79
[LN138    ] [chunk_18_phase_4_ensemble.py] [info] [section 1] [CATBOOST] [label_threshold_optimal] VALIDATION_PRECISION=0.5224 VALIDATION_TRUE_POSITIVES=10698 VALIDATION_TRUE_NEGATIVES=14701 validation_false_positives=9779 validation_false_negatives=18076 validation_max_prediction=0.9714 validation_mean_prediction=0.4701 validation_recall=0.3718 validation_f1=0.4344 validation_auc=0.4793 validation_specificity=0.6005 validation_false_positive_rate=0.3995 validation_f2=0.3945 validation_mcc=-0.0284 validation_prauc=0.5451 validation_balanced_accuracy=0.4862 validation_brier=0.2706 validation_kappa=-0.0270 validation_informedness=-0.0277 validation_markedness=0.1230 validation_gini=0.0000 validation_optimal_threshold=0.6662 validation_standard_deviation_prediction=0.1222 validation_percentage_above_threshold=38.45
[LN139    ] [chunk_18_phase_4_ensemble.py] [info] [section 1] [CATBOOST] [label_threshold_optimal] prediction_binary_split=0.50
[LN140    ] [chunk_21_hyperparam_optimizer.py] [info] [section 2] [CATBOOST] [hyperparameter_optimization search] Running Bayesian optimization (5 trials)...
[LN141    ] [chunk_21_hyperparam_optimizer.py] [info] [section 2] [CATBOOST] [hyperparameter_optimization search baseline] LABEL_THRESHOLD=0.0
[LN142    ] [chunk_21_hyperparam_optimizer.py] [info] [section 2] [CATBOOST] [hyperparameter_optimization search baseline] VALIDATION_PRECISION=0.5230 VALIDATION_TRUE_POSITIVES=10599 VALIDATION_TRUE_NEGATIVES=14812 validation_false_positives=9668 validation_false_negatives=18175 validation_max_prediction=0.9306 validation_mean_prediction=0.4713 validation_recall=0.3684 validation_f1=0.4323 validation_auc=0.4822 validation_specificity=0.6051 validation_false_positive_rate=0.3949 validation_f2=0.3915 validation_mcc=-0.0273 validation_prauc=0.5488 validation_balanced_accuracy=0.4867 validation_brier=0.2653 validation_kappa=-0.0259 validation_informedness=-0.0266 validation_markedness=0.1280 validation_gini=0.0000 validation_optimal_threshold=0.6416 validation_standard_deviation_prediction=0.1044 validation_percentage_above_threshold=38.06
[LN143    ] [chunk_21_hyperparam_optimizer.py] [info] [section 2] [CATBOOST] [hyperparameter_optimization search baseline] TRIAL 1/5: iterations=300, depth=6, learning_rate=0.08, auto_class_weights=SqrtBalanced, l2_leaf_reg=5
[LN144    ] [chunk_21_hyperparam_optimizer.py] [info] [section 2] [CATBOOST] [hyperparameter_optimization search baseline] LABEL_THRESHOLD=0.0
[LN145    ] [chunk_21_hyperparam_optimizer.py] [info] [section 2] [CATBOOST] [hyperparameter_optimization search baseline] VALIDATION_PRECISION=0.5247 VALIDATION_TRUE_POSITIVES=10507 VALIDATION_TRUE_NEGATIVES=14961 validation_false_positives=9519 validation_false_negatives=18267 validation_max_prediction=0.9145 validation_mean_prediction=0.4693 validation_recall=0.3652 validation_f1=0.4306 validation_auc=0.4828 validation_specificity=0.6112 validation_false_positive_rate=0.3888 validation_f2=0.3888 validation_mcc=-0.0244 validation_prauc=0.5489 validation_balanced_accuracy=0.4882 validation_brier=0.2666 validation_kappa=-0.0231 validation_informedness=-0.0237 validation_markedness=0.1358 validation_gini=0.0000 validation_optimal_threshold=0.6400 validation_standard_deviation_prediction=0.1088 validation_percentage_above_threshold=37.60
[LN146    ] [chunk_21_hyperparam_optimizer.py] [info] [section 2] [CATBOOST] [hyperparameter_optimization search baseline] TRIAL 2/5: iterations=500, depth=5, learning_rate=0.08, auto_class_weights=Balanced, l2_leaf_reg=5
[LN147    ] [chunk_21_hyperparam_optimizer.py] [info] [section 2] [CATBOOST] [hyperparameter_optimization search baseline] LABEL_THRESHOLD=0.0
[LN148    ] [chunk_21_hyperparam_optimizer.py] [info] [section 2] [CATBOOST] [hyperparameter_optimization search baseline] VALIDATION_PRECISION=0.5253 VALIDATION_TRUE_POSITIVES=10263 VALIDATION_TRUE_NEGATIVES=15205 validation_false_positives=9275 validation_false_negatives=18511 validation_max_prediction=0.8865 validation_mean_prediction=0.4666 validation_recall=0.3567 validation_f1=0.4249 validation_auc=0.4836 validation_specificity=0.6211 validation_false_positive_rate=0.3789 validation_f2=0.3811 validation_mcc=-0.0230 validation_prauc=0.5478 validation_balanced_accuracy=0.4889 validation_brier=0.2664 validation_kappa=-0.0216 validation_informedness=-0.0222 validation_markedness=0.1464 validation_gini=0.0000 validation_optimal_threshold=0.6197 validation_standard_deviation_prediction=0.1059 validation_percentage_above_threshold=36.69
[LN149    ] [chunk_21_hyperparam_optimizer.py] [info] [section 2] [CATBOOST] [hyperparameter_optimization search baseline] TRIAL 3/5: iterations=500, depth=4, learning_rate=0.1, auto_class_weights=Balanced, l2_leaf_reg=3
[LN150    ] [chunk_21_hyperparam_optimizer.py] [info] [section 2] [CATBOOST] [hyperparameter_optimization search baseline] LABEL_THRESHOLD=0.0
[LN151    ] [chunk_21_hyperparam_optimizer.py] [info] [section 2] [CATBOOST] [hyperparameter_optimization search baseline] VALIDATION_PRECISION=0.5229 VALIDATION_TRUE_POSITIVES=10382 VALIDATION_TRUE_NEGATIVES=15009 validation_false_positives=9471 validation_false_negatives=18392 validation_max_prediction=0.8168 validation_mean_prediction=0.4717 validation_recall=0.3608 validation_f1=0.4270 validation_auc=0.4798 validation_specificity=0.6131 validation_false_positive_rate=0.3869 validation_f2=0.3847 validation_mcc=-0.0269 validation_prauc=0.5452 validation_balanced_accuracy=0.4870 validation_brier=0.2640 validation_kappa=-0.0254 validation_informedness=-0.0261 validation_markedness=0.1361 validation_gini=0.0000 validation_optimal_threshold=0.6388 validation_standard_deviation_prediction=0.0948 validation_percentage_above_threshold=37.28
[LN152    ] [chunk_21_hyperparam_optimizer.py] [info] [section 2] [CATBOOST] [hyperparameter_optimization search baseline] TRIAL 4/5: iterations=400, depth=4, learning_rate=0.08, auto_class_weights=Balanced, l2_leaf_reg=7
[LN153    ] [chunk_21_hyperparam_optimizer.py] [info] [section 2] [CATBOOST] [hyperparameter_optimization search baseline] LABEL_THRESHOLD=0.0
[LN154    ] [chunk_21_hyperparam_optimizer.py] [info] [section 2] [CATBOOST] [hyperparameter_optimization search baseline] VALIDATION_PRECISION=0.5253 VALIDATION_TRUE_POSITIVES=10406 VALIDATION_TRUE_NEGATIVES=15075 validation_false_positives=9405 validation_false_negatives=18368 validation_max_prediction=0.9259 validation_mean_prediction=0.4679 validation_recall=0.3616 validation_f1=0.4284 validation_auc=0.4818 validation_specificity=0.6158 validation_false_positive_rate=0.3842 validation_f2=0.3857 validation_mcc=-0.0232 validation_prauc=0.5473 validation_balanced_accuracy=0.4887 validation_brier=0.2671 validation_kappa=-0.0219 validation_informedness=-0.0225 validation_markedness=0.1411 validation_gini=0.0000 validation_optimal_threshold=0.6527 validation_standard_deviation_prediction=0.1092 validation_percentage_above_threshold=37.20
[LN155    ] [chunk_21_hyperparam_optimizer.py] [info] [section 2] [CATBOOST] [hyperparameter_optimization search baseline] TRIAL 5/5: iterations=500, depth=5, learning_rate=0.08, auto_class_weights=Balanced, l2_leaf_reg=7
[LN156    ] [chunk_21_hyperparam_optimizer.py] [info] [section 2] [CATBOOST] [best trial] LABEL_THRESHOLD=0.0
[LN157    ] [chunk_21_hyperparam_optimizer.py] [info] [section 2] [CATBOOST] [best trial] VALIDATION_PRECISION=0.5253 VALIDATION_TRUE_POSITIVES=10263 VALIDATION_TRUE_NEGATIVES=15205 validation_false_positives=9275 validation_false_negatives=18511 validation_max_prediction=0.8865 validation_mean_prediction=0.4666 validation_recall=0.3567 validation_f1=0.4249 validation_auc=0.4836 validation_specificity=0.6211 validation_false_positive_rate=0.3789 validation_f2=0.3811 validation_mcc=-0.0230 validation_prauc=0.5478 validation_balanced_accuracy=0.4889 validation_brier=0.2664 validation_kappa=-0.0216 validation_informedness=-0.0222 validation_markedness=0.1464 validation_gini=0.0000 validation_optimal_threshold=0.6197 validation_standard_deviation_prediction=0.1059 validation_percentage_above_threshold=36.69
[LN158    ] [chunk_21_hyperparam_optimizer.py] [info] [section 2] [CATBOOST] [best trial] iterations=500, depth=4, learning_rate=0.1, auto_class_weights=Balanced, l2_leaf_reg=3
[LN159    ] [chunk_18_phase_4_ensemble.py] [info]    [diagnostic-hyperparameter_optimization]  cumulative binary_split_predictions (1%) ≤ 0.2352, (5%) ≤ 0.3003, (10%) ≤ 0.3343, (25%) ≤ 0.3920, (50%) ≤ 0.4632, (75%) ≤ 0.5373, (90%) ≤ 0.6048, (95%) ≤ 0.6433, (99%) ≤ 0.7313, max=0.8865 binary_split_predictions distribution: 0% ≤ 0.01, 0% ≤ 0.02, 0% ≤ 0.05, 0% ≤ 0.1, 0% ≤ 0.2, 63% ≤ 0.5, 37% ≥ 0.50
[LN160    ] [chunk_18_phase_4_ensemble.py] [info]    hyperparameter_optimization improved: 0.5253 > 0.5224
[LN161    ] [chunk_18_phase_4_ensemble.py] [info] [section 3] [CATBOOST] [HYPERPARAMETER_OPTIMIZATION] LABEL_THRESHOLD=0.0,
[LN162    ] [chunk_18_phase_4_ensemble.py] [info] [section 3] [CATBOOST] [HYPERPARAMETER_OPTIMIZATION] VALIDATION_PRECISION=0.5253 VALIDATION_TRUE_POSITIVES=10263 VALIDATION_TRUE_NEGATIVES=15205 validation_false_positives=9275 validation_false_negatives=18511 validation_max_prediction=0.8865 validation_mean_prediction=0.4666 validation_recall=0.3567 validation_f1=0.4249 validation_auc=0.4836 validation_specificity=0.6211 validation_false_positive_rate=0.3789 validation_f2=0.3811 validation_mcc=-0.0230 validation_prauc=0.5478 validation_balanced_accuracy=0.4889 validation_brier=0.2664 validation_kappa=-0.0216 validation_informedness=-0.0222 validation_markedness=0.1464 validation_gini=0.0000 validation_optimal_threshold=0.6197 validation_standard_deviation_prediction=0.1059 validation_percentage_above_threshold=36.69
[LN163    ] [chunk_18_phase_4_ensemble.py] [info] [section 3] [CATBOOST] [HYPERPARAMETER_OPTIMIZATION] prediction_binary_split=0.50 hyperparams=(loss=binary_crossentropy lr=0.1 dropout=0.1 alpha=0.0 gamma=0.0 latent_dim=0) improved=True {'iterations': 500, 'depth': 4, 'learning_rate': 0.1, 'auto_class_weights': 'Balanced', 'l2_leaf_reg': 3}
[LN164    ] [chunk_18_phase_4_ensemble.py] [info]    Running post hyperparameter_optimization threshold search for CatBoost...
[LN165    ] [chunk_12_evaluation_evaluator.py] [info] [CATBOOST] label_threshold=20.0 train_below_prediction_binary_split=118,621 train_above_prediction_binary_split=689 train_positive_found=true val_below_prediction_binary_split=52,918 val_above_prediction_binary_split=336 val_positive_found=true
[LN166    ] [chunk_12_evaluation_evaluator.py] [info] [CATBOOST] [reject] skipping LABEL_THRESHOLD=20.0: validation_precision=0.0095 <= baseline+0.0100=0.0163
[LN167    ] [chunk_12_evaluation_evaluator.py] [info] [CATBOOST] label_threshold=10.0 train_below_prediction_binary_split=116,756 train_above_prediction_binary_split=2,554 train_positive_found=true val_below_prediction_binary_split=52,057 val_above_prediction_binary_split=1,197 val_positive_found=true
[LN168    ] [chunk_12_evaluation_evaluator.py] [info] [CATBOOST] [reject] skipping LABEL_THRESHOLD=10.0: validation_precision=0.0078 <= baseline+0.0100=0.0325
[LN169    ] [chunk_12_evaluation_evaluator.py] [info] [CATBOOST] label_threshold=0.0 train_below_prediction_binary_split=59,589 train_above_prediction_binary_split=59,721 train_positive_found=true val_below_prediction_binary_split=24,480 val_above_prediction_binary_split=28,774 val_positive_found=true
[LN170    ] [chunk_12_evaluation_evaluator.py] [info] [CATBOOST] [diagnostic] LABEL_THRESHOLD=0.0 train_precision=0.5991 train_true_positives=35074 train_true_negatives=36122 train_false_positives=23467 train_false_negatives=24647 train_max_prediction=0.9698 train_mean_prediction=0.5000 train_recall=0.5873 train_f1=0.5932 train_auc=0.6421 train_specificity=0.6062 train_false_positive_rate=0.3938 train_f2=0.5896 train_mcc=0.1935 train_prauc=0.6405 train_balanced_accuracy=0.5967 train_brier=0.2351 train_kappa=0.1935 train_informedness=0.1935 train_markedness=0.2053 train_gini=0.2843 train_optimal_threshold=0.4968 train_standard_deviation_prediction=0.0881 train_percentage_above_threshold=49.07
[LN171    ] [chunk_12_evaluation_evaluator.py] [info] [CATBOOST] [diagnostic] LABEL_THRESHOLD=0.0 VALIDATION_PRECISION=0.5253 VALIDATION_TRUE_POSITIVES=10263 VALIDATION_TRUE_NEGATIVES=15205 validation_false_positives=9275 validation_false_negatives=18511 validation_max_prediction=0.8865 validation_mean_prediction=0.4666 validation_recall=0.3567 validation_f1=0.4249 validation_auc=0.4836 validation_specificity=0.6211 validation_false_positive_rate=0.3789 validation_f2=0.3811 validation_mcc=-0.0230 validation_prauc=0.5478 validation_balanced_accuracy=0.4889 validation_brier=0.2664 validation_kappa=-0.0216 validation_informedness=-0.0222 validation_markedness=0.1464 validation_gini=0.0000 validation_optimal_threshold=0.6197 validation_standard_deviation_prediction=0.1059 validation_percentage_above_threshold=36.69
[LN172    ] [chunk_18_phase_4_ensemble.py] [info]    hyperparameter_optimization model threshold search: LABEL_THRESHOLD=0.0, VALIDATION_PRECISION=0.5253
[LN173    ] [chunk_18_phase_4_ensemble.py] [info]    post hyperparameter_optimization threshold search: LABEL_THRESHOLD=0.0, VALIDATION_PRECISION=0.5253
[LN174    ] [chunk_18_phase_4_ensemble.py] [info]    post hyperparameter_optimization no improvement: keeping LABEL_THRESHOLD=0.0
[LN175    ] [chunk_18_phase_4_ensemble.py] [info] [section 4] [CATBOOST] [post hyperparameter_optimization] [diagnostic]  cumulative binary_split_predictions (1%) ≤ 0.2352, (5%) ≤ 0.3003, (10%) ≤ 0.3343, (25%) ≤ 0.3920, (50%) ≤ 0.4632, (75%) ≤ 0.5373, (90%) ≤ 0.6048, (95%) ≤ 0.6433, (99%) ≤ 0.7313, max=0.8865 binary_split_predictions distribution: 0% ≤ 0.01, 0% ≤ 0.02, 0% ≤ 0.05, 0% ≤ 0.1, 0% ≤ 0.2, 63% ≤ 0.5, 37% ≥ 0.50
[LN176    ] [chunk_18_phase_4_ensemble.py] [info] [section 4] [CATBOOST] [post hyperparameter_optimization] LABEL_THRESHOLD=0.0,
[LN177    ] [chunk_18_phase_4_ensemble.py] [info] [section 4] [CATBOOST] [post hyperparameter_optimization] VALIDATION_PRECISION=0.5253 VALIDATION_TRUE_POSITIVES=10263 VALIDATION_TRUE_NEGATIVES=15205 validation_false_positives=9275 validation_false_negatives=18511 validation_max_prediction=0.8865 validation_mean_prediction=0.4666 validation_recall=0.3567 validation_f1=0.4249 validation_auc=0.4836 validation_specificity=0.6211 validation_false_positive_rate=0.3789 validation_f2=0.3811 validation_mcc=-0.0230 validation_prauc=0.5478 validation_balanced_accuracy=0.4889 validation_brier=0.2664 validation_kappa=-0.0216 validation_informedness=-0.0222 validation_markedness=0.1464 validation_gini=0.0000 validation_optimal_threshold=0.6197 validation_standard_deviation_prediction=0.1059 validation_percentage_above_threshold=36.69
[LN178    ] [chunk_18_phase_4_ensemble.py] [info] [section 4] [CATBOOST] [post hyperparameter_optimization] prediction_binary_split=0.50 hyperparams=(loss=binary_crossentropy lr=0.1 dropout=0.0 alpha=1.0 gamma=1.0 latent_dim=64) source=section3
[LN179    ] [chunk_18_phase_4_ensemble.py] [info]    Using Hyperparameter_Optimized model directly (no change to Label_Threshold)
[LN180    ] [chunk_18_phase_4_ensemble.py] [info]    Train predictions: mean=0.5000, std=0.0881, min=0.1118, max=0.9698
[LN181    ] [chunk_18_phase_4_ensemble.py] [info]    validation predictions:   mean=0.4666, std=0.1059, min=0.0760, max=0.8865
[LN182    ] [chunk_18_phase_4_ensemble.py] [info] [section 5] [CATBOOST] [final] [diagnostic] Train  cumulative binary_split_predictions (1%) ≤ 0.2818, (5%) ≤ 0.3658, (10%) ≤ 0.3981, (25%) ≤ 0.4472, (50%) ≤ 0.4983, (75%) ≤ 0.5486, (90%) ≤ 0.5990, (95%) ≤ 0.6363, (99%) ≤ 0.7755, max=0.9698 binary_split_predictions distribution: 0% ≤ 0.01, 0% ≤ 0.02, 0% ≤ 0.05, 0% ≤ 0.1, 0% ≤ 0.2, 51% ≤ 0.5, 49% ≥ 0.50
[LN183    ] [chunk_18_phase_4_ensemble.py] [info] [section 5] [CATBOOST] [final] [diagnostic] validation    cumulative binary_split_predictions (1%) ≤ 0.2352, (5%) ≤ 0.3003, (10%) ≤ 0.3343, (25%) ≤ 0.3920, (50%) ≤ 0.4632, (75%) ≤ 0.5373, (90%) ≤ 0.6048, (95%) ≤ 0.6433, (99%) ≤ 0.7313, max=0.8865 binary_split_predictions distribution: 0% ≤ 0.01, 0% ≤ 0.02, 0% ≤ 0.05, 0% ≤ 0.1, 0% ≤ 0.2, 63% ≤ 0.5, 37% ≥ 0.50
[LN184    ] [chunk_18_phase_4_ensemble.py] [info]    Train predictions: 49.07% positive predictions (58,541 / 119,310)
[LN185    ] [chunk_18_phase_4_ensemble.py] [info]    validation predictions:   36.69% positive predictions (19,538 / 53,254)
[LN186    ] [chunk_18_phase_4_ensemble.py] [info]    [info] Section 4 all rejected - using Section 3 results for Section 5
[LN187    ] [chunk_18_phase_4_ensemble.py] [info]    [diagnostic] prediction_buckets: 0-10:199, 10-20:2451, 20-30:11984, 30-40:19080, 40-50:13791, 50-60:4839, 60-70:813, 70-80:95, 80-90:0, 90-100:0
[LN188    ] [chunk_18_phase_4_ensemble.py] [info] [section 5] [CATBOOST] [final] LABEL_THRESHOLD=0.0,
[LN189    ] [chunk_18_phase_4_ensemble.py] [info] [section 5] [CATBOOST] [final] train_precision=0.5991 train_true_positives=35074 train_true_negatives=36122 train_false_positives=23467 train_false_negatives=24647 train_max_prediction=0.9698 train_mean_prediction=0.5000 train_recall=0.5873 train_f1=0.5932 train_auc=0.6421 train_specificity=0.6062 train_false_positive_rate=0.3938 train_f2=0.5896 train_mcc=0.1935 train_prauc=0.6405 train_balanced_accuracy=0.5967 train_standard_deviation_prediction=0.0881 train_percentage_above_threshold=49.07 train_brier=0.2351 train_kappa=0.1935 train_informedness=0.1935 train_markedness=0.2053 train_gini=0.2843 train_optimal_threshold=0.4968
[LN190    ] [chunk_18_phase_4_ensemble.py] [info] [section 5] [CATBOOST] [final] VALIDATION_PRECISION=0.5253 VALIDATION_TRUE_POSITIVES=10263 VALIDATION_TRUE_NEGATIVES=15205 validation_false_positives=9275 validation_false_negatives=18511 validation_max_prediction=0.8865 validation_mean_prediction=0.4666 validation_recall=0.3567 validation_f1=0.4249 validation_auc=0.4836 validation_specificity=0.6211 validation_false_positive_rate=0.3789 validation_f2=0.3811 validation_mcc=-0.0230 validation_prauc=0.5478 validation_balanced_accuracy=0.4889 validation_brier=0.2664 validation_kappa=-0.0216 validation_informedness=-0.0222 validation_markedness=0.1464 validation_gini=0.0000 validation_optimal_threshold=0.6197 validation_standard_deviation_prediction=0.1059 validation_percentage_above_threshold=36.69
[LN191    ] [chunk_18_phase_4_ensemble.py] [info] [section 5] [CATBOOST] [final] prediction_binary_split=0.50 hyperparams=(loss=binary_crossentropy lr=0.1 dropout=0.0 alpha=1.0 gamma=1.0 latent_dim=64) (using HPO model directly)
[LN192    ] [chunk_18_phase_4_ensemble.py] [info]    CatBoost loss=binary_crossentropy pred_threshold=0.5 epochs=3
[LN193    ] [chunk_18_phase_4_ensemble.py] [info]    [CatBoost] hyperparameter_optimization: learning_rate=0.1
[LN194    ] [chunk_18_phase_4_ensemble.py] [info]    CatBoost training time: 68.6s
[LN195    ] [chunk_18_phase_4_ensemble.py] [info] [pass] CatBoost trained successfully
[LN196    ] [chunk_18_phase_4_ensemble.py] [info] [section 1] [LIGHTGBM] [baseline] LABEL_THRESHOLD=20.0,
[LN197    ] [chunk_18_phase_4_ensemble.py] [info] [section 1] [LIGHTGBM] [baseline] predictions: mean=0.0049, std=0.0323, min=0.0000, max=0.9869
[LN198    ] [chunk_18_phase_4_ensemble.py] [info] [section 1] [LIGHTGBM] [baseline]  cumulative binary_split_predictions (1%) ≤ 0.0000, (5%) ≤ 0.0000, (10%) ≤ 0.0000, (25%) ≤ 0.0000, (50%) ≤ 0.0001, (75%) ≤ 0.0005, (90%) ≤ 0.0050, (95%) ≤ 0.0158, (99%) ≤ 0.1071, max=0.9869 binary_split_predictions distribution: 93% ≤ 0.01, 96% ≤ 0.02, 98% ≤ 0.05, 99% ≤ 0.1, 100% ≤ 0.2, 100% ≤ 0.5, 0% ≥ 0.50
[LN199    ] [chunk_18_phase_4_ensemble.py] [info] [section 1] [LIGHTGBM] [baseline] prediction_binary_split=0.50, VALIDATION predictions at LABEL_THRESHOLD=20.0: 0.11%
[LN200    ] [chunk_18_phase_4_ensemble.py] [info] [section 1] [LIGHTGBM] [baseline] LABEL_THRESHOLD=20.0,
[LN201    ] [chunk_18_phase_4_ensemble.py] [info] [section 1] [LIGHTGBM] [baseline] VALIDATION_PRECISION=0.0667 VALIDATION_TRUE_POSITIVES=4 VALIDATION_TRUE_NEGATIVES=52862 validation_false_positives=56 validation_false_negatives=332 validation_max_prediction=0.9869 validation_mean_prediction=0.0049 validation_recall=0.0119 validation_f1=0.0202 validation_auc=0.8724 validation_specificity=0.9989 validation_false_positive_rate=0.0011 validation_f2=0.0142 validation_mcc=0.0256 validation_prauc=0.0397 validation_balanced_accuracy=0.5054 validation_brier=0.0069 validation_kappa=0.0183 validation_informedness=0.0108 validation_markedness=0.0656 validation_gini=0.7449 validation_optimal_threshold=0.0004 validation_standard_deviation_prediction=0.0323 validation_percentage_above_threshold=0.11
[LN202    ] [chunk_18_phase_4_ensemble.py] [info] [section 1] [LIGHTGBM] [baseline] prediction_binary_split=0.50 loss=binary_crossentropy, lr=0.001
[LN203    ] [chunk_12_evaluation_evaluator.py] [info] [LIGHTGBM] label_threshold=20.0 train_below_prediction_binary_split=118,621 train_above_prediction_binary_split=689 train_positive_found=true val_below_prediction_binary_split=52,918 val_above_prediction_binary_split=336 val_positive_found=true
[LN204    ] [chunk_12_evaluation_evaluator.py] [info] [LIGHTGBM] [diagnostic] LABEL_THRESHOLD=20.0 train_precision=0.8902 train_true_positives=689 train_true_negatives=118536 train_false_positives=85 train_false_negatives=0 train_max_prediction=0.9990 train_mean_prediction=0.0109 train_recall=1.0000 train_f1=0.9419 train_auc=1.0000 train_specificity=0.9993 train_false_positive_rate=0.0007 train_f2=0.9759 train_mcc=0.9432 train_prauc=0.9998 train_balanced_accuracy=0.9996 train_brier=0.0009 train_kappa=0.9415 train_informedness=0.9993 train_markedness=0.8895 train_gini=1.0000 train_optimal_threshold=0.9050 train_standard_deviation_prediction=0.0807 train_percentage_above_threshold=0.65
[LN205    ] [chunk_12_evaluation_evaluator.py] [info] [LIGHTGBM] [diagnostic] LABEL_THRESHOLD=20.0 VALIDATION_PRECISION=0.0667 VALIDATION_TRUE_POSITIVES=4 VALIDATION_TRUE_NEGATIVES=52862 validation_false_positives=56 validation_false_negatives=332 validation_max_prediction=0.9869 validation_mean_prediction=0.0049 validation_recall=0.0119 validation_f1=0.0202 validation_auc=0.8724 validation_specificity=0.9989 validation_false_positive_rate=0.0011 validation_f2=0.0142 validation_mcc=0.0256 validation_prauc=0.0397 validation_balanced_accuracy=0.5054 validation_brier=0.0069 validation_kappa=0.0183 validation_informedness=0.0108 validation_markedness=0.0656 validation_gini=0.7449 validation_optimal_threshold=0.0004 validation_standard_deviation_prediction=0.0323 validation_percentage_above_threshold=0.11
[LN206    ] [chunk_12_evaluation_evaluator.py] [info] [LIGHTGBM] label_threshold=10.0 train_below_prediction_binary_split=116,756 train_above_prediction_binary_split=2,554 train_positive_found=true val_below_prediction_binary_split=52,057 val_above_prediction_binary_split=1,197 val_positive_found=true
[LN207    ] [chunk_12_evaluation_evaluator.py] [info] [LIGHTGBM] [diagnostic] LABEL_THRESHOLD=10.0 train_precision=0.4948 train_true_positives=2554 train_true_negatives=114148 train_false_positives=2608 train_false_negatives=0 train_max_prediction=0.9927 train_mean_prediction=0.0826 train_recall=1.0000 train_f1=0.6620 train_auc=0.9998 train_specificity=0.9777 train_false_positive_rate=0.0223 train_f2=0.8304 train_mcc=0.6955 train_prauc=0.9824 train_balanced_accuracy=0.9888 train_brier=0.0205 train_kappa=0.6520 train_informedness=0.9777 train_markedness=0.4724 train_gini=0.9995 train_optimal_threshold=0.7877 train_standard_deviation_prediction=0.1798 train_percentage_above_threshold=4.33
[LN208    ] [chunk_12_evaluation_evaluator.py] [info] [LIGHTGBM] [diagnostic] LABEL_THRESHOLD=10.0 VALIDATION_PRECISION=0.1070 VALIDATION_TRUE_POSITIVES=212 VALIDATION_TRUE_NEGATIVES=50287 validation_false_positives=1770 validation_false_negatives=985 validation_max_prediction=0.9924 validation_mean_prediction=0.0695 validation_recall=0.1771 validation_f1=0.1334 validation_auc=0.8443 validation_specificity=0.9660 validation_false_positive_rate=0.0340 validation_f2=0.1566 validation_mcc=0.1121 validation_prauc=0.0881 validation_balanced_accuracy=0.5716 validation_brier=0.0386 validation_kappa=0.1084 validation_informedness=0.1431 validation_markedness=0.0730 validation_gini=0.6886 validation_optimal_threshold=0.0189 validation_standard_deviation_prediction=0.1510 validation_percentage_above_threshold=3.72
[LN209    ] [chunk_12_evaluation_evaluator.py] [info] [LIGHTGBM] label_threshold=0.0 train_below_prediction_binary_split=59,589 train_above_prediction_binary_split=59,721 train_positive_found=true val_below_prediction_binary_split=24,480 val_above_prediction_binary_split=28,774 val_positive_found=true
[LN210    ] [chunk_12_evaluation_evaluator.py] [info] [LIGHTGBM] [diagnostic] LABEL_THRESHOLD=0.0 train_precision=0.7886 train_true_positives=46603 train_true_negatives=47097 train_false_positives=12492 train_false_negatives=13118 train_max_prediction=0.9945 train_mean_prediction=0.5001 train_recall=0.7803 train_f1=0.7845 train_auc=0.8680 train_specificity=0.7904 train_false_positive_rate=0.2096 train_f2=0.7820 train_mcc=0.5707 train_prauc=0.8657 train_balanced_accuracy=0.7854 train_brier=0.1826 train_kappa=0.5707 train_informedness=0.5707 train_markedness=0.5790 train_gini=0.7359 train_optimal_threshold=0.5020 train_standard_deviation_prediction=0.1454 train_percentage_above_threshold=49.53
[LN211    ] [chunk_12_evaluation_evaluator.py] [info] [LIGHTGBM] [diagnostic] LABEL_THRESHOLD=0.0 VALIDATION_PRECISION=0.5321 VALIDATION_TRUE_POSITIVES=9951 VALIDATION_TRUE_NEGATIVES=15730 validation_false_positives=8750 validation_false_negatives=18823 validation_max_prediction=0.9767 validation_mean_prediction=0.4389 validation_recall=0.3458 validation_f1=0.4192 validation_auc=0.4860 validation_specificity=0.6426 validation_false_positive_rate=0.3574 validation_f2=0.3719 validation_mcc=-0.0121 validation_prauc=0.5515 validation_balanced_accuracy=0.4942 validation_brier=0.2882 validation_kappa=-0.0113 validation_informedness=-0.0116 validation_markedness=0.1747 validation_gini=0.0000 validation_optimal_threshold=0.7667 validation_standard_deviation_prediction=0.1662 validation_percentage_above_threshold=35.12
[LN212    ] [chunk_18_phase_4_ensemble.py] [info] [section 1] [LIGHTGBM] [label_threshold_optimal]  cumulative binary_split_predictions (1%) ≤ 0.1193, (5%) ≤ 0.1815, (10%) ≤ 0.2250, (25%) ≤ 0.3141, (50%) ≤ 0.4305, (75%) ≤ 0.5534, (90%) ≤ 0.6628, (95%) ≤ 0.7234, (99%) ≤ 0.8371, max=0.9767 binary_split_predictions distribution: 0% ≤ 0.01, 0% ≤ 0.02, 0% ≤ 0.05, 0% ≤ 0.1, 7% ≤ 0.2, 65% ≤ 0.5, 35% ≥ 0.50
[LN213    ] [chunk_18_phase_4_ensemble.py] [info] [section 1] [LIGHTGBM] [label_threshold_optimal] LABEL_THRESHOLD=0.0
[LN214    ] [chunk_18_phase_4_ensemble.py] [info] [section 1] [LIGHTGBM] [label_threshold_optimal] train_precision=0.7886 train_true_positives=46603 train_true_negatives=47097 train_false_positives=12492 train_false_negatives=13118 train_max_prediction=0.9945 train_mean_prediction=0.5001 train_recall=0.7803 train_f1=0.7845 train_auc=0.8680 train_specificity=0.7904 train_false_positive_rate=0.2096 train_f2=0.7820 train_mcc=0.5707 train_prauc=0.8657 train_balanced_accuracy=0.7854 train_brier=0.1826 train_kappa=0.5707 train_informedness=0.5707 train_markedness=0.5790 train_gini=0.7359 train_optimal_threshold=0.5020 train_standard_deviation_prediction=0.1454 train_percentage_above_threshold=49.53
[LN215    ] [chunk_18_phase_4_ensemble.py] [info] [section 1] [LIGHTGBM] [label_threshold_optimal] VALIDATION_PRECISION=0.5321 VALIDATION_TRUE_POSITIVES=9951 VALIDATION_TRUE_NEGATIVES=15730 validation_false_positives=8750 validation_false_negatives=18823 validation_max_prediction=0.9767 validation_mean_prediction=0.4389 validation_recall=0.3458 validation_f1=0.4192 validation_auc=0.4860 validation_specificity=0.6426 validation_false_positive_rate=0.3574 validation_f2=0.3719 validation_mcc=-0.0121 validation_prauc=0.5515 validation_balanced_accuracy=0.4942 validation_brier=0.2882 validation_kappa=-0.0113 validation_informedness=-0.0116 validation_markedness=0.1747 validation_gini=0.0000 validation_optimal_threshold=0.7667 validation_standard_deviation_prediction=0.1662 validation_percentage_above_threshold=35.12
[LN216    ] [chunk_18_phase_4_ensemble.py] [info] [section 1] [LIGHTGBM] [label_threshold_optimal] prediction_binary_split=0.50
[LN217    ] [chunk_21_hyperparam_optimizer.py] [info] [section 2] [LIGHTGBM] [hyperparameter_optimization search] Running Bayesian optimization (5 trials)...
[LN218    ] [chunk_21_hyperparam_optimizer.py] [info] [section 2] [LIGHTGBM] [hyperparameter_optimization search baseline] LABEL_THRESHOLD=0.0
[LN219    ] [chunk_21_hyperparam_optimizer.py] [info] [section 2] [LIGHTGBM] [hyperparameter_optimization search baseline] VALIDATION_PRECISION=0.5255 VALIDATION_TRUE_POSITIVES=9958 VALIDATION_TRUE_NEGATIVES=15487 validation_false_positives=8993 validation_false_negatives=18816 validation_max_prediction=0.9426 validation_mean_prediction=0.4472 validation_recall=0.3461 validation_f1=0.4173 validation_auc=0.4851 validation_specificity=0.6326 validation_false_positive_rate=0.3674 validation_f2=0.3714 validation_mcc=-0.0222 validation_prauc=0.5512 validation_balanced_accuracy=0.4894 validation_brier=0.2789 validation_kappa=-0.0207 validation_informedness=-0.0213 validation_markedness=0.1581 validation_gini=0.0000 validation_optimal_threshold=0.6655 validation_standard_deviation_prediction=0.1420 validation_percentage_above_threshold=35.59
[LN220    ] [chunk_21_hyperparam_optimizer.py] [info] [section 2] [LIGHTGBM] [hyperparameter_optimization search baseline] TRIAL 1/5: n_estimators=300, num_leaves=63, learning_rate=0.08, min_child_samples=50, reg_alpha=0.1, reg_lambda=0.5, subsample=0.8, colsample_bytree=0.8, min_split_gain=0.01
[LN221    ] [chunk_21_hyperparam_optimizer.py] [info] [section 2] [LIGHTGBM] [hyperparameter_optimization search baseline] LABEL_THRESHOLD=0.0
[LN222    ] [chunk_21_hyperparam_optimizer.py] [info] [section 2] [LIGHTGBM] [hyperparameter_optimization search baseline] VALIDATION_PRECISION=0.5325 VALIDATION_TRUE_POSITIVES=10010 VALIDATION_TRUE_NEGATIVES=15692 validation_false_positives=8788 validation_false_negatives=18764 validation_max_prediction=0.9589 validation_mean_prediction=0.4458 validation_recall=0.3479 validation_f1=0.4208 validation_auc=0.4866 validation_specificity=0.6410 validation_false_positive_rate=0.3590 validation_f2=0.3738 validation_mcc=-0.0116 validation_prauc=0.5546 validation_balanced_accuracy=0.4944 validation_brier=0.2800 validation_kappa=-0.0108 validation_informedness=-0.0111 validation_markedness=0.1735 validation_gini=0.0000 validation_optimal_threshold=0.6998 validation_standard_deviation_prediction=0.1460 validation_percentage_above_threshold=35.30
[LN223    ] [chunk_21_hyperparam_optimizer.py] [info] [section 2] [LIGHTGBM] [hyperparameter_optimization search baseline] TRIAL 2/5: n_estimators=500, num_leaves=63, learning_rate=0.08, min_child_samples=100, reg_alpha=1.0, reg_lambda=5.0, subsample=0.6, colsample_bytree=0.6, min_split_gain=0.01
[LN224    ] [chunk_21_hyperparam_optimizer.py] [info] [section 2] [LIGHTGBM] [hyperparameter_optimization search baseline] LABEL_THRESHOLD=0.0
[LN225    ] [chunk_21_hyperparam_optimizer.py] [info] [section 2] [LIGHTGBM] [hyperparameter_optimization search baseline] VALIDATION_PRECISION=0.5272 VALIDATION_TRUE_POSITIVES=9753 VALIDATION_TRUE_NEGATIVES=15734 validation_false_positives=8746 validation_false_negatives=19021 validation_max_prediction=0.9517 validation_mean_prediction=0.4507 validation_recall=0.3390 validation_f1=0.4126 validation_auc=0.4831 validation_specificity=0.6427 validation_false_positive_rate=0.3573 validation_f2=0.3650 validation_mcc=-0.0192 validation_prauc=0.5526 validation_balanced_accuracy=0.4908 validation_brier=0.2733 validation_kappa=-0.0178 validation_informedness=-0.0183 validation_markedness=0.1699 validation_gini=0.0000 validation_optimal_threshold=0.6277 validation_standard_deviation_prediction=0.1253 validation_percentage_above_threshold=34.74
[LN226    ] [chunk_21_hyperparam_optimizer.py] [info] [section 2] [LIGHTGBM] [hyperparameter_optimization search baseline] TRIAL 3/5: n_estimators=500, num_leaves=63, learning_rate=0.03, min_child_samples=100, reg_alpha=0.1, reg_lambda=0.5, subsample=0.9, colsample_bytree=0.8, min_split_gain=0.1
[LN227    ] [chunk_21_hyperparam_optimizer.py] [info] [section 2] [LIGHTGBM] [hyperparameter_optimization search baseline] LABEL_THRESHOLD=0.0
[LN228    ] [chunk_21_hyperparam_optimizer.py] [info] [section 2] [LIGHTGBM] [hyperparameter_optimization search baseline] VALIDATION_PRECISION=0.5313 VALIDATION_TRUE_POSITIVES=9785 VALIDATION_TRUE_NEGATIVES=15847 validation_false_positives=8633 validation_false_negatives=18989 validation_max_prediction=0.9660 validation_mean_prediction=0.4436 validation_recall=0.3401 validation_f1=0.4147 validation_auc=0.4854 validation_specificity=0.6473 validation_false_positive_rate=0.3527 validation_f2=0.3664 validation_mcc=-0.0132 validation_prauc=0.5549 validation_balanced_accuracy=0.4937 validation_brier=0.2805 validation_kappa=-0.0122 validation_informedness=-0.0126 validation_markedness=0.1786 validation_gini=0.0000 validation_optimal_threshold=0.6501 validation_standard_deviation_prediction=0.1462 validation_percentage_above_threshold=34.59
[LN229    ] [chunk_21_hyperparam_optimizer.py] [info] [section 2] [LIGHTGBM] [hyperparameter_optimization search baseline] TRIAL 4/5: n_estimators=800, num_leaves=63, learning_rate=0.05, min_child_samples=200, reg_alpha=0.5, reg_lambda=10.0, subsample=0.8, colsample_bytree=1.0, min_split_gain=0.0
[LN230    ] [chunk_21_hyperparam_optimizer.py] [info] [section 2] [LIGHTGBM] [hyperparameter_optimization search baseline] LABEL_THRESHOLD=0.0
[LN231    ] [chunk_21_hyperparam_optimizer.py] [info] [section 2] [LIGHTGBM] [hyperparameter_optimization search baseline] VALIDATION_PRECISION=0.5267 VALIDATION_TRUE_POSITIVES=9772 VALIDATION_TRUE_NEGATIVES=15698 validation_false_positives=8782 validation_false_negatives=19002 validation_max_prediction=0.9318 validation_mean_prediction=0.4529 validation_recall=0.3396 validation_f1=0.4129 validation_auc=0.4826 validation_specificity=0.6413 validation_false_positive_rate=0.3587 validation_f2=0.3656 validation_mcc=-0.0200 validation_prauc=0.5537 validation_balanced_accuracy=0.4904 validation_brier=0.2717 validation_kappa=-0.0186 validation_informedness=-0.0191 validation_markedness=0.1679 validation_gini=0.0000 validation_optimal_threshold=0.5994 validation_standard_deviation_prediction=0.1195 validation_percentage_above_threshold=34.84
[LN232    ] [chunk_21_hyperparam_optimizer.py] [info] [section 2] [LIGHTGBM] [hyperparameter_optimization search baseline] TRIAL 5/5: n_estimators=800, num_leaves=31, learning_rate=0.03, min_child_samples=200, reg_alpha=0.1, reg_lambda=10.0, subsample=0.7, colsample_bytree=0.6, min_split_gain=0.01
[LN233    ] [chunk_21_hyperparam_optimizer.py] [info] [section 2] [LIGHTGBM] [best trial] LABEL_THRESHOLD=0.0
[LN234    ] [chunk_21_hyperparam_optimizer.py] [info] [section 2] [LIGHTGBM] [best trial] VALIDATION_PRECISION=0.5325 VALIDATION_TRUE_POSITIVES=10010 VALIDATION_TRUE_NEGATIVES=15692 validation_false_positives=8788 validation_false_negatives=18764 validation_max_prediction=0.9589 validation_mean_prediction=0.4458 validation_recall=0.3479 validation_f1=0.4208 validation_auc=0.4866 validation_specificity=0.6410 validation_false_positive_rate=0.3590 validation_f2=0.3738 validation_mcc=-0.0116 validation_prauc=0.5546 validation_balanced_accuracy=0.4944 validation_brier=0.2800 validation_kappa=-0.0108 validation_informedness=-0.0111 validation_markedness=0.1735 validation_gini=0.0000 validation_optimal_threshold=0.6998 validation_standard_deviation_prediction=0.1460 validation_percentage_above_threshold=35.30
[LN235    ] [chunk_21_hyperparam_optimizer.py] [info] [section 2] [LIGHTGBM] [best trial] n_estimators=500, num_leaves=63, learning_rate=0.08, min_child_samples=100, reg_alpha=1.0, reg_lambda=5.0, subsample=0.6, colsample_bytree=0.6, min_split_gain=0.01
[LN236    ] [chunk_18_phase_4_ensemble.py] [info]    [diagnostic-hyperparameter_optimization]  cumulative binary_split_predictions (1%) ≤ 0.1442, (5%) ≤ 0.2136, (10%) ≤ 0.2567, (25%) ≤ 0.3404, (50%) ≤ 0.4415, (75%) ≤ 0.5462, (90%) ≤ 0.6383, (95%) ≤ 0.6882, (99%) ≤ 0.7942, max=0.9589 binary_split_predictions distribution: 0% ≤ 0.01, 0% ≤ 0.02, 0% ≤ 0.05, 0% ≤ 0.1, 4% ≤ 0.2, 65% ≤ 0.5, 35% ≥ 0.50
[LN237    ] [chunk_18_phase_4_ensemble.py] [info]    hyperparameter_optimization improved: 0.5325 > 0.5321
[LN238    ] [chunk_18_phase_4_ensemble.py] [info] [section 3] [LIGHTGBM] [HYPERPARAMETER_OPTIMIZATION] LABEL_THRESHOLD=0.0,
[LN239    ] [chunk_18_phase_4_ensemble.py] [info] [section 3] [LIGHTGBM] [HYPERPARAMETER_OPTIMIZATION] VALIDATION_PRECISION=0.5325 VALIDATION_TRUE_POSITIVES=10010 VALIDATION_TRUE_NEGATIVES=15692 validation_false_positives=8788 validation_false_negatives=18764 validation_max_prediction=0.9589 validation_mean_prediction=0.4458 validation_recall=0.3479 validation_f1=0.4208 validation_auc=0.4866 validation_specificity=0.6410 validation_false_positive_rate=0.3590 validation_f2=0.3738 validation_mcc=-0.0116 validation_prauc=0.5546 validation_balanced_accuracy=0.4944 validation_brier=0.2800 validation_kappa=-0.0108 validation_informedness=-0.0111 validation_markedness=0.1735 validation_gini=0.0000 validation_optimal_threshold=0.6998 validation_standard_deviation_prediction=0.1460 validation_percentage_above_threshold=35.30
[LN240    ] [chunk_18_phase_4_ensemble.py] [info] [section 3] [LIGHTGBM] [HYPERPARAMETER_OPTIMIZATION] prediction_binary_split=0.50 hyperparams=(loss=binary_crossentropy lr=0.08 dropout=0.1 alpha=0.0 gamma=0.0 latent_dim=0) improved=True {'n_estimators': 500, 'num_leaves': 63, 'learning_rate': 0.08, 'min_child_samples': 100, 'reg_alpha': 1.0, 'reg_lambda': 5.0, 'subsample': 0.6, 'colsample_bytree': 0.6, 'min_split_gain': 0.01}
[LN241    ] [chunk_18_phase_4_ensemble.py] [info]    Running post hyperparameter_optimization threshold search for LightGBM...
[LN242    ] [chunk_12_evaluation_evaluator.py] [info] [LIGHTGBM] label_threshold=20.0 train_below_prediction_binary_split=118,621 train_above_prediction_binary_split=689 train_positive_found=true val_below_prediction_binary_split=52,918 val_above_prediction_binary_split=336 val_positive_found=true
[LN243    ] [chunk_12_evaluation_evaluator.py] [info] [LIGHTGBM] [reject] skipping LABEL_THRESHOLD=20.0: validation_precision=0.0112 <= baseline+0.0100=0.0163
[LN244    ] [chunk_12_evaluation_evaluator.py] [info] [LIGHTGBM] label_threshold=10.0 train_below_prediction_binary_split=116,756 train_above_prediction_binary_split=2,554 train_positive_found=true val_below_prediction_binary_split=52,057 val_above_prediction_binary_split=1,197 val_positive_found=true
[LN245    ] [chunk_12_evaluation_evaluator.py] [info] [LIGHTGBM] [reject] skipping LABEL_THRESHOLD=10.0: validation_precision=0.0086 <= baseline+0.0100=0.0325
[LN246    ] [chunk_12_evaluation_evaluator.py] [info] [LIGHTGBM] label_threshold=0.0 train_below_prediction_binary_split=59,589 train_above_prediction_binary_split=59,721 train_positive_found=true val_below_prediction_binary_split=24,480 val_above_prediction_binary_split=28,774 val_positive_found=true
[LN247    ] [chunk_12_evaluation_evaluator.py] [info] [LIGHTGBM] [diagnostic] LABEL_THRESHOLD=0.0 train_precision=0.7334 train_true_positives=43144 train_true_negatives=43904 train_false_positives=15685 train_false_negatives=16577 train_max_prediction=0.9879 train_mean_prediction=0.5001 train_recall=0.7224 train_f1=0.7279 train_auc=0.8070 train_specificity=0.7368 train_false_positive_rate=0.2632 train_f2=0.7246 train_mcc=0.4592 train_prauc=0.8024 train_balanced_accuracy=0.7296 train_brier=0.2014 train_kappa=0.4592 train_informedness=0.4592 train_markedness=0.4702 train_gini=0.6139 train_optimal_threshold=0.5004 train_standard_deviation_prediction=0.1259 train_percentage_above_threshold=49.31
[LN248    ] [chunk_12_evaluation_evaluator.py] [info] [LIGHTGBM] [diagnostic] LABEL_THRESHOLD=0.0 VALIDATION_PRECISION=0.5325 VALIDATION_TRUE_POSITIVES=10010 VALIDATION_TRUE_NEGATIVES=15692 validation_false_positives=8788 validation_false_negatives=18764 validation_max_prediction=0.9589 validation_mean_prediction=0.4458 validation_recall=0.3479 validation_f1=0.4208 validation_auc=0.4866 validation_specificity=0.6410 validation_false_positive_rate=0.3590 validation_f2=0.3738 validation_mcc=-0.0116 validation_prauc=0.5546 validation_balanced_accuracy=0.4944 validation_brier=0.2800 validation_kappa=-0.0108 validation_informedness=-0.0111 validation_markedness=0.1735 validation_gini=0.0000 validation_optimal_threshold=0.6998 validation_standard_deviation_prediction=0.1460 validation_percentage_above_threshold=35.30
[LN249    ] [chunk_18_phase_4_ensemble.py] [info]    hyperparameter_optimization model threshold search: LABEL_THRESHOLD=0.0, VALIDATION_PRECISION=0.5325
[LN250    ] [chunk_18_phase_4_ensemble.py] [info]    post hyperparameter_optimization threshold search: LABEL_THRESHOLD=0.0, VALIDATION_PRECISION=0.5325
[LN251    ] [chunk_18_phase_4_ensemble.py] [info]    post hyperparameter_optimization no improvement: keeping LABEL_THRESHOLD=0.0
[LN252    ] [chunk_18_phase_4_ensemble.py] [info] [section 4] [LIGHTGBM] [post hyperparameter_optimization] [diagnostic]  cumulative binary_split_predictions (1%) ≤ 0.1442, (5%) ≤ 0.2136, (10%) ≤ 0.2567, (25%) ≤ 0.3404, (50%) ≤ 0.4415, (75%) ≤ 0.5462, (90%) ≤ 0.6383, (95%) ≤ 0.6882, (99%) ≤ 0.7942, max=0.9589 binary_split_predictions distribution: 0% ≤ 0.01, 0% ≤ 0.02, 0% ≤ 0.05, 0% ≤ 0.1, 4% ≤ 0.2, 65% ≤ 0.5, 35% ≥ 0.50
[LN253    ] [chunk_18_phase_4_ensemble.py] [info] [section 4] [LIGHTGBM] [post hyperparameter_optimization] LABEL_THRESHOLD=0.0,
[LN254    ] [chunk_18_phase_4_ensemble.py] [info] [section 4] [LIGHTGBM] [post hyperparameter_optimization] VALIDATION_PRECISION=0.5325 VALIDATION_TRUE_POSITIVES=10010 VALIDATION_TRUE_NEGATIVES=15692 validation_false_positives=8788 validation_false_negatives=18764 validation_max_prediction=0.9589 validation_mean_prediction=0.4458 validation_recall=0.3479 validation_f1=0.4208 validation_auc=0.4866 validation_specificity=0.6410 validation_false_positive_rate=0.3590 validation_f2=0.3738 validation_mcc=-0.0116 validation_prauc=0.5546 validation_balanced_accuracy=0.4944 validation_brier=0.2800 validation_kappa=-0.0108 validation_informedness=-0.0111 validation_markedness=0.1735 validation_gini=0.0000 validation_optimal_threshold=0.6998 validation_standard_deviation_prediction=0.1460 validation_percentage_above_threshold=35.30
[LN255    ] [chunk_18_phase_4_ensemble.py] [info] [section 4] [LIGHTGBM] [post hyperparameter_optimization] prediction_binary_split=0.50 hyperparams=(loss=binary_crossentropy lr=0.08 dropout=0.0 alpha=1.0 gamma=1.0 latent_dim=64) source=section3
[LN256    ] [chunk_18_phase_4_ensemble.py] [info]    Using Hyperparameter_Optimized model directly (no change to Label_Threshold)
[LN257    ] [chunk_18_phase_4_ensemble.py] [info]    Train predictions: mean=0.5001, std=0.1259, min=0.0529, max=0.9879
[LN258    ] [chunk_18_phase_4_ensemble.py] [info]    validation predictions:   mean=0.4458, std=0.1460, min=0.0486, max=0.9589
[LN259    ] [chunk_18_phase_4_ensemble.py] [info] [section 5] [LIGHTGBM] [final] [diagnostic] Train  cumulative binary_split_predictions (1%) ≤ 0.1985, (5%) ≤ 0.2998, (10%) ≤ 0.3458, (25%) ≤ 0.4196, (50%) ≤ 0.4980, (75%) ≤ 0.5769, (90%) ≤ 0.6537, (95%) ≤ 0.7067, (99%) ≤ 0.8447, max=0.9879 binary_split_predictions distribution: 0% ≤ 0.01, 0% ≤ 0.02, 0% ≤ 0.05, 0% ≤ 0.1, 1% ≤ 0.2, 51% ≤ 0.5, 49% ≥ 0.50
[LN260    ] [chunk_18_phase_4_ensemble.py] [info] [section 5] [LIGHTGBM] [final] [diagnostic] validation    cumulative binary_split_predictions (1%) ≤ 0.1442, (5%) ≤ 0.2136, (10%) ≤ 0.2567, (25%) ≤ 0.3404, (50%) ≤ 0.4415, (75%) ≤ 0.5462, (90%) ≤ 0.6383, (95%) ≤ 0.6882, (99%) ≤ 0.7942, max=0.9589 binary_split_predictions distribution: 0% ≤ 0.01, 0% ≤ 0.02, 0% ≤ 0.05, 0% ≤ 0.1, 4% ≤ 0.2, 65% ≤ 0.5, 35% ≥ 0.50
[LN261    ] [chunk_18_phase_4_ensemble.py] [info]    Train predictions: 49.31% positive predictions (58,829 / 119,310)
[LN262    ] [chunk_18_phase_4_ensemble.py] [info]    validation predictions:   35.30% positive predictions (18,798 / 53,254)
[LN263    ] [chunk_18_phase_4_ensemble.py] [info]    [info] Section 4 all rejected - using Section 3 results for Section 5
[LN264    ] [chunk_18_phase_4_ensemble.py] [info]    [diagnostic] prediction_buckets: 0-10:1974, 10-20:7033, 20-30:11836, 30-40:13545, 40-50:10649, 50-60:5901, 60-70:1764, 70-80:331, 80-90:153, 90-100:0
[LN265    ] [chunk_18_phase_4_ensemble.py] [info] [section 5] [LIGHTGBM] [final] LABEL_THRESHOLD=0.0,
[LN266    ] [chunk_18_phase_4_ensemble.py] [info] [section 5] [LIGHTGBM] [final] train_precision=0.7334 train_true_positives=43144 train_true_negatives=43904 train_false_positives=15685 train_false_negatives=16577 train_max_prediction=0.9879 train_mean_prediction=0.5001 train_recall=0.7224 train_f1=0.7279 train_auc=0.8070 train_specificity=0.7368 train_false_positive_rate=0.2632 train_f2=0.7246 train_mcc=0.4592 train_prauc=0.8024 train_balanced_accuracy=0.7296 train_standard_deviation_prediction=0.1259 train_percentage_above_threshold=49.31 train_brier=0.2014 train_kappa=0.4592 train_informedness=0.4592 train_markedness=0.4702 train_gini=0.6139 train_optimal_threshold=0.5004
[LN267    ] [chunk_18_phase_4_ensemble.py] [info] [section 5] [LIGHTGBM] [final] VALIDATION_PRECISION=0.5325 VALIDATION_TRUE_POSITIVES=10010 VALIDATION_TRUE_NEGATIVES=15692 validation_false_positives=8788 validation_false_negatives=18764 validation_max_prediction=0.9589 validation_mean_prediction=0.4458 validation_recall=0.3479 validation_f1=0.4208 validation_auc=0.4866 validation_specificity=0.6410 validation_false_positive_rate=0.3590 validation_f2=0.3738 validation_mcc=-0.0116 validation_prauc=0.5546 validation_balanced_accuracy=0.4944 validation_brier=0.2800 validation_kappa=-0.0108 validation_informedness=-0.0111 validation_markedness=0.1735 validation_gini=0.0000 validation_optimal_threshold=0.6998 validation_standard_deviation_prediction=0.1460 validation_percentage_above_threshold=35.30
[LN268    ] [chunk_18_phase_4_ensemble.py] [info] [section 5] [LIGHTGBM] [final] prediction_binary_split=0.50 hyperparams=(loss=binary_crossentropy lr=0.08 dropout=0.0 alpha=1.0 gamma=1.0 latent_dim=64) (using HPO model directly)
[LN269    ] [chunk_18_phase_4_ensemble.py] [info]    LightGBM loss=binary_crossentropy pred_threshold=0.5 epochs=3
[LN270    ] [chunk_18_phase_4_ensemble.py] [info]    [LightGBM] hyperparameter_optimization: learning_rate=0.08
[LN271    ] [chunk_18_phase_4_ensemble.py] [info]    LightGBM training time: 37.4s
[LN272    ] [chunk_18_phase_4_ensemble.py] [info] [pass] LightGBM trained successfully
[LN273    ] [chunk_18_phase_4_ensemble.py] [info] [section 1] [XGBOOST] [baseline] LABEL_THRESHOLD=20.0,
[LN274    ] [chunk_18_phase_4_ensemble.py] [info] [section 1] [XGBOOST] [baseline] predictions: mean=0.0038, std=0.0196, min=0.0000, max=0.8425
[LN275    ] [chunk_18_phase_4_ensemble.py] [info] [section 1] [XGBOOST] [baseline]  cumulative binary_split_predictions (1%) ≤ 0.0000, (5%) ≤ 0.0000, (10%) ≤ 0.0000, (25%) ≤ 0.0000, (50%) ≤ 0.0001, (75%) ≤ 0.0012, (90%) ≤ 0.0065, (95%) ≤ 0.0154, (99%) ≤ 0.0673, max=0.8425 binary_split_predictions distribution: 93% ≤ 0.01, 96% ≤ 0.02, 99% ≤ 0.05, 99% ≤ 0.1, 100% ≤ 0.2, 100% ≤ 0.5, 0% ≥ 0.50
[LN276    ] [chunk_18_phase_4_ensemble.py] [info] [section 1] [XGBOOST] [baseline] prediction_binary_split=0.50, VALIDATION predictions at LABEL_THRESHOLD=20.0: 0.02%
[LN277    ] [chunk_18_phase_4_ensemble.py] [info] [section 1] [XGBOOST] [baseline] LABEL_THRESHOLD=20.0,
[LN278    ] [chunk_18_phase_4_ensemble.py] [info] [section 1] [XGBOOST] [baseline] VALIDATION_PRECISION=0.0000 VALIDATION_TRUE_POSITIVES=0 VALIDATION_TRUE_NEGATIVES=52910 validation_false_positives=8 validation_false_negatives=336 validation_max_prediction=0.8425 validation_mean_prediction=0.0038 validation_recall=0.0000 validation_f1=0.0000 validation_auc=0.8636 validation_specificity=0.9998 validation_false_positive_rate=0.0002 validation_f2=0.0000 validation_mcc=-0.0010 validation_prauc=0.0340 validation_balanced_accuracy=0.4999 validation_brier=0.0064 validation_kappa=-0.0003 validation_informedness=-0.0002 validation_markedness=-0.0002 validation_gini=0.7272 validation_optimal_threshold=0.0005 validation_standard_deviation_prediction=0.0196 validation_percentage_above_threshold=0.02
[LN279    ] [chunk_18_phase_4_ensemble.py] [info] [section 1] [XGBOOST] [baseline] prediction_binary_split=0.50 loss=binary_crossentropy, lr=0.001
[LN280    ] [chunk_12_evaluation_evaluator.py] [info] [XGBOOST] label_threshold=20.0 train_below_prediction_binary_split=118,621 train_above_prediction_binary_split=689 train_positive_found=true val_below_prediction_binary_split=52,918 val_above_prediction_binary_split=336 val_positive_found=true
[LN281    ] [chunk_12_evaluation_evaluator.py] [info] [reject] threshold=20.0 action=skipped reason=insufficient_positive_predictions positive_predictions=49 minimum_positive_required=53
[LN282    ] [chunk_12_evaluation_evaluator.py] [info] [XGBOOST] label_threshold=10.0 train_below_prediction_binary_split=116,756 train_above_prediction_binary_split=2,554 train_positive_found=true val_below_prediction_binary_split=52,057 val_above_prediction_binary_split=1,197 val_positive_found=true
[LN283    ] [chunk_12_evaluation_evaluator.py] [info] [XGBOOST] [diagnostic] LABEL_THRESHOLD=10.0 train_precision=0.3108 train_true_positives=2554 train_true_negatives=111092 train_false_positives=5664 train_false_negatives=0 train_max_prediction=0.9988 train_mean_prediction=0.1094 train_recall=1.0000 train_f1=0.4742 train_auc=0.9999 train_specificity=0.9515 train_false_positive_rate=0.0485 train_f2=0.6927 train_mcc=0.5438 train_prauc=0.9969 train_balanced_accuracy=0.9757 train_brier=0.0359 train_kappa=0.4564 train_informedness=0.9515 train_markedness=0.2623 train_gini=0.9999 train_optimal_threshold=0.9261 train_standard_deviation_prediction=0.2113 train_percentage_above_threshold=6.89
[LN284    ] [chunk_12_evaluation_evaluator.py] [info] [XGBOOST] [diagnostic] LABEL_THRESHOLD=10.0 VALIDATION_PRECISION=0.0762 VALIDATION_TRUE_POSITIVES=196 VALIDATION_TRUE_NEGATIVES=49680 validation_false_positives=2377 validation_false_negatives=1001 validation_max_prediction=0.9915 validation_mean_prediction=0.0800 validation_recall=0.1637 validation_f1=0.1040 validation_auc=0.8065 validation_specificity=0.9543 validation_false_positive_rate=0.0457 validation_f2=0.1331 validation_mcc=0.0816 validation_prauc=0.0661 validation_balanced_accuracy=0.5590 validation_brier=0.0469 validation_kappa=0.0756 validation_informedness=0.1181 validation_markedness=0.0305 validation_gini=0.6131 validation_optimal_threshold=0.0174 validation_standard_deviation_prediction=0.1690 validation_percentage_above_threshold=4.83
[LN285    ] [chunk_12_evaluation_evaluator.py] [info] [XGBOOST] label_threshold=0.0 train_below_prediction_binary_split=59,589 train_above_prediction_binary_split=59,721 train_positive_found=true val_below_prediction_binary_split=24,480 val_above_prediction_binary_split=28,774 val_positive_found=true
[LN286    ] [chunk_12_evaluation_evaluator.py] [info] [XGBOOST] [reject] skipping LABEL_THRESHOLD=0.0: pos_pred_ratio=96.45% outside [0%, 60%]
[LN287    ] [chunk_18_phase_4_ensemble.py] [info] [section 1] [XGBOOST] [label_threshold_optimal]  cumulative binary_split_predictions (1%) ≤ 0.0000, (5%) ≤ 0.0001, (10%) ≤ 0.0002, (25%) ≤ 0.0009, (50%) ≤ 0.0046, (75%) ≤ 0.0578, (90%) ≤ 0.2874, (95%) ≤ 0.4915, (99%) ≤ 0.7970, max=0.9915 binary_split_predictions distribution: 59% ≤ 0.01, 65% ≤ 0.02, 74% ≤ 0.05, 80% ≤ 0.1, 86% ≤ 0.2, 95% ≤ 0.5, 5% ≥ 0.50
[LN288    ] [chunk_18_phase_4_ensemble.py] [info] [section 1] [XGBOOST] [label_threshold_optimal] LABEL_THRESHOLD=10.0
[LN289    ] [chunk_18_phase_4_ensemble.py] [info] [section 1] [XGBOOST] [label_threshold_optimal] train_precision=0.3108 train_true_positives=2554 train_true_negatives=111092 train_false_positives=5664 train_false_negatives=0 train_max_prediction=0.9988 train_mean_prediction=0.1094 train_recall=1.0000 train_f1=0.4742 train_auc=0.9999 train_specificity=0.9515 train_false_positive_rate=0.0485 train_f2=0.6927 train_mcc=0.5438 train_prauc=0.9969 train_balanced_accuracy=0.9757 train_brier=0.0359 train_kappa=0.4564 train_informedness=0.9515 train_markedness=0.2623 train_gini=0.9999 train_optimal_threshold=0.9261 train_standard_deviation_prediction=0.2113 train_percentage_above_threshold=6.89
[LN290    ] [chunk_18_phase_4_ensemble.py] [info] [section 1] [XGBOOST] [label_threshold_optimal] VALIDATION_PRECISION=0.0762 VALIDATION_TRUE_POSITIVES=196 VALIDATION_TRUE_NEGATIVES=49680 validation_false_positives=2377 validation_false_negatives=1001 validation_max_prediction=0.9915 validation_mean_prediction=0.0800 validation_recall=0.1637 validation_f1=0.1040 validation_auc=0.8065 validation_specificity=0.9543 validation_false_positive_rate=0.0457 validation_f2=0.1331 validation_mcc=0.0816 validation_prauc=0.0661 validation_balanced_accuracy=0.5590 validation_brier=0.0469 validation_kappa=0.0756 validation_informedness=0.1181 validation_markedness=0.0305 validation_gini=0.6131 validation_optimal_threshold=0.0174 validation_standard_deviation_prediction=0.1690 validation_percentage_above_threshold=4.83
[LN291    ] [chunk_18_phase_4_ensemble.py] [info] [section 1] [XGBOOST] [label_threshold_optimal] prediction_binary_split=0.50
[LN292    ] [chunk_21_hyperparam_optimizer.py] [info] [section 2] [XGBOOST] [hyperparameter_optimization search] Running Bayesian optimization (5 trials)...
[LN293    ] [chunk_21_hyperparam_optimizer.py] [info] [section 2] [XGBOOST] [hyperparameter_optimization search baseline] LABEL_THRESHOLD=10.0
[LN294    ] [chunk_21_hyperparam_optimizer.py] [info] [section 2] [XGBOOST] [hyperparameter_optimization search baseline] VALIDATION_PRECISION=0.0385 VALIDATION_TRUE_POSITIVES=1176 VALIDATION_TRUE_NEGATIVES=22660 validation_false_positives=29397 validation_false_negatives=21 validation_max_prediction=0.9524 validation_mean_prediction=0.6017 validation_recall=0.9825 validation_f1=0.0740 validation_auc=0.8496 validation_specificity=0.4353 validation_false_positive_rate=0.5647 validation_f2=0.1663 validation_mcc=0.1252 validation_prauc=0.1092 validation_balanced_accuracy=0.7089 validation_brier=0.3974 validation_kappa=0.0322 validation_informedness=0.4177 validation_markedness=-0.5262 validation_gini=0.6993 validation_optimal_threshold=0.7529 validation_standard_deviation_prediction=0.2277 validation_percentage_above_threshold=57.41
[LN295    ] [chunk_21_hyperparam_optimizer.py] [info] [section 2] [XGBOOST] [hyperparameter_optimization search baseline] TRIAL 1/5: n_estimators=200, max_depth=3, learning_rate=0.01, min_child_weight=100, reg_alpha=0.0, reg_lambda=5.0, subsample=0.6, colsample_bytree=0.5, gamma=0.1
[LN296    ] [chunk_21_hyperparam_optimizer.py] [info] [section 2] [XGBOOST] [hyperparameter_optimization search baseline] LABEL_THRESHOLD=10.0
[LN297    ] [chunk_21_hyperparam_optimizer.py] [info] [section 2] [XGBOOST] [hyperparameter_optimization search baseline] VALIDATION_PRECISION=0.0439 VALIDATION_TRUE_POSITIVES=1151 VALIDATION_TRUE_NEGATIVES=26962 validation_false_positives=25095 validation_false_negatives=46 validation_max_prediction=0.9744 validation_mean_prediction=0.5510 validation_recall=0.9616 validation_f1=0.0839 validation_auc=0.8552 validation_specificity=0.5179 validation_false_positive_rate=0.4821 validation_f2=0.1854 validation_mcc=0.1422 validation_prauc=0.1127 validation_balanced_accuracy=0.7398 validation_brier=0.3631 validation_kappa=0.0427 validation_informedness=0.4795 validation_markedness=-0.4382 validation_gini=0.7104 validation_optimal_threshold=0.7221 validation_standard_deviation_prediction=0.2766 validation_percentage_above_threshold=49.28
[LN298    ] [chunk_21_hyperparam_optimizer.py] [info] [section 2] [XGBOOST] [hyperparameter_optimization search baseline] TRIAL 2/5: n_estimators=300, max_depth=3, learning_rate=0.01, min_child_weight=100, reg_alpha=1.0, reg_lambda=1.0, subsample=0.8, colsample_bytree=1.0, gamma=0.1
[LN299    ] [chunk_21_hyperparam_optimizer.py] [info] [section 2] [XGBOOST] [hyperparameter_optimization search baseline] LABEL_THRESHOLD=10.0
[LN300    ] [chunk_21_hyperparam_optimizer.py] [info] [section 2] [XGBOOST] [hyperparameter_optimization search baseline] VALIDATION_PRECISION=0.0574 VALIDATION_TRUE_POSITIVES=1121 VALIDATION_TRUE_NEGATIVES=33633 validation_false_positives=18424 validation_false_negatives=76 validation_max_prediction=0.9919 validation_mean_prediction=0.3800 validation_recall=0.9365 validation_f1=0.1081 validation_auc=0.8699 validation_specificity=0.6461 validation_false_positive_rate=0.3539 validation_f2=0.2303 validation_mcc=0.1792 validation_prauc=0.1156 validation_balanced_accuracy=0.7913 validation_brier=0.2696 validation_kappa=0.0686 validation_informedness=0.5826 validation_markedness=-0.2966 validation_gini=0.7399 validation_optimal_threshold=0.6751 validation_standard_deviation_prediction=0.3768 validation_percentage_above_threshold=36.70
[LN301    ] [chunk_21_hyperparam_optimizer.py] [info] [section 2] [XGBOOST] [hyperparameter_optimization search baseline] TRIAL 3/5: n_estimators=300, max_depth=5, learning_rate=0.03, min_child_weight=200, reg_alpha=0.5, reg_lambda=1.0, subsample=0.8, colsample_bytree=1.0, gamma=0.5
[LN302    ] [chunk_21_hyperparam_optimizer.py] [info] [section 2] [XGBOOST] [hyperparameter_optimization search baseline] LABEL_THRESHOLD=10.0
[LN303    ] [chunk_21_hyperparam_optimizer.py] [info] [section 2] [XGBOOST] [hyperparameter_optimization search baseline] VALIDATION_PRECISION=0.0603 VALIDATION_TRUE_POSITIVES=1103 VALIDATION_TRUE_NEGATIVES=34875 validation_false_positives=17182 validation_false_negatives=94 validation_max_prediction=0.9925 validation_mean_prediction=0.3477 validation_recall=0.9215 validation_f1=0.1132 validation_auc=0.8693 validation_specificity=0.6699 validation_false_positive_rate=0.3301 validation_f2=0.2390 validation_mcc=0.1846 validation_prauc=0.1145 validation_balanced_accuracy=0.7957 validation_brier=0.2472 validation_kappa=0.0742 validation_informedness=0.5914 validation_markedness=-0.2697 validation_gini=0.7385 validation_optimal_threshold=0.6451 validation_standard_deviation_prediction=0.3772 validation_percentage_above_threshold=34.34
[LN304    ] [chunk_21_hyperparam_optimizer.py] [info] [section 2] [XGBOOST] [hyperparameter_optimization search baseline] TRIAL 4/5: n_estimators=300, max_depth=5, learning_rate=0.05, min_child_weight=200, reg_alpha=0.1, reg_lambda=10.0, subsample=0.8, colsample_bytree=1.0, gamma=0.5
[LN305    ] [chunk_21_hyperparam_optimizer.py] [info] [section 2] [XGBOOST] [hyperparameter_optimization search baseline] LABEL_THRESHOLD=10.0
[LN306    ] [chunk_21_hyperparam_optimizer.py] [info] [section 2] [XGBOOST] [hyperparameter_optimization search baseline] VALIDATION_PRECISION=0.0535 VALIDATION_TRUE_POSITIVES=1131 VALIDATION_TRUE_NEGATIVES=32037 validation_false_positives=20020 validation_false_negatives=66 validation_max_prediction=0.9944 validation_mean_prediction=0.4085 validation_recall=0.9449 validation_f1=0.1012 validation_auc=0.8676 validation_specificity=0.6154 validation_false_positive_rate=0.3846 validation_f2=0.2180 validation_mcc=0.1697 validation_prauc=0.1099 validation_balanced_accuracy=0.7801 validation_brier=0.2943 validation_kappa=0.0613 validation_informedness=0.5603 validation_markedness=-0.3311 validation_gini=0.7351 validation_optimal_threshold=0.7493 validation_standard_deviation_prediction=0.3806 validation_percentage_above_threshold=39.72
[LN307    ] [chunk_21_hyperparam_optimizer.py] [info] [section 2] [XGBOOST] [hyperparameter_optimization search baseline] TRIAL 5/5: n_estimators=500, max_depth=3, learning_rate=0.03, min_child_weight=50, reg_alpha=0.5, reg_lambda=5.0, subsample=0.7, colsample_bytree=1.0, gamma=0
[LN308    ] [chunk_21_hyperparam_optimizer.py] [info] [section 2] [XGBOOST] [best trial] LABEL_THRESHOLD=10.0
[LN309    ] [chunk_21_hyperparam_optimizer.py] [info] [section 2] [XGBOOST] [best trial] VALIDATION_PRECISION=0.0603 VALIDATION_TRUE_POSITIVES=1103 VALIDATION_TRUE_NEGATIVES=34875 validation_false_positives=17182 validation_false_negatives=94 validation_max_prediction=0.9925 validation_mean_prediction=0.3477 validation_recall=0.9215 validation_f1=0.1132 validation_auc=0.8693 validation_specificity=0.6699 validation_false_positive_rate=0.3301 validation_f2=0.2390 validation_mcc=0.1846 validation_prauc=0.1145 validation_balanced_accuracy=0.7957 validation_brier=0.2472 validation_kappa=0.0742 validation_informedness=0.5914 validation_markedness=-0.2697 validation_gini=0.7385 validation_optimal_threshold=0.6451 validation_standard_deviation_prediction=0.3772 validation_percentage_above_threshold=34.34
[LN310    ] [chunk_21_hyperparam_optimizer.py] [info] [section 2] [XGBOOST] [best trial] n_estimators=300, max_depth=5, learning_rate=0.05, min_child_weight=200, reg_alpha=0.1, reg_lambda=10.0, subsample=0.8, colsample_bytree=1.0, gamma=0.5
[LN311    ] [chunk_18_phase_4_ensemble.py] [info]    [diagnostic-hyperparameter_optimization]  cumulative binary_split_predictions (1%) ≤ 0.0015, (5%) ≤ 0.0032, (10%) ≤ 0.0059, (25%) ≤ 0.0200, (50%) ≤ 0.1256, (75%) ≤ 0.7809, (90%) ≤ 0.9370, (95%) ≤ 0.9613, (99%) ≤ 0.9802, max=0.9925 binary_split_predictions distribution: 16% ≤ 0.01, 25% ≤ 0.02, 38% ≤ 0.05, 47% ≤ 0.1, 55% ≤ 0.2, 66% ≤ 0.5, 34% ≥ 0.50
[LN312    ] [chunk_18_phase_4_ensemble.py] [info]    hyperparameter_optimization did NOT improve: 0.0603 <= 0.0762 - using pre hyperparameter_optimization model
[LN313    ] [chunk_18_phase_4_ensemble.py] [info] [section 3] [XGBOOST] [PRE-HYPERPARAMETER_OPTIMIZATION] LABEL_THRESHOLD=10.0,
[LN314    ] [chunk_18_phase_4_ensemble.py] [info] [section 3] [XGBOOST] [PRE-HYPERPARAMETER_OPTIMIZATION] VALIDATION_PRECISION=0.0762 VALIDATION_TRUE_POSITIVES=196 VALIDATION_TRUE_NEGATIVES=49680 validation_false_positives=2377 validation_false_negatives=1001 validation_max_prediction=0.9915 validation_mean_prediction=0.0800 validation_recall=0.1637 validation_f1=0.1040 validation_auc=0.8065 validation_specificity=0.9543 validation_false_positive_rate=0.0457 validation_f2=0.1331 validation_mcc=0.0816 validation_prauc=0.0661 validation_balanced_accuracy=0.5590 validation_brier=0.0469 validation_kappa=0.0756 validation_informedness=0.1181 validation_markedness=0.0305 validation_gini=0.6131 validation_optimal_threshold=0.0174 validation_standard_deviation_prediction=0.1690 validation_percentage_above_threshold=4.83
[LN315    ] [chunk_18_phase_4_ensemble.py] [info] [section 3] [XGBOOST] [PRE-HYPERPARAMETER_OPTIMIZATION] prediction_binary_split=0.50 hyperparams=(loss=binary_crossentropy lr=0.05 dropout=0.1 alpha=0.0 gamma=0.5 latent_dim=0) improved=False {'n_estimators': 300, 'max_depth': 5, 'learning_rate': 0.05, 'min_child_weight': 200, 'reg_alpha': 0.1, 'reg_lambda': 10.0, 'subsample': 0.8, 'colsample_bytree': 1.0, 'gamma': 0.5}
[LN316    ] [chunk_18_phase_4_ensemble.py] [info]    Running post hyperparameter_optimization threshold search for XGBoost...
[LN317    ] [chunk_12_evaluation_evaluator.py] [info] [XGBOOST] label_threshold=20.0 train_below_prediction_binary_split=118,621 train_above_prediction_binary_split=689 train_positive_found=true val_below_prediction_binary_split=52,918 val_above_prediction_binary_split=336 val_positive_found=true
[LN318    ] [chunk_12_evaluation_evaluator.py] [info] [reject] threshold=20.0 action=skipped reason=insufficient_positive_predictions positive_predictions=0 minimum_positive_required=53
[LN319    ] [chunk_12_evaluation_evaluator.py] [info] [XGBOOST] label_threshold=10.0 train_below_prediction_binary_split=116,756 train_above_prediction_binary_split=2,554 train_positive_found=true val_below_prediction_binary_split=52,057 val_above_prediction_binary_split=1,197 val_positive_found=true
[LN320    ] [chunk_12_evaluation_evaluator.py] [info] [XGBOOST] [diagnostic] LABEL_THRESHOLD=10.0 train_precision=0.3108 train_true_positives=2554 train_true_negatives=111092 train_false_positives=5664 train_false_negatives=0 train_max_prediction=0.9988 train_mean_prediction=0.1094 train_recall=1.0000 train_f1=0.4742 train_auc=0.9999 train_specificity=0.9515 train_false_positive_rate=0.0485 train_f2=0.6927 train_mcc=0.5438 train_prauc=0.9969 train_balanced_accuracy=0.9757 train_brier=0.0359 train_kappa=0.4564 train_informedness=0.9515 train_markedness=0.2623 train_gini=0.9999 train_optimal_threshold=0.9261 train_standard_deviation_prediction=0.2113 train_percentage_above_threshold=6.89
[LN321    ] [chunk_12_evaluation_evaluator.py] [info] [XGBOOST] [diagnostic] LABEL_THRESHOLD=10.0 VALIDATION_PRECISION=0.0762 VALIDATION_TRUE_POSITIVES=196 VALIDATION_TRUE_NEGATIVES=49680 validation_false_positives=2377 validation_false_negatives=1001 validation_max_prediction=0.9915 validation_mean_prediction=0.0800 validation_recall=0.1637 validation_f1=0.1040 validation_auc=0.8065 validation_specificity=0.9543 validation_false_positive_rate=0.0457 validation_f2=0.1331 validation_mcc=0.0816 validation_prauc=0.0661 validation_balanced_accuracy=0.5590 validation_brier=0.0469 validation_kappa=0.0756 validation_informedness=0.1181 validation_markedness=0.0305 validation_gini=0.6131 validation_optimal_threshold=0.0174 validation_standard_deviation_prediction=0.1690 validation_percentage_above_threshold=4.83
[LN322    ] [chunk_12_evaluation_evaluator.py] [info] [XGBOOST] label_threshold=0.0 train_below_prediction_binary_split=59,589 train_above_prediction_binary_split=59,721 train_positive_found=true val_below_prediction_binary_split=24,480 val_above_prediction_binary_split=28,774 val_positive_found=true
[LN323    ] [chunk_12_evaluation_evaluator.py] [info] [reject] threshold=0.0 action=skipped reason=insufficient_positive_predictions positive_predictions=0 minimum_positive_required=53
[LN324    ] [chunk_18_phase_4_ensemble.py] [info]    hyperparameter_optimization model threshold search: LABEL_THRESHOLD=10.0, VALIDATION_PRECISION=0.0603
[LN325    ] [chunk_18_phase_4_ensemble.py] [info]    post hyperparameter_optimization threshold search: LABEL_THRESHOLD=10.0, VALIDATION_PRECISION=0.0762
[LN326    ] [chunk_18_phase_4_ensemble.py] [info]    post hyperparameter_optimization no improvement: keeping LABEL_THRESHOLD=10.0
[LN327    ] [chunk_18_phase_4_ensemble.py] [info] [section 4] [XGBOOST] [post hyperparameter_optimization] [diagnostic]  cumulative binary_split_predictions (1%) ≤ 0.0000, (5%) ≤ 0.0001, (10%) ≤ 0.0002, (25%) ≤ 0.0009, (50%) ≤ 0.0046, (75%) ≤ 0.0578, (90%) ≤ 0.2874, (95%) ≤ 0.4915, (99%) ≤ 0.7970, max=0.9915 binary_split_predictions distribution: 59% ≤ 0.01, 65% ≤ 0.02, 74% ≤ 0.05, 80% ≤ 0.1, 86% ≤ 0.2, 95% ≤ 0.5, 5% ≥ 0.50
[LN328    ] [chunk_18_phase_4_ensemble.py] [info] [section 4] [XGBOOST] [post hyperparameter_optimization] LABEL_THRESHOLD=10.0,
[LN329    ] [chunk_18_phase_4_ensemble.py] [info] [section 4] [XGBOOST] [post hyperparameter_optimization] VALIDATION_PRECISION=0.0762 VALIDATION_TRUE_POSITIVES=196 VALIDATION_TRUE_NEGATIVES=49680 validation_false_positives=2377 validation_false_negatives=1001 validation_max_prediction=0.9915 validation_mean_prediction=0.0800 validation_recall=0.1637 validation_f1=0.1040 validation_auc=0.8065 validation_specificity=0.9543 validation_false_positive_rate=0.0457 validation_f2=0.1331 validation_mcc=0.0816 validation_prauc=0.0661 validation_balanced_accuracy=0.5590 validation_brier=0.0469 validation_kappa=0.0756 validation_informedness=0.1181 validation_markedness=0.0305 validation_gini=0.6131 validation_optimal_threshold=0.0174 validation_standard_deviation_prediction=0.1690 validation_percentage_above_threshold=4.83
[LN330    ] [chunk_18_phase_4_ensemble.py] [info] [section 4] [XGBOOST] [post hyperparameter_optimization] prediction_binary_split=0.50 hyperparams=(loss=binary_crossentropy lr=0.05 dropout=0.0 alpha=1.0 gamma=0.5 latent_dim=64) source=section3
[LN331    ] [chunk_18_phase_4_ensemble.py] [info]    Using threshold-optimized model (HPO did not improve)
[LN332    ] [chunk_18_phase_4_ensemble.py] [info]    Train predictions: mean=0.1094, std=0.2113, min=0.0000, max=0.9988
[LN333    ] [chunk_18_phase_4_ensemble.py] [info]    validation predictions:   mean=0.0800, std=0.1690, min=0.0000, max=0.9915
[LN334    ] [chunk_18_phase_4_ensemble.py] [info] [section 5] [XGBOOST] [final] [diagnostic] Train  cumulative binary_split_predictions (1%) ≤ 0.0000, (5%) ≤ 0.0001, (10%) ≤ 0.0002, (25%) ≤ 0.0010, (50%) ≤ 0.0081, (75%) ≤ 0.1078, (90%) ≤ 0.3787, (95%) ≤ 0.6022, (99%) ≤ 0.9869, max=0.9988 binary_split_predictions distribution: 52% ≤ 0.01, 58% ≤ 0.02, 67% ≤ 0.05, 74% ≤ 0.1, 82% ≤ 0.2, 93% ≤ 0.5, 7% ≥ 0.50
[LN335    ] [chunk_18_phase_4_ensemble.py] [info] [section 5] [XGBOOST] [final] [diagnostic] validation    cumulative binary_split_predictions (1%) ≤ 0.0000, (5%) ≤ 0.0001, (10%) ≤ 0.0002, (25%) ≤ 0.0009, (50%) ≤ 0.0046, (75%) ≤ 0.0578, (90%) ≤ 0.2874, (95%) ≤ 0.4915, (99%) ≤ 0.7970, max=0.9915 binary_split_predictions distribution: 59% ≤ 0.01, 65% ≤ 0.02, 74% ≤ 0.05, 80% ≤ 0.1, 86% ≤ 0.2, 95% ≤ 0.5, 5% ≥ 0.50
[LN336    ] [chunk_18_phase_4_ensemble.py] [info]    Train predictions: 6.89% positive predictions (8,218 / 119,310)
[LN337    ] [chunk_18_phase_4_ensemble.py] [info]    validation predictions:   4.83% positive predictions (2,573 / 53,254)
[LN338    ] [chunk_18_phase_4_ensemble.py] [info]    [info] Section 4 all rejected - using Section 3 results for Section 5
[LN339    ] [chunk_18_phase_4_ensemble.py] [info]    [diagnostic] prediction_buckets: 0-10:3385, 10-20:2116, 20-30:1413, 30-40:1100, 40-50:814, 50-60:691, 60-70:562, 70-80:342, 80-90:164, 90-100:0
[LN340    ] [chunk_18_phase_4_ensemble.py] [info] [section 5] [XGBOOST] [final] LABEL_THRESHOLD=10.0,
[LN341    ] [chunk_18_phase_4_ensemble.py] [info] [section 5] [XGBOOST] [final] train_precision=0.3108 train_true_positives=2554 train_true_negatives=111092 train_false_positives=5664 train_false_negatives=0 train_max_prediction=0.9988 train_mean_prediction=0.1094 train_recall=1.0000 train_f1=0.4742 train_auc=0.9999 train_specificity=0.9515 train_false_positive_rate=0.0485 train_f2=0.6927 train_mcc=0.5438 train_prauc=0.9969 train_balanced_accuracy=0.9757 train_standard_deviation_prediction=0.2113 train_percentage_above_threshold=6.89 train_brier=0.0359 train_kappa=0.4564 train_informedness=0.9515 train_markedness=0.2623 train_gini=0.9999 train_optimal_threshold=0.9261
[LN342    ] [chunk_18_phase_4_ensemble.py] [info] [section 5] [XGBOOST] [final] VALIDATION_PRECISION=0.0762 VALIDATION_TRUE_POSITIVES=196 VALIDATION_TRUE_NEGATIVES=49680 validation_false_positives=2377 validation_false_negatives=1001 validation_max_prediction=0.9915 validation_mean_prediction=0.0800 validation_recall=0.1637 validation_f1=0.1040 validation_auc=0.8065 validation_specificity=0.9543 validation_false_positive_rate=0.0457 validation_f2=0.1331 validation_mcc=0.0816 validation_prauc=0.0661 validation_balanced_accuracy=0.5590 validation_brier=0.0469 validation_kappa=0.0756 validation_informedness=0.1181 validation_markedness=0.0305 validation_gini=0.6131 validation_optimal_threshold=0.0174 validation_standard_deviation_prediction=0.1690 validation_percentage_above_threshold=4.83
[LN343    ] [chunk_18_phase_4_ensemble.py] [info] [section 5] [XGBOOST] [final] prediction_binary_split=0.50 hyperparams=(loss=binary_crossentropy lr=0.05 dropout=0.0 alpha=1.0 gamma=0.5 latent_dim=64) (using HPO model directly)
[LN344    ] [chunk_18_phase_4_ensemble.py] [info]    XGBoost loss=binary_crossentropy pred_threshold=0.5 epochs=3
[LN345    ] [chunk_18_phase_4_ensemble.py] [info]    [XGBoost] hyperparameter_optimization: learning_rate=0.05, gamma=0.5
[LN346    ] [chunk_18_phase_4_ensemble.py] [info]    XGBoost training time: 29.7s
[LN347    ] [chunk_18_phase_4_ensemble.py] [info] [pass] XGBoost trained successfully
[LN348    ] [chunk_18_phase_4_ensemble.py] [info] [section 1] [DENSE] [baseline] LABEL_THRESHOLD=20.0,
[LN349    ] [chunk_18_phase_4_ensemble.py] [info] [section 1] [DENSE] [baseline] predictions: mean=0.0331, std=0.0112, min=0.0024, max=0.0465
[LN350    ] [chunk_18_phase_4_ensemble.py] [info] [section 1] [DENSE] [baseline]  cumulative binary_split_predictions (1%) ≤ 0.0024, (5%) ≤ 0.0028, (10%) ≤ 0.0122, (25%) ≤ 0.0335, (50%) ≤ 0.0364, (75%) ≤ 0.0403, (90%) ≤ 0.0416, (95%) ≤ 0.0434, (99%) ≤ 0.0460, max=0.0465 binary_split_predictions distribution: 9% ≤ 0.01, 14% ≤ 0.02, 100% ≤ 0.05, 100% ≤ 0.1, 100% ≤ 0.2, 100% ≤ 0.5, 0% ≥ 0.50
[LN351    ] [chunk_18_phase_4_ensemble.py] [info] [section 1] [DENSE] [baseline] prediction_binary_split=0.50, VALIDATION predictions at LABEL_THRESHOLD=20.0: 0.00%
[LN352    ] [chunk_18_phase_4_ensemble.py] [warning] [section 1] [DENSE] [baseline] [warning] No predictions >= 0.5!
[LN353    ] [chunk_18_phase_4_ensemble.py] [info] [section 1] [DENSE] [baseline] LABEL_THRESHOLD=20.0,
[LN354    ] [chunk_18_phase_4_ensemble.py] [info] [section 1] [DENSE] [baseline] VALIDATION_PRECISION=0.0000 VALIDATION_TRUE_POSITIVES=0 VALIDATION_TRUE_NEGATIVES=52918 validation_false_positives=0 validation_false_negatives=336 validation_max_prediction=0.0465 validation_mean_prediction=0.0331 validation_recall=0.0000 validation_f1=0.0000 validation_auc=0.4065 validation_specificity=1.0000 validation_false_positive_rate=0.0000 validation_f2=0.0000 validation_mcc=0.0000 validation_prauc=0.0055 validation_balanced_accuracy=0.5000 validation_brier=0.0072 validation_kappa=0.0000 validation_informedness=0.0000 validation_markedness=1.0000 validation_gini=0.0000 validation_optimal_threshold=0.0462 validation_standard_deviation_prediction=0.0112 validation_percentage_above_threshold=0.00
[LN355    ] [chunk_18_phase_4_ensemble.py] [info] [section 1] [DENSE] [baseline] prediction_binary_split=0.50 loss=binary_crossentropy, lr=0.001
[LN356    ] [chunk_12_evaluation_evaluator.py] [info] [DENSE] label_threshold=20.0 train_below_prediction_binary_split=118,621 train_above_prediction_binary_split=689 train_positive_found=true val_below_prediction_binary_split=52,918 val_above_prediction_binary_split=336 val_positive_found=true
[LN357    ] [chunk_12_evaluation_evaluator.py] [info] [DENSE] [reject] skipping LABEL_THRESHOLD=20.0: pos_pred_ratio=0.03% outside [0%, 60%]
[LN358    ] [chunk_12_evaluation_evaluator.py] [info] [DENSE] label_threshold=10.0 train_below_prediction_binary_split=116,756 train_above_prediction_binary_split=2,554 train_positive_found=true val_below_prediction_binary_split=52,057 val_above_prediction_binary_split=1,197 val_positive_found=true
[LN359    ] [chunk_12_evaluation_evaluator.py] [info] [DENSE] [reject] skipping LABEL_THRESHOLD=10.0: pos_pred_ratio=0.08% outside [0%, 60%]
[LN360    ] [chunk_12_evaluation_evaluator.py] [info] [DENSE] label_threshold=0.0 train_below_prediction_binary_split=59,589 train_above_prediction_binary_split=59,721 train_positive_found=true val_below_prediction_binary_split=24,480 val_above_prediction_binary_split=28,774 val_positive_found=true
[LN361    ] [chunk_12_evaluation_evaluator.py] [info] [DENSE] [reject] skipping LABEL_THRESHOLD=0.0: validation_precision=0.5168 <= baseline+0.0200=0.5200
[LN362    ] [chunk_18_phase_4_ensemble.py] [warning] [section 1] [DENSE] [label_threshold_optimal] [warning] All label thresholds rejected — using baseline metrics at 20.0
[LN363    ] [chunk_18_phase_4_ensemble.py] [info] [section 1] [DENSE] [label_threshold_optimal] LABEL_THRESHOLD=20.0
[LN364    ] [chunk_18_phase_4_ensemble.py] [info] [section 1] [DENSE] [label_threshold_optimal] train_precision=0.0000 train_true_positives=0 train_true_negatives=52918 train_false_positives=0 train_false_negatives=336 train_max_prediction=0.0465 train_mean_prediction=0.0331 train_recall=0.0000 train_f1=0.0000 train_auc=0.4065 train_specificity=1.0000 train_false_positive_rate=0.0000 train_f2=0.0000 train_mcc=0.0000 train_prauc=0.0055 train_balanced_accuracy=0.5000 train_brier=0.0072 train_kappa=0.0000 train_informedness=0.0000 train_markedness=1.0000 train_gini=0.0000 train_optimal_threshold=0.0462 train_standard_deviation_prediction=0.0112 train_percentage_above_threshold=0.00
[LN365    ] [chunk_18_phase_4_ensemble.py] [info] [section 1] [DENSE] [label_threshold_optimal] VALIDATION_PRECISION=0.0000 VALIDATION_TRUE_POSITIVES=0 VALIDATION_TRUE_NEGATIVES=52918 validation_false_positives=0 validation_false_negatives=336 validation_max_prediction=0.0465 validation_mean_prediction=0.0331 validation_recall=0.0000 validation_f1=0.0000 validation_auc=0.4065 validation_specificity=1.0000 validation_false_positive_rate=0.0000 validation_f2=0.0000 validation_mcc=0.0000 validation_prauc=0.0055 validation_balanced_accuracy=0.5000 validation_brier=0.0072 validation_kappa=0.0000 validation_informedness=0.0000 validation_markedness=1.0000 validation_gini=0.0000 validation_optimal_threshold=0.0462 validation_standard_deviation_prediction=0.0112 validation_percentage_above_threshold=0.00
[LN366    ] [chunk_18_phase_4_ensemble.py] [info] [section 1] [DENSE] [label_threshold_optimal] prediction_binary_split=0.50
[LN367    ] [chunk_21_hyperparam_optimizer.py] [info] [section 2] [DENSE] [hyperparameter_optimization search] Running Bayesian optimization (5 trials)...
[LN368    ] [chunk_21_hyperparam_optimizer.py] [info] [section 2] [DENSE] [hyperparameter_optimization search baseline] LABEL_THRESHOLD=20.0
[LN369    ] [chunk_21_hyperparam_optimizer.py] [info] [section 2] [DENSE] [hyperparameter_optimization search baseline] VALIDATION_PRECISION=0.0253 VALIDATION_TRUE_POSITIVES=287 VALIDATION_TRUE_NEGATIVES=41878 validation_false_positives=11040 validation_false_negatives=49 validation_max_prediction=0.9987 validation_mean_prediction=0.2166 validation_recall=0.8542 validation_f1=0.0492 validation_auc=0.9013 validation_specificity=0.7914 validation_false_positive_rate=0.2086 validation_f2=0.1133 validation_mcc=0.1249 validation_prauc=0.0578 validation_balanced_accuracy=0.8228 validation_brier=0.1332 validation_kappa=0.0374 validation_informedness=0.6455 validation_markedness=-0.1833 validation_gini=0.8026 validation_optimal_threshold=0.6069 validation_standard_deviation_prediction=0.2990 validation_percentage_above_threshold=21.27
[LN370    ] [chunk_21_hyperparam_optimizer.py] [info] [section 2] [DENSE] [hyperparameter_optimization search baseline] TRIAL 1/5: units=256, layers=3, dropout=0.3, learning_rate=0.0005, epochs=20, loss_function=binary_crossentropy, alpha=1.5, gamma=3.0, batch_size=64, activation=selu
[LN371    ] [chunk_21_hyperparam_optimizer.py] [info] [section 2] [DENSE] [hyperparameter_optimization search baseline] LABEL_THRESHOLD=20.0
[LN372    ] [chunk_21_hyperparam_optimizer.py] [info] [section 2] [DENSE] [hyperparameter_optimization search baseline] VALIDATION_PRECISION=0.0345 VALIDATION_TRUE_POSITIVES=1 VALIDATION_TRUE_NEGATIVES=52890 validation_false_positives=28 validation_false_negatives=335 validation_max_prediction=1.0000 validation_mean_prediction=0.0506 validation_recall=0.0030 validation_f1=0.0055 validation_auc=0.9044 validation_specificity=0.9995 validation_false_positive_rate=0.0005 validation_f2=0.0036 validation_mcc=0.0083 validation_prauc=0.0700 validation_balanced_accuracy=0.5012 validation_brier=0.0122 validation_kappa=0.0045 validation_informedness=0.0024 validation_markedness=0.0340 validation_gini=0.8088 validation_optimal_threshold=0.0802 validation_standard_deviation_prediction=0.0776 validation_percentage_above_threshold=0.05
[LN373    ] [chunk_21_hyperparam_optimizer.py] [info] [section 2] [DENSE] [hyperparameter_optimization search baseline] TRIAL 2/5: units=512, layers=4, dropout=0.1, learning_rate=0.0003, epochs=40, loss_function=focal_loss, alpha=0.75, gamma=3.0, batch_size=32, activation=leaky_relu
[LN374    ] [chunk_21_hyperparam_optimizer.py] [info] [section 2] [DENSE] [hyperparameter_optimization search baseline] LABEL_THRESHOLD=20.0
[LN375    ] [chunk_21_hyperparam_optimizer.py] [info] [section 2] [DENSE] [hyperparameter_optimization search baseline] VALIDATION_PRECISION=0.0232 VALIDATION_TRUE_POSITIVES=300 VALIDATION_TRUE_NEGATIVES=40311 validation_false_positives=12607 validation_false_negatives=36 validation_max_prediction=0.9999 validation_mean_prediction=0.2615 validation_recall=0.8929 validation_f1=0.0453 validation_auc=0.8937 validation_specificity=0.7618 validation_false_positive_rate=0.2382 validation_f2=0.1053 validation_mcc=0.1210 validation_prauc=0.0396 validation_balanced_accuracy=0.8273 validation_brier=0.1621 validation_kappa=0.0334 validation_informedness=0.6546 validation_markedness=-0.2150 validation_gini=0.7874 validation_optimal_threshold=0.5066 validation_standard_deviation_prediction=0.3119 validation_percentage_above_threshold=24.24
[LN376    ] [chunk_21_hyperparam_optimizer.py] [info] [section 2] [DENSE] [hyperparameter_optimization search baseline] TRIAL 3/5: units=64, layers=3, dropout=0.3, learning_rate=0.0003, epochs=40, loss_function=binary_crossentropy, alpha=0.25, gamma=2.0, batch_size=128, activation=selu
[LN377    ] [chunk_21_hyperparam_optimizer.py] [info] [section 2] [DENSE] [hyperparameter_optimization search baseline] LABEL_THRESHOLD=20.0
[LN378    ] [chunk_21_hyperparam_optimizer.py] [info] [section 2] [DENSE] [hyperparameter_optimization search baseline] VALIDATION_PRECISION=0.0234 VALIDATION_TRUE_POSITIVES=293 VALIDATION_TRUE_NEGATIVES=40690 validation_false_positives=12228 validation_false_negatives=43 validation_max_prediction=1.0000 validation_mean_prediction=0.2579 validation_recall=0.8720 validation_f1=0.0456 validation_auc=0.9005 validation_specificity=0.7689 validation_false_positive_rate=0.2311 validation_f2=0.1057 validation_mcc=0.1197 validation_prauc=0.0600 validation_balanced_accuracy=0.8205 validation_brier=0.1564 validation_kappa=0.0337 validation_informedness=0.6409 validation_markedness=-0.2077 validation_gini=0.8010 validation_optimal_threshold=0.4113 validation_standard_deviation_prediction=0.3059 validation_percentage_above_threshold=23.51
[LN379    ] [chunk_21_hyperparam_optimizer.py] [info] [section 2] [DENSE] [hyperparameter_optimization search baseline] TRIAL 4/5: units=64, layers=3, dropout=0.2, learning_rate=0.0005, epochs=30, loss_function=binary_crossentropy, alpha=0.5, gamma=4.0, batch_size=256, activation=leaky_relu
[LN380    ] [chunk_21_hyperparam_optimizer.py] [info] [section 2] [DENSE] [hyperparameter_optimization search baseline] LABEL_THRESHOLD=20.0
[LN381    ] [chunk_21_hyperparam_optimizer.py] [info] [section 2] [DENSE] [hyperparameter_optimization search baseline] VALIDATION_PRECISION=0.0287 VALIDATION_TRUE_POSITIVES=271 VALIDATION_TRUE_NEGATIVES=43762 validation_false_positives=9156 validation_false_negatives=65 validation_max_prediction=0.9993 validation_mean_prediction=0.1902 validation_recall=0.8065 validation_f1=0.0555 validation_auc=0.8944 validation_specificity=0.8270 validation_false_positive_rate=0.1730 validation_f2=0.1258 validation_mcc=0.1314 validation_prauc=0.0492 validation_balanced_accuracy=0.8168 validation_brier=0.1307 validation_kappa=0.0439 validation_informedness=0.6335 validation_markedness=-0.1443 validation_gini=0.7889 validation_optimal_threshold=0.3396 validation_standard_deviation_prediction=0.3127 validation_percentage_above_threshold=17.70
[LN382    ] [chunk_21_hyperparam_optimizer.py] [info] [section 2] [DENSE] [hyperparameter_optimization search baseline] TRIAL 5/5: units=1024, layers=2, dropout=0.1, learning_rate=0.0001, epochs=40, loss_function=binary_crossentropy, alpha=1.0, gamma=3.0, batch_size=32, activation=selu
[LN383    ] [chunk_21_hyperparam_optimizer.py] [info] [section 2] [DENSE] [best trial] LABEL_THRESHOLD=20.0
[LN384    ] [chunk_21_hyperparam_optimizer.py] [info] [section 2] [DENSE] [best trial] VALIDATION_PRECISION=0.0287 VALIDATION_TRUE_POSITIVES=271 VALIDATION_TRUE_NEGATIVES=43762 validation_false_positives=9156 validation_false_negatives=65 validation_max_prediction=0.9993 validation_mean_prediction=0.1902 validation_recall=0.8065 validation_f1=0.0555 validation_auc=0.8944 validation_specificity=0.8270 validation_false_positive_rate=0.1730 validation_f2=0.1258 validation_mcc=0.1314 validation_prauc=0.0492 validation_balanced_accuracy=0.8168 validation_brier=0.1307 validation_kappa=0.0439 validation_informedness=0.6335 validation_markedness=-0.1443 validation_gini=0.7889 validation_optimal_threshold=0.3396 validation_standard_deviation_prediction=0.3127 validation_percentage_above_threshold=17.70
[LN385    ] [chunk_21_hyperparam_optimizer.py] [info] [section 2] [DENSE] [best trial] units=1024, layers=2, dropout=0.1, learning_rate=0.0001, epochs=40, loss_function=binary_crossentropy, alpha=1.0, gamma=3.0, batch_size=32, activation=selu
[LN386    ] [chunk_18_phase_4_ensemble.py] [info]    [diagnostic-hyperparameter_optimization]  cumulative binary_split_predictions (1%) ≤ 0.0003, (5%) ≤ 0.0009, (10%) ≤ 0.0015, (25%) ≤ 0.0031, (50%) ≤ 0.0119, (75%) ≤ 0.2310, (90%) ≤ 0.8228, (95%) ≤ 0.9402, (99%) ≤ 0.9892, max=0.9993 binary_split_predictions distribution: 48% ≤ 0.01, 56% ≤ 0.02, 63% ≤ 0.05, 68% ≤ 0.1, 74% ≤ 0.2, 82% ≤ 0.5, 18% ≥ 0.50
[LN387    ] [chunk_18_phase_4_ensemble.py] [info]    hyperparameter_optimization improved: 0.0287 > 0.0000
[LN388    ] [chunk_18_phase_4_ensemble.py] [info] [section 3] [DENSE] [HYPERPARAMETER_OPTIMIZATION] LABEL_THRESHOLD=20.0,
[LN389    ] [chunk_18_phase_4_ensemble.py] [info] [section 3] [DENSE] [HYPERPARAMETER_OPTIMIZATION] VALIDATION_PRECISION=0.0287 VALIDATION_TRUE_POSITIVES=271 VALIDATION_TRUE_NEGATIVES=43762 validation_false_positives=9156 validation_false_negatives=65 validation_max_prediction=0.9993 validation_mean_prediction=0.1902 validation_recall=0.8065 validation_f1=0.0555 validation_auc=0.8944 validation_specificity=0.8270 validation_false_positive_rate=0.1730 validation_f2=0.1258 validation_mcc=0.1314 validation_prauc=0.0492 validation_balanced_accuracy=0.8168 validation_brier=0.1307 validation_kappa=0.0439 validation_informedness=0.6335 validation_markedness=-0.1443 validation_gini=0.7889 validation_optimal_threshold=0.3396 validation_standard_deviation_prediction=0.3127 validation_percentage_above_threshold=17.70
[LN390    ] [chunk_18_phase_4_ensemble.py] [info] [section 3] [DENSE] [HYPERPARAMETER_OPTIMIZATION] prediction_binary_split=0.50 hyperparams=(loss=binary_crossentropy lr=0.0001 dropout=0.1 alpha=1.0 gamma=3.0 latent_dim=0) improved=True {'units': 1024, 'layers': 2, 'dropout': 0.1, 'learning_rate': 0.0001, 'epochs': 40, 'loss_function': 'binary_crossentropy', 'alpha': 1.0, 'gamma': 3.0, 'batch_size': 32, 'activation': 'selu'}
[LN391    ] [chunk_18_phase_4_ensemble.py] [info]    Running post hyperparameter_optimization threshold search for Dense...
[LN392    ] [chunk_12_evaluation_evaluator.py] [info] [DENSE] label_threshold=20.0 train_below_prediction_binary_split=118,621 train_above_prediction_binary_split=689 train_positive_found=true val_below_prediction_binary_split=52,918 val_above_prediction_binary_split=336 val_positive_found=true
[LN393    ] [chunk_12_evaluation_evaluator.py] [info] [DENSE] [diagnostic] LABEL_THRESHOLD=20.0 train_precision=0.0162 train_true_positives=633 train_true_negatives=80218 train_false_positives=38403 train_false_negatives=56 train_max_prediction=0.9993 train_mean_prediction=0.3457 train_recall=0.9187 train_f1=0.0319 train_auc=0.8810 train_specificity=0.6763 train_false_positive_rate=0.3237 train_f2=0.0757 train_mcc=0.0961 train_prauc=0.0477 train_balanced_accuracy=0.7975 train_brier=0.2266 train_kappa=0.0208 train_informedness=0.5950 train_markedness=-0.3075 train_gini=0.7620 train_optimal_threshold=0.6651 train_standard_deviation_prediction=0.3331 train_percentage_above_threshold=32.72
[LN394    ] [chunk_12_evaluation_evaluator.py] [info] [DENSE] [diagnostic] LABEL_THRESHOLD=20.0 VALIDATION_PRECISION=0.0287 VALIDATION_TRUE_POSITIVES=271 VALIDATION_TRUE_NEGATIVES=43762 validation_false_positives=9156 validation_false_negatives=65 validation_max_prediction=0.9993 validation_mean_prediction=0.1902 validation_recall=0.8065 validation_f1=0.0555 validation_auc=0.8944 validation_specificity=0.8270 validation_false_positive_rate=0.1730 validation_f2=0.1258 validation_mcc=0.1314 validation_prauc=0.0492 validation_balanced_accuracy=0.8168 validation_brier=0.1307 validation_kappa=0.0439 validation_informedness=0.6335 validation_markedness=-0.1443 validation_gini=0.7889 validation_optimal_threshold=0.3396 validation_standard_deviation_prediction=0.3127 validation_percentage_above_threshold=17.70
[LN395    ] [chunk_12_evaluation_evaluator.py] [info] [DENSE] label_threshold=10.0 train_below_prediction_binary_split=116,756 train_above_prediction_binary_split=2,554 train_positive_found=true val_below_prediction_binary_split=52,057 val_above_prediction_binary_split=1,197 val_positive_found=true
[LN396    ] [chunk_12_evaluation_evaluator.py] [info] [DENSE] [reject] skipping LABEL_THRESHOLD=10.0: validation_precision=0.0373 <= baseline+0.0200=0.0425
[LN397    ] [chunk_12_evaluation_evaluator.py] [info] [DENSE] label_threshold=0.0 train_below_prediction_binary_split=59,589 train_above_prediction_binary_split=59,721 train_positive_found=true val_below_prediction_binary_split=24,480 val_above_prediction_binary_split=28,774 val_positive_found=true
[LN398    ] [chunk_12_evaluation_evaluator.py] [info] [DENSE] [diagnostic] LABEL_THRESHOLD=0.0 train_precision=0.5235 train_true_positives=11330 train_true_negatives=49277 train_false_positives=10312 train_false_negatives=48391 train_max_prediction=0.9998 train_mean_prediction=0.2693 train_recall=0.1897 train_f1=0.2785 train_auc=0.5129 train_specificity=0.8269 train_false_positive_rate=0.1731 train_f2=0.2174 train_mcc=0.0216 train_prauc=0.5116 train_balanced_accuracy=0.5083 train_brier=0.3592 train_kappa=0.0167 train_informedness=0.0167 train_markedness=0.3505 train_gini=0.0258 train_optimal_threshold=0.3679 train_standard_deviation_prediction=0.2488 train_percentage_above_threshold=18.14
[LN399    ] [chunk_12_evaluation_evaluator.py] [info] [DENSE] [diagnostic] LABEL_THRESHOLD=0.0 VALIDATION_PRECISION=0.5322 VALIDATION_TRUE_POSITIVES=4706 VALIDATION_TRUE_NEGATIVES=20343 validation_false_positives=4137 validation_false_negatives=24068 validation_max_prediction=0.9998 validation_mean_prediction=0.2118 validation_recall=0.1636 validation_f1=0.2502 validation_auc=0.5233 validation_specificity=0.8310 validation_false_positive_rate=0.1690 validation_f2=0.1899 validation_mcc=-0.0073 validation_prauc=0.5474 validation_balanced_accuracy=0.4973 validation_brier=0.4362 validation_kappa=-0.0051 validation_informedness=-0.0054 validation_markedness=0.3632 validation_gini=0.0467 validation_optimal_threshold=0.0512 validation_standard_deviation_prediction=0.2871 validation_percentage_above_threshold=16.61
[LN400    ] [chunk_18_phase_4_ensemble.py] [info]    hyperparameter_optimization model threshold search: LABEL_THRESHOLD=20.0, VALIDATION_PRECISION=0.0287
[LN401    ] [chunk_18_phase_4_ensemble.py] [info]    post hyperparameter_optimization threshold search: LABEL_THRESHOLD=0.0, VALIDATION_PRECISION=0.5322
[LN402    ] [chunk_18_phase_4_ensemble.py] [info]    post hyperparameter_optimization improved: using LABEL_THRESHOLD=0.0
[LN403    ] [chunk_18_phase_4_ensemble.py] [info] [section 4] [DENSE] [post hyperparameter_optimization] [diagnostic]  cumulative binary_split_predictions (1%) ≤ 0.0001, (5%) ≤ 0.0009, (10%) ≤ 0.0021, (25%) ≤ 0.0117, (50%) ≤ 0.0728, (75%) ≤ 0.2857, (90%) ≤ 0.7509, (95%) ≤ 0.9138, (99%) ≤ 0.9904, max=0.9998 binary_split_predictions distribution: 23% ≤ 0.01, 31% ≤ 0.02, 43% ≤ 0.05, 56% ≤ 0.1, 69% ≤ 0.2, 83% ≤ 0.5, 17% ≥ 0.50
[LN404    ] [chunk_18_phase_4_ensemble.py] [info] [section 4] [DENSE] [post hyperparameter_optimization] LABEL_THRESHOLD=0.0,
[LN405    ] [chunk_18_phase_4_ensemble.py] [info] [section 4] [DENSE] [post hyperparameter_optimization] VALIDATION_PRECISION=0.5322 VALIDATION_TRUE_POSITIVES=4706 VALIDATION_TRUE_NEGATIVES=20343 validation_false_positives=4137 validation_false_negatives=24068 validation_max_prediction=0.9998 validation_mean_prediction=0.2118 validation_recall=0.1636 validation_f1=0.2502 validation_auc=0.5233 validation_specificity=0.8341 validation_false_positive_rate=0.1659 validation_f2=0.0304 validation_mcc=0.0040 validation_prauc=0.0067 validation_balanced_accuracy=0.5093 validation_brier=0.1310 validation_kappa=0.0014 validation_informedness=0.0186 validation_markedness=-0.1589 validation_gini=0.0000 validation_optimal_threshold=0.9081 validation_standard_deviation_prediction=0.2871 validation_percentage_above_threshold=16.61
[LN406    ] [chunk_18_phase_4_ensemble.py] [info] [section 4] [DENSE] [post hyperparameter_optimization] prediction_binary_split=0.50 hyperparams=(loss=binary_crossentropy lr=0.0001 dropout=0.1 alpha=1.0 gamma=3.0 latent_dim=64) source=section4
[LN407    ] [chunk_18_phase_4_ensemble.py] [info]    Using post-HPO model at LABEL_THRESHOLD=0.0 (post_hpo_prec=0.5322 > hpo=0.0287, pre_hpo=0.0000)
[LN408    ] [chunk_18_phase_4_ensemble.py] [info]    Train predictions: mean=0.2693, std=0.2488, min=0.0000, max=0.9998
[LN409    ] [chunk_18_phase_4_ensemble.py] [info]    validation predictions:   mean=0.2118, std=0.2871, min=0.0000, max=0.9998
[LN410    ] [chunk_18_phase_4_ensemble.py] [info] [section 5] [DENSE] [final] [diagnostic] Train  cumulative binary_split_predictions (1%) ≤ 0.0004, (5%) ≤ 0.0037, (10%) ≤ 0.0130, (25%) ≤ 0.0555, (50%) ≤ 0.1983, (75%) ≤ 0.4239, (90%) ≤ 0.6482, (95%) ≤ 0.7877, (99%) ≤ 0.9429, max=0.9998 binary_split_predictions distribution: 9% ≤ 0.01, 13% ≤ 0.02, 23% ≤ 0.05, 35% ≤ 0.1, 50% ≤ 0.2, 82% ≤ 0.5, 18% ≥ 0.50
[LN411    ] [chunk_18_phase_4_ensemble.py] [info] [section 5] [DENSE] [final] [diagnostic] validation    cumulative binary_split_predictions (1%) ≤ 0.0001, (5%) ≤ 0.0009, (10%) ≤ 0.0021, (25%) ≤ 0.0117, (50%) ≤ 0.0728, (75%) ≤ 0.2857, (90%) ≤ 0.7509, (95%) ≤ 0.9138, (99%) ≤ 0.9904, max=0.9998 binary_split_predictions distribution: 23% ≤ 0.01, 31% ≤ 0.02, 43% ≤ 0.05, 56% ≤ 0.1, 69% ≤ 0.2, 83% ≤ 0.5, 17% ≥ 0.50
[LN412    ] [chunk_18_phase_4_ensemble.py] [info]    Train predictions: 18.14% positive predictions (21,642 / 119,310)
[LN413    ] [chunk_18_phase_4_ensemble.py] [info]    validation predictions:   16.61% positive predictions (8,843 / 53,254)
[LN414    ] [chunk_18_phase_4_ensemble.py] [info]    [diagnostic] prediction_buckets: 0-10:6898, 10-20:3747, 20-30:2339, 30-40:1744, 40-50:1476, 50-60:1370, 60-70:1397, 70-80:1679, 80-90:2921, 90-100:0
[LN415    ] [chunk_18_phase_4_ensemble.py] [info] [section 5] [DENSE] [final] LABEL_THRESHOLD=0.0,
[LN416    ] [chunk_18_phase_4_ensemble.py] [info] [section 5] [DENSE] [final] train_precision=0.5235 train_true_positives=11330 train_true_negatives=49277 train_false_positives=10312 train_false_negatives=48391 train_max_prediction=0.9998 train_mean_prediction=0.2693 train_recall=0.1897 train_f1=0.2785 train_auc=0.5129 train_specificity=0.8269 train_false_positive_rate=0.1731 train_f2=0.2174 train_mcc=0.0216 train_prauc=0.5116 train_balanced_accuracy=0.5083 train_standard_deviation_prediction=0.2488 train_percentage_above_threshold=18.14 train_brier=0.3592 train_kappa=0.0167 train_informedness=0.0167 train_markedness=0.3505 train_gini=0.0258 train_optimal_threshold=0.3679
[LN417    ] [chunk_18_phase_4_ensemble.py] [info] [section 5] [DENSE] [final] VALIDATION_PRECISION=0.5322 VALIDATION_TRUE_POSITIVES=4706 VALIDATION_TRUE_NEGATIVES=20343 validation_false_positives=4137 validation_false_negatives=24068 validation_max_prediction=0.9998 validation_mean_prediction=0.2118 validation_recall=0.1636 validation_f1=0.2502 validation_auc=0.5233 validation_specificity=0.8310 validation_false_positive_rate=0.1690 validation_f2=0.1899 validation_mcc=-0.0073 validation_prauc=0.5474 validation_balanced_accuracy=0.4973 validation_brier=0.4362 validation_kappa=-0.0051 validation_informedness=-0.0054 validation_markedness=0.3632 validation_gini=0.0467 validation_optimal_threshold=0.0512 validation_standard_deviation_prediction=0.2871 validation_percentage_above_threshold=16.61
[LN418    ] [chunk_18_phase_4_ensemble.py] [info] [section 5] [DENSE] [final] prediction_binary_split=0.50 hyperparams=(loss=binary_crossentropy lr=0.0001 dropout=0.1 alpha=1.0 gamma=3.0 latent_dim=64) (using HPO model directly)
[LN419    ] [chunk_18_phase_4_ensemble.py] [info]    Dense loss=binary_crossentropy pred_threshold=0.5 epochs=40
[LN420    ] [chunk_18_phase_4_ensemble.py] [info]    [Dense] hyperparameter_optimization: units=1024, layers=2, dropout=0.1, learning_rate=0.0001, alpha=1.0, gamma=3.0
[LN421    ] [chunk_18_phase_4_ensemble.py] [info]    Dense training time: 656.7s
[LN422    ] [chunk_18_phase_4_ensemble.py] [info] [pass] Dense trained successfully
[LN423    ] [chunk_18_phase_4_ensemble.py] [info] [section 1] [CNN] [baseline] LABEL_THRESHOLD=20.0,
[LN424    ] [chunk_18_phase_4_ensemble.py] [info] [section 1] [CNN] [baseline] predictions: mean=0.0264, std=0.0166, min=0.0049, max=0.1068
[LN425    ] [chunk_18_phase_4_ensemble.py] [info] [section 1] [CNN] [baseline]  cumulative binary_split_predictions (1%) ≤ 0.0052, (5%) ≤ 0.0089, (10%) ≤ 0.0121, (25%) ≤ 0.0165, (50%) ≤ 0.0207, (75%) ≤ 0.0310, (90%) ≤ 0.0517, (95%) ≤ 0.0629, (99%) ≤ 0.0811, max=0.1068 binary_split_predictions distribution: 5% ≤ 0.01, 48% ≤ 0.02, 89% ≤ 0.05, 100% ≤ 0.1, 100% ≤ 0.2, 100% ≤ 0.5, 0% ≥ 0.50
[LN426    ] [chunk_18_phase_4_ensemble.py] [info] [section 1] [CNN] [baseline] prediction_binary_split=0.50, VALIDATION predictions at LABEL_THRESHOLD=20.0: 0.00%
[LN427    ] [chunk_18_phase_4_ensemble.py] [warning] [section 1] [CNN] [baseline] [warning] No predictions >= 0.5!
[LN428    ] [chunk_18_phase_4_ensemble.py] [info] [section 1] [CNN] [baseline] LABEL_THRESHOLD=20.0,
[LN429    ] [chunk_18_phase_4_ensemble.py] [info] [section 1] [CNN] [baseline] VALIDATION_PRECISION=0.0000 VALIDATION_TRUE_POSITIVES=0 VALIDATION_TRUE_NEGATIVES=52918 validation_false_positives=0 validation_false_negatives=336 validation_max_prediction=0.1068 validation_mean_prediction=0.0264 validation_recall=0.0000 validation_f1=0.0000 validation_auc=0.4820 validation_specificity=1.0000 validation_false_positive_rate=0.0000 validation_f2=0.0000 validation_mcc=0.0000 validation_prauc=0.0086 validation_balanced_accuracy=0.5000 validation_brier=0.0069 validation_kappa=0.0000 validation_informedness=0.0000 validation_markedness=1.0000 validation_gini=0.0000 validation_optimal_threshold=0.0403 validation_standard_deviation_prediction=0.0166 validation_percentage_above_threshold=0.00
[LN430    ] [chunk_18_phase_4_ensemble.py] [info] [section 1] [CNN] [baseline] prediction_binary_split=0.50 loss=binary_crossentropy, lr=0.001
[LN431    ] [chunk_12_evaluation_evaluator.py] [info] [CNN] label_threshold=20.0 train_below_prediction_binary_split=118,621 train_above_prediction_binary_split=689 train_positive_found=true val_below_prediction_binary_split=52,918 val_above_prediction_binary_split=336 val_positive_found=true
[LN432    ] [chunk_12_evaluation_evaluator.py] [info] [reject] threshold=20.0 action=skipped reason=insufficient_positive_predictions positive_predictions=0 minimum_positive_required=5
[LN433    ] [chunk_12_evaluation_evaluator.py] [info] [CNN] label_threshold=10.0 train_below_prediction_binary_split=116,756 train_above_prediction_binary_split=2,554 train_positive_found=true val_below_prediction_binary_split=52,057 val_above_prediction_binary_split=1,197 val_positive_found=true
[LN434    ] [chunk_12_evaluation_evaluator.py] [info] [reject] threshold=10.0 action=skipped reason=insufficient_positive_predictions positive_predictions=0 minimum_positive_required=5
[LN435    ] [chunk_12_evaluation_evaluator.py] [info] [CNN] label_threshold=0.0 train_below_prediction_binary_split=59,589 train_above_prediction_binary_split=59,721 train_positive_found=true val_below_prediction_binary_split=24,480 val_above_prediction_binary_split=28,774 val_positive_found=true
[LN436    ] [chunk_12_evaluation_evaluator.py] [info] [CNN] [diagnostic] LABEL_THRESHOLD=0.0 train_precision=0.5562 train_true_positives=34359 train_true_negatives=32168 train_false_positives=27421 train_false_negatives=25362 train_max_prediction=0.7800 train_mean_prediction=0.4913 train_recall=0.5753 train_f1=0.5656 train_auc=0.5874 train_specificity=0.5398 train_false_positive_rate=0.4602 train_f2=0.5714 train_mcc=0.1152 train_prauc=0.5860 train_balanced_accuracy=0.5576 train_brier=0.2432 train_kappa=0.1152 train_informedness=0.1152 train_markedness=0.0960 train_gini=0.1747 train_optimal_threshold=0.5012 train_standard_deviation_prediction=0.0712 train_percentage_above_threshold=51.78
[LN437    ] [chunk_12_evaluation_evaluator.py] [info] [CNN] [diagnostic] LABEL_THRESHOLD=0.0 VALIDATION_PRECISION=0.5289 VALIDATION_TRUE_POSITIVES=11602 VALIDATION_TRUE_NEGATIVES=14144 validation_false_positives=10336 validation_false_negatives=17172 validation_max_prediction=0.9232 validation_mean_prediction=0.4767 validation_recall=0.4032 validation_f1=0.4576 validation_auc=0.4792 validation_specificity=0.5778 validation_false_positive_rate=0.4222 validation_f2=0.4233 validation_mcc=-0.0192 validation_prauc=0.5457 validation_balanced_accuracy=0.4905 validation_brier=0.2639 validation_kappa=-0.0186 validation_informedness=-0.0190 validation_markedness=0.1066 validation_gini=0.0000 validation_optimal_threshold=0.6029 validation_standard_deviation_prediction=0.0911 validation_percentage_above_threshold=41.20
[LN438    ] [chunk_18_phase_4_ensemble.py] [info] [section 1] [CNN] [label_threshold_optimal]  cumulative binary_split_predictions (1%) ≤ 0.2642, (5%) ≤ 0.3171, (10%) ≤ 0.3521, (25%) ≤ 0.4180, (50%) ≤ 0.4812, (75%) ≤ 0.5366, (90%) ≤ 0.5910, (95%) ≤ 0.6280, (99%) ≤ 0.6815, max=0.9232 binary_split_predictions distribution: 0% ≤ 0.01, 0% ≤ 0.02, 0% ≤ 0.05, 0% ≤ 0.1, 0% ≤ 0.2, 59% ≤ 0.5, 41% ≥ 0.50
[LN439    ] [chunk_18_phase_4_ensemble.py] [info] [section 1] [CNN] [label_threshold_optimal] LABEL_THRESHOLD=0.0
[LN440    ] [chunk_18_phase_4_ensemble.py] [info] [section 1] [CNN] [label_threshold_optimal] train_precision=0.5562 train_true_positives=34359 train_true_negatives=32168 train_false_positives=27421 train_false_negatives=25362 train_max_prediction=0.7800 train_mean_prediction=0.4913 train_recall=0.5753 train_f1=0.5656 train_auc=0.5874 train_specificity=0.5398 train_false_positive_rate=0.4602 train_f2=0.5714 train_mcc=0.1152 train_prauc=0.5860 train_balanced_accuracy=0.5576 train_brier=0.2432 train_kappa=0.1152 train_informedness=0.1152 train_markedness=0.0960 train_gini=0.1747 train_optimal_threshold=0.5012 train_standard_deviation_prediction=0.0712 train_percentage_above_threshold=51.78
[LN441    ] [chunk_18_phase_4_ensemble.py] [info] [section 1] [CNN] [label_threshold_optimal] VALIDATION_PRECISION=0.5289 VALIDATION_TRUE_POSITIVES=11602 VALIDATION_TRUE_NEGATIVES=14144 validation_false_positives=10336 validation_false_negatives=17172 validation_max_prediction=0.9232 validation_mean_prediction=0.4767 validation_recall=0.4032 validation_f1=0.4576 validation_auc=0.4792 validation_specificity=0.5778 validation_false_positive_rate=0.4222 validation_f2=0.4233 validation_mcc=-0.0192 validation_prauc=0.5457 validation_balanced_accuracy=0.4905 validation_brier=0.2639 validation_kappa=-0.0186 validation_informedness=-0.0190 validation_markedness=0.1066 validation_gini=0.0000 validation_optimal_threshold=0.6029 validation_standard_deviation_prediction=0.0911 validation_percentage_above_threshold=41.20
[LN442    ] [chunk_18_phase_4_ensemble.py] [info] [section 1] [CNN] [label_threshold_optimal] prediction_binary_split=0.50
[LN443    ] [chunk_21_hyperparam_optimizer.py] [info] [section 2] [CNN] [hyperparameter_optimization search] Running Bayesian optimization (5 trials)...
[LN444    ] [chunk_21_hyperparam_optimizer.py] [info] [section 2] [CNN] [hyperparameter_optimization search baseline] LABEL_THRESHOLD=0.0
[LN445    ] [chunk_21_hyperparam_optimizer.py] [info] [section 2] [CNN] [hyperparameter_optimization search baseline] VALIDATION_PRECISION=0.5259 VALIDATION_TRUE_POSITIVES=9164 VALIDATION_TRUE_NEGATIVES=16219 validation_false_positives=8261 validation_false_negatives=19610 validation_max_prediction=0.7043 validation_mean_prediction=0.4971 validation_recall=0.3185 validation_f1=0.3967 validation_auc=0.4822 validation_specificity=0.6625 validation_false_positive_rate=0.3375 validation_f2=0.3458 validation_mcc=-0.0202 validation_prauc=0.5384 validation_balanced_accuracy=0.4905 validation_brier=0.2516 validation_kappa=-0.0183 validation_informedness=-0.0190 validation_markedness=0.1885 validation_gini=0.0000 validation_optimal_threshold=0.5761 validation_standard_deviation_prediction=0.0298 validation_percentage_above_threshold=32.72
[LN446    ] [chunk_21_hyperparam_optimizer.py] [info] [section 2] [CNN] [hyperparameter_optimization search baseline] TRIAL 1/5: loss_function=binary_crossentropy, filters=64, kernel_size=7, dropout=0.05, learning_rate=0.001, epochs=100, alpha=0.25, gamma=2.0, layers=3, pooling=none
[LN447    ] [chunk_21_hyperparam_optimizer.py] [info] [section 2] [CNN] [hyperparameter_optimization search baseline] LABEL_THRESHOLD=0.0
[LN448    ] [chunk_21_hyperparam_optimizer.py] [info] [section 2] [CNN] [hyperparameter_optimization search baseline] VALIDATION_PRECISION=0.5403 VALIDATION_TRUE_POSITIVES=28774 VALIDATION_TRUE_NEGATIVES=0 validation_false_positives=24480 validation_false_negatives=0 validation_max_prediction=0.5113 validation_mean_prediction=0.5113 validation_recall=1.0000 validation_f1=0.7016 validation_auc=0.5000 validation_specificity=0.0000 validation_false_positive_rate=1.0000 validation_f2=0.8546 validation_mcc=0.0000 validation_prauc=0.5403 validation_balanced_accuracy=0.5000 validation_brier=0.2492 validation_kappa=0.0000 validation_informedness=0.0000 validation_markedness=-0.4597 validation_gini=0.0000 validation_optimal_threshold=inf validation_standard_deviation_prediction=0.0000 validation_percentage_above_threshold=100.00
[LN449    ] [chunk_21_hyperparam_optimizer.py] [info] [section 2] [CNN] [hyperparameter_optimization search baseline] TRIAL 2/5: loss_function=binary_crossentropy, filters=512, kernel_size=3, dropout=0.1, learning_rate=0.005, epochs=80, alpha=0.75, gamma=3.0, layers=1, pooling=max
[LN450    ] [chunk_21_hyperparam_optimizer.py] [info] [section 2] [CNN] [hyperparameter_optimization search baseline] LABEL_THRESHOLD=0.0
[LN451    ] [chunk_21_hyperparam_optimizer.py] [info] [section 2] [CNN] [hyperparameter_optimization search baseline] VALIDATION_PRECISION=0.5403 VALIDATION_TRUE_POSITIVES=28774 VALIDATION_TRUE_NEGATIVES=0 validation_false_positives=24480 validation_false_negatives=0 validation_max_prediction=0.5067 validation_mean_prediction=0.5067 validation_recall=1.0000 validation_f1=0.7016 validation_auc=0.5000 validation_specificity=0.0000 validation_false_positive_rate=1.0000 validation_f2=0.8546 validation_mcc=0.0000 validation_prauc=0.5403 validation_balanced_accuracy=0.5000 validation_brier=0.2495 validation_kappa=0.0000 validation_informedness=0.0000 validation_markedness=-0.4597 validation_gini=0.0000 validation_optimal_threshold=0.5067 validation_standard_deviation_prediction=0.0000 validation_percentage_above_threshold=100.00
[LN452    ] [chunk_21_hyperparam_optimizer.py] [info] [section 2] [CNN] [hyperparameter_optimization search baseline] TRIAL 3/5: loss_function=focal_loss, filters=512, kernel_size=5, dropout=0.2, learning_rate=0.01, epochs=100, alpha=0.75, gamma=3.0, layers=2, pooling=avg
[LN453    ] [chunk_21_hyperparam_optimizer.py] [info] [section 2] [CNN] [hyperparameter_optimization search baseline] LABEL_THRESHOLD=0.0
[LN454    ] [chunk_21_hyperparam_optimizer.py] [info] [section 2] [CNN] [hyperparameter_optimization search baseline] VALIDATION_PRECISION=0.5403 VALIDATION_TRUE_POSITIVES=28774 VALIDATION_TRUE_NEGATIVES=0 validation_false_positives=24480 validation_false_negatives=0 validation_max_prediction=0.5076 validation_mean_prediction=0.5076 validation_recall=1.0000 validation_f1=0.7016 validation_auc=0.5000 validation_specificity=0.0000 validation_false_positive_rate=1.0000 validation_f2=0.8546 validation_mcc=0.0000 validation_prauc=0.5403 validation_balanced_accuracy=0.5000 validation_brier=0.2494 validation_kappa=0.0000 validation_informedness=0.0000 validation_markedness=-0.4597 validation_gini=0.0000 validation_optimal_threshold=inf validation_standard_deviation_prediction=0.0000 validation_percentage_above_threshold=100.00
[LN455    ] [chunk_21_hyperparam_optimizer.py] [info] [section 2] [CNN] [hyperparameter_optimization search baseline] TRIAL 4/5: loss_function=binary_crossentropy, filters=128, kernel_size=5, dropout=0.2, learning_rate=0.01, epochs=100, alpha=1.0, gamma=2.5, layers=3, pooling=avg
[LN456    ] [chunk_21_hyperparam_optimizer.py] [info] [section 2] [CNN] [hyperparameter_optimization search baseline] LABEL_THRESHOLD=0.0
[LN457    ] [chunk_21_hyperparam_optimizer.py] [info] [section 2] [CNN] [hyperparameter_optimization search baseline] VALIDATION_PRECISION=0.5303 VALIDATION_TRUE_POSITIVES=21106 VALIDATION_TRUE_NEGATIVES=5785 validation_false_positives=18695 validation_false_negatives=7668 validation_max_prediction=0.6277 validation_mean_prediction=0.5014 validation_recall=0.7335 validation_f1=0.6156 validation_auc=0.4738 validation_specificity=0.2363 validation_false_positive_rate=0.7637 validation_f2=0.6813 validation_mcc=-0.0346 validation_prauc=0.5235 validation_balanced_accuracy=0.4849 validation_brier=0.2511 validation_kappa=-0.0312 validation_informedness=-0.0302 validation_markedness=-0.2334 validation_gini=0.0000 validation_optimal_threshold=0.6258 validation_standard_deviation_prediction=0.0213 validation_percentage_above_threshold=74.74
[LN458    ] [chunk_21_hyperparam_optimizer.py] [info] [section 2] [CNN] [hyperparameter_optimization search baseline] TRIAL 5/5: loss_function=focal_loss, filters=512, kernel_size=11, dropout=0.05, learning_rate=0.0005, epochs=80, alpha=0.25, gamma=2.0, layers=1, pooling=none
[LN459    ] [chunk_21_hyperparam_optimizer.py] [info] [section 2] [CNN] [best trial] LABEL_THRESHOLD=0.0
[LN460    ] [chunk_21_hyperparam_optimizer.py] [info] [section 2] [CNN] [best trial] VALIDATION_PRECISION=0.5259 VALIDATION_TRUE_POSITIVES=9164 VALIDATION_TRUE_NEGATIVES=16219 validation_false_positives=8261 validation_false_negatives=19610 validation_max_prediction=0.7043 validation_mean_prediction=0.4971 validation_recall=0.3185 validation_f1=0.3967 validation_auc=0.4822 validation_specificity=0.6625 validation_false_positive_rate=0.3375 validation_f2=0.3458 validation_mcc=-0.0202 validation_prauc=0.5384 validation_balanced_accuracy=0.4905 validation_brier=0.2516 validation_kappa=-0.0183 validation_informedness=-0.0190 validation_markedness=0.1885 validation_gini=0.0000 validation_optimal_threshold=0.5761 validation_standard_deviation_prediction=0.0298 validation_percentage_above_threshold=32.72
[LN461    ] [chunk_21_hyperparam_optimizer.py] [info] [section 2] [CNN] [best trial] loss_function=binary_crossentropy, filters=64, kernel_size=7, dropout=0.05, learning_rate=0.001, epochs=100, alpha=0.25, gamma=2.0, layers=3, pooling=none
[LN462    ] [chunk_18_phase_4_ensemble.py] [info]    [diagnostic-hyperparameter_optimization]  cumulative binary_split_predictions (1%) ≤ 0.4286, (5%) ≤ 0.4563, (10%) ≤ 0.4707, (25%) ≤ 0.4839, (50%) ≤ 0.4945, (75%) ≤ 0.5030, (90%) ≤ 0.5260, (95%) ≤ 0.5538, (99%) ≤ 0.6105, max=0.7043 binary_split_predictions distribution: 0% ≤ 0.01, 0% ≤ 0.02, 0% ≤ 0.05, 0% ≤ 0.1, 0% ≤ 0.2, 67% ≤ 0.5, 33% ≥ 0.50
[LN463    ] [chunk_18_phase_4_ensemble.py] [info]    hyperparameter_optimization did NOT improve: 0.5259 <= 0.5289 - using pre hyperparameter_optimization model
[LN464    ] [chunk_18_phase_4_ensemble.py] [info] [section 3] [CNN] [PRE-HYPERPARAMETER_OPTIMIZATION] LABEL_THRESHOLD=0.0,
[LN465    ] [chunk_18_phase_4_ensemble.py] [info] [section 3] [CNN] [PRE-HYPERPARAMETER_OPTIMIZATION] VALIDATION_PRECISION=0.5289 VALIDATION_TRUE_POSITIVES=11602 VALIDATION_TRUE_NEGATIVES=14144 validation_false_positives=10336 validation_false_negatives=17172 validation_max_prediction=0.9232 validation_mean_prediction=0.4767 validation_recall=0.4032 validation_f1=0.4576 validation_auc=0.4792 validation_specificity=0.5778 validation_false_positive_rate=0.4222 validation_f2=0.4233 validation_mcc=-0.0192 validation_prauc=0.5457 validation_balanced_accuracy=0.4905 validation_brier=0.2639 validation_kappa=-0.0186 validation_informedness=-0.0190 validation_markedness=0.1066 validation_gini=0.0000 validation_optimal_threshold=0.6029 validation_standard_deviation_prediction=0.0911 validation_percentage_above_threshold=41.20
[LN466    ] [chunk_18_phase_4_ensemble.py] [info] [section 3] [CNN] [PRE-HYPERPARAMETER_OPTIMIZATION] prediction_binary_split=0.50 hyperparams=(loss=binary_crossentropy lr=0.001 dropout=0.05 alpha=0.25 gamma=2.0 latent_dim=0) improved=False {'loss_function': 'binary_crossentropy', 'filters': 64, 'kernel_size': 7, 'dropout': 0.05, 'learning_rate': 0.001, 'epochs': 100, 'alpha': 0.25, 'gamma': 2.0, 'layers': 3, 'pooling': 'none'}
[LN467    ] [chunk_18_phase_4_ensemble.py] [info]    Running post hyperparameter_optimization threshold search for CNN...
[LN468    ] [chunk_12_evaluation_evaluator.py] [info] [CNN] label_threshold=20.0 train_below_prediction_binary_split=118,621 train_above_prediction_binary_split=689 train_positive_found=true val_below_prediction_binary_split=52,918 val_above_prediction_binary_split=336 val_positive_found=true
[LN469    ] [chunk_12_evaluation_evaluator.py] [info] [CNN] [reject] skipping LABEL_THRESHOLD=20.0: validation_precision=0.0118 <= baseline+0.0200=0.0263
[LN470    ] [chunk_12_evaluation_evaluator.py] [info] [CNN] label_threshold=10.0 train_below_prediction_binary_split=116,756 train_above_prediction_binary_split=2,554 train_positive_found=true val_below_prediction_binary_split=52,057 val_above_prediction_binary_split=1,197 val_positive_found=true
[LN471    ] [chunk_12_evaluation_evaluator.py] [info] [CNN] [reject] skipping LABEL_THRESHOLD=10.0: validation_precision=0.0296 <= baseline+0.0200=0.0425
[LN472    ] [chunk_12_evaluation_evaluator.py] [info] [CNN] label_threshold=0.0 train_below_prediction_binary_split=59,589 train_above_prediction_binary_split=59,721 train_positive_found=true val_below_prediction_binary_split=24,480 val_above_prediction_binary_split=28,774 val_positive_found=true
[LN473    ] [chunk_12_evaluation_evaluator.py] [info] [CNN] [diagnostic] LABEL_THRESHOLD=0.0 train_precision=0.5562 train_true_positives=34359 train_true_negatives=32168 train_false_positives=27421 train_false_negatives=25362 train_max_prediction=0.7800 train_mean_prediction=0.4913 train_recall=0.5753 train_f1=0.5656 train_auc=0.5874 train_specificity=0.5398 train_false_positive_rate=0.4602 train_f2=0.5714 train_mcc=0.1152 train_prauc=0.5860 train_balanced_accuracy=0.5576 train_brier=0.2432 train_kappa=0.1152 train_informedness=0.1152 train_markedness=0.0960 train_gini=0.1747 train_optimal_threshold=0.5012 train_standard_deviation_prediction=0.0712 train_percentage_above_threshold=51.78
[LN474    ] [chunk_12_evaluation_evaluator.py] [info] [CNN] [diagnostic] LABEL_THRESHOLD=0.0 VALIDATION_PRECISION=0.5289 VALIDATION_TRUE_POSITIVES=11602 VALIDATION_TRUE_NEGATIVES=14144 validation_false_positives=10336 validation_false_negatives=17172 validation_max_prediction=0.9232 validation_mean_prediction=0.4767 validation_recall=0.4032 validation_f1=0.4576 validation_auc=0.4792 validation_specificity=0.5778 validation_false_positive_rate=0.4222 validation_f2=0.4233 validation_mcc=-0.0192 validation_prauc=0.5457 validation_balanced_accuracy=0.4905 validation_brier=0.2639 validation_kappa=-0.0186 validation_informedness=-0.0190 validation_markedness=0.1066 validation_gini=0.0000 validation_optimal_threshold=0.6029 validation_standard_deviation_prediction=0.0911 validation_percentage_above_threshold=41.20
[LN475    ] [chunk_18_phase_4_ensemble.py] [info]    hyperparameter_optimization model threshold search: LABEL_THRESHOLD=0.0, VALIDATION_PRECISION=0.5259
[LN476    ] [chunk_18_phase_4_ensemble.py] [info]    post hyperparameter_optimization threshold search: LABEL_THRESHOLD=0.0, VALIDATION_PRECISION=0.5289
[LN477    ] [chunk_18_phase_4_ensemble.py] [info]    post hyperparameter_optimization no improvement: keeping LABEL_THRESHOLD=0.0
[LN478    ] [chunk_18_phase_4_ensemble.py] [info] [section 4] [CNN] [post hyperparameter_optimization] [diagnostic]  cumulative binary_split_predictions (1%) ≤ 0.2642, (5%) ≤ 0.3171, (10%) ≤ 0.3521, (25%) ≤ 0.4180, (50%) ≤ 0.4812, (75%) ≤ 0.5366, (90%) ≤ 0.5910, (95%) ≤ 0.6280, (99%) ≤ 0.6815, max=0.9232 binary_split_predictions distribution: 0% ≤ 0.01, 0% ≤ 0.02, 0% ≤ 0.05, 0% ≤ 0.1, 0% ≤ 0.2, 59% ≤ 0.5, 41% ≥ 0.50
[LN479    ] [chunk_18_phase_4_ensemble.py] [info] [section 4] [CNN] [post hyperparameter_optimization] LABEL_THRESHOLD=0.0,
[LN480    ] [chunk_18_phase_4_ensemble.py] [info] [section 4] [CNN] [post hyperparameter_optimization] VALIDATION_PRECISION=0.5289 VALIDATION_TRUE_POSITIVES=11602 VALIDATION_TRUE_NEGATIVES=14144 validation_false_positives=10336 validation_false_negatives=17172 validation_max_prediction=0.9232 validation_mean_prediction=0.4767 validation_recall=0.4032 validation_f1=0.4576 validation_auc=0.4792 validation_specificity=0.5778 validation_false_positive_rate=0.4222 validation_f2=0.4233 validation_mcc=-0.0192 validation_prauc=0.5457 validation_balanced_accuracy=0.4905 validation_brier=0.2639 validation_kappa=-0.0186 validation_informedness=-0.0190 validation_markedness=0.1066 validation_gini=0.0000 validation_optimal_threshold=0.6029 validation_standard_deviation_prediction=0.0911 validation_percentage_above_threshold=41.20
[LN481    ] [chunk_18_phase_4_ensemble.py] [info] [section 4] [CNN] [post hyperparameter_optimization] prediction_binary_split=0.50 hyperparams=(loss=binary_crossentropy lr=0.001 dropout=0.05 alpha=0.25 gamma=2.0 latent_dim=64) source=section3
[LN482    ] [chunk_18_phase_4_ensemble.py] [info]    Using threshold-optimized model (HPO did not improve)
[LN483    ] [chunk_18_phase_4_ensemble.py] [info]    Train predictions: mean=0.4913, std=0.0712, min=0.1247, max=0.7800
[LN484    ] [chunk_18_phase_4_ensemble.py] [info]    validation predictions:   mean=0.4767, std=0.0911, min=0.1765, max=0.9232
[LN485    ] [chunk_18_phase_4_ensemble.py] [info] [section 5] [CNN] [final] [diagnostic] Train  cumulative binary_split_predictions (1%) ≤ 0.2682, (5%) ≤ 0.3598, (10%) ≤ 0.4039, (25%) ≤ 0.4580, (50%) ≤ 0.5024, (75%) ≤ 0.5291, (90%) ≤ 0.5612, (95%) ≤ 0.5909, (99%) ≤ 0.6694, max=0.7800 binary_split_predictions distribution: 0% ≤ 0.01, 0% ≤ 0.02, 0% ≤ 0.05, 0% ≤ 0.1, 0% ≤ 0.2, 48% ≤ 0.5, 52% ≥ 0.50
[LN486    ] [chunk_18_phase_4_ensemble.py] [info] [section 5] [CNN] [final] [diagnostic] validation    cumulative binary_split_predictions (1%) ≤ 0.2642, (5%) ≤ 0.3171, (10%) ≤ 0.3521, (25%) ≤ 0.4180, (50%) ≤ 0.4812, (75%) ≤ 0.5366, (90%) ≤ 0.5910, (95%) ≤ 0.6280, (99%) ≤ 0.6815, max=0.9232 binary_split_predictions distribution: 0% ≤ 0.01, 0% ≤ 0.02, 0% ≤ 0.05, 0% ≤ 0.1, 0% ≤ 0.2, 59% ≤ 0.5, 41% ≥ 0.50
[LN487    ] [chunk_18_phase_4_ensemble.py] [info]    Train predictions: 51.78% positive predictions (61,780 / 119,310)
[LN488    ] [chunk_18_phase_4_ensemble.py] [info]    validation predictions:   41.20% positive predictions (21,938 / 53,254)
[LN489    ] [chunk_18_phase_4_ensemble.py] [info]    [info] Section 4 all rejected - using Section 3 results for Section 5
[LN490    ] [chunk_18_phase_4_ensemble.py] [info]    [diagnostic] prediction_buckets: 0-10:14, 10-20:1740, 20-30:8882, 30-40:20680, 40-50:17403, 50-60:4366, 60-70:168, 70-80:0, 80-90:1, 90-100:0
[LN491    ] [chunk_18_phase_4_ensemble.py] [info] [section 5] [CNN] [final] LABEL_THRESHOLD=0.0,
[LN492    ] [chunk_18_phase_4_ensemble.py] [info] [section 5] [CNN] [final] train_precision=0.5562 train_true_positives=34359 train_true_negatives=32168 train_false_positives=27421 train_false_negatives=25362 train_max_prediction=0.7800 train_mean_prediction=0.4913 train_recall=0.5753 train_f1=0.5656 train_auc=0.5874 train_specificity=0.5398 train_false_positive_rate=0.4602 train_f2=0.5714 train_mcc=0.1152 train_prauc=0.5860 train_balanced_accuracy=0.5576 train_standard_deviation_prediction=0.0712 train_percentage_above_threshold=51.78 train_brier=0.2432 train_kappa=0.1152 train_informedness=0.1152 train_markedness=0.0960 train_gini=0.1747 train_optimal_threshold=0.5012
[LN493    ] [chunk_18_phase_4_ensemble.py] [info] [section 5] [CNN] [final] VALIDATION_PRECISION=0.5289 VALIDATION_TRUE_POSITIVES=11602 VALIDATION_TRUE_NEGATIVES=14144 validation_false_positives=10336 validation_false_negatives=17172 validation_max_prediction=0.9232 validation_mean_prediction=0.4767 validation_recall=0.4032 validation_f1=0.4576 validation_auc=0.4792 validation_specificity=0.5778 validation_false_positive_rate=0.4222 validation_f2=0.4233 validation_mcc=-0.0192 validation_prauc=0.5457 validation_balanced_accuracy=0.4905 validation_brier=0.2639 validation_kappa=-0.0186 validation_informedness=-0.0190 validation_markedness=0.1066 validation_gini=0.0000 validation_optimal_threshold=0.6029 validation_standard_deviation_prediction=0.0911 validation_percentage_above_threshold=41.20
[LN494    ] [chunk_18_phase_4_ensemble.py] [info] [section 5] [CNN] [final] prediction_binary_split=0.50 hyperparams=(loss=binary_crossentropy lr=0.001 dropout=0.05 alpha=0.25 gamma=2.0 latent_dim=64) (using HPO model directly)
[LN495    ] [chunk_18_phase_4_ensemble.py] [info]    CNN loss=binary_crossentropy pred_threshold=0.5 epochs=3
[LN496    ] [chunk_18_phase_4_ensemble.py] [info]    [CNN] hyperparameter_optimization: filters=64, kernel_size=7, dropout=0.05, learning_rate=0.001, alpha=0.25, gamma=2.0, layers=3
[LN497    ] [chunk_18_phase_4_ensemble.py] [info]    CNN training time: 3257.2s
[LN498    ] [chunk_18_phase_4_ensemble.py] [info] [pass] CNN trained successfully
[LN499    ] [chunk_18_phase_4_ensemble.py] [info] [section 1] [RNN] [baseline] LABEL_THRESHOLD=20.0,
[LN500    ] [chunk_18_phase_4_ensemble.py] [info] [section 1] [RNN] [baseline] predictions: mean=0.0353, std=0.0552, min=0.0010, max=0.2925
[LN501    ] [chunk_18_phase_4_ensemble.py] [info] [section 1] [RNN] [baseline]  cumulative binary_split_predictions (1%) ≤ 0.0012, (5%) ≤ 0.0015, (10%) ≤ 0.0018, (25%) ≤ 0.0030, (50%) ≤ 0.0091, (75%) ≤ 0.0389, (90%) ≤ 0.1191, (95%) ≤ 0.1760, (99%) ≤ 0.2311, max=0.2925 binary_split_predictions distribution: 52% ≤ 0.01, 64% ≤ 0.02, 79% ≤ 0.05, 88% ≤ 0.1, 97% ≤ 0.2, 100% ≤ 0.5, 0% ≥ 0.50
[LN502    ] [chunk_18_phase_4_ensemble.py] [info] [section 1] [RNN] [baseline] prediction_binary_split=0.50, VALIDATION predictions at LABEL_THRESHOLD=20.0: 0.00%
[LN503    ] [chunk_18_phase_4_ensemble.py] [warning] [section 1] [RNN] [baseline] [warning] No predictions >= 0.5!
[LN504    ] [chunk_18_phase_4_ensemble.py] [info] [section 1] [RNN] [baseline] LABEL_THRESHOLD=20.0,
[LN505    ] [chunk_18_phase_4_ensemble.py] [info] [section 1] [RNN] [baseline] VALIDATION_PRECISION=0.0000 VALIDATION_TRUE_POSITIVES=0 VALIDATION_TRUE_NEGATIVES=52918 validation_false_positives=0 validation_false_negatives=336 validation_max_prediction=0.2925 validation_mean_prediction=0.0353 validation_recall=0.0000 validation_f1=0.0000 validation_auc=0.8432 validation_specificity=1.0000 validation_false_positive_rate=0.0000 validation_f2=0.0000 validation_mcc=0.0000 validation_prauc=0.0309 validation_balanced_accuracy=0.5000 validation_brier=0.0092 validation_kappa=0.0000 validation_informedness=0.0000 validation_markedness=1.0000 validation_gini=0.6865 validation_optimal_threshold=0.0251 validation_standard_deviation_prediction=0.0552 validation_percentage_above_threshold=0.00
[LN506    ] [chunk_18_phase_4_ensemble.py] [info] [section 1] [RNN] [baseline] prediction_binary_split=0.50 loss=binary_crossentropy, lr=0.001
[LN507    ] [chunk_12_evaluation_evaluator.py] [info] [RNN] label_threshold=20.0 train_below_prediction_binary_split=118,621 train_above_prediction_binary_split=689 train_positive_found=true val_below_prediction_binary_split=52,918 val_above_prediction_binary_split=336 val_positive_found=true
[LN508    ] [chunk_12_evaluation_evaluator.py] [info] [reject] threshold=20.0 action=skipped reason=insufficient_positive_predictions positive_predictions=0 minimum_positive_required=5
[LN509    ] [chunk_12_evaluation_evaluator.py] [info] [RNN] label_threshold=10.0 train_below_prediction_binary_split=116,756 train_above_prediction_binary_split=2,554 train_positive_found=true val_below_prediction_binary_split=52,057 val_above_prediction_binary_split=1,197 val_positive_found=true
[LN510    ] [chunk_12_evaluation_evaluator.py] [info] [reject] threshold=10.0 action=skipped reason=insufficient_positive_predictions positive_predictions=0 minimum_positive_required=5
[LN511    ] [chunk_12_evaluation_evaluator.py] [info] [RNN] label_threshold=0.0 train_below_prediction_binary_split=59,589 train_above_prediction_binary_split=59,721 train_positive_found=true val_below_prediction_binary_split=24,480 val_above_prediction_binary_split=28,774 val_positive_found=true
[LN512    ] [chunk_12_evaluation_evaluator.py] [info] [RNN] [diagnostic] LABEL_THRESHOLD=0.0 train_precision=0.5421 train_true_positives=28370 train_true_negatives=35629 train_false_positives=23960 train_false_negatives=31351 train_max_prediction=0.6852 train_mean_prediction=0.4890 train_recall=0.4750 train_f1=0.5064 train_auc=0.5550 train_specificity=0.5979 train_false_positive_rate=0.4021 train_f2=0.4871 train_mcc=0.0735 train_prauc=0.5560 train_balanced_accuracy=0.5365 train_brier=0.2475 train_kappa=0.0729 train_informedness=0.0730 train_markedness=0.1400 train_gini=0.1100 train_optimal_threshold=0.4947 train_standard_deviation_prediction=0.0435 train_percentage_above_threshold=43.86
[LN513    ] [chunk_12_evaluation_evaluator.py] [info] [RNN] [diagnostic] LABEL_THRESHOLD=0.0 VALIDATION_PRECISION=0.5357 VALIDATION_TRUE_POSITIVES=6732 VALIDATION_TRUE_NEGATIVES=18646 validation_false_positives=5834 validation_false_negatives=22042 validation_max_prediction=0.6802 validation_mean_prediction=0.4599 validation_recall=0.2340 validation_f1=0.3257 validation_auc=0.4798 validation_specificity=0.7617 validation_false_positive_rate=0.2383 validation_f2=0.2637 validation_mcc=-0.0051 validation_prauc=0.5409 validation_balanced_accuracy=0.4978 validation_brier=0.2596 validation_kappa=-0.0042 validation_informedness=-0.0044 validation_markedness=0.2974 validation_gini=0.0000 validation_optimal_threshold=0.6021 validation_standard_deviation_prediction=0.0597 validation_percentage_above_threshold=23.60
[LN514    ] [chunk_18_phase_4_ensemble.py] [info] [section 1] [RNN] [label_threshold_optimal]  cumulative binary_split_predictions (1%) ≤ 0.3493, (5%) ≤ 0.3695, (10%) ≤ 0.3845, (25%) ≤ 0.4182, (50%) ≤ 0.4555, (75%) ≤ 0.4977, (90%) ≤ 0.5308, (95%) ≤ 0.5533, (99%) ≤ 0.6547, max=0.6802 binary_split_predictions distribution: 0% ≤ 0.01, 0% ≤ 0.02, 0% ≤ 0.05, 0% ≤ 0.1, 0% ≤ 0.2, 76% ≤ 0.5, 24% ≥ 0.50
[LN515    ] [chunk_18_phase_4_ensemble.py] [info] [section 1] [RNN] [label_threshold_optimal] LABEL_THRESHOLD=0.0
[LN516    ] [chunk_18_phase_4_ensemble.py] [info] [section 1] [RNN] [label_threshold_optimal] train_precision=0.5421 train_true_positives=28370 train_true_negatives=35629 train_false_positives=23960 train_false_negatives=31351 train_max_prediction=0.6852 train_mean_prediction=0.4890 train_recall=0.4750 train_f1=0.5064 train_auc=0.5550 train_specificity=0.5979 train_false_positive_rate=0.4021 train_f2=0.4871 train_mcc=0.0735 train_prauc=0.5560 train_balanced_accuracy=0.5365 train_brier=0.2475 train_kappa=0.0729 train_informedness=0.0730 train_markedness=0.1400 train_gini=0.1100 train_optimal_threshold=0.4947 train_standard_deviation_prediction=0.0435 train_percentage_above_threshold=43.86
[LN517    ] [chunk_18_phase_4_ensemble.py] [info] [section 1] [RNN] [label_threshold_optimal] VALIDATION_PRECISION=0.5357 VALIDATION_TRUE_POSITIVES=6732 VALIDATION_TRUE_NEGATIVES=18646 validation_false_positives=5834 validation_false_negatives=22042 validation_max_prediction=0.6802 validation_mean_prediction=0.4599 validation_recall=0.2340 validation_f1=0.3257 validation_auc=0.4798 validation_specificity=0.7617 validation_false_positive_rate=0.2383 validation_f2=0.2637 validation_mcc=-0.0051 validation_prauc=0.5409 validation_balanced_accuracy=0.4978 validation_brier=0.2596 validation_kappa=-0.0042 validation_informedness=-0.0044 validation_markedness=0.2974 validation_gini=0.0000 validation_optimal_threshold=0.6021 validation_standard_deviation_prediction=0.0597 validation_percentage_above_threshold=23.60
[LN518    ] [chunk_18_phase_4_ensemble.py] [info] [section 1] [RNN] [label_threshold_optimal] prediction_binary_split=0.50
[LN519    ] [chunk_21_hyperparam_optimizer.py] [info] [section 2] [RNN] [hyperparameter_optimization search] Running Bayesian optimization (5 trials)...
[LN520    ] [chunk_21_hyperparam_optimizer.py] [info] [section 2] [RNN] [hyperparameter_optimization search baseline] LABEL_THRESHOLD=0.0
[LN521    ] [chunk_21_hyperparam_optimizer.py] [info] [section 2] [RNN] [hyperparameter_optimization search baseline] VALIDATION_PRECISION=0.5403 VALIDATION_TRUE_POSITIVES=28774 VALIDATION_TRUE_NEGATIVES=0 validation_false_positives=24480 validation_false_negatives=0 validation_max_prediction=0.5068 validation_mean_prediction=0.5068 validation_recall=1.0000 validation_f1=0.7016 validation_auc=0.5000 validation_specificity=0.0000 validation_false_positive_rate=1.0000 validation_f2=0.8546 validation_mcc=0.0000 validation_prauc=0.5403 validation_balanced_accuracy=0.5000 validation_brier=0.2495 validation_kappa=0.0000 validation_informedness=0.0000 validation_markedness=-0.4597 validation_gini=0.0000 validation_optimal_threshold=inf validation_standard_deviation_prediction=0.0000 validation_percentage_above_threshold=100.00
[LN522    ] [chunk_21_hyperparam_optimizer.py] [info] [section 2] [RNN] [hyperparameter_optimization search baseline] TRIAL 1/5: loss_function=binary_crossentropy, units=256, dropout=0.0, learning_rate=0.005, epochs=20, alpha=1.0, gamma=2.0, layers=2
[LN523    ] [chunk_21_hyperparam_optimizer.py] [info] [section 2] [RNN] [hyperparameter_optimization search baseline] LABEL_THRESHOLD=0.0
[LN524    ] [chunk_21_hyperparam_optimizer.py] [info] [section 2] [RNN] [hyperparameter_optimization search baseline] VALIDATION_PRECISION=0.5182 VALIDATION_TRUE_POSITIVES=13808 VALIDATION_TRUE_NEGATIVES=11642 validation_false_positives=12838 validation_false_negatives=14966 validation_max_prediction=0.6834 validation_mean_prediction=0.5055 validation_recall=0.4799 validation_f1=0.4983 validation_auc=0.4710 validation_specificity=0.4756 validation_false_positive_rate=0.5244 validation_f2=0.4871 validation_mcc=-0.0444 validation_prauc=0.5170 validation_balanced_accuracy=0.4777 validation_brier=0.2514 validation_kappa=-0.0443 validation_informedness=-0.0446 validation_markedness=-0.0062 validation_gini=0.0000 validation_optimal_threshold=0.4704 validation_standard_deviation_prediction=0.0260 validation_percentage_above_threshold=50.04
[LN525    ] [chunk_21_hyperparam_optimizer.py] [info] [section 2] [RNN] [hyperparameter_optimization search baseline] TRIAL 2/5: loss_function=binary_crossentropy, units=256, dropout=0.1, learning_rate=0.001, epochs=30, alpha=0.5, gamma=3.0, layers=1
[LN526    ] [chunk_21_hyperparam_optimizer.py] [info] [section 2] [RNN] [hyperparameter_optimization search baseline] LABEL_THRESHOLD=0.0
[LN527    ] [chunk_21_hyperparam_optimizer.py] [info] [section 2] [RNN] [hyperparameter_optimization search baseline] VALIDATION_PRECISION=0.5219 VALIDATION_TRUE_POSITIVES=13672 VALIDATION_TRUE_NEGATIVES=11954 validation_false_positives=12526 validation_false_negatives=15102 validation_max_prediction=0.6048 validation_mean_prediction=0.5023 validation_recall=0.4752 validation_f1=0.4974 validation_auc=0.4756 validation_specificity=0.4883 validation_false_positive_rate=0.5117 validation_f2=0.4838 validation_mcc=-0.0364 validation_prauc=0.5226 validation_balanced_accuracy=0.4817 validation_brier=0.2508 validation_kappa=-0.0362 validation_informedness=-0.0365 validation_markedness=0.0102 validation_gini=0.0000 validation_optimal_threshold=0.4696 validation_standard_deviation_prediction=0.0176 validation_percentage_above_threshold=49.19
[LN528    ] [chunk_21_hyperparam_optimizer.py] [info] [section 2] [RNN] [hyperparameter_optimization search baseline] TRIAL 3/5: loss_function=focal_loss, units=128, dropout=0.0, learning_rate=0.001, epochs=50, alpha=1.0, gamma=3.0, layers=1
[LN529    ] [chunk_21_hyperparam_optimizer.py] [info] [section 2] [RNN] [hyperparameter_optimization search baseline] LABEL_THRESHOLD=0.0
[LN530    ] [chunk_21_hyperparam_optimizer.py] [info] [section 2] [RNN] [hyperparameter_optimization search baseline] VALIDATION_PRECISION=0.5403 VALIDATION_TRUE_POSITIVES=28774 VALIDATION_TRUE_NEGATIVES=0 validation_false_positives=24480 validation_false_negatives=0 validation_max_prediction=0.5399 validation_mean_prediction=0.5102 validation_recall=1.0000 validation_f1=0.7016 validation_auc=0.4882 validation_specificity=0.0000 validation_false_positive_rate=1.0000 validation_f2=0.8546 validation_mcc=0.0000 validation_prauc=0.5212 validation_balanced_accuracy=0.5000 validation_brier=0.2496 validation_kappa=0.0000 validation_informedness=0.0000 validation_markedness=-0.4597 validation_gini=0.0000 validation_optimal_threshold=0.5050 validation_standard_deviation_prediction=0.0071 validation_percentage_above_threshold=100.00
[LN531    ] [chunk_21_hyperparam_optimizer.py] [info] [section 2] [RNN] [hyperparameter_optimization search baseline] TRIAL 4/5: loss_function=focal_loss, units=256, dropout=0.05, learning_rate=0.001, epochs=20, alpha=1.25, gamma=2.0, layers=2
[LN532    ] [chunk_21_hyperparam_optimizer.py] [info] [section 2] [RNN] [hyperparameter_optimization search baseline] LABEL_THRESHOLD=0.0
[LN533    ] [chunk_21_hyperparam_optimizer.py] [info] [section 2] [RNN] [hyperparameter_optimization search baseline] VALIDATION_PRECISION=0.5108 VALIDATION_TRUE_POSITIVES=6500 VALIDATION_TRUE_NEGATIVES=18254 validation_false_positives=6226 validation_false_negatives=22274 validation_max_prediction=0.5800 validation_mean_prediction=0.4981 validation_recall=0.2259 validation_f1=0.3133 validation_auc=0.4887 validation_specificity=0.7457 validation_false_positive_rate=0.2543 validation_f2=0.2543 validation_mcc=-0.0332 validation_prauc=0.5421 validation_balanced_accuracy=0.4858 validation_brier=0.2501 validation_kappa=-0.0271 validation_informedness=-0.0284 validation_markedness=0.2564 validation_gini=0.0000 validation_optimal_threshold=0.4912 validation_standard_deviation_prediction=0.0104 validation_percentage_above_threshold=23.90
[LN534    ] [chunk_21_hyperparam_optimizer.py] [info] [section 2] [RNN] [hyperparameter_optimization search baseline] TRIAL 5/5: loss_function=binary_crossentropy, units=64, dropout=0.1, learning_rate=0.002, epochs=30, alpha=0.5, gamma=2.0, layers=2
[LN535    ] [chunk_21_hyperparam_optimizer.py] [info] [section 2] [RNN] [best trial] LABEL_THRESHOLD=0.0
[LN536    ] [chunk_21_hyperparam_optimizer.py] [info] [section 2] [RNN] [best trial] VALIDATION_PRECISION=0.5182 VALIDATION_TRUE_POSITIVES=13808 VALIDATION_TRUE_NEGATIVES=11642 validation_false_positives=12838 validation_false_negatives=14966 validation_max_prediction=0.6834 validation_mean_prediction=0.5055 validation_recall=0.4799 validation_f1=0.4983 validation_auc=0.4710 validation_specificity=0.4756 validation_false_positive_rate=0.5244 validation_f2=0.4871 validation_mcc=-0.0444 validation_prauc=0.5170 validation_balanced_accuracy=0.4777 validation_brier=0.2514 validation_kappa=-0.0443 validation_informedness=-0.0446 validation_markedness=-0.0062 validation_gini=0.0000 validation_optimal_threshold=0.4704 validation_standard_deviation_prediction=0.0260 validation_percentage_above_threshold=50.04
[LN537    ] [chunk_21_hyperparam_optimizer.py] [info] [section 2] [RNN] [best trial] loss_function=binary_crossentropy, units=256, dropout=0.1, learning_rate=0.001, epochs=30, alpha=0.5, gamma=3.0, layers=1
[LN538    ] [chunk_18_phase_4_ensemble.py] [info]    [diagnostic-hyperparameter_optimization]  cumulative binary_split_predictions (1%) ≤ 0.4509, (5%) ≤ 0.4773, (10%) ≤ 0.4807, (25%) ≤ 0.4877, (50%) ≤ 0.5000, (75%) ≤ 0.5196, (90%) ≤ 0.5367, (95%) ≤ 0.5505, (99%) ≤ 0.5924, max=0.6834 binary_split_predictions distribution: 0% ≤ 0.01, 0% ≤ 0.02, 0% ≤ 0.05, 0% ≤ 0.1, 0% ≤ 0.2, 50% ≤ 0.5, 50% ≥ 0.50
[LN539    ] [chunk_18_phase_4_ensemble.py] [info]    hyperparameter_optimization did NOT improve: 0.5182 <= 0.5357 - using pre hyperparameter_optimization model
[LN540    ] [chunk_18_phase_4_ensemble.py] [info] [section 3] [RNN] [PRE-HYPERPARAMETER_OPTIMIZATION] LABEL_THRESHOLD=0.0,
[LN541    ] [chunk_18_phase_4_ensemble.py] [info] [section 3] [RNN] [PRE-HYPERPARAMETER_OPTIMIZATION] VALIDATION_PRECISION=0.5357 VALIDATION_TRUE_POSITIVES=6732 VALIDATION_TRUE_NEGATIVES=18646 validation_false_positives=5834 validation_false_negatives=22042 validation_max_prediction=0.6802 validation_mean_prediction=0.4599 validation_recall=0.2340 validation_f1=0.3257 validation_auc=0.4798 validation_specificity=0.7617 validation_false_positive_rate=0.2383 validation_f2=0.2637 validation_mcc=-0.0051 validation_prauc=0.5409 validation_balanced_accuracy=0.4978 validation_brier=0.2596 validation_kappa=-0.0042 validation_informedness=-0.0044 validation_markedness=0.2974 validation_gini=0.0000 validation_optimal_threshold=0.6021 validation_standard_deviation_prediction=0.0597 validation_percentage_above_threshold=23.60
[LN542    ] [chunk_18_phase_4_ensemble.py] [info] [section 3] [RNN] [PRE-HYPERPARAMETER_OPTIMIZATION] prediction_binary_split=0.50 hyperparams=(loss=binary_crossentropy lr=0.001 dropout=0.1 alpha=0.5 gamma=3.0 latent_dim=0) improved=False {'loss_function': 'binary_crossentropy', 'units': 256, 'dropout': 0.1, 'learning_rate': 0.001, 'epochs': 30, 'alpha': 0.5, 'gamma': 3.0, 'layers': 1}
[LN543    ] [chunk_18_phase_4_ensemble.py] [info]    Running post hyperparameter_optimization threshold search for RNN...
[LN544    ] [chunk_12_evaluation_evaluator.py] [info] [RNN] label_threshold=20.0 train_below_prediction_binary_split=118,621 train_above_prediction_binary_split=689 train_positive_found=true val_below_prediction_binary_split=52,918 val_above_prediction_binary_split=336 val_positive_found=true
[LN545    ] [chunk_12_evaluation_evaluator.py] [info] [RNN] [reject] skipping LABEL_THRESHOLD=20.0: pos_pred_ratio=66.77% outside [0%, 60%]
[LN546    ] [chunk_12_evaluation_evaluator.py] [info] [RNN] label_threshold=10.0 train_below_prediction_binary_split=116,756 train_above_prediction_binary_split=2,554 train_positive_found=true val_below_prediction_binary_split=52,057 val_above_prediction_binary_split=1,197 val_positive_found=true
[LN547    ] [chunk_12_evaluation_evaluator.py] [info] [RNN] [reject] skipping LABEL_THRESHOLD=10.0: pos_pred_ratio=63.51% outside [0%, 60%]
[LN548    ] [chunk_12_evaluation_evaluator.py] [info] [RNN] label_threshold=0.0 train_below_prediction_binary_split=59,589 train_above_prediction_binary_split=59,721 train_positive_found=true val_below_prediction_binary_split=24,480 val_above_prediction_binary_split=28,774 val_positive_found=true
[LN549    ] [chunk_12_evaluation_evaluator.py] [info] [RNN] [diagnostic] LABEL_THRESHOLD=0.0 train_precision=0.5421 train_true_positives=28370 train_true_negatives=35629 train_false_positives=23960 train_false_negatives=31351 train_max_prediction=0.6852 train_mean_prediction=0.4890 train_recall=0.4750 train_f1=0.5064 train_auc=0.5550 train_specificity=0.5979 train_false_positive_rate=0.4021 train_f2=0.4871 train_mcc=0.0735 train_prauc=0.5560 train_balanced_accuracy=0.5365 train_brier=0.2475 train_kappa=0.0729 train_informedness=0.0730 train_markedness=0.1400 train_gini=0.1100 train_optimal_threshold=0.4947 train_standard_deviation_prediction=0.0435 train_percentage_above_threshold=43.86
[LN550    ] [chunk_12_evaluation_evaluator.py] [info] [RNN] [diagnostic] LABEL_THRESHOLD=0.0 VALIDATION_PRECISION=0.5357 VALIDATION_TRUE_POSITIVES=6732 VALIDATION_TRUE_NEGATIVES=18646 validation_false_positives=5834 validation_false_negatives=22042 validation_max_prediction=0.6802 validation_mean_prediction=0.4599 validation_recall=0.2340 validation_f1=0.3257 validation_auc=0.4798 validation_specificity=0.7617 validation_false_positive_rate=0.2383 validation_f2=0.2637 validation_mcc=-0.0051 validation_prauc=0.5409 validation_balanced_accuracy=0.4978 validation_brier=0.2596 validation_kappa=-0.0042 validation_informedness=-0.0044 validation_markedness=0.2974 validation_gini=0.0000 validation_optimal_threshold=0.6021 validation_standard_deviation_prediction=0.0597 validation_percentage_above_threshold=23.60
[LN551    ] [chunk_18_phase_4_ensemble.py] [info]    hyperparameter_optimization model threshold search: LABEL_THRESHOLD=0.0, VALIDATION_PRECISION=0.5182
[LN552    ] [chunk_18_phase_4_ensemble.py] [info]    post hyperparameter_optimization threshold search: LABEL_THRESHOLD=0.0, VALIDATION_PRECISION=0.5357
[LN553    ] [chunk_18_phase_4_ensemble.py] [info]    post hyperparameter_optimization no improvement: keeping LABEL_THRESHOLD=0.0
[LN554    ] [chunk_18_phase_4_ensemble.py] [info] [section 4] [RNN] [post hyperparameter_optimization] [diagnostic]  cumulative binary_split_predictions (1%) ≤ 0.3493, (5%) ≤ 0.3695, (10%) ≤ 0.3845, (25%) ≤ 0.4182, (50%) ≤ 0.4555, (75%) ≤ 0.4977, (90%) ≤ 0.5308, (95%) ≤ 0.5533, (99%) ≤ 0.6547, max=0.6802 binary_split_predictions distribution: 0% ≤ 0.01, 0% ≤ 0.02, 0% ≤ 0.05, 0% ≤ 0.1, 0% ≤ 0.2, 76% ≤ 0.5, 24% ≥ 0.50
[LN555    ] [chunk_18_phase_4_ensemble.py] [info] [section 4] [RNN] [post hyperparameter_optimization] LABEL_THRESHOLD=0.0,
[LN556    ] [chunk_18_phase_4_ensemble.py] [info] [section 4] [RNN] [post hyperparameter_optimization] VALIDATION_PRECISION=0.5357 VALIDATION_TRUE_POSITIVES=6732 VALIDATION_TRUE_NEGATIVES=18646 validation_false_positives=5834 validation_false_negatives=22042 validation_max_prediction=0.6802 validation_mean_prediction=0.4599 validation_recall=0.2340 validation_f1=0.3257 validation_auc=0.4798 validation_specificity=0.7617 validation_false_positive_rate=0.2383 validation_f2=0.2637 validation_mcc=-0.0051 validation_prauc=0.5409 validation_balanced_accuracy=0.4978 validation_brier=0.2596 validation_kappa=-0.0042 validation_informedness=-0.0044 validation_markedness=0.2974 validation_gini=0.0000 validation_optimal_threshold=0.6021 validation_standard_deviation_prediction=0.0597 validation_percentage_above_threshold=23.60
[LN557    ] [chunk_18_phase_4_ensemble.py] [info] [section 4] [RNN] [post hyperparameter_optimization] prediction_binary_split=0.50 hyperparams=(loss=binary_crossentropy lr=0.001 dropout=0.1 alpha=0.5 gamma=3.0 latent_dim=64) source=section3
[LN558    ] [chunk_18_phase_4_ensemble.py] [info]    Using threshold-optimized model (HPO did not improve)
[LN559    ] [chunk_18_phase_4_ensemble.py] [info]    Train predictions: mean=0.4890, std=0.0435, min=0.3225, max=0.6852
[LN560    ] [chunk_18_phase_4_ensemble.py] [info]    validation predictions:   mean=0.4599, std=0.0597, min=0.3170, max=0.6802
[LN561    ] [chunk_18_phase_4_ensemble.py] [info] [section 5] [RNN] [final] [diagnostic] Train  cumulative binary_split_predictions (1%) ≤ 0.3794, (5%) ≤ 0.4114, (10%) ≤ 0.4304, (25%) ≤ 0.4658, (50%) ≤ 0.4954, (75%) ≤ 0.5123, (90%) ≤ 0.5256, (95%) ≤ 0.5522, (99%) ≤ 0.6108, max=0.6852 binary_split_predictions distribution: 0% ≤ 0.01, 0% ≤ 0.02, 0% ≤ 0.05, 0% ≤ 0.1, 0% ≤ 0.2, 56% ≤ 0.5, 44% ≥ 0.50
[LN562    ] [chunk_18_phase_4_ensemble.py] [info] [section 5] [RNN] [final] [diagnostic] validation    cumulative binary_split_predictions (1%) ≤ 0.3493, (5%) ≤ 0.3695, (10%) ≤ 0.3845, (25%) ≤ 0.4182, (50%) ≤ 0.4555, (75%) ≤ 0.4977, (90%) ≤ 0.5308, (95%) ≤ 0.5533, (99%) ≤ 0.6547, max=0.6802 binary_split_predictions distribution: 0% ≤ 0.01, 0% ≤ 0.02, 0% ≤ 0.05, 0% ≤ 0.1, 0% ≤ 0.2, 76% ≤ 0.5, 24% ≥ 0.50
[LN563    ] [chunk_18_phase_4_ensemble.py] [info]    Train predictions: 43.86% positive predictions (52,330 / 119,310)
[LN564    ] [chunk_18_phase_4_ensemble.py] [info]    validation predictions:   23.60% positive predictions (12,566 / 53,254)
[LN565    ] [chunk_18_phase_4_ensemble.py] [info]    [info] Section 4 all rejected - using Section 3 results for Section 5
[LN566    ] [chunk_18_phase_4_ensemble.py] [info]    [diagnostic] prediction_buckets: 0-10:0, 10-20:0, 20-30:8600, 30-40:32088, 40-50:11179, 50-60:1387, 60-70:0, 70-80:0, 80-90:0, 90-100:0
[LN567    ] [chunk_18_phase_4_ensemble.py] [info] [section 5] [RNN] [final] LABEL_THRESHOLD=0.0,
[LN568    ] [chunk_18_phase_4_ensemble.py] [info] [section 5] [RNN] [final] train_precision=0.5421 train_true_positives=28370 train_true_negatives=35629 train_false_positives=23960 train_false_negatives=31351 train_max_prediction=0.6852 train_mean_prediction=0.4890 train_recall=0.4750 train_f1=0.5064 train_auc=0.5550 train_specificity=0.5979 train_false_positive_rate=0.4021 train_f2=0.4871 train_mcc=0.0735 train_prauc=0.5560 train_balanced_accuracy=0.5365 train_standard_deviation_prediction=0.0435 train_percentage_above_threshold=43.86 train_brier=0.2475 train_kappa=0.0729 train_informedness=0.0730 train_markedness=0.1400 train_gini=0.1100 train_optimal_threshold=0.4947
[LN569    ] [chunk_18_phase_4_ensemble.py] [info] [section 5] [RNN] [final] VALIDATION_PRECISION=0.5357 VALIDATION_TRUE_POSITIVES=6732 VALIDATION_TRUE_NEGATIVES=18646 validation_false_positives=5834 validation_false_negatives=22042 validation_max_prediction=0.6802 validation_mean_prediction=0.4599 validation_recall=0.2340 validation_f1=0.3257 validation_auc=0.4798 validation_specificity=0.7617 validation_false_positive_rate=0.2383 validation_f2=0.2637 validation_mcc=-0.0051 validation_prauc=0.5409 validation_balanced_accuracy=0.4978 validation_brier=0.2596 validation_kappa=-0.0042 validation_informedness=-0.0044 validation_markedness=0.2974 validation_gini=0.0000 validation_optimal_threshold=0.6021 validation_standard_deviation_prediction=0.0597 validation_percentage_above_threshold=23.60
[LN570    ] [chunk_18_phase_4_ensemble.py] [info] [section 5] [RNN] [final] prediction_binary_split=0.50 hyperparams=(loss=binary_crossentropy lr=0.001 dropout=0.1 alpha=0.5 gamma=3.0 latent_dim=64) (using HPO model directly)
[LN571    ] [chunk_18_phase_4_ensemble.py] [info]    RNN loss=binary_crossentropy pred_threshold=0.5 epochs=3
[LN572    ] [chunk_18_phase_4_ensemble.py] [info]    [RNN] hyperparameter_optimization: units=256, dropout=0.1, learning_rate=0.001, alpha=0.5, gamma=3.0, layers=1
[LN573    ] [chunk_18_phase_4_ensemble.py] [info]    RNN training time: 3052.3s
[LN574    ] [chunk_18_phase_4_ensemble.py] [info] [pass] RNN trained successfully
[LN575    ] [chunk_18_phase_4_ensemble.py] [info] [section 1] [LSTM] [baseline] LABEL_THRESHOLD=20.0,
[LN576    ] [chunk_18_phase_4_ensemble.py] [info] [section 1] [LSTM] [baseline] predictions: mean=0.0388, std=0.0050, min=0.0304, max=0.0680
[LN577    ] [chunk_18_phase_4_ensemble.py] [info] [section 1] [LSTM] [baseline]  cumulative binary_split_predictions (1%) ≤ 0.0306, (5%) ≤ 0.0314, (10%) ≤ 0.0326, (25%) ≤ 0.0351, (50%) ≤ 0.0378, (75%) ≤ 0.0423, (90%) ≤ 0.0460, (95%) ≤ 0.0478, (99%) ≤ 0.0515, max=0.0680 binary_split_predictions distribution: 0% ≤ 0.01, 0% ≤ 0.02, 98% ≤ 0.05, 100% ≤ 0.1, 100% ≤ 0.2, 100% ≤ 0.5, 0% ≥ 0.50
[LN578    ] [chunk_18_phase_4_ensemble.py] [info] [section 1] [LSTM] [baseline] prediction_binary_split=0.50, VALIDATION predictions at LABEL_THRESHOLD=20.0: 0.00%
[LN579    ] [chunk_18_phase_4_ensemble.py] [warning] [section 1] [LSTM] [baseline] [warning] No predictions >= 0.5!
[LN580    ] [chunk_18_phase_4_ensemble.py] [info] [section 1] [LSTM] [baseline] LABEL_THRESHOLD=20.0,
[LN581    ] [chunk_18_phase_4_ensemble.py] [info] [section 1] [LSTM] [baseline] VALIDATION_PRECISION=0.0000 VALIDATION_TRUE_POSITIVES=0 VALIDATION_TRUE_NEGATIVES=52918 validation_false_positives=0 validation_false_negatives=336 validation_max_prediction=0.0680 validation_mean_prediction=0.0388 validation_recall=0.0000 validation_f1=0.0000 validation_auc=0.6188 validation_specificity=1.0000 validation_false_positive_rate=0.0000 validation_f2=0.0000 validation_mcc=0.0000 validation_prauc=0.0101 validation_balanced_accuracy=0.5000 validation_brier=0.0073 validation_kappa=0.0000 validation_informedness=0.0000 validation_markedness=1.0000 validation_gini=0.2376 validation_optimal_threshold=0.0359 validation_standard_deviation_prediction=0.0050 validation_percentage_above_threshold=0.00
[LN582    ] [chunk_18_phase_4_ensemble.py] [info] [section 1] [LSTM] [baseline] prediction_binary_split=0.50 loss=binary_crossentropy, lr=0.001
[LN583    ] [chunk_12_evaluation_evaluator.py] [info] [LSTM] label_threshold=20.0 train_below_prediction_binary_split=118,621 train_above_prediction_binary_split=689 train_positive_found=true val_below_prediction_binary_split=52,918 val_above_prediction_binary_split=336 val_positive_found=true
[LN584    ] [chunk_12_evaluation_evaluator.py] [info] [reject] threshold=20.0 action=skipped reason=insufficient_positive_predictions positive_predictions=0 minimum_positive_required=5
[LN585    ] [chunk_12_evaluation_evaluator.py] [info] [LSTM] label_threshold=10.0 train_below_prediction_binary_split=116,756 train_above_prediction_binary_split=2,554 train_positive_found=true val_below_prediction_binary_split=52,057 val_above_prediction_binary_split=1,197 val_positive_found=true
[LN586    ] [chunk_12_evaluation_evaluator.py] [info] [reject] threshold=10.0 action=skipped reason=insufficient_positive_predictions positive_predictions=0 minimum_positive_required=5
[LN587    ] [chunk_12_evaluation_evaluator.py] [info] [LSTM] label_threshold=0.0 train_below_prediction_binary_split=59,589 train_above_prediction_binary_split=59,721 train_positive_found=true val_below_prediction_binary_split=24,480 val_above_prediction_binary_split=28,774 val_positive_found=true
[LN588    ] [chunk_12_evaluation_evaluator.py] [info] [LSTM] [reject] skipping LABEL_THRESHOLD=0.0: validation_precision=0.5152 <= baseline+0.0200=0.5200
[LN589    ] [chunk_18_phase_4_ensemble.py] [warning] [section 1] [LSTM] [label_threshold_optimal] [warning] All label thresholds rejected — using baseline metrics at 20.0
[LN590    ] [chunk_18_phase_4_ensemble.py] [info] [section 1] [LSTM] [label_threshold_optimal] LABEL_THRESHOLD=20.0
[LN591    ] [chunk_18_phase_4_ensemble.py] [info] [section 1] [LSTM] [label_threshold_optimal] train_precision=0.0000 train_true_positives=0 train_true_negatives=52918 train_false_positives=0 train_false_negatives=336 train_max_prediction=0.0680 train_mean_prediction=0.0388 train_recall=0.0000 train_f1=0.0000 train_auc=0.6188 train_specificity=1.0000 train_false_positive_rate=0.0000 train_f2=0.0000 train_mcc=0.0000 train_prauc=0.0101 train_balanced_accuracy=0.5000 train_brier=0.0073 train_kappa=0.0000 train_informedness=0.0000 train_markedness=1.0000 train_gini=0.2376 train_optimal_threshold=0.0359 train_standard_deviation_prediction=0.0050 train_percentage_above_threshold=0.00
[LN592    ] [chunk_18_phase_4_ensemble.py] [info] [section 1] [LSTM] [label_threshold_optimal] VALIDATION_PRECISION=0.0000 VALIDATION_TRUE_POSITIVES=0 VALIDATION_TRUE_NEGATIVES=52918 validation_false_positives=0 validation_false_negatives=336 validation_max_prediction=0.0680 validation_mean_prediction=0.0388 validation_recall=0.0000 validation_f1=0.0000 validation_auc=0.6188 validation_specificity=1.0000 validation_false_positive_rate=0.0000 validation_f2=0.0000 validation_mcc=0.0000 validation_prauc=0.0101 validation_balanced_accuracy=0.5000 validation_brier=0.0073 validation_kappa=0.0000 validation_informedness=0.0000 validation_markedness=1.0000 validation_gini=0.2376 validation_optimal_threshold=0.0359 validation_standard_deviation_prediction=0.0050 validation_percentage_above_threshold=0.00
[LN593    ] [chunk_18_phase_4_ensemble.py] [info] [section 1] [LSTM] [label_threshold_optimal] prediction_binary_split=0.50
[LN594    ] [chunk_21_hyperparam_optimizer.py] [info] [section 2] [LSTM] [hyperparameter_optimization search] Running Bayesian optimization (5 trials)...
[LN595    ] [chunk_21_hyperparam_optimizer.py] [info] [section 2] [LSTM] [hyperparameter_optimization search baseline] LABEL_THRESHOLD=20.0
[LN596    ] [chunk_21_hyperparam_optimizer.py] [info] [section 2] [LSTM] [hyperparameter_optimization search baseline] VALIDATION_PRECISION=0.0000 VALIDATION_TRUE_POSITIVES=0 VALIDATION_TRUE_NEGATIVES=52918 validation_false_positives=0 validation_false_negatives=336 validation_max_prediction=0.2765 validation_mean_prediction=0.0361 validation_recall=0.0000 validation_f1=0.0000 validation_auc=0.8876 validation_specificity=1.0000 validation_false_positive_rate=0.0000 validation_f2=0.0000 validation_mcc=0.0000 validation_prauc=0.0380 validation_balanced_accuracy=0.5000 validation_brier=0.0096 validation_kappa=0.0000 validation_informedness=0.0000 validation_markedness=1.0000 validation_gini=0.7753 validation_optimal_threshold=0.0445 validation_standard_deviation_prediction=0.0622 validation_percentage_above_threshold=0.00
[LN597    ] [chunk_21_hyperparam_optimizer.py] [info] [section 2] [LSTM] [hyperparameter_optimization search baseline] TRIAL 1/5: lstm_units=64, dropout=0.05, learning_rate=0.001, epochs=20, loss_function=focal_loss, alpha=0.25, gamma=2.0, layers=2, bidirectional=True
[LN598    ] [chunk_21_hyperparam_optimizer.py] [info] [section 2] [LSTM] [hyperparameter_optimization search baseline] LABEL_THRESHOLD=20.0
[LN599    ] [chunk_21_hyperparam_optimizer.py] [info] [section 2] [LSTM] [hyperparameter_optimization search baseline] VALIDATION_PRECISION=0.0000 VALIDATION_TRUE_POSITIVES=0 VALIDATION_TRUE_NEGATIVES=52918 validation_false_positives=0 validation_false_negatives=336 validation_max_prediction=0.0355 validation_mean_prediction=0.0345 validation_recall=0.0000 validation_f1=0.0000 validation_auc=0.7740 validation_specificity=1.0000 validation_false_positive_rate=0.0000 validation_f2=0.0000 validation_mcc=0.0000 validation_prauc=0.0194 validation_balanced_accuracy=0.5000 validation_brier=0.0071 validation_kappa=0.0000 validation_informedness=0.0000 validation_markedness=1.0000 validation_gini=0.5481 validation_optimal_threshold=0.0348 validation_standard_deviation_prediction=0.0006 validation_percentage_above_threshold=0.00
[LN600    ] [chunk_21_hyperparam_optimizer.py] [info] [section 2] [LSTM] [hyperparameter_optimization search baseline] TRIAL 2/5: lstm_units=256, dropout=0.2, learning_rate=0.005, epochs=30, loss_function=focal_loss, alpha=0.5, gamma=2.0, layers=2, bidirectional=True
[LN601    ] [chunk_21_hyperparam_optimizer.py] [info] [section 2] [LSTM] [hyperparameter_optimization search baseline] LABEL_THRESHOLD=20.0
[LN602    ] [chunk_21_hyperparam_optimizer.py] [info] [section 2] [LSTM] [hyperparameter_optimization search baseline] VALIDATION_PRECISION=0.0000 VALIDATION_TRUE_POSITIVES=0 VALIDATION_TRUE_NEGATIVES=52918 validation_false_positives=0 validation_false_negatives=336 validation_max_prediction=0.2438 validation_mean_prediction=0.0348 validation_recall=0.0000 validation_f1=0.0000 validation_auc=0.8824 validation_specificity=1.0000 validation_false_positive_rate=0.0000 validation_f2=0.0000 validation_mcc=0.0000 validation_prauc=0.0501 validation_balanced_accuracy=0.5000 validation_brier=0.0084 validation_kappa=0.0000 validation_informedness=0.0000 validation_markedness=1.0000 validation_gini=0.7647 validation_optimal_threshold=0.0552 validation_standard_deviation_prediction=0.0496 validation_percentage_above_threshold=0.00
[LN603    ] [chunk_21_hyperparam_optimizer.py] [info] [section 2] [LSTM] [hyperparameter_optimization search baseline] TRIAL 3/5: lstm_units=64, dropout=0.1, learning_rate=0.002, epochs=30, loss_function=focal_loss, alpha=0.25, gamma=2.0, layers=1, bidirectional=False
[LN604    ] [chunk_21_hyperparam_optimizer.py] [info] [section 2] [LSTM] [hyperparameter_optimization search baseline] LABEL_THRESHOLD=20.0
[LN605    ] [chunk_21_hyperparam_optimizer.py] [info] [section 2] [LSTM] [hyperparameter_optimization search baseline] VALIDATION_PRECISION=0.0222 VALIDATION_TRUE_POSITIVES=292 VALIDATION_TRUE_NEGATIVES=40054 validation_false_positives=12864 validation_false_negatives=44 validation_max_prediction=0.9506 validation_mean_prediction=0.2632 validation_recall=0.8690 validation_f1=0.0433 validation_auc=0.8801 validation_specificity=0.7569 validation_false_positive_rate=0.2431 validation_f2=0.1007 validation_mcc=0.1149 validation_prauc=0.0416 validation_balanced_accuracy=0.8130 validation_brier=0.1444 validation_kappa=0.0314 validation_informedness=0.6260 validation_markedness=-0.2209 validation_gini=0.7603 validation_optimal_threshold=0.4740 validation_standard_deviation_prediction=0.2788 validation_percentage_above_threshold=24.70
[LN606    ] [chunk_21_hyperparam_optimizer.py] [info] [section 2] [LSTM] [hyperparameter_optimization search baseline] TRIAL 4/5: lstm_units=64, dropout=0.1, learning_rate=0.001, epochs=20, loss_function=binary_crossentropy, alpha=1.0, gamma=2.5, layers=2, bidirectional=True
[LN607    ] [chunk_21_hyperparam_optimizer.py] [info] [section 2] [LSTM] [hyperparameter_optimization search baseline] LABEL_THRESHOLD=20.0
[LN608    ] [chunk_21_hyperparam_optimizer.py] [info] [section 2] [LSTM] [hyperparameter_optimization search baseline] VALIDATION_PRECISION=0.0000 VALIDATION_TRUE_POSITIVES=0 VALIDATION_TRUE_NEGATIVES=52918 validation_false_positives=0 validation_false_negatives=336 validation_max_prediction=0.2454 validation_mean_prediction=0.0273 validation_recall=0.0000 validation_f1=0.0000 validation_auc=0.8746 validation_specificity=1.0000 validation_false_positive_rate=0.0000 validation_f2=0.0000 validation_mcc=0.0000 validation_prauc=0.0558 validation_balanced_accuracy=0.5000 validation_brier=0.0073 validation_kappa=0.0000 validation_informedness=0.0000 validation_markedness=1.0000 validation_gini=0.7493 validation_optimal_threshold=0.0326 validation_standard_deviation_prediction=0.0384 validation_percentage_above_threshold=0.00
[LN609    ] [chunk_21_hyperparam_optimizer.py] [info] [section 2] [LSTM] [hyperparameter_optimization search baseline] TRIAL 5/5: lstm_units=64, dropout=0.2, learning_rate=0.005, epochs=30, loss_function=focal_loss, alpha=0.5, gamma=2.0, layers=1, bidirectional=True
[LN610    ] [chunk_21_hyperparam_optimizer.py] [info] [section 2] [LSTM] [best trial] LABEL_THRESHOLD=20.0
[LN611    ] [chunk_21_hyperparam_optimizer.py] [info] [section 2] [LSTM] [best trial] VALIDATION_PRECISION=0.0222 VALIDATION_TRUE_POSITIVES=292 VALIDATION_TRUE_NEGATIVES=40054 validation_false_positives=12864 validation_false_negatives=44 validation_max_prediction=0.9506 validation_mean_prediction=0.2632 validation_recall=0.8690 validation_f1=0.0433 validation_auc=0.8801 validation_specificity=0.7569 validation_false_positive_rate=0.2431 validation_f2=0.1007 validation_mcc=0.1149 validation_prauc=0.0416 validation_balanced_accuracy=0.8130 validation_brier=0.1444 validation_kappa=0.0314 validation_informedness=0.6260 validation_markedness=-0.2209 validation_gini=0.7603 validation_optimal_threshold=0.4740 validation_standard_deviation_prediction=0.2788 validation_percentage_above_threshold=24.70
[LN612    ] [chunk_21_hyperparam_optimizer.py] [info] [section 2] [LSTM] [best trial] lstm_units=64, dropout=0.1, learning_rate=0.001, epochs=20, loss_function=binary_crossentropy, alpha=1.0, gamma=2.5, layers=2, bidirectional=True
[LN613    ] [chunk_18_phase_4_ensemble.py] [info]    [diagnostic-hyperparameter_optimization]  cumulative binary_split_predictions (1%) ≤ 0.0186, (5%) ≤ 0.0202, (10%) ≤ 0.0219, (25%) ≤ 0.0362, (50%) ≤ 0.1029, (75%) ≤ 0.4953, (90%) ≤ 0.7287, (95%) ≤ 0.8125, (99%) ≤ 0.8840, max=0.9506 binary_split_predictions distribution: 0% ≤ 0.01, 4% ≤ 0.02, 33% ≤ 0.05, 50% ≤ 0.1, 59% ≤ 0.2, 75% ≤ 0.5, 25% ≥ 0.50
[LN614    ] [chunk_18_phase_4_ensemble.py] [info]    hyperparameter_optimization improved: 0.0222 > 0.0000
[LN615    ] [chunk_18_phase_4_ensemble.py] [info] [section 3] [LSTM] [HYPERPARAMETER_OPTIMIZATION] LABEL_THRESHOLD=20.0,
[LN616    ] [chunk_18_phase_4_ensemble.py] [info] [section 3] [LSTM] [HYPERPARAMETER_OPTIMIZATION] VALIDATION_PRECISION=0.0222 VALIDATION_TRUE_POSITIVES=292 VALIDATION_TRUE_NEGATIVES=40054 validation_false_positives=12864 validation_false_negatives=44 validation_max_prediction=0.9506 validation_mean_prediction=0.2632 validation_recall=0.8690 validation_f1=0.0433 validation_auc=0.8801 validation_specificity=0.7569 validation_false_positive_rate=0.2431 validation_f2=0.1007 validation_mcc=0.1149 validation_prauc=0.0416 validation_balanced_accuracy=0.8130 validation_brier=0.1444 validation_kappa=0.0314 validation_informedness=0.6260 validation_markedness=-0.2209 validation_gini=0.7603 validation_optimal_threshold=0.4740 validation_standard_deviation_prediction=0.2788 validation_percentage_above_threshold=24.70
[LN617    ] [chunk_18_phase_4_ensemble.py] [info] [section 3] [LSTM] [HYPERPARAMETER_OPTIMIZATION] prediction_binary_split=0.50 hyperparams=(loss=binary_crossentropy lr=0.001 dropout=0.1 alpha=1.0 gamma=2.5 latent_dim=0) improved=True {'lstm_units': 64, 'dropout': 0.1, 'learning_rate': 0.001, 'epochs': 20, 'loss_function': 'binary_crossentropy', 'alpha': 1.0, 'gamma': 2.5, 'layers': 2, 'bidirectional': True}
[LN618    ] [chunk_18_phase_4_ensemble.py] [info]    Running post hyperparameter_optimization threshold search for LSTM...
[LN619    ] [chunk_12_evaluation_evaluator.py] [info] [LSTM] label_threshold=20.0 train_below_prediction_binary_split=118,621 train_above_prediction_binary_split=689 train_positive_found=true val_below_prediction_binary_split=52,918 val_above_prediction_binary_split=336 val_positive_found=true
[LN620    ] [chunk_12_evaluation_evaluator.py] [info] [LSTM] [reject] skipping LABEL_THRESHOLD=20.0: validation_precision=0.0222 <= baseline+0.0200=0.0263
[LN621    ] [chunk_12_evaluation_evaluator.py] [info] [LSTM] label_threshold=10.0 train_below_prediction_binary_split=116,756 train_above_prediction_binary_split=2,554 train_positive_found=true val_below_prediction_binary_split=52,057 val_above_prediction_binary_split=1,197 val_positive_found=true
[LN622    ] [chunk_12_evaluation_evaluator.py] [info] [LSTM] [diagnostic] LABEL_THRESHOLD=10.0 train_precision=0.0527 train_true_positives=1520 train_true_negatives=89419 train_false_positives=27337 train_false_negatives=1034 train_max_prediction=0.9330 train_mean_prediction=0.2931 train_recall=0.5951 train_f1=0.0968 train_auc=0.7732 train_specificity=0.7659 train_false_positive_rate=0.2341 train_f2=0.1945 train_mcc=0.1220 train_prauc=0.0601 train_balanced_accuracy=0.6805 train_brier=0.1420 train_kappa=0.0598 train_informedness=0.3610 train_markedness=-0.1815 train_gini=0.5463 train_optimal_threshold=0.3066 train_standard_deviation_prediction=0.2395 train_percentage_above_threshold=24.19
[LN623    ] [chunk_12_evaluation_evaluator.py] [info] [LSTM] [diagnostic] LABEL_THRESHOLD=10.0 VALIDATION_PRECISION=0.0550 VALIDATION_TRUE_POSITIVES=533 VALIDATION_TRUE_NEGATIVES=42905 validation_false_positives=9152 validation_false_negatives=664 validation_max_prediction=0.9305 validation_mean_prediction=0.2247 validation_recall=0.4453 validation_f1=0.0980 validation_auc=0.7833 validation_specificity=0.8242 validation_false_positive_rate=0.1758 validation_f2=0.1841 validation_mcc=0.1036 validation_prauc=0.0615 validation_balanced_accuracy=0.6347 validation_brier=0.1205 validation_kappa=0.0604 validation_informedness=0.2695 validation_markedness=-0.1208 validation_gini=0.5666 validation_optimal_threshold=0.1703 validation_standard_deviation_prediction=0.2628 validation_percentage_above_threshold=18.19
[LN624    ] [chunk_12_evaluation_evaluator.py] [info] [LSTM] label_threshold=0.0 train_below_prediction_binary_split=59,589 train_above_prediction_binary_split=59,721 train_positive_found=true val_below_prediction_binary_split=24,480 val_above_prediction_binary_split=28,774 val_positive_found=true
[LN625    ] [chunk_12_evaluation_evaluator.py] [info] [LSTM] [reject] skipping LABEL_THRESHOLD=0.0: validation_precision=0.5157 <= baseline+0.0200=0.5200
[LN626    ] [chunk_18_phase_4_ensemble.py] [info]    hyperparameter_optimization model threshold search: LABEL_THRESHOLD=20.0, VALIDATION_PRECISION=0.0222
[LN627    ] [chunk_18_phase_4_ensemble.py] [info]    post hyperparameter_optimization threshold search: LABEL_THRESHOLD=10.0, VALIDATION_PRECISION=0.0550
[LN628    ] [chunk_18_phase_4_ensemble.py] [info]    post hyperparameter_optimization improved: using LABEL_THRESHOLD=10.0
[LN629    ] [chunk_18_phase_4_ensemble.py] [info] [section 4] [LSTM] [post hyperparameter_optimization] [diagnostic]  cumulative binary_split_predictions (1%) ≤ 0.0202, (5%) ≤ 0.0227, (10%) ≤ 0.0249, (25%) ≤ 0.0347, (50%) ≤ 0.0754, (75%) ≤ 0.3614, (90%) ≤ 0.7096, (95%) ≤ 0.8170, (99%) ≤ 0.8726, max=0.9305 binary_split_predictions distribution: 0% ≤ 0.01, 1% ≤ 0.02, 40% ≤ 0.05, 55% ≤ 0.1, 65% ≤ 0.2, 82% ≤ 0.5, 18% ≥ 0.50
[LN630    ] [chunk_18_phase_4_ensemble.py] [info] [section 4] [LSTM] [post hyperparameter_optimization] LABEL_THRESHOLD=10.0,
[LN631    ] [chunk_18_phase_4_ensemble.py] [info] [section 4] [LSTM] [post hyperparameter_optimization] VALIDATION_PRECISION=0.0550 VALIDATION_TRUE_POSITIVES=533 VALIDATION_TRUE_NEGATIVES=42905 validation_false_positives=9152 validation_false_negatives=664 validation_max_prediction=0.9305 validation_mean_prediction=0.2247 validation_recall=0.4453 validation_f1=0.0980 validation_auc=0.7833 validation_specificity=0.8201 validation_false_positive_rate=0.1799 validation_f2=0.0743 validation_mcc=0.0633 validation_prauc=0.0196 validation_balanced_accuracy=0.6541 validation_brier=0.1193 validation_kappa=0.0208 validation_informedness=0.3082 validation_markedness=-0.1630 validation_gini=0.6097 validation_optimal_threshold=0.1918 validation_standard_deviation_prediction=0.2628 validation_percentage_above_threshold=18.19
[LN632    ] [chunk_18_phase_4_ensemble.py] [info] [section 4] [LSTM] [post hyperparameter_optimization] prediction_binary_split=0.50 hyperparams=(loss=binary_crossentropy lr=0.001 dropout=0.1 alpha=1.0 gamma=2.5 latent_dim=64) source=section4
[LN633    ] [chunk_18_phase_4_ensemble.py] [info]    Using post-HPO model at LABEL_THRESHOLD=10.0 (post_hpo_prec=0.0550 > hpo=0.0222, pre_hpo=0.0000)
[LN634    ] [chunk_18_phase_4_ensemble.py] [info]    Train predictions: mean=0.2931, std=0.2395, min=0.0176, max=0.9330
[LN635    ] [chunk_18_phase_4_ensemble.py] [info]    validation predictions:   mean=0.2247, std=0.2628, min=0.0175, max=0.9305
[LN636    ] [chunk_18_phase_4_ensemble.py] [info] [section 5] [LSTM] [final] [diagnostic] Train  cumulative binary_split_predictions (1%) ≤ 0.0224, (5%) ≤ 0.0290, (10%) ≤ 0.0396, (25%) ≤ 0.0811, (50%) ≤ 0.2129, (75%) ≤ 0.4905, (90%) ≤ 0.6605, (95%) ≤ 0.7466, (99%) ≤ 0.8448, max=0.9330 binary_split_predictions distribution: 0% ≤ 0.01, 0% ≤ 0.02, 15% ≤ 0.05, 30% ≤ 0.1, 48% ≤ 0.2, 76% ≤ 0.5, 24% ≥ 0.50
[LN637    ] [chunk_18_phase_4_ensemble.py] [info] [section 5] [LSTM] [final] [diagnostic] validation    cumulative binary_split_predictions (1%) ≤ 0.0202, (5%) ≤ 0.0227, (10%) ≤ 0.0249, (25%) ≤ 0.0347, (50%) ≤ 0.0754, (75%) ≤ 0.3614, (90%) ≤ 0.7096, (95%) ≤ 0.8170, (99%) ≤ 0.8726, max=0.9305 binary_split_predictions distribution: 0% ≤ 0.01, 1% ≤ 0.02, 40% ≤ 0.05, 55% ≤ 0.1, 65% ≤ 0.2, 82% ≤ 0.5, 18% ≥ 0.50
[LN638    ] [chunk_18_phase_4_ensemble.py] [info]    Train predictions: 24.19% positive predictions (28,857 / 119,310)
[LN639    ] [chunk_18_phase_4_ensemble.py] [info]    validation predictions:   18.19% positive predictions (9,685 / 53,254)
[LN640    ] [chunk_18_phase_4_ensemble.py] [info]    [diagnostic] prediction_buckets: 0-10:5542, 10-20:3343, 20-30:3048, 30-40:2476, 40-50:2170, 50-60:2036, 60-70:2299, 70-80:2994, 80-90:186, 90-100:0
[LN641    ] [chunk_18_phase_4_ensemble.py] [info] [section 5] [LSTM] [final] LABEL_THRESHOLD=10.0,
[LN642    ] [chunk_18_phase_4_ensemble.py] [info] [section 5] [LSTM] [final] train_precision=0.0527 train_true_positives=1520 train_true_negatives=89419 train_false_positives=27337 train_false_negatives=1034 train_max_prediction=0.9330 train_mean_prediction=0.2931 train_recall=0.5951 train_f1=0.0968 train_auc=0.7732 train_specificity=0.7659 train_false_positive_rate=0.2341 train_f2=0.1945 train_mcc=0.1220 train_prauc=0.0601 train_balanced_accuracy=0.6805 train_standard_deviation_prediction=0.2395 train_percentage_above_threshold=24.19 train_brier=0.1420 train_kappa=0.0598 train_informedness=0.3610 train_markedness=-0.1815 train_gini=0.5463 train_optimal_threshold=0.3066
[LN643    ] [chunk_18_phase_4_ensemble.py] [info] [section 5] [LSTM] [final] VALIDATION_PRECISION=0.0550 VALIDATION_TRUE_POSITIVES=533 VALIDATION_TRUE_NEGATIVES=42905 validation_false_positives=9152 validation_false_negatives=664 validation_max_prediction=0.9305 validation_mean_prediction=0.2247 validation_recall=0.4453 validation_f1=0.0980 validation_auc=0.7833 validation_specificity=0.8242 validation_false_positive_rate=0.1758 validation_f2=0.1841 validation_mcc=0.1036 validation_prauc=0.0615 validation_balanced_accuracy=0.6347 validation_brier=0.1205 validation_kappa=0.0604 validation_informedness=0.2695 validation_markedness=-0.1208 validation_gini=0.5666 validation_optimal_threshold=0.1703 validation_standard_deviation_prediction=0.2628 validation_percentage_above_threshold=18.19
[LN644    ] [chunk_18_phase_4_ensemble.py] [info] [section 5] [LSTM] [final] prediction_binary_split=0.50 hyperparams=(loss=binary_crossentropy lr=0.001 dropout=0.1 alpha=1.0 gamma=2.5 latent_dim=64) (using HPO model directly)
[LN645    ] [chunk_18_phase_4_ensemble.py] [info]    LSTM loss=binary_crossentropy pred_threshold=0.5 epochs=20
[LN646    ] [chunk_18_phase_4_ensemble.py] [info]    [LSTM] hyperparameter_optimization: lstm_units=64, dropout=0.1, learning_rate=0.001, alpha=1.0, gamma=2.5, layers=2
[LN647    ] [chunk_18_phase_4_ensemble.py] [info]    LSTM training time: 1887.7s
[LN648    ] [chunk_18_phase_4_ensemble.py] [info] [pass] LSTM trained successfully
[LN649    ] [chunk_18_phase_4_ensemble.py] [info] [section 1] [VAE] [baseline] LABEL_THRESHOLD=20.0,
[LN650    ] [chunk_18_phase_4_ensemble.py] [info] [section 1] [VAE] [baseline] predictions: mean=0.0000, std=0.0004, min=0.0000, max=0.0869
[LN651    ] [chunk_18_phase_4_ensemble.py] [info] [section 1] [VAE] [baseline]  cumulative binary_split_predictions (1%) ≤ 0.0000, (5%) ≤ 0.0000, (10%) ≤ 0.0000, (25%) ≤ 0.0000, (50%) ≤ 0.0000, (75%) ≤ 0.0000, (90%) ≤ 0.0000, (95%) ≤ 0.0000, (99%) ≤ 0.0000, max=0.0869 binary_split_predictions distribution: 100% ≤ 0.01, 100% ≤ 0.02, 100% ≤ 0.05, 100% ≤ 0.1, 100% ≤ 0.2, 100% ≤ 0.5, 0% ≥ 0.50
[LN652    ] [chunk_18_phase_4_ensemble.py] [info] [section 1] [VAE] [baseline] prediction_binary_split=0.50, VALIDATION predictions at LABEL_THRESHOLD=20.0: 0.00%
[LN653    ] [chunk_18_phase_4_ensemble.py] [warning] [section 1] [VAE] [baseline] [warning] No predictions >= 0.5!
[LN654    ] [chunk_18_phase_4_ensemble.py] [info] [section 1] [VAE] [baseline] LABEL_THRESHOLD=20.0,
[LN655    ] [chunk_18_phase_4_ensemble.py] [info] [section 1] [VAE] [baseline] VALIDATION_PRECISION=0.0000 VALIDATION_TRUE_POSITIVES=0 VALIDATION_TRUE_NEGATIVES=52918 validation_false_positives=0 validation_false_negatives=336 validation_max_prediction=0.0869 validation_mean_prediction=0.0000 validation_recall=0.0000 validation_f1=0.0000 validation_auc=0.4891 validation_specificity=1.0000 validation_false_positive_rate=0.0000 validation_f2=0.0000 validation_mcc=0.0000 validation_prauc=0.0066 validation_balanced_accuracy=0.5000 validation_brier=0.0063 validation_kappa=0.0000 validation_informedness=0.0000 validation_markedness=1.0000 validation_gini=0.0000 validation_optimal_threshold=0.0000 validation_standard_deviation_prediction=0.0004 validation_percentage_above_threshold=0.00
[LN656    ] [chunk_18_phase_4_ensemble.py] [info] [section 1] [VAE] [baseline] prediction_binary_split=0.50 loss=binary_crossentropy, lr=0.001, dropout=0.1
[LN657    ] [chunk_12_evaluation_evaluator.py] [info] [VAE] label_threshold=20.0 train_below_prediction_binary_split=118,621 train_above_prediction_binary_split=689 train_positive_found=true val_below_prediction_binary_split=52,918 val_above_prediction_binary_split=336 val_positive_found=true
[LN658    ] [chunk_12_evaluation_evaluator.py] [info] [reject] threshold=20.0 action=skipped reason=insufficient_positive_predictions positive_predictions=0 minimum_positive_required=5
[LN659    ] [chunk_12_evaluation_evaluator.py] [info] [VAE] label_threshold=10.0 train_below_prediction_binary_split=116,756 train_above_prediction_binary_split=2,554 train_positive_found=true val_below_prediction_binary_split=52,057 val_above_prediction_binary_split=1,197 val_positive_found=true
[LN660    ] [chunk_12_evaluation_evaluator.py] [info] [reject] threshold=10.0 action=skipped reason=insufficient_positive_predictions positive_predictions=0 minimum_positive_required=5
[LN661    ] [chunk_12_evaluation_evaluator.py] [info] [VAE] label_threshold=0.0 train_below_prediction_binary_split=59,589 train_above_prediction_binary_split=59,721 train_positive_found=true val_below_prediction_binary_split=24,480 val_above_prediction_binary_split=28,774 val_positive_found=true
[LN662    ] [chunk_12_evaluation_evaluator.py] [info] [VAE] [reject] skipping LABEL_THRESHOLD=0.0: pos_pred_ratio=61.03% outside [0%, 60%]
[LN663    ] [chunk_18_phase_4_ensemble.py] [warning] [section 1] [VAE] [label_threshold_optimal] [warning] All label thresholds rejected — using baseline metrics at 20.0
[LN664    ] [chunk_18_phase_4_ensemble.py] [info] [section 1] [VAE] [label_threshold_optimal] LABEL_THRESHOLD=20.0
[LN665    ] [chunk_18_phase_4_ensemble.py] [info] [section 1] [VAE] [label_threshold_optimal] train_precision=0.0000 train_true_positives=0 train_true_negatives=52918 train_false_positives=0 train_false_negatives=336 train_max_prediction=0.0869 train_mean_prediction=0.0000 train_recall=0.0000 train_f1=0.0000 train_auc=0.4891 train_specificity=1.0000 train_false_positive_rate=0.0000 train_f2=0.0000 train_mcc=0.0000 train_prauc=0.0066 train_balanced_accuracy=0.5000 train_brier=0.0063 train_kappa=0.0000 train_informedness=0.0000 train_markedness=1.0000 train_gini=0.0000 train_optimal_threshold=0.0000 train_standard_deviation_prediction=0.0004 train_percentage_above_threshold=0.00
[LN666    ] [chunk_18_phase_4_ensemble.py] [info] [section 1] [VAE] [label_threshold_optimal] VALIDATION_PRECISION=0.0000 VALIDATION_TRUE_POSITIVES=0 VALIDATION_TRUE_NEGATIVES=52918 validation_false_positives=0 validation_false_negatives=336 validation_max_prediction=0.0869 validation_mean_prediction=0.0000 validation_recall=0.0000 validation_f1=0.0000 validation_auc=0.4891 validation_specificity=1.0000 validation_false_positive_rate=0.0000 validation_f2=0.0000 validation_mcc=0.0000 validation_prauc=0.0066 validation_balanced_accuracy=0.5000 validation_brier=0.0063 validation_kappa=0.0000 validation_informedness=0.0000 validation_markedness=1.0000 validation_gini=0.0000 validation_optimal_threshold=0.0000 validation_standard_deviation_prediction=0.0004 validation_percentage_above_threshold=0.00
[LN667    ] [chunk_18_phase_4_ensemble.py] [info] [section 1] [VAE] [label_threshold_optimal] prediction_binary_split=0.50
[LN668    ] [chunk_21_hyperparam_optimizer.py] [info] [section 2] [VAE] [hyperparameter_optimization search] Running Bayesian optimization (5 trials)...
[LN669    ] [chunk_21_hyperparam_optimizer.py] [info] [section 2] [VAE] [hyperparameter_optimization search baseline] LABEL_THRESHOLD=20.0
[LN670    ] [chunk_21_hyperparam_optimizer.py] [info] [section 2] [VAE] [hyperparameter_optimization search baseline] VALIDATION_PRECISION=0.0064 VALIDATION_TRUE_POSITIVES=261 VALIDATION_TRUE_NEGATIVES=12273 validation_false_positives=40645 validation_false_negatives=75 validation_max_prediction=0.8994 validation_mean_prediction=0.5075 validation_recall=0.7768 validation_f1=0.0127 validation_auc=0.5203 validation_specificity=0.2319 validation_false_positive_rate=0.7681 validation_f2=0.0309 validation_mcc=0.0016 validation_prauc=0.0068 validation_balanced_accuracy=0.5044 validation_brier=0.2613 validation_kappa=0.0001 validation_informedness=0.0087 validation_markedness=-0.7617 validation_gini=0.0405 validation_optimal_threshold=0.5298 validation_standard_deviation_prediction=0.0618 validation_percentage_above_threshold=76.81
[LN671    ] [chunk_21_hyperparam_optimizer.py] [info] [section 2] [VAE] [hyperparameter_optimization search baseline] TRIAL 1/5: loss_function=binary_crossentropy, latent_dim=64, learning_rate=0.005, dropout=0.05, epochs=30, alpha=0.25, gamma=2.0, encoder_layers=2, decoder_layers=3
[LN672    ] [chunk_21_hyperparam_optimizer.py] [info] [section 2] [VAE] [hyperparameter_optimization search baseline] LABEL_THRESHOLD=20.0
[LN673    ] [chunk_21_hyperparam_optimizer.py] [info] [section 2] [VAE] [hyperparameter_optimization search baseline] VALIDATION_PRECISION=0.0061 VALIDATION_TRUE_POSITIVES=165 VALIDATION_TRUE_NEGATIVES=26068 validation_false_positives=26850 validation_false_negatives=171 validation_max_prediction=0.5553 validation_mean_prediction=0.4886 validation_recall=0.4911 validation_f1=0.0121 validation_auc=0.4971 validation_specificity=0.4926 validation_false_positive_rate=0.5074 validation_f2=0.0291 validation_mcc=-0.0026 validation_prauc=0.0066 validation_balanced_accuracy=0.4918 validation_brier=0.2402 validation_kappa=-0.0004 validation_informedness=-0.0163 validation_markedness=-0.5013 validation_gini=0.0000 validation_optimal_threshold=0.4094 validation_standard_deviation_prediction=0.0362 validation_percentage_above_threshold=50.73
[LN674    ] [chunk_21_hyperparam_optimizer.py] [info] [section 2] [VAE] [hyperparameter_optimization search baseline] TRIAL 2/5: loss_function=binary_crossentropy, latent_dim=256, learning_rate=0.002, dropout=0.0, epochs=80, alpha=1.0, gamma=2.0, encoder_layers=3, decoder_layers=2
[LN675    ] [chunk_21_hyperparam_optimizer.py] [info] [section 2] [VAE] [hyperparameter_optimization search baseline] LABEL_THRESHOLD=20.0
[LN676    ] [chunk_21_hyperparam_optimizer.py] [info] [section 2] [VAE] [hyperparameter_optimization search baseline] VALIDATION_PRECISION=0.0192 VALIDATION_TRUE_POSITIVES=197 VALIDATION_TRUE_NEGATIVES=42871 validation_false_positives=10047 validation_false_negatives=139 validation_max_prediction=0.9792 validation_mean_prediction=0.3300 validation_recall=0.5863 validation_f1=0.0372 validation_auc=0.7702 validation_specificity=0.8101 validation_false_positive_rate=0.1899 validation_f2=0.0850 validation_mcc=0.0796 validation_prauc=0.0280 validation_balanced_accuracy=0.6982 validation_brier=0.1436 validation_kappa=0.0253 validation_informedness=0.3964 validation_markedness=-0.1706 validation_gini=0.5403 validation_optimal_threshold=0.4574 validation_standard_deviation_prediction=0.1876 validation_percentage_above_threshold=19.24
[LN677    ] [chunk_21_hyperparam_optimizer.py] [info] [section 2] [VAE] [hyperparameter_optimization search baseline] TRIAL 3/5: loss_function=binary_crossentropy, latent_dim=64, learning_rate=0.0005, dropout=0.05, epochs=50, alpha=1.25, gamma=3.0, encoder_layers=2, decoder_layers=1
[LN678    ] [chunk_21_hyperparam_optimizer.py] [info] [section 2] [VAE] [hyperparameter_optimization search baseline] LABEL_THRESHOLD=20.0
[LN679    ] [chunk_21_hyperparam_optimizer.py] [info] [section 2] [VAE] [hyperparameter_optimization search baseline] VALIDATION_PRECISION=0.0066 VALIDATION_TRUE_POSITIVES=124 VALIDATION_TRUE_NEGATIVES=34241 validation_false_positives=18677 validation_false_negatives=212 validation_max_prediction=0.7457 validation_mean_prediction=0.4666 validation_recall=0.3690 validation_f1=0.0130 validation_auc=0.5150 validation_specificity=0.6471 validation_false_positive_rate=0.3529 validation_f2=0.0308 validation_mcc=0.0027 validation_prauc=0.0067 validation_balanced_accuracy=0.5081 validation_brier=0.2240 validation_kappa=0.0006 validation_informedness=0.0161 validation_markedness=-0.3463 validation_gini=0.0300 validation_optimal_threshold=0.4427 validation_standard_deviation_prediction=0.0766 validation_percentage_above_threshold=35.30
[LN680    ] [chunk_21_hyperparam_optimizer.py] [info] [section 2] [VAE] [hyperparameter_optimization search baseline] TRIAL 4/5: loss_function=binary_crossentropy, latent_dim=64, learning_rate=0.001, dropout=0.0, epochs=30, alpha=0.25, gamma=2.5, encoder_layers=3, decoder_layers=2
[LN681    ] [chunk_21_hyperparam_optimizer.py] [info] [section 2] [VAE] [hyperparameter_optimization search baseline] LABEL_THRESHOLD=20.0
[LN682    ] [chunk_21_hyperparam_optimizer.py] [info] [section 2] [VAE] [hyperparameter_optimization search baseline] VALIDATION_PRECISION=0.0235 VALIDATION_TRUE_POSITIVES=233 VALIDATION_TRUE_NEGATIVES=43249 validation_false_positives=9669 validation_false_negatives=103 validation_max_prediction=1.0000 validation_mean_prediction=0.2928 validation_recall=0.6935 validation_f1=0.0455 validation_auc=0.8285 validation_specificity=0.8173 validation_false_positive_rate=0.1827 validation_f2=0.1036 validation_mcc=0.1039 validation_prauc=0.0367 validation_balanced_accuracy=0.7554 validation_brier=0.1359 validation_kappa=0.0337 validation_informedness=0.5107 validation_markedness=-0.1592 validation_gini=0.6569 validation_optimal_threshold=0.4542 validation_standard_deviation_prediction=0.2272 validation_percentage_above_threshold=18.59
[LN683    ] [chunk_21_hyperparam_optimizer.py] [info] [section 2] [VAE] [hyperparameter_optimization search baseline] TRIAL 5/5: loss_function=binary_crossentropy, latent_dim=32, learning_rate=0.001, dropout=0.05, epochs=50, alpha=1.25, gamma=2.0, encoder_layers=1, decoder_layers=3
[LN684    ] [chunk_21_hyperparam_optimizer.py] [info] [section 2] [VAE] [best trial] LABEL_THRESHOLD=20.0
[LN685    ] [chunk_21_hyperparam_optimizer.py] [info] [section 2] [VAE] [best trial] VALIDATION_PRECISION=0.0235 VALIDATION_TRUE_POSITIVES=233 VALIDATION_TRUE_NEGATIVES=43249 validation_false_positives=9669 validation_false_negatives=103 validation_max_prediction=1.0000 validation_mean_prediction=0.2928 validation_recall=0.6935 validation_f1=0.0455 validation_auc=0.8285 validation_specificity=0.8173 validation_false_positive_rate=0.1827 validation_f2=0.1036 validation_mcc=0.1039 validation_prauc=0.0367 validation_balanced_accuracy=0.7554 validation_brier=0.1359 validation_kappa=0.0337 validation_informedness=0.5107 validation_markedness=-0.1592 validation_gini=0.6569 validation_optimal_threshold=0.4542 validation_standard_deviation_prediction=0.2272 validation_percentage_above_threshold=18.59
[LN686    ] [chunk_21_hyperparam_optimizer.py] [info] [section 2] [VAE] [best trial] loss_function=binary_crossentropy, latent_dim=32, learning_rate=0.001, dropout=0.05, epochs=50, alpha=1.25, gamma=2.0, encoder_layers=1, decoder_layers=3
[LN687    ] [chunk_18_phase_4_ensemble.py] [info]    [diagnostic-hyperparameter_optimization]  cumulative binary_split_predictions (1%) ≤ 0.0106, (5%) ≤ 0.0290, (10%) ≤ 0.0483, (25%) ≤ 0.1090, (50%) ≤ 0.2380, (75%) ≤ 0.4321, (90%) ≤ 0.6430, (95%) ≤ 0.7577, (99%) ≤ 0.9053, max=1.0000 binary_split_predictions distribution: 1% ≤ 0.01, 3% ≤ 0.02, 10% ≤ 0.05, 23% ≤ 0.1, 44% ≤ 0.2, 81% ≤ 0.5, 19% ≥ 0.50
[LN688    ] [chunk_18_phase_4_ensemble.py] [info]    hyperparameter_optimization improved: 0.0232 > 0.0000
[LN689    ] [chunk_18_phase_4_ensemble.py] [info] [section 3] [VAE] [HYPERPARAMETER_OPTIMIZATION] LABEL_THRESHOLD=20.0,
[LN690    ] [chunk_18_phase_4_ensemble.py] [info] [section 3] [VAE] [HYPERPARAMETER_OPTIMIZATION] VALIDATION_PRECISION=0.0234 VALIDATION_TRUE_POSITIVES=234 VALIDATION_TRUE_NEGATIVES=43155 validation_false_positives=9763 validation_false_negatives=102 validation_max_prediction=1.0000 validation_mean_prediction=0.2940 validation_recall=0.6964 validation_f1=0.0453 validation_auc=0.8261 validation_specificity=0.8155 validation_false_positive_rate=0.1845 validation_f2=0.1032 validation_mcc=0.1038 validation_prauc=0.0414 validation_balanced_accuracy=0.7560 validation_brier=0.1363 validation_kappa=0.0335 validation_informedness=0.5119 validation_markedness=-0.1611 validation_gini=0.6522 validation_optimal_threshold=0.5054 validation_standard_deviation_prediction=0.2268 validation_percentage_above_threshold=18.77
[LN691    ] [chunk_18_phase_4_ensemble.py] [info] [section 3] [VAE] [HYPERPARAMETER_OPTIMIZATION] prediction_binary_split=0.50 hyperparams=(loss=binary_crossentropy lr=0.001 dropout=0.05 alpha=1.25 gamma=2.0 latent_dim=32) improved=True {'loss_function': 'binary_crossentropy', 'latent_dim': 32, 'learning_rate': 0.001, 'dropout': 0.05, 'epochs': 50, 'alpha': 1.25, 'gamma': 2.0, 'encoder_layers': 1, 'decoder_layers': 3}
[LN692    ] [chunk_18_phase_4_ensemble.py] [info]    Running post hyperparameter_optimization threshold search for VAE...
[LN693    ] [chunk_12_evaluation_evaluator.py] [info] [VAE] label_threshold=20.0 train_below_prediction_binary_split=118,621 train_above_prediction_binary_split=689 train_positive_found=true val_below_prediction_binary_split=52,918 val_above_prediction_binary_split=336 val_positive_found=true
[LN694    ] [chunk_12_evaluation_evaluator.py] [info] [VAE] [reject] skipping LABEL_THRESHOLD=20.0: validation_precision=0.0237 <= baseline+0.0200=0.0263
[LN695    ] [chunk_12_evaluation_evaluator.py] [info] [VAE] label_threshold=10.0 train_below_prediction_binary_split=116,756 train_above_prediction_binary_split=2,554 train_positive_found=true val_below_prediction_binary_split=52,057 val_above_prediction_binary_split=1,197 val_positive_found=true
[LN696    ] [chunk_12_evaluation_evaluator.py] [info] [VAE] [reject] skipping LABEL_THRESHOLD=10.0: validation_precision=0.0271 <= baseline+0.0200=0.0425
[LN697    ] [chunk_12_evaluation_evaluator.py] [info] [VAE] label_threshold=0.0 train_below_prediction_binary_split=59,589 train_above_prediction_binary_split=59,721 train_positive_found=true val_below_prediction_binary_split=24,480 val_above_prediction_binary_split=28,774 val_positive_found=true
[LN698    ] [chunk_12_evaluation_evaluator.py] [info] [VAE] [diagnostic] LABEL_THRESHOLD=0.0 train_precision=0.5061 train_true_positives=15027 train_true_negatives=44922 train_false_positives=14667 train_false_negatives=44694 train_max_prediction=0.9986 train_mean_prediction=0.3494 train_recall=0.2516 train_f1=0.3361 train_auc=0.5051 train_specificity=0.7539 train_false_positive_rate=0.2461 train_f2=0.2798 train_mcc=0.0063 train_prauc=0.5066 train_balanced_accuracy=0.5027 train_brier=0.3232 train_kappa=0.0055 train_informedness=0.0055 train_markedness=0.2599 train_gini=0.0102 train_optimal_threshold=0.2802 train_standard_deviation_prediction=0.2296 train_percentage_above_threshold=24.89
[LN699    ] [chunk_12_evaluation_evaluator.py] [info] [VAE] [diagnostic] LABEL_THRESHOLD=0.0 VALIDATION_PRECISION=0.5454 VALIDATION_TRUE_POSITIVES=15914 VALIDATION_TRUE_NEGATIVES=11215 validation_false_positives=13265 validation_false_negatives=12860 validation_max_prediction=0.9995 validation_mean_prediction=0.5319 validation_recall=0.5531 validation_f1=0.5492 validation_auc=0.5054 validation_specificity=0.4581 validation_false_positive_rate=0.5419 validation_f2=0.5515 validation_mcc=0.0112 validation_prauc=0.5393 validation_balanced_accuracy=0.5056 validation_brier=0.3167 validation_kappa=0.0112 validation_informedness=0.0112 validation_markedness=0.0035 validation_gini=0.0109 validation_optimal_threshold=0.4579 validation_standard_deviation_prediction=0.2661 validation_percentage_above_threshold=54.79
[LN700    ] [chunk_18_phase_4_ensemble.py] [info]    hyperparameter_optimization model threshold search: LABEL_THRESHOLD=20.0, VALIDATION_PRECISION=0.0232
[LN701    ] [chunk_18_phase_4_ensemble.py] [info]    post hyperparameter_optimization threshold search: LABEL_THRESHOLD=0.0, VALIDATION_PRECISION=0.5454
[LN702    ] [chunk_18_phase_4_ensemble.py] [info]    post hyperparameter_optimization improved: using LABEL_THRESHOLD=0.0
[LN703    ] [chunk_18_phase_4_ensemble.py] [info] [section 4] [VAE] [post hyperparameter_optimization] [diagnostic]  cumulative binary_split_predictions (1%) ≤ 0.0279, (5%) ≤ 0.0918, (10%) ≤ 0.1548, (25%) ≤ 0.3180, (50%) ≤ 0.5443, (75%) ≤ 0.7588, (90%) ≤ 0.8871, (95%) ≤ 0.9334, (99%) ≤ 0.9786, max=0.9993 binary_split_predictions distribution: 0% ≤ 0.01, 1% ≤ 0.02, 2% ≤ 0.05, 6% ≤ 0.1, 14% ≤ 0.2, 45% ≤ 0.5, 55% ≥ 0.50
[LN704    ] [chunk_18_phase_4_ensemble.py] [info] [section 4] [VAE] [post hyperparameter_optimization] LABEL_THRESHOLD=0.0,
[LN705    ] [chunk_18_phase_4_ensemble.py] [info] [section 4] [VAE] [post hyperparameter_optimization] VALIDATION_PRECISION=0.5454 VALIDATION_TRUE_POSITIVES=15914 VALIDATION_TRUE_NEGATIVES=11215 validation_false_positives=13265 validation_false_negatives=12860 validation_max_prediction=0.9993 validation_mean_prediction=0.5330 validation_recall=0.5531 validation_f1=0.5492 validation_auc=0.5054 validation_specificity=0.4521 validation_false_positive_rate=0.5479 validation_f2=0.0366 validation_mcc=0.0189 validation_prauc=0.0090 validation_balanced_accuracy=0.5594 validation_brier=0.3532 validation_kappa=0.0027 validation_informedness=0.1187 validation_markedness=-0.5403 validation_gini=0.1659 validation_optimal_threshold=0.5639 validation_standard_deviation_prediction=0.2654 validation_percentage_above_threshold=54.87
[LN706    ] [chunk_18_phase_4_ensemble.py] [info] [section 4] [VAE] [post hyperparameter_optimization] prediction_binary_split=0.50 hyperparams=(loss=binary_crossentropy lr=0.001 dropout=0.05 alpha=1.25 gamma=2.0 latent_dim=32) source=section4
[LN707    ] [chunk_18_phase_4_ensemble.py] [info]    Using post-HPO model at LABEL_THRESHOLD=0.0 (post_hpo_prec=0.5454 > hpo=0.0232, pre_hpo=0.0000)
[LN708    ] [chunk_18_phase_4_ensemble.py] [info]    Train predictions: mean=0.3488, std=0.2301, min=0.0003, max=0.9991
[LN709    ] [chunk_18_phase_4_ensemble.py] [info]    validation predictions:   mean=0.5351, std=0.2654, min=0.0001, max=0.9992
[LN710    ] [chunk_18_phase_4_ensemble.py] [info] [section 5] [VAE] [final] [diagnostic] Train  cumulative binary_split_predictions (1%) ≤ 0.0166, (5%) ≤ 0.0456, (10%) ≤ 0.0757, (25%) ≤ 0.1586, (50%) ≤ 0.3109, (75%) ≤ 0.5015, (90%) ≤ 0.6895, (95%) ≤ 0.7899, (99%) ≤ 0.9245, max=0.9991 binary_split_predictions distribution: 0% ≤ 0.01, 1% ≤ 0.02, 6% ≤ 0.05, 14% ≤ 0.1, 32% ≤ 0.2, 75% ≤ 0.5, 25% ≥ 0.50
[LN711    ] [chunk_18_phase_4_ensemble.py] [info] [section 5] [VAE] [final] [diagnostic] validation    cumulative binary_split_predictions (1%) ≤ 0.0289, (5%) ≤ 0.0920, (10%) ≤ 0.1558, (25%) ≤ 0.3187, (50%) ≤ 0.5489, (75%) ≤ 0.7607, (90%) ≤ 0.8875, (95%) ≤ 0.9331, (99%) ≤ 0.9788, max=0.9992 binary_split_predictions distribution: 0% ≤ 0.01, 1% ≤ 0.02, 2% ≤ 0.05, 6% ≤ 0.1, 14% ≤ 0.2, 45% ≤ 0.5, 55% ≥ 0.50
[LN712    ] [chunk_18_phase_4_ensemble.py] [info]    Train predictions: 25.14% positive predictions (30,000 / 119,310)
[LN713    ] [chunk_18_phase_4_ensemble.py] [info]    validation predictions:   55.36% positive predictions (29,483 / 53,254)
[LN714    ] [chunk_18_phase_4_ensemble.py] [info]    [diagnostic] prediction_buckets: 0-10:4361, 10-20:4978, 20-30:5463, 30-40:5991, 40-50:5900, 50-60:6291, 60-70:6567, 70-80:6148, 80-90:4577, 90-100:0
[LN715    ] [chunk_18_phase_4_ensemble.py] [info] [section 5] [VAE] [final] LABEL_THRESHOLD=0.0,
[LN716    ] [chunk_18_phase_4_ensemble.py] [info] [section 5] [VAE] [final] train_precision=0.5085 train_true_positives=15256 train_true_negatives=44845 train_false_positives=14744 train_false_negatives=44465 train_max_prediction=0.9991 train_mean_prediction=0.3488 train_recall=0.2555 train_f1=0.3401 train_auc=0.5066 train_specificity=0.7526 train_false_positive_rate=0.2474 train_f2=0.2837 train_mcc=0.0093 train_prauc=0.5072 train_balanced_accuracy=0.5040 train_standard_deviation_prediction=0.2301 train_percentage_above_threshold=25.14 train_brier=0.3231 train_kappa=0.0080 train_informedness=0.0080 train_markedness=0.2611 train_gini=0.0132 train_optimal_threshold=0.3195
[LN717    ] [chunk_18_phase_4_ensemble.py] [info] [section 5] [VAE] [final] VALIDATION_PRECISION=0.5476 VALIDATION_TRUE_POSITIVES=16144 VALIDATION_TRUE_NEGATIVES=11141 validation_false_positives=13339 validation_false_negatives=12630 validation_max_prediction=0.9992 validation_mean_prediction=0.5351 validation_recall=0.5611 validation_f1=0.5542 validation_auc=0.5083 validation_specificity=0.4551 validation_false_positive_rate=0.5449 validation_f2=0.5583 validation_mcc=0.0162 validation_prauc=0.5414 validation_balanced_accuracy=0.5081 validation_brier=0.3149 validation_kappa=0.0162 validation_informedness=0.0162 validation_markedness=0.0027 validation_gini=0.0166 validation_optimal_threshold=0.3759 validation_standard_deviation_prediction=0.2654 validation_percentage_above_threshold=55.36
[LN718    ] [chunk_18_phase_4_ensemble.py] [info] [section 5] [VAE] [final] prediction_binary_split=0.50 hyperparams=(loss=binary_crossentropy lr=0.001 dropout=0.05 alpha=1.25 gamma=2.0 latent_dim=32) (using HPO model directly)
[LN719    ] [chunk_18_phase_4_ensemble.py] [info]    VAE loss=binary_crossentropy pred_threshold=0.5 epochs=50
[LN720    ] [chunk_18_phase_4_ensemble.py] [info]    [VAE] hyperparameter_optimization: latent_dim=32, learning_rate=0.001, dropout=0.05, alpha=1.25, gamma=2.0
[LN721    ] [chunk_18_phase_4_ensemble.py] [info]    VAE training time: 528.6s
[LN722    ] [chunk_18_phase_4_ensemble.py] [info] [pass] VAE trained successfully
[LN723    ] [chunk_18_phase_4_ensemble.py] [info] [section 1] [TRANSFORMER] [baseline] LABEL_THRESHOLD=20.0,
[LN724    ] [chunk_18_phase_4_ensemble.py] [info] [section 1] [TRANSFORMER] [baseline] predictions: mean=0.3140, std=0.0004, min=0.3056, max=0.3191
[LN725    ] [chunk_18_phase_4_ensemble.py] [info] [section 1] [TRANSFORMER] [baseline]  cumulative binary_split_predictions (1%) ≤ 0.3125, (5%) ≤ 0.3136, (10%) ≤ 0.3139, (25%) ≤ 0.3140, (50%) ≤ 0.3141, (75%) ≤ 0.3141, (90%) ≤ 0.3142, (95%) ≤ 0.3143, (99%) ≤ 0.3150, max=0.3191 binary_split_predictions distribution: 0% ≤ 0.01, 0% ≤ 0.02, 0% ≤ 0.05, 0% ≤ 0.1, 0% ≤ 0.2, 100% ≤ 0.5, 0% ≥ 0.50
[LN726    ] [chunk_18_phase_4_ensemble.py] [info] [section 1] [TRANSFORMER] [baseline] prediction_binary_split=0.50, VALIDATION predictions at LABEL_THRESHOLD=20.0: 0.00%
[LN727    ] [chunk_18_phase_4_ensemble.py] [warning] [section 1] [TRANSFORMER] [baseline] [warning] No predictions >= 0.5!
[LN728    ] [chunk_18_phase_4_ensemble.py] [info] [section 1] [TRANSFORMER] [baseline] LABEL_THRESHOLD=20.0,
[LN729    ] [chunk_18_phase_4_ensemble.py] [info] [section 1] [TRANSFORMER] [baseline] VALIDATION_PRECISION=0.0000 VALIDATION_TRUE_POSITIVES=0 VALIDATION_TRUE_NEGATIVES=52918 validation_false_positives=0 validation_false_negatives=336 validation_max_prediction=0.3191 validation_mean_prediction=0.3140 validation_recall=0.0000 validation_f1=0.0000 validation_auc=0.3500 validation_specificity=1.0000 validation_false_positive_rate=0.0000 validation_f2=0.0000 validation_mcc=0.0000 validation_prauc=0.0045 validation_balanced_accuracy=0.5000 validation_brier=0.1010 validation_kappa=0.0000 validation_informedness=0.0000 validation_markedness=1.0000 validation_gini=0.0000 validation_optimal_threshold=0.3160 validation_standard_deviation_prediction=0.0004 validation_percentage_above_threshold=0.00
[LN730    ] [chunk_18_phase_4_ensemble.py] [info] [section 1] [TRANSFORMER] [baseline] prediction_binary_split=0.50 loss=binary_crossentropy, lr=0.001
[LN731    ] [chunk_12_evaluation_evaluator.py] [info] [TRANSFORMER] label_threshold=20.0 train_below_prediction_binary_split=118,621 train_above_prediction_binary_split=689 train_positive_found=true val_below_prediction_binary_split=52,918 val_above_prediction_binary_split=336 val_positive_found=true
[LN732    ] [chunk_12_evaluation_evaluator.py] [info] [TRANSFORMER] [reject] skipping LABEL_THRESHOLD=20.0: pos_pred_ratio=0.03% outside [0%, 60%]
[LN733    ] [chunk_12_evaluation_evaluator.py] [info] [TRANSFORMER] label_threshold=10.0 train_below_prediction_binary_split=116,756 train_above_prediction_binary_split=2,554 train_positive_found=true val_below_prediction_binary_split=52,057 val_above_prediction_binary_split=1,197 val_positive_found=true
[LN734    ] [chunk_12_evaluation_evaluator.py] [info] [reject] threshold=10.0 action=skipped reason=insufficient_positive_predictions positive_predictions=0 minimum_positive_required=5
[LN735    ] [chunk_12_evaluation_evaluator.py] [info] [TRANSFORMER] label_threshold=0.0 train_below_prediction_binary_split=59,589 train_above_prediction_binary_split=59,721 train_positive_found=true val_below_prediction_binary_split=24,480 val_above_prediction_binary_split=28,774 val_positive_found=true
[LN736    ] [chunk_12_evaluation_evaluator.py] [info] [TRANSFORMER] [reject] skipping LABEL_THRESHOLD=0.0: validation_precision=0.5199 <= baseline+0.0200=0.5200
[LN737    ] [chunk_18_phase_4_ensemble.py] [warning] [section 1] [TRANSFORMER] [label_threshold_optimal] [warning] All label thresholds rejected — using baseline metrics at 20.0
[LN738    ] [chunk_18_phase_4_ensemble.py] [info] [section 1] [TRANSFORMER] [label_threshold_optimal] LABEL_THRESHOLD=20.0
[LN739    ] [chunk_18_phase_4_ensemble.py] [info] [section 1] [TRANSFORMER] [label_threshold_optimal] train_precision=0.0000 train_true_positives=0 train_true_negatives=52918 train_false_positives=0 train_false_negatives=336 train_max_prediction=0.3191 train_mean_prediction=0.3140 train_recall=0.0000 train_f1=0.0000 train_auc=0.3500 train_specificity=1.0000 train_false_positive_rate=0.0000 train_f2=0.0000 train_mcc=0.0000 train_prauc=0.0045 train_balanced_accuracy=0.5000 train_brier=0.1010 train_kappa=0.0000 train_informedness=0.0000 train_markedness=1.0000 train_gini=0.0000 train_optimal_threshold=0.3160 train_standard_deviation_prediction=0.0004 train_percentage_above_threshold=0.00
[LN740    ] [chunk_18_phase_4_ensemble.py] [info] [section 1] [TRANSFORMER] [label_threshold_optimal] VALIDATION_PRECISION=0.0000 VALIDATION_TRUE_POSITIVES=0 VALIDATION_TRUE_NEGATIVES=52918 validation_false_positives=0 validation_false_negatives=336 validation_max_prediction=0.3191 validation_mean_prediction=0.3140 validation_recall=0.0000 validation_f1=0.0000 validation_auc=0.3500 validation_specificity=1.0000 validation_false_positive_rate=0.0000 validation_f2=0.0000 validation_mcc=0.0000 validation_prauc=0.0045 validation_balanced_accuracy=0.5000 validation_brier=0.1010 validation_kappa=0.0000 validation_informedness=0.0000 validation_markedness=1.0000 validation_gini=0.0000 validation_optimal_threshold=0.3160 validation_standard_deviation_prediction=0.0004 validation_percentage_above_threshold=0.00
[LN741    ] [chunk_18_phase_4_ensemble.py] [info] [section 1] [TRANSFORMER] [label_threshold_optimal] prediction_binary_split=0.50
[LN742    ] [chunk_21_hyperparam_optimizer.py] [info] [section 2] [TRANSFORMER] [hyperparameter_optimization search] Running Bayesian optimization (5 trials)...
[LN743    ] [chunk_21_hyperparam_optimizer.py] [info] [section 2] [TRANSFORMER] [hyperparameter_optimization search baseline] LABEL_THRESHOLD=20.0
[LN744    ] [chunk_21_hyperparam_optimizer.py] [info] [section 2] [TRANSFORMER] [hyperparameter_optimization search baseline] VALIDATION_PRECISION=0.0000 VALIDATION_TRUE_POSITIVES=0 VALIDATION_TRUE_NEGATIVES=52915 validation_false_positives=3 validation_false_negatives=336 validation_max_prediction=0.5093 validation_mean_prediction=0.0517 validation_recall=0.0000 validation_f1=0.0000 validation_auc=0.8850 validation_specificity=0.9999 validation_false_positive_rate=0.0001 validation_f2=0.0000 validation_mcc=-0.0006 validation_prauc=0.0442 validation_balanced_accuracy=0.5000 validation_brier=0.0100 validation_kappa=-0.0001 validation_informedness=-0.0001 validation_markedness=-0.0001 validation_gini=0.7700 validation_optimal_threshold=0.0753 validation_standard_deviation_prediction=0.0544 validation_percentage_above_threshold=0.01
[LN745    ] [chunk_21_hyperparam_optimizer.py] [info] [section 2] [TRANSFORMER] [hyperparameter_optimization search baseline] TRIAL 1/5: loss_function=focal_loss, dim=256, heads=4, dropout=0.0, learning_rate=5e-05, epochs=20, alpha=1.0, gamma=3.0, ff_dim=128, layers=2
[LN746    ] [chunk_21_hyperparam_optimizer.py] [info] [section 2] [TRANSFORMER] [hyperparameter_optimization search baseline] LABEL_THRESHOLD=20.0
[LN747    ] [chunk_21_hyperparam_optimizer.py] [info] [section 2] [TRANSFORMER] [hyperparameter_optimization search baseline] VALIDATION_PRECISION=0.0239 VALIDATION_TRUE_POSITIVES=285 VALIDATION_TRUE_NEGATIVES=41287 validation_false_positives=11631 validation_false_negatives=51 validation_max_prediction=0.9954 validation_mean_prediction=0.2691 validation_recall=0.8482 validation_f1=0.0465 validation_auc=0.8866 validation_specificity=0.7802 validation_false_positive_rate=0.2198 validation_f2=0.1075 validation_mcc=0.1194 validation_prauc=0.0441 validation_balanced_accuracy=0.8142 validation_brier=0.1429 validation_kappa=0.0347 validation_informedness=0.6284 validation_markedness=-0.1959 validation_gini=0.7732 validation_optimal_threshold=0.3966 validation_standard_deviation_prediction=0.2707 validation_percentage_above_threshold=22.38
[LN748    ] [chunk_21_hyperparam_optimizer.py] [info] [section 2] [TRANSFORMER] [hyperparameter_optimization search baseline] TRIAL 2/5: loss_function=binary_crossentropy, dim=64, heads=4, dropout=0.05, learning_rate=5e-05, epochs=50, alpha=1.0, gamma=1.5, ff_dim=256, layers=1
[LN749    ] [chunk_21_hyperparam_optimizer.py] [info] [section 2] [TRANSFORMER] [hyperparameter_optimization search baseline] LABEL_THRESHOLD=20.0
[LN750    ] [chunk_21_hyperparam_optimizer.py] [info] [section 2] [TRANSFORMER] [hyperparameter_optimization search baseline] VALIDATION_PRECISION=0.0000 VALIDATION_TRUE_POSITIVES=0 VALIDATION_TRUE_NEGATIVES=52918 validation_false_positives=0 validation_false_negatives=336 validation_max_prediction=0.2127 validation_mean_prediction=0.0466 validation_recall=0.0000 validation_f1=0.0000 validation_auc=0.8530 validation_specificity=1.0000 validation_false_positive_rate=0.0000 validation_f2=0.0000 validation_mcc=0.0000 validation_prauc=0.0272 validation_balanced_accuracy=0.5000 validation_brier=0.0093 validation_kappa=0.0000 validation_informedness=0.0000 validation_markedness=1.0000 validation_gini=0.7060 validation_optimal_threshold=0.0720 validation_standard_deviation_prediction=0.0471 validation_percentage_above_threshold=0.00
[LN751    ] [chunk_21_hyperparam_optimizer.py] [info] [section 2] [TRANSFORMER] [hyperparameter_optimization search baseline] TRIAL 3/5: loss_function=focal_loss, dim=256, heads=4, dropout=0.2, learning_rate=0.0001, epochs=30, alpha=0.5, gamma=2.5, ff_dim=256, layers=4
[LN752    ] [chunk_21_hyperparam_optimizer.py] [info] [section 2] [TRANSFORMER] [hyperparameter_optimization search baseline] LABEL_THRESHOLD=20.0
[LN753    ] [chunk_21_hyperparam_optimizer.py] [info] [section 2] [TRANSFORMER] [hyperparameter_optimization search baseline] VALIDATION_PRECISION=0.0213 VALIDATION_TRUE_POSITIVES=300 VALIDATION_TRUE_NEGATIVES=39138 validation_false_positives=13780 validation_false_negatives=36 validation_max_prediction=0.9801 validation_mean_prediction=0.2676 validation_recall=0.8929 validation_f1=0.0416 validation_auc=0.8877 validation_specificity=0.7396 validation_false_positive_rate=0.2604 validation_f2=0.0973 validation_mcc=0.1136 validation_prauc=0.0419 validation_balanced_accuracy=0.8162 validation_brier=0.1519 validation_kappa=0.0297 validation_informedness=0.6325 validation_markedness=-0.2391 validation_gini=0.7754 validation_optimal_threshold=0.5798 validation_standard_deviation_prediction=0.2884 validation_percentage_above_threshold=26.44
[LN754    ] [chunk_21_hyperparam_optimizer.py] [info] [section 2] [TRANSFORMER] [hyperparameter_optimization search baseline] TRIAL 4/5: loss_function=binary_crossentropy, dim=256, heads=2, dropout=0.2, learning_rate=5e-05, epochs=50, alpha=0.75, gamma=2.5, ff_dim=256, layers=4
[LN755    ] [chunk_21_hyperparam_optimizer.py] [info] [section 2] [TRANSFORMER] [hyperparameter_optimization search baseline] LABEL_THRESHOLD=20.0
[LN756    ] [chunk_21_hyperparam_optimizer.py] [info] [section 2] [TRANSFORMER] [hyperparameter_optimization search baseline] VALIDATION_PRECISION=0.0000 VALIDATION_TRUE_POSITIVES=0 VALIDATION_TRUE_NEGATIVES=52918 validation_false_positives=0 validation_false_negatives=336 validation_max_prediction=0.4901 validation_mean_prediction=0.0544 validation_recall=0.0000 validation_f1=0.0000 validation_auc=0.8845 validation_specificity=1.0000 validation_false_positive_rate=0.0000 validation_f2=0.0000 validation_mcc=0.0000 validation_prauc=0.0469 validation_balanced_accuracy=0.5000 validation_brier=0.0105 validation_kappa=0.0000 validation_informedness=0.0000 validation_markedness=1.0000 validation_gini=0.7690 validation_optimal_threshold=0.0866 validation_standard_deviation_prediction=0.0569 validation_percentage_above_threshold=0.00
[LN757    ] [chunk_21_hyperparam_optimizer.py] [info] [section 2] [TRANSFORMER] [hyperparameter_optimization search baseline] TRIAL 5/5: loss_function=focal_loss, dim=256, heads=4, dropout=0.1, learning_rate=5e-05, epochs=30, alpha=0.25, gamma=3.0, ff_dim=64, layers=2
[LN758    ] [chunk_21_hyperparam_optimizer.py] [info] [section 2] [TRANSFORMER] [best trial] LABEL_THRESHOLD=20.0
[LN759    ] [chunk_21_hyperparam_optimizer.py] [info] [section 2] [TRANSFORMER] [best trial] VALIDATION_PRECISION=0.0239 VALIDATION_TRUE_POSITIVES=285 VALIDATION_TRUE_NEGATIVES=41287 validation_false_positives=11631 validation_false_negatives=51 validation_max_prediction=0.9954 validation_mean_prediction=0.2691 validation_recall=0.8482 validation_f1=0.0465 validation_auc=0.8866 validation_specificity=0.7802 validation_false_positive_rate=0.2198 validation_f2=0.1075 validation_mcc=0.1194 validation_prauc=0.0441 validation_balanced_accuracy=0.8142 validation_brier=0.1429 validation_kappa=0.0347 validation_informedness=0.6284 validation_markedness=-0.1959 validation_gini=0.7732 validation_optimal_threshold=0.3966 validation_standard_deviation_prediction=0.2707 validation_percentage_above_threshold=22.38
[LN760    ] [chunk_21_hyperparam_optimizer.py] [info] [section 2] [TRANSFORMER] [best trial] loss_function=binary_crossentropy, dim=64, heads=4, dropout=0.05, learning_rate=5e-05, epochs=50, alpha=1.0, gamma=1.5, ff_dim=256, layers=1
[LN761    ] [chunk_18_phase_4_ensemble.py] [info]    [diagnostic-hyperparameter_optimization]  cumulative binary_split_predictions (1%) ≤ 0.0183, (5%) ≤ 0.0248, (10%) ≤ 0.0319, (25%) ≤ 0.0576, (50%) ≤ 0.1345, (75%) ≤ 0.4490, (90%) ≤ 0.7374, (95%) ≤ 0.8355, (99%) ≤ 0.9225, max=0.9954 binary_split_predictions distribution: 0% ≤ 0.01, 2% ≤ 0.02, 21% ≤ 0.05, 41% ≤ 0.1, 59% ≤ 0.2, 78% ≤ 0.5, 22% ≥ 0.50
[LN762    ] [chunk_18_phase_4_ensemble.py] [info]    hyperparameter_optimization improved: 0.0239 > 0.0000
[LN763    ] [chunk_18_phase_4_ensemble.py] [info] [section 3] [TRANSFORMER] [HYPERPARAMETER_OPTIMIZATION] LABEL_THRESHOLD=20.0,
[LN764    ] [chunk_18_phase_4_ensemble.py] [info] [section 3] [TRANSFORMER] [HYPERPARAMETER_OPTIMIZATION] VALIDATION_PRECISION=0.0239 VALIDATION_TRUE_POSITIVES=285 VALIDATION_TRUE_NEGATIVES=41287 validation_false_positives=11631 validation_false_negatives=51 validation_max_prediction=0.9954 validation_mean_prediction=0.2691 validation_recall=0.8482 validation_f1=0.0465 validation_auc=0.8866 validation_specificity=0.7802 validation_false_positive_rate=0.2198 validation_f2=0.1075 validation_mcc=0.1194 validation_prauc=0.0441 validation_balanced_accuracy=0.8142 validation_brier=0.1429 validation_kappa=0.0347 validation_informedness=0.6284 validation_markedness=-0.1959 validation_gini=0.7732 validation_optimal_threshold=0.3966 validation_standard_deviation_prediction=0.2707 validation_percentage_above_threshold=22.38
[LN765    ] [chunk_18_phase_4_ensemble.py] [info] [section 3] [TRANSFORMER] [HYPERPARAMETER_OPTIMIZATION] prediction_binary_split=0.50 hyperparams=(loss=binary_crossentropy lr=5e-05 dropout=0.05 alpha=1.0 gamma=1.5 latent_dim=0) improved=True {'loss_function': 'binary_crossentropy', 'dim': 64, 'heads': 4, 'dropout': 0.05, 'learning_rate': 5e-05, 'epochs': 50, 'alpha': 1.0, 'gamma': 1.5, 'ff_dim': 256, 'layers': 1}
[LN766    ] [chunk_18_phase_4_ensemble.py] [info]    Running post hyperparameter_optimization threshold search for Transformer...
[LN767    ] [chunk_12_evaluation_evaluator.py] [info] [TRANSFORMER] label_threshold=20.0 train_below_prediction_binary_split=118,621 train_above_prediction_binary_split=689 train_positive_found=true val_below_prediction_binary_split=52,918 val_above_prediction_binary_split=336 val_positive_found=true
[LN768    ] [chunk_12_evaluation_evaluator.py] [info] [TRANSFORMER] [reject] skipping LABEL_THRESHOLD=20.0: validation_precision=0.0239 <= baseline+0.0200=0.0263
[LN769    ] [chunk_12_evaluation_evaluator.py] [info] [TRANSFORMER] label_threshold=10.0 train_below_prediction_binary_split=116,756 train_above_prediction_binary_split=2,554 train_positive_found=true val_below_prediction_binary_split=52,057 val_above_prediction_binary_split=1,197 val_positive_found=true
[LN770    ] [chunk_12_evaluation_evaluator.py] [info] [TRANSFORMER] [reject] skipping LABEL_THRESHOLD=10.0: validation_precision=0.0294 <= baseline+0.0200=0.0425
[LN771    ] [chunk_12_evaluation_evaluator.py] [info] [TRANSFORMER] label_threshold=0.0 train_below_prediction_binary_split=59,589 train_above_prediction_binary_split=59,721 train_positive_found=true val_below_prediction_binary_split=24,480 val_above_prediction_binary_split=28,774 val_positive_found=true
[LN772    ] [chunk_12_evaluation_evaluator.py] [info] [TRANSFORMER] [diagnostic] LABEL_THRESHOLD=0.0 train_precision=0.5114 train_true_positives=12867 train_true_negatives=47295 train_false_positives=12294 train_false_negatives=46854 train_max_prediction=0.9813 train_mean_prediction=0.3395 train_recall=0.2155 train_f1=0.3032 train_auc=0.5163 train_specificity=0.7937 train_false_positive_rate=0.2063 train_f2=0.2437 train_mcc=0.0112 train_prauc=0.5136 train_balanced_accuracy=0.5046 train_brier=0.3148 train_kappa=0.0091 train_informedness=0.0091 train_markedness=0.3051 train_gini=0.0326 train_optimal_threshold=0.3086 train_standard_deviation_prediction=0.2104 train_percentage_above_threshold=21.09
[LN773    ] [chunk_12_evaluation_evaluator.py] [info] [TRANSFORMER] [diagnostic] LABEL_THRESHOLD=0.0 VALIDATION_PRECISION=0.5339 VALIDATION_TRUE_POSITIVES=13577 VALIDATION_TRUE_NEGATIVES=12625 validation_false_positives=11855 validation_false_negatives=15197 validation_max_prediction=0.9805 validation_mean_prediction=0.4612 validation_recall=0.4718 validation_f1=0.5009 validation_auc=0.4929 validation_specificity=0.5157 validation_false_positive_rate=0.4843 validation_f2=0.4831 validation_mcc=-0.0124 validation_prauc=0.5468 validation_balanced_accuracy=0.4938 validation_brier=0.3273 validation_kappa=-0.0123 validation_informedness=-0.0124 validation_markedness=0.0496 validation_gini=0.0000 validation_optimal_threshold=0.7771 validation_standard_deviation_prediction=0.2634 validation_percentage_above_threshold=47.76
[LN774    ] [chunk_18_phase_4_ensemble.py] [info]    hyperparameter_optimization model threshold search: LABEL_THRESHOLD=20.0, VALIDATION_PRECISION=0.0239
[LN775    ] [chunk_18_phase_4_ensemble.py] [info]    post hyperparameter_optimization threshold search: LABEL_THRESHOLD=0.0, VALIDATION_PRECISION=0.5339
[LN776    ] [chunk_18_phase_4_ensemble.py] [info]    post hyperparameter_optimization improved: using LABEL_THRESHOLD=0.0
[LN777    ] [chunk_18_phase_4_ensemble.py] [info] [section 4] [TRANSFORMER] [post hyperparameter_optimization] [diagnostic]  cumulative binary_split_predictions (1%) ≤ 0.0394, (5%) ≤ 0.0641, (10%) ≤ 0.0910, (25%) ≤ 0.2156, (50%) ≤ 0.4826, (75%) ≤ 0.6781, (90%) ≤ 0.8075, (95%) ≤ 0.8730, (99%) ≤ 0.9433, max=0.9805 binary_split_predictions distribution: 0% ≤ 0.01, 0% ≤ 0.02, 3% ≤ 0.05, 12% ≤ 0.1, 24% ≤ 0.2, 52% ≤ 0.5, 48% ≥ 0.50
[LN778    ] [chunk_18_phase_4_ensemble.py] [info] [section 4] [TRANSFORMER] [post hyperparameter_optimization] LABEL_THRESHOLD=0.0,
[LN779    ] [chunk_18_phase_4_ensemble.py] [info] [section 4] [TRANSFORMER] [post hyperparameter_optimization] VALIDATION_PRECISION=0.5339 VALIDATION_TRUE_POSITIVES=13577 VALIDATION_TRUE_NEGATIVES=12625 validation_false_positives=11855 validation_false_negatives=15197 validation_max_prediction=0.9805 validation_mean_prediction=0.4612 validation_recall=0.4718 validation_f1=0.5009 validation_auc=0.4929 validation_specificity=0.5234 validation_false_positive_rate=0.4766 validation_f2=0.0392 validation_mcc=0.0235 validation_prauc=0.0086 validation_balanced_accuracy=0.5742 validation_brier=0.2813 validation_kappa=0.0039 validation_informedness=0.1484 validation_markedness=-0.4684 validation_gini=0.2074 validation_optimal_threshold=0.2867 validation_standard_deviation_prediction=0.2634 validation_percentage_above_threshold=47.76
[LN780    ] [chunk_18_phase_4_ensemble.py] [info] [section 4] [TRANSFORMER] [post hyperparameter_optimization] prediction_binary_split=0.50 hyperparams=(loss=binary_crossentropy lr=5e-05 dropout=0.05 alpha=1.0 gamma=1.5 latent_dim=64) source=section4
[LN781    ] [chunk_18_phase_4_ensemble.py] [info]    Using post-HPO model at LABEL_THRESHOLD=0.0 (post_hpo_prec=0.5339 > hpo=0.0239, pre_hpo=0.0000)
[LN782    ] [chunk_18_phase_4_ensemble.py] [info]    Train predictions: mean=0.3395, std=0.2104, min=0.0063, max=0.9813
[LN783    ] [chunk_18_phase_4_ensemble.py] [info]    validation predictions:   mean=0.4612, std=0.2634, min=0.0087, max=0.9805
[LN784    ] [chunk_18_phase_4_ensemble.py] [info] [section 5] [TRANSFORMER] [final] [diagnostic] Train  cumulative binary_split_predictions (1%) ≤ 0.0433, (5%) ≤ 0.0756, (10%) ≤ 0.1055, (25%) ≤ 0.1757, (50%) ≤ 0.2931, (75%) ≤ 0.4591, (90%) ≤ 0.6647, (95%) ≤ 0.7657, (99%) ≤ 0.9021, max=0.9813 binary_split_predictions distribution: 0% ≤ 0.01, 0% ≤ 0.02, 2% ≤ 0.05, 9% ≤ 0.1, 31% ≤ 0.2, 79% ≤ 0.5, 21% ≥ 0.50
[LN785    ] [chunk_18_phase_4_ensemble.py] [info] [section 5] [TRANSFORMER] [final] [diagnostic] validation    cumulative binary_split_predictions (1%) ≤ 0.0394, (5%) ≤ 0.0641, (10%) ≤ 0.0910, (25%) ≤ 0.2156, (50%) ≤ 0.4826, (75%) ≤ 0.6781, (90%) ≤ 0.8075, (95%) ≤ 0.8730, (99%) ≤ 0.9433, max=0.9805 binary_split_predictions distribution: 0% ≤ 0.01, 0% ≤ 0.02, 3% ≤ 0.05, 12% ≤ 0.1, 24% ≤ 0.2, 52% ≤ 0.5, 48% ≥ 0.50
[LN786    ] [chunk_18_phase_4_ensemble.py] [info]    Train predictions: 21.09% positive predictions (25,161 / 119,310)
[LN787    ] [chunk_18_phase_4_ensemble.py] [info]    validation predictions:   47.76% positive predictions (25,432 / 53,254)
[LN788    ] [chunk_18_phase_4_ensemble.py] [info]    [diagnostic] prediction_buckets: 0-10:6352, 10-20:4072, 20-30:4887, 30-40:6130, 40-50:6768, 50-60:6838, 60-70:6092, 70-80:3934, 80-90:1800, 90-100:0
[LN789    ] [chunk_18_phase_4_ensemble.py] [info] [section 5] [TRANSFORMER] [final] LABEL_THRESHOLD=0.0,
[LN790    ] [chunk_18_phase_4_ensemble.py] [info] [section 5] [TRANSFORMER] [final] train_precision=0.5114 train_true_positives=12867 train_true_negatives=47295 train_false_positives=12294 train_false_negatives=46854 train_max_prediction=0.9813 train_mean_prediction=0.3395 train_recall=0.2155 train_f1=0.3032 train_auc=0.5163 train_specificity=0.7937 train_false_positive_rate=0.2063 train_f2=0.2437 train_mcc=0.0112 train_prauc=0.5136 train_balanced_accuracy=0.5046 train_standard_deviation_prediction=0.2104 train_percentage_above_threshold=21.09 train_brier=0.3148 train_kappa=0.0091 train_informedness=0.0091 train_markedness=0.3051 train_gini=0.0326 train_optimal_threshold=0.3086
[LN791    ] [chunk_18_phase_4_ensemble.py] [info] [section 5] [TRANSFORMER] [final] VALIDATION_PRECISION=0.5339 VALIDATION_TRUE_POSITIVES=13577 VALIDATION_TRUE_NEGATIVES=12625 validation_false_positives=11855 validation_false_negatives=15197 validation_max_prediction=0.9805 validation_mean_prediction=0.4612 validation_recall=0.4718 validation_f1=0.5009 validation_auc=0.4929 validation_specificity=0.5157 validation_false_positive_rate=0.4843 validation_f2=0.4831 validation_mcc=-0.0124 validation_prauc=0.5468 validation_balanced_accuracy=0.4938 validation_brier=0.3273 validation_kappa=-0.0123 validation_informedness=-0.0124 validation_markedness=0.0496 validation_gini=0.0000 validation_optimal_threshold=0.7771 validation_standard_deviation_prediction=0.2634 validation_percentage_above_threshold=47.76
[LN792    ] [chunk_18_phase_4_ensemble.py] [info] [section 5] [TRANSFORMER] [final] prediction_binary_split=0.50 hyperparams=(loss=binary_crossentropy lr=5e-05 dropout=0.05 alpha=1.0 gamma=1.5 latent_dim=64) (using HPO model directly)
[LN793    ] [chunk_18_phase_4_ensemble.py] [info]    Transformer loss=binary_crossentropy pred_threshold=0.5 epochs=50
[LN794    ] [chunk_18_phase_4_ensemble.py] [info]    [Transformer] hyperparameter_optimization: dim=64, heads=4, dropout=0.05, learning_rate=5e-05, alpha=1.0, gamma=1.5, layers=1
[LN795    ] [chunk_18_phase_4_ensemble.py] [info]    Transformer training time: 1988.7s
[LN796    ] [chunk_18_phase_4_ensemble.py] [info] [pass] Transformer trained successfully
[LN797    ] [chunk_18_phase_4_ensemble.py] [info] Running Feature Stability Analysis...
[LN798    ] [chunk_18_phase_4_ensemble.py] [info]    Feature Stability:
[LN799    ] [chunk_18_phase_4_ensemble.py] [info]       Change: stability=0.030, importance=0.000
[LN800    ] [chunk_18_phase_4_ensemble.py] [info]       Volume: stability=0.009, importance=0.000
[LN801    ] [chunk_18_phase_4_ensemble.py] [info]       Price_to_52W_High: stability=0.007, importance=0.000
[LN802    ] [chunk_18_phase_4_ensemble.py] [info]       Price: stability=0.007, importance=0.000
[LN803    ] [chunk_18_phase_4_ensemble.py] [info]       Prev_Close: stability=0.007, importance=0.000
[LN804    ] [chunk_18_phase_4_ensemble.py] [info]       ATR: stability=0.007, importance=0.000
[LN805    ] [chunk_18_phase_4_ensemble.py] [info]       Rel_Volume: stability=0.007, importance=0.000
[LN806    ] [chunk_18_phase_4_ensemble.py] [info]       52W_Low: stability=0.006, importance=0.000
[LN807    ] [chunk_18_phase_4_ensemble.py] [info]       Perf_Week: stability=0.005, importance=0.000
[LN808    ] [chunk_18_phase_4_ensemble.py] [info]       Price_to_52W_Low: stability=0.004, importance=0.000
[LN809    ] [chunk_18_phase_4_ensemble.py] [info]       52W_High: stability=0.004, importance=0.000
[LN810    ] [chunk_18_phase_4_ensemble.py] [info]       Avg_Volume: stability=0.003, importance=0.000
[LN811    ] [chunk_18_phase_4_ensemble.py] [info]       Ticker_id: stability=0.003, importance=0.000
[LN812    ] [chunk_18_phase_4_ensemble.py] [info]       Perf_YTD: stability=0.003, importance=0.000
[LN813    ] [chunk_18_phase_4_ensemble.py] [info]       Volume_to_Avg_Volume: stability=0.003, importance=0.000
[LN814    ] [chunk_18_phase_4_ensemble.py] [info]       SMA50: stability=0.002, importance=0.000
[LN815    ] [chunk_18_phase_4_ensemble.py] [info]       Perf_Month: stability=0.002, importance=0.000
[LN816    ] [chunk_18_phase_4_ensemble.py] [info]       RSI_14: stability=0.002, importance=0.000
[LN817    ] [chunk_18_phase_4_ensemble.py] [info]       Market_Cap: stability=0.002, importance=0.000
[LN818    ] [chunk_18_phase_4_ensemble.py] [info]       SMA20: stability=0.001, importance=0.000
[LN819    ] [chunk_18_phase_4_ensemble.py] [info]       Perf_Half_Y: stability=0.001, importance=0.000
[LN820    ] [chunk_18_phase_4_ensemble.py] [info]       Perf_Quarter: stability=0.000, importance=0.000
[LN821    ] [chunk_18_phase_4_ensemble.py] [info]       SMA200: stability=0.000, importance=0.000
[LN822    ] [chunk_18_phase_4_ensemble.py] [info]       Perf_Year: stability=0.000, importance=0.000
[LN823    ] [chunk_18_phase_4_ensemble.py] [info] Measuring Inference Latency...
[LN824    ] [chunk_18_phase_4_ensemble.py] [info]    Inference latency: 0.001 ms/sample (10000 samples)
[LN825    ] [chunk_18_phase_4_ensemble.py] [info] Running Sliding Window Validation...
[LN826    ] [chunk_18_phase_4_ensemble.py] [info]    sliding window: train_samples=125233, validation_samples=59175
[LN827    ] [chunk_18_phase_4_ensemble.py] [info]    Sliding Window validation: validation_precision=0.0069 validation_recall=0.4504 validation_f1=0.0136
[LN828    ] [chunk_18_phase_4_ensemble.py] [info]    temporal drift: Significant precision drift: -66.7% change (performance degrading over time)
[LN829    ] [chunk_18_phase_4_ensemble.py] [info]    drift: stability_score=0.571
[LN830    ] [chunk_18_phase_4_ensemble.py] [info] Running Permutation Importance on all trained models...
[LN831    ] [chunk_18_phase_4_ensemble.py] [info]    CatBoost Permutation Importance:
[LN832    ] [chunk_18_phase_4_ensemble.py] [info]       Avg_Volume: 0.0025
[LN833    ] [chunk_18_phase_4_ensemble.py] [info]       Price: 0.0009
[LN834    ] [chunk_18_phase_4_ensemble.py] [info]       52W_High: 0.0009
[LN835    ] [chunk_18_phase_4_ensemble.py] [info]       Perf_Week: -0.0002
[LN836    ] [chunk_18_phase_4_ensemble.py] [info]       RSI_14: -0.0004
[LN837    ] [chunk_18_phase_4_ensemble.py] [info]       Perf_YTD: -0.0005
[LN838    ] [chunk_18_phase_4_ensemble.py] [info]       Perf_Half_Y: -0.0008
[LN839    ] [chunk_18_phase_4_ensemble.py] [info]       52W_Low: -0.0011
[LN840    ] [chunk_18_phase_4_ensemble.py] [info]       Perf_Year: -0.0017
[LN841    ] [chunk_18_phase_4_ensemble.py] [info]       ATR: -0.0019
[LN842    ] [chunk_18_phase_4_ensemble.py] [info]       Perf_Month: -0.0020
[LN843    ] [chunk_18_phase_4_ensemble.py] [info]       SMA200: -0.0023
[LN844    ] [chunk_18_phase_4_ensemble.py] [info]       SMA50: -0.0024
[LN845    ] [chunk_18_phase_4_ensemble.py] [info]       Perf_Quarter: -0.0029
[LN846    ] [chunk_18_phase_4_ensemble.py] [info]       Market_Cap: -0.0031
[LN847    ] [chunk_18_phase_4_ensemble.py] [info]       SMA20: -0.0034
[LN848    ] [chunk_18_phase_4_ensemble.py] [info]       Volume: -0.0070
[LN849    ] [chunk_18_phase_4_ensemble.py] [info]       Prev_Close: -0.0088
[LN850    ] [chunk_18_phase_4_ensemble.py] [info]       Ticker_id: -0.0138
[LN851    ] [chunk_18_phase_4_ensemble.py] [info]    CatBoost [advanced] entropy=35565.5316, LogitComp=1.90, MI=0.0003
[LN852    ] [chunk_18_phase_4_ensemble.py] [info]    CatBoost [advanced] KS-stat=0.0446 (poor_separation), bhattacharyya=-3.2244
[LN853    ] [chunk_18_phase_4_ensemble.py] [info]    LightGBM Permutation Importance:
[LN854    ] [chunk_18_phase_4_ensemble.py] [info]       52W_High: 0.0032
[LN855    ] [chunk_18_phase_4_ensemble.py] [info]       Avg_Volume: 0.0022
[LN856    ] [chunk_18_phase_4_ensemble.py] [info]       Price: 0.0017
[LN857    ] [chunk_18_phase_4_ensemble.py] [info]       RSI_14: 0.0009
[LN858    ] [chunk_18_phase_4_ensemble.py] [info]       Market_Cap: 0.0001
[LN859    ] [chunk_18_phase_4_ensemble.py] [info]       Perf_Week: -0.0003
[LN860    ] [chunk_18_phase_4_ensemble.py] [info]       SMA50: -0.0005
[LN861    ] [chunk_18_phase_4_ensemble.py] [info]       ATR: -0.0006
[LN862    ] [chunk_18_phase_4_ensemble.py] [info]       Perf_Half_Y: -0.0007
[LN863    ] [chunk_18_phase_4_ensemble.py] [info]       SMA20: -0.0017
[LN864    ] [chunk_18_phase_4_ensemble.py] [info]       Perf_YTD: -0.0017
[LN865    ] [chunk_18_phase_4_ensemble.py] [info]       52W_Low: -0.0027
[LN866    ] [chunk_18_phase_4_ensemble.py] [info]       SMA200: -0.0031
[LN867    ] [chunk_18_phase_4_ensemble.py] [info]       Prev_Close: -0.0037
[LN868    ] [chunk_18_phase_4_ensemble.py] [info]       Perf_Year: -0.0037
[LN869    ] [chunk_18_phase_4_ensemble.py] [info]       Perf_Month: -0.0038
[LN870    ] [chunk_18_phase_4_ensemble.py] [info]       Perf_Quarter: -0.0038
[LN871    ] [chunk_18_phase_4_ensemble.py] [info]       Ticker_id: -0.0039
[LN872    ] [chunk_18_phase_4_ensemble.py] [info]       Volume: -0.0056
[LN873    ] [chunk_18_phase_4_ensemble.py] [info]    LightGBM [advanced] entropy=34196.7711, LogitComp=2.15, MI=0.0001
[LN874    ] [chunk_18_phase_4_ensemble.py] [info]    LightGBM [advanced] KS-stat=0.0400 (poor_separation), bhattacharyya=-3.0845
[LN875    ] [chunk_18_phase_4_ensemble.py] [info]    XGBoost Permutation Importance:
[LN876    ] [chunk_18_phase_4_ensemble.py] [info]       Price: 0.0237
[LN877    ] [chunk_18_phase_4_ensemble.py] [info]       Perf_Year: 0.0124
[LN878    ] [chunk_18_phase_4_ensemble.py] [info]       Prev_Close: 0.0069
[LN879    ] [chunk_18_phase_4_ensemble.py] [info]       RSI_14: 0.0060
[LN880    ] [chunk_18_phase_4_ensemble.py] [info]       Volume: 0.0037
[LN881    ] [chunk_18_phase_4_ensemble.py] [info]       Perf_Half_Y: 0.0007
[LN882    ] [chunk_18_phase_4_ensemble.py] [info]       52W_High: 0.0002
[LN883    ] [chunk_18_phase_4_ensemble.py] [info]       Perf_Month: -0.0021
[LN884    ] [chunk_18_phase_4_ensemble.py] [info]       Market_Cap: -0.0028
[LN885    ] [chunk_18_phase_4_ensemble.py] [info]       Perf_Week: -0.0064
[LN886    ] [chunk_18_phase_4_ensemble.py] [info]       SMA200: -0.0081
[LN887    ] [chunk_18_phase_4_ensemble.py] [info]       SMA20: -0.0163
[LN888    ] [chunk_18_phase_4_ensemble.py] [info]       Perf_YTD: -0.0183
[LN889    ] [chunk_18_phase_4_ensemble.py] [info]       52W_Low: -0.0192
[LN890    ] [chunk_18_phase_4_ensemble.py] [info]       ATR: -0.0216
[LN891    ] [chunk_18_phase_4_ensemble.py] [info]       SMA50: -0.0246
[LN892    ] [chunk_18_phase_4_ensemble.py] [info]       Perf_Quarter: -0.0284
[LN893    ] [chunk_18_phase_4_ensemble.py] [info]       Avg_Volume: -0.0297
[LN894    ] [chunk_18_phase_4_ensemble.py] [info]       Ticker_id: -0.0367
[LN895    ] [chunk_18_phase_4_ensemble.py] [info]    XGBoost [advanced] entropy=7950.7715, LogitComp=2.80, MI=0.0003
[LN896    ] [chunk_18_phase_4_ensemble.py] [info]    XGBoost [advanced] KS-stat=0.0877 (poor_separation), bhattacharyya=-3.0007
[LN897    ] [chunk_18_phase_4_ensemble.py] [info]    Dense Permutation Importance:
[LN898    ] [chunk_18_phase_4_ensemble.py] [info]       Ticker_id: 0.0038
[LN899    ] [chunk_18_phase_4_ensemble.py] [info]       Prev_Close: 0.0032
[LN900    ] [chunk_18_phase_4_ensemble.py] [info]       SMA20: 0.0013
[LN901    ] [chunk_18_phase_4_ensemble.py] [info]       RSI_14: 0.0009
[LN902    ] [chunk_18_phase_4_ensemble.py] [info]       Perf_Month: 0.0008
[LN903    ] [chunk_18_phase_4_ensemble.py] [info]       52W_High: 0.0002
[LN904    ] [chunk_18_phase_4_ensemble.py] [info]       Perf_Year: 0.0001
[LN905    ] [chunk_18_phase_4_ensemble.py] [info]       SMA50: -0.0006
[LN906    ] [chunk_18_phase_4_ensemble.py] [info]       52W_Low: -0.0009
[LN907    ] [chunk_18_phase_4_ensemble.py] [info]       SMA200: -0.0024
[LN908    ] [chunk_18_phase_4_ensemble.py] [info]       Volume: -0.0040
[LN909    ] [chunk_18_phase_4_ensemble.py] [info]       Perf_YTD: -0.0044
[LN910    ] [chunk_18_phase_4_ensemble.py] [info]       Market_Cap: -0.0052
[LN911    ] [chunk_18_phase_4_ensemble.py] [info]       Avg_Volume: -0.0063
[LN912    ] [chunk_18_phase_4_ensemble.py] [info]       ATR: -0.0067
[LN913    ] [chunk_18_phase_4_ensemble.py] [info]       Perf_Week: -0.0077
[LN914    ] [chunk_18_phase_4_ensemble.py] [info]       Perf_Half_Y: -0.0079
[LN915    ] [chunk_18_phase_4_ensemble.py] [info]       Perf_Quarter: -0.0094
[LN916    ] [chunk_18_phase_4_ensemble.py] [info]       Price: -0.0313
[LN917    ] [chunk_18_phase_4_ensemble.py] [info]    Dense [advanced] entropy=14668.7178, LogitComp=2.25, MI=0.0000
[LN918    ] [chunk_18_phase_4_ensemble.py] [info]    Dense [advanced] KS-stat=0.0471 (poor_separation), bhattacharyya=-2.9940
[LN919    ] [chunk_18_phase_4_ensemble.py] [info]    CNN Permutation Importance:
[LN920    ] [chunk_18_phase_4_ensemble.py] [info]       52W_High: 0.0091
[LN921    ] [chunk_18_phase_4_ensemble.py] [info]       RSI_14: 0.0028
[LN922    ] [chunk_18_phase_4_ensemble.py] [info]       SMA20: 0.0028
[LN923    ] [chunk_18_phase_4_ensemble.py] [info]       Price: 0.0019
[LN924    ] [chunk_18_phase_4_ensemble.py] [info]       Ticker_id: 0.0019
[LN925    ] [chunk_18_phase_4_ensemble.py] [info]       52W_Low: 0.0015
[LN926    ] [chunk_18_phase_4_ensemble.py] [info]       Perf_Year: 0.0013
[LN927    ] [chunk_18_phase_4_ensemble.py] [info]       Market_Cap: 0.0012
[LN928    ] [chunk_18_phase_4_ensemble.py] [info]       Perf_YTD: 0.0011
[LN929    ] [chunk_18_phase_4_ensemble.py] [info]       Perf_Week: 0.0010
[LN930    ] [chunk_18_phase_4_ensemble.py] [info]       SMA200: 0.0000
[LN931    ] [chunk_18_phase_4_ensemble.py] [info]       Perf_Half_Y: -0.0002
[LN932    ] [chunk_18_phase_4_ensemble.py] [info]       SMA50: -0.0002
[LN933    ] [chunk_18_phase_4_ensemble.py] [info]       Volume: -0.0006
[LN934    ] [chunk_18_phase_4_ensemble.py] [info]       Perf_Month: -0.0020
[LN935    ] [chunk_18_phase_4_ensemble.py] [info]       ATR: -0.0023
[LN936    ] [chunk_18_phase_4_ensemble.py] [info]       Perf_Quarter: -0.0024
[LN937    ] [chunk_18_phase_4_ensemble.py] [info]       Prev_Close: -0.0029
[LN938    ] [chunk_18_phase_4_ensemble.py] [info]       Avg_Volume: -0.0036
[LN939    ] [chunk_18_phase_4_ensemble.py] [info]    CNN [advanced] entropy=35953.0508, LogitComp=1.94, MI=0.0002
[LN940    ] [chunk_18_phase_4_ensemble.py] [info]    CNN [advanced] KS-stat=0.0530 (poor_separation), bhattacharyya=-3.2836
[LN941    ] [chunk_18_phase_4_ensemble.py] [info]    RNN Permutation Importance:
[LN942    ] [chunk_18_phase_4_ensemble.py] [info]       52W_High: 0.0141
[LN943    ] [chunk_18_phase_4_ensemble.py] [info]       Ticker_id: 0.0089
[LN944    ] [chunk_18_phase_4_ensemble.py] [info]       Avg_Volume: 0.0086
[LN945    ] [chunk_18_phase_4_ensemble.py] [info]       Perf_Week: 0.0083
[LN946    ] [chunk_18_phase_4_ensemble.py] [info]       Price: 0.0025
[LN947    ] [chunk_18_phase_4_ensemble.py] [info]       SMA20: 0.0020
[LN948    ] [chunk_18_phase_4_ensemble.py] [info]       ATR: 0.0015
[LN949    ] [chunk_18_phase_4_ensemble.py] [info]       RSI_14: 0.0001
[LN950    ] [chunk_18_phase_4_ensemble.py] [info]       Perf_Half_Y: -0.0011
[LN951    ] [chunk_18_phase_4_ensemble.py] [info]       Perf_Quarter: -0.0021
[LN952    ] [chunk_18_phase_4_ensemble.py] [info]       SMA50: -0.0026
[LN953    ] [chunk_18_phase_4_ensemble.py] [info]       52W_Low: -0.0027
[LN954    ] [chunk_18_phase_4_ensemble.py] [info]       Perf_Month: -0.0028
[LN955    ] [chunk_18_phase_4_ensemble.py] [info]       Perf_YTD: -0.0029
[LN956    ] [chunk_18_phase_4_ensemble.py] [info]       SMA200: -0.0037
[LN957    ] [chunk_18_phase_4_ensemble.py] [info]       Market_Cap: -0.0062
[LN958    ] [chunk_18_phase_4_ensemble.py] [info]       Prev_Close: -0.0080
[LN959    ] [chunk_18_phase_4_ensemble.py] [info]       Perf_Year: -0.0086
[LN960    ] [chunk_18_phase_4_ensemble.py] [info]       Volume: -0.0087
[LN961    ] [chunk_18_phase_4_ensemble.py] [info]    RNN [advanced] entropy=36357.1211, LogitComp=1.48, MI=0.0000
[LN962    ] [chunk_18_phase_4_ensemble.py] [info]    RNN [advanced] KS-stat=0.0406 (poor_separation), bhattacharyya=-4.0048
[LN963    ] [chunk_18_phase_4_ensemble.py] [info]    LSTM Permutation Importance:
[LN964    ] [chunk_18_phase_4_ensemble.py] [info]       Prev_Close: 0.0195
[LN965    ] [chunk_18_phase_4_ensemble.py] [info]       52W_High: 0.0039
[LN966    ] [chunk_18_phase_4_ensemble.py] [info]       Ticker_id: 0.0011
[LN967    ] [chunk_18_phase_4_ensemble.py] [info]       Perf_Year: -0.0000
[LN968    ] [chunk_18_phase_4_ensemble.py] [info]       Perf_Month: -0.0001
[LN969    ] [chunk_18_phase_4_ensemble.py] [info]       Avg_Volume: -0.0004
[LN970    ] [chunk_18_phase_4_ensemble.py] [info]       Perf_Week: -0.0004
[LN971    ] [chunk_18_phase_4_ensemble.py] [info]       RSI_14: -0.0013
[LN972    ] [chunk_18_phase_4_ensemble.py] [info]       Perf_Half_Y: -0.0013
[LN973    ] [chunk_18_phase_4_ensemble.py] [info]       Perf_YTD: -0.0013
[LN974    ] [chunk_18_phase_4_ensemble.py] [info]       Perf_Quarter: -0.0018
[LN975    ] [chunk_18_phase_4_ensemble.py] [info]       SMA20: -0.0019
[LN976    ] [chunk_18_phase_4_ensemble.py] [info]       SMA50: -0.0024
[LN977    ] [chunk_18_phase_4_ensemble.py] [info]       SMA200: -0.0029
[LN978    ] [chunk_18_phase_4_ensemble.py] [info]       ATR: -0.0030
[LN979    ] [chunk_18_phase_4_ensemble.py] [info]       Price: -0.0043
[LN980    ] [chunk_18_phase_4_ensemble.py] [info]       52W_Low: -0.0044
[LN981    ] [chunk_18_phase_4_ensemble.py] [info]       Volume: -0.0059
[LN982    ] [chunk_18_phase_4_ensemble.py] [info]       Market_Cap: -0.0169
[LN983    ] [chunk_18_phase_4_ensemble.py] [info]    LSTM [advanced] entropy=18207.6113, LogitComp=2.09, MI=0.0010
[LN984    ] [chunk_18_phase_4_ensemble.py] [info]    LSTM [advanced] KS-stat=0.0580 (poor_separation), bhattacharyya=-3.0894
[LN985    ] [chunk_18_phase_4_ensemble.py] [info]    VAE Permutation Importance:
[LN986    ] [chunk_18_phase_4_ensemble.py] [info]       Prev_Close: 0.0112
[LN987    ] [chunk_18_phase_4_ensemble.py] [info]       SMA200: 0.0039
[LN988    ] [chunk_18_phase_4_ensemble.py] [info]       52W_High: 0.0027
[LN989    ] [chunk_18_phase_4_ensemble.py] [info]       Perf_Week: 0.0022
[LN990    ] [chunk_18_phase_4_ensemble.py] [info]       Volume: 0.0019
[LN991    ] [chunk_18_phase_4_ensemble.py] [info]       Perf_Quarter: 0.0019
[LN992    ] [chunk_18_phase_4_ensemble.py] [info]       Perf_Year: 0.0016
[LN993    ] [chunk_18_phase_4_ensemble.py] [info]       Ticker_id: 0.0007
[LN994    ] [chunk_18_phase_4_ensemble.py] [info]       52W_Low: 0.0007
[LN995    ] [chunk_18_phase_4_ensemble.py] [info]       Perf_YTD: 0.0003
[LN996    ] [chunk_18_phase_4_ensemble.py] [info]       Perf_Month: 0.0002
[LN997    ] [chunk_18_phase_4_ensemble.py] [info]       Market_Cap: 0.0002
[LN998    ] [chunk_18_phase_4_ensemble.py] [info]       SMA50: -0.0001
[LN999    ] [chunk_18_phase_4_ensemble.py] [info]       Perf_Half_Y: -0.0002
[LN1000   ] [chunk_18_phase_4_ensemble.py] [info]       SMA20: -0.0010
[LN1001   ] [chunk_18_phase_4_ensemble.py] [info]       ATR: -0.0011
[LN1002   ] [chunk_18_phase_4_ensemble.py] [info]       RSI_14: -0.0013
[LN1003   ] [chunk_18_phase_4_ensemble.py] [info]       Avg_Volume: -0.0023
[LN1004   ] [chunk_18_phase_4_ensemble.py] [info]       Price: -0.0026
[LN1005   ] [chunk_18_phase_4_ensemble.py] [info]    VAE [advanced] entropy=28204.5664, LogitComp=1.78, MI=0.0001
[LN1006   ] [chunk_18_phase_4_ensemble.py] [info]    VAE [advanced] KS-stat=0.0162 (poor_separation), bhattacharyya=-2.9973
[LN1007   ] [chunk_18_phase_4_ensemble.py] [info]    Transformer Permutation Importance:
[LN1008   ] [chunk_18_phase_4_ensemble.py] [info]       Prev_Close: 0.0080
[LN1009   ] [chunk_18_phase_4_ensemble.py] [info]       ATR: 0.0047
[LN1010   ] [chunk_18_phase_4_ensemble.py] [info]       Perf_Year: 0.0030
[LN1011   ] [chunk_18_phase_4_ensemble.py] [info]       52W_High: 0.0028
[LN1012   ] [chunk_18_phase_4_ensemble.py] [info]       Perf_Half_Y: 0.0027
[LN1013   ] [chunk_18_phase_4_ensemble.py] [info]       Perf_Quarter: 0.0025
[LN1014   ] [chunk_18_phase_4_ensemble.py] [info]       Ticker_id: 0.0012
[LN1015   ] [chunk_18_phase_4_ensemble.py] [info]       SMA20: 0.0006
[LN1016   ] [chunk_18_phase_4_ensemble.py] [info]       Perf_YTD: 0.0002
[LN1017   ] [chunk_18_phase_4_ensemble.py] [info]       SMA200: -0.0002
[LN1018   ] [chunk_18_phase_4_ensemble.py] [info]       Perf_Month: -0.0005
[LN1019   ] [chunk_18_phase_4_ensemble.py] [info]       52W_Low: -0.0005
[LN1020   ] [chunk_18_phase_4_ensemble.py] [info]       Perf_Week: -0.0010
[LN1021   ] [chunk_18_phase_4_ensemble.py] [info]       SMA50: -0.0014
[LN1022   ] [chunk_18_phase_4_ensemble.py] [info]       Market_Cap: -0.0022
[LN1023   ] [chunk_18_phase_4_ensemble.py] [info]       Volume: -0.0023
[LN1024   ] [chunk_18_phase_4_ensemble.py] [info]       RSI_14: -0.0033
[LN1025   ] [chunk_18_phase_4_ensemble.py] [info]       Avg_Volume: -0.0037
[LN1026   ] [chunk_18_phase_4_ensemble.py] [info]       Price: -0.0098
[LN1027   ] [chunk_18_phase_4_ensemble.py] [info]    Transformer [advanced] entropy=28398.2441, LogitComp=1.91, MI=0.0001
[LN1028   ] [chunk_18_phase_4_ensemble.py] [info]    Transformer [advanced] KS-stat=0.0259 (poor_separation), bhattacharyya=-3.0285
[LN1029   ] [chunk_18_phase_4_ensemble.py] [info] Filtering architectures by minimum validation_precision > 0.53:
[LN1030   ] [chunk_18_phase_4_ensemble.py] [info]   CatBoost: validation_precision=0.5253 FAIL (Minimum Validation_Precision Required=0.53)
[LN1031   ] [chunk_18_phase_4_ensemble.py] [info]   LightGBM: validation_precision=0.5325 PASS (Minimum Validation_Precision Required=0.53)
[LN1032   ] [chunk_18_phase_4_ensemble.py] [info]   XGBoost: validation_precision=0.0762 FAIL (Minimum Validation_Precision Required=0.53)
[LN1033   ] [chunk_18_phase_4_ensemble.py] [info]   Dense: validation_precision=0.5322 PASS (Minimum Validation_Precision Required=0.53)
[LN1034   ] [chunk_18_phase_4_ensemble.py] [info]   CNN: validation_precision=0.5289 FAIL (Minimum Validation_Precision Required=0.53)
[LN1035   ] [chunk_18_phase_4_ensemble.py] [info]   RNN: validation_precision=0.5357 PASS (Minimum Validation_Precision Required=0.53)
[LN1036   ] [chunk_18_phase_4_ensemble.py] [info]   LSTM: validation_precision=0.0550 FAIL (Minimum Validation_Precision Required=0.53)
[LN1037   ] [chunk_18_phase_4_ensemble.py] [info]   VAE: validation_precision=0.5476 PASS (Minimum Validation_Precision Required=0.53)
[LN1038   ] [chunk_18_phase_4_ensemble.py] [info]   Transformer: validation_precision=0.5339 PASS (Minimum Validation_Precision Required=0.53)
[LN1039   ] [chunk_18_phase_4_ensemble.py] [info] ensemble: 5 architectures (LightGBM, Dense, RNN, VAE, Transformer)
[LN1040   ] [chunk_18_phase_4_ensemble.py] [info]    [diagnostic-ensemble]  cumulative binary_split_predictions (1%) ≤ 0.1752, (5%) ≤ 0.2197, (10%) ≤ 0.2544, (25%) ≤ 0.3273, (50%) ≤ 0.4162, (75%) ≤ 0.5097, (90%) ≤ 0.6092, (95%) ≤ 0.6570, (99%) ≤ 0.7231, max=0.8242 binary_split_predictions distribution: 0% ≤ 0.01, 0% ≤ 0.02, 0% ≤ 0.05, 0% ≤ 0.1, 3% ≤ 0.2, 73% ≤ 0.5, 27% ≥ 0.50
[LN1041   ] [chunk_18_phase_4_ensemble.py] [info] Ensemble precision (validation): 0.5561 (LABEL_THRESHOLD=0.0, prediction_binary_split=0.50)
[LN1042   ] [chunk_18_phase_4_ensemble.py] [info] ARCHITECTURE RANKING (by validation_precision)
[LN1043   ] [chunk_18_phase_4_ensemble.py] [info] 1. VAE          label_threshold=0.0 validation_precision=0.5476 VALIDATION_TRUE_POSITIVES=16144 VALIDATION_TRUE_NEGATIVES=11141 validation_false_positives=13339 validation_false_negatives=12630 validation_max_prediction=0.9992 validation_mean_prediction=0.5351 validation_recall=0.5611 validation_f1=0.5542 validation_auc=0.5083 validation_specificity=0.4551 validation_false_positive_rate=0.5449 validation_f2=0.5583 validation_mcc=0.0162 validation_prauc=0.5414 validation_balanced_accuracy=0.5081 validation_brier=0.3149 validation_kappa=0.0162 validation_informedness=0.0162 validation_markedness=0.0027 validation_gini=0.0166 validation_optimal_threshold=0.3759 validation_standard_deviation_prediction=0.2654 validation_percentage_above_threshold=55.36
[LN1044   ] [chunk_18_phase_4_ensemble.py] [info] 2. RNN          label_threshold=0.0 validation_precision=0.5357 VALIDATION_TRUE_POSITIVES=6732 VALIDATION_TRUE_NEGATIVES=18646 validation_false_positives=5834 validation_false_negatives=22042 validation_max_prediction=0.6802 validation_mean_prediction=0.4599 validation_recall=0.2340 validation_f1=0.3257 validation_auc=0.4798 validation_specificity=0.7617 validation_false_positive_rate=0.2383 validation_f2=0.2637 validation_mcc=-0.0051 validation_prauc=0.5409 validation_balanced_accuracy=0.4978 validation_brier=0.2596 validation_kappa=-0.0042 validation_informedness=-0.0044 validation_markedness=0.2974 validation_gini=0.0000 validation_optimal_threshold=0.6021 validation_standard_deviation_prediction=0.0597 validation_percentage_above_threshold=23.60
[LN1045   ] [chunk_18_phase_4_ensemble.py] [info] 3. Transformer  label_threshold=0.0 validation_precision=0.5339 VALIDATION_TRUE_POSITIVES=13577 VALIDATION_TRUE_NEGATIVES=12625 validation_false_positives=11855 validation_false_negatives=15197 validation_max_prediction=0.9805 validation_mean_prediction=0.4612 validation_recall=0.4718 validation_f1=0.5009 validation_auc=0.4929 validation_specificity=0.5157 validation_false_positive_rate=0.4843 validation_f2=0.4831 validation_mcc=-0.0124 validation_prauc=0.5468 validation_balanced_accuracy=0.4938 validation_brier=0.3273 validation_kappa=-0.0123 validation_informedness=-0.0124 validation_markedness=0.0496 validation_gini=0.0000 validation_optimal_threshold=0.7771 validation_standard_deviation_prediction=0.2634 validation_percentage_above_threshold=47.76
[LN1046   ] [chunk_18_phase_4_ensemble.py] [info] 4. LightGBM     label_threshold=0.0 validation_precision=0.5325 VALIDATION_TRUE_POSITIVES=10010 VALIDATION_TRUE_NEGATIVES=15692 validation_false_positives=8788 validation_false_negatives=18764 validation_max_prediction=0.9589 validation_mean_prediction=0.4458 validation_recall=0.3479 validation_f1=0.4208 validation_auc=0.4866 validation_specificity=0.6410 validation_false_positive_rate=0.3590 validation_f2=0.3738 validation_mcc=-0.0116 validation_prauc=0.5546 validation_balanced_accuracy=0.4944 validation_brier=0.2800 validation_kappa=-0.0108 validation_informedness=-0.0111 validation_markedness=0.1735 validation_gini=0.0000 validation_optimal_threshold=0.6998 validation_standard_deviation_prediction=0.1460 validation_percentage_above_threshold=35.30
[LN1047   ] [chunk_18_phase_4_ensemble.py] [info] 5. Dense        label_threshold=0.0 validation_precision=0.5322 VALIDATION_TRUE_POSITIVES=4706 VALIDATION_TRUE_NEGATIVES=20343 validation_false_positives=4137 validation_false_negatives=24068 validation_max_prediction=0.9998 validation_mean_prediction=0.2118 validation_recall=0.1636 validation_f1=0.2502 validation_auc=0.5233 validation_specificity=0.8310 validation_false_positive_rate=0.1690 validation_f2=0.1899 validation_mcc=-0.0073 validation_prauc=0.5474 validation_balanced_accuracy=0.4973 validation_brier=0.4362 validation_kappa=-0.0051 validation_informedness=-0.0054 validation_markedness=0.3632 validation_gini=0.0467 validation_optimal_threshold=0.0512 validation_standard_deviation_prediction=0.2871 validation_percentage_above_threshold=16.61
[LN1048   ] [chunk_18_phase_4_ensemble.py] [info] 6. CNN          label_threshold=0.0 validation_precision=0.5289 VALIDATION_TRUE_POSITIVES=11602 VALIDATION_TRUE_NEGATIVES=14144 validation_false_positives=10336 validation_false_negatives=17172 validation_max_prediction=0.9232 validation_mean_prediction=0.4767 validation_recall=0.4032 validation_f1=0.4576 validation_auc=0.4792 validation_specificity=0.5778 validation_false_positive_rate=0.4222 validation_f2=0.4233 validation_mcc=-0.0192 validation_prauc=0.5457 validation_balanced_accuracy=0.4905 validation_brier=0.2639 validation_kappa=-0.0186 validation_informedness=-0.0190 validation_markedness=0.1066 validation_gini=0.0000 validation_optimal_threshold=0.6029 validation_standard_deviation_prediction=0.0911 validation_percentage_above_threshold=41.20
[LN1049   ] [chunk_18_phase_4_ensemble.py] [info] 7. CatBoost     label_threshold=0.0 validation_precision=0.5253 VALIDATION_TRUE_POSITIVES=10263 VALIDATION_TRUE_NEGATIVES=15205 validation_false_positives=9275 validation_false_negatives=18511 validation_max_prediction=0.8865 validation_mean_prediction=0.4666 validation_recall=0.3567 validation_f1=0.4249 validation_auc=0.4836 validation_specificity=0.6211 validation_false_positive_rate=0.3789 validation_f2=0.3811 validation_mcc=-0.0230 validation_prauc=0.5478 validation_balanced_accuracy=0.4889 validation_brier=0.2664 validation_kappa=-0.0216 validation_informedness=-0.0222 validation_markedness=0.1464 validation_gini=0.0000 validation_optimal_threshold=0.6197 validation_standard_deviation_prediction=0.1059 validation_percentage_above_threshold=36.69
[LN1050   ] [chunk_18_phase_4_ensemble.py] [info] 8. XGBoost      label_threshold=10.0 validation_precision=0.0762 VALIDATION_TRUE_POSITIVES=196 VALIDATION_TRUE_NEGATIVES=49680 validation_false_positives=2377 validation_false_negatives=1001 validation_max_prediction=0.9915 validation_mean_prediction=0.0800 validation_recall=0.1637 validation_f1=0.1040 validation_auc=0.8065 validation_specificity=0.9543 validation_false_positive_rate=0.0457 validation_f2=0.1331 validation_mcc=0.0816 validation_prauc=0.0661 validation_balanced_accuracy=0.5590 validation_brier=0.0469 validation_kappa=0.0756 validation_informedness=0.1181 validation_markedness=0.0305 validation_gini=0.6131 validation_optimal_threshold=0.0174 validation_standard_deviation_prediction=0.1690 validation_percentage_above_threshold=4.83
[LN1051   ] [chunk_18_phase_4_ensemble.py] [info] 9. LSTM         label_threshold=10.0 validation_precision=0.0550 VALIDATION_TRUE_POSITIVES=533 VALIDATION_TRUE_NEGATIVES=42905 validation_false_positives=9152 validation_false_negatives=664 validation_max_prediction=0.9305 validation_mean_prediction=0.2247 validation_recall=0.4453 validation_f1=0.0980 validation_auc=0.7833 validation_specificity=0.8242 validation_false_positive_rate=0.1758 validation_f2=0.1841 validation_mcc=0.1036 validation_prauc=0.0615 validation_balanced_accuracy=0.6347 validation_brier=0.1205 validation_kappa=0.0604 validation_informedness=0.2695 validation_markedness=-0.1208 validation_gini=0.5666 validation_optimal_threshold=0.1703 validation_standard_deviation_prediction=0.2628 validation_percentage_above_threshold=18.19
[LN1052   ] [chunk_18_phase_4_ensemble.py] [info] hyperparameter_optimization IMPACT SUMMARY
[LN1053   ] [chunk_18_phase_4_ensemble.py] [info] CatBoost     pre_hpo_validation_precision=0.5224 post_hpo_validation_precision=0.5253 hpo_improved=Yes
[LN1054   ] [chunk_18_phase_4_ensemble.py] [info] LightGBM     pre_hpo_validation_precision=0.5321 post_hpo_validation_precision=0.5325 hpo_improved=Yes
[LN1055   ] [chunk_18_phase_4_ensemble.py] [info] XGBoost      pre_hpo_validation_precision=0.0762 post_hpo_validation_precision=0.0603 hpo_improved=No
[LN1056   ] [chunk_18_phase_4_ensemble.py] [info] Dense        pre_hpo_validation_precision=0.0000 post_hpo_validation_precision=0.0287 hpo_improved=Yes
[LN1057   ] [chunk_18_phase_4_ensemble.py] [info] CNN          pre_hpo_validation_precision=0.5289 post_hpo_validation_precision=0.5259 hpo_improved=No
[LN1058   ] [chunk_18_phase_4_ensemble.py] [info] RNN          pre_hpo_validation_precision=0.5357 post_hpo_validation_precision=0.5182 hpo_improved=No
[LN1059   ] [chunk_18_phase_4_ensemble.py] [info] LSTM         pre_hpo_validation_precision=0.0000 post_hpo_validation_precision=0.0222 hpo_improved=Yes
[LN1060   ] [chunk_18_phase_4_ensemble.py] [info] VAE          pre_hpo_validation_precision=0.0000 post_hpo_validation_precision=0.0232 hpo_improved=Yes
[LN1061   ] [chunk_18_phase_4_ensemble.py] [info] Transformer  pre_hpo_validation_precision=0.0000 post_hpo_validation_precision=0.0239 hpo_improved=Yes
[LN1062   ] [chunk_18_phase_4_ensemble.py] [info] TRAINING TIME SUMMARY
[LN1063   ] [chunk_18_phase_4_ensemble.py] [info]    CatBoost: 68.6s
[LN1064   ] [chunk_18_phase_4_ensemble.py] [info]    LightGBM: 37.4s
[LN1065   ] [chunk_18_phase_4_ensemble.py] [info]    XGBoost: 29.7s
[LN1066   ] [chunk_18_phase_4_ensemble.py] [info]    Dense: 656.7s
[LN1067   ] [chunk_18_phase_4_ensemble.py] [info]    CNN: 3257.2s
[LN1068   ] [chunk_18_phase_4_ensemble.py] [info]    RNN: 3052.3s
[LN1069   ] [chunk_18_phase_4_ensemble.py] [info]    LSTM: 1887.7s
[LN1070   ] [chunk_18_phase_4_ensemble.py] [info]    VAE: 528.6s
[LN1071   ] [chunk_18_phase_4_ensemble.py] [info]    Transformer: 1988.7s
[LN1072   ] [chunk_18_phase_4_ensemble.py] [info]    total: 11507.1s
[LN1073   ] [chunk_18_phase_4_ensemble.py] [info]    Skipping CatBoost (precision 0.5253 < 0.53)
[LN1074   ] [chunk_18_phase_4_ensemble.py] [info]    Saved LightGBM model to ./saved_models/LightGBM_model.keras
[LN1075   ] [chunk_18_phase_4_ensemble.py] [info]    Skipping XGBoost (precision 0.0762 < 0.53)
[LN1076   ] [chunk_18_phase_4_ensemble.py] [info]    Saved Dense model to ./saved_models/Dense_model.keras
[LN1077   ] [chunk_18_phase_4_ensemble.py] [info]    Saved Dense scaler to ./saved_models/Dense_scaler.joblib
[LN1078   ] [chunk_18_phase_4_ensemble.py] [info]    Skipping CNN (precision 0.5289 < 0.53)
[LN1079   ] [chunk_18_phase_4_ensemble.py] [info]    Saved RNN model to ./saved_models/RNN_model.keras
[LN1080   ] [chunk_18_phase_4_ensemble.py] [info]    Saved RNN scaler to ./saved_models/RNN_scaler.joblib
[LN1081   ] [chunk_18_phase_4_ensemble.py] [info]    Skipping LSTM (precision 0.0550 < 0.53)
[LN1082   ] [chunk_18_phase_4_ensemble.py] [info]    Saved VAE model to ./saved_models/VAE_model.keras
[LN1083   ] [chunk_18_phase_4_ensemble.py] [info]    Saved VAE scaler to ./saved_models/VAE_scaler.joblib
[LN1084   ] [chunk_18_phase_4_ensemble.py] [info]    Saved Transformer model to ./saved_models/Transformer_model.keras
[LN1085   ] [chunk_18_phase_4_ensemble.py] [info]    Saved Transformer scaler to ./saved_models/Transformer_scaler.joblib
[LN1086   ] [chunk_18_phase_4_ensemble.py] [info]    Saved temporal weights to ./saved_models/temporal_weights.json
[LN1087   ] [chunk_18_phase_4_ensemble.py] [info]    Saved feature names to ./saved_models/feature_names.json
[LN1088   ] [chunk_18_phase_4_ensemble.py] [info]    Saved split date to ./saved_models/split_date.txt
[LN1089   ] [chunk_18_phase_4_ensemble.py] [info]    Saved all training dates to ./saved_models/all_dates.json
[LN1090   ] [chunk_18_phase_4_ensemble.py] [info]    Saved LightGBM metadata to ./saved_models/LightGBM_metadata.json
[LN1091   ] [chunk_18_phase_4_ensemble.py] [info]    Saved Dense metadata to ./saved_models/Dense_metadata.json
[LN1092   ] [chunk_18_phase_4_ensemble.py] [info]    Saved RNN metadata to ./saved_models/RNN_metadata.json
[LN1093   ] [chunk_18_phase_4_ensemble.py] [info]    Saved VAE metadata to ./saved_models/VAE_metadata.json
[LN1094   ] [chunk_18_phase_4_ensemble.py] [info]    Saved Transformer metadata to ./saved_models/Transformer_metadata.json
[LN1095   ] [chunk_18_phase_4_ensemble.py] [info]    5 model(s) and parameters saved to ./saved_models
[LN1096   ] [chunk_XX_phase_feature_analysis_b.py] [info] Phase Xb: Temporal Precision Gap Analysis - Starting
[LN1097   ] [chunk_XX_phase_feature_analysis_b.py] [info] Analyzing temporal precision gap for 9 architectures
[LN1098   ] [chunk_XX_phase_feature_analysis_b.py] [info] Label threshold: 20.0, Prediction threshold: 0.5
[LN1099   ] [chunk_XX_phase_feature_analysis_b.py] [info] Validation date split: 9 unique dates, tail=3 days each (N_DAYS=3, FRACTION=33%)
[LN1100   ] [chunk_XX_phase_feature_analysis_b.py] [info] Validation Recent dates (newest 3 days, 20251017..20251021): 17,747 samples, 91 signal cases
[LN1101   ] [chunk_XX_phase_feature_analysis_b.py] [info] Validation Older dates (oldest 3 days, 20251009..20251013): 17,755 samples, 139 signal cases
[LN1102   ] [chunk_XX_phase_feature_analysis_b.py] [info] Temporal Precision Gap (validation set): Recent = newest 3 days (20251017..20251021), Older = oldest 3 days (20251009..20251013), middle 3 days excluded as buffer
[LN1103   ] [chunk_XX_phase_feature_analysis_b.py] [info] Phase Xb: Temporal Precision Gap Analysis Report - FULL METRICS
[LN1104   ] [chunk_XX_phase_feature_analysis_b.py] [info] Architecture validation_recent_precision validation_recent_recall validation_recent_auc validation_recent_f1 validation_older_precision validation_older_recall validation_older_auc validation_older_f1    Gap
[LN1105   ] [chunk_XX_phase_feature_analysis_b.py] [info] Dense        validation_recent_precision=  0.0066 validation_recent_recall=  0.2088 validation_recent_auc=    0.5427 validation_recent_f1=  0.0128 validation_older_precision=  0.0054 validation_older_recall=  0.1223 validation_older_auc=    0.3697 validation_older_f1=  0.0103 Gap= +0.00
[LN1106   ] [chunk_XX_phase_feature_analysis_b.py] [info] RNN          validation_recent_precision=  0.0120 validation_recent_recall=  0.4505 validation_recent_auc=    0.7654 validation_recent_f1=  0.0235 validation_older_precision=  0.0133 validation_older_recall=  0.4676 validation_older_auc=    0.6677 validation_older_f1=  0.0259 Gap= -0.00
[LN1107   ] [chunk_XX_phase_feature_analysis_b.py] [info] VAE          validation_recent_precision=  0.0068 validation_recent_recall=  0.7143 validation_recent_auc=    0.6369 validation_recent_f1=  0.0135 validation_older_precision=  0.0091 validation_older_recall=  0.6691 validation_older_auc=    0.5808 validation_older_f1=  0.0180 Gap= -0.00
[LN1108   ] [chunk_XX_phase_feature_analysis_b.py] [info] Transformer  validation_recent_precision=  0.0070 validation_recent_recall=  0.7253 validation_recent_auc=    0.6164 validation_recent_f1=  0.0139 validation_older_precision=  0.0105 validation_older_recall=  0.5755 validation_older_auc=    0.6184 validation_older_f1=  0.0205 Gap= -0.00
[LN1109   ] [chunk_XX_phase_feature_analysis_b.py] [info] CNN          validation_recent_precision=  0.0078 validation_recent_recall=  0.4945 validation_recent_auc=    0.6574 validation_recent_f1=  0.0154 validation_older_precision=  0.0124 validation_older_recall=  0.7626 validation_older_auc=    0.6772 validation_older_f1=  0.0244 Gap= -0.00
[LN1110   ] [chunk_XX_phase_feature_analysis_b.py] [info] LightGBM     validation_recent_precision=  0.0050 validation_recent_recall=  0.2527 validation_recent_auc=    0.5124 validation_recent_f1=  0.0097 validation_older_precision=  0.0105 validation_older_recall=  0.5755 validation_older_auc=    0.6097 validation_older_f1=  0.0207 Gap= -0.01
[LN1111   ] [chunk_XX_phase_feature_analysis_b.py] [info] CatBoost     validation_recent_precision=  0.0047 validation_recent_recall=  0.2418 validation_recent_auc=    0.4818 validation_recent_f1=  0.0092 validation_older_precision=  0.0109 validation_older_recall=  0.6259 validation_older_auc=    0.6378 validation_older_f1=  0.0213 Gap= -0.01
[LN1112   ] [chunk_XX_phase_feature_analysis_b.py] [info] LSTM         validation_recent_precision=  0.0116 validation_recent_recall=  0.3187 validation_recent_auc=    0.8072 validation_recent_f1=  0.0224 validation_older_precision=  0.0208 validation_older_recall=  0.5827 validation_older_auc=    0.7972 validation_older_f1=  0.0402 Gap= -0.01
[LN1113   ] [chunk_XX_phase_feature_analysis_b.py] [info] XGBoost      validation_recent_precision=  0.0170 validation_recent_recall=  0.1319 validation_recent_auc=    0.7952 validation_recent_f1=  0.0301 validation_older_precision=  0.0268 validation_older_recall=  0.1942 validation_older_auc=    0.8332 validation_older_f1=  0.0471 Gap= -0.01
[LN1114   ] [chunk_XX_phase_feature_analysis_b.py] [info] BEST for recent signals: Dense (Gap: +0.0013)
[LN1115   ] [chunk_XX_phase_feature_analysis_b.py] [info] WORST for recent signals: XGBoost (Gap: -0.0098)
[LN1116   ] [chunk_XX_phase_feature_analysis_b.py] [info] 0/9 architectures show positive temporal precision gap
[LN1117   ] [chunk_XX_phase_feature_analysis_b.py] [warning] warning: No architecture shows meaningful improvement on recent signals
[LN1118   ] [chunk_XX_phase_feature_analysis_b.py] [warning] Consider: stronger temporal weighting or different architectures
[LN1119   ] [chunk_XX_phase_feature_analysis_b.py] [info] Phase Xb: Temporal Precision Gap Analysis - COMPLETE
[LN1120   ] [chunk_20_pipeline_main.py] [info] [skip] Phase Xb: Temporal Precision Gap validation skipped (no validator)
[LN1121   ] [chunk_19_phase_5_optimization.py] [info] Loading saved models from ./saved_models...
[LN1122   ] [chunk_22_model_loader.py] [info] Loaded LightGBM model (sklearn)
[LN1123   ] [chunk_22_model_loader.py] [info] Loaded LightGBM metadata: label_threshold=0.0
[LN1124   ] [chunk_22_model_loader.py] [info] Loaded RNN model
[LN1125   ] [chunk_22_model_loader.py] [info] Loaded RNN metadata: label_threshold=0.0
[LN1126   ] [chunk_22_model_loader.py] [info] Loaded Transformer model
[LN1127   ] [chunk_22_model_loader.py] [info] Loaded Transformer metadata: label_threshold=0.0
[LN1128   ] [chunk_22_model_loader.py] [info] Loaded Dense model
[LN1129   ] [chunk_22_model_loader.py] [info] Loaded Dense metadata: label_threshold=0.0
[LN1130   ] [chunk_22_model_loader.py] [info] Loaded VAE model
[LN1131   ] [chunk_22_model_loader.py] [info] Loaded VAE metadata: label_threshold=0.0
[LN1132   ] [chunk_19_phase_5_optimization.py] [info] Loaded architectures: ['LightGBM', 'RNN', 'Transformer', 'Dense', 'VAE']
[LN1133   ] [chunk_19_phase_5_optimization.py] [info] Receiving inference data from context (NO CSV loading)...
[LN1134   ] [chunk_19_phase_5_optimization.py] [info]   Inference samples: 11,844
[LN1135   ] [chunk_19_phase_5_optimization.py] [info]   Inference date(s): [20251022 20251023]
[LN1136   ] [chunk_19_phase_5_optimization.py] [info]   Feature count: 24
[LN1137   ] [chunk_19_phase_5_optimization.py] [info]   Features will be selected per-architecture from 24 total
[LN1138   ] [chunk_19_phase_5_optimization.py] [info]   Label threshold: 20.0
[LN1139   ] [chunk_19_phase_5_optimization.py] [info]   Inference data: RAW (no temporal weighting applied)
[LN1140   ] [chunk_19_phase_5_optimization.py] [info]   X shape (RAW, no weighting): (11844, 24)
[LN1141   ] [chunk_19_phase_5_optimization.py] [info]   y shape: (11844,)
[LN1142   ] [chunk_19_phase_5_optimization.py] [info]   Temporal weights applied: min=1.00, max=2.24
[LN1143   ] [chunk_19_phase_5_optimization.py] [info] 
[LN1144   ] [chunk_19_phase_5_optimization.py] [info] Per-Architecture Results on Newest Data
[LN1145   ] [chunk_19_phase_5_optimization.py] [info]   LightGBM: using 19 features (optimal threshold's pruning)
[LN1146   ] [chunk_19_phase_5_optimization.py] [info] LightGBM (LABEL_THRESHOLD=0.0, prediction_binary_split=0.50, hyperparams={'n_estimators': 500, 'num_leaves': 63, 'learning_rate': 0.08, 'min_child_samples': 100, 'reg_alpha': 1.0, 'reg_lambda': 5.0, 'subsample': 0.6, 'colsample_bytree': 0.6, 'min_split_gain': 0.01}, VALIDATION_PRECISION=0.5325):
[LN1147   ] [chunk_19_phase_5_optimization.py] [info]    predictions: mean=0.5335, std=0.1144, min=0.1017, max=0.9879
[LN1148   ] [chunk_19_phase_5_optimization.py] [info]    INFERENCE predictions: 64.48% positive predictions (7,637 / 11,844)
[LN1149   ] [chunk_19_phase_5_optimization.py] [info]   LightGBM t=0.0: inference_precision=0.6792 inference_recall=0.6743 inference_auc=0.5640 inference_f1=0.6768 inference_false_negatives=2505 inference_true_negatives=1702 inference_true_positives=5187 inference_false_positives=2450
[LN1150   ] [chunk_19_phase_5_optimization.py] [info]   LightGBM - Inference: inference_precision=0.6792 inference_true_positives=5187 inference_true_negatives=1702 inference_false_positives=2450 inference_false_negatives=2505 inference_max_prediction=0.9879 inference_mean_prediction=0.5335 inference_recall=0.6743 inference_f1=0.6768 inference_auc=0.5640 inference_specificity=0.4099 inference_false_positive_rate=0.5901 inference_f2=0.6753 inference_mcc=0.0840 inference_prauc=0.6996 inference_balanced_accuracy=0.5421 inference_standard_deviation_prediction=0.1144 inference_percentage_above_threshold=64.48 inference_brier=0.2415 inference_kappa=0.0840 inference_informedness=0.0843 inference_markedness=0.0891 inference_gini=0.1279 inference_optimal_threshold=0.4825
[LN1151   ] [chunk_19_phase_5_optimization.py] [info] 
[LN1152   ] [chunk_19_phase_5_optimization.py] [info] LightGBM MODEL PREDICTED SIGNAL (7637 rows)
[LN1153   ] [chunk_19_phase_5_optimization.py] [info] LightGBM inference_precision=0.6792 prediction_binary_split=0.5 predicted=7637
[LN1154   ] [chunk_19_phase_5_optimization.py] [info] Row,Market_Cap,52W_Low,Prev_Close,Price,Volume,52W_High,Ticker_id,Perf_YTD,Perf_Year,SMA200,Perf_Half_Y,Avg_Volume,Perf_Quarter,SMA50,Perf_Month,SMA20,ATR,RSI_14,Perf_Week,Rel_Volume,Change,Price_to_52W_High,Volume_to_Avg_Volume,Price_to_52W_Low
[LN1155   ] [chunk_19_phase_5_optimization.py] [info]   RNN: using 19 features (optimal threshold's pruning)
[LN1156   ] [chunk_19_phase_5_optimization.py] [info] RNN (LABEL_THRESHOLD=0.0, prediction_binary_split=0.50, hyperparams={'loss_function': 'binary_crossentropy', 'units': 256, 'dropout': 0.1, 'learning_rate': 0.001, 'epochs': 30, 'alpha': 0.5, 'gamma': 3.0, 'layers': 1}, VALIDATION_PRECISION=0.5357):
[LN1157   ] [chunk_19_phase_5_optimization.py] [info]    predictions: mean=0.4969, std=0.0412, min=0.3625, max=0.6573
[LN1158   ] [chunk_19_phase_5_optimization.py] [info]    INFERENCE predictions: 49.47% positive predictions (5,859 / 11,844)
[LN1159   ] [chunk_19_phase_5_optimization.py] [info]   RNN t=0.0: inference_precision=0.7078 inference_recall=0.5391 inference_auc=0.5769 inference_f1=0.6121 inference_false_negatives=3545 inference_true_negatives=2440 inference_true_positives=4147 inference_false_positives=1712
[LN1160   ] [chunk_19_phase_5_optimization.py] [info]   RNN - Inference: inference_precision=0.7078 inference_true_positives=4147 inference_true_negatives=2440 inference_false_positives=1712 inference_false_negatives=3545 inference_max_prediction=0.6573 inference_mean_prediction=0.4969 inference_recall=0.5391 inference_f1=0.6121 inference_auc=0.5769 inference_specificity=0.5877 inference_false_positive_rate=0.4123 inference_f2=0.5661 inference_mcc=0.1210 inference_prauc=0.7029 inference_balanced_accuracy=0.5634 inference_standard_deviation_prediction=0.0412 inference_percentage_above_threshold=49.47 inference_brier=0.2480 inference_kappa=0.1151 inference_informedness=0.1268 inference_markedness=0.2955 inference_gini=0.1539 inference_optimal_threshold=0.4982
[LN1161   ] [chunk_19_phase_5_optimization.py] [info] 
[LN1162   ] [chunk_19_phase_5_optimization.py] [info] RNN MODEL PREDICTED SIGNAL (5859 rows)
[LN1163   ] [chunk_19_phase_5_optimization.py] [info] RNN inference_precision=0.7078 prediction_binary_split=0.5 predicted=5859
[LN1164   ] [chunk_19_phase_5_optimization.py] [info] Row,Market_Cap,52W_Low,Prev_Close,Price,Volume,52W_High,Ticker_id,Perf_YTD,Perf_Year,SMA200,Perf_Half_Y,Avg_Volume,Perf_Quarter,SMA50,Perf_Month,SMA20,ATR,RSI_14,Perf_Week,Rel_Volume,Change,Price_to_52W_High,Volume_to_Avg_Volume,Price_to_52W_Low
[LN1165   ] [chunk_19_phase_5_optimization.py] [info]   Transformer: using 19 features (optimal threshold's pruning)
[LN1166   ] [chunk_19_phase_5_optimization.py] [info] Transformer (LABEL_THRESHOLD=0.0, prediction_binary_split=0.50, hyperparams={'loss_function': 'binary_crossentropy', 'dim': 64, 'heads': 4, 'dropout': 0.05, 'learning_rate': 5e-05, 'epochs': 50, 'alpha': 1.0, 'gamma': 1.5, 'ff_dim': 256, 'layers': 1}, VALIDATION_PRECISION=0.5339):
[LN1167   ] [chunk_19_phase_5_optimization.py] [info]    predictions: mean=0.3509, std=0.2054, min=0.0099, max=0.9593
[LN1168   ] [chunk_19_phase_5_optimization.py] [info]    INFERENCE predictions: 20.61% positive predictions (2,441 / 11,844)
[LN1169   ] [chunk_19_phase_5_optimization.py] [info]   Transformer t=0.0: inference_precision=0.6452 inference_recall=0.2048 inference_auc=0.5014 inference_f1=0.3109 inference_false_negatives=6117 inference_true_negatives=3286 inference_true_positives=1575 inference_false_positives=866
[LN1170   ] [chunk_19_phase_5_optimization.py] [info]   Transformer - Inference: inference_precision=0.6452 inference_true_positives=1575 inference_true_negatives=3286 inference_false_positives=866 inference_false_negatives=6117 inference_max_prediction=0.9593 inference_mean_prediction=0.3509 inference_recall=0.2048 inference_f1=0.3109 inference_auc=0.5014 inference_specificity=0.7914 inference_false_positive_rate=0.2086 inference_f2=0.2371 inference_mcc=-0.0045 inference_prauc=0.6472 inference_balanced_accuracy=0.4981 inference_standard_deviation_prediction=0.2054 inference_percentage_above_threshold=20.61 inference_brier=0.3592 inference_kappa=-0.0030 inference_informedness=-0.0038 inference_markedness=0.4367 inference_gini=0.0028 inference_optimal_threshold=0.1619
[LN1171   ] [chunk_19_phase_5_optimization.py] [info] 
[LN1172   ] [chunk_19_phase_5_optimization.py] [info] Transformer MODEL PREDICTED SIGNAL (2441 rows)
[LN1173   ] [chunk_19_phase_5_optimization.py] [info] Transformer inference_precision=0.6452 prediction_binary_split=0.5 predicted=2441
[LN1174   ] [chunk_19_phase_5_optimization.py] [info] Row,Market_Cap,52W_Low,Prev_Close,Price,Volume,52W_High,Ticker_id,Perf_YTD,Perf_Year,SMA200,Perf_Half_Y,Avg_Volume,Perf_Quarter,SMA50,Perf_Month,SMA20,ATR,RSI_14,Perf_Week,Rel_Volume,Change,Price_to_52W_High,Volume_to_Avg_Volume,Price_to_52W_Low
[LN1175   ] [chunk_19_phase_5_optimization.py] [info]   Dense: using 19 features (optimal threshold's pruning)
[LN1176   ] [chunk_19_phase_5_optimization.py] [info] Dense (LABEL_THRESHOLD=0.0, prediction_binary_split=0.50, hyperparams={'units': 1024, 'layers': 2, 'dropout': 0.1, 'learning_rate': 0.0001, 'epochs': 40, 'loss_function': 'binary_crossentropy', 'alpha': 1.0, 'gamma': 3.0, 'batch_size': 32, 'activation': 'selu'}, VALIDATION_PRECISION=0.5322):
[LN1177   ] [chunk_19_phase_5_optimization.py] [info]    predictions: mean=0.3552, std=0.2724, min=0.0000, max=0.9982
[LN1178   ] [chunk_19_phase_5_optimization.py] [info]    INFERENCE predictions: 32.16% positive predictions (3,809 / 11,844)
[LN1179   ] [chunk_19_phase_5_optimization.py] [info]   Dense t=0.0: inference_precision=0.6805 inference_recall=0.3370 inference_auc=0.5304 inference_f1=0.4507 inference_false_negatives=5100 inference_true_negatives=2935 inference_true_positives=2592 inference_false_positives=1217
[LN1180   ] [chunk_19_phase_5_optimization.py] [info]   Dense - Inference: inference_precision=0.6805 inference_true_positives=2592 inference_true_negatives=2935 inference_false_positives=1217 inference_false_negatives=5100 inference_max_prediction=0.9982 inference_mean_prediction=0.3552 inference_recall=0.3370 inference_f1=0.4507 inference_auc=0.5304 inference_specificity=0.7069 inference_false_positive_rate=0.2931 inference_f2=0.3748 inference_mcc=0.0448 inference_prauc=0.6705 inference_balanced_accuracy=0.5219 inference_standard_deviation_prediction=0.2724 inference_percentage_above_threshold=32.16 inference_brier=0.3758 inference_kappa=0.0361 inference_informedness=0.0439 inference_markedness=0.3874 inference_gini=0.0608 inference_optimal_threshold=0.5099
[LN1181   ] [chunk_19_phase_5_optimization.py] [info] 
[LN1182   ] [chunk_19_phase_5_optimization.py] [info] Dense MODEL PREDICTED SIGNAL (3809 rows)
[LN1183   ] [chunk_19_phase_5_optimization.py] [info] Dense inference_precision=0.6805 prediction_binary_split=0.5 predicted=3809
[LN1184   ] [chunk_19_phase_5_optimization.py] [info] Row,Market_Cap,52W_Low,Prev_Close,Price,Volume,52W_High,Ticker_id,Perf_YTD,Perf_Year,SMA200,Perf_Half_Y,Avg_Volume,Perf_Quarter,SMA50,Perf_Month,SMA20,ATR,RSI_14,Perf_Week,Rel_Volume,Change,Price_to_52W_High,Volume_to_Avg_Volume,Price_to_52W_Low
[LN1185   ] [chunk_19_phase_5_optimization.py] [info]   VAE: using 19 features (optimal threshold's pruning)
[LN1186   ] [chunk_19_phase_5_optimization.py] [info] VAE (LABEL_THRESHOLD=0.0, prediction_binary_split=0.50, hyperparams={'loss_function': 'binary_crossentropy', 'latent_dim': 32, 'learning_rate': 0.001, 'dropout': 0.05, 'epochs': 50, 'alpha': 1.25, 'gamma': 2.0, 'encoder_layers': 1, 'decoder_layers': 3}, VALIDATION_PRECISION=0.5476):
[LN1187   ] [chunk_19_phase_5_optimization.py] [info]    predictions: mean=0.3430, std=0.2215, min=0.0019, max=0.9895
[LN1188   ] [chunk_19_phase_5_optimization.py] [info]    INFERENCE predictions: 23.75% positive predictions (2,813 / 11,844)
[LN1189   ] [chunk_19_phase_5_optimization.py] [info]   VAE t=0.0: inference_precision=0.6555 inference_recall=0.2397 inference_auc=0.5054 inference_f1=0.3511 inference_false_negatives=5848 inference_true_negatives=3183 inference_true_positives=1844 inference_false_positives=969
[LN1190   ] [chunk_19_phase_5_optimization.py] [info]   VAE - Inference: inference_precision=0.6555 inference_true_positives=1844 inference_true_negatives=3183 inference_false_positives=969 inference_false_negatives=5848 inference_max_prediction=0.9895 inference_mean_prediction=0.3430 inference_recall=0.2397 inference_f1=0.3511 inference_auc=0.5054 inference_specificity=0.7666 inference_false_positive_rate=0.2334 inference_f2=0.2746 inference_mcc=0.0071 inference_prauc=0.6508 inference_balanced_accuracy=0.5032 inference_standard_deviation_prediction=0.2215 inference_percentage_above_threshold=23.75 inference_brier=0.3691 inference_kappa=0.0050 inference_informedness=0.0063 inference_markedness=0.4221 inference_gini=0.0108 inference_optimal_threshold=0.2522
[LN1191   ] [chunk_19_phase_5_optimization.py] [info] 
[LN1192   ] [chunk_19_phase_5_optimization.py] [info] VAE MODEL PREDICTED SIGNAL (2813 rows)
[LN1193   ] [chunk_19_phase_5_optimization.py] [info] VAE inference_precision=0.6555 prediction_binary_split=0.5 predicted=2813
[LN1194   ] [chunk_19_phase_5_optimization.py] [info] Row,Market_Cap,52W_Low,Prev_Close,Price,Volume,52W_High,Ticker_id,Perf_YTD,Perf_Year,SMA200,Perf_Half_Y,Avg_Volume,Perf_Quarter,SMA50,Perf_Month,SMA20,ATR,RSI_14,Perf_Week,Rel_Volume,Change,Price_to_52W_High,Volume_to_Avg_Volume,Price_to_52W_Low
[LN1195   ] [chunk_19_phase_5_optimization.py] [info] Majority label threshold: 0.0 (5 archs)
[LN1196   ] [chunk_19_phase_5_optimization.py] [info] 
[LN1197   ] [chunk_19_phase_5_optimization.py] [info] Consolidated Predicted Signal (5 architectures, min 5 votes):
[LN1198   ] [chunk_19_phase_5_optimization.py] [info] Row,Market_Cap,52W_Low,Prev_Close,Price,Volume,52W_High,Ticker_id,Perf_YTD,Perf_Year,SMA200,Perf_Half_Y,Avg_Volume,Perf_Quarter,SMA50,Perf_Month,SMA20,ATR,RSI_14,Perf_Week,Rel_Volume,Change,Price_to_52W_High,Volume_to_Avg_Volume,Price_to_52W_Low,VoteCount,VotingArchs
[LN1199   ] [chunk_19_phase_5_optimization.py] [info] 1,19.21109,0.6881346,2.45,2.41,14.305928,1.8656293,922.0,6.17,-46.68,29.93,89.76,2700000.0,45.18,14.85,-2.43,-5.73,0.28,48.92,-14.85,0.61,-1.63,1.2917893,5.298492e-06,3.5022216,5,LightGBM+RNN+Transformer+Dense+VAE
[LN1200   ] [chunk_19_phase_5_optimization.py] [info] 2,16.439455,0.67803353,3.34,3.36,10.367379,2.5945082,2764.0,-32.8,-62.25,23.82,149.1765,6780000.0,31.76,-6.84,-22.58,-7.79,0.52,46.93,-14.85,0.03,0.6,1.2950431,1.529112e-06,4.955507,5,LightGBM+RNN+Transformer+Dense+VAE
[LN1201   ] [chunk_19_phase_5_optimization.py] [info] 3,20.681078,0.74668795,5.11,5.38,14.809515,2.0719132,4299.0,84.25,23.11,68.57,149.1765,3810000.0,27.79,14.11,-3.24,-7.55,0.59,49.24,-7.24,0.71,5.28,2.5966337,3.8870116e-06,7.2051516,5,LightGBM+RNN+Transformer+Dense+VAE
[LN1202   ] [chunk_19_phase_5_optimization.py] [info] 4,18.390326,0.45742485,1.54,1.56,11.536163,1.1314021,5657.0,23.81,-7.69,45.83,126.42,162970.0,73.33,3.29,3.31,-1.47,0.1,49.51,-8.24,0.63,1.3,1.3788201,7.0787035e-05,3.410396,5,LightGBM+RNN+Transformer+Dense+VAE
[LN1203   ] [chunk_19_phase_5_optimization.py] [info] 5,17.455988,0.8586616,1.84,1.85,7.587817,1.2059708,362.0,25.66,14.13,9.46,19.21,14960.0,0.15,-4.2,-16.72,-5.95,0.09,41.0,-3.2,0.13,0.48,1.5340338,0.000507207,2.1545157,5,LightGBM+RNN+Transformer+Dense+VAE
[LN1204   ] [chunk_19_phase_5_optimization.py] [info] 6,20.863028,0.6981347,3.22,3.46,15.612473,1.8000582,3068.0,69.61,63.98,68.57,149.1765,8470000.0,77.9365,16.55,6.13,12.17,0.31,58.07,14.79,0.7,6.21,1.92216,1.8432672e-06,4.9560633,5,LightGBM+RNN+Transformer+Dense+VAE
[LN1205   ] [chunk_19_phase_5_optimization.py] [info] 7,19.198996,0.85441536,4.09,4.4,12.207372,1.7817091,3333.0,85.65,120.0,68.57,149.1765,156880.0,76.71,12.25,0.46,0.02,0.25,56.38,8.91,1.28,6.21,2.469539,7.7813434e-05,5.14972,5,LightGBM+RNN+Transformer+Dense+VAE
[LN1206   ] [chunk_19_phase_5_optimization.py] [info] 8,19.291681,0.756122,4.94,5.18,14.169512,1.8976198,547.0,115.5665,105.56,68.57,149.1765,1180000.0,77.9365,31.65,7.25,6.3,0.51,58.22,5.07,1.2,4.86,2.7297354,1.2008061e-05,6.8507466,5,LightGBM+RNN+Transformer+Dense+VAE
[LN1207   ] [chunk_19_phase_5_optimization.py] [info] 9,15.468008,1.0919234,3.07,2.96,9.993054,2.8903718,5454.0,-40.8,-78.87,-10.31,-21.85,402650.0,8.03,1.38,-12.68,-2.92,0.27,47.11,-6.62,0.05,-3.58,1.0240897,2.4818215e-05,2.710813,5,LightGBM+RNN+Transformer+Dense+VAE
[LN1208   ] [chunk_19_phase_5_optimization.py] [info] 10,18.566685,0.42526773,1.23,1.25,13.047,1.1693814,2599.0,42.05,22.55,22.45,61.04,591880.0,15.74,-12.52,-17.76,-15.82,0.19,41.33,-11.97,0.78,1.63,1.0689412,2.204332e-05,2.9393246,5,LightGBM+RNN+Transformer+Dense+VAE
[LN1209   ] [chunk_19_phase_5_optimization.py] [info] 11,16.299583,0.7323679,1.2,1.19,11.041945,1.1878434,828.0,-21.19,-41.67,-14.06,-16.78,29320.0,3.48,-1.42,-7.03,-7.32,0.08,42.25,-7.03,2.13,-0.83,1.0018156,0.00037660115,1.6248664,5,LightGBM+RNN+Transformer+Dense+VAE
[LN1210   ] [chunk_19_phase_5_optimization.py] [info] 12,20.5254,1.3083328,4.43,4.28,13.471641,1.8082888,181.0,30.89,5.16,21.36,28.14,1070000.0,32.92,2.76,-4.68,-2.41,0.21,48.22,-5.1,0.66,-3.39,2.3668785,1.2590318e-05,3.271339,5,LightGBM+RNN+Transformer+Dense+VAE
[LN1211   ] [chunk_19_phase_5_optimization.py] [info] 13,15.941359,1.763017,8.53,8.29,9.162095,3.8286414,5657.0,-57.0,-46.15,-39.71,-47.43,57360.0,9.47,5.1,-15.06,-7.76,0.92,47.04,-2.47,0.17,-2.81,2.165259,0.0001597297,4.7021666,5,LightGBM+RNN+Transformer+Dense+VAE
[LN1212   ] [chunk_19_phase_5_optimization.py] [info] 14,20.117123,0.47000363,3.32,3.37,14.440885,1.7155981,3774.0,47.81,79.26,68.57,149.1765,3050000.0,77.9365,26.69,9.77,-3.45,0.37,51.9,-13.14,0.61,1.51,1.9643295,4.734716e-06,7.1701574,5,LightGBM+RNN+Transformer+Dense+VAE
[LN1213   ] [chunk_19_phase_5_optimization.py] [info] 15,15.468008,0.31481075,0.7,0.7,14.712974,4.0432267,3996.0,-83.68,-85.7779,-66.81,-65.2279,8470000.0,-16.39,-5.34,-26.7379,-13.99,0.04,44.01,-6.03,0.06,0.62,0.17312905,1.7370689e-06,2.2235582,5,LightGBM+RNN+Transformer+Dense+VAE
[LN1214   ] [chunk_19_phase_5_optimization.py] [info] 16,17.763094,1.0331845,3.38,3.25,9.918426,1.957274,820.0,10.54,19.05,4.89,39.48,68350.0,5.52,0.86,-13.33,-4.1,0.31,46.96,-0.91,0.3,-3.85,1.6604728,0.0001451123,3.1456144,5,LightGBM+RNN+Transformer+Dense+VAE
[LN1215   ] [chunk_19_phase_5_optimization.py] [info] 17,19.269678,0.6151856,1.69,1.74,12.957691,1.1314021,3918.0,8.07,-1.14,23.08,50.0,830510.0,13.73,-0.5,-3.87,-7.18,0.1,44.64,-7.94,0.51,2.96,1.5379148,1.560209e-05,2.8284144,5,LightGBM+RNN+Transformer+Dense+VAE
[LN1216   ] [chunk_19_phase_5_optimization.py] [info] 18,22.107058,1.1568812,12.5,12.95,15.759673,2.8780742,4202.0,115.5665,144.143,68.57,149.1765,8470000.0,77.9365,20.82,8.55,-8.21,1.0,50.47,-2.12,0.59,3.6,4.4995365,1.8606462e-06,11.19389,5,LightGBM+RNN+Transformer+Dense+VAE
[LN1217   ] [chunk_19_phase_5_optimization.py] [info] 19,16.962675,0.85015094,2.39,2.42,10.426143,1.4701759,3127.0,31.31,1.26,30.57,54.86,17640.0,7.08,1.47,-6.92,-8.05,0.26,46.37,4.76,1.91,1.26,1.6460615,0.0005910512,2.8465533,5,LightGBM+RNN+Transformer+Dense+VAE
[LN1218   ] [chunk_19_phase_5_optimization.py] [info] 20,22.151182,1.2612978,3.74,3.83,15.969002,1.6409366,5424.0,45.63,4.64,20.45,21.2,1890000.0,27.67,1.88,-3.53,-2.15,0.11,48.94,0.26,2.44,2.41,2.334033,8.449208e-06,3.0365546,5,LightGBM+RNN+Transformer+Dense+VAE
[LN1219   ] [chunk_19_phase_5_optimization.py] [info] 21,19.340725,1.521699,7.81,7.77,14.349844,2.706716,1934.0,-14.05,-20.11,27.18,101.82,3360000.0,38.26,10.47,-10.38,-15.56,0.93,44.57,-14.85,0.51,-0.51,2.8706374,4.270787e-06,5.1061344,5,LightGBM+RNN+Transformer+Dense+VAE
[LN1220   ] [chunk_19_phase_5_optimization.py] [info] 22,20.163652,0.7654678,2.2,2.22,14.165514,1.3584092,4887.0,24.02,10.45,27.16,50.0,4090000.0,46.53,-9.01,-13.62,-10.69,0.14,39.99,-6.72,0.35,0.91,1.6342646,3.4634509e-06,2.900187,5,LightGBM+RNN+Transformer+Dense+VAE
[LN1221   ] [chunk_19_phase_5_optimization.py] [info] 23,20.962282,0.5007753,3.91,4.25,15.685822,1.8277699,4161.0,115.5665,144.143,68.57,149.1765,8470000.0,77.9365,14.06,10.1,17.61,0.3,65.15,14.79,0.71,6.21,2.325238,1.851927e-06,8.48684,5,LightGBM+RNN+Transformer+Dense+VAE
[LN1222   ] [chunk_19_phase_5_optimization.py] [info] 24,20.128914,0.6981347,2.9,2.95,15.380317,1.658228,1854.0,-13.49,-31.4,21.91,83.23,4470000.0,-2.96,3.94,-5.45,-11.04,0.29,44.5,-14.85,1.07,1.55,1.7790074,3.440787e-06,4.2255454,5,LightGBM+RNN+Transformer+Dense+VAE
[LN1223   ] [chunk_19_phase_5_optimization.py] [info] 25,18.196035,0.64185387,1.45,1.43,11.339227,1.3506672,2180.0,-38.63,-47.04,-10.8,-0.69,261510.0,-7.14,-0.79,-12.8,-3.74,0.09,45.6,-1.38,0.32,-1.38,1.058736,4.3360586e-05,2.2279212,5,LightGBM+RNN+Transformer+Dense+VAE
[LN1224   ] [chunk_19_phase_5_optimization.py] [info] 26,20.177452,0.43825492,1.56,1.54,15.822786,1.2089603,5466.0,33.91,18.46,38.84,100.31,8410000.0,10.0,-2.58,-5.52,-13.77,0.14,39.62,-12.0,0.88,-1.28,1.2738217,1.8814252e-06,3.5139365,5,LightGBM+RNN+Transformer+Dense+VAE
[LN1225   ] [chunk_19_phase_5_optimization.py] [info] 27,19.833933,1.2089603,4.91,5.03,13.4538765,1.9487633,4985.0,18.35,35.95,30.21,87.69,1160000.0,16.98,5.05,-3.08,-1.5,0.35,50.34,-0.98,0.6,2.44,2.5811243,1.1598169e-05,4.1605997,5,LightGBM+RNN+Transformer+Dense+VAE
[LN1226   ] [chunk_19_phase_5_optimization.py] [info] 28,16.262196,0.5423243,1.37,1.27,10.779914,1.1314021,1599.0,41.11,2.42,26.35,32.29,285820.0,10.43,0.3,-3.41,-7.27,0.11,44.85,-5.93,0.17,-7.17,1.122501,3.7715745e-05,2.3417723,5,LightGBM+RNN+Transformer+Dense+VAE
[LN1227   ] [chunk_19_phase_5_optimization.py] [info] 29,19.042063,1.068153,4.53,4.74,12.403644,1.9050882,3207.0,15.05,11.01,47.42,113.51,462490.0,48.12,4.96,0.64,-3.66,0.33,49.24,-4.05,0.53,4.64,2.4880738,2.6819269e-05,4.4375663,5,LightGBM+RNN+Transformer+Dense+VAE
[LN1228   ] [chunk_19_phase_5_optimization.py] [info] 30,18.598576,0.31481075,1.18,1.18,13.53023,1.1314021,3956.0,29.13,-6.35,41.51,102.3,1020000.0,12.38,-2.0,-5.6,-6.68,0.08,45.27,0.85,0.73,0.0,1.0429537,1.3264931e-05,3.7482836,5,LightGBM+RNN+Transformer+Dense+VAE
[LN1229   ] [chunk_19_phase_5_optimization.py] [info] 31,17.060055,1.401183,3.91,3.46,11.6230345,2.1341665,2457.0,-32.82,-52.47,-19.71,-26.85,96020.0,1.47,-4.93,-4.16,-4.31,0.19,44.27,-3.35,1.16,-7.17,1.6212418,0.00012104806,2.469342,5,LightGBM+RNN+Transformer+Dense+VAE
[LN1230   ] [chunk_19_phase_5_optimization.py] [info] 32,18.069277,0.70803577,4.18,4.19,11.151281,2.38968,2183.0,115.5665,125.27,35.36,110.55,125190.0,26.2,-18.06,-26.1,-15.82,0.66,39.15,-10.85,0.56,0.24,1.753373,8.9074856e-05,5.91778,5,LightGBM+RNN+Transformer+Dense+VAE
[LN1231   ] [chunk_19_phase_5_optimization.py] [info] 33,18.513624,0.31481075,0.82,0.8,14.325773,1.1314021,2311.0,115.5665,97.62,43.04,111.77,2840000.0,65.02,9.04,3.12,-8.05,0.1,46.97,-14.85,0.59,-1.57,0.7070872,5.0442864e-06,2.5412092,5,LightGBM+RNN+Transformer+Dense+VAE
[LN1232   ] [chunk_19_phase_5_optimization.py] [info] 34,20.2364,0.7701082,3.54,3.6,15.091328,1.6389967,2348.0,115.5665,138.41,60.8,140.0,2910000.0,32.35,-0.05,-1.37,-3.88,0.24,47.77,-5.01,1.23,1.69,2.1964657,5.1860234e-06,4.674668,5,LightGBM+RNN+Transformer+Dense+VAE
[LN1233   ] [chunk_19_phase_5_optimization.py] [info] 35,19.733059,0.33647224,2.2,2.31,15.969002,1.3987169,2327.0,111.93,76.34,68.57,149.1765,8470000.0,57.14,18.93,-11.83,6.12,0.24,56.4,6.7,2.44,5.0,1.6515136,1.8853603e-06,6.8653507,5,LightGBM+RNN+Transformer+Dense+VAE
[LN1234   ] [chunk_19_phase_5_optimization.py] [info] 36,17.342752,0.7701082,1.5,1.49,9.379662,1.1314021,3801.0,12.26,18.49,9.0,20.4,37170.0,6.64,-2.32,-3.05,-2.09,0.05,44.82,-1.13,0.32,-0.8,1.31695,0.00025234494,1.934793,5,LightGBM+RNN+Transformer+Dense+VAE
[LN1235   ] [chunk_19_phase_5_optimization.py] [info] 37,17.226988,0.7323679,3.63,4.44,13.569526,3.0106208,4924.0,115.5665,-22.24,68.57,149.1765,893370.0,11.28,0.28,-26.7379,-3.68,0.63,49.4,14.79,0.88,6.21,1.4747789,1.5189144e-05,6.0625267,5,LightGBM+RNN+Transformer+Dense+VAE
[LN1236   ] [chunk_19_phase_5_optimization.py] [info] 38,16.275099,0.31481075,0.7,0.7,15.969002,4.236567,1441.0,-83.68,-85.7779,-66.81,-65.2279,8470000.0,-49.21,-27.52,-26.7379,-15.82,0.06,39.49,-14.85,0.36,-5.65,0.16522811,1.8853603e-06,2.2235582,5,LightGBM+RNN+Transformer+Dense+VAE
[LN1237   ] [chunk_19_phase_5_optimization.py] [info] 39,20.762487,1.0986123,4.21,4.3,13.265294,1.7316556,1515.0,86.96,22.16,35.29,88.6,778410.0,25.73,4.39,-2.71,1.49,0.14,56.3,4.88,0.74,2.14,2.483173,1.7041526e-05,3.9140286,5,LightGBM+RNN+Transformer+Dense+VAE
[LN1238   ] [chunk_19_phase_5_optimization.py] [info] 40,18.368546,0.36464313,1.11,1.13,9.726333,1.3937664,5015.0,-8.13,-14.39,8.55,21.64,1450000.0,48.8,-4.97,-20.98,-14.9,0.13,41.82,-11.22,0.03,1.8,0.8107528,6.707816e-06,3.0989203,5,LightGBM+RNN+Transformer+Dense+VAE
[LN1239   ] [chunk_19_phase_5_optimization.py] [info] 41,18.182297,0.53649336,0.99,0.98,10.464445,1.1314021,997.0,9.61,10.84,5.44,6.88,412260.0,23.45,-10.03,-26.7379,-12.97,0.09,39.32,-3.43,0.09,-1.53,0.86618185,2.538312e-05,1.8266767,5,LightGBM+RNN+Transformer+Dense+VAE
[LN1240   ] [chunk_19_phase_5_optimization.py] [info] 42,18.690174,0.90421814,6.39,6.96,12.807584,2.3184586,4936.0,81.72,144.143,68.57,107.14,418940.0,77.9365,3.23,5.78,-3.51,0.95,49.11,-7.57,0.87,6.21,3.0019946,3.0571406e-05,7.6972575,5,LightGBM+RNN+Transformer+Dense+VAE
[LN1241   ] [chunk_19_phase_5_optimization.py] [info] 43,21.507168,1.6409366,14.8,14.8,14.972938,2.7763317,1843.0,89.26,82.04,54.31,114.49,4250000.0,54.33,23.79,0.68,0.07,0.2,72.45,0.2,0.75,0.0,5.3307753,3.5230441e-06,9.019239,5,LightGBM+RNN+Transformer+Dense+VAE
[LN1242   ] [chunk_19_phase_5_optimization.py] [info] 44,22.344633,1.2325603,4.99,5.06,13.257402,1.8976198,3179.0,64.82,34.22,38.1,72.7,632240.0,32.11,5.21,2.43,-3.65,0.16,49.61,-1.75,0.91,1.4,2.6664982,2.096894e-05,4.105276,5,LightGBM+RNN+Transformer+Dense+VAE
[LN1243   ] [chunk_19_phase_5_optimization.py] [info] 45,18.89081,1.3001916,5.14,5.23,12.74557,2.1860514,4520.0,13.94,-13.7,16.37,61.92,1020000.0,-6.19,-12.02,-21.59,-9.14,0.45,42.28,-3.68,0.34,1.75,2.3924415,1.2495657e-05,4.022484,5,LightGBM+RNN+Transformer+Dense+VAE
[LN1244   ] [chunk_19_phase_5_optimization.py] [info] 46,18.078894,1.1052568,7.55,8.01,11.337631,2.5257287,3894.0,115.5665,144.143,65.68,149.1765,95670.0,60.84,2.93,-1.96,-10.62,1.13,46.51,-14.85,0.88,6.09,3.1713622,0.0001185077,7.2471843,5,LightGBM+RNN+Transformer+Dense+VAE
[LN1245   ] [chunk_19_phase_5_optimization.py] [info] 47,19.485668,0.53649336,1.45,1.4,14.339827,1.1314021,2259.0,73.91,44.63,56.06,74.89,2210000.0,72.84,15.39,18.64,-4.63,0.12,49.18,-14.63,0.77,-3.45,1.2374027,6.4886094e-06,2.6095383,5,LightGBM+RNN+Transformer+Dense+VAE
[LN1246   ] [chunk_19_phase_5_optimization.py] [info] 48,21.066856,0.9820785,4.08,4.09,14.934674,1.8033586,5652.0,115.5665,78.6,40.76,84.23,3610000.0,24.32,1.93,4.6,-9.06,0.27,44.63,-14.85,0.85,0.25,2.2679904,4.137029e-06,4.1646366,5,LightGBM+RNN+Transformer+Dense+VAE
[LN1247   ] [chunk_19_phase_5_optimization.py] [info] 49,17.907854,0.7030975,1.48,1.46,10.509905,1.1314021,2346.0,5.04,1.39,3.93,31.53,68400.0,0.0,-3.74,-3.31,-3.85,0.05,39.37,-5.19,0.54,-1.35,1.2904342,0.00015365359,2.0765257,5,LightGBM+RNN+Transformer+Dense+VAE
[LN1248   ] [chunk_19_phase_5_optimization.py] [info] 50,18.817104,1.3686395,6.0,5.92,9.822765,2.0188951,2152.0,31.85,4.41,21.98,28.7,38560.0,45.45,1.78,-4.36,-0.65,0.3,50.17,1.89,0.48,-1.33,2.932297,0.00025473977,4.325464,5,LightGBM+RNN+Transformer+Dense+VAE
[LN1249   ] [chunk_19_phase_5_optimization.py] [info] 51,19.438698,1.0224509,6.67,6.4,12.505703,2.1667655,3029.0,71.12,23.08,68.57,149.1765,474560.0,47.81,24.48,-0.62,-1.6,0.64,52.09,-8.7,0.57,-4.05,2.9537115,2.6352207e-05,6.259469,5,LightGBM+RNN+Transformer+Dense+VAE
[LN1250   ] [chunk_19_phase_5_optimization.py] [info] 52,19.447762,1.5810385,5.15,4.39,15.969002,2.3263016,2026.0,-46.27,-47.55,-25.04,-15.9,655530.0,-29.87,-12.92,-12.9,-3.18,0.46,43.39,1.39,2.44,-7.17,1.8871156,2.4360445e-05,2.7766562,5,LightGBM+RNN+Transformer+Dense+VAE
[LN1251   ] [chunk_19_phase_5_optimization.py] [info] 53,17.302885,1.8718022,9.13,9.29,10.792551,2.4292178,3910.0,16.11,-1.69,25.85,28.78,19890.0,55.35,14.12,5.33,5.63,0.6,56.63,-2.42,2.44,1.75,3.8242764,0.00054261193,4.9631314,5,LightGBM+RNN+Transformer+Dense+VAE
[LN1252   ] [chunk_19_phase_5_optimization.py] [info] 54,19.221874,0.3852624,1.8,1.78,14.263549,1.2412686,5545.0,115.5665,134.03,64.8,87.9,1660000.0,77.9365,1.88,-14.01,-15.36,0.17,40.37,-14.85,0.94,-1.11,1.4340168,8.592499e-06,4.6202273,5,LightGBM+RNN+Transformer+Dense+VAE
[LN1253   ] [chunk_19_phase_5_optimization.py] [info] 55,18.334032,0.44468582,0.84,0.85,14.535844,1.1314021,4306.0,8.45,-5.5,-2.58,27.28,611920.0,-5.57,-16.09,-13.57,-6.12,0.06,37.42,-1.65,2.44,1.28,0.7512802,2.3754485e-05,1.9114618,5,LightGBM+RNN+Transformer+Dense+VAE
[LN1254   ] [chunk_19_phase_5_optimization.py] [info] 56,20.224155,0.5822156,4.37,4.69,13.965857,1.9823798,3228.0,115.5665,15.23,68.57,149.1765,2170000.0,77.65,23.53,11.93,-1.54,0.57,51.97,-9.46,0.53,6.21,2.3658433,6.4358783e-06,8.055435,5,LightGBM+RNN+Transformer+Dense+VAE
[LN1255   ] [chunk_19_phase_5_optimization.py] [info] 57,21.09483,0.7129498,5.64,5.55,15.202284,2.0476928,450.0,115.5665,144.143,68.57,149.1765,6510000.0,55.46,10.99,1.09,-0.44,0.48,51.63,1.28,0.61,-1.6,2.7103674,2.3352202e-06,7.7845592,5,LightGBM+RNN+Transformer+Dense+VAE
[LN1256   ] [chunk_19_phase_5_optimization.py] [info] 58,16.822184,0.57097954,0.92,0.91,10.951473,1.3480731,3087.0,-56.67,-66.91,-25.16,-46.15,565320.0,-6.95,-8.0,-26.7379,0.99,0.09,46.89,10.33,0.1,-0.57,0.67503756,1.9372166e-05,1.5937524,5,LightGBM+RNN+Transformer+Dense+VAE
[LN1257   ] [chunk_19_phase_5_optimization.py] [info] 59,19.610413,0.5481214,4.88,5.13,11.702455,2.0215476,2154.0,115.5665,95.06,68.57,149.1765,296940.0,76.29,12.23,8.0,8.14,0.33,57.46,1.58,0.41,5.12,2.53766,3.9410166e-05,9.359241,5,LightGBM+RNN+Transformer+Dense+VAE
[LN1258   ] [chunk_19_phase_5_optimization.py] [info] 60,19.9716,0.41210964,1.57,1.51,15.305788,1.1314021,3899.0,87.58,60.64,59.81,110.6,4450000.0,34.82,12.91,-9.04,-8.48,0.12,47.6,-9.58,1.0,-3.82,1.3346272,3.4395027e-06,3.6640732,5,LightGBM+RNN+Transformer+Dense+VAE
[LN1259   ] [chunk_19_phase_5_optimization.py] [info] 61,18.089396,0.47000363,1.59,1.57,12.893858,1.6448051,2514.0,6.08,-44.91,23.12,75.01,670430.0,15.44,-0.95,-24.34,-13.07,0.16,42.66,-5.99,0.59,-1.26,0.9545204,1.923222e-05,3.3403997,5,LightGBM+RNN+Transformer+Dense+VAE
[LN1260   ] [chunk_19_phase_5_optimization.py] [info] 62,21.253895,0.8197798,15.05,16.33,14.148066,3.0174937,4282.0,115.5665,144.143,56.15,149.1765,2080000.0,21.68,-2.35,-8.36,2.64,0.82,52.42,8.5,0.67,6.21,5.411776,6.801955e-06,19.919983,5,LightGBM+RNN+Transformer+Dense+VAE
[LN1261   ] [chunk_19_phase_5_optimization.py] [info] 63,19.4623,1.3609766,5.52,5.64,11.016726,1.9558605,1116.0,40.65,16.77,23.78,32.39,153800.0,37.9,3.83,-2.25,2.16,0.28,52.77,-2.76,0.4,2.17,2.8836412,7.163021e-05,4.144083,5,LightGBM+RNN+Transformer+Dense+VAE
[LN1262   ] [chunk_19_phase_5_optimization.py] [info] 64,18.404959,0.9001613,2.19,2.18,11.790981,1.6174061,2297.0,-16.15,-42.63,-0.12,0.46,172490.0,17.84,1.2,-14.84,-3.99,0.13,47.08,-1.8,0.77,-0.46,1.3478371,6.8357476e-05,2.421788,5,LightGBM+RNN+Transformer+Dense+VAE
[LN1263   ] [chunk_19_phase_5_optimization.py] [info] 65,18.078754,0.9932518,2.49,2.45,9.268987,1.5062971,2199.0,35.36,32.43,15.54,26.94,308730.0,14.49,-4.29,-12.5,-1.03,0.13,45.44,-3.16,0.03,-1.61,1.6265051,3.0022953e-05,2.4666455,5,LightGBM+RNN+Transformer+Dense+VAE
[LN1264   ] [chunk_19_phase_5_optimization.py] [info] 66,19.682177,0.95551145,2.94,2.93,12.803059,1.6272779,2481.0,-2.98,4.27,10.09,41.55,756510.0,26.84,-12.59,-9.01,-3.03,0.14,41.93,-1.01,0.48,-0.34,1.800553,1.6923846e-05,3.0664206,5,LightGBM+RNN+Transformer+Dense+VAE
[LN1265   ] [chunk_19_phase_5_optimization.py] [info] 67,18.817373,1.453953,5.29,5.23,11.412231,2.0386195,511.0,12.96,-4.21,10.72,22.77,207870.0,44.88,-3.05,-7.27,-2.22,0.22,47.05,-1.69,0.43,-1.13,2.5654614,5.490081e-05,3.59709,5,LightGBM+RNN+Transformer+Dense+VAE
[LN1266   ] [chunk_19_phase_5_optimization.py] [info] 68,17.27937,0.31481075,1.02,1.03,12.428512,1.1314021,1266.0,53.96,38.81,60.62,149.1765,1110000.0,47.86,9.45,-5.5,-4.01,0.12,50.26,-5.5,0.23,0.98,0.9103748,1.11968575e-05,3.271807,5,LightGBM+RNN+Transformer+Dense+VAE
[LN1267   ] [chunk_19_phase_5_optimization.py] [info] 69,18.909506,0.45742485,2.48,2.48,12.553576,1.3737155,5390.0,115.5665,96.83,68.57,149.1765,1210000.0,77.9365,26.86,7.83,-0.06,0.19,57.28,3.33,0.23,0.0,1.8053228,1.0374857e-05,5.4216557,5,LightGBM+RNN+Transformer+Dense+VAE
[LN1268   ] [chunk_19_phase_5_optimization.py] [info] 70,16.817225,0.64185387,1.72,1.72,9.685207,1.1314021,5097.0,22.86,21.99,25.72,49.1,35650.0,8.18,7.33,1.11,0.95,0.1,52.79,1.18,0.45,0.0,1.5202376,0.00027167483,2.6797376,5,LightGBM+RNN+Transformer+Dense+VAE
[LN1269   ] [chunk_19_phase_5_optimization.py] [info] 71,18.894676,0.48858002,1.91,1.89,13.997891,1.3217559,3395.0,-19.92,28.57,10.4,50.0,1140000.0,19.62,-0.42,-2.58,-6.6,0.11,44.03,-4.06,1.05,-1.05,1.4299161,1.2278852e-05,3.868353,5,LightGBM+RNN+Transformer+Dense+VAE
[LN1270   ] [chunk_19_phase_5_optimization.py] [info] 72,17.361385,0.31481075,0.7,0.7,12.524032,1.1314021,2653.0,12.2,-5.73,11.38,20.14,927640.0,2.95,-6.83,-7.76,-6.69,0.04,39.3,-6.03,0.3,-0.63,0.61870134,1.3500961e-05,2.2235582,5,LightGBM+RNN+Transformer+Dense+VAE
[LN1271   ] [chunk_19_phase_5_optimization.py] [info] 73,16.0466,0.4054651,0.96,0.94,11.710029,1.1314021,3397.0,44.08,52.04,29.39,61.74,253580.0,24.34,-1.09,-26.7379,0.39,0.1,47.92,6.66,0.48,-2.45,0.8308275,4.6178833e-05,2.3183253,5,LightGBM+RNN+Transformer+Dense+VAE
[LN1272   ] [chunk_19_phase_5_optimization.py] [info] 74,18.48525,1.1999648,3.2,3.25,10.231243,1.6563215,4601.0,-21.69,20.37,5.49,20.37,111400.0,17.75,-3.21,-17.93,-6.12,0.17,43.56,0.0,0.25,1.56,1.9621794,9.18424e-05,2.708413,5,LightGBM+RNN+Transformer+Dense+VAE
[LN1273   ] [chunk_19_phase_5_optimization.py] [info] 75,19.956709,0.79750717,5.97,5.6,15.6261835,2.343727,5532.0,70.73,31.76,68.57,149.1765,6280000.0,77.9365,31.66,-5.25,0.63,0.81,52.42,-14.85,0.97,-6.2,2.3893569,2.4882456e-06,7.02188,5,LightGBM+RNN+Transformer+Dense+VAE
[LN1274   ] [chunk_19_phase_5_optimization.py] [info] 76,16.818714,0.48242614,1.34,1.31,11.071859,1.6486586,181.0,24.76,-53.05,0.58,14.91,332270.0,-23.84,-21.33,-26.7379,-15.82,0.21,36.99,-11.49,0.19,-2.24,0.79458535,3.3321874e-05,2.7154415,5,LightGBM+RNN+Transformer+Dense+VAE
[LN1275   ] [chunk_19_phase_5_optimization.py] [info] 77,17.766178,0.3220835,1.18,1.14,11.939976,1.1314021,5243.0,115.5665,9.2,68.57,135.0,2450000.0,77.9365,32.2465,23.46,3.8,0.12,57.75,-1.72,0.06,-3.39,1.0075994,4.8734596e-06,3.5394547,5,LightGBM+RNN+Transformer+Dense+VAE
[LN1276   ] [chunk_19_phase_5_optimization.py] [info] 78,17.664167,1.4158531,4.63,4.65,9.5079975,1.9021075,5111.0,13.69,3.56,13.75,42.2,54050.0,22.05,-2.76,-13.08,-9.0,0.27,41.05,-2.72,0.25,0.43,2.4446568,0.00017591115,3.2842388,5,LightGBM+RNN+Transformer+Dense+VAE
[LN1277   ] [chunk_19_phase_5_optimization.py] [info] 79,20.845484,1.3110318,10.07,10.12,14.739122,2.5672543,2511.0,115.5665,135.9,68.57,149.1765,2740000.0,77.9365,24.71,-2.79,1.1,0.49,63.1,3.69,0.92,0.5,3.9419544,5.3792414e-06,7.7191105,5,LightGBM+RNN+Transformer+Dense+VAE
[LN1278   ] [chunk_19_phase_5_optimization.py] [info] 80,17.645456,0.8329091,2.04,2.0,10.061602,1.5518088,5103.0,12.36,31.58,2.83,17.65,134870.0,-2.2,-5.47,-10.71,-8.72,0.14,40.82,-2.56,0.17,-1.96,1.2888186,7.460222e-05,2.4012222,5,LightGBM+RNN+Transformer+Dense+VAE
[LN1279   ] [chunk_19_phase_5_optimization.py] [info] 81,24.258411,1.0152307,2.22,2.2,15.969002,1.2892326,181.0,18.92,-1.61,-1.94,-10.2,8470000.0,-9.09,-1.16,-5.17,-0.23,0.05,47.38,1.38,1.49,-0.9,1.7064414,1.8853603e-06,2.1669953,5,LightGBM+RNN+Transformer+Dense+VAE
[LN1280   ] [chunk_19_phase_5_optimization.py] [info] 82,20.289062,1.2383742,6.78,7.0,13.909279,2.1667655,3527.0,115.5665,77.66,68.57,125.81,698930.0,67.06,18.88,17.25,2.15,0.4,56.99,-7.04,1.57,3.24,3.230622,1.9900817e-05,5.652572,5,LightGBM+RNN+Transformer+Dense+VAE
[LN1281   ] [chunk_19_phase_5_optimization.py] [info] 83,18.22101,0.53649336,1.27,1.22,12.837102,1.3402504,2650.0,-50.61,-20.26,-9.68,-7.58,587590.0,35.75,-5.28,-10.29,-9.36,0.15,44.86,-1.61,0.64,-3.94,0.91027766,2.184704e-05,2.2740262,5,LightGBM+RNN+Transformer+Dense+VAE
[LN1282   ] [chunk_19_phase_5_optimization.py] [info] 84,19.968435,0.97455966,4.35,4.31,12.931409,1.8547343,1752.0,115.5665,116.58,57.75,87.39,847830.0,37.7,1.3,-1.82,-11.44,0.28,43.52,-10.95,0.49,-0.92,2.323783,1.5252361e-05,4.42251,5,LightGBM+RNN+Transformer+Dense+VAE
[LN1283   ] [chunk_19_phase_5_optimization.py] [info] 85,18.719673,0.7178398,2.06,1.99,12.722268,1.7647308,1176.0,10.56,-58.54,24.41,53.08,721220.0,37.24,-6.52,-9.13,1.02,0.21,48.59,2.05,0.46,-3.4,1.1276507,1.7639926e-05,2.7722063,5,LightGBM+RNN+Transformer+Dense+VAE
[LN1284   ] [chunk_19_phase_5_optimization.py] [info] 86,19.437576,0.51282364,1.46,1.47,13.977734,1.1314021,4869.0,-16.0,-15.52,22.24,65.22,1250000.0,28.95,0.55,-3.92,2.8,0.09,52.7,0.68,0.94,0.68,1.2992728,1.1182186e-05,2.8664825,5,LightGBM+RNN+Transformer+Dense+VAE
[LN1285   ] [chunk_19_phase_5_optimization.py] [info] 87,18.023333,0.97077894,2.19,2.16,10.432556,1.61542,2059.0,4.85,4.6,2.46,14.89,147360.0,11.34,0.15,-4.0,-3.55,0.12,46.13,-0.92,0.23,-1.37,1.3371136,7.079639e-05,2.2250173,5,LightGBM+RNN+Transformer+Dense+VAE
[LN1286   ] [chunk_19_phase_5_optimization.py] [info] 88,17.459915,0.7030975,2.9,2.95,11.554729,2.065596,5580.0,-18.96,52.06,36.14,63.89,1820000.0,77.9365,20.21,-10.61,-4.27,0.26,52.01,-3.59,0.06,1.72,1.4281591,6.3487523e-06,4.1957197,5,LightGBM+RNN+Transformer+Dense+VAE
[LN1287   ] [chunk_19_phase_5_optimization.py] [info] 89,19.028433,1.137833,5.09,5.27,14.369288,1.8794651,2691.0,75.08,39.79,66.31,102.69,359230.0,67.83,25.65,7.11,9.91,0.36,63.71,14.79,2.44,3.54,2.8039894,4.0000246e-05,4.631611,5,LightGBM+RNN+Transformer+Dense+VAE
[LN1288   ] [chunk_19_phase_5_optimization.py] [info] 90,18.136992,0.43178242,2.1,1.96,11.840357,1.2354715,4232.0,115.5665,144.143,60.28,125.29,117860.0,33.33,9.98,7.1,4.08,0.16,53.32,-11.71,1.18,-6.67,1.5864389,0.0001004612,4.5393233,5,LightGBM+RNN+Transformer+Dense+VAE
[LN1289   ] [chunk_19_phase_5_optimization.py] [info] 91,20.343029,0.91629076,2.04,2.01,15.963434,1.7833912,1493.0,-26.1,4.88,-26.28,-19.28,7380000.0,-30.45,-9.68,-22.99,-5.64,0.15,39.52,-3.83,1.16,-1.47,1.1270663,2.163067e-06,2.1936269,5,LightGBM+RNN+Transformer+Dense+VAE
[LN1290   ] [chunk_19_phase_5_optimization.py] [info] 92,20.048763,0.79750717,5.6,6.14,15.95269,2.343727,5532.0,87.2,49.03,68.57,149.1765,6290000.0,77.9365,32.2465,10.43,9.78,0.81,56.22,-5.54,1.35,6.21,2.619759,2.5361987e-06,7.69899,5,LightGBM+RNN+Transformer+Dense+VAE
[LN1291   ] [chunk_19_phase_5_optimization.py] [info] 93,20.230494,1.3887912,4.0,3.45,14.773304,1.8531681,4431.0,-17.07,1.47,-11.57,-3.63,587370.0,-9.8,-10.95,-10.85,-9.08,0.18,36.07,-9.45,2.44,-7.17,1.8616768,2.5151614e-05,2.4841747,5,LightGBM+RNN+Transformer+Dense+VAE
[LN1292   ] [chunk_19_phase_5_optimization.py] [info] 94,17.57764,0.49469623,1.04,1.03,8.715388,1.1314021,3364.0,-41.48,-32.46,2.47,11.94,11050.0,8.31,4.18,-1.9,-2.55,0.06,48.61,0.97,0.55,-0.96,0.9103748,0.0007887229,2.0820856,5,LightGBM+RNN+Transformer+Dense+VAE
[LN1293   ] [chunk_19_phase_5_optimization.py] [info] 95,18.404959,0.9001613,2.18,2.18,11.284694,1.6174061,2297.0,-16.15,-43.38,0.04,-3.54,172470.0,21.79,0.68,-15.5,-3.24,0.13,47.08,2.35,0.46,0.0,1.3478371,6.542989e-05,2.421788,5,LightGBM+RNN+Transformer+Dense+VAE
[LN1294   ] [chunk_19_phase_5_optimization.py] [info] 96,15.983421,0.9282193,3.41,3.48,8.54714,1.9095426,4258.0,8.75,5.78,39.76,67.71,307190.0,64.93,12.23,0.58,-15.82,0.5,45.49,-14.85,0.03,2.05,1.8224261,2.7823628e-05,3.749114,5,LightGBM+RNN+Transformer+Dense+VAE
[LN1295   ] [chunk_19_phase_5_optimization.py] [info] 97,19.88294,1.4609379,6.96,6.99,12.674328,2.09433,3048.0,40.08,16.89,47.89,93.09,147770.0,69.66,18.99,7.7,11.38,0.34,66.27,14.79,2.16,0.43,3.3375826,8.577064e-05,4.7845974,5,LightGBM+RNN+Transformer+Dense+VAE
[LN1296   ] [chunk_19_phase_5_optimization.py] [info] 98,19.083883,0.5068176,1.68,1.67,13.018695,1.2325603,1106.0,21.01,90.68,53.13,65.35,1330000.0,60.58,15.51,5.7,-1.39,0.11,53.33,-2.34,0.34,-0.6,1.3549033,9.788492e-06,3.295071,5,LightGBM+RNN+Transformer+Dense+VAE
[LN1297   ] [chunk_19_phase_5_optimization.py] [info] 99,19.984766,0.41210964,1.51,1.53,14.6051445,1.1314021,3899.0,90.06,63.04,61.39,107.63,4480000.0,40.37,13.55,-6.71,-7.3,0.12,49.05,-4.97,0.49,1.32,1.3523043,3.2600767e-06,3.712604,5,LightGBM+RNN+Transformer+Dense+VAE
[LN1298   ] [chunk_19_phase_5_optimization.py] [info] 100,20.51952,1.2919837,6.48,6.38,11.484742,2.098018,3679.0,27.86,52.63,36.96,101.9,552310.0,49.77,8.67,-0.62,3.54,0.21,58.43,3.57,0.18,-1.54,3.0409653,2.0794014e-05,4.938143,5,LightGBM+RNN+Transformer+Dense+VAE
[LN1299   ] [chunk_19_phase_5_optimization.py] [info] 101,19.646776,0.74193734,5.35,5.63,13.682134,2.4051416,2693.0,115.5665,144.143,68.57,149.1765,1740000.0,38.67,-10.94,-26.7379,-9.08,0.62,42.91,1.62,0.5,5.23,2.3408184,7.863295e-06,7.5882416,5,LightGBM+RNN+Transformer+Dense+VAE
[LN1300   ] [chunk_19_phase_5_optimization.py] [info] 102,17.227648,1.0851892,3.91,3.75,9.392495,1.6409366,2933.0,25.67,13.29,25.13,30.66,18360.0,27.55,7.63,-2.09,-0.44,0.31,51.55,2.74,0.65,-4.09,2.2852802,0.0005115738,3.4556184,5,LightGBM+RNN+Transformer+Dense+VAE
[LN1301   ] [chunk_19_phase_5_optimization.py] [info] 103,22.893461,1.7833912,11.05,11.2,15.969002,2.634045,1805.0,115.5665,94.78,51.55,64.71,8470000.0,75.27,9.34,6.77,-2.9,0.56,50.4,-11.95,0.69,1.36,4.2520156,1.8853603e-06,6.28017,5,LightGBM+RNN+Transformer+Dense+VAE
[LN1302   ] [chunk_19_phase_5_optimization.py] [info] 104,19.869528,1.3609766,5.33,5.37,11.890711,2.11505,3245.0,-22.73,-13.53,14.71,44.74,145040.0,11.87,5.77,-1.1,-4.68,0.34,47.51,-8.05,1.01,0.75,2.538947,8.198229e-05,3.945696,5,LightGBM+RNN+Transformer+Dense+VAE
[LN1303   ] [chunk_19_phase_5_optimization.py] [info] 105,17.790508,1.5062971,6.43,6.14,12.705137,2.8875902,2988.0,-39.47,-52.96,-0.42,-2.07,203200.0,38.6,-2.08,-17.91,0.27,0.61,50.54,3.19,1.62,-4.51,2.1263406,6.252528e-05,4.076221,5,LightGBM+RNN+Transformer+Dense+VAE
[LN1304   ] [chunk_19_phase_5_optimization.py] [info] 106,18.132732,0.8458683,2.54,2.52,13.221285,1.6486586,1920.0,24.44,41.57,21.33,51.81,973850.0,27.92,-15.79,-26.7379,-13.96,0.25,38.59,-8.03,0.57,-0.79,1.5285153,1.3576306e-05,2.9791873,5,LightGBM+RNN+Transformer+Dense+VAE
[LN1305   ] [chunk_19_phase_5_optimization.py] [info] 107,21.271387,1.9768549,9.52,9.4,7.5807,2.899772,675.0,11.24,31.47,-8.55,-17.4,50730.0,-4.57,6.95,-20.0,-3.02,0.74,49.92,2.84,0.04,-1.26,3.2416344,0.00014943228,4.755028,5,LightGBM+RNN+Transformer+Dense+VAE
[LN1306   ] [chunk_19_phase_5_optimization.py] [info] 108,19.056622,0.7654678,3.7,3.91,14.651209,3.5547764,4665.0,65.68,-85.7779,67.28,135.54,2500000.0,66.38,32.2465,19.94,2.64,0.36,55.28,-13.5,0.92,5.68,1.0999285,5.8604837e-06,5.1079874,5,LightGBM+RNN+Transformer+Dense+VAE
[LN1307   ] [chunk_19_phase_5_optimization.py] [info] 109,18.02912,0.87129337,3.81,3.76,11.795108,1.773256,1289.0,115.5665,144.143,52.06,147.37,238040.0,48.62,4.19,-7.39,-3.12,0.37,48.79,-6.0,0.56,-1.31,2.1203933,4.955095e-05,4.3154235,5,LightGBM+RNN+Transformer+Dense+VAE
[LN1308   ] [chunk_19_phase_5_optimization.py] [info] 110,17.82611,0.65752,1.65,1.64,11.627084,1.1969482,4473.0,-4.09,-17.38,10.33,57.69,42770.0,-10.87,9.4,-2.96,-1.78,0.14,50.88,1.55,2.44,-0.61,1.3701512,0.0002718514,2.4942207,5,LightGBM+RNN+Transformer+Dense+VAE
[LN1309   ] [chunk_19_phase_5_optimization.py] [info] 111,18.723965,0.76080585,3.23,3.2,12.127132,1.7647308,1006.0,-12.57,26.98,21.8,91.62,508240.0,30.61,-4.04,-3.9,-3.5,0.21,46.37,3.23,0.36,-0.93,1.8133078,2.3861036e-05,4.2060666,5,LightGBM+RNN+Transformer+Dense+VAE
[LN1310   ] [chunk_19_phase_5_optimization.py] [info] 112,19.38439,1.9586854,7.17,7.0,12.516072,2.195,3151.0,-6.42,9.38,-1.27,4.79,60960.0,-4.24,-2.62,-4.63,-1.18,0.22,45.33,-2.64,2.44,-2.37,3.1890662,0.00020531614,3.5738256,5,LightGBM+RNN+Transformer+Dense+VAE
[LN1311   ] [chunk_19_phase_5_optimization.py] [info] 113,19.193378,0.3852624,1.78,1.73,14.172471,1.2412686,5545.0,115.5665,141.57,59.3,71.29,1680000.0,77.9365,-1.69,-13.5,-15.82,0.16,38.48,-14.85,0.85,-2.81,1.3937354,8.4359945e-06,4.490446,5,LightGBM+RNN+Transformer+Dense+VAE
[LN1312   ] [chunk_19_phase_5_optimization.py] [info] 114,18.872265,0.7839016,2.0,1.89,15.113007,1.2669476,4967.0,5.59,-19.23,12.37,-4.55,1740000.0,9.25,12.89,11.83,4.62,0.19,54.86,-4.55,2.11,-5.5,1.4917744,8.685636e-06,2.411017,5,LightGBM+RNN+Transformer+Dense+VAE
[LN1313   ] [chunk_19_phase_5_optimization.py] [info] 115,15.468008,0.86288995,1.84,1.81,8.111629,1.3001916,5657.0,12.42,-13.4,1.21,1.69,20740.0,-1.13,-3.61,-7.18,-10.32,0.14,42.39,-11.71,0.16,-1.63,1.3921025,0.0003911103,2.0976024,5,LightGBM+RNN+Transformer+Dense+VAE
[LN1314   ] [chunk_19_phase_5_optimization.py] [info] 116,21.978882,1.3711808,15.58,15.86,14.976924,2.8970163,1255.0,115.5665,144.143,68.57,149.1765,6900000.0,77.9365,0.3,0.7,2.66,0.64,55.81,2.39,0.46,1.8,5.474598,2.1705687e-06,11.566673,5,LightGBM+RNN+Transformer+Dense+VAE
[LN1315   ] [chunk_19_phase_5_optimization.py] [info] 117,22.358372,2.1656191,18.18,18.88,15.592373,3.0421386,5036.0,115.5665,71.32,40.37,40.58,4720000.0,41.11,7.94,0.59,4.36,0.64,59.71,6.91,1.25,3.85,6.20616,3.3034687e-06,8.7180605,5,LightGBM+RNN+Transformer+Dense+VAE
[LN1316   ] [chunk_19_phase_5_optimization.py] [info] 118,19.67971,0.33647224,2.31,2.19,15.969002,1.3987169,2327.0,100.92,67.18,68.57,149.1765,8470000.0,45.03,11.79,-6.41,0.63,0.25,52.16,4.29,0.82,-5.19,1.5657207,1.8853603e-06,6.508709,5,LightGBM+RNN+Transformer+Dense+VAE
[LN1317   ] [chunk_19_phase_5_optimization.py] [info] 119,20.459522,0.31481075,1.01,0.97,15.041456,1.1314021,2608.0,100.54,-18.27,41.69,54.26,6040000.0,57.12,8.46,4.09,-2.6,0.07,49.93,-11.58,0.56,-3.7,0.85734326,2.4903075e-06,3.0812163,5,LightGBM+RNN+Transformer+Dense+VAE
[LN1318   ] [chunk_19_phase_5_optimization.py] [info] 120,20.377996,1.2809339,5.12,5.22,10.595909,2.0399208,2727.0,32.82,-10.31,37.01,66.77,43220.0,35.94,13.07,3.16,-1.51,0.43,52.0,-5.09,0.92,1.95,2.5589228,0.00024516217,4.075152,5,LightGBM+RNN+Transformer+Dense+VAE
[LN1319   ] [chunk_19_phase_5_optimization.py] [info] 121,17.545052,1.3376292,3.28,3.28,12.806715,1.6428727,2892.0,-4.09,7.54,-1.95,12.33,113490.0,-4.37,-2.08,-0.91,0.08,0.08,45.29,0.77,2.44,0.0,1.9965029,0.000112844435,2.4520996,5,LightGBM+RNN+Transformer+Dense+VAE
[LN1320   ] [chunk_19_phase_5_optimization.py] [info] 122,18.659147,0.6205765,2.33,2.36,12.245014,1.686399,2065.0,41.32,103.45,30.5,149.1765,992410.0,28.26,-17.17,-20.27,-8.88,0.32,44.46,-10.61,0.21,1.29,1.3994316,1.2338665e-05,3.8029156,5,LightGBM+RNN+Transformer+Dense+VAE
[LN1321   ] [chunk_19_phase_5_optimization.py] [info] 123,19.427908,0.31481075,1.7,1.68,14.64247,1.6114359,5270.0,17.48,-12.5,68.57,149.1765,3850000.0,77.9365,14.99,7.69,-6.48,0.16,49.69,-9.68,0.59,-1.18,1.0425484,3.8032392e-06,5.3365393,5,LightGBM+RNN+Transformer+Dense+VAE
[LN1322   ] [chunk_19_phase_5_optimization.py] [info] 124,18.58263,1.4770488,8.34,9.29,11.083879,2.5241272,2099.0,115.5665,144.143,53.93,148.26,74400.0,77.9365,0.22,-6.26,2.08,0.68,52.85,5.09,0.88,6.21,3.6804798,0.00014897688,6.289569,5,LightGBM+RNN+Transformer+Dense+VAE
[LN1323   ] [chunk_19_phase_5_optimization.py] [info] 125,15.75137,0.67803353,4.38,4.36,12.497309,1.9227878,1768.0,115.5665,113.73,68.57,149.1765,1780000.0,77.9365,19.16,-12.97,-6.29,0.61,49.9,-10.84,0.15,-0.46,2.267541,7.02096e-06,6.4303603,5,LightGBM+RNN+Transformer+Dense+VAE
[LN1324   ] [chunk_19_phase_5_optimization.py] [info] 126,16.348413,0.7323679,1.2,1.18,11.732519,2.104134,190.0,-79.51,-75.73,-60.18,-65.2279,238950.0,-39.38,-17.98,-26.7379,-5.36,0.14,41.98,-14.85,0.52,-1.5,0.56080073,4.910031e-05,1.611212,5,LightGBM+RNN+Transformer+Dense+VAE
[LN1325   ] [chunk_19_phase_5_optimization.py] [info] 127,19.34609,1.0043017,6.0,6.29,12.717143,2.1656191,1734.0,115.5665,144.143,65.71,135.58,442160.0,39.78,2.8,-15.46,-3.32,0.48,47.63,-7.36,0.75,4.83,2.904481,2.8761406e-05,6.2630587,5,LightGBM+RNN+Transformer+Dense+VAE
[LN1326   ] [chunk_19_phase_5_optimization.py] [info] 128,18.59799,0.31481075,0.7,0.7,13.561432,1.1314021,2135.0,71.93,28.81,32.23,65.62,733610.0,15.13,-0.83,1.37,-9.02,0.07,43.75,-14.85,1.06,-1.73,0.61870134,1.8485887e-05,2.2235582,5,LightGBM+RNN+Transformer+Dense+VAE
[LN1327   ] [chunk_19_phase_5_optimization.py] [info] 129,18.52441,0.31481075,1.61,1.56,13.261069,1.1314021,4025.0,67.08,31.09,68.57,149.1765,2830000.0,77.9365,15.32,11.43,-3.05,0.16,52.06,-0.64,0.2,-3.11,1.3788201,4.68589e-06,4.955358,5,LightGBM+RNN+Transformer+Dense+VAE
[LN1328   ] [chunk_19_phase_5_optimization.py] [info] 130,19.670927,0.5877867,1.18,1.16,15.061214,1.1314021,3564.0,-11.45,4.5,-6.94,-4.13,6420000.0,-10.77,-4.26,-14.07,-10.46,0.09,40.69,-6.45,0.54,-1.69,1.0252765,2.3459836e-06,1.9735051,5,LightGBM+RNN+Transformer+Dense+VAE
[LN1329   ] [chunk_19_phase_5_optimization.py] [info] 131,16.675995,0.85441536,1.67,1.58,7.5807,1.1314021,2243.0,2.28,17.06,1.68,0.02,14780.0,8.24,-3.96,-10.72,-3.76,0.07,43.27,-1.84,0.03,-5.37,1.3964972,0.00051290257,1.8492178,5,LightGBM+RNN+Transformer+Dense+VAE
[LN1330   ] [chunk_19_phase_5_optimization.py] [info] 132,17.587582,1.2029723,6.97,7.03,9.349145,2.1838017,4788.0,98.42,62.07,59.62,149.1765,30770.0,41.81,-0.07,-3.51,-0.37,0.37,50.88,-2.58,0.37,0.98,3.219157,0.00030383962,5.8438587,5,LightGBM+RNN+Transformer+Dense+VAE
[LN1331   ] [chunk_19_phase_5_optimization.py] [info] 133,16.352377,0.8241754,2.3,2.34,7.5807,1.5368673,1961.0,-1.27,-23.28,2.87,44.44,14430.0,2.18,-7.03,-25.24,-8.06,0.13,42.73,-2.5,0.05,1.65,1.5225779,0.000525343,2.8392012,5,LightGBM+RNN+Transformer+Dense+VAE
[LN1332   ] [chunk_19_phase_5_optimization.py] [info] 134,16.933903,0.33647224,1.06,1.09,12.073301,1.446919,2910.0,-28.29,-27.33,3.43,27.78,1080000.0,17.2,-16.79,-9.17,-8.06,0.12,41.39,-6.84,0.16,2.83,0.7533248,1.1178982e-05,3.2394946,5,LightGBM+RNN+Transformer+Dense+VAE
[LN1333   ] [chunk_19_phase_5_optimization.py] [info] 135,19.656733,1.6639261,5.38,5.34,12.642112,1.9006139,1670.0,17.62,10.79,6.74,10.56,350820.0,4.3,-0.77,-4.64,0.17,0.08,49.31,2.3,0.88,-0.74,2.8096185,3.6035894e-05,3.2092772,5,LightGBM+RNN+Transformer+Dense+VAE
[LN1334   ] [chunk_19_phase_5_optimization.py] [info] 136,20.709066,0.6931472,3.28,3.28,15.483273,1.6292405,737.0,97.59,97.59,68.57,149.1765,6870000.0,53.99,23.75,9.7,-2.64,0.27,52.85,-10.63,0.77,0.0,2.013208,2.2537515e-06,4.7320395,5,LightGBM+RNN+Transformer+Dense+VAE
[LN1335   ] [chunk_19_phase_5_optimization.py] [info] 137,18.888557,1.3217559,7.93,9.35,12.924678,2.4248028,4030.0,110.11,80.85,52.94,149.1765,94810.0,14.44,16.53,9.36,7.24,0.69,60.11,8.72,2.44,6.21,3.8559837,0.00013632189,7.0739236,5,LightGBM+RNN+Transformer+Dense+VAE
[LN1336   ] [chunk_19_phase_5_optimization.py] [info] 138,16.212496,1.541159,6.69,6.09,12.743367,2.7694588,591.0,-35.32,-52.41,5.34,10.16,20830.0,43.97,14.06,-10.44,4.65,0.39,54.87,7.79,2.44,-7.17,2.1989856,0.0006117795,3.9515712,5,LightGBM+RNN+Transformer+Dense+VAE
[LN1337   ] [chunk_19_phase_5_optimization.py] [info] 139,17.987125,0.7793249,2.96,2.93,9.935132,1.9095426,3163.0,41.55,14.23,16.7,35.02,31650.0,-1.35,5.99,-6.98,-4.11,0.29,48.18,-12.28,0.65,-1.18,1.5343989,0.0003139062,3.7596643,5,LightGBM+RNN+Transformer+Dense+VAE
[LN1338   ] [chunk_19_phase_5_optimization.py] [info] 140,15.907374,1.1631508,3.51,3.24,11.5344715,4.081428,181.0,-83.68,-85.7779,-66.81,-65.2279,2560000.0,-39.29,2.5,-17.56,-10.88,0.42,44.73,-10.25,0.04,-7.17,0.79383975,4.505653e-06,2.7855372,5,LightGBM+RNN+Transformer+Dense+VAE
[LN1339   ] [chunk_19_phase_5_optimization.py] [info] 141,22.657682,1.1631508,5.21,5.23,15.969002,1.9373018,863.0,114.34,53.37,49.67,66.03,8470000.0,50.72,12.67,7.84,-0.53,0.26,53.41,-11.95,0.86,0.38,2.699631,1.8853603e-06,4.4964075,5,LightGBM+RNN+Transformer+Dense+VAE
[LN1340   ] [chunk_19_phase_5_optimization.py] [info] 142,22.12691,1.2612978,3.8,3.74,15.590623,1.6409366,5424.0,42.21,2.19,17.85,21.82,1830000.0,26.78,-0.15,-6.97,-4.62,0.11,43.67,-3.86,2.44,-1.58,2.2791862,8.519466e-06,2.9651997,5,LightGBM+RNN+Transformer+Dense+VAE
[LN1341   ] [chunk_19_phase_5_optimization.py] [info] 143,20.962282,1.61542,5.35,4.91,14.56671,2.2170272,5023.0,-25.38,-25.61,-10.63,-12.16,1180000.0,-9.07,-9.23,-9.41,-7.32,0.23,38.74,-4.29,1.8,-7.17,2.2146773,1.234467e-05,3.0394573,5,LightGBM+RNN+Transformer+Dense+VAE
[LN1342   ] [chunk_19_phase_5_optimization.py] [info]   Total consensus rows: 143
[LN1343   ] [chunk_19_phase_5_optimization.py] [info] 
[LN1344   ] [chunk_19_phase_5_optimization.py] [info] FINAL PREDICTION RESULTS (sorted by inference_precision)
[LN1345   ] [chunk_19_phase_5_optimization.py] [info] 1. RNN          inference_precision=0.7078 inference_recall=0.5391 inference_auc=0.5769 inference_f1=0.6121 inference_fn=3545 inference_tn=2440 inference_tp=4147 inference_fp=1712
[LN1346   ] [chunk_19_phase_5_optimization.py] [info] 2. Dense        inference_precision=0.6805 inference_recall=0.3370 inference_auc=0.5304 inference_f1=0.4507 inference_fn=5100 inference_tn=2935 inference_tp=2592 inference_fp=1217
[LN1347   ] [chunk_19_phase_5_optimization.py] [info] 3. LightGBM     inference_precision=0.6792 inference_recall=0.6743 inference_auc=0.5640 inference_f1=0.6768 inference_fn=2505 inference_tn=1702 inference_tp=5187 inference_fp=2450
[LN1348   ] [chunk_19_phase_5_optimization.py] [info] 4. VAE          inference_precision=0.6555 inference_recall=0.2397 inference_auc=0.5054 inference_f1=0.3511 inference_fn=5848 inference_tn=3183 inference_tp=1844 inference_fp=969
[LN1349   ] [chunk_19_phase_5_optimization.py] [info] 5. Transformer  inference_precision=0.6452 inference_recall=0.2048 inference_auc=0.5014 inference_f1=0.3109 inference_fn=6117 inference_tn=3286 inference_tp=1575 inference_fp=866
[LN1350   ] [chunk_19_phase_5_optimization.py] [info] Best architecture: RNN (inference_precision: 0.7078)
[LN1351   ] [chunk_19_phase_5_optimization.py] [info] phase 5 total time: 5.8s
[LN1352   ] [chunk_19_phase_5_optimization.py] [info] data points evaluated: 11844 (date(s)=[20251022 20251023])
[LN1353   ] [chunk_20_pipeline_main.py] [info] [time] Total execution time: 14169.23s
[LN1354   ] [chunk_20_pipeline_main.py] [info] Phase timings:
[LN1355   ] [chunk_20_pipeline_main.py] [info]    Pipeline Setup: 10.80s
[LN1356   ] [chunk_20_pipeline_main.py] [info]    Temporal Weighting: 0.11s
[LN1357   ] [chunk_20_pipeline_main.py] [info]    Phase Xa: Raw Feature Importance: 857.39s
[LN1358   ] [chunk_20_pipeline_main.py] [info]    Neural Ensemble: 13287.28s
[LN1359   ] [chunk_20_pipeline_main.py] [info]    Phase Xb: Temporal Precision Gap: 0.08s
[LN1360   ] [chunk_20_pipeline_main.py] [info]    Prediction Optimization: 5.79s
[LN1361   ] [chunk_20_pipeline_main.py] [info] [stat] Final Results:
[LN1362   ] [chunk_20_pipeline_main.py] [info]    inference_precision=0.7552
[LN1363   ] [chunk_20_pipeline_main.py] [info]    inference_recall=0.0140
[LN1364   ] [chunk_20_pipeline_main.py] [info]    inference_f1=0.0276
[LN1365   ] [chunk_20_pipeline_main.py] [info]    inference_auc=0.5028
[LN1366   ] [chunk_20_pipeline_main.py] [info] METRICS REVIEW REPORT
[LN1367   ] [chunk_20_pipeline_main.py] [info] [architecture performance] (sorted by validation_precision)
[LN1368   ] [chunk_20_pipeline_main.py] [info] 1. VAE             validation_precision=0.5476 validation_recall=0.5611 validation_auc=0.5083 validation_true_positives=16144 validation_false_positives=13339 PASS (Minimum Validation_Precision Required=0.53)
[LN1369   ] [chunk_20_pipeline_main.py] [info] 2. RNN             validation_precision=0.5357 validation_recall=0.2340 validation_auc=0.4798 validation_true_positives= 6732 validation_false_positives= 5834 PASS (Minimum Validation_Precision Required=0.53)
[LN1370   ] [chunk_20_pipeline_main.py] [info] 3. Transformer     validation_precision=0.5339 validation_recall=0.4718 validation_auc=0.4929 validation_true_positives=13577 validation_false_positives=11855 PASS (Minimum Validation_Precision Required=0.53)
[LN1371   ] [chunk_20_pipeline_main.py] [info] 4. LightGBM        validation_precision=0.5325 validation_recall=0.3479 validation_auc=0.4866 validation_true_positives=10010 validation_false_positives= 8788 PASS (Minimum Validation_Precision Required=0.53)
[LN1372   ] [chunk_20_pipeline_main.py] [info] 5. Dense           validation_precision=0.5322 validation_recall=0.1636 validation_auc=0.5233 validation_true_positives= 4706 validation_false_positives= 4137 PASS (Minimum Validation_Precision Required=0.53)
[LN1373   ] [chunk_20_pipeline_main.py] [info] 6. CNN             validation_precision=0.5289 validation_recall=0.4032 validation_auc=0.4792 validation_true_positives=11602 validation_false_positives=10336 FAIL (Minimum Validation_Precision Required=0.53)
[LN1374   ] [chunk_20_pipeline_main.py] [info] 7. CatBoost        validation_precision=0.5253 validation_recall=0.3567 validation_auc=0.4836 validation_true_positives=10263 validation_false_positives= 9275 FAIL (Minimum Validation_Precision Required=0.53)
[LN1375   ] [chunk_20_pipeline_main.py] [info] 8. XGBoost         validation_precision=0.0762 validation_recall=0.1637 validation_auc=0.8065 validation_true_positives=  196 validation_false_positives= 2377 FAIL (Minimum Validation_Precision Required=0.53)
[LN1376   ] [chunk_20_pipeline_main.py] [info] 9. LSTM            validation_precision=0.0550 validation_recall=0.4453 validation_auc=0.7833 validation_true_positives=  533 validation_false_positives= 9152 FAIL (Minimum Validation_Precision Required=0.53)
[LN1377   ] [chunk_20_pipeline_main.py] [info] [standardized metrics table]
[LN1378   ] [chunk_20_pipeline_main.py] [info] Architecture,Phase,Loss,Epochs,Precision,Recall,AUC,F1,TP,FP,TN,FN,MaxPred,MeanPred,StdPred,PctAboveThresh,BestEpoch,TrainingTime,LabelThresh,ThresholdSource,HPO_Trials,HPO_Improvement,KeyHyperparams,TrainLoss,ValLoss,LossDelta,MCC,PRAUC,Specificity,BalancedAccuracy,PredictionThreshold
[LN1379   ] [chunk_20_pipeline_main.py] [info] VAE,Train,binary_crossentropy,50,0.5085,0.2555,0.5066,0.3401,15256,14744,44845,44465,0.9992,0.3488,0.2301,N/A,0,0.0,0.0,section4,20,0.0000,dropout=0.05,learning_rate=0.001,latent_dim=32,0.0000,0.0000,0.0000,0.0093,0.5072,0.7526,0.5040,0.5
[LN1380   ] [chunk_20_pipeline_main.py] [info] VAE,Validation,binary_crossentropy,50,0.5476,0.5611,0.5083,0.5542,16144,13339,11141,12630,0.9992,0.5351,0.2654,N/A,0,0.0,0.0,section4,20,0.0000,dropout=0.05,learning_rate=0.001,latent_dim=32,0.0000,0.0000,0.0000,0.0162,0.5414,0.4551,0.5081,0.5
[LN1381   ] [chunk_20_pipeline_main.py] [info] VAE,Inference,binary_crossentropy,N/A,0.6555,0.2397,0.5054,0.3511,1844,969,3183,5848,0.9895,0.3430,0.2215,23.75,N/A,N/A,0.0,N/A,N/A,N/A,N/A,0.7666,0.2334,0.2746,0.0071,0.6508,0.5032,0.50
[LN1382   ] [chunk_20_pipeline_main.py] [info] Dense,Train,binary_crossentropy,40,0.5235,0.1897,0.5129,0.2785,11330,10312,49277,48391,0.9998,0.2693,0.2488,N/A,0,0.0,0.0,section4,20,0.0000,units=1024,layers=2,dropout=0.1,learning_rate=0.0001,0.0000,0.0000,0.0000,0.0216,0.5116,0.8269,0.5083,0.5
[LN1383   ] [chunk_20_pipeline_main.py] [info] Dense,Validation,binary_crossentropy,40,0.5322,0.1636,0.5233,0.2502,4706,4137,20343,24068,0.9998,0.2118,0.2871,N/A,0,0.0,0.0,section4,20,0.0000,units=1024,layers=2,dropout=0.1,learning_rate=0.0001,0.0000,0.0000,0.0000,-0.0073,0.5474,0.8310,0.4973,0.5
[LN1384   ] [chunk_20_pipeline_main.py] [info] Dense,Inference,binary_crossentropy,N/A,0.6805,0.3370,0.5304,0.4507,2592,1217,2935,5100,0.9982,0.3552,0.2724,32.16,N/A,N/A,0.0,N/A,N/A,N/A,N/A,0.7069,0.2931,0.3748,0.0448,0.6705,0.5219,0.50
[LN1385   ] [chunk_20_pipeline_main.py] [info] CNN,Train,binary_crossentropy,3,0.5562,0.5753,0.5874,0.5656,34359,27421,32168,25362,0.9232,0.4913,0.0712,N/A,0,0.0,0.0,section3,20,0.0000,filters=64,layers=3,dropout=0.05,learning_rate=0.001,0.0000,0.0000,0.0000,0.1152,0.5860,0.5398,0.5576,0.5
[LN1386   ] [chunk_20_pipeline_main.py] [info] CNN,Validation,binary_crossentropy,3,0.5289,0.4032,0.4792,0.4576,11602,10336,14144,17172,0.9232,0.4767,0.0911,N/A,0,0.0,0.0,section3,20,0.0000,filters=64,layers=3,dropout=0.05,learning_rate=0.001,0.0000,0.0000,0.0000,-0.0192,0.5457,0.5778,0.4905,0.5
[LN1387   ] [chunk_20_pipeline_main.py] [info] CNN,Inference,N/A,N/A,N/A,N/A,N/A,N/A,N/A,N/A,N/A,N/A,N/A,N/A,N/A,N/A,N/A,N/A,N/A,N/A,N/A,N/A,N/A,N/A,N/A,N/A,N/A,N/A,N/A,N/A,N/A,N/A,N/A,N/A
[LN1388   ] [chunk_20_pipeline_main.py] [info] RNN,Train,binary_crossentropy,3,0.5421,0.4750,0.5550,0.5064,28370,23960,35629,31351,0.6802,0.4890,0.0435,N/A,0,0.0,0.0,section3,20,0.0000,units=256,layers=1,dropout=0.1,learning_rate=0.001,0.0000,0.0000,0.0000,0.0735,0.5560,0.5979,0.5365,0.5
[LN1389   ] [chunk_20_pipeline_main.py] [info] RNN,Validation,binary_crossentropy,3,0.5357,0.2340,0.4798,0.3257,6732,5834,18646,22042,0.6802,0.4599,0.0597,N/A,0,0.0,0.0,section3,20,0.0000,units=256,layers=1,dropout=0.1,learning_rate=0.001,0.0000,0.0000,0.0000,-0.0051,0.5409,0.7617,0.4978,0.5
[LN1390   ] [chunk_20_pipeline_main.py] [info] RNN,Inference,binary_crossentropy,N/A,0.7078,0.5391,0.5769,0.6121,4147,1712,2440,3545,0.6573,0.4969,0.0412,49.47,N/A,N/A,0.0,N/A,N/A,N/A,N/A,0.5877,0.4123,0.5661,0.1210,0.7029,0.5634,0.50
[LN1391   ] [chunk_20_pipeline_main.py] [info] LSTM,Train,binary_crossentropy,20,0.0527,0.5951,0.7732,0.0968,1520,27337,89419,1034,0.9305,0.2931,0.2395,N/A,0,0.0,10.0,section4,20,0.0000,lstm_units=64,layers=2,dropout=0.1,learning_rate=0.001,0.0000,0.0000,0.0000,0.1220,0.0601,0.7659,0.6805,0.5
[LN1392   ] [chunk_20_pipeline_main.py] [info] LSTM,Validation,binary_crossentropy,20,0.0550,0.4453,0.7833,0.0980,533,9152,42905,664,0.9305,0.2247,0.2628,N/A,0,0.0,10.0,section4,20,0.0000,lstm_units=64,layers=2,dropout=0.1,learning_rate=0.001,0.0000,0.0000,0.0000,0.1036,0.0615,0.8242,0.6347,0.5
[LN1393   ] [chunk_20_pipeline_main.py] [info] LSTM,Inference,N/A,N/A,N/A,N/A,N/A,N/A,N/A,N/A,N/A,N/A,N/A,N/A,N/A,N/A,N/A,N/A,N/A,N/A,N/A,N/A,N/A,N/A,N/A,N/A,N/A,N/A,N/A,N/A,N/A,N/A,N/A,N/A
[LN1394   ] [chunk_20_pipeline_main.py] [info] Transformer,Train,binary_crossentropy,50,0.5114,0.2155,0.5163,0.3032,12867,12294,47295,46854,0.9805,0.3395,0.2104,N/A,0,0.0,0.0,section4,20,0.0000,layers=1,dim=64,heads=4,dropout=0.05,learning_rate=5e-05,0.0000,0.0000,0.0000,0.0112,0.5136,0.7937,0.5046,0.5
[LN1395   ] [chunk_20_pipeline_main.py] [info] Transformer,Validation,binary_crossentropy,50,0.5339,0.4718,0.4929,0.5009,13577,11855,12625,15197,0.9805,0.4612,0.2634,N/A,0,0.0,0.0,section4,20,0.0000,layers=1,dim=64,heads=4,dropout=0.05,learning_rate=5e-05,0.0000,0.0000,0.0000,-0.0124,0.5468,0.5157,0.4938,0.5
[LN1396   ] [chunk_20_pipeline_main.py] [info] Transformer,Inference,binary_crossentropy,N/A,0.6452,0.2048,0.5014,0.3109,1575,866,3286,6117,0.9593,0.3509,0.2054,20.61,N/A,N/A,0.0,N/A,N/A,N/A,N/A,0.7914,0.2086,0.2371,-0.0045,0.6472,0.4981,0.50
[LN1397   ] [chunk_20_pipeline_main.py] [info] [info] CSV saved to metrics_summary.csv
[LN1398   ] [chunk_20_pipeline_main.py] [info] END OF METRICS REVIEW
[LN1399   ] [pipeline] [info] Pipeline execution validated successfully
Stock Analysis Pipeline completed successfully!
