[LN1      ] [pipeline] [info] Running in CPU mode
[LN2      ] [chunk_20_pipeline_main.py] [info] [running] Starting Stock Analysis Pipeline
[LN3      ] [chunk_20_pipeline_main.py] [info]    Data path: for_train_x_2025_10_24_clean.csv
[LN4      ] [chunk_20_pipeline_main.py] [info]    Dataset shape: 6,727,216 rows x 23 columns (937.4 MB)
[LN5      ] [chunk_20_pipeline_main.py] [info] date,Market_Cap,52W_Low,Prev_Close,Price,Volume,52W_High,Perf_YTD,Perf_Year,SMA200,Perf_Half_Y,Avg_Volume,Perf_Quarter,SMA50,Perf_Month,SMA20,ATR,RSI_14,Perf_Week,Rel_Volume,Change,ChangeY,Ticker_id
[LN6      ] [chunk_20_pipeline_main.py] [info] 20251023,4426490000000.0,86.62,180.28,182.16,110565391.0,195.62,35.65,26.76,24.47,71.15,173300000.0,4.99,1.48,2.93,-1.14,5.41,50.43,0.19,0.64,1.04,2.25,3830
[LN7      ] [chunk_20_pipeline_main.py] [info] 20251022,4380800000000.0,86.62,181.16,180.28,161368647.0,195.62,34.25,30.64,23.33,75.52,173780000.0,3.76,0.44,1.04,-2.04,5.58,47.71,0.25,0.93,-0.49,1.04,3830
[LN8      ] [chunk_20_pipeline_main.py] [info] 20220302,595250000000.0,109.4,234.77,242.2,38866671.0,-30.09,-17.65,89.15,4.22,8.2,52980000.0,-25.88,-6.9,-1.09,-1.43,15.31,47.85,8.19,0.73,3.16,-2.09,3830
[LN9      ] [chunk_20_pipeline_main.py] [info] 20220301,576990000000.0,102.97,243.85,234.77,41123365.0,-32.24,-20.18,75.12,1.22,3.48,53130000.0,-29.66,-10.09,2.79,-4.65,15.71,44.33,0.37,0.77,-3.72,3.16,3830
[LN10     ] [chunk_20_pipeline_main.py] [info]    Sampling: size=184408, enabled=True, forced=True
[LN11     ] [chunk_20_pipeline_main.py] [info]    hyperparameter_optimization: trials=5, continue_until_target=False, epochs_per_trial=5, stagnation_threshold=50
[LN12     ] [chunk_20_pipeline_main.py] [info]    Label_Thresholds: 20.0 to 0.0 (3 thresholds)
   [feature] Log-transformed 4 skewed features
   [feature] Added 3 ratio features
   [feature] Total features: 21 -> 24
[LN13     ] [chunk_16_phase_1_setup.py] [info] Data loaded: 184408 samples, 24 features
[LN14     ] [chunk_16_phase_1_setup.py] [info] Per-arch winsorization active — global winsorization skipped in Phase 1
[LN15     ] [chunk_02_utils_logging.py] [info] [date] Temporal Coverage:  Date range: 20250910 to 20251023  Unique dates: 32  Total samples: 184408
[LN16     ] [chunk_16_phase_1_setup.py] [info] Target Distribution (ChangeY):
[LN17     ] [chunk_16_phase_1_setup.py] [info]    Min: -99.75 | Max: 32500.00 | Mean: 0.05
[LN18     ] [chunk_16_phase_1_setup.py] [info]    Median: 0.00 | Std: 15.36
[LN19     ] [chunk_16_phase_1_setup.py] [warning] sanity check: Extreme target values detected (max=32500.00)
[LN20     ] [chunk_16_phase_1_setup.py] [info] [class] Class Distribution (LABEL_THRESHOLD=20.0):
[LN21     ] [chunk_16_phase_1_setup.py] [info]   Total samples: 6,727,216
[LN22     ] [chunk_16_phase_1_setup.py] [info]   Signal cases: 25,902 (0.4%)
[LN23     ] [chunk_16_phase_1_setup.py] [info]   Normal cases: 6,701,314 (99.6%)
[LN24     ] [chunk_16_phase_1_setup.py] [info]   Imbalance ratio: 258.7:1
[LN25     ] [chunk_16_phase_1_setup.py] [info] [class] Class Distribution (LABEL_THRESHOLD=10.0):
[LN26     ] [chunk_16_phase_1_setup.py] [info]   Total samples: 6,727,216
[LN27     ] [chunk_16_phase_1_setup.py] [info]   Signal cases: 106,942 (1.6%)
[LN28     ] [chunk_16_phase_1_setup.py] [info]   Normal cases: 6,620,274 (98.4%)
[LN29     ] [chunk_16_phase_1_setup.py] [info]   Imbalance ratio: 61.9:1
[LN30     ] [chunk_16_phase_1_setup.py] [info] [class] Class Distribution (LABEL_THRESHOLD= 0.0):
[LN31     ] [chunk_16_phase_1_setup.py] [info]   Total samples: 6,727,216
[LN32     ] [chunk_16_phase_1_setup.py] [info]   Signal cases: 3,465,261 (51.5%)
[LN33     ] [chunk_16_phase_1_setup.py] [info]   Normal cases: 3,261,955 (48.5%)
[LN34     ] [chunk_16_phase_1_setup.py] [info]   Imbalance ratio: 1.1:1
[LN35     ] [chunk_16_phase_1_setup.py] [info] [class] Class Distribution (LABEL_THRESHOLD=20.0):
[LN36     ] [chunk_16_phase_1_setup.py] [info]   Total samples: 184,408
[LN37     ] [chunk_16_phase_1_setup.py] [info]   Signal cases: 1,078 (0.6%)
[LN38     ] [chunk_16_phase_1_setup.py] [info]   Normal cases: 183,330 (99.4%)
[LN39     ] [chunk_16_phase_1_setup.py] [info]   Imbalance ratio: 170.1:1
[LN40     ] [chunk_16_phase_1_setup.py] [info] [class] Class Distribution (LABEL_THRESHOLD=10.0):
[LN41     ] [chunk_16_phase_1_setup.py] [info]   Total samples: 184,408
[LN42     ] [chunk_16_phase_1_setup.py] [info]   Signal cases: 4,028 (2.2%)
[LN43     ] [chunk_16_phase_1_setup.py] [info]   Normal cases: 180,380 (97.8%)
[LN44     ] [chunk_16_phase_1_setup.py] [info]   Imbalance ratio: 44.8:1
[LN45     ] [chunk_16_phase_1_setup.py] [info] [class] Class Distribution (LABEL_THRESHOLD= 0.0):
[LN46     ] [chunk_16_phase_1_setup.py] [info]   Total samples: 184,408
[LN47     ] [chunk_16_phase_1_setup.py] [info]   Signal cases: 96,187 (52.2%)
[LN48     ] [chunk_16_phase_1_setup.py] [info]   Normal cases: 88,221 (47.8%)
[LN49     ] [chunk_16_phase_1_setup.py] [info]   Imbalance ratio: 1.1:1
[stat] Feature Quality Analysis:
  feature_0: μ=20.155, σ=3.260, skew=-2.282, kurt=13.057, missing=0.0%
  feature_1: μ=2.407, σ=1.424, skew=0.539, kurt=0.238, missing=0.0%
  feature_2: μ=174.294, σ=9631.621, skew=77.075, kurt=5940.860, missing=0.0%
  feature_3: μ=174.301, σ=9629.500, skew=77.075, kurt=5940.990, missing=0.0%
  feature_4: μ=12.567, σ=2.518, skew=-1.380, kurt=5.004, missing=0.0%
  feature_5: μ=3.241, σ=1.354, skew=1.276, kurt=11.927, missing=0.0%
  feature_6: μ=2978.626, σ=1718.375, skew=0.001, kurt=-1.200, missing=0.0%
  feature_7: μ=15.580, σ=280.985, skew=48.162, kurt=2860.017, missing=0.0%
  feature_8: μ=23.444, σ=684.058, skew=226.882, kurt=58552.139, missing=0.0%
  feature_9: μ=5.731, σ=42.733, skew=6.912, kurt=199.408, missing=0.0%
  feature_10: μ=29.286, σ=170.829, skew=41.149, kurt=2349.695, missing=0.0%
  feature_11: μ=2246628.322, σ=8028566.877, skew=17.518, kurt=543.649, missing=0.0%
  feature_12: μ=12.614, σ=115.336, skew=56.531, kurt=4302.559, missing=0.0%
  feature_13: μ=2.780, σ=21.697, skew=6.463, kurt=185.925, missing=0.0%
  feature_14: μ=4.748, σ=42.156, skew=31.801, kurt=1736.359, missing=0.0%
  feature_15: μ=0.874, σ=13.308, skew=6.663, kurt=214.666, missing=0.0%
  feature_16: μ=4.065, σ=164.969, skew=74.589, kurt=6466.876, missing=0.0%
  feature_17: μ=50.725, σ=13.072, skew=-0.220, kurt=1.226, missing=0.0%
  feature_18: μ=0.797, σ=17.201, skew=41.595, kurt=3700.189, missing=0.0%
  feature_19: μ=1.613, σ=40.239, skew=228.326, kurt=69224.520, missing=0.0%
  feature_20: μ=0.249, σ=7.908, skew=91.709, kurt=17549.808, missing=0.0%
  feature_21: μ=719727.742, σ=58912719.073, skew=216.935, kurt=65297.922, missing=0.0%
  feature_22: μ=599872.079, σ=29642169.016, skew=50.562, kurt=2595.504, missing=0.0%
  feature_23: μ=719730.282, σ=58912719.042, skew=216.935, kurt=65297.922, missing=0.0%
[LN50     ] [chunk_16_phase_1_setup.py] [info] Data concentration: 184408 samples retained
[LN51     ] [chunk_16_phase_1_setup.py] [info] Data preprocessing complete: 24 features
[LN52     ] [chunk_16_phase_1_setup.py] [info]   Feature names (24): ['Market_Cap', '52W_Low', 'Prev_Close', 'Price', 'Volume', '52W_High', 'Ticker_id', 'Perf_YTD', 'Perf_Year', 'SMA200', 'Perf_Half_Y', 'Avg_Volume', 'Perf_Quarter', 'SMA50', 'Perf_Month', 'SMA20', 'ATR', 'RSI_14', 'Perf_Week', 'Rel_Volume', 'Change', 'Price_to_52W_High', 'Volume_to_Avg_Volume', 'Price_to_52W_Low']
[LN53     ] [chunk_16_phase_1_setup.py] [info] [data split] Summary:
[LN54     ] [chunk_16_phase_1_setup.py] [info]   Total: 184,408 samples, 32 dates
[LN55     ] [chunk_16_phase_1_setup.py] [info]   train: 119,310 samples (64.7%), dates < 20251009
[LN56     ] [chunk_16_phase_1_setup.py] [info]   validation: 53,254 samples (28.9%), dates >= 20251009
[LN57     ] [chunk_16_phase_1_setup.py] [info]   Inference: 11,844 samples (6.4%), date(s) = [20251022 20251023]
[LN58     ] [chunk_17_phase_3_temporal.py] [info] Processing 184408 samples with temporal weighting
[LN59     ] [chunk_17_phase_3_temporal.py] [info] Extracted 9 temporal features
[LN60     ] [chunk_17_phase_3_temporal.py] [info] Temporal weights: min=1.000, max=10.000, mean=5.815
[LN61     ] [chunk_XX_phase_feature_analysis_a.py] [info] Phase Xa: Raw Feature Importance Analysis - Starting with methods: ['correlation', 'tree', 'permutation', 'neural', 'shap', 'ablation']
[LN62     ] [chunk_XX_phase_feature_analysis_a.py] [info] Subsampling 184408 -> 100000 for feature analysis
[LN63     ] [chunk_XX_phase_feature_analysis_a.py] [info] Analyzing 24 raw features on 100000 samples
[LN64     ] [chunk_XX_feature_importance.py] [info] Starting feature importance analysis
[LN65     ] [chunk_XX_feature_importance.py] [info] Features: 24, Samples: 100000, Active methods: ['correlation', 'tree', 'permutation', 'neural', 'shap', 'ablation']
[LN66     ] [chunk_XX_feature_importance.py] [info]   method=1 method_total=6 method_name=Statistical_Correlation label_threshold=20.0 signal_rate=0.006010 kept=19 kept_total=24 duration=3.5 Change=0.039074 SMA20=0.029267 Perf_Half_Y=0.027114 Perf_Week=0.025437 Market_Cap=0.022944 Perf_YTD=0.022325 SMA50=0.021883 Perf_Month=0.020135 SMA200=0.015797 Volume=0.014794 Price_to_52W_High=0.013077 Avg_Volume=0.012839 Prev_Close=0.011708 Price=0.010687 Rel_Volume=0.010538 Price_to_52W_Low=0.009467 52W_Low=0.008245 Perf_Quarter=0.006703 52W_High=0.004509
[LN67     ] [chunk_XX_feature_importance.py] [info]   method=2 method_total=6 method_name=Tree_Based_Importance label_threshold=20.0 signal_rate=0.006010 kept=19 kept_total=24 duration=98.9 Change=0.123930 Rel_Volume=0.079487 Perf_Week=0.073312 SMA20=0.060209 Price_to_52W_High=0.054881 Volume=0.047913 52W_Low=0.046445 SMA50=0.044888 Perf_Month=0.043008 Perf_Half_Y=0.040931 Price=0.034667 Perf_Quarter=0.034433 Prev_Close=0.034244 Market_Cap=0.033762 Perf_YTD=0.032258 SMA200=0.028159 Avg_Volume=0.024867 Price_to_52W_Low=0.023422 52W_High=0.016539
[LN68     ] [chunk_XX_feature_importance.py] [info]   method=3 method_total=6 method_name=Permutation_Importance label_threshold=20.0 signal_rate=0.006010 kept=19 kept_total=24 baseline_auc=0.4995 duration=61.6 Price_to_52W_Low=0.000040 Avg_Volume=0.000000 Market_Cap=0.000000 Volume=0.000000 52W_High=0.000000 Prev_Close=0.000000 52W_Low=0.000000 Perf_YTD=0.000000 SMA200=0.000000 Perf_Half_Y=0.000000 Perf_Quarter=0.000000 SMA50=0.000000 Price=0.000000 SMA20=0.000000 Perf_Month=0.000000 Rel_Volume=0.000000 Perf_Week=0.000000 Price_to_52W_High=0.000000 Change=0.000000
[LN69     ] [chunk_XX_feature_importance.py] [info]   method=4 method_total=6 method_name=Neural_Weight_Analysis label_threshold=20.0 signal_rate=0.006010 kept=19 kept_total=24 duration=6.1 Price=0.170284 Perf_Month=0.166423 Perf_Quarter=0.161148 Volume=0.157269 52W_Low=0.152381 SMA200=0.147222 Market_Cap=0.144148 SMA50=0.141361 SMA20=0.140965 Perf_YTD=0.138261 Price_to_52W_High=0.135614 Perf_Week=0.135375 Prev_Close=0.132444 Change=0.132093 Rel_Volume=0.128746 52W_High=0.128305 Perf_Half_Y=0.120957 Price_to_52W_Low=0.120325 Avg_Volume=0.098172
[LN70     ] [chunk_XX_feature_importance.py] [info]   method=5 method_total=6 method_name=SHAP_Values label_threshold=20.0 signal_rate=0.006010 kept=19 kept_total=24 duration=13.9 Market_Cap=0.000000 52W_Low=0.000000 Prev_Close=0.000000 Price=0.000000 Volume=0.000000 52W_High=0.000000 Perf_YTD=0.000000 SMA200=0.000000 Perf_Half_Y=0.000000 Avg_Volume=0.000000 Perf_Quarter=0.000000 SMA50=0.000000 Perf_Month=0.000000 SMA20=0.000000 Perf_Week=0.000000 Rel_Volume=0.000000 Change=0.000000 Price_to_52W_High=0.000000 Price_to_52W_Low=0.000000
[LN71     ] [chunk_XX_feature_importance.py] [info]   method=6 method_total=6 method_name=Ablation_Study label_threshold=20.0 signal_rate=0.006010 kept=19 kept_total=24 duration=134.2 52W_Low=0.838045 Change=0.782477 Price_to_52W_High=0.779653 Prev_Close=0.773740 Price=0.769473 Market_Cap=0.766716 Perf_Week=0.754357 SMA50=0.714784 SMA20=0.678158 52W_High=0.672582 Rel_Volume=0.672483 Price_to_52W_Low=0.651562 SMA200=0.594751 Perf_Half_Y=0.499406 Avg_Volume=0.449314 Perf_Month=0.422859 Volume=0.395591 Perf_Quarter=0.354457 Perf_YTD=0.296827
[LN72     ] [chunk_XX_feature_importance.py] [info]   consolidated_ranking label_threshold=20.0 signal_rate=0.006010 kept=19 kept_total=24 rank=1 52W_Low=10.58 rank=2 Change=11.25 rank=3 Price_to_52W_High=11.75 rank=4 Market_Cap=13.08 rank=5 Volume=14.25 rank=6 Perf_Week=14.42 rank=6 Price=14.42 rank=8 SMA20=14.92 rank=9 SMA50=15.42 rank=10 Rel_Volume=15.92 rank=10 Perf_Half_Y=15.92 rank=12 Perf_Month=16.25 rank=13 Prev_Close=17.08 rank=14 Price_to_52W_Low=17.42 rank=15 52W_High=17.92 rank=16 Perf_Quarter=18.25 rank=17 SMA200=18.42 rank=17 Avg_Volume=18.42 rank=19 Perf_YTD=18.75
[LN73     ] [chunk_XX_feature_importance.py] [info]   consolidated_pruning label_threshold=20.0 signal_rate=0.006010 pruned=5 pruned_total=24 rank=20 Volume_to_Avg_Volume=19.75 rank=21 Perf_Year=20.25 rank=22 RSI_14=21.42 rank=23 Ticker_id=22.08 rank=23 ATR=22.08
[LN74     ] [chunk_XX_feature_importance.py] [info]   method=1 method_total=6 method_name=Statistical_Correlation label_threshold=10.0 signal_rate=0.021820 kept=19 kept_total=24 duration=3.1 Change=0.039074 SMA20=0.029267 Perf_Half_Y=0.027114 Perf_Week=0.025437 Market_Cap=0.022944 Perf_YTD=0.022325 SMA50=0.021883 Perf_Month=0.020135 Perf_Year=0.017532 SMA200=0.015797 Volume=0.014794 Price_to_52W_High=0.013077 Prev_Close=0.011708 Price=0.010687 Rel_Volume=0.010538 Price_to_52W_Low=0.009467 52W_Low=0.008245 52W_High=0.004509 ATR=0.004374
[LN75     ] [chunk_XX_feature_importance.py] [info]   method=2 method_total=6 method_name=Tree_Based_Importance label_threshold=10.0 signal_rate=0.021820 kept=19 kept_total=24 duration=101.3 Change=0.134043 52W_Low=0.128813 Perf_Week=0.078741 SMA20=0.064610 SMA50=0.048782 Price_to_52W_High=0.047140 Perf_Month=0.045848 Rel_Volume=0.042645 Volume=0.037563 Perf_Half_Y=0.034043 Prev_Close=0.030506 Market_Cap=0.029721 ATR=0.029399 Perf_Year=0.028709 SMA200=0.028234 Perf_YTD=0.027448 Price=0.027223 Price_to_52W_Low=0.020843 52W_High=0.016063
[LN76     ] [chunk_XX_feature_importance.py] [info]   method=3 method_total=6 method_name=Permutation_Importance label_threshold=10.0 signal_rate=0.021820 kept=19 kept_total=24 baseline_auc=0.4999 duration=62.6 Market_Cap=0.000066 Perf_Year=0.000015 Prev_Close=0.000000 Price=0.000000 Volume=0.000000 52W_High=0.000000 52W_Low=0.000000 Perf_YTD=0.000000 SMA200=0.000000 Perf_Half_Y=0.000000 SMA50=0.000000 Perf_Month=0.000000 SMA20=0.000000 ATR=0.000000 Perf_Week=0.000000 Rel_Volume=0.000000 Change=0.000000 Price_to_52W_High=0.000000 Price_to_52W_Low=0.000000
[LN77     ] [chunk_XX_feature_importance.py] [info]   method=4 method_total=6 method_name=Neural_Weight_Analysis label_threshold=10.0 signal_rate=0.021820 kept=19 kept_total=24 duration=5.6 Price_to_52W_High=0.146876 SMA200=0.143316 ATR=0.142369 Volume=0.141930 SMA50=0.140978 Perf_Week=0.140435 52W_High=0.139845 Perf_Half_Y=0.137458 Perf_YTD=0.136820 Price_to_52W_Low=0.136263 Price=0.134273 SMA20=0.134134 Change=0.134073 52W_Low=0.133920 Prev_Close=0.130934 Perf_Year=0.128132 Perf_Month=0.126807 Market_Cap=0.126158 Rel_Volume=0.116206
[LN78     ] [chunk_XX_feature_importance.py] [info]   method=5 method_total=6 method_name=SHAP_Values label_threshold=10.0 signal_rate=0.021820 kept=19 kept_total=24 duration=13.4 Market_Cap=0.000000 52W_Low=0.000000 Prev_Close=0.000000 Price=0.000000 Volume=0.000000 52W_High=0.000000 Perf_YTD=0.000000 Perf_Year=0.000000 SMA200=0.000000 Perf_Half_Y=0.000000 SMA50=0.000000 Perf_Month=0.000000 SMA20=0.000000 ATR=0.000000 Perf_Week=0.000000 Rel_Volume=0.000000 Change=0.000000 Price_to_52W_High=0.000000 Price_to_52W_Low=0.000000
[LN79     ] [chunk_XX_feature_importance.py] [info]   method=6 method_total=6 method_name=Ablation_Study label_threshold=10.0 signal_rate=0.021820 kept=19 kept_total=24 duration=137.1 52W_Low=0.795904 Change=0.762482 Perf_Week=0.744253 SMA20=0.741440 Prev_Close=0.741262 Price_to_52W_High=0.740984 Price=0.738467 Market_Cap=0.715757 Perf_Month=0.711094 SMA50=0.697477 52W_High=0.668119 SMA200=0.664939 Price_to_52W_Low=0.641211 Rel_Volume=0.641102 Volume=0.585961 Perf_YTD=0.583518 ATR=0.582270 Perf_Year=0.512675 Perf_Half_Y=0.497772
[LN80     ] [chunk_XX_feature_importance.py] [info]   consolidated_ranking label_threshold=10.0 signal_rate=0.021820 kept=19 kept_total=24 rank=1 Price_to_52W_High=10.58 rank=2 Change=10.92 rank=3 52W_Low=11.25 rank=4 Perf_Week=12.58 rank=5 Market_Cap=13.25 rank=6 Volume=13.92 rank=7 SMA20=14.58 rank=7 Perf_Half_Y=14.58 rank=9 SMA50=14.75 rank=10 52W_High=16.42 rank=11 Perf_Month=16.92 rank=12 SMA200=17.08 rank=12 Prev_Close=17.08 rank=14 Price_to_52W_Low=17.42 rank=14 Perf_YTD=17.42 rank=16 Price=17.58 rank=17 Rel_Volume=18.42 rank=18 ATR=18.58 rank=19 Perf_Year=18.75
[LN81     ] [chunk_XX_feature_importance.py] [info]   consolidated_pruning label_threshold=10.0 signal_rate=0.021820 pruned=5 pruned_total=24 rank=20 Avg_Volume=20.75 rank=20 Perf_Quarter=20.75 rank=22 Ticker_id=20.92 rank=23 Volume_to_Avg_Volume=21.58 rank=24 RSI_14=23.92
[LN82     ] [chunk_XX_feature_importance.py] [info]   method=1 method_total=6 method_name=Statistical_Correlation label_threshold=0.0 signal_rate=0.520600 kept=19 kept_total=24 duration=3.8 Change=0.039074 SMA20=0.029267 Perf_Half_Y=0.027114 Perf_Week=0.025437 Market_Cap=0.022944 Perf_YTD=0.022325 SMA50=0.021883 Perf_Month=0.020135 Perf_Year=0.017532 SMA200=0.015797 Volume=0.014794 Price_to_52W_High=0.013077 Prev_Close=0.011708 Price=0.010687 Rel_Volume=0.010538 Price_to_52W_Low=0.009467 52W_Low=0.008245 52W_High=0.004509 ATR=0.004374
[LN83     ] [chunk_XX_feature_importance.py] [info]   method=2 method_total=6 method_name=Tree_Based_Importance label_threshold=0.0 signal_rate=0.520600 kept=19 kept_total=24 duration=95.2 Change=0.117935 Volume=0.092564 ATR=0.080767 SMA20=0.054447 Rel_Volume=0.050966 Perf_Week=0.048475 SMA50=0.044976 Perf_Half_Y=0.043197 Perf_Month=0.036366 Market_Cap=0.034730 SMA200=0.032872 Perf_YTD=0.031792 52W_Low=0.031476 Price_to_52W_High=0.030956 Price_to_52W_Low=0.028696 Prev_Close=0.027133 Perf_Year=0.026467 Price=0.025959 52W_High=0.023633
[LN84     ] [chunk_XX_feature_importance.py] [info]   method=3 method_total=6 method_name=Permutation_Importance label_threshold=0.0 signal_rate=0.520600 kept=19 kept_total=24 baseline_auc=0.4999 duration=59.8 Price_to_52W_Low=0.000102 Perf_YTD=0.000066 Price=0.000025 ATR=0.000019 Prev_Close=0.000012 Perf_Half_Y=0.000008 Market_Cap=0.000000 Volume=0.000000 Perf_Year=0.000000 SMA200=0.000000 SMA50=0.000000 52W_High=0.000000 52W_Low=0.000000 SMA20=0.000000 Perf_Month=0.000000 Perf_Week=0.000000 Rel_Volume=0.000000 Change=0.000000 Price_to_52W_High=0.000000
[LN85     ] [chunk_XX_feature_importance.py] [info]   method=4 method_total=6 method_name=Neural_Weight_Analysis label_threshold=0.0 signal_rate=0.520600 kept=19 kept_total=24 duration=5.3 Perf_Month=0.147577 Rel_Volume=0.145320 52W_High=0.142484 SMA20=0.142126 Perf_Half_Y=0.142113 Price_to_52W_High=0.140741 Perf_Week=0.139759 Perf_YTD=0.138795 Perf_Year=0.136228 SMA50=0.136186 Market_Cap=0.135639 SMA200=0.132914 Change=0.132496 Prev_Close=0.131807 Price=0.126463 ATR=0.124237 Volume=0.123117 52W_Low=0.120402 Price_to_52W_Low=0.120382
[LN86     ] [chunk_XX_feature_importance.py] [info]   method=5 method_total=6 method_name=SHAP_Values label_threshold=0.0 signal_rate=0.520600 kept=19 kept_total=24 duration=15.1 Prev_Close=0.000211 Price=0.000208 Perf_YTD=0.000181 Perf_Year=0.000142 Perf_Half_Y=0.000093 SMA200=0.000072 Price_to_52W_Low=0.000044 Perf_Month=0.000025 SMA50=0.000023 Price_to_52W_High=0.000016 Change=0.000016 SMA20=0.000010 Rel_Volume=0.000004 Market_Cap=0.000004 52W_Low=0.000003 Volume=0.000002 Perf_Week=0.000002 ATR=0.000001 52W_High=0.000001
[LN87     ] [chunk_XX_feature_importance.py] [info]   method=6 method_total=6 method_name=Ablation_Study label_threshold=0.0 signal_rate=0.520600 kept=19 kept_total=24 duration=119.2 Change=0.530670 SMA20=0.525055 ATR=0.519985 Rel_Volume=0.519934 Perf_Month=0.519885 SMA50=0.518252 Perf_Half_Y=0.517910 52W_High=0.516205 SMA200=0.514134 Volume=0.514056 Perf_Year=0.513744 Perf_Week=0.513462 52W_Low=0.510158 Price=0.508783 Prev_Close=0.508302 Price_to_52W_High=0.506790 Perf_YTD=0.503517 Market_Cap=0.496342 Price_to_52W_Low=0.490440
[LN88     ] [chunk_XX_feature_importance.py] [info]   consolidated_ranking label_threshold=0.0 signal_rate=0.520600 kept=19 kept_total=24 rank=1 Perf_Half_Y=9.33 rank=2 Change=11.50 rank=4 Perf_Month=13.83 rank=4 SMA20=13.83 rank=4 Rel_Volume=13.83 rank=6 Perf_YTD=14.17 rank=7 SMA50=15.50 rank=7 Price_to_52W_High=15.50 rank=9 Volume=15.83 rank=10 Perf_Week=16.50 rank=11 Market_Cap=17.00 rank=11 ATR=17.00 rank=13 Prev_Close=17.17 rank=14 52W_High=17.33 rank=15 SMA200=17.50 rank=16 Price=17.67 rank=17 52W_Low=17.83 rank=18 Price_to_52W_Low=18.00 rank=19 Perf_Year=18.50
[LN89     ] [chunk_XX_feature_importance.py] [info]   consolidated_pruning label_threshold=0.0 signal_rate=0.520600 pruned=5 pruned_total=24 rank=20 Perf_Quarter=18.67 rank=21 Ticker_id=19.33 rank=22 Avg_Volume=19.50 rank=23 RSI_14=20.00 rank=24 Volume_to_Avg_Volume=24.67
[LN90     ] [chunk_XX_feature_importance.py] [info] cross_threshold always_pruned=RSI_14 ,Ticker_id ,Volume_to_Avg_Volume
[LN91     ] [chunk_XX_feature_importance.py] [info] cross_threshold never_pruned=52W_High ,52W_Low ,Change ,Market_Cap ,Perf_Half_Y ,Perf_Month ,Perf_Week ,Perf_YTD ,Prev_Close ,Price ,Price_to_52W_High ,Price_to_52W_Low ,Rel_Volume ,SMA20 ,SMA200 ,SMA50 ,Volume
[LN92     ] [chunk_XX_feature_importance.py] [info] cross_threshold borderline=ATR:1 ,Avg_Volume:2 ,Perf_Quarter:2 ,Perf_Year:1
[LN93     ] [chunk_XX_feature_importance.py] [info] Computing feature correlation matrix
[LN94     ] [chunk_XX_feature_importance.py] [info] total time: 937.1s (15.6 min)
[LN95     ] [chunk_XX_feature_importance.py] [info] features: 24 total -> 19 kept, 5 pruned
[LN96     ] [chunk_XX_feature_importance.py] [info] dropped: ['Ticker_id', 'Perf_Year', 'ATR', 'RSI_14', 'Volume_to_Avg_Volume']
[LN97     ] [chunk_XX_feature_importance.py] [info] FEATURE IMPORTANCE ANALYSIS REPORT

Original features: 24 | After pruning: 19 | Dropped: 5
runtime_total=15.6min correlation=3.5s tree=98.9s permutation=61.6s neural=6.1s shap=13.9s ablation=134.2s

Dropped features: ['Ticker_id', 'Perf_Year', 'ATR', 'RSI_14', 'Volume_to_Avg_Volume']
Kept features: ['52W_Low', 'Change', 'Price_to_52W_High', 'Market_Cap', 'Volume', 'Perf_Week', 'Price', 'SMA20', 'SMA50', 'Rel_Volume', 'Perf_Half_Y', 'Perf_Month', 'Prev_Close', 'Price_to_52W_Low', '52W_High', 'Perf_Quarter', 'SMA200', 'Avg_Volume', 'Perf_YTD']
CONSOLIDATED RANKING (1 = most important)
             feature  mean_rank  consolidated_rank
             52W_Low  10.583333                1.0
              Change  11.250000                2.0
   Price_to_52W_High  11.750000                3.0
          Market_Cap  13.083333                4.0
              Volume  14.250000                5.0
           Perf_Week  14.416667                6.5
               Price  14.416667                6.5
               SMA20  14.916667                8.0
               SMA50  15.416667                9.0
          Rel_Volume  15.916667               10.5
         Perf_Half_Y  15.916667               10.5
          Perf_Month  16.250000               12.0
          Prev_Close  17.083333               13.0
    Price_to_52W_Low  17.416667               14.0
            52W_High  17.916667               15.0
        Perf_Quarter  18.250000               16.0
              SMA200  18.416667               17.5
          Avg_Volume  18.416667               17.5
            Perf_YTD  18.750000               19.0
Volume_to_Avg_Volume  19.750000               20.0
           Perf_Year  20.250000               21.0
              RSI_14  21.416667               22.0
           Ticker_id  22.083333               23.5
                 ATR  22.083333               23.5
FEATURE IMPORTANCE RANKING PER METHOD
Spearman Correlation:
               feature  rank  spearman_abs
         Perf_Half_Y  20.0      0.027114
              Change  22.0      0.039074
   Price_to_52W_High  23.0      0.013077
             52W_Low  23.0      0.008245
          Market_Cap  24.0      0.022944
              Volume  27.0      0.014794
            52W_High  30.0      0.004509
          Avg_Volume  34.0      0.012839
    Price_to_52W_Low  34.0      0.009467
            Perf_YTD  35.0      0.022325
           Perf_Week  36.0      0.025437
          Rel_Volume  39.0      0.010538
               SMA20  40.0      0.029267
          Perf_Month  40.0      0.020135
               SMA50  41.0      0.021883
Volume_to_Avg_Volume  42.0      0.012691
               Price  43.0      0.010687
          Prev_Close  44.0      0.011708
        Perf_Quarter  45.0      0.006703
           Perf_Year  46.0      0.017532
              SMA200  46.0      0.015797
                 ATR  50.0      0.004374
              RSI_14  50.0      0.024981
           Ticker_id  66.0      0.002931

Tree Importance (Random Forest + Gradient Boosting):
               feature  rank  combined_importance
              Change   1.0             0.123930
          Rel_Volume   2.0             0.079487
           Perf_Week   3.0             0.073312
               SMA20   4.0             0.060209
   Price_to_52W_High   5.0             0.054881
              Volume   6.0             0.047913
             52W_Low   7.0             0.046445
               SMA50   8.0             0.044888
          Perf_Month   9.0             0.043008
         Perf_Half_Y  10.0             0.040931
               Price  11.0             0.034667
        Perf_Quarter  12.0             0.034433
          Prev_Close  13.0             0.034244
          Market_Cap  14.0             0.033762
            Perf_YTD  15.0             0.032258
           Perf_Year  16.0             0.031075
              SMA200  17.0             0.028159
           Ticker_id  18.0             0.026285
          Avg_Volume  19.0             0.024867
              RSI_14  20.0             0.024657
                 ATR  21.0             0.024368
    Price_to_52W_Low  22.0             0.023422
            52W_High  23.0             0.016539
Volume_to_Avg_Volume  24.0             0.016260

Permutation Importance:
               feature  rank
Volume_to_Avg_Volume   1.0
    Price_to_52W_Low   2.0
          Avg_Volume   3.0
          Market_Cap  14.0
              Volume  14.0
            52W_High  14.0
          Prev_Close  14.0
             52W_Low  14.0
            Perf_YTD  14.0
           Perf_Year  14.0
              SMA200  14.0
         Perf_Half_Y  14.0
        Perf_Quarter  14.0
               SMA50  14.0
           Ticker_id  14.0
               Price  14.0
               SMA20  14.0
          Perf_Month  14.0
                 ATR  14.0
              RSI_14  14.0
          Rel_Volume  14.0
           Perf_Week  14.0
   Price_to_52W_High  14.0
              Change  14.0

Neural Weight Magnitude:
               feature  rank
               Price   1.0
          Perf_Month   2.0
        Perf_Quarter   3.0
              Volume   4.0
           Ticker_id   5.0
             52W_Low   6.0
              SMA200   7.0
          Market_Cap   8.0
               SMA50   9.0
               SMA20  10.0
              RSI_14  11.0
            Perf_YTD  12.0
   Price_to_52W_High  13.0
           Perf_Week  14.0
          Prev_Close  15.0
              Change  16.0
          Rel_Volume  17.0
            52W_High  18.0
                 ATR  19.0
           Perf_Year  20.0
         Perf_Half_Y  21.0
    Price_to_52W_Low  22.0
          Avg_Volume  23.0
Volume_to_Avg_Volume  24.0

SHAP Values:
               feature  rank  mean_abs_shap
          Market_Cap  12.5            0.0
             52W_Low  12.5            0.0
          Prev_Close  12.5            0.0
               Price  12.5            0.0
              Volume  12.5            0.0
            52W_High  12.5            0.0
           Ticker_id  12.5            0.0
            Perf_YTD  12.5            0.0
           Perf_Year  12.5            0.0
              SMA200  12.5            0.0
         Perf_Half_Y  12.5            0.0
          Avg_Volume  12.5            0.0
        Perf_Quarter  12.5            0.0
               SMA50  12.5            0.0
          Perf_Month  12.5            0.0
               SMA20  12.5            0.0
                 ATR  12.5            0.0
              RSI_14  12.5            0.0
           Perf_Week  12.5            0.0
          Rel_Volume  12.5            0.0
              Change  12.5            0.0
   Price_to_52W_High  12.5            0.0
Volume_to_Avg_Volume  12.5            0.0
    Price_to_52W_Low  12.5            0.0

Ablation Study (AUC):
               feature  rank      auc
             52W_Low   1.0 0.838045
              Change   2.0 0.782477
   Price_to_52W_High   3.0 0.779653
          Prev_Close   4.0 0.773740
               Price   5.0 0.769473
          Market_Cap   6.0 0.766716
           Perf_Week   7.0 0.754357
               SMA50   8.0 0.714784
               SMA20   9.0 0.678158
            52W_High  10.0 0.672582
          Rel_Volume  11.0 0.672483
    Price_to_52W_Low  12.0 0.651562
           Perf_Year  13.0 0.609114
              SMA200  14.0 0.594751
Volume_to_Avg_Volume  15.0 0.583212
                 ATR  16.0 0.574281
           Ticker_id  17.0 0.513050
         Perf_Half_Y  18.0 0.499406
          Avg_Volume  19.0 0.449314
          Perf_Month  20.0 0.422859
              RSI_14  21.0 0.396836
              Volume  22.0 0.395591
        Perf_Quarter  23.0 0.354457
            Perf_YTD  24.0 0.296827
[LN98     ] [chunk_XX_feature_importance.py] [info] Report saved to ./feature_importance_report.txt
[LN99     ] [chunk_XX_feature_importance.py] [info] Consolidated ranking saved to ./feature_importance_report.csv
[LN100    ] [chunk_XX_feature_importance.py] [info] Metadata saved to ./feature_importance_report_meta.json
[LN101    ] [chunk_XX_phase_feature_analysis_a.py] [info] complete: 24 raw features (per-threshold pruning stored)
[LN102    ] [chunk_XX_phase_feature_analysis_a.py] [info]   First threshold (20.0): 19 kept
[LN103    ] [chunk_20_pipeline_main.py] [info] [skip] Phase Xa: Raw Feature Importance validation skipped (no validator)
[LN104    ] [chunk_18_phase_4_ensemble.py] [info] Target column: ChangeY
[LN105    ] [chunk_18_phase_4_ensemble.py] [info] Features (24): ['Market_Cap', '52W_Low', 'Prev_Close', 'Price', 'Volume', '52W_High', 'Ticker_id', 'Perf_YTD', 'Perf_Year', 'SMA200', 'Perf_Half_Y', 'Avg_Volume', 'Perf_Quarter', 'SMA50', 'Perf_Month', 'SMA20', 'ATR', 'RSI_14', 'Perf_Week', 'Rel_Volume', 'Change', 'Price_to_52W_High', 'Volume_to_Avg_Volume', 'Price_to_52W_Low']
[LN106    ] [chunk_18_phase_4_ensemble.py] [info] Per-threshold feature pruning loaded for 3 thresholds
[LN107    ] [chunk_18_phase_4_ensemble.py] [info] Training ensemble on 184408 samples
[LN108    ] [chunk_18_phase_4_ensemble.py] [info] Date split: 32 total, top 2 held out (TOP_DATES_HELD_OUT=2)
[LN109    ] [chunk_18_phase_4_ensemble.py] [info]   Remaining dates: 30 (after excluding top 2)
[LN110    ] [chunk_18_phase_4_ensemble.py] [info]   Validation split: 30% = 9 dates
[LN111    ] [chunk_18_phase_4_ensemble.py] [info]   Training split: 70% = 21 dates
[LN112    ] [chunk_18_phase_4_ensemble.py] [info] Training set: 119,310 rows, 21 unique dates
[LN113    ] [chunk_18_phase_4_ensemble.py] [info] Validation set: 53,254 rows, 9 unique dates
[LN114    ] [chunk_18_phase_4_ensemble.py] [info] [stat] split ratio: train=70.0% | validation=30.0%
[LN115    ] [chunk_18_phase_4_ensemble.py] [info] [stat] Class Distribution at Label Thresholds (20.0 to 0.0, step -10.0):
[LN116    ] [chunk_18_phase_4_ensemble.py] [info]    LABEL_THRESHOLD= 20.0: train_positives=689 ( 0.58%) | validation_positives=336 ( 0.63%) [ok]
[LN117    ] [chunk_18_phase_4_ensemble.py] [info]    LABEL_THRESHOLD= 10.0: train_positives=2,554 ( 2.14%) | validation_positives=1,197 ( 2.25%) [ok]
[LN118    ] [chunk_18_phase_4_ensemble.py] [info]    LABEL_THRESHOLD=  0.0: train_positives=59,721 (50.06%) | validation_positives=28,774 (54.03%) [ok]
[LN119    ] [chunk_18_phase_4_ensemble.py] [info] [section 1] [baseline] Training 9 architectures
[LN120    ] [chunk_18_phase_4_ensemble.py] [info] [section 1] [baseline] Testing 3 thresholds per architecture (20.0 to 0.0, step -10.0)
[LN121    ] [chunk_18_phase_4_ensemble.py] [info] [CatBoost] Winsorization: LOW=1 HIGH=99 (training-only percentiles)
[LN122    ] [chunk_18_phase_4_ensemble.py] [info] [section 1] [CATBOOST] [baseline] LABEL_THRESHOLD=20.0,
[LN123    ] [chunk_18_phase_4_ensemble.py] [info] [section 1] [CATBOOST] [baseline] predictions: mean=0.0257, std=0.0825, min=0.0000, max=0.9649
[LN124    ] [chunk_18_phase_4_ensemble.py] [info] [section 1] [CATBOOST] [baseline]  cumulative binary_split_predictions (1%) ≤ 0.0000, (5%) ≤ 0.0001, (10%) ≤ 0.0001, (25%) ≤ 0.0003, (50%) ≤ 0.0015, (75%) ≤ 0.0111, (90%) ≤ 0.0573, (95%) ≤ 0.1306, (99%) ≤ 0.4726, max=0.9649 binary_split_predictions distribution: 74% ≤ 0.01, 81% ≤ 0.02, 89% ≤ 0.05, 94% ≤ 0.1, 97% ≤ 0.2, 99% ≤ 0.5, 1% ≥ 0.50
[LN125    ] [chunk_18_phase_4_ensemble.py] [info] [section 1] [CATBOOST] [baseline] prediction_binary_split=0.50, VALIDATION predictions at LABEL_THRESHOLD=20.0: 0.88%
[LN126    ] [chunk_18_phase_4_ensemble.py] [info] [section 1] [CATBOOST] [baseline] LABEL_THRESHOLD=20.0,
[LN127    ] [chunk_18_phase_4_ensemble.py] [info] [section 1] [CATBOOST] [baseline] VALIDATION_PRECISION=0.0618 VALIDATION_TRUE_POSITIVES=29 VALIDATION_TRUE_NEGATIVES=52478 validation_false_positives=440 validation_false_negatives=307 validation_max_prediction=0.9649 validation_mean_prediction=0.0257 validation_recall=0.0863 validation_f1=0.0720 validation_auc=0.8382 validation_specificity=0.9917 validation_false_positive_rate=0.0083 validation_f2=0.0800 validation_mcc=0.0661 validation_prauc=0.0342 validation_balanced_accuracy=0.5390 validation_brier=0.0120 validation_kappa=0.0652 validation_informedness=0.0780 validation_markedness=0.0535 validation_gini=0.6763 validation_optimal_threshold=0.0156 validation_standard_deviation_prediction=0.0825 validation_percentage_above_threshold=0.88
[LN128    ] [chunk_18_phase_4_ensemble.py] [info] [section 1] [CATBOOST] [baseline] prediction_binary_split=0.50 loss=binary_crossentropy, lr=0.001
[LN129    ] [chunk_12_evaluation_evaluator.py] [info] [CATBOOST] label_threshold=20.0 train_below_prediction_binary_split=118,621 train_above_prediction_binary_split=689 train_positive_found=true val_below_prediction_binary_split=52,918 val_above_prediction_binary_split=336 val_positive_found=true
[LN130    ] [chunk_12_evaluation_evaluator.py] [info] [reject] threshold=20.0 action=skipped reason=insufficient_positive_predictions positive_predictions=47 minimum_positive_required=53
[LN131    ] [chunk_12_evaluation_evaluator.py] [info] [CATBOOST] label_threshold=10.0 train_below_prediction_binary_split=116,756 train_above_prediction_binary_split=2,554 train_positive_found=true val_below_prediction_binary_split=52,057 val_above_prediction_binary_split=1,197 val_positive_found=true
[LN132    ] [chunk_12_evaluation_evaluator.py] [info] [CATBOOST] [diagnostic] LABEL_THRESHOLD=10.0 train_precision=0.8809 train_true_positives=1879 train_true_negatives=116502 train_false_positives=254 train_false_negatives=675 train_max_prediction=0.9738 train_mean_prediction=0.0694 train_recall=0.7357 train_f1=0.8018 train_auc=0.9860 train_specificity=0.9978 train_false_positive_rate=0.0022 train_f2=0.7608 train_mcc=0.8012 train_prauc=0.8613 train_balanced_accuracy=0.8668 train_brier=0.0146 train_kappa=0.7979 train_informedness=0.7335 train_markedness=0.8787 train_gini=0.9720 train_optimal_threshold=0.2423 train_standard_deviation_prediction=0.1198 train_percentage_above_threshold=1.79
[LN133    ] [chunk_12_evaluation_evaluator.py] [info] [CATBOOST] [diagnostic] LABEL_THRESHOLD=10.0 VALIDATION_PRECISION=0.1544 VALIDATION_TRUE_POSITIVES=65 VALIDATION_TRUE_NEGATIVES=51701 validation_false_positives=356 validation_false_negatives=1132 validation_max_prediction=0.9085 validation_mean_prediction=0.0642 validation_recall=0.0543 validation_f1=0.0803 validation_auc=0.8470 validation_specificity=0.9932 validation_false_positive_rate=0.0068 validation_f2=0.0624 validation_mcc=0.0794 validation_prauc=0.0919 validation_balanced_accuracy=0.5237 validation_brier=0.0284 validation_kappa=0.0695 validation_informedness=0.0475 validation_markedness=0.1476 validation_gini=0.6940 validation_optimal_threshold=0.0529 validation_standard_deviation_prediction=0.1050 validation_percentage_above_threshold=0.79
[LN134    ] [chunk_12_evaluation_evaluator.py] [info] [CATBOOST] label_threshold=0.0 train_below_prediction_binary_split=59,589 train_above_prediction_binary_split=59,721 train_positive_found=true val_below_prediction_binary_split=24,480 val_above_prediction_binary_split=28,774 val_positive_found=true
[LN135    ] [chunk_12_evaluation_evaluator.py] [info] [CATBOOST] [diagnostic] LABEL_THRESHOLD=0.0 train_precision=0.6765 train_true_positives=40198 train_true_negatives=40368 train_false_positives=19221 train_false_negatives=19523 train_max_prediction=0.9905 train_mean_prediction=0.5003 train_recall=0.6731 train_f1=0.6748 train_auc=0.7485 train_specificity=0.6774 train_false_positive_rate=0.3226 train_f2=0.6738 train_mcc=0.3505 train_prauc=0.7489 train_balanced_accuracy=0.6753 train_brier=0.2172 train_kappa=0.3505 train_informedness=0.3505 train_markedness=0.3540 train_gini=0.4970 train_optimal_threshold=0.5087 train_standard_deviation_prediction=0.1050 train_percentage_above_threshold=49.80
[LN136    ] [chunk_12_evaluation_evaluator.py] [info] [CATBOOST] [diagnostic] LABEL_THRESHOLD=0.0 VALIDATION_PRECISION=0.5225 VALIDATION_TRUE_POSITIVES=12980 VALIDATION_TRUE_NEGATIVES=12618 validation_false_positives=11862 validation_false_negatives=15794 validation_max_prediction=0.9905 validation_mean_prediction=0.4989 validation_recall=0.4511 validation_f1=0.4842 validation_auc=0.4765 validation_specificity=0.5154 validation_false_positive_rate=0.4846 validation_f2=0.4638 validation_mcc=-0.0334 validation_prauc=0.5466 validation_balanced_accuracy=0.4833 validation_brier=0.2656 validation_kappa=-0.0331 validation_informedness=-0.0335 validation_markedness=0.0379 validation_gini=0.0000 validation_optimal_threshold=0.6930 validation_standard_deviation_prediction=0.1153 validation_percentage_above_threshold=46.65
[LN137    ] [chunk_18_phase_4_ensemble.py] [info] [section 1] [CATBOOST] [label_threshold_optimal]  cumulative binary_split_predictions (1%) ≤ 0.2745, (5%) ≤ 0.3282, (10%) ≤ 0.3596, (25%) ≤ 0.4166, (50%) ≤ 0.4907, (75%) ≤ 0.5704, (90%) ≤ 0.6462, (95%) ≤ 0.6934, (99%) ≤ 0.8227, max=0.9905 binary_split_predictions distribution: 0% ≤ 0.01, 0% ≤ 0.02, 0% ≤ 0.05, 0% ≤ 0.1, 0% ≤ 0.2, 53% ≤ 0.5, 47% ≥ 0.50
[LN138    ] [chunk_18_phase_4_ensemble.py] [info] [section 1] [CATBOOST] [label_threshold_optimal] LABEL_THRESHOLD=0.0
[LN139    ] [chunk_18_phase_4_ensemble.py] [info] [section 1] [CATBOOST] [label_threshold_optimal] train_precision=0.6765 train_true_positives=40198 train_true_negatives=40368 train_false_positives=19221 train_false_negatives=19523 train_max_prediction=0.9905 train_mean_prediction=0.5003 train_recall=0.6731 train_f1=0.6748 train_auc=0.7485 train_specificity=0.6774 train_false_positive_rate=0.3226 train_f2=0.6738 train_mcc=0.3505 train_prauc=0.7489 train_balanced_accuracy=0.6753 train_brier=0.2172 train_kappa=0.3505 train_informedness=0.3505 train_markedness=0.3540 train_gini=0.4970 train_optimal_threshold=0.5087 train_standard_deviation_prediction=0.1050 train_percentage_above_threshold=49.80
[LN140    ] [chunk_18_phase_4_ensemble.py] [info] [section 1] [CATBOOST] [label_threshold_optimal] VALIDATION_PRECISION=0.5225 VALIDATION_TRUE_POSITIVES=12980 VALIDATION_TRUE_NEGATIVES=12618 validation_false_positives=11862 validation_false_negatives=15794 validation_max_prediction=0.9905 validation_mean_prediction=0.4989 validation_recall=0.4511 validation_f1=0.4842 validation_auc=0.4765 validation_specificity=0.5154 validation_false_positive_rate=0.4846 validation_f2=0.4638 validation_mcc=-0.0334 validation_prauc=0.5466 validation_balanced_accuracy=0.4833 validation_brier=0.2656 validation_kappa=-0.0331 validation_informedness=-0.0335 validation_markedness=0.0379 validation_gini=0.0000 validation_optimal_threshold=0.6930 validation_standard_deviation_prediction=0.1153 validation_percentage_above_threshold=46.65
[LN141    ] [chunk_18_phase_4_ensemble.py] [info] [section 1] [CATBOOST] [label_threshold_optimal] prediction_binary_split=0.50
[LN142    ] [chunk_21_hyperparam_optimizer.py] [info] [section 2] [CATBOOST] [hyperparameter_optimization search] Running Bayesian optimization (5 trials)...
[LN143    ] [chunk_21_hyperparam_optimizer.py] [info] [section 2] [CATBOOST] [hyperparameter_optimization search baseline] LABEL_THRESHOLD=0.0
[LN144    ] [chunk_21_hyperparam_optimizer.py] [info] [section 2] [CATBOOST] [hyperparameter_optimization search baseline] VALIDATION_PRECISION=0.5189 VALIDATION_TRUE_POSITIVES=12523 VALIDATION_TRUE_NEGATIVES=12870 validation_false_positives=11610 validation_false_negatives=16251 validation_max_prediction=0.9701 validation_mean_prediction=0.4969 validation_recall=0.4352 validation_f1=0.4734 validation_auc=0.4714 validation_specificity=0.5257 validation_false_positive_rate=0.4743 validation_f2=0.4497 validation_mcc=-0.0391 validation_prauc=0.5453 validation_balanced_accuracy=0.4805 validation_brier=0.2588 validation_kappa=-0.0385 validation_informedness=-0.0390 validation_markedness=0.0447 validation_gini=0.0000 validation_optimal_threshold=0.6424 validation_standard_deviation_prediction=0.0838 validation_percentage_above_threshold=45.32
[LN145    ] [chunk_21_hyperparam_optimizer.py] [info] [section 2] [CATBOOST] [hyperparameter_optimization search baseline] TRIAL 1/5: iterations=500, depth=4, learning_rate=0.05, auto_class_weights=SqrtBalanced, l2_leaf_reg=1
[LN146    ] [chunk_21_hyperparam_optimizer.py] [info] [section 2] [CATBOOST] [hyperparameter_optimization search baseline] LABEL_THRESHOLD=0.0
[LN147    ] [chunk_21_hyperparam_optimizer.py] [info] [section 2] [CATBOOST] [hyperparameter_optimization search baseline] VALIDATION_PRECISION=0.5194 VALIDATION_TRUE_POSITIVES=12743 VALIDATION_TRUE_NEGATIVES=12691 validation_false_positives=11789 validation_false_negatives=16031 validation_max_prediction=0.9794 validation_mean_prediction=0.4983 validation_recall=0.4429 validation_f1=0.4781 validation_auc=0.4739 validation_specificity=0.5184 validation_false_positive_rate=0.4816 validation_f2=0.4563 validation_mcc=-0.0387 validation_prauc=0.5458 validation_balanced_accuracy=0.4806 validation_brier=0.2607 validation_kappa=-0.0382 validation_informedness=-0.0387 validation_markedness=0.0379 validation_gini=0.0000 validation_optimal_threshold=0.6625 validation_standard_deviation_prediction=0.0948 validation_percentage_above_threshold=46.07
[LN148    ] [chunk_21_hyperparam_optimizer.py] [info] [section 2] [CATBOOST] [hyperparameter_optimization search baseline] TRIAL 2/5: iterations=300, depth=5, learning_rate=0.1, auto_class_weights=SqrtBalanced, l2_leaf_reg=3
[LN149    ] [chunk_21_hyperparam_optimizer.py] [info] [section 2] [CATBOOST] [hyperparameter_optimization search baseline] LABEL_THRESHOLD=0.0
[LN150    ] [chunk_21_hyperparam_optimizer.py] [info] [section 2] [CATBOOST] [hyperparameter_optimization search baseline] VALIDATION_PRECISION=0.5157 VALIDATION_TRUE_POSITIVES=12257 VALIDATION_TRUE_NEGATIVES=12968 validation_false_positives=11512 validation_false_negatives=16517 validation_max_prediction=0.9711 validation_mean_prediction=0.4979 validation_recall=0.4260 validation_f1=0.4666 validation_auc=0.4702 validation_specificity=0.5297 validation_false_positive_rate=0.4703 validation_f2=0.4413 validation_mcc=-0.0444 validation_prauc=0.5461 validation_balanced_accuracy=0.4779 validation_brier=0.2576 validation_kappa=-0.0436 validation_informedness=-0.0443 validation_markedness=0.0454 validation_gini=0.0000 validation_optimal_threshold=0.6280 validation_standard_deviation_prediction=0.0790 validation_percentage_above_threshold=44.63
[LN151    ] [chunk_21_hyperparam_optimizer.py] [info] [section 2] [CATBOOST] [hyperparameter_optimization search baseline] TRIAL 3/5: iterations=500, depth=5, learning_rate=0.03, auto_class_weights=SqrtBalanced, l2_leaf_reg=7
[LN152    ] [chunk_21_hyperparam_optimizer.py] [info] [section 2] [CATBOOST] [hyperparameter_optimization search baseline] LABEL_THRESHOLD=0.0
[LN153    ] [chunk_21_hyperparam_optimizer.py] [info] [section 2] [CATBOOST] [hyperparameter_optimization search baseline] VALIDATION_PRECISION=0.5145 VALIDATION_TRUE_POSITIVES=12175 VALIDATION_TRUE_NEGATIVES=12990 validation_false_positives=11490 validation_false_negatives=16599 validation_max_prediction=0.9612 validation_mean_prediction=0.4977 validation_recall=0.4231 validation_f1=0.4643 validation_auc=0.4687 validation_specificity=0.5306 validation_false_positive_rate=0.4694 validation_f2=0.4387 validation_mcc=-0.0464 validation_prauc=0.5446 validation_balanced_accuracy=0.4769 validation_brier=0.2569 validation_kappa=-0.0455 validation_informedness=-0.0462 validation_markedness=0.0451 validation_gini=0.0000 validation_optimal_threshold=0.6466 validation_standard_deviation_prediction=0.0743 validation_percentage_above_threshold=44.44
[LN154    ] [chunk_21_hyperparam_optimizer.py] [info] [section 2] [CATBOOST] [hyperparameter_optimization search baseline] TRIAL 4/5: iterations=500, depth=4, learning_rate=0.03, auto_class_weights=SqrtBalanced, l2_leaf_reg=1
[LN155    ] [chunk_21_hyperparam_optimizer.py] [info] [section 2] [CATBOOST] [hyperparameter_optimization search baseline] LABEL_THRESHOLD=0.0
[LN156    ] [chunk_21_hyperparam_optimizer.py] [info] [section 2] [CATBOOST] [hyperparameter_optimization search baseline] VALIDATION_PRECISION=0.5210 VALIDATION_TRUE_POSITIVES=12687 VALIDATION_TRUE_NEGATIVES=12817 validation_false_positives=11663 validation_false_negatives=16087 validation_max_prediction=0.9835 validation_mean_prediction=0.4965 validation_recall=0.4409 validation_f1=0.4776 validation_auc=0.4743 validation_specificity=0.5236 validation_false_positive_rate=0.4764 validation_f2=0.4549 validation_mcc=-0.0355 validation_prauc=0.5472 validation_balanced_accuracy=0.4822 validation_brier=0.2609 validation_kappa=-0.0350 validation_informedness=-0.0355 validation_markedness=0.0446 validation_gini=0.0000 validation_optimal_threshold=0.6715 validation_standard_deviation_prediction=0.0949 validation_percentage_above_threshold=45.72
[LN157    ] [chunk_21_hyperparam_optimizer.py] [info] [section 2] [CATBOOST] [hyperparameter_optimization search baseline] TRIAL 5/5: iterations=400, depth=4, learning_rate=0.1, auto_class_weights=Balanced, l2_leaf_reg=5
[LN158    ] [chunk_21_hyperparam_optimizer.py] [info] [section 2] [CATBOOST] [best trial] LABEL_THRESHOLD=0.0
[LN159    ] [chunk_21_hyperparam_optimizer.py] [info] [section 2] [CATBOOST] [best trial] VALIDATION_PRECISION=0.5210 VALIDATION_TRUE_POSITIVES=12687 VALIDATION_TRUE_NEGATIVES=12817 validation_false_positives=11663 validation_false_negatives=16087 validation_max_prediction=0.9835 validation_mean_prediction=0.4965 validation_recall=0.4409 validation_f1=0.4776 validation_auc=0.4743 validation_specificity=0.5236 validation_false_positive_rate=0.4764 validation_f2=0.4549 validation_mcc=-0.0355 validation_prauc=0.5472 validation_balanced_accuracy=0.4822 validation_brier=0.2609 validation_kappa=-0.0350 validation_informedness=-0.0355 validation_markedness=0.0446 validation_gini=0.0000 validation_optimal_threshold=0.6715 validation_standard_deviation_prediction=0.0949 validation_percentage_above_threshold=45.72
[LN160    ] [chunk_21_hyperparam_optimizer.py] [info] [section 2] [CATBOOST] [best trial] iterations=400, depth=4, learning_rate=0.1, auto_class_weights=Balanced, l2_leaf_reg=5
[LN161    ] [chunk_18_phase_4_ensemble.py] [info]    [diagnostic-hyperparameter_optimization]  cumulative binary_split_predictions (1%) ≤ 0.3147, (5%) ≤ 0.3576, (10%) ≤ 0.3831, (25%) ≤ 0.4304, (50%) ≤ 0.4900, (75%) ≤ 0.5530, (90%) ≤ 0.6122, (95%) ≤ 0.6499, (99%) ≤ 0.7805, max=0.9835 binary_split_predictions distribution: 0% ≤ 0.01, 0% ≤ 0.02, 0% ≤ 0.05, 0% ≤ 0.1, 0% ≤ 0.2, 54% ≤ 0.5, 46% ≥ 0.50
[LN162    ] [chunk_18_phase_4_ensemble.py] [info]    hyperparameter_optimization did NOT improve: 0.5210 <= 0.5225 - using pre hyperparameter_optimization model
[LN163    ] [chunk_18_phase_4_ensemble.py] [info] [section 3] [CATBOOST] [PRE-HYPERPARAMETER_OPTIMIZATION] LABEL_THRESHOLD=0.0,
[LN164    ] [chunk_18_phase_4_ensemble.py] [info] [section 3] [CATBOOST] [PRE-HYPERPARAMETER_OPTIMIZATION] VALIDATION_PRECISION=0.5225 VALIDATION_TRUE_POSITIVES=12980 VALIDATION_TRUE_NEGATIVES=12618 validation_false_positives=11862 validation_false_negatives=15794 validation_max_prediction=0.9905 validation_mean_prediction=0.4989 validation_recall=0.4511 validation_f1=0.4842 validation_auc=0.4765 validation_specificity=0.5154 validation_false_positive_rate=0.4846 validation_f2=0.4638 validation_mcc=-0.0334 validation_prauc=0.5466 validation_balanced_accuracy=0.4833 validation_brier=0.2656 validation_kappa=-0.0331 validation_informedness=-0.0335 validation_markedness=0.0379 validation_gini=0.0000 validation_optimal_threshold=0.6930 validation_standard_deviation_prediction=0.1153 validation_percentage_above_threshold=46.65
[LN165    ] [chunk_18_phase_4_ensemble.py] [info] [section 3] [CATBOOST] [PRE-HYPERPARAMETER_OPTIMIZATION] prediction_binary_split=0.50 hyperparams=(loss=binary_crossentropy lr=0.1 dropout=0.1 alpha=0.0 gamma=0.0 latent_dim=0) improved=False {'iterations': 400, 'depth': 4, 'learning_rate': 0.1, 'auto_class_weights': 'Balanced', 'l2_leaf_reg': 5}
[LN166    ] [chunk_18_phase_4_ensemble.py] [info]    Running post hyperparameter_optimization threshold search for CatBoost...
[LN167    ] [chunk_12_evaluation_evaluator.py] [info] [CATBOOST] label_threshold=20.0 train_below_prediction_binary_split=118,621 train_above_prediction_binary_split=689 train_positive_found=true val_below_prediction_binary_split=52,918 val_above_prediction_binary_split=336 val_positive_found=true
[LN168    ] [chunk_12_evaluation_evaluator.py] [info] [CATBOOST] [reject] skipping LABEL_THRESHOLD=20.0: validation_precision=0.0062 <= baseline+0.0100=0.0163
[LN169    ] [chunk_12_evaluation_evaluator.py] [info] [CATBOOST] label_threshold=10.0 train_below_prediction_binary_split=116,756 train_above_prediction_binary_split=2,554 train_positive_found=true val_below_prediction_binary_split=52,057 val_above_prediction_binary_split=1,197 val_positive_found=true
[LN170    ] [chunk_12_evaluation_evaluator.py] [info] [CATBOOST] [reject] skipping LABEL_THRESHOLD=10.0: pos_pred_ratio=71.01% outside [0%, 65%]
[LN171    ] [chunk_12_evaluation_evaluator.py] [info] [CATBOOST] label_threshold=0.0 train_below_prediction_binary_split=59,589 train_above_prediction_binary_split=59,721 train_positive_found=true val_below_prediction_binary_split=24,480 val_above_prediction_binary_split=28,774 val_positive_found=true
[LN172    ] [chunk_12_evaluation_evaluator.py] [info] [CATBOOST] [diagnostic] LABEL_THRESHOLD=0.0 train_precision=0.6765 train_true_positives=40198 train_true_negatives=40368 train_false_positives=19221 train_false_negatives=19523 train_max_prediction=0.9905 train_mean_prediction=0.5003 train_recall=0.6731 train_f1=0.6748 train_auc=0.7485 train_specificity=0.6774 train_false_positive_rate=0.3226 train_f2=0.6738 train_mcc=0.3505 train_prauc=0.7489 train_balanced_accuracy=0.6753 train_brier=0.2172 train_kappa=0.3505 train_informedness=0.3505 train_markedness=0.3540 train_gini=0.4970 train_optimal_threshold=0.5087 train_standard_deviation_prediction=0.1050 train_percentage_above_threshold=49.80
[LN173    ] [chunk_12_evaluation_evaluator.py] [info] [CATBOOST] [diagnostic] LABEL_THRESHOLD=0.0 VALIDATION_PRECISION=0.5225 VALIDATION_TRUE_POSITIVES=12980 VALIDATION_TRUE_NEGATIVES=12618 validation_false_positives=11862 validation_false_negatives=15794 validation_max_prediction=0.9905 validation_mean_prediction=0.4989 validation_recall=0.4511 validation_f1=0.4842 validation_auc=0.4765 validation_specificity=0.5154 validation_false_positive_rate=0.4846 validation_f2=0.4638 validation_mcc=-0.0334 validation_prauc=0.5466 validation_balanced_accuracy=0.4833 validation_brier=0.2656 validation_kappa=-0.0331 validation_informedness=-0.0335 validation_markedness=0.0379 validation_gini=0.0000 validation_optimal_threshold=0.6930 validation_standard_deviation_prediction=0.1153 validation_percentage_above_threshold=46.65
[LN174    ] [chunk_18_phase_4_ensemble.py] [info]    hyperparameter_optimization model threshold search: LABEL_THRESHOLD=0.0, VALIDATION_PRECISION=0.5210
[LN175    ] [chunk_18_phase_4_ensemble.py] [info]    post hyperparameter_optimization threshold search: LABEL_THRESHOLD=0.0, VALIDATION_PRECISION=0.5225
[LN176    ] [chunk_18_phase_4_ensemble.py] [info]    post hyperparameter_optimization no improvement: keeping LABEL_THRESHOLD=0.0
[LN177    ] [chunk_18_phase_4_ensemble.py] [info] [section 4] [CATBOOST] [post hyperparameter_optimization] [diagnostic]  cumulative binary_split_predictions (1%) ≤ 0.2745, (5%) ≤ 0.3282, (10%) ≤ 0.3596, (25%) ≤ 0.4166, (50%) ≤ 0.4907, (75%) ≤ 0.5704, (90%) ≤ 0.6462, (95%) ≤ 0.6934, (99%) ≤ 0.8227, max=0.9905 binary_split_predictions distribution: 0% ≤ 0.01, 0% ≤ 0.02, 0% ≤ 0.05, 0% ≤ 0.1, 0% ≤ 0.2, 53% ≤ 0.5, 47% ≥ 0.50
[LN178    ] [chunk_18_phase_4_ensemble.py] [info] [section 4] [CATBOOST] [post hyperparameter_optimization] LABEL_THRESHOLD=0.0,
[LN179    ] [chunk_18_phase_4_ensemble.py] [info] [section 4] [CATBOOST] [post hyperparameter_optimization] VALIDATION_PRECISION=0.5225 VALIDATION_TRUE_POSITIVES=12980 VALIDATION_TRUE_NEGATIVES=12618 validation_false_positives=11862 validation_false_negatives=15794 validation_max_prediction=0.9905 validation_mean_prediction=0.4989 validation_recall=0.4511 validation_f1=0.4842 validation_auc=0.4765 validation_specificity=0.5154 validation_false_positive_rate=0.4846 validation_f2=0.4638 validation_mcc=-0.0334 validation_prauc=0.5466 validation_balanced_accuracy=0.4833 validation_brier=0.2656 validation_kappa=-0.0331 validation_informedness=-0.0335 validation_markedness=0.0379 validation_gini=0.0000 validation_optimal_threshold=0.6930 validation_standard_deviation_prediction=0.1153 validation_percentage_above_threshold=46.65
[LN180    ] [chunk_18_phase_4_ensemble.py] [info] [section 4] [CATBOOST] [post hyperparameter_optimization] prediction_binary_split=0.50 hyperparams=(loss=binary_crossentropy lr=0.1 dropout=0.0 alpha=1.0 gamma=1.0 latent_dim=64) source=section3
[LN181    ] [chunk_18_phase_4_ensemble.py] [info]    Using threshold-optimized model (HPO did not improve)
[LN182    ] [chunk_18_phase_4_ensemble.py] [info]    Train predictions: mean=0.5003, std=0.1050, min=0.0639, max=0.9905
[LN183    ] [chunk_18_phase_4_ensemble.py] [info]    validation predictions:   mean=0.4989, std=0.1153, min=0.1140, max=0.9905
[LN184    ] [chunk_18_phase_4_ensemble.py] [info] [section 5] [CATBOOST] [final] [diagnostic] Train  cumulative binary_split_predictions (1%) ≤ 0.2339, (5%) ≤ 0.3367, (10%) ≤ 0.3790, (25%) ≤ 0.4407, (50%) ≤ 0.4996, (75%) ≤ 0.5553, (90%) ≤ 0.6152, (95%) ≤ 0.6638, (99%) ≤ 0.8325, max=0.9905 binary_split_predictions distribution: 0% ≤ 0.01, 0% ≤ 0.02, 0% ≤ 0.05, 0% ≤ 0.1, 1% ≤ 0.2, 50% ≤ 0.5, 50% ≥ 0.50
[LN185    ] [chunk_18_phase_4_ensemble.py] [info] [section 5] [CATBOOST] [final] [diagnostic] validation    cumulative binary_split_predictions (1%) ≤ 0.2745, (5%) ≤ 0.3282, (10%) ≤ 0.3596, (25%) ≤ 0.4166, (50%) ≤ 0.4907, (75%) ≤ 0.5704, (90%) ≤ 0.6462, (95%) ≤ 0.6934, (99%) ≤ 0.8227, max=0.9905 binary_split_predictions distribution: 0% ≤ 0.01, 0% ≤ 0.02, 0% ≤ 0.05, 0% ≤ 0.1, 0% ≤ 0.2, 53% ≤ 0.5, 47% ≥ 0.50
[LN186    ] [chunk_18_phase_4_ensemble.py] [info]    Train predictions: 49.80% positive predictions (59,419 / 119,310)
[LN187    ] [chunk_18_phase_4_ensemble.py] [info]    validation predictions:   46.65% positive predictions (24,842 / 53,254)
[LN188    ] [chunk_18_phase_4_ensemble.py] [info]    [info] Section 4 all rejected - using Section 3 results for Section 5
[LN189    ] [chunk_18_phase_4_ensemble.py] [info]    [diagnostic] prediction_buckets: 0-10:39, 10-20:1202, 20-30:9418, 30-40:17753, 40-50:15138, 50-60:7306, 60-70:1734, 70-80:398, 80-90:266, 90-100:0
[LN190    ] [chunk_18_phase_4_ensemble.py] [info] [section 5] [CATBOOST] [final] LABEL_THRESHOLD=0.0,
[LN191    ] [chunk_18_phase_4_ensemble.py] [info] [section 5] [CATBOOST] [final] train_precision=0.6765 train_true_positives=40198 train_true_negatives=40368 train_false_positives=19221 train_false_negatives=19523 train_max_prediction=0.9905 train_mean_prediction=0.5003 train_recall=0.6731 train_f1=0.6748 train_auc=0.7485 train_specificity=0.6774 train_false_positive_rate=0.3226 train_f2=0.6738 train_mcc=0.3505 train_prauc=0.7489 train_balanced_accuracy=0.6753 train_standard_deviation_prediction=0.1050 train_percentage_above_threshold=49.80 train_brier=0.2172 train_kappa=0.3505 train_informedness=0.3505 train_markedness=0.3540 train_gini=0.4970 train_optimal_threshold=0.5087
[LN192    ] [chunk_18_phase_4_ensemble.py] [info] [section 5] [CATBOOST] [final] VALIDATION_PRECISION=0.5225 VALIDATION_TRUE_POSITIVES=12980 VALIDATION_TRUE_NEGATIVES=12618 validation_false_positives=11862 validation_false_negatives=15794 validation_max_prediction=0.9905 validation_mean_prediction=0.4989 validation_recall=0.4511 validation_f1=0.4842 validation_auc=0.4765 validation_specificity=0.5154 validation_false_positive_rate=0.4846 validation_f2=0.4638 validation_mcc=-0.0334 validation_prauc=0.5466 validation_balanced_accuracy=0.4833 validation_brier=0.2656 validation_kappa=-0.0331 validation_informedness=-0.0335 validation_markedness=0.0379 validation_gini=0.0000 validation_optimal_threshold=0.6930 validation_standard_deviation_prediction=0.1153 validation_percentage_above_threshold=46.65
[LN193    ] [chunk_18_phase_4_ensemble.py] [info] [section 5] [CATBOOST] [final] prediction_binary_split=0.50 hyperparams=(loss=binary_crossentropy lr=0.1 dropout=0.0 alpha=1.0 gamma=1.0 latent_dim=64) (using HPO model directly)
[LN194    ] [chunk_18_phase_4_ensemble.py] [info]    CatBoost loss=binary_crossentropy pred_threshold=0.5 epochs=3
[LN195    ] [chunk_18_phase_4_ensemble.py] [info]    [CatBoost] hyperparameter_optimization: learning_rate=0.1
[LN196    ] [chunk_18_phase_4_ensemble.py] [info]    CatBoost training time: 65.7s
[LN197    ] [chunk_18_phase_4_ensemble.py] [info] [pass] CatBoost trained successfully
[LN198    ] [chunk_18_phase_4_ensemble.py] [info] [LightGBM] Winsorization: LOW=1 HIGH=99 (training-only percentiles)
[LN199    ] [chunk_18_phase_4_ensemble.py] [info] [section 1] [LIGHTGBM] [baseline] LABEL_THRESHOLD=20.0,
[LN200    ] [chunk_18_phase_4_ensemble.py] [info] [section 1] [LIGHTGBM] [baseline] predictions: mean=0.0073, std=0.0526, min=0.0000, max=0.9723
[LN201    ] [chunk_18_phase_4_ensemble.py] [info] [section 1] [LIGHTGBM] [baseline]  cumulative binary_split_predictions (1%) ≤ 0.0000, (5%) ≤ 0.0000, (10%) ≤ 0.0000, (25%) ≤ 0.0000, (50%) ≤ 0.0000, (75%) ≤ 0.0004, (90%) ≤ 0.0045, (95%) ≤ 0.0158, (99%) ≤ 0.1581, max=0.9723 binary_split_predictions distribution: 93% ≤ 0.01, 96% ≤ 0.02, 98% ≤ 0.05, 99% ≤ 0.1, 99% ≤ 0.2, 100% ≤ 0.5, 0% ≥ 0.50
[LN202    ] [chunk_18_phase_4_ensemble.py] [info] [section 1] [LIGHTGBM] [baseline] prediction_binary_split=0.50, VALIDATION predictions at LABEL_THRESHOLD=20.0: 0.44%
[LN203    ] [chunk_18_phase_4_ensemble.py] [info] [section 1] [LIGHTGBM] [baseline] LABEL_THRESHOLD=20.0,
[LN204    ] [chunk_18_phase_4_ensemble.py] [info] [section 1] [LIGHTGBM] [baseline] VALIDATION_PRECISION=0.0342 VALIDATION_TRUE_POSITIVES=8 VALIDATION_TRUE_NEGATIVES=52692 validation_false_positives=226 validation_false_negatives=328 validation_max_prediction=0.9723 validation_mean_prediction=0.0073 validation_recall=0.0238 validation_f1=0.0281 validation_auc=0.8674 validation_specificity=0.9957 validation_false_positive_rate=0.0043 validation_f2=0.0253 validation_mcc=0.0234 validation_prauc=0.0383 validation_balanced_accuracy=0.5098 validation_brier=0.0085 validation_kappa=0.0230 validation_informedness=0.0195 validation_markedness=0.0299 validation_gini=0.7348 validation_optimal_threshold=0.0002 validation_standard_deviation_prediction=0.0526 validation_percentage_above_threshold=0.44
[LN205    ] [chunk_18_phase_4_ensemble.py] [info] [section 1] [LIGHTGBM] [baseline] prediction_binary_split=0.50 loss=binary_crossentropy, lr=0.001
[LN206    ] [chunk_12_evaluation_evaluator.py] [info] [LIGHTGBM] label_threshold=20.0 train_below_prediction_binary_split=118,621 train_above_prediction_binary_split=689 train_positive_found=true val_below_prediction_binary_split=52,918 val_above_prediction_binary_split=336 val_positive_found=true
[LN207    ] [chunk_12_evaluation_evaluator.py] [info] [LIGHTGBM] [diagnostic] LABEL_THRESHOLD=20.0 train_precision=0.6897 train_true_positives=689 train_true_negatives=118311 train_false_positives=310 train_false_negatives=0 train_max_prediction=0.9992 train_mean_prediction=0.0107 train_recall=1.0000 train_f1=0.8164 train_auc=1.0000 train_specificity=0.9974 train_false_positive_rate=0.0026 train_f2=0.9174 train_mcc=0.8294 train_prauc=0.9982 train_balanced_accuracy=0.9987 train_brier=0.0015 train_kappa=0.8151 train_informedness=0.9974 train_markedness=0.6871 train_gini=1.0000 train_optimal_threshold=0.6984 train_standard_deviation_prediction=0.0844 train_percentage_above_threshold=0.84
[LN208    ] [chunk_12_evaluation_evaluator.py] [info] [LIGHTGBM] [diagnostic] LABEL_THRESHOLD=20.0 VALIDATION_PRECISION=0.0342 VALIDATION_TRUE_POSITIVES=8 VALIDATION_TRUE_NEGATIVES=52692 validation_false_positives=226 validation_false_negatives=328 validation_max_prediction=0.9723 validation_mean_prediction=0.0073 validation_recall=0.0238 validation_f1=0.0281 validation_auc=0.8674 validation_specificity=0.9957 validation_false_positive_rate=0.0043 validation_f2=0.0253 validation_mcc=0.0234 validation_prauc=0.0383 validation_balanced_accuracy=0.5098 validation_brier=0.0085 validation_kappa=0.0230 validation_informedness=0.0195 validation_markedness=0.0299 validation_gini=0.7348 validation_optimal_threshold=0.0002 validation_standard_deviation_prediction=0.0526 validation_percentage_above_threshold=0.44
[LN209    ] [chunk_12_evaluation_evaluator.py] [info] [LIGHTGBM] label_threshold=10.0 train_below_prediction_binary_split=116,756 train_above_prediction_binary_split=2,554 train_positive_found=true val_below_prediction_binary_split=52,057 val_above_prediction_binary_split=1,197 val_positive_found=true
[LN210    ] [chunk_12_evaluation_evaluator.py] [info] [LIGHTGBM] [diagnostic] LABEL_THRESHOLD=10.0 train_precision=0.5616 train_true_positives=2554 train_true_negatives=114762 train_false_positives=1994 train_false_negatives=0 train_max_prediction=0.9935 train_mean_prediction=0.0751 train_recall=1.0000 train_f1=0.7192 train_auc=0.9999 train_specificity=0.9829 train_false_positive_rate=0.0171 train_f2=0.8649 train_mcc=0.7430 train_prauc=0.9955 train_balanced_accuracy=0.9915 train_brier=0.0165 train_kappa=0.7113 train_informedness=0.9829 train_markedness=0.5445 train_gini=0.9998 train_optimal_threshold=0.8148 train_standard_deviation_prediction=0.1728 train_percentage_above_threshold=3.81
[LN211    ] [chunk_12_evaluation_evaluator.py] [info] [LIGHTGBM] [diagnostic] LABEL_THRESHOLD=10.0 VALIDATION_PRECISION=0.1220 VALIDATION_TRUE_POSITIVES=231 VALIDATION_TRUE_NEGATIVES=50394 validation_false_positives=1663 validation_false_negatives=966 validation_max_prediction=0.9675 validation_mean_prediction=0.0654 validation_recall=0.1930 validation_f1=0.1495 validation_auc=0.8541 validation_specificity=0.9681 validation_false_positive_rate=0.0319 validation_f2=0.1729 validation_mcc=0.1289 validation_prauc=0.0963 validation_balanced_accuracy=0.5805 validation_brier=0.0368 validation_kappa=0.1254 validation_informedness=0.1610 validation_markedness=0.0900 validation_gini=0.7082 validation_optimal_threshold=0.0118 validation_standard_deviation_prediction=0.1477 validation_percentage_above_threshold=3.56
[LN212    ] [chunk_12_evaluation_evaluator.py] [info] [LIGHTGBM] label_threshold=0.0 train_below_prediction_binary_split=59,589 train_above_prediction_binary_split=59,721 train_positive_found=true val_below_prediction_binary_split=24,480 val_above_prediction_binary_split=28,774 val_positive_found=true
[LN213    ] [chunk_12_evaluation_evaluator.py] [info] [LIGHTGBM] [diagnostic] LABEL_THRESHOLD=0.0 train_precision=0.8021 train_true_positives=47425 train_true_negatives=47891 train_false_positives=11698 train_false_negatives=12296 train_max_prediction=0.9960 train_mean_prediction=0.5001 train_recall=0.7941 train_f1=0.7981 train_auc=0.8809 train_specificity=0.8037 train_false_positive_rate=0.1963 train_f2=0.7957 train_mcc=0.5978 train_prauc=0.8795 train_balanced_accuracy=0.7989 train_brier=0.1800 train_kappa=0.5978 train_informedness=0.5978 train_markedness=0.6058 train_gini=0.7618 train_optimal_threshold=0.4989 train_standard_deviation_prediction=0.1454 train_percentage_above_threshold=49.55
[LN214    ] [chunk_12_evaluation_evaluator.py] [info] [LIGHTGBM] [diagnostic] LABEL_THRESHOLD=0.0 VALIDATION_PRECISION=0.5230 VALIDATION_TRUE_POSITIVES=13143 VALIDATION_TRUE_NEGATIVES=12493 validation_false_positives=11987 validation_false_negatives=15631 validation_max_prediction=0.9960 validation_mean_prediction=0.4925 validation_recall=0.4568 validation_f1=0.4876 validation_auc=0.4791 validation_specificity=0.5103 validation_false_positive_rate=0.4897 validation_f2=0.4686 validation_mcc=-0.0328 validation_prauc=0.5482 validation_balanced_accuracy=0.4836 validation_brier=0.2788 validation_kappa=-0.0325 validation_informedness=-0.0329 validation_markedness=0.0333 validation_gini=0.0000 validation_optimal_threshold=0.7857 validation_standard_deviation_prediction=0.1562 validation_percentage_above_threshold=47.19
[LN215    ] [chunk_18_phase_4_ensemble.py] [info] [section 1] [LIGHTGBM] [label_threshold_optimal]  cumulative binary_split_predictions (1%) ≤ 0.1785, (5%) ≤ 0.2457, (10%) ≤ 0.2903, (25%) ≤ 0.3776, (50%) ≤ 0.4885, (75%) ≤ 0.5996, (90%) ≤ 0.6976, (95%) ≤ 0.7551, (99%) ≤ 0.8725, max=0.9960 binary_split_predictions distribution: 0% ≤ 0.01, 0% ≤ 0.02, 0% ≤ 0.05, 0% ≤ 0.1, 2% ≤ 0.2, 53% ≤ 0.5, 47% ≥ 0.50
[LN216    ] [chunk_18_phase_4_ensemble.py] [info] [section 1] [LIGHTGBM] [label_threshold_optimal] LABEL_THRESHOLD=0.0
[LN217    ] [chunk_18_phase_4_ensemble.py] [info] [section 1] [LIGHTGBM] [label_threshold_optimal] train_precision=0.8021 train_true_positives=47425 train_true_negatives=47891 train_false_positives=11698 train_false_negatives=12296 train_max_prediction=0.9960 train_mean_prediction=0.5001 train_recall=0.7941 train_f1=0.7981 train_auc=0.8809 train_specificity=0.8037 train_false_positive_rate=0.1963 train_f2=0.7957 train_mcc=0.5978 train_prauc=0.8795 train_balanced_accuracy=0.7989 train_brier=0.1800 train_kappa=0.5978 train_informedness=0.5978 train_markedness=0.6058 train_gini=0.7618 train_optimal_threshold=0.4989 train_standard_deviation_prediction=0.1454 train_percentage_above_threshold=49.55
[LN218    ] [chunk_18_phase_4_ensemble.py] [info] [section 1] [LIGHTGBM] [label_threshold_optimal] VALIDATION_PRECISION=0.5230 VALIDATION_TRUE_POSITIVES=13143 VALIDATION_TRUE_NEGATIVES=12493 validation_false_positives=11987 validation_false_negatives=15631 validation_max_prediction=0.9960 validation_mean_prediction=0.4925 validation_recall=0.4568 validation_f1=0.4876 validation_auc=0.4791 validation_specificity=0.5103 validation_false_positive_rate=0.4897 validation_f2=0.4686 validation_mcc=-0.0328 validation_prauc=0.5482 validation_balanced_accuracy=0.4836 validation_brier=0.2788 validation_kappa=-0.0325 validation_informedness=-0.0329 validation_markedness=0.0333 validation_gini=0.0000 validation_optimal_threshold=0.7857 validation_standard_deviation_prediction=0.1562 validation_percentage_above_threshold=47.19
[LN219    ] [chunk_18_phase_4_ensemble.py] [info] [section 1] [LIGHTGBM] [label_threshold_optimal] prediction_binary_split=0.50
[LN220    ] [chunk_21_hyperparam_optimizer.py] [info] [section 2] [LIGHTGBM] [hyperparameter_optimization search] Running Bayesian optimization (5 trials)...
[LN221    ] [chunk_21_hyperparam_optimizer.py] [info] [section 2] [LIGHTGBM] [hyperparameter_optimization search baseline] LABEL_THRESHOLD=0.0
[LN222    ] [chunk_21_hyperparam_optimizer.py] [info] [section 2] [LIGHTGBM] [hyperparameter_optimization search baseline] VALIDATION_PRECISION=0.5224 VALIDATION_TRUE_POSITIVES=13048 VALIDATION_TRUE_NEGATIVES=12549 validation_false_positives=11931 validation_false_negatives=15726 validation_max_prediction=0.9927 validation_mean_prediction=0.4963 validation_recall=0.4535 validation_f1=0.4855 validation_auc=0.4774 validation_specificity=0.5126 validation_false_positive_rate=0.4874 validation_f2=0.4658 validation_mcc=-0.0339 validation_prauc=0.5501 validation_balanced_accuracy=0.4830 validation_brier=0.2657 validation_kappa=-0.0335 validation_informedness=-0.0339 validation_markedness=0.0350 validation_gini=0.0000 validation_optimal_threshold=0.6904 validation_standard_deviation_prediction=0.1162 validation_percentage_above_threshold=46.91
[LN223    ] [chunk_21_hyperparam_optimizer.py] [info] [section 2] [LIGHTGBM] [hyperparameter_optimization search baseline] TRIAL 1/5: n_estimators=500, num_leaves=127, learning_rate=0.03, min_child_samples=100, reg_alpha=0.1, reg_lambda=0.5, subsample=0.6, colsample_bytree=0.8, min_split_gain=0.1
[LN224    ] [chunk_21_hyperparam_optimizer.py] [info] [section 2] [LIGHTGBM] [hyperparameter_optimization search baseline] LABEL_THRESHOLD=0.0
[LN225    ] [chunk_21_hyperparam_optimizer.py] [info] [section 2] [LIGHTGBM] [hyperparameter_optimization search baseline] VALIDATION_PRECISION=0.5202 VALIDATION_TRUE_POSITIVES=12762 VALIDATION_TRUE_NEGATIVES=12710 validation_false_positives=11770 validation_false_negatives=16012 validation_max_prediction=0.9918 validation_mean_prediction=0.4952 validation_recall=0.4435 validation_f1=0.4788 validation_auc=0.4753 validation_specificity=0.5192 validation_false_positive_rate=0.4808 validation_f2=0.4570 validation_mcc=-0.0373 validation_prauc=0.5499 validation_balanced_accuracy=0.4814 validation_brier=0.2634 validation_kappa=-0.0368 validation_informedness=-0.0373 validation_markedness=0.0394 validation_gini=0.0000 validation_optimal_threshold=0.6719 validation_standard_deviation_prediction=0.1065 validation_percentage_above_threshold=46.07
[LN226    ] [chunk_21_hyperparam_optimizer.py] [info] [section 2] [LIGHTGBM] [hyperparameter_optimization search baseline] TRIAL 2/5: n_estimators=800, num_leaves=31, learning_rate=0.03, min_child_samples=100, reg_alpha=0.5, reg_lambda=0.5, subsample=0.6, colsample_bytree=0.6, min_split_gain=0.0
[LN227    ] [chunk_21_hyperparam_optimizer.py] [info] [section 2] [LIGHTGBM] [hyperparameter_optimization search baseline] LABEL_THRESHOLD=0.0
[LN228    ] [chunk_21_hyperparam_optimizer.py] [info] [section 2] [LIGHTGBM] [hyperparameter_optimization search baseline] VALIDATION_PRECISION=0.5193 VALIDATION_TRUE_POSITIVES=12733 VALIDATION_TRUE_NEGATIVES=12695 validation_false_positives=11785 validation_false_negatives=16041 validation_max_prediction=0.9844 validation_mean_prediction=0.4962 validation_recall=0.4425 validation_f1=0.4779 validation_auc=0.4752 validation_specificity=0.5186 validation_false_positive_rate=0.4814 validation_f2=0.4560 validation_mcc=-0.0389 validation_prauc=0.5496 validation_balanced_accuracy=0.4806 validation_brier=0.2609 validation_kappa=-0.0384 validation_informedness=-0.0389 validation_markedness=0.0379 validation_gini=0.0000 validation_optimal_threshold=0.6605 validation_standard_deviation_prediction=0.0964 validation_percentage_above_threshold=46.04
[LN229    ] [chunk_21_hyperparam_optimizer.py] [info] [section 2] [LIGHTGBM] [hyperparameter_optimization search baseline] TRIAL 3/5: n_estimators=300, num_leaves=31, learning_rate=0.05, min_child_samples=100, reg_alpha=0.5, reg_lambda=5.0, subsample=0.9, colsample_bytree=0.6, min_split_gain=0.01
[LN230    ] [chunk_21_hyperparam_optimizer.py] [info] [section 2] [LIGHTGBM] [hyperparameter_optimization search baseline] LABEL_THRESHOLD=0.0
[LN231    ] [chunk_21_hyperparam_optimizer.py] [info] [section 2] [LIGHTGBM] [hyperparameter_optimization search baseline] VALIDATION_PRECISION=0.5188 VALIDATION_TRUE_POSITIVES=12898 VALIDATION_TRUE_NEGATIVES=12515 validation_false_positives=11965 validation_false_negatives=15876 validation_max_prediction=0.9898 validation_mean_prediction=0.4959 validation_recall=0.4483 validation_f1=0.4809 validation_auc=0.4741 validation_specificity=0.5112 validation_false_positive_rate=0.4888 validation_f2=0.4608 validation_mcc=-0.0405 validation_prauc=0.5490 validation_balanced_accuracy=0.4797 validation_brier=0.2636 validation_kappa=-0.0400 validation_informedness=-0.0405 validation_markedness=0.0300 validation_gini=0.0000 validation_optimal_threshold=0.6828 validation_standard_deviation_prediction=0.1060 validation_percentage_above_threshold=46.69
[LN232    ] [chunk_21_hyperparam_optimizer.py] [info] [section 2] [LIGHTGBM] [hyperparameter_optimization search baseline] TRIAL 4/5: n_estimators=300, num_leaves=127, learning_rate=0.03, min_child_samples=100, reg_alpha=1.0, reg_lambda=1.0, subsample=0.9, colsample_bytree=0.8, min_split_gain=0.1
[LN233    ] [chunk_21_hyperparam_optimizer.py] [info] [section 2] [LIGHTGBM] [hyperparameter_optimization search baseline] LABEL_THRESHOLD=0.0
[LN234    ] [chunk_21_hyperparam_optimizer.py] [info] [section 2] [LIGHTGBM] [hyperparameter_optimization search baseline] VALIDATION_PRECISION=0.5253 VALIDATION_TRUE_POSITIVES=13206 VALIDATION_TRUE_NEGATIVES=12545 validation_false_positives=11935 validation_false_negatives=15568 validation_max_prediction=0.9957 validation_mean_prediction=0.4937 validation_recall=0.4590 validation_f1=0.4899 validation_auc=0.4811 validation_specificity=0.5125 validation_false_positive_rate=0.4875 validation_f2=0.4708 validation_mcc=-0.0285 validation_prauc=0.5488 validation_balanced_accuracy=0.4857 validation_brier=0.2769 validation_kappa=-0.0283 validation_informedness=-0.0286 validation_markedness=0.0377 validation_gini=0.0000 validation_optimal_threshold=0.7491 validation_standard_deviation_prediction=0.1523 validation_percentage_above_threshold=47.21
[LN235    ] [chunk_21_hyperparam_optimizer.py] [info] [section 2] [LIGHTGBM] [hyperparameter_optimization search baseline] TRIAL 5/5: n_estimators=800, num_leaves=63, learning_rate=0.08, min_child_samples=200, reg_alpha=1.0, reg_lambda=5.0, subsample=0.8, colsample_bytree=1.0, min_split_gain=0.0
[LN236    ] [chunk_21_hyperparam_optimizer.py] [info] [section 2] [LIGHTGBM] [best trial] LABEL_THRESHOLD=0.0
[LN237    ] [chunk_21_hyperparam_optimizer.py] [info] [section 2] [LIGHTGBM] [best trial] VALIDATION_PRECISION=0.5253 VALIDATION_TRUE_POSITIVES=13206 VALIDATION_TRUE_NEGATIVES=12545 validation_false_positives=11935 validation_false_negatives=15568 validation_max_prediction=0.9957 validation_mean_prediction=0.4937 validation_recall=0.4590 validation_f1=0.4899 validation_auc=0.4811 validation_specificity=0.5125 validation_false_positive_rate=0.4875 validation_f2=0.4708 validation_mcc=-0.0285 validation_prauc=0.5488 validation_balanced_accuracy=0.4857 validation_brier=0.2769 validation_kappa=-0.0283 validation_informedness=-0.0286 validation_markedness=0.0377 validation_gini=0.0000 validation_optimal_threshold=0.7491 validation_standard_deviation_prediction=0.1523 validation_percentage_above_threshold=47.21
[LN238    ] [chunk_21_hyperparam_optimizer.py] [info] [section 2] [LIGHTGBM] [best trial] n_estimators=800, num_leaves=63, learning_rate=0.08, min_child_samples=200, reg_alpha=1.0, reg_lambda=5.0, subsample=0.8, colsample_bytree=1.0, min_split_gain=0.0
[LN239    ] [chunk_18_phase_4_ensemble.py] [info]    [diagnostic-hyperparameter_optimization]  cumulative binary_split_predictions (1%) ≤ 0.1899, (5%) ≤ 0.2554, (10%) ≤ 0.2976, (25%) ≤ 0.3812, (50%) ≤ 0.4885, (75%) ≤ 0.5980, (90%) ≤ 0.6952, (95%) ≤ 0.7510, (99%) ≤ 0.8647, max=0.9957 binary_split_predictions distribution: 0% ≤ 0.01, 0% ≤ 0.02, 0% ≤ 0.05, 0% ≤ 0.1, 1% ≤ 0.2, 53% ≤ 0.5, 47% ≥ 0.50
[LN240    ] [chunk_18_phase_4_ensemble.py] [info]    hyperparameter_optimization improved: 0.5253 > 0.5230
[LN241    ] [chunk_18_phase_4_ensemble.py] [info] [section 3] [LIGHTGBM] [HYPERPARAMETER_OPTIMIZATION] LABEL_THRESHOLD=0.0,
[LN242    ] [chunk_18_phase_4_ensemble.py] [info] [section 3] [LIGHTGBM] [HYPERPARAMETER_OPTIMIZATION] VALIDATION_PRECISION=0.5253 VALIDATION_TRUE_POSITIVES=13206 VALIDATION_TRUE_NEGATIVES=12545 validation_false_positives=11935 validation_false_negatives=15568 validation_max_prediction=0.9957 validation_mean_prediction=0.4937 validation_recall=0.4590 validation_f1=0.4899 validation_auc=0.4811 validation_specificity=0.5125 validation_false_positive_rate=0.4875 validation_f2=0.4708 validation_mcc=-0.0285 validation_prauc=0.5488 validation_balanced_accuracy=0.4857 validation_brier=0.2769 validation_kappa=-0.0283 validation_informedness=-0.0286 validation_markedness=0.0377 validation_gini=0.0000 validation_optimal_threshold=0.7491 validation_standard_deviation_prediction=0.1523 validation_percentage_above_threshold=47.21
[LN243    ] [chunk_18_phase_4_ensemble.py] [info] [section 3] [LIGHTGBM] [HYPERPARAMETER_OPTIMIZATION] prediction_binary_split=0.50 hyperparams=(loss=binary_crossentropy lr=0.08 dropout=0.1 alpha=0.0 gamma=0.0 latent_dim=0) improved=True {'n_estimators': 800, 'num_leaves': 63, 'learning_rate': 0.08, 'min_child_samples': 200, 'reg_alpha': 1.0, 'reg_lambda': 5.0, 'subsample': 0.8, 'colsample_bytree': 1.0, 'min_split_gain': 0.0}
[LN244    ] [chunk_18_phase_4_ensemble.py] [info]    Running post hyperparameter_optimization threshold search for LightGBM...
[LN245    ] [chunk_12_evaluation_evaluator.py] [info] [LIGHTGBM] label_threshold=20.0 train_below_prediction_binary_split=118,621 train_above_prediction_binary_split=689 train_positive_found=true val_below_prediction_binary_split=52,918 val_above_prediction_binary_split=336 val_positive_found=true
[LN246    ] [chunk_12_evaluation_evaluator.py] [info] [LIGHTGBM] [reject] skipping LABEL_THRESHOLD=20.0: validation_precision=0.0050 <= baseline+0.0100=0.0163
[LN247    ] [chunk_12_evaluation_evaluator.py] [info] [LIGHTGBM] label_threshold=10.0 train_below_prediction_binary_split=116,756 train_above_prediction_binary_split=2,554 train_positive_found=true val_below_prediction_binary_split=52,057 val_above_prediction_binary_split=1,197 val_positive_found=true
[LN248    ] [chunk_12_evaluation_evaluator.py] [info] [LIGHTGBM] [reject] skipping LABEL_THRESHOLD=10.0: pos_pred_ratio=81.87% outside [0%, 65%]
[LN249    ] [chunk_12_evaluation_evaluator.py] [info] [LIGHTGBM] label_threshold=0.0 train_below_prediction_binary_split=59,589 train_above_prediction_binary_split=59,721 train_positive_found=true val_below_prediction_binary_split=24,480 val_above_prediction_binary_split=28,774 val_positive_found=true
[LN250    ] [chunk_12_evaluation_evaluator.py] [info] [LIGHTGBM] [diagnostic] LABEL_THRESHOLD=0.0 train_precision=0.7684 train_true_positives=45230 train_true_negatives=45955 train_false_positives=13634 train_false_negatives=14491 train_max_prediction=0.9957 train_mean_prediction=0.5001 train_recall=0.7574 train_f1=0.7628 train_auc=0.8446 train_specificity=0.7712 train_false_positive_rate=0.2288 train_f2=0.7595 train_mcc=0.5286 train_prauc=0.8415 train_balanced_accuracy=0.7643 train_brier=0.1889 train_kappa=0.5285 train_informedness=0.5286 train_markedness=0.5396 train_gini=0.6892 train_optimal_threshold=0.4991 train_standard_deviation_prediction=0.1418 train_percentage_above_threshold=49.34
[LN251    ] [chunk_12_evaluation_evaluator.py] [info] [LIGHTGBM] [diagnostic] LABEL_THRESHOLD=0.0 VALIDATION_PRECISION=0.5253 VALIDATION_TRUE_POSITIVES=13206 VALIDATION_TRUE_NEGATIVES=12545 validation_false_positives=11935 validation_false_negatives=15568 validation_max_prediction=0.9957 validation_mean_prediction=0.4937 validation_recall=0.4590 validation_f1=0.4899 validation_auc=0.4811 validation_specificity=0.5125 validation_false_positive_rate=0.4875 validation_f2=0.4708 validation_mcc=-0.0285 validation_prauc=0.5488 validation_balanced_accuracy=0.4857 validation_brier=0.2769 validation_kappa=-0.0283 validation_informedness=-0.0286 validation_markedness=0.0377 validation_gini=0.0000 validation_optimal_threshold=0.7491 validation_standard_deviation_prediction=0.1523 validation_percentage_above_threshold=47.21
[LN252    ] [chunk_18_phase_4_ensemble.py] [info]    hyperparameter_optimization model threshold search: LABEL_THRESHOLD=0.0, VALIDATION_PRECISION=0.5253
[LN253    ] [chunk_18_phase_4_ensemble.py] [info]    post hyperparameter_optimization threshold search: LABEL_THRESHOLD=0.0, VALIDATION_PRECISION=0.5253
[LN254    ] [chunk_18_phase_4_ensemble.py] [info]    post hyperparameter_optimization no improvement: keeping LABEL_THRESHOLD=0.0
[LN255    ] [chunk_18_phase_4_ensemble.py] [info] [section 4] [LIGHTGBM] [post hyperparameter_optimization] [diagnostic]  cumulative binary_split_predictions (1%) ≤ 0.1899, (5%) ≤ 0.2554, (10%) ≤ 0.2976, (25%) ≤ 0.3812, (50%) ≤ 0.4885, (75%) ≤ 0.5980, (90%) ≤ 0.6952, (95%) ≤ 0.7510, (99%) ≤ 0.8647, max=0.9957 binary_split_predictions distribution: 0% ≤ 0.01, 0% ≤ 0.02, 0% ≤ 0.05, 0% ≤ 0.1, 1% ≤ 0.2, 53% ≤ 0.5, 47% ≥ 0.50
[LN256    ] [chunk_18_phase_4_ensemble.py] [info] [section 4] [LIGHTGBM] [post hyperparameter_optimization] LABEL_THRESHOLD=0.0,
[LN257    ] [chunk_18_phase_4_ensemble.py] [info] [section 4] [LIGHTGBM] [post hyperparameter_optimization] VALIDATION_PRECISION=0.5253 VALIDATION_TRUE_POSITIVES=13206 VALIDATION_TRUE_NEGATIVES=12545 validation_false_positives=11935 validation_false_negatives=15568 validation_max_prediction=0.9957 validation_mean_prediction=0.4937 validation_recall=0.4590 validation_f1=0.4899 validation_auc=0.4811 validation_specificity=0.5125 validation_false_positive_rate=0.4875 validation_f2=0.4708 validation_mcc=-0.0285 validation_prauc=0.5488 validation_balanced_accuracy=0.4857 validation_brier=0.2769 validation_kappa=-0.0283 validation_informedness=-0.0286 validation_markedness=0.0377 validation_gini=0.0000 validation_optimal_threshold=0.7491 validation_standard_deviation_prediction=0.1523 validation_percentage_above_threshold=47.21
[LN258    ] [chunk_18_phase_4_ensemble.py] [info] [section 4] [LIGHTGBM] [post hyperparameter_optimization] prediction_binary_split=0.50 hyperparams=(loss=binary_crossentropy lr=0.08 dropout=0.0 alpha=1.0 gamma=1.0 latent_dim=64) source=section3
[LN259    ] [chunk_18_phase_4_ensemble.py] [info]    Using Hyperparameter_Optimized model directly (no change to Label_Threshold)
[LN260    ] [chunk_18_phase_4_ensemble.py] [info]    Train predictions: mean=0.5001, std=0.1418, min=0.0479, max=0.9957
[LN261    ] [chunk_18_phase_4_ensemble.py] [info]    validation predictions:   mean=0.4937, std=0.1523, min=0.0882, max=0.9957
[LN262    ] [chunk_18_phase_4_ensemble.py] [info] [section 5] [LIGHTGBM] [final] [diagnostic] Train  cumulative binary_split_predictions (1%) ≤ 0.1768, (5%) ≤ 0.2715, (10%) ≤ 0.3212, (25%) ≤ 0.4057, (50%) ≤ 0.4978, (75%) ≤ 0.5913, (90%) ≤ 0.6771, (95%) ≤ 0.7321, (99%) ≤ 0.8758, max=0.9957 binary_split_predictions distribution: 0% ≤ 0.01, 0% ≤ 0.02, 0% ≤ 0.05, 0% ≤ 0.1, 2% ≤ 0.2, 51% ≤ 0.5, 49% ≥ 0.50
[LN263    ] [chunk_18_phase_4_ensemble.py] [info] [section 5] [LIGHTGBM] [final] [diagnostic] validation    cumulative binary_split_predictions (1%) ≤ 0.1899, (5%) ≤ 0.2554, (10%) ≤ 0.2976, (25%) ≤ 0.3812, (50%) ≤ 0.4885, (75%) ≤ 0.5980, (90%) ≤ 0.6952, (95%) ≤ 0.7510, (99%) ≤ 0.8647, max=0.9957 binary_split_predictions distribution: 0% ≤ 0.01, 0% ≤ 0.02, 0% ≤ 0.05, 0% ≤ 0.1, 1% ≤ 0.2, 53% ≤ 0.5, 47% ≥ 0.50
[LN264    ] [chunk_18_phase_4_ensemble.py] [info]    Train predictions: 49.34% positive predictions (58,864 / 119,310)
[LN265    ] [chunk_18_phase_4_ensemble.py] [info]    validation predictions:   47.21% positive predictions (25,141 / 53,254)
[LN266    ] [chunk_18_phase_4_ensemble.py] [info]    [info] Section 4 all rejected - using Section 3 results for Section 5
[LN267    ] [chunk_18_phase_4_ensemble.py] [info]    [diagnostic] prediction_buckets: 0-10:731, 10-20:4773, 20-30:9963, 30-40:12643, 40-50:12036, 50-60:8040, 60-70:3725, 70-80:998, 80-90:342, 90-100:0
[LN268    ] [chunk_18_phase_4_ensemble.py] [info] [section 5] [LIGHTGBM] [final] LABEL_THRESHOLD=0.0,
[LN269    ] [chunk_18_phase_4_ensemble.py] [info] [section 5] [LIGHTGBM] [final] train_precision=0.7684 train_true_positives=45230 train_true_negatives=45955 train_false_positives=13634 train_false_negatives=14491 train_max_prediction=0.9957 train_mean_prediction=0.5001 train_recall=0.7574 train_f1=0.7628 train_auc=0.8446 train_specificity=0.7712 train_false_positive_rate=0.2288 train_f2=0.7595 train_mcc=0.5286 train_prauc=0.8415 train_balanced_accuracy=0.7643 train_standard_deviation_prediction=0.1418 train_percentage_above_threshold=49.34 train_brier=0.1889 train_kappa=0.5285 train_informedness=0.5286 train_markedness=0.5396 train_gini=0.6892 train_optimal_threshold=0.4991
[LN270    ] [chunk_18_phase_4_ensemble.py] [info] [section 5] [LIGHTGBM] [final] VALIDATION_PRECISION=0.5253 VALIDATION_TRUE_POSITIVES=13206 VALIDATION_TRUE_NEGATIVES=12545 validation_false_positives=11935 validation_false_negatives=15568 validation_max_prediction=0.9957 validation_mean_prediction=0.4937 validation_recall=0.4590 validation_f1=0.4899 validation_auc=0.4811 validation_specificity=0.5125 validation_false_positive_rate=0.4875 validation_f2=0.4708 validation_mcc=-0.0285 validation_prauc=0.5488 validation_balanced_accuracy=0.4857 validation_brier=0.2769 validation_kappa=-0.0283 validation_informedness=-0.0286 validation_markedness=0.0377 validation_gini=0.0000 validation_optimal_threshold=0.7491 validation_standard_deviation_prediction=0.1523 validation_percentage_above_threshold=47.21
[LN271    ] [chunk_18_phase_4_ensemble.py] [info] [section 5] [LIGHTGBM] [final] prediction_binary_split=0.50 hyperparams=(loss=binary_crossentropy lr=0.08 dropout=0.0 alpha=1.0 gamma=1.0 latent_dim=64) (using HPO model directly)
[LN272    ] [chunk_18_phase_4_ensemble.py] [info]    LightGBM loss=binary_crossentropy pred_threshold=0.5 epochs=3
[LN273    ] [chunk_18_phase_4_ensemble.py] [info]    [LightGBM] hyperparameter_optimization: learning_rate=0.08
[LN274    ] [chunk_18_phase_4_ensemble.py] [info]    LightGBM training time: 39.0s
[LN275    ] [chunk_18_phase_4_ensemble.py] [info] [pass] LightGBM trained successfully
[LN276    ] [chunk_18_phase_4_ensemble.py] [info] [XGBoost] Winsorization: LOW=1 HIGH=99 (training-only percentiles)
[LN277    ] [chunk_18_phase_4_ensemble.py] [info] [section 1] [XGBOOST] [baseline] LABEL_THRESHOLD=20.0,
[LN278    ] [chunk_18_phase_4_ensemble.py] [info] [section 1] [XGBOOST] [baseline] predictions: mean=0.0044, std=0.0261, min=0.0000, max=0.9207
[LN279    ] [chunk_18_phase_4_ensemble.py] [info] [section 1] [XGBOOST] [baseline]  cumulative binary_split_predictions (1%) ≤ 0.0000, (5%) ≤ 0.0000, (10%) ≤ 0.0000, (25%) ≤ 0.0000, (50%) ≤ 0.0001, (75%) ≤ 0.0009, (90%) ≤ 0.0056, (95%) ≤ 0.0151, (99%) ≤ 0.0842, max=0.9207 binary_split_predictions distribution: 93% ≤ 0.01, 96% ≤ 0.02, 98% ≤ 0.05, 99% ≤ 0.1, 100% ≤ 0.2, 100% ≤ 0.5, 0% ≥ 0.50
[LN280    ] [chunk_18_phase_4_ensemble.py] [info] [section 1] [XGBOOST] [baseline] prediction_binary_split=0.50, VALIDATION predictions at LABEL_THRESHOLD=20.0: 0.04%
[LN281    ] [chunk_18_phase_4_ensemble.py] [info] [section 1] [XGBOOST] [baseline] LABEL_THRESHOLD=20.0,
[LN282    ] [chunk_18_phase_4_ensemble.py] [info] [section 1] [XGBOOST] [baseline] VALIDATION_PRECISION=0.1000 VALIDATION_TRUE_POSITIVES=2 VALIDATION_TRUE_NEGATIVES=52900 validation_false_positives=18 validation_false_negatives=334 validation_max_prediction=0.9207 validation_mean_prediction=0.0044 validation_recall=0.0060 validation_f1=0.0112 validation_auc=0.8804 validation_specificity=0.9997 validation_false_positive_rate=0.0003 validation_f2=0.0073 validation_mcc=0.0229 validation_prauc=0.0394 validation_balanced_accuracy=0.5028 validation_brier=0.0066 validation_kappa=0.0105 validation_informedness=0.0056 validation_markedness=0.0997 validation_gini=0.7609 validation_optimal_threshold=0.0006 validation_standard_deviation_prediction=0.0261 validation_percentage_above_threshold=0.04
[LN283    ] [chunk_18_phase_4_ensemble.py] [info] [section 1] [XGBOOST] [baseline] prediction_binary_split=0.50 loss=binary_crossentropy, lr=0.001
[LN284    ] [chunk_12_evaluation_evaluator.py] [info] [XGBOOST] label_threshold=20.0 train_below_prediction_binary_split=118,621 train_above_prediction_binary_split=689 train_positive_found=true val_below_prediction_binary_split=52,918 val_above_prediction_binary_split=336 val_positive_found=true
[LN285    ] [chunk_12_evaluation_evaluator.py] [info] [XGBOOST] [diagnostic] LABEL_THRESHOLD=20.0 train_precision=0.6795 train_true_positives=689 train_true_negatives=118296 train_false_positives=325 train_false_negatives=0 train_max_prediction=0.9993 train_mean_prediction=0.0134 train_recall=1.0000 train_f1=0.8092 train_auc=1.0000 train_specificity=0.9973 train_false_positive_rate=0.0027 train_f2=0.9138 train_mcc=0.8232 train_prauc=0.9982 train_balanced_accuracy=0.9986 train_brier=0.0021 train_kappa=0.8078 train_informedness=0.9973 train_markedness=0.6767 train_gini=1.0000 train_optimal_threshold=0.7744 train_standard_deviation_prediction=0.0873 train_percentage_above_threshold=0.85
[LN286    ] [chunk_12_evaluation_evaluator.py] [info] [XGBOOST] [diagnostic] LABEL_THRESHOLD=20.0 VALIDATION_PRECISION=0.0263 VALIDATION_TRUE_POSITIVES=5 VALIDATION_TRUE_NEGATIVES=52733 validation_false_positives=185 validation_false_negatives=331 validation_max_prediction=0.9703 validation_mean_prediction=0.0080 validation_recall=0.0149 validation_f1=0.0190 validation_auc=0.8639 validation_specificity=0.9965 validation_false_positive_rate=0.0035 validation_f2=0.0163 validation_mcc=0.0151 validation_prauc=0.0340 validation_balanced_accuracy=0.5057 validation_brier=0.0084 validation_kappa=0.0145 validation_informedness=0.0114 validation_markedness=0.0228 validation_gini=0.7279 validation_optimal_threshold=0.0008 validation_standard_deviation_prediction=0.0509 validation_percentage_above_threshold=0.36
[LN287    ] [chunk_12_evaluation_evaluator.py] [info] [XGBOOST] label_threshold=10.0 train_below_prediction_binary_split=116,756 train_above_prediction_binary_split=2,554 train_positive_found=true val_below_prediction_binary_split=52,057 val_above_prediction_binary_split=1,197 val_positive_found=true
[LN288    ] [chunk_12_evaluation_evaluator.py] [info] [XGBOOST] [diagnostic] LABEL_THRESHOLD=10.0 train_precision=0.3632 train_true_positives=2554 train_true_negatives=112279 train_false_positives=4477 train_false_negatives=0 train_max_prediction=0.9991 train_mean_prediction=0.1005 train_recall=1.0000 train_f1=0.5329 train_auc=1.0000 train_specificity=0.9617 train_false_positive_rate=0.0383 train_f2=0.7404 train_mcc=0.5910 train_prauc=0.9993 train_balanced_accuracy=0.9808 train_brier=0.0303 train_kappa=0.5178 train_informedness=0.9617 train_markedness=0.3249 train_gini=1.0000 train_optimal_threshold=0.9005 train_standard_deviation_prediction=0.2025 train_percentage_above_threshold=5.89
[LN289    ] [chunk_12_evaluation_evaluator.py] [info] [XGBOOST] [diagnostic] LABEL_THRESHOLD=10.0 VALIDATION_PRECISION=0.0867 VALIDATION_TRUE_POSITIVES=253 VALIDATION_TRUE_NEGATIVES=49392 validation_false_positives=2665 validation_false_negatives=944 validation_max_prediction=0.9831 validation_mean_prediction=0.0843 validation_recall=0.2114 validation_f1=0.1230 validation_auc=0.8283 validation_specificity=0.9488 validation_false_positive_rate=0.0512 validation_f2=0.1642 validation_mcc=0.1043 validation_prauc=0.0762 validation_balanced_accuracy=0.5801 validation_brier=0.0490 validation_kappa=0.0941 validation_informedness=0.1602 validation_markedness=0.0355 validation_gini=0.6567 validation_optimal_threshold=0.0156 validation_standard_deviation_prediction=0.1784 validation_percentage_above_threshold=5.48
[LN290    ] [chunk_12_evaluation_evaluator.py] [info] [XGBOOST] label_threshold=0.0 train_below_prediction_binary_split=59,589 train_above_prediction_binary_split=59,721 train_positive_found=true val_below_prediction_binary_split=24,480 val_above_prediction_binary_split=28,774 val_positive_found=true
[LN291    ] [chunk_12_evaluation_evaluator.py] [info] [XGBOOST] [reject] skipping LABEL_THRESHOLD=0.0: pos_pred_ratio=99.08% outside [0%, 65%]
[LN292    ] [chunk_18_phase_4_ensemble.py] [info] [section 1] [XGBOOST] [label_threshold_optimal]  cumulative binary_split_predictions (1%) ≤ 0.0000, (5%) ≤ 0.0001, (10%) ≤ 0.0002, (25%) ≤ 0.0007, (50%) ≤ 0.0040, (75%) ≤ 0.0586, (90%) ≤ 0.3087, (95%) ≤ 0.5288, (99%) ≤ 0.8348, max=0.9831 binary_split_predictions distribution: 60% ≤ 0.01, 66% ≤ 0.02, 74% ≤ 0.05, 80% ≤ 0.1, 86% ≤ 0.2, 95% ≤ 0.5, 5% ≥ 0.50
[LN293    ] [chunk_18_phase_4_ensemble.py] [info] [section 1] [XGBOOST] [label_threshold_optimal] LABEL_THRESHOLD=10.0
[LN294    ] [chunk_18_phase_4_ensemble.py] [info] [section 1] [XGBOOST] [label_threshold_optimal] train_precision=0.3632 train_true_positives=2554 train_true_negatives=112279 train_false_positives=4477 train_false_negatives=0 train_max_prediction=0.9991 train_mean_prediction=0.1005 train_recall=1.0000 train_f1=0.5329 train_auc=1.0000 train_specificity=0.9617 train_false_positive_rate=0.0383 train_f2=0.7404 train_mcc=0.5910 train_prauc=0.9993 train_balanced_accuracy=0.9808 train_brier=0.0303 train_kappa=0.5178 train_informedness=0.9617 train_markedness=0.3249 train_gini=1.0000 train_optimal_threshold=0.9005 train_standard_deviation_prediction=0.2025 train_percentage_above_threshold=5.89
[LN295    ] [chunk_18_phase_4_ensemble.py] [info] [section 1] [XGBOOST] [label_threshold_optimal] VALIDATION_PRECISION=0.0867 VALIDATION_TRUE_POSITIVES=253 VALIDATION_TRUE_NEGATIVES=49392 validation_false_positives=2665 validation_false_negatives=944 validation_max_prediction=0.9831 validation_mean_prediction=0.0843 validation_recall=0.2114 validation_f1=0.1230 validation_auc=0.8283 validation_specificity=0.9488 validation_false_positive_rate=0.0512 validation_f2=0.1642 validation_mcc=0.1043 validation_prauc=0.0762 validation_balanced_accuracy=0.5801 validation_brier=0.0490 validation_kappa=0.0941 validation_informedness=0.1602 validation_markedness=0.0355 validation_gini=0.6567 validation_optimal_threshold=0.0156 validation_standard_deviation_prediction=0.1784 validation_percentage_above_threshold=5.48
[LN296    ] [chunk_18_phase_4_ensemble.py] [info] [section 1] [XGBOOST] [label_threshold_optimal] prediction_binary_split=0.50
[LN297    ] [chunk_21_hyperparam_optimizer.py] [info] [section 2] [XGBOOST] [hyperparameter_optimization search] Running Bayesian optimization (5 trials)...
[LN298    ] [chunk_21_hyperparam_optimizer.py] [info] [section 2] [XGBOOST] [hyperparameter_optimization search baseline] LABEL_THRESHOLD=10.0
[LN299    ] [chunk_21_hyperparam_optimizer.py] [info] [section 2] [XGBOOST] [hyperparameter_optimization search baseline] VALIDATION_PRECISION=0.0464 VALIDATION_TRUE_POSITIVES=1162 VALIDATION_TRUE_NEGATIVES=28185 validation_false_positives=23872 validation_false_negatives=35 validation_max_prediction=0.9861 validation_mean_prediction=0.5191 validation_recall=0.9708 validation_f1=0.0886 validation_auc=0.8626 validation_specificity=0.5414 validation_false_positive_rate=0.4586 validation_f2=0.1948 validation_mcc=0.1521 validation_prauc=0.1197 validation_balanced_accuracy=0.7561 validation_brier=0.3523 validation_kappa=0.0477 validation_informedness=0.5122 validation_markedness=-0.4122 validation_gini=0.7252 validation_optimal_threshold=0.7773 validation_standard_deviation_prediction=0.3173 validation_percentage_above_threshold=47.01
[LN300    ] [chunk_21_hyperparam_optimizer.py] [info] [section 2] [XGBOOST] [hyperparameter_optimization search baseline] TRIAL 1/5: n_estimators=500, max_depth=3, learning_rate=0.01, min_child_weight=100, reg_alpha=0.1, reg_lambda=1.0, subsample=0.6, colsample_bytree=0.5, gamma=0
[LN301    ] [chunk_21_hyperparam_optimizer.py] [info] [section 2] [XGBOOST] [hyperparameter_optimization search baseline] LABEL_THRESHOLD=10.0
[LN302    ] [chunk_21_hyperparam_optimizer.py] [info] [section 2] [XGBOOST] [hyperparameter_optimization search baseline] VALIDATION_PRECISION=0.0648 VALIDATION_TRUE_POSITIVES=1061 VALIDATION_TRUE_NEGATIVES=36743 validation_false_positives=15314 validation_false_negatives=136 validation_max_prediction=0.9910 validation_mean_prediction=0.3094 validation_recall=0.8864 validation_f1=0.1208 validation_auc=0.8668 validation_specificity=0.7058 validation_false_positive_rate=0.2942 validation_f2=0.2507 validation_mcc=0.1902 validation_prauc=0.1134 validation_balanced_accuracy=0.7961 validation_brier=0.2157 validation_kappa=0.0823 validation_informedness=0.5922 validation_markedness=-0.2294 validation_gini=0.7337 validation_optimal_threshold=0.3540 validation_standard_deviation_prediction=0.3664 validation_percentage_above_threshold=30.75
[LN303    ] [chunk_21_hyperparam_optimizer.py] [info] [section 2] [XGBOOST] [hyperparameter_optimization search baseline] TRIAL 2/5: n_estimators=300, max_depth=7, learning_rate=0.03, min_child_weight=100, reg_alpha=0.0, reg_lambda=5.0, subsample=0.8, colsample_bytree=1.0, gamma=0.1
[LN304    ] [chunk_21_hyperparam_optimizer.py] [info] [section 2] [XGBOOST] [hyperparameter_optimization search baseline] LABEL_THRESHOLD=10.0
[LN305    ] [chunk_21_hyperparam_optimizer.py] [info] [section 2] [XGBOOST] [hyperparameter_optimization search baseline] VALIDATION_PRECISION=0.0437 VALIDATION_TRUE_POSITIVES=1152 VALIDATION_TRUE_NEGATIVES=26842 validation_false_positives=25215 validation_false_negatives=45 validation_max_prediction=0.9746 validation_mean_prediction=0.5508 validation_recall=0.9624 validation_f1=0.0836 validation_auc=0.8553 validation_specificity=0.5156 validation_false_positive_rate=0.4844 validation_f2=0.1849 validation_mcc=0.1417 validation_prauc=0.1173 validation_balanced_accuracy=0.7390 validation_brier=0.3629 validation_kappa=0.0424 validation_informedness=0.4780 validation_markedness=-0.4407 validation_gini=0.7106 validation_optimal_threshold=0.7211 validation_standard_deviation_prediction=0.2765 validation_percentage_above_threshold=49.51
[LN306    ] [chunk_21_hyperparam_optimizer.py] [info] [section 2] [XGBOOST] [hyperparameter_optimization search baseline] TRIAL 3/5: n_estimators=300, max_depth=3, learning_rate=0.01, min_child_weight=100, reg_alpha=0.1, reg_lambda=10.0, subsample=0.8, colsample_bytree=1.0, gamma=0.1
[LN307    ] [chunk_21_hyperparam_optimizer.py] [info] [section 2] [XGBOOST] [hyperparameter_optimization search baseline] LABEL_THRESHOLD=10.0
[LN308    ] [chunk_21_hyperparam_optimizer.py] [info] [section 2] [XGBOOST] [hyperparameter_optimization search baseline] VALIDATION_PRECISION=0.0455 VALIDATION_TRUE_POSITIVES=1162 VALIDATION_TRUE_NEGATIVES=27695 validation_false_positives=24362 validation_false_negatives=35 validation_max_prediction=0.9859 validation_mean_prediction=0.5259 validation_recall=0.9708 validation_f1=0.0870 validation_auc=0.8619 validation_specificity=0.5320 validation_false_positive_rate=0.4680 validation_f2=0.1917 validation_mcc=0.1492 validation_prauc=0.1187 validation_balanced_accuracy=0.7514 validation_brier=0.3572 validation_kappa=0.0460 validation_informedness=0.5028 validation_markedness=-0.4225 validation_gini=0.7238 validation_optimal_threshold=0.7617 validation_standard_deviation_prediction=0.3137 validation_percentage_above_threshold=47.93
[LN309    ] [chunk_21_hyperparam_optimizer.py] [info] [section 2] [XGBOOST] [hyperparameter_optimization search baseline] TRIAL 4/5: n_estimators=500, max_depth=3, learning_rate=0.01, min_child_weight=200, reg_alpha=0.5, reg_lambda=10.0, subsample=0.7, colsample_bytree=0.5, gamma=0.1
[LN310    ] [chunk_21_hyperparam_optimizer.py] [info] [section 2] [XGBOOST] [hyperparameter_optimization search baseline] LABEL_THRESHOLD=10.0
[LN311    ] [chunk_21_hyperparam_optimizer.py] [info] [section 2] [XGBOOST] [hyperparameter_optimization search baseline] VALIDATION_PRECISION=0.0559 VALIDATION_TRUE_POSITIVES=1129 VALIDATION_TRUE_NEGATIVES=32972 validation_false_positives=19085 validation_false_negatives=68 validation_max_prediction=0.9958 validation_mean_prediction=0.3811 validation_recall=0.9432 validation_f1=0.1055 validation_auc=0.8683 validation_specificity=0.6334 validation_false_positive_rate=0.3666 validation_f2=0.2258 validation_mcc=0.1761 validation_prauc=0.1133 validation_balanced_accuracy=0.7883 validation_brier=0.2787 validation_kappa=0.0658 validation_informedness=0.5766 validation_markedness=-0.3108 validation_gini=0.7367 validation_optimal_threshold=0.7741 validation_standard_deviation_prediction=0.3880 validation_percentage_above_threshold=37.96
[LN312    ] [chunk_21_hyperparam_optimizer.py] [info] [section 2] [XGBOOST] [hyperparameter_optimization search baseline] TRIAL 5/5: n_estimators=300, max_depth=3, learning_rate=0.1, min_child_weight=100, reg_alpha=1.0, reg_lambda=10.0, subsample=0.6, colsample_bytree=0.5, gamma=0.5
[LN313    ] [chunk_21_hyperparam_optimizer.py] [info] [section 2] [XGBOOST] [best trial] LABEL_THRESHOLD=10.0
[LN314    ] [chunk_21_hyperparam_optimizer.py] [info] [section 2] [XGBOOST] [best trial] VALIDATION_PRECISION=0.0648 VALIDATION_TRUE_POSITIVES=1061 VALIDATION_TRUE_NEGATIVES=36743 validation_false_positives=15314 validation_false_negatives=136 validation_max_prediction=0.9910 validation_mean_prediction=0.3094 validation_recall=0.8864 validation_f1=0.1208 validation_auc=0.8668 validation_specificity=0.7058 validation_false_positive_rate=0.2942 validation_f2=0.2507 validation_mcc=0.1902 validation_prauc=0.1134 validation_balanced_accuracy=0.7961 validation_brier=0.2157 validation_kappa=0.0823 validation_informedness=0.5922 validation_markedness=-0.2294 validation_gini=0.7337 validation_optimal_threshold=0.3540 validation_standard_deviation_prediction=0.3664 validation_percentage_above_threshold=30.75
[LN315    ] [chunk_21_hyperparam_optimizer.py] [info] [section 2] [XGBOOST] [best trial] n_estimators=300, max_depth=7, learning_rate=0.03, min_child_weight=100, reg_alpha=0.0, reg_lambda=5.0, subsample=0.8, colsample_bytree=1.0, gamma=0.1
[LN316    ] [chunk_18_phase_4_ensemble.py] [info]    [diagnostic-hyperparameter_optimization]  cumulative binary_split_predictions (1%) ≤ 0.0013, (5%) ≤ 0.0042, (10%) ≤ 0.0066, (25%) ≤ 0.0165, (50%) ≤ 0.0782, (75%) ≤ 0.7003, (90%) ≤ 0.9193, (95%) ≤ 0.9519, (99%) ≤ 0.9754, max=0.9910 binary_split_predictions distribution: 16% ≤ 0.01, 29% ≤ 0.02, 44% ≤ 0.05, 53% ≤ 0.1, 60% ≤ 0.2, 69% ≤ 0.5, 31% ≥ 0.50
[LN317    ] [chunk_18_phase_4_ensemble.py] [info]    hyperparameter_optimization did NOT improve: 0.0648 <= 0.0867 - using pre hyperparameter_optimization model
[LN318    ] [chunk_18_phase_4_ensemble.py] [info] [section 3] [XGBOOST] [PRE-HYPERPARAMETER_OPTIMIZATION] LABEL_THRESHOLD=10.0,
[LN319    ] [chunk_18_phase_4_ensemble.py] [info] [section 3] [XGBOOST] [PRE-HYPERPARAMETER_OPTIMIZATION] VALIDATION_PRECISION=0.0867 VALIDATION_TRUE_POSITIVES=253 VALIDATION_TRUE_NEGATIVES=49392 validation_false_positives=2665 validation_false_negatives=944 validation_max_prediction=0.9831 validation_mean_prediction=0.0843 validation_recall=0.2114 validation_f1=0.1230 validation_auc=0.8283 validation_specificity=0.9488 validation_false_positive_rate=0.0512 validation_f2=0.1642 validation_mcc=0.1043 validation_prauc=0.0762 validation_balanced_accuracy=0.5801 validation_brier=0.0490 validation_kappa=0.0941 validation_informedness=0.1602 validation_markedness=0.0355 validation_gini=0.6567 validation_optimal_threshold=0.0156 validation_standard_deviation_prediction=0.1784 validation_percentage_above_threshold=5.48
[LN320    ] [chunk_18_phase_4_ensemble.py] [info] [section 3] [XGBOOST] [PRE-HYPERPARAMETER_OPTIMIZATION] prediction_binary_split=0.50 hyperparams=(loss=binary_crossentropy lr=0.03 dropout=0.1 alpha=0.0 gamma=0.1 latent_dim=0) improved=False {'n_estimators': 300, 'max_depth': 7, 'learning_rate': 0.03, 'min_child_weight': 100, 'reg_alpha': 0.0, 'reg_lambda': 5.0, 'subsample': 0.8, 'colsample_bytree': 1.0, 'gamma': 0.1}
[LN321    ] [chunk_18_phase_4_ensemble.py] [info]    Running post hyperparameter_optimization threshold search for XGBoost...
[LN322    ] [chunk_12_evaluation_evaluator.py] [info] [XGBOOST] label_threshold=20.0 train_below_prediction_binary_split=118,621 train_above_prediction_binary_split=689 train_positive_found=true val_below_prediction_binary_split=52,918 val_above_prediction_binary_split=336 val_positive_found=true
[LN323    ] [chunk_12_evaluation_evaluator.py] [info] [reject] threshold=20.0 action=skipped reason=insufficient_positive_predictions positive_predictions=0 minimum_positive_required=53
[LN324    ] [chunk_12_evaluation_evaluator.py] [info] [XGBOOST] label_threshold=10.0 train_below_prediction_binary_split=116,756 train_above_prediction_binary_split=2,554 train_positive_found=true val_below_prediction_binary_split=52,057 val_above_prediction_binary_split=1,197 val_positive_found=true
[LN325    ] [chunk_12_evaluation_evaluator.py] [info] [XGBOOST] [diagnostic] LABEL_THRESHOLD=10.0 train_precision=0.3632 train_true_positives=2554 train_true_negatives=112279 train_false_positives=4477 train_false_negatives=0 train_max_prediction=0.9991 train_mean_prediction=0.1005 train_recall=1.0000 train_f1=0.5329 train_auc=1.0000 train_specificity=0.9617 train_false_positive_rate=0.0383 train_f2=0.7404 train_mcc=0.5910 train_prauc=0.9993 train_balanced_accuracy=0.9808 train_brier=0.0303 train_kappa=0.5178 train_informedness=0.9617 train_markedness=0.3249 train_gini=1.0000 train_optimal_threshold=0.9005 train_standard_deviation_prediction=0.2025 train_percentage_above_threshold=5.89
[LN326    ] [chunk_12_evaluation_evaluator.py] [info] [XGBOOST] [diagnostic] LABEL_THRESHOLD=10.0 VALIDATION_PRECISION=0.0867 VALIDATION_TRUE_POSITIVES=253 VALIDATION_TRUE_NEGATIVES=49392 validation_false_positives=2665 validation_false_negatives=944 validation_max_prediction=0.9831 validation_mean_prediction=0.0843 validation_recall=0.2114 validation_f1=0.1230 validation_auc=0.8283 validation_specificity=0.9488 validation_false_positive_rate=0.0512 validation_f2=0.1642 validation_mcc=0.1043 validation_prauc=0.0762 validation_balanced_accuracy=0.5801 validation_brier=0.0490 validation_kappa=0.0941 validation_informedness=0.1602 validation_markedness=0.0355 validation_gini=0.6567 validation_optimal_threshold=0.0156 validation_standard_deviation_prediction=0.1784 validation_percentage_above_threshold=5.48
[LN327    ] [chunk_12_evaluation_evaluator.py] [info] [XGBOOST] label_threshold=0.0 train_below_prediction_binary_split=59,589 train_above_prediction_binary_split=59,721 train_positive_found=true val_below_prediction_binary_split=24,480 val_above_prediction_binary_split=28,774 val_positive_found=true
[LN328    ] [chunk_12_evaluation_evaluator.py] [info] [reject] threshold=0.0 action=skipped reason=insufficient_positive_predictions positive_predictions=0 minimum_positive_required=53
[LN329    ] [chunk_18_phase_4_ensemble.py] [info]    hyperparameter_optimization model threshold search: LABEL_THRESHOLD=10.0, VALIDATION_PRECISION=0.0648
[LN330    ] [chunk_18_phase_4_ensemble.py] [info]    post hyperparameter_optimization threshold search: LABEL_THRESHOLD=10.0, VALIDATION_PRECISION=0.0867
[LN331    ] [chunk_18_phase_4_ensemble.py] [info]    post hyperparameter_optimization no improvement: keeping LABEL_THRESHOLD=10.0
[LN332    ] [chunk_18_phase_4_ensemble.py] [info] [section 4] [XGBOOST] [post hyperparameter_optimization] [diagnostic]  cumulative binary_split_predictions (1%) ≤ 0.0000, (5%) ≤ 0.0001, (10%) ≤ 0.0002, (25%) ≤ 0.0007, (50%) ≤ 0.0040, (75%) ≤ 0.0586, (90%) ≤ 0.3087, (95%) ≤ 0.5288, (99%) ≤ 0.8348, max=0.9831 binary_split_predictions distribution: 60% ≤ 0.01, 66% ≤ 0.02, 74% ≤ 0.05, 80% ≤ 0.1, 86% ≤ 0.2, 95% ≤ 0.5, 5% ≥ 0.50
[LN333    ] [chunk_18_phase_4_ensemble.py] [info] [section 4] [XGBOOST] [post hyperparameter_optimization] LABEL_THRESHOLD=10.0,
[LN334    ] [chunk_18_phase_4_ensemble.py] [info] [section 4] [XGBOOST] [post hyperparameter_optimization] VALIDATION_PRECISION=0.0867 VALIDATION_TRUE_POSITIVES=253 VALIDATION_TRUE_NEGATIVES=49392 validation_false_positives=2665 validation_false_negatives=944 validation_max_prediction=0.9831 validation_mean_prediction=0.0843 validation_recall=0.2114 validation_f1=0.1230 validation_auc=0.8283 validation_specificity=0.9488 validation_false_positive_rate=0.0512 validation_f2=0.1642 validation_mcc=0.1043 validation_prauc=0.0762 validation_balanced_accuracy=0.5801 validation_brier=0.0490 validation_kappa=0.0941 validation_informedness=0.1602 validation_markedness=0.0355 validation_gini=0.6567 validation_optimal_threshold=0.0156 validation_standard_deviation_prediction=0.1784 validation_percentage_above_threshold=5.48
[LN335    ] [chunk_18_phase_4_ensemble.py] [info] [section 4] [XGBOOST] [post hyperparameter_optimization] prediction_binary_split=0.50 hyperparams=(loss=binary_crossentropy lr=0.03 dropout=0.0 alpha=1.0 gamma=0.1 latent_dim=64) source=section3
[LN336    ] [chunk_18_phase_4_ensemble.py] [info]    Using threshold-optimized model (HPO did not improve)
[LN337    ] [chunk_18_phase_4_ensemble.py] [info]    Train predictions: mean=0.1005, std=0.2025, min=0.0000, max=0.9991
[LN338    ] [chunk_18_phase_4_ensemble.py] [info]    validation predictions:   mean=0.0843, std=0.1784, min=0.0000, max=0.9831
[LN339    ] [chunk_18_phase_4_ensemble.py] [info] [section 5] [XGBOOST] [final] [diagnostic] Train  cumulative binary_split_predictions (1%) ≤ 0.0000, (5%) ≤ 0.0001, (10%) ≤ 0.0002, (25%) ≤ 0.0008, (50%) ≤ 0.0067, (75%) ≤ 0.0945, (90%) ≤ 0.3336, (95%) ≤ 0.5556, (99%) ≤ 0.9887, max=0.9991 binary_split_predictions distribution: 54% ≤ 0.01, 60% ≤ 0.02, 68% ≤ 0.05, 76% ≤ 0.1, 84% ≤ 0.2, 94% ≤ 0.5, 6% ≥ 0.50
[LN340    ] [chunk_18_phase_4_ensemble.py] [info] [section 5] [XGBOOST] [final] [diagnostic] validation    cumulative binary_split_predictions (1%) ≤ 0.0000, (5%) ≤ 0.0001, (10%) ≤ 0.0002, (25%) ≤ 0.0007, (50%) ≤ 0.0040, (75%) ≤ 0.0586, (90%) ≤ 0.3087, (95%) ≤ 0.5288, (99%) ≤ 0.8348, max=0.9831 binary_split_predictions distribution: 60% ≤ 0.01, 66% ≤ 0.02, 74% ≤ 0.05, 80% ≤ 0.1, 86% ≤ 0.2, 95% ≤ 0.5, 5% ≥ 0.50
[LN341    ] [chunk_18_phase_4_ensemble.py] [info]    Train predictions: 5.89% positive predictions (7,031 / 119,310)
[LN342    ] [chunk_18_phase_4_ensemble.py] [info]    validation predictions:   5.48% positive predictions (2,918 / 53,254)
[LN343    ] [chunk_18_phase_4_ensemble.py] [info]    [info] Section 4 all rejected - using Section 3 results for Section 5
[LN344    ] [chunk_18_phase_4_ensemble.py] [info]    [diagnostic] prediction_buckets: 0-10:3355, 10-20:2040, 20-30:1448, 30-40:1114, 40-50:914, 50-60:668, 60-70:629, 70-80:443, 80-90:264, 90-100:0
[LN345    ] [chunk_18_phase_4_ensemble.py] [info] [section 5] [XGBOOST] [final] LABEL_THRESHOLD=10.0,
[LN346    ] [chunk_18_phase_4_ensemble.py] [info] [section 5] [XGBOOST] [final] train_precision=0.3632 train_true_positives=2554 train_true_negatives=112279 train_false_positives=4477 train_false_negatives=0 train_max_prediction=0.9991 train_mean_prediction=0.1005 train_recall=1.0000 train_f1=0.5329 train_auc=1.0000 train_specificity=0.9617 train_false_positive_rate=0.0383 train_f2=0.7404 train_mcc=0.5910 train_prauc=0.9993 train_balanced_accuracy=0.9808 train_standard_deviation_prediction=0.2025 train_percentage_above_threshold=5.89 train_brier=0.0303 train_kappa=0.5178 train_informedness=0.9617 train_markedness=0.3249 train_gini=1.0000 train_optimal_threshold=0.9005
[LN347    ] [chunk_18_phase_4_ensemble.py] [info] [section 5] [XGBOOST] [final] VALIDATION_PRECISION=0.0867 VALIDATION_TRUE_POSITIVES=253 VALIDATION_TRUE_NEGATIVES=49392 validation_false_positives=2665 validation_false_negatives=944 validation_max_prediction=0.9831 validation_mean_prediction=0.0843 validation_recall=0.2114 validation_f1=0.1230 validation_auc=0.8283 validation_specificity=0.9488 validation_false_positive_rate=0.0512 validation_f2=0.1642 validation_mcc=0.1043 validation_prauc=0.0762 validation_balanced_accuracy=0.5801 validation_brier=0.0490 validation_kappa=0.0941 validation_informedness=0.1602 validation_markedness=0.0355 validation_gini=0.6567 validation_optimal_threshold=0.0156 validation_standard_deviation_prediction=0.1784 validation_percentage_above_threshold=5.48
[LN348    ] [chunk_18_phase_4_ensemble.py] [info] [section 5] [XGBOOST] [final] prediction_binary_split=0.50 hyperparams=(loss=binary_crossentropy lr=0.03 dropout=0.0 alpha=1.0 gamma=0.1 latent_dim=64) (using HPO model directly)
[LN349    ] [chunk_18_phase_4_ensemble.py] [info]    XGBoost loss=binary_crossentropy pred_threshold=0.5 epochs=3
[LN350    ] [chunk_18_phase_4_ensemble.py] [info]    [XGBoost] hyperparameter_optimization: learning_rate=0.03, gamma=0.1
[LN351    ] [chunk_18_phase_4_ensemble.py] [info]    XGBoost training time: 32.2s
[LN352    ] [chunk_18_phase_4_ensemble.py] [info] [pass] XGBoost trained successfully
[LN353    ] [chunk_18_phase_4_ensemble.py] [info] [Dense] Winsorization: LOW=3 HIGH=92 (training-only percentiles)
[LN354    ] [chunk_18_phase_4_ensemble.py] [info] [section 1] [DENSE] [baseline] LABEL_THRESHOLD=20.0,
[LN355    ] [chunk_18_phase_4_ensemble.py] [info] [section 1] [DENSE] [baseline] predictions: mean=0.0347, std=0.0141, min=0.0000, max=0.0523
[LN356    ] [chunk_18_phase_4_ensemble.py] [info] [section 1] [DENSE] [baseline]  cumulative binary_split_predictions (1%) ≤ 0.0142, (5%) ≤ 0.0142, (10%) ≤ 0.0142, (25%) ≤ 0.0211, (50%) ≤ 0.0381, (75%) ≤ 0.0487, (90%) ≤ 0.0513, (95%) ≤ 0.0519, (99%) ≤ 0.0523, max=0.0523 binary_split_predictions distribution: 0% ≤ 0.01, 22% ≤ 0.02, 81% ≤ 0.05, 100% ≤ 0.1, 100% ≤ 0.2, 100% ≤ 0.5, 0% ≥ 0.50
[LN357    ] [chunk_18_phase_4_ensemble.py] [info] [section 1] [DENSE] [baseline] prediction_binary_split=0.50, VALIDATION predictions at LABEL_THRESHOLD=20.0: 0.00%
[LN358    ] [chunk_18_phase_4_ensemble.py] [warning] [section 1] [DENSE] [baseline] [warning] No predictions >= 0.5!
[LN359    ] [chunk_18_phase_4_ensemble.py] [info] [section 1] [DENSE] [baseline] LABEL_THRESHOLD=20.0,
[LN360    ] [chunk_18_phase_4_ensemble.py] [info] [section 1] [DENSE] [baseline] VALIDATION_PRECISION=0.0000 VALIDATION_TRUE_POSITIVES=0 VALIDATION_TRUE_NEGATIVES=52918 validation_false_positives=0 validation_false_negatives=336 validation_max_prediction=0.0523 validation_mean_prediction=0.0347 validation_recall=0.0000 validation_f1=0.0000 validation_auc=0.4194 validation_specificity=1.0000 validation_false_positive_rate=0.0000 validation_f2=0.0000 validation_mcc=0.0000 validation_prauc=0.0052 validation_balanced_accuracy=0.5000 validation_brier=0.0073 validation_kappa=0.0000 validation_informedness=0.0000 validation_markedness=1.0000 validation_gini=0.0000 validation_optimal_threshold=0.0142 validation_standard_deviation_prediction=0.0141 validation_percentage_above_threshold=0.00
[LN361    ] [chunk_18_phase_4_ensemble.py] [info] [section 1] [DENSE] [baseline] prediction_binary_split=0.50 loss=binary_crossentropy, lr=0.001
[LN362    ] [chunk_12_evaluation_evaluator.py] [info] [DENSE] label_threshold=20.0 train_below_prediction_binary_split=118,621 train_above_prediction_binary_split=689 train_positive_found=true val_below_prediction_binary_split=52,918 val_above_prediction_binary_split=336 val_positive_found=true
[LN363    ] [chunk_12_evaluation_evaluator.py] [info] [DENSE] [reject] skipping LABEL_THRESHOLD=20.0: pos_pred_ratio=0.02% outside [0%, 65%]
[LN364    ] [chunk_12_evaluation_evaluator.py] [info] [DENSE] label_threshold=10.0 train_below_prediction_binary_split=116,756 train_above_prediction_binary_split=2,554 train_positive_found=true val_below_prediction_binary_split=52,057 val_above_prediction_binary_split=1,197 val_positive_found=true
[LN365    ] [chunk_12_evaluation_evaluator.py] [info] [reject] threshold=10.0 action=skipped reason=insufficient_positive_predictions positive_predictions=0 minimum_positive_required=5
[LN366    ] [chunk_12_evaluation_evaluator.py] [info] [DENSE] label_threshold=0.0 train_below_prediction_binary_split=59,589 train_above_prediction_binary_split=59,721 train_positive_found=true val_below_prediction_binary_split=24,480 val_above_prediction_binary_split=28,774 val_positive_found=true
[LN367    ] [chunk_12_evaluation_evaluator.py] [info] [DENSE] [reject] skipping LABEL_THRESHOLD=0.0: validation_precision=0.5157 <= baseline+0.0200=0.5200
[LN368    ] [chunk_18_phase_4_ensemble.py] [warning] [section 1] [DENSE] [label_threshold_optimal] [warning] All label thresholds rejected — using baseline metrics at 20.0
[LN369    ] [chunk_18_phase_4_ensemble.py] [info] [section 1] [DENSE] [label_threshold_optimal] LABEL_THRESHOLD=20.0
[LN370    ] [chunk_18_phase_4_ensemble.py] [info] [section 1] [DENSE] [label_threshold_optimal] train_precision=0.0000 train_true_positives=0 train_true_negatives=52918 train_false_positives=0 train_false_negatives=336 train_max_prediction=0.0523 train_mean_prediction=0.0347 train_recall=0.0000 train_f1=0.0000 train_auc=0.4194 train_specificity=1.0000 train_false_positive_rate=0.0000 train_f2=0.0000 train_mcc=0.0000 train_prauc=0.0052 train_balanced_accuracy=0.5000 train_brier=0.0073 train_kappa=0.0000 train_informedness=0.0000 train_markedness=1.0000 train_gini=0.0000 train_optimal_threshold=0.0142 train_standard_deviation_prediction=0.0141 train_percentage_above_threshold=0.00
[LN371    ] [chunk_18_phase_4_ensemble.py] [info] [section 1] [DENSE] [label_threshold_optimal] VALIDATION_PRECISION=0.0000 VALIDATION_TRUE_POSITIVES=0 VALIDATION_TRUE_NEGATIVES=52918 validation_false_positives=0 validation_false_negatives=336 validation_max_prediction=0.0523 validation_mean_prediction=0.0347 validation_recall=0.0000 validation_f1=0.0000 validation_auc=0.4194 validation_specificity=1.0000 validation_false_positive_rate=0.0000 validation_f2=0.0000 validation_mcc=0.0000 validation_prauc=0.0052 validation_balanced_accuracy=0.5000 validation_brier=0.0073 validation_kappa=0.0000 validation_informedness=0.0000 validation_markedness=1.0000 validation_gini=0.0000 validation_optimal_threshold=0.0142 validation_standard_deviation_prediction=0.0141 validation_percentage_above_threshold=0.00
[LN372    ] [chunk_18_phase_4_ensemble.py] [info] [section 1] [DENSE] [label_threshold_optimal] prediction_binary_split=0.50
[LN373    ] [chunk_21_hyperparam_optimizer.py] [info] [section 2] [DENSE] [hyperparameter_optimization search] Running Bayesian optimization (5 trials)...
[LN374    ] [chunk_21_hyperparam_optimizer.py] [info] [section 2] [DENSE] [hyperparameter_optimization search baseline] LABEL_THRESHOLD=20.0
[LN375    ] [chunk_21_hyperparam_optimizer.py] [info] [section 2] [DENSE] [hyperparameter_optimization search baseline] VALIDATION_PRECISION=0.0257 VALIDATION_TRUE_POSITIVES=289 VALIDATION_TRUE_NEGATIVES=41975 validation_false_positives=10943 validation_false_negatives=47 validation_max_prediction=0.9982 validation_mean_prediction=0.2319 validation_recall=0.8601 validation_f1=0.0500 validation_auc=0.8995 validation_specificity=0.7932 validation_false_positive_rate=0.2068 validation_f2=0.1149 validation_mcc=0.1268 validation_prauc=0.0533 validation_balanced_accuracy=0.8267 validation_brier=0.1412 validation_kappa=0.0382 validation_informedness=0.6533 validation_markedness=-0.1811 validation_gini=0.7989 validation_optimal_threshold=0.5037 validation_standard_deviation_prediction=0.3013 validation_percentage_above_threshold=21.09
[LN376    ] [chunk_21_hyperparam_optimizer.py] [info] [section 2] [DENSE] [hyperparameter_optimization search baseline] TRIAL 1/5: units=128, layers=2, dropout=0.1, learning_rate=0.0001, epochs=30, loss_function=binary_crossentropy, alpha=0.75, gamma=2.5, batch_size=32, activation=selu
[LN377    ] [chunk_21_hyperparam_optimizer.py] [info] [section 2] [DENSE] [hyperparameter_optimization search baseline] LABEL_THRESHOLD=20.0
[LN378    ] [chunk_21_hyperparam_optimizer.py] [info] [section 2] [DENSE] [hyperparameter_optimization search baseline] VALIDATION_PRECISION=0.0993 VALIDATION_TRUE_POSITIVES=14 VALIDATION_TRUE_NEGATIVES=52791 validation_false_positives=127 validation_false_negatives=322 validation_max_prediction=0.7821 validation_mean_prediction=0.0605 validation_recall=0.0417 validation_f1=0.0587 validation_auc=0.8870 validation_specificity=0.9976 validation_false_positive_rate=0.0024 validation_f2=0.0471 validation_mcc=0.0605 validation_prauc=0.0436 validation_balanced_accuracy=0.5196 validation_brier=0.0149 validation_kappa=0.0552 validation_informedness=0.0393 validation_markedness=0.0969 validation_gini=0.7740 validation_optimal_threshold=0.0944 validation_standard_deviation_prediction=0.0884 validation_percentage_above_threshold=0.26
[LN379    ] [chunk_21_hyperparam_optimizer.py] [info] [section 2] [DENSE] [hyperparameter_optimization search baseline] TRIAL 2/5: units=1024, layers=3, dropout=0.2, learning_rate=0.0001, epochs=20, loss_function=focal_loss, alpha=1.0, gamma=4.0, batch_size=64, activation=leaky_relu
[LN380    ] [chunk_21_hyperparam_optimizer.py] [info] [section 2] [DENSE] [hyperparameter_optimization search baseline] LABEL_THRESHOLD=20.0
[LN381    ] [chunk_21_hyperparam_optimizer.py] [info] [section 2] [DENSE] [hyperparameter_optimization search baseline] VALIDATION_PRECISION=0.1818 VALIDATION_TRUE_POSITIVES=2 VALIDATION_TRUE_NEGATIVES=52909 validation_false_positives=9 validation_false_negatives=334 validation_max_prediction=0.6776 validation_mean_prediction=0.0333 validation_recall=0.0060 validation_f1=0.0115 validation_auc=0.8896 validation_specificity=0.9998 validation_false_positive_rate=0.0002 validation_f2=0.0074 validation_mcc=0.0319 validation_prauc=0.0551 validation_balanced_accuracy=0.5029 validation_brier=0.0086 validation_kappa=0.0111 validation_informedness=0.0058 validation_markedness=0.1816 validation_gini=0.7792 validation_optimal_threshold=0.0278 validation_standard_deviation_prediction=0.0553 validation_percentage_above_threshold=0.02
[LN382    ] [chunk_21_hyperparam_optimizer.py] [info] [section 2] [DENSE] [hyperparameter_optimization search baseline] TRIAL 3/5: units=64, layers=3, dropout=0.1, learning_rate=0.0003, epochs=20, loss_function=focal_loss, alpha=0.75, gamma=2.5, batch_size=128, activation=leaky_relu
[LN383    ] [chunk_21_hyperparam_optimizer.py] [info] [section 2] [DENSE] [hyperparameter_optimization search baseline] LABEL_THRESHOLD=20.0
[LN384    ] [chunk_21_hyperparam_optimizer.py] [info] [section 2] [DENSE] [hyperparameter_optimization search baseline] VALIDATION_PRECISION=0.0000 VALIDATION_TRUE_POSITIVES=0 VALIDATION_TRUE_NEGATIVES=52916 validation_false_positives=2 validation_false_negatives=336 validation_max_prediction=0.5235 validation_mean_prediction=0.0305 validation_recall=0.0000 validation_f1=0.0000 validation_auc=0.8893 validation_specificity=1.0000 validation_false_positive_rate=0.0000 validation_f2=0.0000 validation_mcc=-0.0005 validation_prauc=0.0511 validation_balanced_accuracy=0.5000 validation_brier=0.0082 validation_kappa=-0.0001 validation_informedness=-0.0000 validation_markedness=-0.0000 validation_gini=0.7787 validation_optimal_threshold=0.0258 validation_standard_deviation_prediction=0.0523 validation_percentage_above_threshold=0.00
[LN385    ] [chunk_21_hyperparam_optimizer.py] [info] [section 2] [DENSE] [hyperparameter_optimization search baseline] TRIAL 4/5: units=1024, layers=3, dropout=0.1, learning_rate=0.0005, epochs=15, loss_function=focal_loss, alpha=1.25, gamma=3.0, batch_size=128, activation=selu
[LN386    ] [chunk_21_hyperparam_optimizer.py] [info] [section 2] [DENSE] [hyperparameter_optimization search baseline] LABEL_THRESHOLD=20.0
[LN387    ] [chunk_21_hyperparam_optimizer.py] [info] [section 2] [DENSE] [hyperparameter_optimization search baseline] VALIDATION_PRECISION=0.0310 VALIDATION_TRUE_POSITIVES=262 VALIDATION_TRUE_NEGATIVES=44739 validation_false_positives=8179 validation_false_negatives=74 validation_max_prediction=0.9957 validation_mean_prediction=0.1672 validation_recall=0.7798 validation_f1=0.0597 validation_auc=0.8857 validation_specificity=0.8454 validation_false_positive_rate=0.1546 validation_f2=0.1339 validation_mcc=0.1355 validation_prauc=0.0541 validation_balanced_accuracy=0.8126 validation_brier=0.0974 validation_kappa=0.0482 validation_informedness=0.6252 validation_markedness=-0.1235 validation_gini=0.7713 validation_optimal_threshold=0.3551 validation_standard_deviation_prediction=0.2675 validation_percentage_above_threshold=15.85
[LN388    ] [chunk_21_hyperparam_optimizer.py] [info] [section 2] [DENSE] [hyperparameter_optimization search baseline] TRIAL 5/5: units=512, layers=3, dropout=0.1, learning_rate=0.001, epochs=20, loss_function=binary_crossentropy, alpha=1.0, gamma=2.5, batch_size=256, activation=leaky_relu
[LN389    ] [chunk_21_hyperparam_optimizer.py] [info] [section 2] [DENSE] [best trial] LABEL_THRESHOLD=20.0
[LN390    ] [chunk_21_hyperparam_optimizer.py] [info] [section 2] [DENSE] [best trial] VALIDATION_PRECISION=0.0993 VALIDATION_TRUE_POSITIVES=14 VALIDATION_TRUE_NEGATIVES=52791 validation_false_positives=127 validation_false_negatives=322 validation_max_prediction=0.7821 validation_mean_prediction=0.0605 validation_recall=0.0417 validation_f1=0.0587 validation_auc=0.8870 validation_specificity=0.9976 validation_false_positive_rate=0.0024 validation_f2=0.0471 validation_mcc=0.0605 validation_prauc=0.0436 validation_balanced_accuracy=0.5196 validation_brier=0.0149 validation_kappa=0.0552 validation_informedness=0.0393 validation_markedness=0.0969 validation_gini=0.7740 validation_optimal_threshold=0.0944 validation_standard_deviation_prediction=0.0884 validation_percentage_above_threshold=0.26
[LN391    ] [chunk_21_hyperparam_optimizer.py] [info] [section 2] [DENSE] [best trial] units=1024, layers=3, dropout=0.2, learning_rate=0.0001, epochs=20, loss_function=focal_loss, alpha=1.0, gamma=4.0, batch_size=64, activation=leaky_relu
[LN392    ] [chunk_18_phase_4_ensemble.py] [info]    [diagnostic-hyperparameter_optimization]  cumulative binary_split_predictions (1%) ≤ 0.0006, (5%) ≤ 0.0009, (10%) ≤ 0.0014, (25%) ≤ 0.0034, (50%) ≤ 0.0151, (75%) ≤ 0.0890, (90%) ≤ 0.1855, (95%) ≤ 0.2472, (99%) ≤ 0.3835, max=0.7821 binary_split_predictions distribution: 44% ≤ 0.01, 53% ≤ 0.02, 65% ≤ 0.05, 77% ≤ 0.1, 91% ≤ 0.2, 100% ≤ 0.5, 0% ≥ 0.50
[LN393    ] [chunk_18_phase_4_ensemble.py] [info]    hyperparameter_optimization improved: 0.0993 > 0.0000
[LN394    ] [chunk_18_phase_4_ensemble.py] [info] [section 3] [DENSE] [HYPERPARAMETER_OPTIMIZATION] LABEL_THRESHOLD=20.0,
[LN395    ] [chunk_18_phase_4_ensemble.py] [info] [section 3] [DENSE] [HYPERPARAMETER_OPTIMIZATION] VALIDATION_PRECISION=0.0993 VALIDATION_TRUE_POSITIVES=14 VALIDATION_TRUE_NEGATIVES=52791 validation_false_positives=127 validation_false_negatives=322 validation_max_prediction=0.7821 validation_mean_prediction=0.0605 validation_recall=0.0417 validation_f1=0.0587 validation_auc=0.8870 validation_specificity=0.9976 validation_false_positive_rate=0.0024 validation_f2=0.0471 validation_mcc=0.0605 validation_prauc=0.0436 validation_balanced_accuracy=0.5196 validation_brier=0.0149 validation_kappa=0.0552 validation_informedness=0.0393 validation_markedness=0.0969 validation_gini=0.7740 validation_optimal_threshold=0.0944 validation_standard_deviation_prediction=0.0884 validation_percentage_above_threshold=0.26
[LN396    ] [chunk_18_phase_4_ensemble.py] [info] [section 3] [DENSE] [HYPERPARAMETER_OPTIMIZATION] prediction_binary_split=0.50 hyperparams=(loss=focal_loss lr=0.0001 dropout=0.2 alpha=1.0 gamma=4.0 latent_dim=0) improved=True {'units': 1024, 'layers': 3, 'dropout': 0.2, 'learning_rate': 0.0001, 'epochs': 20, 'loss_function': 'focal_loss', 'alpha': 1.0, 'gamma': 4.0, 'batch_size': 64, 'activation': 'leaky_relu'}
[LN397    ] [chunk_18_phase_4_ensemble.py] [info]    Running post hyperparameter_optimization threshold search for Dense...
[LN398    ] [chunk_12_evaluation_evaluator.py] [info] [DENSE] label_threshold=20.0 train_below_prediction_binary_split=118,621 train_above_prediction_binary_split=689 train_positive_found=true val_below_prediction_binary_split=52,918 val_above_prediction_binary_split=336 val_positive_found=true
[LN399    ] [chunk_12_evaluation_evaluator.py] [info] [DENSE] [diagnostic] LABEL_THRESHOLD=20.0 train_precision=0.0853 train_true_positives=11 train_true_negatives=118503 train_false_positives=118 train_false_negatives=678 train_max_prediction=0.7778 train_mean_prediction=0.0597 train_recall=0.0160 train_f1=0.0269 train_auc=0.8869 train_specificity=0.9990 train_false_positive_rate=0.0010 train_f2=0.0191 train_mcc=0.0345 train_prauc=0.0457 train_balanced_accuracy=0.5075 train_brier=0.0127 train_kappa=0.0251 train_informedness=0.0150 train_markedness=0.0843 train_gini=0.7738 train_optimal_threshold=0.1000 train_standard_deviation_prediction=0.0756 train_percentage_above_threshold=0.11
[LN400    ] [chunk_12_evaluation_evaluator.py] [info] [DENSE] [diagnostic] LABEL_THRESHOLD=20.0 VALIDATION_PRECISION=0.0993 VALIDATION_TRUE_POSITIVES=14 VALIDATION_TRUE_NEGATIVES=52791 validation_false_positives=127 validation_false_negatives=322 validation_max_prediction=0.7821 validation_mean_prediction=0.0605 validation_recall=0.0417 validation_f1=0.0587 validation_auc=0.8870 validation_specificity=0.9976 validation_false_positive_rate=0.0024 validation_f2=0.0471 validation_mcc=0.0605 validation_prauc=0.0436 validation_balanced_accuracy=0.5196 validation_brier=0.0149 validation_kappa=0.0552 validation_informedness=0.0393 validation_markedness=0.0969 validation_gini=0.7740 validation_optimal_threshold=0.0944 validation_standard_deviation_prediction=0.0884 validation_percentage_above_threshold=0.26
[LN401    ] [chunk_12_evaluation_evaluator.py] [info] [DENSE] label_threshold=10.0 train_below_prediction_binary_split=116,756 train_above_prediction_binary_split=2,554 train_positive_found=true val_below_prediction_binary_split=52,057 val_above_prediction_binary_split=1,197 val_positive_found=true
[LN402    ] [chunk_12_evaluation_evaluator.py] [info] [DENSE] [diagnostic] LABEL_THRESHOLD=10.0 train_precision=0.0881 train_true_positives=29 train_true_negatives=116456 train_false_positives=300 train_false_negatives=2525 train_max_prediction=0.7291 train_mean_prediction=0.0623 train_recall=0.0114 train_f1=0.0201 train_auc=0.6809 train_specificity=0.9974 train_false_positive_rate=0.0026 train_f2=0.0138 train_mcc=0.0242 train_prauc=0.0441 train_balanced_accuracy=0.5044 train_brier=0.0265 train_kappa=0.0153 train_informedness=0.0088 train_markedness=0.0856 train_gini=0.3618 train_optimal_threshold=0.0659 train_standard_deviation_prediction=0.0775 train_percentage_above_threshold=0.28
[LN403    ] [chunk_12_evaluation_evaluator.py] [info] [DENSE] [diagnostic] LABEL_THRESHOLD=10.0 VALIDATION_PRECISION=0.0636 VALIDATION_TRUE_POSITIVES=56 VALIDATION_TRUE_NEGATIVES=51233 validation_false_positives=824 validation_false_negatives=1141 validation_max_prediction=0.7705 validation_mean_prediction=0.1111 validation_recall=0.0468 validation_f1=0.0539 validation_auc=0.7025 validation_specificity=0.9842 validation_false_positive_rate=0.0158 validation_f2=0.0494 validation_mcc=0.0360 validation_prauc=0.0476 validation_balanced_accuracy=0.5155 validation_brier=0.0410 validation_kappa=0.0356 validation_informedness=0.0310 validation_markedness=0.0478 validation_gini=0.4050 validation_optimal_threshold=0.1101 validation_standard_deviation_prediction=0.1228 validation_percentage_above_threshold=1.65
[LN404    ] [chunk_12_evaluation_evaluator.py] [info] [DENSE] label_threshold=0.0 train_below_prediction_binary_split=59,589 train_above_prediction_binary_split=59,721 train_positive_found=true val_below_prediction_binary_split=24,480 val_above_prediction_binary_split=28,774 val_positive_found=true
[LN405    ] [chunk_12_evaluation_evaluator.py] [info] [DENSE] [diagnostic] LABEL_THRESHOLD=0.0 train_precision=0.4894 train_true_positives=787 train_true_negatives=58768 train_false_positives=821 train_false_negatives=58934 train_max_prediction=0.8370 train_mean_prediction=0.0757 train_recall=0.0132 train_f1=0.0257 train_auc=0.4918 train_specificity=0.9862 train_false_positive_rate=0.0138 train_f2=0.0164 train_mcc=-0.0026 train_prauc=0.4947 train_balanced_accuracy=0.4997 train_brier=0.4428 train_kappa=-0.0006 train_informedness=-0.0006 train_markedness=0.4757 train_gini=0.0000 train_optimal_threshold=0.0146 train_standard_deviation_prediction=0.1061 train_percentage_above_threshold=1.35
[LN406    ] [chunk_12_evaluation_evaluator.py] [info] [DENSE] [diagnostic] LABEL_THRESHOLD=0.0 VALIDATION_PRECISION=0.5203 VALIDATION_TRUE_POSITIVES=1228 VALIDATION_TRUE_NEGATIVES=23348 validation_false_positives=1132 validation_false_negatives=27546 validation_max_prediction=0.8283 validation_mean_prediction=0.1523 validation_recall=0.0427 validation_f1=0.0789 validation_auc=0.5223 validation_specificity=0.9538 validation_false_positive_rate=0.0462 validation_f2=0.0523 validation_mcc=-0.0086 validation_prauc=0.5493 validation_balanced_accuracy=0.4982 validation_brier=0.4195 validation_kappa=-0.0033 validation_informedness=-0.0036 validation_markedness=0.4741 validation_gini=0.0447 validation_optimal_threshold=0.1010 validation_standard_deviation_prediction=0.1539 validation_percentage_above_threshold=4.43
[LN407    ] [chunk_18_phase_4_ensemble.py] [info]    hyperparameter_optimization model threshold search: LABEL_THRESHOLD=20.0, VALIDATION_PRECISION=0.0993
[LN408    ] [chunk_18_phase_4_ensemble.py] [info]    post hyperparameter_optimization threshold search: LABEL_THRESHOLD=0.0, VALIDATION_PRECISION=0.5203
[LN409    ] [chunk_18_phase_4_ensemble.py] [info]    post hyperparameter_optimization improved: using LABEL_THRESHOLD=0.0
[LN410    ] [chunk_18_phase_4_ensemble.py] [info] [section 4] [DENSE] [post hyperparameter_optimization] [diagnostic]  cumulative binary_split_predictions (1%) ≤ 0.0021, (5%) ≤ 0.0069, (10%) ≤ 0.0123, (25%) ≤ 0.0320, (50%) ≤ 0.1010, (75%) ≤ 0.2207, (90%) ≤ 0.3831, (95%) ≤ 0.4842, (99%) ≤ 0.6477, max=0.8283 binary_split_predictions distribution: 8% ≤ 0.01, 17% ≤ 0.02, 33% ≤ 0.05, 50% ≤ 0.1, 72% ≤ 0.2, 96% ≤ 0.5, 4% ≥ 0.50
[LN411    ] [chunk_18_phase_4_ensemble.py] [info] [section 4] [DENSE] [post hyperparameter_optimization] LABEL_THRESHOLD=0.0,
[LN412    ] [chunk_18_phase_4_ensemble.py] [info] [section 4] [DENSE] [post hyperparameter_optimization] VALIDATION_PRECISION=0.5203 VALIDATION_TRUE_POSITIVES=1228 VALIDATION_TRUE_NEGATIVES=23348 validation_false_positives=1132 validation_false_negatives=27546 validation_max_prediction=0.8283 validation_mean_prediction=0.1523 validation_recall=0.0427 validation_f1=0.0789 validation_auc=0.5223 validation_specificity=0.9560 validation_false_positive_rate=0.0440 validation_f2=0.0445 validation_mcc=0.0209 validation_prauc=0.0080 validation_balanced_accuracy=0.5271 validation_brier=0.0516 validation_kappa=0.0136 validation_informedness=0.0542 validation_markedness=-0.0300 validation_gini=0.0000 validation_optimal_threshold=0.5674 validation_standard_deviation_prediction=0.1539 validation_percentage_above_threshold=4.43
[LN413    ] [chunk_18_phase_4_ensemble.py] [info] [section 4] [DENSE] [post hyperparameter_optimization] prediction_binary_split=0.50 hyperparams=(loss=focal_loss lr=0.0001 dropout=0.2 alpha=1.0 gamma=4.0 latent_dim=64) source=section4
[LN414    ] [chunk_18_phase_4_ensemble.py] [info]    Using post-HPO model at LABEL_THRESHOLD=0.0 (post_hpo_prec=0.5203 > hpo=0.0993, pre_hpo=0.0000)
[LN415    ] [chunk_18_phase_4_ensemble.py] [info]    Train predictions: mean=0.0757, std=0.1061, min=0.0001, max=0.8370
[LN416    ] [chunk_18_phase_4_ensemble.py] [info]    validation predictions:   mean=0.1523, std=0.1539, min=0.0001, max=0.8283
[LN417    ] [chunk_18_phase_4_ensemble.py] [info] [section 5] [DENSE] [final] [diagnostic] Train  cumulative binary_split_predictions (1%) ≤ 0.0018, (5%) ≤ 0.0054, (10%) ≤ 0.0089, (25%) ≤ 0.0165, (50%) ≤ 0.0333, (75%) ≤ 0.0884, (90%) ≤ 0.1938, (95%) ≤ 0.3021, (99%) ≤ 0.5358, max=0.8370 binary_split_predictions distribution: 12% ≤ 0.01, 33% ≤ 0.02, 61% ≤ 0.05, 78% ≤ 0.1, 90% ≤ 0.2, 99% ≤ 0.5, 1% ≥ 0.50
[LN418    ] [chunk_18_phase_4_ensemble.py] [info] [section 5] [DENSE] [final] [diagnostic] validation    cumulative binary_split_predictions (1%) ≤ 0.0021, (5%) ≤ 0.0069, (10%) ≤ 0.0123, (25%) ≤ 0.0320, (50%) ≤ 0.1010, (75%) ≤ 0.2207, (90%) ≤ 0.3831, (95%) ≤ 0.4842, (99%) ≤ 0.6477, max=0.8283 binary_split_predictions distribution: 8% ≤ 0.01, 17% ≤ 0.02, 33% ≤ 0.05, 50% ≤ 0.1, 72% ≤ 0.2, 96% ≤ 0.5, 4% ≥ 0.50
[LN419    ] [chunk_18_phase_4_ensemble.py] [info]    Train predictions: 1.35% positive predictions (1,608 / 119,310)
[LN420    ] [chunk_18_phase_4_ensemble.py] [info]    validation predictions:   4.43% positive predictions (2,360 / 53,254)
[LN421    ] [chunk_18_phase_4_ensemble.py] [info]    [diagnostic] prediction_buckets: 0-10:11823, 10-20:6388, 20-30:3814, 30-40:2399, 40-50:1421, 50-60:698, 60-70:229, 70-80:12, 80-90:0, 90-100:0
[LN422    ] [chunk_18_phase_4_ensemble.py] [info] [section 5] [DENSE] [final] LABEL_THRESHOLD=0.0,
[LN423    ] [chunk_18_phase_4_ensemble.py] [info] [section 5] [DENSE] [final] train_precision=0.4894 train_true_positives=787 train_true_negatives=58768 train_false_positives=821 train_false_negatives=58934 train_max_prediction=0.8370 train_mean_prediction=0.0757 train_recall=0.0132 train_f1=0.0257 train_auc=0.4918 train_specificity=0.9862 train_false_positive_rate=0.0138 train_f2=0.0164 train_mcc=-0.0026 train_prauc=0.4947 train_balanced_accuracy=0.4997 train_standard_deviation_prediction=0.1061 train_percentage_above_threshold=1.35 train_brier=0.4428 train_kappa=-0.0006 train_informedness=-0.0006 train_markedness=0.4757 train_gini=0.0000 train_optimal_threshold=0.0146
[LN424    ] [chunk_18_phase_4_ensemble.py] [info] [section 5] [DENSE] [final] VALIDATION_PRECISION=0.5203 VALIDATION_TRUE_POSITIVES=1228 VALIDATION_TRUE_NEGATIVES=23348 validation_false_positives=1132 validation_false_negatives=27546 validation_max_prediction=0.8283 validation_mean_prediction=0.1523 validation_recall=0.0427 validation_f1=0.0789 validation_auc=0.5223 validation_specificity=0.9538 validation_false_positive_rate=0.0462 validation_f2=0.0523 validation_mcc=-0.0086 validation_prauc=0.5493 validation_balanced_accuracy=0.4982 validation_brier=0.4195 validation_kappa=-0.0033 validation_informedness=-0.0036 validation_markedness=0.4741 validation_gini=0.0447 validation_optimal_threshold=0.1010 validation_standard_deviation_prediction=0.1539 validation_percentage_above_threshold=4.43
[LN425    ] [chunk_18_phase_4_ensemble.py] [info] [section 5] [DENSE] [final] prediction_binary_split=0.50 hyperparams=(loss=focal_loss lr=0.0001 dropout=0.2 alpha=1.0 gamma=4.0 latent_dim=64) (using HPO model directly)
[LN426    ] [chunk_18_phase_4_ensemble.py] [info]    Dense loss=focal_loss pred_threshold=0.5 epochs=20
[LN427    ] [chunk_18_phase_4_ensemble.py] [info]    [Dense] hyperparameter_optimization: units=1024, layers=3, dropout=0.2, learning_rate=0.0001, alpha=1.0, gamma=4.0
[LN428    ] [chunk_18_phase_4_ensemble.py] [info]    Dense training time: 926.3s
[LN429    ] [chunk_18_phase_4_ensemble.py] [info] [pass] Dense trained successfully
[LN430    ] [chunk_18_phase_4_ensemble.py] [info] [CNN] Winsorization: LOW=3 HIGH=95 (training-only percentiles)
[LN431    ] [chunk_18_phase_4_ensemble.py] [info] [section 1] [CNN] [baseline] LABEL_THRESHOLD=20.0,
[LN432    ] [chunk_18_phase_4_ensemble.py] [info] [section 1] [CNN] [baseline] predictions: mean=0.0331, std=0.0287, min=0.0024, max=0.2374
[LN433    ] [chunk_18_phase_4_ensemble.py] [info] [section 1] [CNN] [baseline]  cumulative binary_split_predictions (1%) ≤ 0.0039, (5%) ≤ 0.0061, (10%) ≤ 0.0109, (25%) ≤ 0.0172, (50%) ≤ 0.0252, (75%) ≤ 0.0356, (90%) ≤ 0.0696, (95%) ≤ 0.0919, (99%) ≤ 0.1577, max=0.2374 binary_split_predictions distribution: 9% ≤ 0.01, 36% ≤ 0.02, 84% ≤ 0.05, 96% ≤ 0.1, 100% ≤ 0.2, 100% ≤ 0.5, 0% ≥ 0.50
[LN434    ] [chunk_18_phase_4_ensemble.py] [info] [section 1] [CNN] [baseline] prediction_binary_split=0.50, VALIDATION predictions at LABEL_THRESHOLD=20.0: 0.00%
[LN435    ] [chunk_18_phase_4_ensemble.py] [warning] [section 1] [CNN] [baseline] [warning] No predictions >= 0.5!
[LN436    ] [chunk_18_phase_4_ensemble.py] [info] [section 1] [CNN] [baseline] LABEL_THRESHOLD=20.0,
[LN437    ] [chunk_18_phase_4_ensemble.py] [info] [section 1] [CNN] [baseline] VALIDATION_PRECISION=0.0000 VALIDATION_TRUE_POSITIVES=0 VALIDATION_TRUE_NEGATIVES=52918 validation_false_positives=0 validation_false_negatives=336 validation_max_prediction=0.2374 validation_mean_prediction=0.0331 validation_recall=0.0000 validation_f1=0.0000 validation_auc=0.5420 validation_specificity=1.0000 validation_false_positive_rate=0.0000 validation_f2=0.0000 validation_mcc=0.0000 validation_prauc=0.0141 validation_balanced_accuracy=0.5000 validation_brier=0.0076 validation_kappa=0.0000 validation_informedness=0.0000 validation_markedness=1.0000 validation_gini=0.0839 validation_optimal_threshold=0.0461 validation_standard_deviation_prediction=0.0287 validation_percentage_above_threshold=0.00
[LN438    ] [chunk_18_phase_4_ensemble.py] [info] [section 1] [CNN] [baseline] prediction_binary_split=0.50 loss=binary_crossentropy, lr=0.001
[LN439    ] [chunk_12_evaluation_evaluator.py] [info] [CNN] label_threshold=20.0 train_below_prediction_binary_split=118,621 train_above_prediction_binary_split=689 train_positive_found=true val_below_prediction_binary_split=52,918 val_above_prediction_binary_split=336 val_positive_found=true
[LN440    ] [chunk_12_evaluation_evaluator.py] [info] [reject] threshold=20.0 action=skipped reason=insufficient_positive_predictions positive_predictions=0 minimum_positive_required=5
[LN441    ] [chunk_12_evaluation_evaluator.py] [info] [CNN] label_threshold=10.0 train_below_prediction_binary_split=116,756 train_above_prediction_binary_split=2,554 train_positive_found=true val_below_prediction_binary_split=52,057 val_above_prediction_binary_split=1,197 val_positive_found=true
[LN442    ] [chunk_12_evaluation_evaluator.py] [info] [reject] threshold=10.0 action=skipped reason=insufficient_positive_predictions positive_predictions=0 minimum_positive_required=5
[LN443    ] [chunk_12_evaluation_evaluator.py] [info] [CNN] label_threshold=0.0 train_below_prediction_binary_split=59,589 train_above_prediction_binary_split=59,721 train_positive_found=true val_below_prediction_binary_split=24,480 val_above_prediction_binary_split=28,774 val_positive_found=true
[LN444    ] [chunk_12_evaluation_evaluator.py] [info] [CNN] [reject] skipping LABEL_THRESHOLD=0.0: validation_precision=0.5179 <= baseline+0.0200=0.5200
[LN445    ] [chunk_18_phase_4_ensemble.py] [warning] [section 1] [CNN] [label_threshold_optimal] [warning] All label thresholds rejected — using baseline metrics at 20.0
[LN446    ] [chunk_18_phase_4_ensemble.py] [info] [section 1] [CNN] [label_threshold_optimal] LABEL_THRESHOLD=20.0
[LN447    ] [chunk_18_phase_4_ensemble.py] [info] [section 1] [CNN] [label_threshold_optimal] train_precision=0.0000 train_true_positives=0 train_true_negatives=52918 train_false_positives=0 train_false_negatives=336 train_max_prediction=0.2374 train_mean_prediction=0.0331 train_recall=0.0000 train_f1=0.0000 train_auc=0.5420 train_specificity=1.0000 train_false_positive_rate=0.0000 train_f2=0.0000 train_mcc=0.0000 train_prauc=0.0141 train_balanced_accuracy=0.5000 train_brier=0.0076 train_kappa=0.0000 train_informedness=0.0000 train_markedness=1.0000 train_gini=0.0839 train_optimal_threshold=0.0461 train_standard_deviation_prediction=0.0287 train_percentage_above_threshold=0.00
[LN448    ] [chunk_18_phase_4_ensemble.py] [info] [section 1] [CNN] [label_threshold_optimal] VALIDATION_PRECISION=0.0000 VALIDATION_TRUE_POSITIVES=0 VALIDATION_TRUE_NEGATIVES=52918 validation_false_positives=0 validation_false_negatives=336 validation_max_prediction=0.2374 validation_mean_prediction=0.0331 validation_recall=0.0000 validation_f1=0.0000 validation_auc=0.5420 validation_specificity=1.0000 validation_false_positive_rate=0.0000 validation_f2=0.0000 validation_mcc=0.0000 validation_prauc=0.0141 validation_balanced_accuracy=0.5000 validation_brier=0.0076 validation_kappa=0.0000 validation_informedness=0.0000 validation_markedness=1.0000 validation_gini=0.0839 validation_optimal_threshold=0.0461 validation_standard_deviation_prediction=0.0287 validation_percentage_above_threshold=0.00
[LN449    ] [chunk_18_phase_4_ensemble.py] [info] [section 1] [CNN] [label_threshold_optimal] prediction_binary_split=0.50
[LN450    ] [chunk_21_hyperparam_optimizer.py] [info] [section 2] [CNN] [hyperparameter_optimization search] Running Bayesian optimization (5 trials)...
[LN451    ] [chunk_21_hyperparam_optimizer.py] [info] [section 2] [CNN] [hyperparameter_optimization search baseline] LABEL_THRESHOLD=20.0
[LN452    ] [chunk_21_hyperparam_optimizer.py] [info] [section 2] [CNN] [hyperparameter_optimization search baseline] VALIDATION_PRECISION=0.0000 VALIDATION_TRUE_POSITIVES=0 VALIDATION_TRUE_NEGATIVES=52918 validation_false_positives=0 validation_false_negatives=336 validation_max_prediction=0.2966 validation_mean_prediction=0.0588 validation_recall=0.0000 validation_f1=0.0000 validation_auc=0.8714 validation_specificity=1.0000 validation_false_positive_rate=0.0000 validation_f2=0.0000 validation_mcc=0.0000 validation_prauc=0.0456 validation_balanced_accuracy=0.5000 validation_brier=0.0135 validation_kappa=0.0000 validation_informedness=0.0000 validation_markedness=1.0000 validation_gini=0.7427 validation_optimal_threshold=0.0865 validation_standard_deviation_prediction=0.0780 validation_percentage_above_threshold=0.00
[LN453    ] [chunk_21_hyperparam_optimizer.py] [info] [section 2] [CNN] [hyperparameter_optimization search baseline] TRIAL 1/5: loss_function=focal_loss, filters=256, kernel_size=3, dropout=0.05, learning_rate=0.001, epochs=30, alpha=1.0, gamma=3.0, layers=3, pooling=none
[LN454    ] [chunk_21_hyperparam_optimizer.py] [info] [section 2] [CNN] [hyperparameter_optimization search baseline] LABEL_THRESHOLD=20.0
[LN455    ] [chunk_21_hyperparam_optimizer.py] [info] [section 2] [CNN] [hyperparameter_optimization search baseline] VALIDATION_PRECISION=0.0000 VALIDATION_TRUE_POSITIVES=0 VALIDATION_TRUE_NEGATIVES=52918 validation_false_positives=0 validation_false_negatives=336 validation_max_prediction=0.3761 validation_mean_prediction=0.0626 validation_recall=0.0000 validation_f1=0.0000 validation_auc=0.8483 validation_specificity=1.0000 validation_false_positive_rate=0.0000 validation_f2=0.0000 validation_mcc=0.0000 validation_prauc=0.0394 validation_balanced_accuracy=0.5000 validation_brier=0.0145 validation_kappa=0.0000 validation_informedness=0.0000 validation_markedness=1.0000 validation_gini=0.6966 validation_optimal_threshold=0.0786 validation_standard_deviation_prediction=0.0814 validation_percentage_above_threshold=0.00
[LN456    ] [chunk_21_hyperparam_optimizer.py] [info] [section 2] [CNN] [hyperparameter_optimization search baseline] TRIAL 2/5: loss_function=focal_loss, filters=512, kernel_size=3, dropout=0.1, learning_rate=0.0005, epochs=30, alpha=1.0, gamma=3.0, layers=2, pooling=avg
[LN457    ] [chunk_21_hyperparam_optimizer.py] [info] [section 2] [CNN] [hyperparameter_optimization search baseline] LABEL_THRESHOLD=20.0
[LN458    ] [chunk_21_hyperparam_optimizer.py] [info] [section 2] [CNN] [hyperparameter_optimization search baseline] VALIDATION_PRECISION=0.0000 VALIDATION_TRUE_POSITIVES=0 VALIDATION_TRUE_NEGATIVES=52918 validation_false_positives=0 validation_false_negatives=336 validation_max_prediction=0.2692 validation_mean_prediction=0.0445 validation_recall=0.0000 validation_f1=0.0000 validation_auc=0.8493 validation_specificity=1.0000 validation_false_positive_rate=0.0000 validation_f2=0.0000 validation_mcc=0.0000 validation_prauc=0.0323 validation_balanced_accuracy=0.5000 validation_brier=0.0096 validation_kappa=0.0000 validation_informedness=0.0000 validation_markedness=1.0000 validation_gini=0.6986 validation_optimal_threshold=0.0475 validation_standard_deviation_prediction=0.0542 validation_percentage_above_threshold=0.00
[LN459    ] [chunk_21_hyperparam_optimizer.py] [info] [section 2] [CNN] [hyperparameter_optimization search baseline] TRIAL 3/5: loss_function=focal_loss, filters=64, kernel_size=7, dropout=0.0, learning_rate=0.002, epochs=50, alpha=0.25, gamma=2.5, layers=1, pooling=max
[LN460    ] [chunk_21_hyperparam_optimizer.py] [info] [section 2] [CNN] [hyperparameter_optimization search baseline] LABEL_THRESHOLD=20.0
[LN461    ] [chunk_21_hyperparam_optimizer.py] [info] [section 2] [CNN] [hyperparameter_optimization search baseline] VALIDATION_PRECISION=0.0000 VALIDATION_TRUE_POSITIVES=0 VALIDATION_TRUE_NEGATIVES=52918 validation_false_positives=0 validation_false_negatives=336 validation_max_prediction=0.3324 validation_mean_prediction=0.0605 validation_recall=0.0000 validation_f1=0.0000 validation_auc=0.8525 validation_specificity=1.0000 validation_false_positive_rate=0.0000 validation_f2=0.0000 validation_mcc=0.0000 validation_prauc=0.0331 validation_balanced_accuracy=0.5000 validation_brier=0.0136 validation_kappa=0.0000 validation_informedness=0.0000 validation_markedness=1.0000 validation_gini=0.7050 validation_optimal_threshold=0.0895 validation_standard_deviation_prediction=0.0764 validation_percentage_above_threshold=0.00
[LN462    ] [chunk_21_hyperparam_optimizer.py] [info] [section 2] [CNN] [hyperparameter_optimization search baseline] TRIAL 4/5: loss_function=focal_loss, filters=128, kernel_size=3, dropout=0.1, learning_rate=0.0005, epochs=50, alpha=0.5, gamma=3.0, layers=2, pooling=max
[LN463    ] [chunk_21_hyperparam_optimizer.py] [info] [section 2] [CNN] [hyperparameter_optimization search baseline] LABEL_THRESHOLD=20.0
[LN464    ] [chunk_21_hyperparam_optimizer.py] [info] [section 2] [CNN] [hyperparameter_optimization search baseline] VALIDATION_PRECISION=0.0000 VALIDATION_TRUE_POSITIVES=0 VALIDATION_TRUE_NEGATIVES=52918 validation_false_positives=0 validation_false_negatives=336 validation_max_prediction=0.3597 validation_mean_prediction=0.0572 validation_recall=0.0000 validation_f1=0.0000 validation_auc=0.8473 validation_specificity=1.0000 validation_false_positive_rate=0.0000 validation_f2=0.0000 validation_mcc=0.0000 validation_prauc=0.0302 validation_balanced_accuracy=0.5000 validation_brier=0.0132 validation_kappa=0.0000 validation_informedness=0.0000 validation_markedness=1.0000 validation_gini=0.6945 validation_optimal_threshold=0.0494 validation_standard_deviation_prediction=0.0759 validation_percentage_above_threshold=0.00
[LN465    ] [chunk_21_hyperparam_optimizer.py] [info] [section 2] [CNN] [hyperparameter_optimization search baseline] TRIAL 5/5: loss_function=focal_loss, filters=128, kernel_size=11, dropout=0.0, learning_rate=0.001, epochs=100, alpha=0.75, gamma=3.0, layers=1, pooling=none
[LN466    ] [chunk_21_hyperparam_optimizer.py] [info] [section 2] [CNN] [best trial] LABEL_THRESHOLD=20.0
[LN467    ] [chunk_21_hyperparam_optimizer.py] [info] [section 2] [CNN] [best trial] VALIDATION_PRECISION=0.0000 VALIDATION_TRUE_POSITIVES=0 VALIDATION_TRUE_NEGATIVES=0 validation_false_positives=0 validation_false_negatives=0 validation_max_prediction=0.0000 validation_mean_prediction=0.0000 validation_recall=0.0000 validation_f1=0.0000 validation_auc=0.0000 validation_specificity=0.0000 validation_false_positive_rate=0.0000 validation_f2=0.0000 validation_mcc=0.0000 validation_prauc=0.0000 validation_balanced_accuracy=0.0000 validation_brier=0.0000 validation_kappa=0.0000 validation_informedness=0.0000 validation_markedness=0.0000 validation_gini=0.0000 validation_optimal_threshold=0.0000 validation_standard_deviation_prediction=0.0000 validation_percentage_above_threshold=0.00
[LN468    ] [chunk_21_hyperparam_optimizer.py] [info] [section 2] [CNN] [best trial] 
[LN469    ] [chunk_18_phase_4_ensemble.py] [info] [section 3] [CNN] [PRE-HYPERPARAMETER_OPTIMIZATION] LABEL_THRESHOLD=20.0,
[LN470    ] [chunk_18_phase_4_ensemble.py] [info] [section 3] [CNN] [PRE-HYPERPARAMETER_OPTIMIZATION] VALIDATION_PRECISION=0.0000 VALIDATION_TRUE_POSITIVES=0 VALIDATION_TRUE_NEGATIVES=52918 validation_false_positives=0 validation_false_negatives=336 validation_max_prediction=0.2374 validation_mean_prediction=0.0331 validation_recall=0.0000 validation_f1=0.0000 validation_auc=0.5420 validation_specificity=1.0000 validation_false_positive_rate=0.0000 validation_f2=0.0000 validation_mcc=0.0000 validation_prauc=0.0141 validation_balanced_accuracy=0.5000 validation_brier=0.0076 validation_kappa=0.0000 validation_informedness=0.0000 validation_markedness=1.0000 validation_gini=0.0839 validation_optimal_threshold=0.0461 validation_standard_deviation_prediction=0.0287 validation_percentage_above_threshold=0.00
[LN471    ] [chunk_18_phase_4_ensemble.py] [info] [section 3] [CNN] [PRE-HYPERPARAMETER_OPTIMIZATION] prediction_binary_split=0.50 hyperparams=(loss=focal_loss lr=0.001 dropout=0.05 alpha=1.0 gamma=3.0 latent_dim=0) improved=False {'loss_function': 'focal_loss', 'filters': 256, 'kernel_size': 3, 'dropout': 0.05, 'learning_rate': 0.001, 'epochs': 30, 'alpha': 1.0, 'gamma': 3.0, 'layers': 3, 'pooling': 'none'}
[LN472    ] [chunk_18_phase_4_ensemble.py] [info]    Running post hyperparameter_optimization threshold search for CNN...
[LN473    ] [chunk_12_evaluation_evaluator.py] [info] [CNN] label_threshold=20.0 train_below_prediction_binary_split=118,621 train_above_prediction_binary_split=689 train_positive_found=true val_below_prediction_binary_split=52,918 val_above_prediction_binary_split=336 val_positive_found=true
[LN474    ] [chunk_12_evaluation_evaluator.py] [info] [CNN] [reject] skipping LABEL_THRESHOLD=20.0: validation_precision=0.0049 <= baseline+0.0200=0.0263
[LN475    ] [chunk_12_evaluation_evaluator.py] [info] [CNN] label_threshold=10.0 train_below_prediction_binary_split=116,756 train_above_prediction_binary_split=2,554 train_positive_found=true val_below_prediction_binary_split=52,057 val_above_prediction_binary_split=1,197 val_positive_found=true
[LN476    ] [chunk_12_evaluation_evaluator.py] [info] [CNN] [reject] skipping LABEL_THRESHOLD=10.0: validation_precision=0.0225 <= baseline+0.0200=0.0425
[LN477    ] [chunk_12_evaluation_evaluator.py] [info] [CNN] label_threshold=0.0 train_below_prediction_binary_split=59,589 train_above_prediction_binary_split=59,721 train_positive_found=true val_below_prediction_binary_split=24,480 val_above_prediction_binary_split=28,774 val_positive_found=true
[LN478    ] [chunk_12_evaluation_evaluator.py] [info] [CNN] [reject] skipping LABEL_THRESHOLD=0.0: validation_precision=0.5179 <= baseline+0.0200=0.5200
[LN479    ] [chunk_18_phase_4_ensemble.py] [info]    hyperparameter_optimization model threshold search: LABEL_THRESHOLD=20.0, VALIDATION_PRECISION=0.0000
[LN480    ] [chunk_18_phase_4_ensemble.py] [info]    post hyperparameter_optimization threshold search: LABEL_THRESHOLD=20.0, VALIDATION_PRECISION=0.0000
[LN481    ] [chunk_18_phase_4_ensemble.py] [info]    post hyperparameter_optimization no improvement: keeping LABEL_THRESHOLD=20.0
[LN482    ] [chunk_18_phase_4_ensemble.py] [info] [section 4] [CNN] [post hyperparameter_optimization] [diagnostic]  cumulative binary_split_predictions (1%) ≤ 0.4030, (5%) ≤ 0.4388, (10%) ≤ 0.4546, (25%) ≤ 0.4810, (50%) ≤ 0.5110, (75%) ≤ 0.5482, (90%) ≤ 0.6011, (95%) ≤ 0.6451, (99%) ≤ 0.7134, max=0.8290 binary_split_predictions distribution: 0% ≤ 0.01, 0% ≤ 0.02, 0% ≤ 0.05, 0% ≤ 0.1, 0% ≤ 0.2, 40% ≤ 0.5, 60% ≥ 0.50
[LN483    ] [chunk_18_phase_4_ensemble.py] [info] [section 4] [CNN] [post hyperparameter_optimization] LABEL_THRESHOLD=20.0,
[LN484    ] [chunk_18_phase_4_ensemble.py] [info] [section 4] [CNN] [post hyperparameter_optimization] VALIDATION_PRECISION=0.0000 VALIDATION_TRUE_POSITIVES=0 VALIDATION_TRUE_NEGATIVES=52918 validation_false_positives=0 validation_false_negatives=336 validation_max_prediction=0.2374 validation_mean_prediction=0.0331 validation_recall=0.0000 validation_f1=0.0000 validation_auc=0.5420 validation_specificity=1.0000 validation_false_positive_rate=0.0000 validation_f2=0.0000 validation_mcc=0.0000 validation_prauc=0.0141 validation_balanced_accuracy=0.5000 validation_brier=0.0076 validation_kappa=0.0000 validation_informedness=0.0000 validation_markedness=1.0000 validation_gini=0.0839 validation_optimal_threshold=0.0461 validation_standard_deviation_prediction=0.0287 validation_percentage_above_threshold=0.00
[LN485    ] [chunk_18_phase_4_ensemble.py] [info] [section 4] [CNN] [post hyperparameter_optimization] prediction_binary_split=0.50 hyperparams=(loss=focal_loss lr=0.001 dropout=0.05 alpha=1.0 gamma=3.0 latent_dim=64) source=section3
[LN486    ] [chunk_18_phase_4_ensemble.py] [info]    Using threshold-optimized model (HPO did not improve)
[LN487    ] [chunk_18_phase_4_ensemble.py] [info]    Train predictions: mean=0.5051, std=0.0596, min=0.2548, max=0.8150
[LN488    ] [chunk_18_phase_4_ensemble.py] [info]    validation predictions:   mean=0.5203, std=0.0615, min=0.2760, max=0.8290
[LN489    ] [chunk_18_phase_4_ensemble.py] [info] [section 5] [CNN] [final] [diagnostic] Train  cumulative binary_split_predictions (1%) ≤ 0.3410, (5%) ≤ 0.3992, (10%) ≤ 0.4309, (25%) ≤ 0.4736, (50%) ≤ 0.5086, (75%) ≤ 0.5393, (90%) ≤ 0.5710, (95%) ≤ 0.5953, (99%) ≤ 0.6646, max=0.8150 binary_split_predictions distribution: 0% ≤ 0.01, 0% ≤ 0.02, 0% ≤ 0.05, 0% ≤ 0.1, 0% ≤ 0.2, 43% ≤ 0.5, 57% ≥ 0.50
[LN490    ] [chunk_18_phase_4_ensemble.py] [info] [section 5] [CNN] [final] [diagnostic] validation    cumulative binary_split_predictions (1%) ≤ 0.4030, (5%) ≤ 0.4388, (10%) ≤ 0.4546, (25%) ≤ 0.4810, (50%) ≤ 0.5110, (75%) ≤ 0.5482, (90%) ≤ 0.6011, (95%) ≤ 0.6451, (99%) ≤ 0.7134, max=0.8290 binary_split_predictions distribution: 0% ≤ 0.01, 0% ≤ 0.02, 0% ≤ 0.05, 0% ≤ 0.1, 0% ≤ 0.2, 40% ≤ 0.5, 60% ≥ 0.50
[LN491    ] [chunk_18_phase_4_ensemble.py] [info]    Train predictions: 57.49% positive predictions (68,587 / 119,310)
[LN492    ] [chunk_18_phase_4_ensemble.py] [info]    validation predictions:   59.69% positive predictions (31,788 / 53,254)
[LN493    ] [chunk_18_phase_4_ensemble.py] [info]    [info] Section 4 all rejected - using Section 3 results for Section 5
[LN494    ] [chunk_18_phase_4_ensemble.py] [info]    [diagnostic] prediction_buckets: 0-10:0, 10-20:2, 20-30:450, 30-40:21014, 40-50:26364, 50-60:4621, 60-70:797, 70-80:6, 80-90:0, 90-100:0
[LN495    ] [chunk_18_phase_4_ensemble.py] [info] [section 5] [CNN] [final] LABEL_THRESHOLD=20.0,
[LN496    ] [chunk_18_phase_4_ensemble.py] [info] [section 5] [CNN] [final] train_precision=0.0055 train_true_positives=379 train_true_negatives=50413 train_false_positives=68208 train_false_negatives=310 train_max_prediction=0.8150 train_mean_prediction=0.5051 train_recall=0.5501 train_f1=0.0109 train_auc=0.4947 train_specificity=0.4250 train_false_positive_rate=0.5750 train_f2=0.0266 train_mcc=-0.0038 train_prauc=0.0058 train_balanced_accuracy=0.4875 train_standard_deviation_prediction=0.0596 train_percentage_above_threshold=57.49 train_brier=0.2586 train_kappa=-0.0005 train_informedness=-0.0249 train_markedness=-0.5695 train_gini=0.0000 train_optimal_threshold=0.4308
[LN497    ] [chunk_18_phase_4_ensemble.py] [info] [section 5] [CNN] [final] VALIDATION_PRECISION=0.0000 VALIDATION_TRUE_POSITIVES=0 VALIDATION_TRUE_NEGATIVES=52918 validation_false_positives=0 validation_false_negatives=336 validation_max_prediction=0.8290 validation_mean_prediction=0.5203 validation_recall=0.0000 validation_f1=0.0000 validation_auc=0.5420 validation_specificity=0.4022 validation_false_positive_rate=0.5978 validation_f2=0.0234 validation_mcc=-0.0220 validation_prauc=0.0049 validation_balanced_accuracy=0.4318 validation_brier=0.2745 validation_kappa=-0.0029 validation_informedness=-0.1365 validation_markedness=-0.5929 validation_gini=0.0000 validation_optimal_threshold=0.4078 validation_standard_deviation_prediction=0.0615 validation_percentage_above_threshold=59.69
[LN498    ] [chunk_18_phase_4_ensemble.py] [info] [section 5] [CNN] [final] prediction_binary_split=0.50 hyperparams=(loss=focal_loss lr=0.001 dropout=0.05 alpha=1.0 gamma=3.0 latent_dim=64) (using HPO model directly)
[LN499    ] [chunk_18_phase_4_ensemble.py] [info]    CNN loss=focal_loss pred_threshold=0.5 epochs=3
[LN500    ] [chunk_18_phase_4_ensemble.py] [info]    [CNN] hyperparameter_optimization: filters=256, kernel_size=3, dropout=0.05, learning_rate=0.001, alpha=1.0, gamma=3.0, layers=3
[LN501    ] [chunk_18_phase_4_ensemble.py] [info]    CNN training time: 2985.7s
[LN502    ] [chunk_18_phase_4_ensemble.py] [info] [pass] CNN trained successfully
[LN503    ] [chunk_18_phase_4_ensemble.py] [info] [RNN] Winsorization: LOW=3 HIGH=97 (training-only percentiles)
[LN504    ] [chunk_18_phase_4_ensemble.py] [info] [section 1] [RNN] [baseline] LABEL_THRESHOLD=20.0,
[LN505    ] [chunk_18_phase_4_ensemble.py] [info] [section 1] [RNN] [baseline] predictions: mean=0.0277, std=0.0441, min=0.0017, max=0.3134
[LN506    ] [chunk_18_phase_4_ensemble.py] [info] [section 1] [RNN] [baseline]  cumulative binary_split_predictions (1%) ≤ 0.0020, (5%) ≤ 0.0023, (10%) ≤ 0.0026, (25%) ≤ 0.0038, (50%) ≤ 0.0067, (75%) ≤ 0.0300, (90%) ≤ 0.0889, (95%) ≤ 0.1294, (99%) ≤ 0.2000, max=0.3134 binary_split_predictions distribution: 60% ≤ 0.01, 70% ≤ 0.02, 82% ≤ 0.05, 92% ≤ 0.1, 99% ≤ 0.2, 100% ≤ 0.5, 0% ≥ 0.50
[LN507    ] [chunk_18_phase_4_ensemble.py] [info] [section 1] [RNN] [baseline] prediction_binary_split=0.50, VALIDATION predictions at LABEL_THRESHOLD=20.0: 0.00%
[LN508    ] [chunk_18_phase_4_ensemble.py] [warning] [section 1] [RNN] [baseline] [warning] No predictions >= 0.5!
[LN509    ] [chunk_18_phase_4_ensemble.py] [info] [section 1] [RNN] [baseline] LABEL_THRESHOLD=20.0,
[LN510    ] [chunk_18_phase_4_ensemble.py] [info] [section 1] [RNN] [baseline] VALIDATION_PRECISION=0.0000 VALIDATION_TRUE_POSITIVES=0 VALIDATION_TRUE_NEGATIVES=52918 validation_false_positives=0 validation_false_negatives=336 validation_max_prediction=0.3134 validation_mean_prediction=0.0277 validation_recall=0.0000 validation_f1=0.0000 validation_auc=0.8684 validation_specificity=1.0000 validation_false_positive_rate=0.0000 validation_f2=0.0000 validation_mcc=0.0000 validation_prauc=0.0386 validation_balanced_accuracy=0.5000 validation_brier=0.0077 validation_kappa=0.0000 validation_informedness=0.0000 validation_markedness=1.0000 validation_gini=0.7369 validation_optimal_threshold=0.0188 validation_standard_deviation_prediction=0.0441 validation_percentage_above_threshold=0.00
[LN511    ] [chunk_18_phase_4_ensemble.py] [info] [section 1] [RNN] [baseline] prediction_binary_split=0.50 loss=binary_crossentropy, lr=0.001
[LN512    ] [chunk_12_evaluation_evaluator.py] [info] [RNN] label_threshold=20.0 train_below_prediction_binary_split=118,621 train_above_prediction_binary_split=689 train_positive_found=true val_below_prediction_binary_split=52,918 val_above_prediction_binary_split=336 val_positive_found=true
[LN513    ] [chunk_12_evaluation_evaluator.py] [info] [reject] threshold=20.0 action=skipped reason=insufficient_positive_predictions positive_predictions=0 minimum_positive_required=5
[LN514    ] [chunk_12_evaluation_evaluator.py] [info] [RNN] label_threshold=10.0 train_below_prediction_binary_split=116,756 train_above_prediction_binary_split=2,554 train_positive_found=true val_below_prediction_binary_split=52,057 val_above_prediction_binary_split=1,197 val_positive_found=true
[LN515    ] [chunk_12_evaluation_evaluator.py] [info] [reject] threshold=10.0 action=skipped reason=insufficient_positive_predictions positive_predictions=0 minimum_positive_required=5
[LN516    ] [chunk_12_evaluation_evaluator.py] [info] [RNN] label_threshold=0.0 train_below_prediction_binary_split=59,589 train_above_prediction_binary_split=59,721 train_positive_found=true val_below_prediction_binary_split=24,480 val_above_prediction_binary_split=28,774 val_positive_found=true
[LN517    ] [chunk_12_evaluation_evaluator.py] [info] [RNN] [reject] skipping LABEL_THRESHOLD=0.0: validation_precision=0.5198 <= baseline+0.0200=0.5200
[LN518    ] [chunk_18_phase_4_ensemble.py] [warning] [section 1] [RNN] [label_threshold_optimal] [warning] All label thresholds rejected — using baseline metrics at 20.0
[LN519    ] [chunk_18_phase_4_ensemble.py] [info] [section 1] [RNN] [label_threshold_optimal] LABEL_THRESHOLD=20.0
[LN520    ] [chunk_18_phase_4_ensemble.py] [info] [section 1] [RNN] [label_threshold_optimal] train_precision=0.0000 train_true_positives=0 train_true_negatives=52918 train_false_positives=0 train_false_negatives=336 train_max_prediction=0.3134 train_mean_prediction=0.0277 train_recall=0.0000 train_f1=0.0000 train_auc=0.8684 train_specificity=1.0000 train_false_positive_rate=0.0000 train_f2=0.0000 train_mcc=0.0000 train_prauc=0.0386 train_balanced_accuracy=0.5000 train_brier=0.0077 train_kappa=0.0000 train_informedness=0.0000 train_markedness=1.0000 train_gini=0.7369 train_optimal_threshold=0.0188 train_standard_deviation_prediction=0.0441 train_percentage_above_threshold=0.00
[LN521    ] [chunk_18_phase_4_ensemble.py] [info] [section 1] [RNN] [label_threshold_optimal] VALIDATION_PRECISION=0.0000 VALIDATION_TRUE_POSITIVES=0 VALIDATION_TRUE_NEGATIVES=52918 validation_false_positives=0 validation_false_negatives=336 validation_max_prediction=0.3134 validation_mean_prediction=0.0277 validation_recall=0.0000 validation_f1=0.0000 validation_auc=0.8684 validation_specificity=1.0000 validation_false_positive_rate=0.0000 validation_f2=0.0000 validation_mcc=0.0000 validation_prauc=0.0386 validation_balanced_accuracy=0.5000 validation_brier=0.0077 validation_kappa=0.0000 validation_informedness=0.0000 validation_markedness=1.0000 validation_gini=0.7369 validation_optimal_threshold=0.0188 validation_standard_deviation_prediction=0.0441 validation_percentage_above_threshold=0.00
[LN522    ] [chunk_18_phase_4_ensemble.py] [info] [section 1] [RNN] [label_threshold_optimal] prediction_binary_split=0.50
[LN523    ] [chunk_21_hyperparam_optimizer.py] [info] [section 2] [RNN] [hyperparameter_optimization search] Running Bayesian optimization (5 trials)...
[LN524    ] [chunk_21_hyperparam_optimizer.py] [warning]    TRIAL 1/5: REJECTED - true_positives=0 < 100 (min true_positives threshold)
[LN525    ] [chunk_21_hyperparam_optimizer.py] [info] [section 2] [RNN] [hyperparameter_optimization search baseline] LABEL_THRESHOLD=20.0
[LN526    ] [chunk_21_hyperparam_optimizer.py] [info] [section 2] [RNN] [hyperparameter_optimization search baseline] VALIDATION_PRECISION=0.0234 VALIDATION_TRUE_POSITIVES=282 VALIDATION_TRUE_NEGATIVES=41137 validation_false_positives=11781 validation_false_negatives=54 validation_max_prediction=0.8941 validation_mean_prediction=0.2122 validation_recall=0.8393 validation_f1=0.0455 validation_auc=0.8849 validation_specificity=0.7774 validation_false_positive_rate=0.2226 validation_f2=0.1052 validation_mcc=0.1167 validation_prauc=0.0419 validation_balanced_accuracy=0.8083 validation_brier=0.1326 validation_kappa=0.0336 validation_informedness=0.6167 validation_markedness=-0.1993 validation_gini=0.7699 validation_optimal_threshold=0.4051 validation_standard_deviation_prediction=0.3000 validation_percentage_above_threshold=22.65
[LN527    ] [chunk_21_hyperparam_optimizer.py] [info] [section 2] [RNN] [hyperparameter_optimization search baseline] TRIAL 2/5: loss_function=binary_crossentropy, units=64, dropout=0.05, learning_rate=0.002, epochs=20, alpha=0.75, gamma=3.0, layers=2
[LN528    ] [chunk_21_hyperparam_optimizer.py] [info] [section 2] [RNN] [hyperparameter_optimization search baseline] LABEL_THRESHOLD=20.0
[LN529    ] [chunk_21_hyperparam_optimizer.py] [info] [section 2] [RNN] [hyperparameter_optimization search baseline] VALIDATION_PRECISION=0.0204 VALIDATION_TRUE_POSITIVES=294 VALIDATION_TRUE_NEGATIVES=38806 validation_false_positives=14112 validation_false_negatives=42 validation_max_prediction=0.9534 validation_mean_prediction=0.2710 validation_recall=0.8750 validation_f1=0.0399 validation_auc=0.8899 validation_specificity=0.7333 validation_false_positive_rate=0.2667 validation_f2=0.0933 validation_mcc=0.1084 validation_prauc=0.0528 validation_balanced_accuracy=0.8042 validation_brier=0.1575 validation_kappa=0.0279 validation_informedness=0.6083 validation_markedness=-0.2463 validation_gini=0.7797 validation_optimal_threshold=0.5513 validation_standard_deviation_prediction=0.2951 validation_percentage_above_threshold=27.05
[LN530    ] [chunk_21_hyperparam_optimizer.py] [info] [section 2] [RNN] [hyperparameter_optimization search baseline] TRIAL 3/5: loss_function=binary_crossentropy, units=256, dropout=0.05, learning_rate=0.0005, epochs=50, alpha=1.0, gamma=2.5, layers=1
[LN531    ] [chunk_21_hyperparam_optimizer.py] [warning]    TRIAL 4/5: REJECTED - true_positives=0 < 100 (min true_positives threshold)
[LN532    ] [chunk_21_hyperparam_optimizer.py] [warning]    TRIAL 5/5: REJECTED - true_positives=0 < 100 (min true_positives threshold)
[LN533    ] [chunk_21_hyperparam_optimizer.py] [info] [section 2] [RNN] [best trial] LABEL_THRESHOLD=20.0
[LN534    ] [chunk_21_hyperparam_optimizer.py] [info] [section 2] [RNN] [best trial] VALIDATION_PRECISION=0.0234 VALIDATION_TRUE_POSITIVES=282 VALIDATION_TRUE_NEGATIVES=41137 validation_false_positives=11781 validation_false_negatives=54 validation_max_prediction=0.8941 validation_mean_prediction=0.2122 validation_recall=0.8393 validation_f1=0.0455 validation_auc=0.8849 validation_specificity=0.7774 validation_false_positive_rate=0.2226 validation_f2=0.1052 validation_mcc=0.1167 validation_prauc=0.0419 validation_balanced_accuracy=0.8083 validation_brier=0.1326 validation_kappa=0.0336 validation_informedness=0.6167 validation_markedness=-0.1993 validation_gini=0.7699 validation_optimal_threshold=0.4051 validation_standard_deviation_prediction=0.3000 validation_percentage_above_threshold=22.65
[LN535    ] [chunk_21_hyperparam_optimizer.py] [info] [section 2] [RNN] [best trial] loss_function=binary_crossentropy, units=64, dropout=0.05, learning_rate=0.002, epochs=20, alpha=0.75, gamma=3.0, layers=2
[LN536    ] [chunk_18_phase_4_ensemble.py] [info]    [diagnostic-hyperparameter_optimization]  cumulative binary_split_predictions (1%) ≤ 0.0004, (5%) ≤ 0.0007, (10%) ≤ 0.0012, (25%) ≤ 0.0032, (50%) ≤ 0.0107, (75%) ≤ 0.4309, (90%) ≤ 0.7625, (95%) ≤ 0.8124, (99%) ≤ 0.8627, max=0.8941 binary_split_predictions distribution: 50% ≤ 0.01, 54% ≤ 0.02, 59% ≤ 0.05, 63% ≤ 0.1, 67% ≤ 0.2, 77% ≤ 0.5, 23% ≥ 0.50
[LN537    ] [chunk_18_phase_4_ensemble.py] [info]    hyperparameter_optimization improved: 0.0234 > 0.0000
[LN538    ] [chunk_18_phase_4_ensemble.py] [info] [section 3] [RNN] [HYPERPARAMETER_OPTIMIZATION] LABEL_THRESHOLD=20.0,
[LN539    ] [chunk_18_phase_4_ensemble.py] [info] [section 3] [RNN] [HYPERPARAMETER_OPTIMIZATION] VALIDATION_PRECISION=0.0234 VALIDATION_TRUE_POSITIVES=282 VALIDATION_TRUE_NEGATIVES=41137 validation_false_positives=11781 validation_false_negatives=54 validation_max_prediction=0.8941 validation_mean_prediction=0.2122 validation_recall=0.8393 validation_f1=0.0455 validation_auc=0.8849 validation_specificity=0.7774 validation_false_positive_rate=0.2226 validation_f2=0.1052 validation_mcc=0.1167 validation_prauc=0.0419 validation_balanced_accuracy=0.8083 validation_brier=0.1326 validation_kappa=0.0336 validation_informedness=0.6167 validation_markedness=-0.1993 validation_gini=0.7699 validation_optimal_threshold=0.4051 validation_standard_deviation_prediction=0.3000 validation_percentage_above_threshold=22.65
[LN540    ] [chunk_18_phase_4_ensemble.py] [info] [section 3] [RNN] [HYPERPARAMETER_OPTIMIZATION] prediction_binary_split=0.50 hyperparams=(loss=binary_crossentropy lr=0.002 dropout=0.05 alpha=0.75 gamma=3.0 latent_dim=0) improved=True {'loss_function': 'binary_crossentropy', 'units': 64, 'dropout': 0.05, 'learning_rate': 0.002, 'epochs': 20, 'alpha': 0.75, 'gamma': 3.0, 'layers': 2}
[LN541    ] [chunk_18_phase_4_ensemble.py] [info]    Running post hyperparameter_optimization threshold search for RNN...
[LN542    ] [chunk_12_evaluation_evaluator.py] [info] [RNN] label_threshold=20.0 train_below_prediction_binary_split=118,621 train_above_prediction_binary_split=689 train_positive_found=true val_below_prediction_binary_split=52,918 val_above_prediction_binary_split=336 val_positive_found=true
[LN543    ] [chunk_12_evaluation_evaluator.py] [info] [RNN] [reject] skipping LABEL_THRESHOLD=20.0: validation_precision=0.0234 <= baseline+0.0200=0.0263
[LN544    ] [chunk_12_evaluation_evaluator.py] [info] [RNN] label_threshold=10.0 train_below_prediction_binary_split=116,756 train_above_prediction_binary_split=2,554 train_positive_found=true val_below_prediction_binary_split=52,057 val_above_prediction_binary_split=1,197 val_positive_found=true
[LN545    ] [chunk_12_evaluation_evaluator.py] [info] [RNN] [diagnostic] LABEL_THRESHOLD=10.0 train_precision=0.0784 train_true_positives=1403 train_true_negatives=100267 train_false_positives=16489 train_false_negatives=1151 train_max_prediction=0.8726 train_mean_prediction=0.2239 train_recall=0.5493 train_f1=0.1372 train_auc=0.8226 train_specificity=0.8588 train_false_positive_rate=0.1412 train_f2=0.2496 train_mcc=0.1654 train_prauc=0.0865 train_balanced_accuracy=0.7041 train_brier=0.1070 train_kappa=0.1037 train_informedness=0.4081 train_markedness=-0.0628 train_gini=0.6453 train_optimal_threshold=0.2437 train_standard_deviation_prediction=0.2416 train_percentage_above_threshold=15.00
[LN546    ] [chunk_12_evaluation_evaluator.py] [info] [RNN] [diagnostic] LABEL_THRESHOLD=10.0 VALIDATION_PRECISION=0.0611 VALIDATION_TRUE_POSITIVES=934 VALIDATION_TRUE_NEGATIVES=37702 validation_false_positives=14355 validation_false_negatives=263 validation_max_prediction=0.8729 validation_mean_prediction=0.2827 validation_recall=0.7803 validation_f1=0.1133 validation_auc=0.8174 validation_specificity=0.7242 validation_false_positive_rate=0.2758 validation_f2=0.2326 validation_mcc=0.1653 validation_prauc=0.0873 validation_balanced_accuracy=0.7523 validation_brier=0.1643 validation_kappa=0.0747 validation_informedness=0.5045 validation_markedness=-0.2147 validation_gini=0.6348 validation_optimal_threshold=0.3962 validation_standard_deviation_prediction=0.3009 validation_percentage_above_threshold=28.71
[LN547    ] [chunk_12_evaluation_evaluator.py] [info] [RNN] label_threshold=0.0 train_below_prediction_binary_split=59,589 train_above_prediction_binary_split=59,721 train_positive_found=true val_below_prediction_binary_split=24,480 val_above_prediction_binary_split=28,774 val_positive_found=true
[LN548    ] [chunk_12_evaluation_evaluator.py] [info] [RNN] [diagnostic] LABEL_THRESHOLD=0.0 train_precision=0.4822 train_true_positives=7078 train_true_negatives=51987 train_false_positives=7602 train_false_negatives=52643 train_max_prediction=0.8996 train_mean_prediction=0.1935 train_recall=0.1185 train_f1=0.1903 train_auc=0.4830 train_specificity=0.8724 train_false_positive_rate=0.1276 train_f2=0.1396 train_mcc=-0.0138 train_prauc=0.4865 train_balanced_accuracy=0.4955 train_brier=0.4030 train_kappa=-0.0090 train_informedness=-0.0091 train_markedness=0.3546 train_gini=0.0000 train_optimal_threshold=0.0011 train_standard_deviation_prediction=0.2291 train_percentage_above_threshold=12.30
[LN549    ] [chunk_12_evaluation_evaluator.py] [info] [RNN] [diagnostic] LABEL_THRESHOLD=0.0 VALIDATION_PRECISION=0.5296 VALIDATION_TRUE_POSITIVES=8126 VALIDATION_TRUE_NEGATIVES=17261 validation_false_positives=7219 validation_false_negatives=20648 validation_max_prediction=0.8993 validation_mean_prediction=0.2877 validation_recall=0.2824 validation_f1=0.3684 validation_auc=0.5069 validation_specificity=0.7051 validation_false_positive_rate=0.2949 validation_f2=0.3115 validation_mcc=-0.0137 validation_prauc=0.5337 validation_balanced_accuracy=0.4938 validation_brier=0.4050 validation_kappa=-0.0120 validation_informedness=-0.0125 validation_markedness=0.2347 validation_gini=0.0137 validation_optimal_threshold=0.0343 validation_standard_deviation_prediction=0.3009 validation_percentage_above_threshold=28.81
[LN550    ] [chunk_18_phase_4_ensemble.py] [info]    hyperparameter_optimization model threshold search: LABEL_THRESHOLD=20.0, VALIDATION_PRECISION=0.0234
[LN551    ] [chunk_18_phase_4_ensemble.py] [info]    post hyperparameter_optimization threshold search: LABEL_THRESHOLD=0.0, VALIDATION_PRECISION=0.5296
[LN552    ] [chunk_18_phase_4_ensemble.py] [info]    post hyperparameter_optimization improved: using LABEL_THRESHOLD=0.0
[LN553    ] [chunk_18_phase_4_ensemble.py] [info] [section 4] [RNN] [post hyperparameter_optimization] [diagnostic]  cumulative binary_split_predictions (1%) ≤ 0.0012, (5%) ≤ 0.0031, (10%) ≤ 0.0039, (25%) ≤ 0.0137, (50%) ≤ 0.1415, (75%) ≤ 0.5654, (90%) ≤ 0.7762, (95%) ≤ 0.8258, (99%) ≤ 0.8769, max=0.8993 binary_split_predictions distribution: 23% ≤ 0.01, 28% ≤ 0.02, 36% ≤ 0.05, 46% ≤ 0.1, 54% ≤ 0.2, 71% ≤ 0.5, 29% ≥ 0.50
[LN554    ] [chunk_18_phase_4_ensemble.py] [info] [section 4] [RNN] [post hyperparameter_optimization] LABEL_THRESHOLD=0.0,
[LN555    ] [chunk_18_phase_4_ensemble.py] [info] [section 4] [RNN] [post hyperparameter_optimization] VALIDATION_PRECISION=0.5296 VALIDATION_TRUE_POSITIVES=8126 VALIDATION_TRUE_NEGATIVES=17261 validation_false_positives=7219 validation_false_negatives=20648 validation_max_prediction=0.8993 validation_mean_prediction=0.2877 validation_recall=0.2824 validation_f1=0.3684 validation_auc=0.5069 validation_specificity=0.7126 validation_false_positive_rate=0.2874 validation_f2=0.0410 validation_mcc=0.0210 validation_prauc=0.0170 validation_balanced_accuracy=0.5602 validation_brier=0.1753 validation_kappa=0.0052 validation_informedness=0.1204 validation_markedness=-0.2785 validation_gini=0.0081 validation_optimal_threshold=0.7673 validation_standard_deviation_prediction=0.3009 validation_percentage_above_threshold=28.81
[LN556    ] [chunk_18_phase_4_ensemble.py] [info] [section 4] [RNN] [post hyperparameter_optimization] prediction_binary_split=0.50 hyperparams=(loss=binary_crossentropy lr=0.002 dropout=0.05 alpha=0.75 gamma=3.0 latent_dim=64) source=section4
[LN557    ] [chunk_18_phase_4_ensemble.py] [info]    Using post-HPO model at LABEL_THRESHOLD=0.0 (post_hpo_prec=0.5296 > hpo=0.0234, pre_hpo=0.0000)
[LN558    ] [chunk_18_phase_4_ensemble.py] [info]    Train predictions: mean=0.1935, std=0.2291, min=0.0003, max=0.8996
[LN559    ] [chunk_18_phase_4_ensemble.py] [info]    validation predictions:   mean=0.2877, std=0.3009, min=0.0003, max=0.8993
[LN560    ] [chunk_18_phase_4_ensemble.py] [info] [section 5] [RNN] [final] [diagnostic] Train  cumulative binary_split_predictions (1%) ≤ 0.0010, (5%) ≤ 0.0030, (10%) ≤ 0.0045, (25%) ≤ 0.0300, (50%) ≤ 0.0855, (75%) ≤ 0.2968, (90%) ≤ 0.5625, (95%) ≤ 0.7460, (99%) ≤ 0.8578, max=0.8996 binary_split_predictions distribution: 15% ≤ 0.01, 21% ≤ 0.02, 34% ≤ 0.05, 54% ≤ 0.1, 68% ≤ 0.2, 88% ≤ 0.5, 12% ≥ 0.50
[LN561    ] [chunk_18_phase_4_ensemble.py] [info] [section 5] [RNN] [final] [diagnostic] validation    cumulative binary_split_predictions (1%) ≤ 0.0012, (5%) ≤ 0.0031, (10%) ≤ 0.0039, (25%) ≤ 0.0137, (50%) ≤ 0.1415, (75%) ≤ 0.5654, (90%) ≤ 0.7762, (95%) ≤ 0.8258, (99%) ≤ 0.8769, max=0.8993 binary_split_predictions distribution: 23% ≤ 0.01, 28% ≤ 0.02, 36% ≤ 0.05, 46% ≤ 0.1, 54% ≤ 0.2, 71% ≤ 0.5, 29% ≥ 0.50
[LN562    ] [chunk_18_phase_4_ensemble.py] [info]    Train predictions: 12.30% positive predictions (14,680 / 119,310)
[LN563    ] [chunk_18_phase_4_ensemble.py] [info]    validation predictions:   28.81% positive predictions (15,345 / 53,254)
[LN564    ] [chunk_18_phase_4_ensemble.py] [info]    [diagnostic] prediction_buckets: 0-10:4509, 10-20:3187, 20-30:2917, 30-40:2905, 40-50:3164, 50-60:3531, 60-70:4601, 70-80:4049, 80-90:0, 90-100:0
[LN565    ] [chunk_18_phase_4_ensemble.py] [info] [section 5] [RNN] [final] LABEL_THRESHOLD=0.0,
[LN566    ] [chunk_18_phase_4_ensemble.py] [info] [section 5] [RNN] [final] train_precision=0.4822 train_true_positives=7078 train_true_negatives=51987 train_false_positives=7602 train_false_negatives=52643 train_max_prediction=0.8996 train_mean_prediction=0.1935 train_recall=0.1185 train_f1=0.1903 train_auc=0.4830 train_specificity=0.8724 train_false_positive_rate=0.1276 train_f2=0.1396 train_mcc=-0.0138 train_prauc=0.4865 train_balanced_accuracy=0.4955 train_standard_deviation_prediction=0.2291 train_percentage_above_threshold=12.30 train_brier=0.4030 train_kappa=-0.0090 train_informedness=-0.0091 train_markedness=0.3546 train_gini=0.0000 train_optimal_threshold=0.0011
[LN567    ] [chunk_18_phase_4_ensemble.py] [info] [section 5] [RNN] [final] VALIDATION_PRECISION=0.5296 VALIDATION_TRUE_POSITIVES=8126 VALIDATION_TRUE_NEGATIVES=17261 validation_false_positives=7219 validation_false_negatives=20648 validation_max_prediction=0.8993 validation_mean_prediction=0.2877 validation_recall=0.2824 validation_f1=0.3684 validation_auc=0.5069 validation_specificity=0.7051 validation_false_positive_rate=0.2949 validation_f2=0.3115 validation_mcc=-0.0137 validation_prauc=0.5337 validation_balanced_accuracy=0.4938 validation_brier=0.4050 validation_kappa=-0.0120 validation_informedness=-0.0125 validation_markedness=0.2347 validation_gini=0.0137 validation_optimal_threshold=0.0343 validation_standard_deviation_prediction=0.3009 validation_percentage_above_threshold=28.81
[LN568    ] [chunk_18_phase_4_ensemble.py] [info] [section 5] [RNN] [final] prediction_binary_split=0.50 hyperparams=(loss=binary_crossentropy lr=0.002 dropout=0.05 alpha=0.75 gamma=3.0 latent_dim=64) (using HPO model directly)
[LN569    ] [chunk_18_phase_4_ensemble.py] [info]    RNN loss=binary_crossentropy pred_threshold=0.5 epochs=20
[LN570    ] [chunk_18_phase_4_ensemble.py] [info]    [RNN] hyperparameter_optimization: units=64, dropout=0.05, learning_rate=0.002, alpha=0.75, gamma=3.0, layers=2
[LN571    ] [chunk_18_phase_4_ensemble.py] [info]    RNN training time: 2784.1s
[LN572    ] [chunk_18_phase_4_ensemble.py] [info] [pass] RNN trained successfully
[LN573    ] [chunk_18_phase_4_ensemble.py] [info] [LSTM] Winsorization: LOW=3 HIGH=92 (training-only percentiles)
[LN574    ] [chunk_18_phase_4_ensemble.py] [info] [section 1] [LSTM] [baseline] LABEL_THRESHOLD=20.0,
[LN575    ] [chunk_18_phase_4_ensemble.py] [info] [section 1] [LSTM] [baseline] predictions: mean=0.0409, std=0.0119, min=0.0284, max=0.1160
[LN576    ] [chunk_18_phase_4_ensemble.py] [info] [section 1] [LSTM] [baseline]  cumulative binary_split_predictions (1%) ≤ 0.0288, (5%) ≤ 0.0299, (10%) ≤ 0.0311, (25%) ≤ 0.0331, (50%) ≤ 0.0366, (75%) ≤ 0.0445, (90%) ≤ 0.0568, (95%) ≤ 0.0660, (99%) ≤ 0.0867, max=0.1160 binary_split_predictions distribution: 0% ≤ 0.01, 0% ≤ 0.02, 84% ≤ 0.05, 100% ≤ 0.1, 100% ≤ 0.2, 100% ≤ 0.5, 0% ≥ 0.50
[LN577    ] [chunk_18_phase_4_ensemble.py] [info] [section 1] [LSTM] [baseline] prediction_binary_split=0.50, VALIDATION predictions at LABEL_THRESHOLD=20.0: 0.00%
[LN578    ] [chunk_18_phase_4_ensemble.py] [warning] [section 1] [LSTM] [baseline] [warning] No predictions >= 0.5!
[LN579    ] [chunk_18_phase_4_ensemble.py] [info] [section 1] [LSTM] [baseline] LABEL_THRESHOLD=20.0,
[LN580    ] [chunk_18_phase_4_ensemble.py] [info] [section 1] [LSTM] [baseline] VALIDATION_PRECISION=0.0000 VALIDATION_TRUE_POSITIVES=0 VALIDATION_TRUE_NEGATIVES=52918 validation_false_positives=0 validation_false_negatives=336 validation_max_prediction=0.1160 validation_mean_prediction=0.0409 validation_recall=0.0000 validation_f1=0.0000 validation_auc=0.5948 validation_specificity=1.0000 validation_false_positive_rate=0.0000 validation_f2=0.0000 validation_mcc=0.0000 validation_prauc=0.0116 validation_balanced_accuracy=0.5000 validation_brier=0.0075 validation_kappa=0.0000 validation_informedness=0.0000 validation_markedness=1.0000 validation_gini=0.1895 validation_optimal_threshold=0.0514 validation_standard_deviation_prediction=0.0119 validation_percentage_above_threshold=0.00
[LN581    ] [chunk_18_phase_4_ensemble.py] [info] [section 1] [LSTM] [baseline] prediction_binary_split=0.50 loss=binary_crossentropy, lr=0.001
[LN582    ] [chunk_12_evaluation_evaluator.py] [info] [LSTM] label_threshold=20.0 train_below_prediction_binary_split=118,621 train_above_prediction_binary_split=689 train_positive_found=true val_below_prediction_binary_split=52,918 val_above_prediction_binary_split=336 val_positive_found=true
[LN583    ] [chunk_12_evaluation_evaluator.py] [info] [reject] threshold=20.0 action=skipped reason=insufficient_positive_predictions positive_predictions=0 minimum_positive_required=5
[LN584    ] [chunk_12_evaluation_evaluator.py] [info] [LSTM] label_threshold=10.0 train_below_prediction_binary_split=116,756 train_above_prediction_binary_split=2,554 train_positive_found=true val_below_prediction_binary_split=52,057 val_above_prediction_binary_split=1,197 val_positive_found=true
[LN585    ] [chunk_12_evaluation_evaluator.py] [info] [reject] threshold=10.0 action=skipped reason=insufficient_positive_predictions positive_predictions=0 minimum_positive_required=5
[LN586    ] [chunk_12_evaluation_evaluator.py] [info] [LSTM] label_threshold=0.0 train_below_prediction_binary_split=59,589 train_above_prediction_binary_split=59,721 train_positive_found=true val_below_prediction_binary_split=24,480 val_above_prediction_binary_split=28,774 val_positive_found=true
[LN587    ] [chunk_12_evaluation_evaluator.py] [info] [LSTM] [reject] skipping LABEL_THRESHOLD=0.0: validation_precision=0.4903 <= baseline+0.0200=0.5200
[LN588    ] [chunk_18_phase_4_ensemble.py] [warning] [section 1] [LSTM] [label_threshold_optimal] [warning] All label thresholds rejected — using baseline metrics at 20.0
[LN589    ] [chunk_18_phase_4_ensemble.py] [info] [section 1] [LSTM] [label_threshold_optimal] LABEL_THRESHOLD=20.0
[LN590    ] [chunk_18_phase_4_ensemble.py] [info] [section 1] [LSTM] [label_threshold_optimal] train_precision=0.0000 train_true_positives=0 train_true_negatives=52918 train_false_positives=0 train_false_negatives=336 train_max_prediction=0.1160 train_mean_prediction=0.0409 train_recall=0.0000 train_f1=0.0000 train_auc=0.5948 train_specificity=1.0000 train_false_positive_rate=0.0000 train_f2=0.0000 train_mcc=0.0000 train_prauc=0.0116 train_balanced_accuracy=0.5000 train_brier=0.0075 train_kappa=0.0000 train_informedness=0.0000 train_markedness=1.0000 train_gini=0.1895 train_optimal_threshold=0.0514 train_standard_deviation_prediction=0.0119 train_percentage_above_threshold=0.00
[LN591    ] [chunk_18_phase_4_ensemble.py] [info] [section 1] [LSTM] [label_threshold_optimal] VALIDATION_PRECISION=0.0000 VALIDATION_TRUE_POSITIVES=0 VALIDATION_TRUE_NEGATIVES=52918 validation_false_positives=0 validation_false_negatives=336 validation_max_prediction=0.1160 validation_mean_prediction=0.0409 validation_recall=0.0000 validation_f1=0.0000 validation_auc=0.5948 validation_specificity=1.0000 validation_false_positive_rate=0.0000 validation_f2=0.0000 validation_mcc=0.0000 validation_prauc=0.0116 validation_balanced_accuracy=0.5000 validation_brier=0.0075 validation_kappa=0.0000 validation_informedness=0.0000 validation_markedness=1.0000 validation_gini=0.1895 validation_optimal_threshold=0.0514 validation_standard_deviation_prediction=0.0119 validation_percentage_above_threshold=0.00
[LN592    ] [chunk_18_phase_4_ensemble.py] [info] [section 1] [LSTM] [label_threshold_optimal] prediction_binary_split=0.50
[LN593    ] [chunk_21_hyperparam_optimizer.py] [info] [section 2] [LSTM] [hyperparameter_optimization search] Running Bayesian optimization (5 trials)...
[LN594    ] [chunk_21_hyperparam_optimizer.py] [info] [section 2] [LSTM] [hyperparameter_optimization search baseline] LABEL_THRESHOLD=20.0
[LN595    ] [chunk_21_hyperparam_optimizer.py] [info] [section 2] [LSTM] [hyperparameter_optimization search baseline] VALIDATION_PRECISION=0.0000 VALIDATION_TRUE_POSITIVES=0 VALIDATION_TRUE_NEGATIVES=52918 validation_false_positives=0 validation_false_negatives=336 validation_max_prediction=0.2164 validation_mean_prediction=0.0451 validation_recall=0.0000 validation_f1=0.0000 validation_auc=0.8414 validation_specificity=1.0000 validation_false_positive_rate=0.0000 validation_f2=0.0000 validation_mcc=0.0000 validation_prauc=0.0293 validation_balanced_accuracy=0.5000 validation_brier=0.0092 validation_kappa=0.0000 validation_informedness=0.0000 validation_markedness=1.0000 validation_gini=0.6828 validation_optimal_threshold=0.0366 validation_standard_deviation_prediction=0.0483 validation_percentage_above_threshold=0.00
[LN596    ] [chunk_21_hyperparam_optimizer.py] [info] [section 2] [LSTM] [hyperparameter_optimization search baseline] TRIAL 1/5: lstm_units=256, dropout=0.1, learning_rate=0.005, epochs=20, loss_function=focal_loss, alpha=0.75, gamma=3.0, layers=1, bidirectional=False
[LN597    ] [chunk_21_hyperparam_optimizer.py] [info] [section 2] [LSTM] [hyperparameter_optimization search baseline] LABEL_THRESHOLD=20.0
[LN598    ] [chunk_21_hyperparam_optimizer.py] [info] [section 2] [LSTM] [hyperparameter_optimization search baseline] VALIDATION_PRECISION=0.0219 VALIDATION_TRUE_POSITIVES=262 VALIDATION_TRUE_NEGATIVES=41198 validation_false_positives=11720 validation_false_negatives=74 validation_max_prediction=0.9058 validation_mean_prediction=0.2137 validation_recall=0.7798 validation_f1=0.0425 validation_auc=0.8619 validation_specificity=0.7785 validation_false_positive_rate=0.2215 validation_f2=0.0983 validation_mcc=0.1059 validation_prauc=0.0327 validation_balanced_accuracy=0.7791 validation_brier=0.1270 validation_kappa=0.0306 validation_informedness=0.5583 validation_markedness=-0.1996 validation_gini=0.7238 validation_optimal_threshold=0.2701 validation_standard_deviation_prediction=0.2883 validation_percentage_above_threshold=22.50
[LN599    ] [chunk_21_hyperparam_optimizer.py] [info] [section 2] [LSTM] [hyperparameter_optimization search baseline] TRIAL 2/5: lstm_units=128, dropout=0.05, learning_rate=0.001, epochs=50, loss_function=binary_crossentropy, alpha=0.5, gamma=2.5, layers=1, bidirectional=True
[LN600    ] [chunk_21_hyperparam_optimizer.py] [info] [section 2] [LSTM] [hyperparameter_optimization search baseline] LABEL_THRESHOLD=20.0
[LN601    ] [chunk_21_hyperparam_optimizer.py] [info] [section 2] [LSTM] [hyperparameter_optimization search baseline] VALIDATION_PRECISION=0.0000 VALIDATION_TRUE_POSITIVES=0 VALIDATION_TRUE_NEGATIVES=52918 validation_false_positives=0 validation_false_negatives=336 validation_max_prediction=0.1998 validation_mean_prediction=0.0446 validation_recall=0.0000 validation_f1=0.0000 validation_auc=0.8548 validation_specificity=1.0000 validation_false_positive_rate=0.0000 validation_f2=0.0000 validation_mcc=0.0000 validation_prauc=0.0312 validation_balanced_accuracy=0.5000 validation_brier=0.0104 validation_kappa=0.0000 validation_informedness=0.0000 validation_markedness=1.0000 validation_gini=0.7097 validation_optimal_threshold=0.0841 validation_standard_deviation_prediction=0.0615 validation_percentage_above_threshold=0.00
[LN602    ] [chunk_21_hyperparam_optimizer.py] [info] [section 2] [LSTM] [hyperparameter_optimization search baseline] TRIAL 3/5: lstm_units=128, dropout=0.0, learning_rate=0.002, epochs=50, loss_function=focal_loss, alpha=0.5, gamma=3.0, layers=2, bidirectional=False
[LN603    ] [chunk_21_hyperparam_optimizer.py] [info] [section 2] [LSTM] [hyperparameter_optimization search baseline] LABEL_THRESHOLD=20.0
[LN604    ] [chunk_21_hyperparam_optimizer.py] [info] [section 2] [LSTM] [hyperparameter_optimization search baseline] VALIDATION_PRECISION=0.0000 VALIDATION_TRUE_POSITIVES=0 VALIDATION_TRUE_NEGATIVES=52918 validation_false_positives=0 validation_false_negatives=336 validation_max_prediction=0.4518 validation_mean_prediction=0.4518 validation_recall=0.0000 validation_f1=0.0000 validation_auc=0.4999 validation_specificity=1.0000 validation_false_positive_rate=0.0000 validation_f2=0.0000 validation_mcc=0.0000 validation_prauc=0.0063 validation_balanced_accuracy=0.5000 validation_brier=0.2047 validation_kappa=0.0000 validation_informedness=0.0000 validation_markedness=1.0000 validation_gini=0.0000 validation_optimal_threshold=inf validation_standard_deviation_prediction=0.0000 validation_percentage_above_threshold=0.00
[LN605    ] [chunk_21_hyperparam_optimizer.py] [info] [section 2] [LSTM] [hyperparameter_optimization search baseline] TRIAL 4/5: lstm_units=256, dropout=0.2, learning_rate=0.005, epochs=30, loss_function=binary_crossentropy, alpha=1.0, gamma=3.0, layers=2, bidirectional=False
[LN606    ] [chunk_21_hyperparam_optimizer.py] [info] [section 2] [LSTM] [hyperparameter_optimization search baseline] LABEL_THRESHOLD=20.0
[LN607    ] [chunk_21_hyperparam_optimizer.py] [info] [section 2] [LSTM] [hyperparameter_optimization search baseline] VALIDATION_PRECISION=0.0284 VALIDATION_TRUE_POSITIVES=245 VALIDATION_TRUE_NEGATIVES=44549 validation_false_positives=8369 validation_false_negatives=91 validation_max_prediction=0.8695 validation_mean_prediction=0.1975 validation_recall=0.7292 validation_f1=0.0547 validation_auc=0.8815 validation_specificity=0.8418 validation_false_positive_rate=0.1582 validation_f2=0.1230 validation_mcc=0.1228 validation_prauc=0.0413 validation_balanced_accuracy=0.7855 validation_brier=0.0905 validation_kappa=0.0431 validation_informedness=0.5710 validation_markedness=-0.1297 validation_gini=0.7629 validation_optimal_threshold=0.2458 validation_standard_deviation_prediction=0.2290 validation_percentage_above_threshold=16.18
[LN608    ] [chunk_21_hyperparam_optimizer.py] [info] [section 2] [LSTM] [hyperparameter_optimization search baseline] TRIAL 5/5: lstm_units=128, dropout=0.2, learning_rate=0.002, epochs=30, loss_function=binary_crossentropy, alpha=0.25, gamma=3.0, layers=1, bidirectional=True
[LN609    ] [chunk_21_hyperparam_optimizer.py] [info] [section 2] [LSTM] [best trial] LABEL_THRESHOLD=20.0
[LN610    ] [chunk_21_hyperparam_optimizer.py] [info] [section 2] [LSTM] [best trial] VALIDATION_PRECISION=0.0284 VALIDATION_TRUE_POSITIVES=245 VALIDATION_TRUE_NEGATIVES=44549 validation_false_positives=8369 validation_false_negatives=91 validation_max_prediction=0.8695 validation_mean_prediction=0.1975 validation_recall=0.7292 validation_f1=0.0547 validation_auc=0.8815 validation_specificity=0.8418 validation_false_positive_rate=0.1582 validation_f2=0.1230 validation_mcc=0.1228 validation_prauc=0.0413 validation_balanced_accuracy=0.7855 validation_brier=0.0905 validation_kappa=0.0431 validation_informedness=0.5710 validation_markedness=-0.1297 validation_gini=0.7629 validation_optimal_threshold=0.2458 validation_standard_deviation_prediction=0.2290 validation_percentage_above_threshold=16.18
[LN611    ] [chunk_21_hyperparam_optimizer.py] [info] [section 2] [LSTM] [best trial] lstm_units=128, dropout=0.2, learning_rate=0.002, epochs=30, loss_function=binary_crossentropy, alpha=0.25, gamma=3.0, layers=1, bidirectional=True
[LN612    ] [chunk_18_phase_4_ensemble.py] [info]    [diagnostic-hyperparameter_optimization]  cumulative binary_split_predictions (1%) ≤ 0.0148, (5%) ≤ 0.0191, (10%) ≤ 0.0228, (25%) ≤ 0.0366, (50%) ≤ 0.0762, (75%) ≤ 0.2977, (90%) ≤ 0.6217, (95%) ≤ 0.6984, (99%) ≤ 0.7794, max=0.8695 binary_split_predictions distribution: 0% ≤ 0.01, 6% ≤ 0.02, 36% ≤ 0.05, 57% ≤ 0.1, 69% ≤ 0.2, 84% ≤ 0.5, 16% ≥ 0.50
[LN613    ] [chunk_18_phase_4_ensemble.py] [info]    hyperparameter_optimization improved: 0.0284 > 0.0000
[LN614    ] [chunk_18_phase_4_ensemble.py] [info] [section 3] [LSTM] [HYPERPARAMETER_OPTIMIZATION] LABEL_THRESHOLD=20.0,
[LN615    ] [chunk_18_phase_4_ensemble.py] [info] [section 3] [LSTM] [HYPERPARAMETER_OPTIMIZATION] VALIDATION_PRECISION=0.0284 VALIDATION_TRUE_POSITIVES=245 VALIDATION_TRUE_NEGATIVES=44549 validation_false_positives=8369 validation_false_negatives=91 validation_max_prediction=0.8695 validation_mean_prediction=0.1975 validation_recall=0.7292 validation_f1=0.0547 validation_auc=0.8815 validation_specificity=0.8418 validation_false_positive_rate=0.1582 validation_f2=0.1230 validation_mcc=0.1228 validation_prauc=0.0413 validation_balanced_accuracy=0.7855 validation_brier=0.0905 validation_kappa=0.0431 validation_informedness=0.5710 validation_markedness=-0.1297 validation_gini=0.7629 validation_optimal_threshold=0.2458 validation_standard_deviation_prediction=0.2290 validation_percentage_above_threshold=16.18
[LN616    ] [chunk_18_phase_4_ensemble.py] [info] [section 3] [LSTM] [HYPERPARAMETER_OPTIMIZATION] prediction_binary_split=0.50 hyperparams=(loss=binary_crossentropy lr=0.002 dropout=0.2 alpha=0.25 gamma=3.0 latent_dim=0) improved=True {'lstm_units': 128, 'dropout': 0.2, 'learning_rate': 0.002, 'epochs': 30, 'loss_function': 'binary_crossentropy', 'alpha': 0.25, 'gamma': 3.0, 'layers': 1, 'bidirectional': True}
[LN617    ] [chunk_18_phase_4_ensemble.py] [info]    Running post hyperparameter_optimization threshold search for LSTM...
[LN618    ] [chunk_12_evaluation_evaluator.py] [info] [LSTM] label_threshold=20.0 train_below_prediction_binary_split=118,621 train_above_prediction_binary_split=689 train_positive_found=true val_below_prediction_binary_split=52,918 val_above_prediction_binary_split=336 val_positive_found=true
[LN619    ] [chunk_12_evaluation_evaluator.py] [info] [LSTM] [diagnostic] LABEL_THRESHOLD=20.0 train_precision=0.0273 train_true_positives=362 train_true_negatives=105702 train_false_positives=12919 train_false_negatives=327 train_max_prediction=0.8709 train_mean_prediction=0.1816 train_recall=0.5254 train_f1=0.0518 train_auc=0.8572 train_specificity=0.8911 train_false_positive_rate=0.1089 train_f2=0.1129 train_mcc=0.1003 train_prauc=0.0338 train_balanced_accuracy=0.7082 train_brier=0.0723 train_kappa=0.0413 train_informedness=0.4165 train_markedness=-0.0817 train_gini=0.7144 train_optimal_threshold=0.1930 train_standard_deviation_prediction=0.1981 train_percentage_above_threshold=11.13
[LN620    ] [chunk_12_evaluation_evaluator.py] [info] [LSTM] [diagnostic] LABEL_THRESHOLD=20.0 VALIDATION_PRECISION=0.0284 VALIDATION_TRUE_POSITIVES=245 VALIDATION_TRUE_NEGATIVES=44549 validation_false_positives=8369 validation_false_negatives=91 validation_max_prediction=0.8695 validation_mean_prediction=0.1975 validation_recall=0.7292 validation_f1=0.0547 validation_auc=0.8815 validation_specificity=0.8418 validation_false_positive_rate=0.1582 validation_f2=0.1230 validation_mcc=0.1228 validation_prauc=0.0413 validation_balanced_accuracy=0.7855 validation_brier=0.0905 validation_kappa=0.0431 validation_informedness=0.5710 validation_markedness=-0.1297 validation_gini=0.7629 validation_optimal_threshold=0.2458 validation_standard_deviation_prediction=0.2290 validation_percentage_above_threshold=16.18
[LN621    ] [chunk_12_evaluation_evaluator.py] [info] [LSTM] label_threshold=10.0 train_below_prediction_binary_split=116,756 train_above_prediction_binary_split=2,554 train_positive_found=true val_below_prediction_binary_split=52,057 val_above_prediction_binary_split=1,197 val_positive_found=true
[LN622    ] [chunk_12_evaluation_evaluator.py] [info] [LSTM] [diagnostic] LABEL_THRESHOLD=10.0 train_precision=0.0891 train_true_positives=1000 train_true_negatives=106532 train_false_positives=10224 train_false_negatives=1554 train_max_prediction=0.8327 train_mean_prediction=0.1773 train_recall=0.3915 train_f1=0.1452 train_auc=0.8216 train_specificity=0.9124 train_false_positive_rate=0.0876 train_f2=0.2332 train_mcc=0.1507 train_prauc=0.0851 train_balanced_accuracy=0.6520 train_brier=0.0657 train_kappa=0.1143 train_informedness=0.3040 train_markedness=0.0015 train_gini=0.6432 train_optimal_threshold=0.1530 train_standard_deviation_prediction=0.1731 train_percentage_above_threshold=9.41
[LN623    ] [chunk_12_evaluation_evaluator.py] [info] [LSTM] [diagnostic] LABEL_THRESHOLD=10.0 VALIDATION_PRECISION=0.0750 VALIDATION_TRUE_POSITIVES=813 VALIDATION_TRUE_NEGATIVES=42025 validation_false_positives=10032 validation_false_negatives=384 validation_max_prediction=0.8100 validation_mean_prediction=0.2611 validation_recall=0.6792 validation_f1=0.1350 validation_auc=0.8196 validation_specificity=0.8073 validation_false_positive_rate=0.1927 validation_f2=0.2600 validation_mcc=0.1791 validation_prauc=0.0785 validation_balanced_accuracy=0.7432 validation_brier=0.1135 validation_kappa=0.0985 validation_informedness=0.4865 validation_markedness=-0.1177 validation_gini=0.6392 validation_optimal_threshold=0.3792 validation_standard_deviation_prediction=0.2157 validation_percentage_above_threshold=20.36
[LN624    ] [chunk_12_evaluation_evaluator.py] [info] [LSTM] label_threshold=0.0 train_below_prediction_binary_split=59,589 train_above_prediction_binary_split=59,721 train_positive_found=true val_below_prediction_binary_split=24,480 val_above_prediction_binary_split=28,774 val_positive_found=true
[LN625    ] [chunk_12_evaluation_evaluator.py] [info] [LSTM] [diagnostic] LABEL_THRESHOLD=0.0 train_precision=0.5016 train_true_positives=6715 train_true_negatives=52917 train_false_positives=6672 train_false_negatives=53006 train_max_prediction=0.9316 train_mean_prediction=0.1848 train_recall=0.1124 train_f1=0.1837 train_auc=0.4931 train_specificity=0.8880 train_false_positive_rate=0.1120 train_f2=0.1331 train_mcc=0.0007 train_prauc=0.4978 train_balanced_accuracy=0.5002 train_brier=0.3904 train_kappa=0.0005 train_informedness=0.0005 train_markedness=0.3896 train_gini=0.0000 train_optimal_threshold=0.7779 train_standard_deviation_prediction=0.1990 train_percentage_above_threshold=11.22
[LN626    ] [chunk_12_evaluation_evaluator.py] [info] [LSTM] [diagnostic] LABEL_THRESHOLD=0.0 VALIDATION_PRECISION=0.5305 VALIDATION_TRUE_POSITIVES=7746 VALIDATION_TRUE_NEGATIVES=17626 validation_false_positives=6854 validation_false_negatives=21028 validation_max_prediction=0.9363 validation_mean_prediction=0.2958 validation_recall=0.2692 validation_f1=0.3572 validation_auc=0.5000 validation_specificity=0.7200 validation_false_positive_rate=0.2800 validation_f2=0.2986 validation_mcc=-0.0120 validation_prauc=0.5364 validation_balanced_accuracy=0.4946 validation_brier=0.3850 validation_kappa=-0.0103 validation_informedness=-0.0108 validation_markedness=0.2506 validation_gini=0.0000 validation_optimal_threshold=0.0722 validation_standard_deviation_prediction=0.2730 validation_percentage_above_threshold=27.42
[LN627    ] [chunk_18_phase_4_ensemble.py] [info]    hyperparameter_optimization model threshold search: LABEL_THRESHOLD=20.0, VALIDATION_PRECISION=0.0284
[LN628    ] [chunk_18_phase_4_ensemble.py] [info]    post hyperparameter_optimization threshold search: LABEL_THRESHOLD=0.0, VALIDATION_PRECISION=0.5305
[LN629    ] [chunk_18_phase_4_ensemble.py] [info]    post hyperparameter_optimization improved: using LABEL_THRESHOLD=0.0
[LN630    ] [chunk_18_phase_4_ensemble.py] [info] [section 4] [LSTM] [post hyperparameter_optimization] [diagnostic]  cumulative binary_split_predictions (1%) ≤ 0.0082, (5%) ≤ 0.0185, (10%) ≤ 0.0336, (25%) ≤ 0.0692, (50%) ≤ 0.1628, (75%) ≤ 0.5491, (90%) ≤ 0.7382, (95%) ≤ 0.7927, (99%) ≤ 0.8535, max=0.9363 binary_split_predictions distribution: 2% ≤ 0.01, 5% ≤ 0.02, 17% ≤ 0.05, 37% ≤ 0.1, 54% ≤ 0.2, 73% ≤ 0.5, 27% ≥ 0.50
[LN631    ] [chunk_18_phase_4_ensemble.py] [info] [section 4] [LSTM] [post hyperparameter_optimization] LABEL_THRESHOLD=0.0,
[LN632    ] [chunk_18_phase_4_ensemble.py] [info] [section 4] [LSTM] [post hyperparameter_optimization] VALIDATION_PRECISION=0.5305 VALIDATION_TRUE_POSITIVES=7746 VALIDATION_TRUE_NEGATIVES=17626 validation_false_positives=6854 validation_false_negatives=21028 validation_max_prediction=0.9363 validation_mean_prediction=0.2958 validation_recall=0.2692 validation_f1=0.3572 validation_auc=0.5000 validation_specificity=0.7261 validation_false_positive_rate=0.2739 validation_f2=0.0329 validation_mcc=0.0068 validation_prauc=0.0078 validation_balanced_accuracy=0.5193 validation_brier=0.1645 validation_kappa=0.0017 validation_informedness=0.0386 validation_markedness=-0.2667 validation_gini=0.0000 validation_optimal_threshold=0.7474 validation_standard_deviation_prediction=0.2730 validation_percentage_above_threshold=27.42
[LN633    ] [chunk_18_phase_4_ensemble.py] [info] [section 4] [LSTM] [post hyperparameter_optimization] prediction_binary_split=0.50 hyperparams=(loss=binary_crossentropy lr=0.002 dropout=0.2 alpha=0.25 gamma=3.0 latent_dim=64) source=section4
[LN634    ] [chunk_18_phase_4_ensemble.py] [info]    Using post-HPO model at LABEL_THRESHOLD=0.0 (post_hpo_prec=0.5305 > hpo=0.0284, pre_hpo=0.0000)
[LN635    ] [chunk_18_phase_4_ensemble.py] [info]    Train predictions: mean=0.1848, std=0.1990, min=0.0041, max=0.9316
[LN636    ] [chunk_18_phase_4_ensemble.py] [info]    validation predictions:   mean=0.2958, std=0.2730, min=0.0046, max=0.9363
[LN637    ] [chunk_18_phase_4_ensemble.py] [info] [section 5] [LSTM] [final] [diagnostic] Train  cumulative binary_split_predictions (1%) ≤ 0.0087, (5%) ≤ 0.0211, (10%) ≤ 0.0349, (25%) ≤ 0.0646, (50%) ≤ 0.0979, (75%) ≤ 0.2143, (90%) ≤ 0.5382, (95%) ≤ 0.6775, (99%) ≤ 0.8004, max=0.9316 binary_split_predictions distribution: 1% ≤ 0.01, 5% ≤ 0.02, 17% ≤ 0.05, 51% ≤ 0.1, 74% ≤ 0.2, 89% ≤ 0.5, 11% ≥ 0.50
[LN638    ] [chunk_18_phase_4_ensemble.py] [info] [section 5] [LSTM] [final] [diagnostic] validation    cumulative binary_split_predictions (1%) ≤ 0.0082, (5%) ≤ 0.0185, (10%) ≤ 0.0336, (25%) ≤ 0.0692, (50%) ≤ 0.1628, (75%) ≤ 0.5491, (90%) ≤ 0.7382, (95%) ≤ 0.7927, (99%) ≤ 0.8535, max=0.9363 binary_split_predictions distribution: 2% ≤ 0.01, 5% ≤ 0.02, 17% ≤ 0.05, 37% ≤ 0.1, 54% ≤ 0.2, 73% ≤ 0.5, 27% ≥ 0.50
[LN639    ] [chunk_18_phase_4_ensemble.py] [info]    Train predictions: 11.22% positive predictions (13,387 / 119,310)
[LN640    ] [chunk_18_phase_4_ensemble.py] [info]    validation predictions:   27.42% positive predictions (14,600 / 53,254)
[LN641    ] [chunk_18_phase_4_ensemble.py] [info]    [diagnostic] prediction_buckets: 0-10:8872, 10-20:4090, 20-30:2988, 30-40:2769, 40-50:2848, 50-60:4421, 60-70:5047, 70-80:2207, 80-90:77, 90-100:0
[LN642    ] [chunk_18_phase_4_ensemble.py] [info] [section 5] [LSTM] [final] LABEL_THRESHOLD=0.0,
[LN643    ] [chunk_18_phase_4_ensemble.py] [info] [section 5] [LSTM] [final] train_precision=0.5016 train_true_positives=6715 train_true_negatives=52917 train_false_positives=6672 train_false_negatives=53006 train_max_prediction=0.9316 train_mean_prediction=0.1848 train_recall=0.1124 train_f1=0.1837 train_auc=0.4931 train_specificity=0.8880 train_false_positive_rate=0.1120 train_f2=0.1331 train_mcc=0.0007 train_prauc=0.4978 train_balanced_accuracy=0.5002 train_standard_deviation_prediction=0.1990 train_percentage_above_threshold=11.22 train_brier=0.3904 train_kappa=0.0005 train_informedness=0.0005 train_markedness=0.3896 train_gini=0.0000 train_optimal_threshold=0.7779
[LN644    ] [chunk_18_phase_4_ensemble.py] [info] [section 5] [LSTM] [final] VALIDATION_PRECISION=0.5305 VALIDATION_TRUE_POSITIVES=7746 VALIDATION_TRUE_NEGATIVES=17626 validation_false_positives=6854 validation_false_negatives=21028 validation_max_prediction=0.9363 validation_mean_prediction=0.2958 validation_recall=0.2692 validation_f1=0.3572 validation_auc=0.5000 validation_specificity=0.7200 validation_false_positive_rate=0.2800 validation_f2=0.2986 validation_mcc=-0.0120 validation_prauc=0.5364 validation_balanced_accuracy=0.4946 validation_brier=0.3850 validation_kappa=-0.0103 validation_informedness=-0.0108 validation_markedness=0.2506 validation_gini=0.0000 validation_optimal_threshold=0.0722 validation_standard_deviation_prediction=0.2730 validation_percentage_above_threshold=27.42
[LN645    ] [chunk_18_phase_4_ensemble.py] [info] [section 5] [LSTM] [final] prediction_binary_split=0.50 hyperparams=(loss=binary_crossentropy lr=0.002 dropout=0.2 alpha=0.25 gamma=3.0 latent_dim=64) (using HPO model directly)
[LN646    ] [chunk_18_phase_4_ensemble.py] [info]    LSTM loss=binary_crossentropy pred_threshold=0.5 epochs=30
[LN647    ] [chunk_18_phase_4_ensemble.py] [info]    [LSTM] hyperparameter_optimization: lstm_units=128, dropout=0.2, learning_rate=0.002, alpha=0.25, gamma=3.0, layers=1
[LN648    ] [chunk_18_phase_4_ensemble.py] [info]    LSTM training time: 2094.4s
[LN649    ] [chunk_18_phase_4_ensemble.py] [info] [pass] LSTM trained successfully
[LN650    ] [chunk_18_phase_4_ensemble.py] [info] [VAE] Winsorization: LOW=3 HIGH=97 (training-only percentiles)
[LN651    ] [chunk_18_phase_4_ensemble.py] [info] [section 1] [VAE] [baseline] LABEL_THRESHOLD=20.0,
[LN652    ] [chunk_18_phase_4_ensemble.py] [info] [section 1] [VAE] [baseline] predictions: mean=0.0000, std=0.0000, min=0.0000, max=0.0000
[LN653    ] [chunk_18_phase_4_ensemble.py] [info] [section 1] [VAE] [baseline]  cumulative binary_split_predictions (1%) ≤ 0.0000, (5%) ≤ 0.0000, (10%) ≤ 0.0000, (25%) ≤ 0.0000, (50%) ≤ 0.0000, (75%) ≤ 0.0000, (90%) ≤ 0.0000, (95%) ≤ 0.0000, (99%) ≤ 0.0000, max=0.0000 binary_split_predictions distribution: 100% ≤ 0.01, 100% ≤ 0.02, 100% ≤ 0.05, 100% ≤ 0.1, 100% ≤ 0.2, 100% ≤ 0.5, 0% ≥ 0.50
[LN654    ] [chunk_18_phase_4_ensemble.py] [info] [section 1] [VAE] [baseline] prediction_binary_split=0.50, VALIDATION predictions at LABEL_THRESHOLD=20.0: 0.00%
[LN655    ] [chunk_18_phase_4_ensemble.py] [warning] [section 1] [VAE] [baseline] [warning] No predictions >= 0.5!
[LN656    ] [chunk_18_phase_4_ensemble.py] [info] [section 1] [VAE] [baseline] LABEL_THRESHOLD=20.0,
[LN657    ] [chunk_18_phase_4_ensemble.py] [info] [section 1] [VAE] [baseline] VALIDATION_PRECISION=0.0000 VALIDATION_TRUE_POSITIVES=0 VALIDATION_TRUE_NEGATIVES=52918 validation_false_positives=0 validation_false_negatives=336 validation_max_prediction=0.0000 validation_mean_prediction=0.0000 validation_recall=0.0000 validation_f1=0.0000 validation_auc=0.5000 validation_specificity=1.0000 validation_false_positive_rate=0.0000 validation_f2=0.0000 validation_mcc=0.0000 validation_prauc=0.0063 validation_balanced_accuracy=0.5000 validation_brier=0.0063 validation_kappa=0.0000 validation_informedness=0.0000 validation_markedness=1.0000 validation_gini=0.0000 validation_optimal_threshold=inf validation_standard_deviation_prediction=0.0000 validation_percentage_above_threshold=0.00
[LN658    ] [chunk_18_phase_4_ensemble.py] [info] [section 1] [VAE] [baseline] prediction_binary_split=0.50 loss=binary_crossentropy, lr=0.001, dropout=0.1
[LN659    ] [chunk_12_evaluation_evaluator.py] [info] [VAE] label_threshold=20.0 train_below_prediction_binary_split=118,621 train_above_prediction_binary_split=689 train_positive_found=true val_below_prediction_binary_split=52,918 val_above_prediction_binary_split=336 val_positive_found=true
[LN660    ] [chunk_12_evaluation_evaluator.py] [info] [reject] threshold=20.0 action=skipped reason=insufficient_positive_predictions positive_predictions=0 minimum_positive_required=5
[LN661    ] [chunk_12_evaluation_evaluator.py] [info] [VAE] label_threshold=10.0 train_below_prediction_binary_split=116,756 train_above_prediction_binary_split=2,554 train_positive_found=true val_below_prediction_binary_split=52,057 val_above_prediction_binary_split=1,197 val_positive_found=true
[LN662    ] [chunk_12_evaluation_evaluator.py] [info] [reject] threshold=10.0 action=skipped reason=insufficient_positive_predictions positive_predictions=0 minimum_positive_required=5
[LN663    ] [chunk_12_evaluation_evaluator.py] [info] [VAE] label_threshold=0.0 train_below_prediction_binary_split=59,589 train_above_prediction_binary_split=59,721 train_positive_found=true val_below_prediction_binary_split=24,480 val_above_prediction_binary_split=28,774 val_positive_found=true
[LN664    ] [chunk_12_evaluation_evaluator.py] [info] [VAE] [diagnostic] LABEL_THRESHOLD=0.0 train_precision=0.4994 train_true_positives=24033 train_true_negatives=35499 train_false_positives=24090 train_false_negatives=35688 train_max_prediction=0.5911 train_mean_prediction=0.4957 train_recall=0.4024 train_f1=0.4457 train_auc=0.4999 train_specificity=0.5957 train_false_positive_rate=0.4043 train_f2=0.4187 train_mcc=-0.0019 train_prauc=0.5011 train_balanced_accuracy=0.4991 train_brier=0.2503 train_kappa=-0.0018 train_informedness=-0.0018 train_markedness=0.0951 train_gini=0.0000 train_optimal_threshold=0.5071 train_standard_deviation_prediction=0.0174 train_percentage_above_threshold=40.33
[LN665    ] [chunk_12_evaluation_evaluator.py] [info] [VAE] [diagnostic] LABEL_THRESHOLD=0.0 VALIDATION_PRECISION=0.5449 VALIDATION_TRUE_POSITIVES=11846 VALIDATION_TRUE_NEGATIVES=14586 validation_false_positives=9894 validation_false_negatives=16928 validation_max_prediction=0.5811 validation_mean_prediction=0.4958 validation_recall=0.4117 validation_f1=0.4690 validation_auc=0.5043 validation_specificity=0.5958 validation_false_positive_rate=0.4042 validation_f2=0.4329 validation_mcc=0.0076 validation_prauc=0.5428 validation_balanced_accuracy=0.5038 validation_brier=0.2505 validation_kappa=0.0074 validation_informedness=0.0075 validation_markedness=0.1407 validation_gini=0.0087 validation_optimal_threshold=0.4931 validation_standard_deviation_prediction=0.0175 validation_percentage_above_threshold=40.82
[LN666    ] [chunk_18_phase_4_ensemble.py] [info] [section 1] [VAE] [label_threshold_optimal]  cumulative binary_split_predictions (1%) ≤ 0.4522, (5%) ≤ 0.4664, (10%) ≤ 0.4735, (25%) ≤ 0.4845, (50%) ≤ 0.4960, (75%) ≤ 0.5072, (90%) ≤ 0.5175, (95%) ≤ 0.5239, (99%) ≤ 0.5358, max=0.5782 binary_split_predictions distribution: 0% ≤ 0.01, 0% ≤ 0.02, 0% ≤ 0.05, 0% ≤ 0.1, 0% ≤ 0.2, 60% ≤ 0.5, 40% ≥ 0.50
[LN667    ] [chunk_18_phase_4_ensemble.py] [info] [section 1] [VAE] [label_threshold_optimal] LABEL_THRESHOLD=0.0
[LN668    ] [chunk_18_phase_4_ensemble.py] [info] [section 1] [VAE] [label_threshold_optimal] train_precision=0.4994 train_true_positives=24033 train_true_negatives=35499 train_false_positives=24090 train_false_negatives=35688 train_max_prediction=0.5911 train_mean_prediction=0.4957 train_recall=0.4024 train_f1=0.4457 train_auc=0.4999 train_specificity=0.5957 train_false_positive_rate=0.4043 train_f2=0.4187 train_mcc=-0.0019 train_prauc=0.5011 train_balanced_accuracy=0.4991 train_brier=0.2503 train_kappa=-0.0018 train_informedness=-0.0018 train_markedness=0.0951 train_gini=0.0000 train_optimal_threshold=0.5071 train_standard_deviation_prediction=0.0174 train_percentage_above_threshold=40.33
[LN669    ] [chunk_18_phase_4_ensemble.py] [info] [section 1] [VAE] [label_threshold_optimal] VALIDATION_PRECISION=0.5449 VALIDATION_TRUE_POSITIVES=11846 VALIDATION_TRUE_NEGATIVES=14586 validation_false_positives=9894 validation_false_negatives=16928 validation_max_prediction=0.5811 validation_mean_prediction=0.4958 validation_recall=0.4117 validation_f1=0.4690 validation_auc=0.5043 validation_specificity=0.5958 validation_false_positive_rate=0.4042 validation_f2=0.4329 validation_mcc=0.0076 validation_prauc=0.5428 validation_balanced_accuracy=0.5038 validation_brier=0.2505 validation_kappa=0.0074 validation_informedness=0.0075 validation_markedness=0.1407 validation_gini=0.0087 validation_optimal_threshold=0.4931 validation_standard_deviation_prediction=0.0175 validation_percentage_above_threshold=40.82
[LN670    ] [chunk_18_phase_4_ensemble.py] [info] [section 1] [VAE] [label_threshold_optimal] prediction_binary_split=0.50
[LN671    ] [chunk_21_hyperparam_optimizer.py] [info] [section 2] [VAE] [hyperparameter_optimization search] Running Bayesian optimization (5 trials)...
[LN672    ] [chunk_21_hyperparam_optimizer.py] [info] [section 2] [VAE] [hyperparameter_optimization search baseline] LABEL_THRESHOLD=0.0
[LN673    ] [chunk_21_hyperparam_optimizer.py] [info] [section 2] [VAE] [hyperparameter_optimization search baseline] VALIDATION_PRECISION=0.5403 VALIDATION_TRUE_POSITIVES=28769 VALIDATION_TRUE_NEGATIVES=6 validation_false_positives=24474 validation_false_negatives=5 validation_max_prediction=0.5566 validation_mean_prediction=0.5011 validation_recall=0.9998 validation_f1=0.7015 validation_auc=0.5001 validation_specificity=0.0002 validation_false_positive_rate=0.9998 validation_f2=0.8545 validation_mcc=0.0025 validation_prauc=0.5404 validation_balanced_accuracy=0.5000 validation_brier=0.2499 validation_kappa=0.0001 validation_informedness=0.0001 validation_markedness=-0.4594 validation_gini=0.0002 validation_optimal_threshold=0.5015 validation_standard_deviation_prediction=0.0004 validation_percentage_above_threshold=99.98
[LN674    ] [chunk_21_hyperparam_optimizer.py] [info] [section 2] [VAE] [hyperparameter_optimization search baseline] TRIAL 1/5: loss_function=focal_loss, latent_dim=128, learning_rate=0.005, dropout=0.02, epochs=30, alpha=1.0, gamma=2.0, encoder_layers=2, decoder_layers=2
[LN675    ] [chunk_21_hyperparam_optimizer.py] [info] [section 2] [VAE] [hyperparameter_optimization search baseline] LABEL_THRESHOLD=0.0
[LN676    ] [chunk_21_hyperparam_optimizer.py] [info] [section 2] [VAE] [hyperparameter_optimization search baseline] VALIDATION_PRECISION=0.5389 VALIDATION_TRUE_POSITIVES=16762 VALIDATION_TRUE_NEGATIVES=10138 validation_false_positives=14342 validation_false_negatives=12012 validation_max_prediction=0.5630 validation_mean_prediction=0.5006 validation_recall=0.5825 validation_f1=0.5599 validation_auc=0.4986 validation_specificity=0.4141 validation_false_positive_rate=0.5859 validation_f2=0.5733 validation_mcc=-0.0034 validation_prauc=0.5411 validation_balanced_accuracy=0.4983 validation_brier=0.2500 validation_kappa=-0.0034 validation_informedness=-0.0033 validation_markedness=-0.0470 validation_gini=0.0000 validation_optimal_threshold=0.5055 validation_standard_deviation_prediction=0.0061 validation_percentage_above_threshold=58.41
[LN677    ] [chunk_21_hyperparam_optimizer.py] [info] [section 2] [VAE] [hyperparameter_optimization search baseline] TRIAL 2/5: loss_function=focal_loss, latent_dim=32, learning_rate=0.001, dropout=0.0, epochs=50, alpha=0.25, gamma=2.0, encoder_layers=1, decoder_layers=3
[LN678    ] [chunk_21_hyperparam_optimizer.py] [info] [section 2] [VAE] [hyperparameter_optimization search baseline] LABEL_THRESHOLD=0.0
[LN679    ] [chunk_21_hyperparam_optimizer.py] [info] [section 2] [VAE] [hyperparameter_optimization search baseline] VALIDATION_PRECISION=0.6000 VALIDATION_TRUE_POSITIVES=6 VALIDATION_TRUE_NEGATIVES=24476 validation_false_positives=4 validation_false_negatives=28768 validation_max_prediction=0.5452 validation_mean_prediction=0.4992 validation_recall=0.0002 validation_f1=0.0004 validation_auc=0.5001 validation_specificity=0.9998 validation_false_positive_rate=0.0002 validation_f2=0.0003 validation_mcc=0.0016 validation_prauc=0.5404 validation_balanced_accuracy=0.5000 validation_brier=0.2501 validation_kappa=0.0000 validation_informedness=0.0000 validation_markedness=0.5998 validation_gini=0.0002 validation_optimal_threshold=0.4808 validation_standard_deviation_prediction=0.0051 validation_percentage_above_threshold=0.02
[LN680    ] [chunk_21_hyperparam_optimizer.py] [info] [section 2] [VAE] [hyperparameter_optimization search baseline] TRIAL 3/5: loss_function=binary_crossentropy, latent_dim=256, learning_rate=0.005, dropout=0.1, epochs=30, alpha=0.25, gamma=3.0, encoder_layers=3, decoder_layers=1
[LN681    ] [chunk_21_hyperparam_optimizer.py] [info]    TARGET MET at trial 3: validation_precision=0.6000 >= 0.6
[LN682    ] [chunk_21_hyperparam_optimizer.py] [info] [section 2] [VAE] [best trial] LABEL_THRESHOLD=0.0
[LN683    ] [chunk_21_hyperparam_optimizer.py] [info] [section 2] [VAE] [best trial] VALIDATION_PRECISION=0.6000 VALIDATION_TRUE_POSITIVES=6 VALIDATION_TRUE_NEGATIVES=24476 validation_false_positives=4 validation_false_negatives=28768 validation_max_prediction=0.5452 validation_mean_prediction=0.4992 validation_recall=0.0002 validation_f1=0.0004 validation_auc=0.5001 validation_specificity=0.9998 validation_false_positive_rate=0.0002 validation_f2=0.0003 validation_mcc=0.0016 validation_prauc=0.5404 validation_balanced_accuracy=0.5000 validation_brier=0.2501 validation_kappa=0.0000 validation_informedness=0.0000 validation_markedness=0.5998 validation_gini=0.0002 validation_optimal_threshold=0.4808 validation_standard_deviation_prediction=0.0051 validation_percentage_above_threshold=0.02
[LN684    ] [chunk_21_hyperparam_optimizer.py] [info] [section 2] [VAE] [best trial] loss_function=binary_crossentropy, latent_dim=256, learning_rate=0.005, dropout=0.1, epochs=30, alpha=0.25, gamma=3.0, encoder_layers=3, decoder_layers=1
[LN685    ] [chunk_18_phase_4_ensemble.py] [info]    [diagnostic-hyperparameter_optimization]  cumulative binary_split_predictions (1%) ≤ 0.4972, (5%) ≤ 0.4996, (10%) ≤ 0.4996, (25%) ≤ 0.4996, (50%) ≤ 0.4996, (75%) ≤ 0.4996, (90%) ≤ 0.4996, (95%) ≤ 0.4996, (99%) ≤ 0.4996, max=0.5322 binary_split_predictions distribution: 0% ≤ 0.01, 0% ≤ 0.02, 0% ≤ 0.05, 0% ≤ 0.1, 0% ≤ 0.2, 100% ≤ 0.5, 0% ≥ 0.50
[LN686    ] [chunk_18_phase_4_ensemble.py] [info]    hyperparameter_optimization did NOT improve: 0.5385 <= 0.5449 - using pre hyperparameter_optimization model
[LN687    ] [chunk_18_phase_4_ensemble.py] [info] [section 3] [VAE] [PRE-HYPERPARAMETER_OPTIMIZATION] LABEL_THRESHOLD=0.0,
[LN688    ] [chunk_18_phase_4_ensemble.py] [info] [section 3] [VAE] [PRE-HYPERPARAMETER_OPTIMIZATION] VALIDATION_PRECISION=0.5449 VALIDATION_TRUE_POSITIVES=11846 VALIDATION_TRUE_NEGATIVES=14586 validation_false_positives=9894 validation_false_negatives=16928 validation_max_prediction=0.5782 validation_mean_prediction=0.4957 validation_recall=0.4117 validation_f1=0.4690 validation_auc=0.5043 validation_specificity=0.5958 validation_false_positive_rate=0.4042 validation_f2=0.4329 validation_mcc=0.0076 validation_prauc=0.5428 validation_balanced_accuracy=0.5038 validation_brier=0.2505 validation_kappa=0.0074 validation_informedness=0.0075 validation_markedness=0.1407 validation_gini=0.0087 validation_optimal_threshold=0.4931 validation_standard_deviation_prediction=0.0175 validation_percentage_above_threshold=40.40
[LN689    ] [chunk_18_phase_4_ensemble.py] [info] [section 3] [VAE] [PRE-HYPERPARAMETER_OPTIMIZATION] prediction_binary_split=0.50 hyperparams=(loss=binary_crossentropy lr=0.005 dropout=0.1 alpha=0.25 gamma=3.0 latent_dim=256) improved=False {'loss_function': 'binary_crossentropy', 'latent_dim': 256, 'learning_rate': 0.005, 'dropout': 0.1, 'epochs': 30, 'alpha': 0.25, 'gamma': 3.0, 'encoder_layers': 3, 'decoder_layers': 1}
[LN690    ] [chunk_18_phase_4_ensemble.py] [info]    Running post hyperparameter_optimization threshold search for VAE...
[LN691    ] [chunk_12_evaluation_evaluator.py] [info] [VAE] label_threshold=20.0 train_below_prediction_binary_split=118,621 train_above_prediction_binary_split=689 train_positive_found=true val_below_prediction_binary_split=52,918 val_above_prediction_binary_split=336 val_positive_found=true
[LN692    ] [chunk_12_evaluation_evaluator.py] [info] [VAE] [reject] skipping LABEL_THRESHOLD=20.0: validation_precision=0.0065 <= baseline+0.0200=0.0263
[LN693    ] [chunk_12_evaluation_evaluator.py] [info] [VAE] label_threshold=10.0 train_below_prediction_binary_split=116,756 train_above_prediction_binary_split=2,554 train_positive_found=true val_below_prediction_binary_split=52,057 val_above_prediction_binary_split=1,197 val_positive_found=true
[LN694    ] [chunk_12_evaluation_evaluator.py] [info] [VAE] [reject] skipping LABEL_THRESHOLD=10.0: validation_precision=0.0235 <= baseline+0.0200=0.0425
[LN695    ] [chunk_12_evaluation_evaluator.py] [info] [VAE] label_threshold=0.0 train_below_prediction_binary_split=59,589 train_above_prediction_binary_split=59,721 train_positive_found=true val_below_prediction_binary_split=24,480 val_above_prediction_binary_split=28,774 val_positive_found=true
[LN696    ] [chunk_12_evaluation_evaluator.py] [info] [VAE] [diagnostic] LABEL_THRESHOLD=0.0 train_precision=0.4993 train_true_positives=24068 train_true_negatives=35449 train_false_positives=24140 train_false_negatives=35653 train_max_prediction=0.5890 train_mean_prediction=0.4957 train_recall=0.4030 train_f1=0.4460 train_auc=0.4992 train_specificity=0.5949 train_false_positive_rate=0.4051 train_f2=0.4192 train_mcc=-0.0021 train_prauc=0.4985 train_balanced_accuracy=0.4989 train_brier=0.2504 train_kappa=-0.0021 train_informedness=-0.0021 train_markedness=0.0941 train_gini=0.0000 train_optimal_threshold=0.4681 train_standard_deviation_prediction=0.0175 train_percentage_above_threshold=40.41
[LN697    ] [chunk_12_evaluation_evaluator.py] [info] [VAE] [diagnostic] LABEL_THRESHOLD=0.0 VALIDATION_PRECISION=0.5421 VALIDATION_TRUE_POSITIVES=11715 VALIDATION_TRUE_NEGATIVES=14585 validation_false_positives=9895 validation_false_negatives=17059 validation_max_prediction=0.5713 validation_mean_prediction=0.4958 validation_recall=0.4071 validation_f1=0.4650 validation_auc=0.5003 validation_specificity=0.5958 validation_false_positive_rate=0.4042 validation_f2=0.4285 validation_mcc=0.0030 validation_prauc=0.5409 validation_balanced_accuracy=0.5015 validation_brier=0.2506 validation_kappa=0.0029 validation_informedness=0.0029 validation_markedness=0.1379 validation_gini=0.0005 validation_optimal_threshold=0.5047 validation_standard_deviation_prediction=0.0176 validation_percentage_above_threshold=40.58
[LN698    ] [chunk_18_phase_4_ensemble.py] [info]    hyperparameter_optimization model threshold search: LABEL_THRESHOLD=0.0, VALIDATION_PRECISION=0.5385
[LN699    ] [chunk_18_phase_4_ensemble.py] [info]    post hyperparameter_optimization threshold search: LABEL_THRESHOLD=0.0, VALIDATION_PRECISION=0.5421
[LN700    ] [chunk_18_phase_4_ensemble.py] [info]    post hyperparameter_optimization no improvement: keeping LABEL_THRESHOLD=0.0
[LN701    ] [chunk_18_phase_4_ensemble.py] [info] [section 4] [VAE] [post hyperparameter_optimization] [diagnostic]  cumulative binary_split_predictions (1%) ≤ 0.4519, (5%) ≤ 0.4666, (10%) ≤ 0.4736, (25%) ≤ 0.4846, (50%) ≤ 0.4961, (75%) ≤ 0.5072, (90%) ≤ 0.5176, (95%) ≤ 0.5239, (99%) ≤ 0.5367, max=0.5827 binary_split_predictions distribution: 0% ≤ 0.01, 0% ≤ 0.02, 0% ≤ 0.05, 0% ≤ 0.1, 0% ≤ 0.2, 59% ≤ 0.5, 41% ≥ 0.50
[LN702    ] [chunk_18_phase_4_ensemble.py] [info] [section 4] [VAE] [post hyperparameter_optimization] LABEL_THRESHOLD=0.0,
[LN703    ] [chunk_18_phase_4_ensemble.py] [info] [section 4] [VAE] [post hyperparameter_optimization] VALIDATION_PRECISION=0.5449 VALIDATION_TRUE_POSITIVES=11846 VALIDATION_TRUE_NEGATIVES=14586 validation_false_positives=9894 validation_false_negatives=16928 validation_max_prediction=0.5782 validation_mean_prediction=0.4957 validation_recall=0.4117 validation_f1=0.4690 validation_auc=0.5043 validation_specificity=0.5975 validation_false_positive_rate=0.4025 validation_f2=0.4267 validation_mcc=0.0027 validation_prauc=0.5400 validation_balanced_accuracy=0.5013 validation_brier=0.2507 validation_kappa=0.0026 validation_informedness=0.0027 validation_markedness=0.1394 validation_gini=0.0030 validation_optimal_threshold=0.4809 validation_standard_deviation_prediction=0.0175 validation_percentage_above_threshold=40.40
[LN704    ] [chunk_18_phase_4_ensemble.py] [info] [section 4] [VAE] [post hyperparameter_optimization] prediction_binary_split=0.50 hyperparams=(loss=binary_crossentropy lr=0.005 dropout=0.1 alpha=0.25 gamma=3.0 latent_dim=256) source=section3
[LN705    ] [chunk_18_phase_4_ensemble.py] [info]    Using threshold-optimized model (HPO did not improve)
[LN706    ] [chunk_18_phase_4_ensemble.py] [info]    Train predictions: mean=0.4956, std=0.0175, min=0.4001, max=0.5923
[LN707    ] [chunk_18_phase_4_ensemble.py] [info]    validation predictions:   mean=0.4956, std=0.0175, min=0.4124, max=0.5741
[LN708    ] [chunk_18_phase_4_ensemble.py] [info] [section 5] [VAE] [final] [diagnostic] Train  cumulative binary_split_predictions (1%) ≤ 0.4521, (5%) ≤ 0.4663, (10%) ≤ 0.4734, (25%) ≤ 0.4844, (50%) ≤ 0.4960, (75%) ≤ 0.5072, (90%) ≤ 0.5174, (95%) ≤ 0.5237, (99%) ≤ 0.5363, max=0.5923 binary_split_predictions distribution: 0% ≤ 0.01, 0% ≤ 0.02, 0% ≤ 0.05, 0% ≤ 0.1, 0% ≤ 0.2, 60% ≤ 0.5, 40% ≥ 0.50
[LN709    ] [chunk_18_phase_4_ensemble.py] [info] [section 5] [VAE] [final] [diagnostic] validation    cumulative binary_split_predictions (1%) ≤ 0.4522, (5%) ≤ 0.4668, (10%) ≤ 0.4735, (25%) ≤ 0.4844, (50%) ≤ 0.4958, (75%) ≤ 0.5071, (90%) ≤ 0.5175, (95%) ≤ 0.5238, (99%) ≤ 0.5365, max=0.5741 binary_split_predictions distribution: 0% ≤ 0.01, 0% ≤ 0.02, 0% ≤ 0.05, 0% ≤ 0.1, 0% ≤ 0.2, 60% ≤ 0.5, 40% ≥ 0.50
[LN710    ] [chunk_18_phase_4_ensemble.py] [info]    Train predictions: 40.44% positive predictions (48,249 / 119,310)
[LN711    ] [chunk_18_phase_4_ensemble.py] [info]    validation predictions:   40.05% positive predictions (21,329 / 53,254)
[LN712    ] [chunk_18_phase_4_ensemble.py] [info]    [info] Section 4 all rejected - using Section 3 results for Section 5
[LN713    ] [chunk_18_phase_4_ensemble.py] [info]    [diagnostic] prediction_buckets: 0-10:0, 10-20:0, 20-30:1, 30-40:31617, 40-50:21636, 50-60:0, 60-70:0, 70-80:0, 80-90:0, 90-100:0
[LN714    ] [chunk_18_phase_4_ensemble.py] [info] [section 5] [VAE] [final] LABEL_THRESHOLD=0.0,
[LN715    ] [chunk_18_phase_4_ensemble.py] [info] [section 5] [VAE] [final] train_precision=0.5022 train_true_positives=24163 train_true_negatives=35641 train_false_positives=23948 train_false_negatives=35558 train_max_prediction=0.5767 train_mean_prediction=0.4957 train_recall=0.4046 train_f1=0.4482 train_auc=0.5023 train_specificity=0.5981 train_false_positive_rate=0.4019 train_f2=0.4210 train_mcc=0.0028 train_prauc=0.5027 train_balanced_accuracy=0.5014 train_standard_deviation_prediction=0.0174 train_percentage_above_threshold=40.32 train_brier=0.2503 train_kappa=0.0027 train_informedness=0.0027 train_markedness=0.1003 train_gini=0.0047 train_optimal_threshold=0.5050
[LN716    ] [chunk_18_phase_4_ensemble.py] [info] [section 5] [VAE] [final] VALIDATION_PRECISION=0.5449 VALIDATION_TRUE_POSITIVES=11846 VALIDATION_TRUE_NEGATIVES=14586 validation_false_positives=9894 validation_false_negatives=16928 validation_max_prediction=0.5790 validation_mean_prediction=0.4958 validation_recall=0.4117 validation_f1=0.4690 validation_auc=0.5043 validation_specificity=0.5930 validation_false_positive_rate=0.4070 validation_f2=0.4268 validation_mcc=-0.0014 validation_prauc=0.5380 validation_balanced_accuracy=0.4993 validation_brier=0.2507 validation_kappa=-0.0014 validation_informedness=-0.0014 validation_markedness=0.1324 validation_gini=0.0000 validation_optimal_threshold=0.4573 validation_standard_deviation_prediction=0.0175 validation_percentage_above_threshold=40.63
[LN717    ] [chunk_18_phase_4_ensemble.py] [info] [section 5] [VAE] [final] prediction_binary_split=0.50 hyperparams=(loss=binary_crossentropy lr=0.005 dropout=0.1 alpha=0.25 gamma=3.0 latent_dim=256) (using HPO model directly)
[LN718    ] [chunk_18_phase_4_ensemble.py] [info]    VAE loss=binary_crossentropy pred_threshold=0.5 epochs=3
[LN719    ] [chunk_18_phase_4_ensemble.py] [info]    [VAE] hyperparameter_optimization: latent_dim=256, learning_rate=0.005, dropout=0.1, alpha=0.25, gamma=3.0
[LN720    ] [chunk_18_phase_4_ensemble.py] [info]    VAE training time: 488.7s
[LN721    ] [chunk_18_phase_4_ensemble.py] [info] [pass] VAE trained successfully
[LN722    ] [chunk_18_phase_4_ensemble.py] [info] [Transformer] Winsorization: LOW=3 HIGH=95 (training-only percentiles)
[LN723    ] [chunk_18_phase_4_ensemble.py] [info] [section 1] [TRANSFORMER] [baseline] LABEL_THRESHOLD=20.0,
[LN724    ] [chunk_18_phase_4_ensemble.py] [info] [section 1] [TRANSFORMER] [baseline] predictions: mean=0.1147, std=0.0004, min=0.1119, max=0.1208
[LN725    ] [chunk_18_phase_4_ensemble.py] [info] [section 1] [TRANSFORMER] [baseline]  cumulative binary_split_predictions (1%) ≤ 0.1144, (5%) ≤ 0.1145, (10%) ≤ 0.1145, (25%) ≤ 0.1145, (50%) ≤ 0.1145, (75%) ≤ 0.1146, (90%) ≤ 0.1149, (95%) ≤ 0.1153, (99%) ≤ 0.1168, max=0.1208 binary_split_predictions distribution: 0% ≤ 0.01, 0% ≤ 0.02, 0% ≤ 0.05, 0% ≤ 0.1, 100% ≤ 0.2, 100% ≤ 0.5, 0% ≥ 0.50
[LN726    ] [chunk_18_phase_4_ensemble.py] [info] [section 1] [TRANSFORMER] [baseline] prediction_binary_split=0.50, VALIDATION predictions at LABEL_THRESHOLD=20.0: 0.00%
[LN727    ] [chunk_18_phase_4_ensemble.py] [warning] [section 1] [TRANSFORMER] [baseline] [warning] No predictions >= 0.5!
[LN728    ] [chunk_18_phase_4_ensemble.py] [info] [section 1] [TRANSFORMER] [baseline] LABEL_THRESHOLD=20.0,
[LN729    ] [chunk_18_phase_4_ensemble.py] [info] [section 1] [TRANSFORMER] [baseline] VALIDATION_PRECISION=0.0000 VALIDATION_TRUE_POSITIVES=0 VALIDATION_TRUE_NEGATIVES=52918 validation_false_positives=0 validation_false_negatives=336 validation_max_prediction=0.1208 validation_mean_prediction=0.1147 validation_recall=0.0000 validation_f1=0.0000 validation_auc=0.2806 validation_specificity=1.0000 validation_false_positive_rate=0.0000 validation_f2=0.0000 validation_mcc=0.0000 validation_prauc=0.0040 validation_balanced_accuracy=0.5000 validation_brier=0.0180 validation_kappa=0.0000 validation_informedness=0.0000 validation_markedness=1.0000 validation_gini=0.0000 validation_optimal_threshold=0.1121 validation_standard_deviation_prediction=0.0004 validation_percentage_above_threshold=0.00
[LN730    ] [chunk_18_phase_4_ensemble.py] [info] [section 1] [TRANSFORMER] [baseline] prediction_binary_split=0.50 loss=binary_crossentropy, lr=0.001
[LN731    ] [chunk_12_evaluation_evaluator.py] [info] [TRANSFORMER] label_threshold=20.0 train_below_prediction_binary_split=118,621 train_above_prediction_binary_split=689 train_positive_found=true val_below_prediction_binary_split=52,918 val_above_prediction_binary_split=336 val_positive_found=true
[LN732    ] [chunk_12_evaluation_evaluator.py] [info] [reject] threshold=20.0 action=skipped reason=insufficient_positive_predictions positive_predictions=1 minimum_positive_required=5
[LN733    ] [chunk_12_evaluation_evaluator.py] [info] [TRANSFORMER] label_threshold=10.0 train_below_prediction_binary_split=116,756 train_above_prediction_binary_split=2,554 train_positive_found=true val_below_prediction_binary_split=52,057 val_above_prediction_binary_split=1,197 val_positive_found=true
[LN734    ] [chunk_12_evaluation_evaluator.py] [info] [reject] threshold=10.0 action=skipped reason=insufficient_positive_predictions positive_predictions=0 minimum_positive_required=5
[LN735    ] [chunk_12_evaluation_evaluator.py] [info] [TRANSFORMER] label_threshold=0.0 train_below_prediction_binary_split=59,589 train_above_prediction_binary_split=59,721 train_positive_found=true val_below_prediction_binary_split=24,480 val_above_prediction_binary_split=28,774 val_positive_found=true
[LN736    ] [chunk_12_evaluation_evaluator.py] [info] [TRANSFORMER] [reject] skipping LABEL_THRESHOLD=0.0: validation_precision=0.5107 <= baseline+0.0200=0.5200
[LN737    ] [chunk_18_phase_4_ensemble.py] [warning] [section 1] [TRANSFORMER] [label_threshold_optimal] [warning] All label thresholds rejected — using baseline metrics at 20.0
[LN738    ] [chunk_18_phase_4_ensemble.py] [info] [section 1] [TRANSFORMER] [label_threshold_optimal] LABEL_THRESHOLD=20.0
[LN739    ] [chunk_18_phase_4_ensemble.py] [info] [section 1] [TRANSFORMER] [label_threshold_optimal] train_precision=0.0000 train_true_positives=0 train_true_negatives=52918 train_false_positives=0 train_false_negatives=336 train_max_prediction=0.1208 train_mean_prediction=0.1147 train_recall=0.0000 train_f1=0.0000 train_auc=0.2806 train_specificity=1.0000 train_false_positive_rate=0.0000 train_f2=0.0000 train_mcc=0.0000 train_prauc=0.0040 train_balanced_accuracy=0.5000 train_brier=0.0180 train_kappa=0.0000 train_informedness=0.0000 train_markedness=1.0000 train_gini=0.0000 train_optimal_threshold=0.1121 train_standard_deviation_prediction=0.0004 train_percentage_above_threshold=0.00
[LN740    ] [chunk_18_phase_4_ensemble.py] [info] [section 1] [TRANSFORMER] [label_threshold_optimal] VALIDATION_PRECISION=0.0000 VALIDATION_TRUE_POSITIVES=0 VALIDATION_TRUE_NEGATIVES=52918 validation_false_positives=0 validation_false_negatives=336 validation_max_prediction=0.1208 validation_mean_prediction=0.1147 validation_recall=0.0000 validation_f1=0.0000 validation_auc=0.2806 validation_specificity=1.0000 validation_false_positive_rate=0.0000 validation_f2=0.0000 validation_mcc=0.0000 validation_prauc=0.0040 validation_balanced_accuracy=0.5000 validation_brier=0.0180 validation_kappa=0.0000 validation_informedness=0.0000 validation_markedness=1.0000 validation_gini=0.0000 validation_optimal_threshold=0.1121 validation_standard_deviation_prediction=0.0004 validation_percentage_above_threshold=0.00
[LN741    ] [chunk_18_phase_4_ensemble.py] [info] [section 1] [TRANSFORMER] [label_threshold_optimal] prediction_binary_split=0.50
[LN742    ] [chunk_21_hyperparam_optimizer.py] [info] [section 2] [TRANSFORMER] [hyperparameter_optimization search] Running Bayesian optimization (5 trials)...
[LN743    ] [chunk_21_hyperparam_optimizer.py] [info] [section 2] [TRANSFORMER] [hyperparameter_optimization search baseline] LABEL_THRESHOLD=20.0
[LN744    ] [chunk_21_hyperparam_optimizer.py] [info] [section 2] [TRANSFORMER] [hyperparameter_optimization search baseline] VALIDATION_PRECISION=0.0000 VALIDATION_TRUE_POSITIVES=0 VALIDATION_TRUE_NEGATIVES=52910 validation_false_positives=8 validation_false_negatives=336 validation_max_prediction=0.5824 validation_mean_prediction=0.0429 validation_recall=0.0000 validation_f1=0.0000 validation_auc=0.8885 validation_specificity=0.9998 validation_false_positive_rate=0.0002 validation_f2=0.0000 validation_mcc=-0.0010 validation_prauc=0.0502 validation_balanced_accuracy=0.4999 validation_brier=0.0103 validation_kappa=-0.0003 validation_informedness=-0.0002 validation_markedness=-0.0002 validation_gini=0.7769 validation_optimal_threshold=0.0634 validation_standard_deviation_prediction=0.0656 validation_percentage_above_threshold=0.02
[LN745    ] [chunk_21_hyperparam_optimizer.py] [info] [section 2] [TRANSFORMER] [hyperparameter_optimization search baseline] TRIAL 1/5: loss_function=focal_loss, dim=64, heads=4, dropout=0.1, learning_rate=0.0002, epochs=20, alpha=1.0, gamma=3.0, ff_dim=64, layers=1
[LN746    ] [chunk_21_hyperparam_optimizer.py] [info] [section 2] [TRANSFORMER] [hyperparameter_optimization search baseline] LABEL_THRESHOLD=20.0
[LN747    ] [chunk_21_hyperparam_optimizer.py] [info] [section 2] [TRANSFORMER] [hyperparameter_optimization search baseline] VALIDATION_PRECISION=0.0227 VALIDATION_TRUE_POSITIVES=300 VALIDATION_TRUE_NEGATIVES=40006 validation_false_positives=12912 validation_false_negatives=36 validation_max_prediction=0.9937 validation_mean_prediction=0.2763 validation_recall=0.8929 validation_f1=0.0443 validation_auc=0.8971 validation_specificity=0.7560 validation_false_positive_rate=0.2440 validation_f2=0.1031 validation_mcc=0.1190 validation_prauc=0.0518 validation_balanced_accuracy=0.8244 validation_brier=0.1653 validation_kappa=0.0324 validation_informedness=0.6489 validation_markedness=-0.2213 validation_gini=0.7942 validation_optimal_threshold=0.5116 validation_standard_deviation_prediction=0.3044 validation_percentage_above_threshold=24.81
[LN748    ] [chunk_21_hyperparam_optimizer.py] [info] [section 2] [TRANSFORMER] [hyperparameter_optimization search baseline] TRIAL 2/5: loss_function=binary_crossentropy, dim=64, heads=2, dropout=0.05, learning_rate=0.0001, epochs=50, alpha=1.0, gamma=1.5, ff_dim=64, layers=1
[LN749    ] [chunk_21_hyperparam_optimizer.py] [info] [section 2] [TRANSFORMER] [hyperparameter_optimization search baseline] LABEL_THRESHOLD=20.0
[LN750    ] [chunk_21_hyperparam_optimizer.py] [info] [section 2] [TRANSFORMER] [hyperparameter_optimization search baseline] VALIDATION_PRECISION=0.0214 VALIDATION_TRUE_POSITIVES=297 VALIDATION_TRUE_NEGATIVES=39323 validation_false_positives=13595 validation_false_negatives=39 validation_max_prediction=0.9588 validation_mean_prediction=0.2722 validation_recall=0.8839 validation_f1=0.0417 validation_auc=0.8874 validation_specificity=0.7431 validation_false_positive_rate=0.2569 validation_f2=0.0975 validation_mcc=0.1131 validation_prauc=0.0403 validation_balanced_accuracy=0.8135 validation_brier=0.1573 validation_kappa=0.0298 validation_informedness=0.6270 validation_markedness=-0.2355 validation_gini=0.7748 validation_optimal_threshold=0.4442 validation_standard_deviation_prediction=0.2935 validation_percentage_above_threshold=26.09
[LN751    ] [chunk_21_hyperparam_optimizer.py] [info] [section 2] [TRANSFORMER] [hyperparameter_optimization search baseline] TRIAL 3/5: loss_function=binary_crossentropy, dim=256, heads=2, dropout=0.1, learning_rate=5e-05, epochs=20, alpha=0.5, gamma=2.5, ff_dim=64, layers=4
[LN752    ] [chunk_21_hyperparam_optimizer.py] [info] [section 2] [TRANSFORMER] [hyperparameter_optimization search baseline] LABEL_THRESHOLD=20.0
[LN753    ] [chunk_21_hyperparam_optimizer.py] [info] [section 2] [TRANSFORMER] [hyperparameter_optimization search baseline] VALIDATION_PRECISION=0.0000 VALIDATION_TRUE_POSITIVES=0 VALIDATION_TRUE_NEGATIVES=52917 validation_false_positives=1 validation_false_negatives=336 validation_max_prediction=0.5215 validation_mean_prediction=0.0257 validation_recall=0.0000 validation_f1=0.0000 validation_auc=0.8849 validation_specificity=1.0000 validation_false_positive_rate=0.0000 validation_f2=0.0000 validation_mcc=-0.0003 validation_prauc=0.0399 validation_balanced_accuracy=0.5000 validation_brier=0.0070 validation_kappa=-0.0000 validation_informedness=-0.0000 validation_markedness=-0.0000 validation_gini=0.7698 validation_optimal_threshold=0.0346 validation_standard_deviation_prediction=0.0338 validation_percentage_above_threshold=0.00
[LN754    ] [chunk_21_hyperparam_optimizer.py] [info] [section 2] [TRANSFORMER] [hyperparameter_optimization search baseline] TRIAL 4/5: loss_function=focal_loss, dim=128, heads=8, dropout=0.2, learning_rate=5e-05, epochs=20, alpha=0.75, gamma=2.0, ff_dim=64, layers=1
[LN755    ] [chunk_21_hyperparam_optimizer.py] [info] [section 2] [TRANSFORMER] [hyperparameter_optimization search baseline] LABEL_THRESHOLD=20.0
[LN756    ] [chunk_21_hyperparam_optimizer.py] [info] [section 2] [TRANSFORMER] [hyperparameter_optimization search baseline] VALIDATION_PRECISION=0.0000 VALIDATION_TRUE_POSITIVES=0 VALIDATION_TRUE_NEGATIVES=52918 validation_false_positives=0 validation_false_negatives=336 validation_max_prediction=0.4052 validation_mean_prediction=0.0512 validation_recall=0.0000 validation_f1=0.0000 validation_auc=0.8844 validation_specificity=1.0000 validation_false_positive_rate=0.0000 validation_f2=0.0000 validation_mcc=0.0000 validation_prauc=0.0408 validation_balanced_accuracy=0.5000 validation_brier=0.0114 validation_kappa=0.0000 validation_informedness=0.0000 validation_markedness=1.0000 validation_gini=0.7689 validation_optimal_threshold=0.0533 validation_standard_deviation_prediction=0.0683 validation_percentage_above_threshold=0.00
[LN757    ] [chunk_21_hyperparam_optimizer.py] [info] [section 2] [TRANSFORMER] [hyperparameter_optimization search baseline] TRIAL 5/5: loss_function=focal_loss, dim=256, heads=2, dropout=0.2, learning_rate=0.0001, epochs=50, alpha=1.25, gamma=3.0, ff_dim=256, layers=2
[LN758    ] [chunk_21_hyperparam_optimizer.py] [info] [section 2] [TRANSFORMER] [best trial] LABEL_THRESHOLD=20.0
[LN759    ] [chunk_21_hyperparam_optimizer.py] [info] [section 2] [TRANSFORMER] [best trial] VALIDATION_PRECISION=0.0227 VALIDATION_TRUE_POSITIVES=300 VALIDATION_TRUE_NEGATIVES=40006 validation_false_positives=12912 validation_false_negatives=36 validation_max_prediction=0.9937 validation_mean_prediction=0.2763 validation_recall=0.8929 validation_f1=0.0443 validation_auc=0.8971 validation_specificity=0.7560 validation_false_positive_rate=0.2440 validation_f2=0.1031 validation_mcc=0.1190 validation_prauc=0.0518 validation_balanced_accuracy=0.8244 validation_brier=0.1653 validation_kappa=0.0324 validation_informedness=0.6489 validation_markedness=-0.2213 validation_gini=0.7942 validation_optimal_threshold=0.5116 validation_standard_deviation_prediction=0.3044 validation_percentage_above_threshold=24.81
[LN760    ] [chunk_21_hyperparam_optimizer.py] [info] [section 2] [TRANSFORMER] [best trial] loss_function=binary_crossentropy, dim=64, heads=2, dropout=0.05, learning_rate=0.0001, epochs=50, alpha=1.0, gamma=1.5, ff_dim=64, layers=1
[LN761    ] [chunk_18_phase_4_ensemble.py] [info]    [diagnostic-hyperparameter_optimization]  cumulative binary_split_predictions (1%) ≤ 0.0110, (5%) ≤ 0.0173, (10%) ≤ 0.0239, (25%) ≤ 0.0412, (50%) ≤ 0.1048, (75%) ≤ 0.4948, (90%) ≤ 0.8120, (95%) ≤ 0.8982, (99%) ≤ 0.9623, max=0.9937 binary_split_predictions distribution: 1% ≤ 0.01, 7% ≤ 0.02, 31% ≤ 0.05, 49% ≤ 0.1, 60% ≤ 0.2, 75% ≤ 0.5, 25% ≥ 0.50
[LN762    ] [chunk_18_phase_4_ensemble.py] [info]    hyperparameter_optimization improved: 0.0227 > 0.0000
[LN763    ] [chunk_18_phase_4_ensemble.py] [info] [section 3] [TRANSFORMER] [HYPERPARAMETER_OPTIMIZATION] LABEL_THRESHOLD=20.0,
[LN764    ] [chunk_18_phase_4_ensemble.py] [info] [section 3] [TRANSFORMER] [HYPERPARAMETER_OPTIMIZATION] VALIDATION_PRECISION=0.0227 VALIDATION_TRUE_POSITIVES=300 VALIDATION_TRUE_NEGATIVES=40006 validation_false_positives=12912 validation_false_negatives=36 validation_max_prediction=0.9937 validation_mean_prediction=0.2763 validation_recall=0.8929 validation_f1=0.0443 validation_auc=0.8971 validation_specificity=0.7560 validation_false_positive_rate=0.2440 validation_f2=0.1031 validation_mcc=0.1190 validation_prauc=0.0518 validation_balanced_accuracy=0.8244 validation_brier=0.1653 validation_kappa=0.0324 validation_informedness=0.6489 validation_markedness=-0.2213 validation_gini=0.7942 validation_optimal_threshold=0.5116 validation_standard_deviation_prediction=0.3044 validation_percentage_above_threshold=24.81
[LN765    ] [chunk_18_phase_4_ensemble.py] [info] [section 3] [TRANSFORMER] [HYPERPARAMETER_OPTIMIZATION] prediction_binary_split=0.50 hyperparams=(loss=binary_crossentropy lr=0.0001 dropout=0.05 alpha=1.0 gamma=1.5 latent_dim=0) improved=True {'loss_function': 'binary_crossentropy', 'dim': 64, 'heads': 2, 'dropout': 0.05, 'learning_rate': 0.0001, 'epochs': 50, 'alpha': 1.0, 'gamma': 1.5, 'ff_dim': 64, 'layers': 1}
[LN766    ] [chunk_18_phase_4_ensemble.py] [info]    Running post hyperparameter_optimization threshold search for Transformer...
[LN767    ] [chunk_12_evaluation_evaluator.py] [info] [TRANSFORMER] label_threshold=20.0 train_below_prediction_binary_split=118,621 train_above_prediction_binary_split=689 train_positive_found=true val_below_prediction_binary_split=52,918 val_above_prediction_binary_split=336 val_positive_found=true
[LN768    ] [chunk_12_evaluation_evaluator.py] [info] [TRANSFORMER] [reject] skipping LABEL_THRESHOLD=20.0: validation_precision=0.0227 <= baseline+0.0200=0.0263
[LN769    ] [chunk_12_evaluation_evaluator.py] [info] [TRANSFORMER] label_threshold=10.0 train_below_prediction_binary_split=116,756 train_above_prediction_binary_split=2,554 train_positive_found=true val_below_prediction_binary_split=52,057 val_above_prediction_binary_split=1,197 val_positive_found=true
[LN770    ] [chunk_12_evaluation_evaluator.py] [info] [TRANSFORMER] [reject] skipping LABEL_THRESHOLD=10.0: validation_precision=0.0323 <= baseline+0.0200=0.0425
[LN771    ] [chunk_12_evaluation_evaluator.py] [info] [TRANSFORMER] label_threshold=0.0 train_below_prediction_binary_split=59,589 train_above_prediction_binary_split=59,721 train_positive_found=true val_below_prediction_binary_split=24,480 val_above_prediction_binary_split=28,774 val_positive_found=true
[LN772    ] [chunk_12_evaluation_evaluator.py] [info] [TRANSFORMER] [diagnostic] LABEL_THRESHOLD=0.0 train_precision=0.4857 train_true_positives=15792 train_true_negatives=42869 train_false_positives=16720 train_false_negatives=43929 train_max_prediction=0.9952 train_mean_prediction=0.3646 train_recall=0.2644 train_f1=0.3424 train_auc=0.4893 train_specificity=0.7194 train_false_positive_rate=0.2806 train_f2=0.2909 train_mcc=-0.0181 train_prauc=0.4916 train_balanced_accuracy=0.4919 train_brier=0.3206 train_kappa=-0.0162 train_informedness=-0.0162 train_markedness=0.2051 train_gini=0.0000 train_optimal_threshold=0.8967 train_standard_deviation_prediction=0.2187 train_percentage_above_threshold=27.25
[LN773    ] [chunk_12_evaluation_evaluator.py] [info] [TRANSFORMER] [diagnostic] LABEL_THRESHOLD=0.0 VALIDATION_PRECISION=0.5505 VALIDATION_TRUE_POSITIVES=11547 VALIDATION_TRUE_NEGATIVES=15052 validation_false_positives=9428 validation_false_negatives=17227 validation_max_prediction=0.9947 validation_mean_prediction=0.4339 validation_recall=0.4013 validation_f1=0.4642 validation_auc=0.5163 validation_specificity=0.6149 validation_false_positive_rate=0.3851 validation_f2=0.4243 validation_mcc=0.0165 validation_prauc=0.5481 validation_balanced_accuracy=0.5081 validation_brier=0.3055 validation_kappa=0.0158 validation_informedness=0.0162 validation_markedness=0.1654 validation_gini=0.0326 validation_optimal_threshold=0.2705 validation_standard_deviation_prediction=0.2276 validation_percentage_above_threshold=39.39
[LN774    ] [chunk_18_phase_4_ensemble.py] [info]    hyperparameter_optimization model threshold search: LABEL_THRESHOLD=20.0, VALIDATION_PRECISION=0.0227
[LN775    ] [chunk_18_phase_4_ensemble.py] [info]    post hyperparameter_optimization threshold search: LABEL_THRESHOLD=0.0, VALIDATION_PRECISION=0.5505
[LN776    ] [chunk_18_phase_4_ensemble.py] [info]    post hyperparameter_optimization improved: using LABEL_THRESHOLD=0.0
[LN777    ] [chunk_18_phase_4_ensemble.py] [info] [section 4] [TRANSFORMER] [post hyperparameter_optimization] [diagnostic]  cumulative binary_split_predictions (1%) ≤ 0.0517, (5%) ≤ 0.0940, (10%) ≤ 0.1338, (25%) ≤ 0.2424, (50%) ≤ 0.4213, (75%) ≤ 0.6124, (90%) ≤ 0.7507, (95%) ≤ 0.8173, (99%) ≤ 0.9173, max=0.9947 binary_split_predictions distribution: 0% ≤ 0.01, 0% ≤ 0.02, 1% ≤ 0.05, 6% ≤ 0.1, 19% ≤ 0.2, 61% ≤ 0.5, 39% ≥ 0.50
[LN778    ] [chunk_18_phase_4_ensemble.py] [info] [section 4] [TRANSFORMER] [post hyperparameter_optimization] LABEL_THRESHOLD=0.0,
[LN779    ] [chunk_18_phase_4_ensemble.py] [info] [section 4] [TRANSFORMER] [post hyperparameter_optimization] VALIDATION_PRECISION=0.5505 VALIDATION_TRUE_POSITIVES=11547 VALIDATION_TRUE_NEGATIVES=15052 validation_false_positives=9428 validation_false_negatives=17227 validation_max_prediction=0.9947 validation_mean_prediction=0.4339 validation_recall=0.4013 validation_f1=0.4642 validation_auc=0.5163 validation_specificity=0.6059 validation_false_positive_rate=0.3941 validation_f2=0.0273 validation_mcc=-0.0050 validation_prauc=0.0065 validation_balanced_accuracy=0.4845 validation_brier=0.2409 validation_kappa=-0.0010 validation_informedness=-0.0310 validation_markedness=-0.3882 validation_gini=0.0000 validation_optimal_threshold=0.7194 validation_standard_deviation_prediction=0.2276 validation_percentage_above_threshold=39.39
[LN780    ] [chunk_18_phase_4_ensemble.py] [info] [section 4] [TRANSFORMER] [post hyperparameter_optimization] prediction_binary_split=0.50 hyperparams=(loss=binary_crossentropy lr=0.0001 dropout=0.05 alpha=1.0 gamma=1.5 latent_dim=64) source=section4
[LN781    ] [chunk_18_phase_4_ensemble.py] [info]    Using post-HPO model at LABEL_THRESHOLD=0.0 (post_hpo_prec=0.5505 > hpo=0.0227, pre_hpo=0.0000)
[LN782    ] [chunk_18_phase_4_ensemble.py] [info]    Train predictions: mean=0.3646, std=0.2187, min=0.0041, max=0.9952
[LN783    ] [chunk_18_phase_4_ensemble.py] [info]    validation predictions:   mean=0.4339, std=0.2276, min=0.0118, max=0.9947
[LN784    ] [chunk_18_phase_4_ensemble.py] [info] [section 5] [TRANSFORMER] [final] [diagnostic] Train  cumulative binary_split_predictions (1%) ≤ 0.0369, (5%) ≤ 0.0712, (10%) ≤ 0.1034, (25%) ≤ 0.1861, (50%) ≤ 0.3243, (75%) ≤ 0.5214, (90%) ≤ 0.6908, (95%) ≤ 0.7713, (99%) ≤ 0.8842, max=0.9952 binary_split_predictions distribution: 0% ≤ 0.01, 0% ≤ 0.02, 2% ≤ 0.05, 9% ≤ 0.1, 28% ≤ 0.2, 73% ≤ 0.5, 27% ≥ 0.50
[LN785    ] [chunk_18_phase_4_ensemble.py] [info] [section 5] [TRANSFORMER] [final] [diagnostic] validation    cumulative binary_split_predictions (1%) ≤ 0.0517, (5%) ≤ 0.0940, (10%) ≤ 0.1338, (25%) ≤ 0.2424, (50%) ≤ 0.4213, (75%) ≤ 0.6124, (90%) ≤ 0.7507, (95%) ≤ 0.8173, (99%) ≤ 0.9173, max=0.9947 binary_split_predictions distribution: 0% ≤ 0.01, 0% ≤ 0.02, 1% ≤ 0.05, 6% ≤ 0.1, 19% ≤ 0.2, 61% ≤ 0.5, 39% ≥ 0.50
[LN786    ] [chunk_18_phase_4_ensemble.py] [info]    Train predictions: 27.25% positive predictions (32,512 / 119,310)
[LN787    ] [chunk_18_phase_4_ensemble.py] [info]    validation predictions:   39.39% positive predictions (20,975 / 53,254)
[LN788    ] [chunk_18_phase_4_ensemble.py] [info]    [diagnostic] prediction_buckets: 0-10:7204, 10-20:7161, 20-30:7665, 30-40:7191, 40-50:6844, 50-60:6174, 60-70:4770, 70-80:2425, 80-90:762, 90-100:0
[LN789    ] [chunk_18_phase_4_ensemble.py] [info] [section 5] [TRANSFORMER] [final] LABEL_THRESHOLD=0.0,
[LN790    ] [chunk_18_phase_4_ensemble.py] [info] [section 5] [TRANSFORMER] [final] train_precision=0.4857 train_true_positives=15792 train_true_negatives=42869 train_false_positives=16720 train_false_negatives=43929 train_max_prediction=0.9952 train_mean_prediction=0.3646 train_recall=0.2644 train_f1=0.3424 train_auc=0.4893 train_specificity=0.7194 train_false_positive_rate=0.2806 train_f2=0.2909 train_mcc=-0.0181 train_prauc=0.4916 train_balanced_accuracy=0.4919 train_standard_deviation_prediction=0.2187 train_percentage_above_threshold=27.25 train_brier=0.3206 train_kappa=-0.0162 train_informedness=-0.0162 train_markedness=0.2051 train_gini=0.0000 train_optimal_threshold=0.8967
[LN791    ] [chunk_18_phase_4_ensemble.py] [info] [section 5] [TRANSFORMER] [final] VALIDATION_PRECISION=0.5505 VALIDATION_TRUE_POSITIVES=11547 VALIDATION_TRUE_NEGATIVES=15052 validation_false_positives=9428 validation_false_negatives=17227 validation_max_prediction=0.9947 validation_mean_prediction=0.4339 validation_recall=0.4013 validation_f1=0.4642 validation_auc=0.5163 validation_specificity=0.6149 validation_false_positive_rate=0.3851 validation_f2=0.4243 validation_mcc=0.0165 validation_prauc=0.5481 validation_balanced_accuracy=0.5081 validation_brier=0.3055 validation_kappa=0.0158 validation_informedness=0.0162 validation_markedness=0.1654 validation_gini=0.0326 validation_optimal_threshold=0.2705 validation_standard_deviation_prediction=0.2276 validation_percentage_above_threshold=39.39
[LN792    ] [chunk_18_phase_4_ensemble.py] [info] [section 5] [TRANSFORMER] [final] prediction_binary_split=0.50 hyperparams=(loss=binary_crossentropy lr=0.0001 dropout=0.05 alpha=1.0 gamma=1.5 latent_dim=64) (using HPO model directly)
[LN793    ] [chunk_18_phase_4_ensemble.py] [info]    Transformer loss=binary_crossentropy pred_threshold=0.5 epochs=50
[LN794    ] [chunk_18_phase_4_ensemble.py] [info]    [Transformer] hyperparameter_optimization: dim=64, heads=2, dropout=0.05, learning_rate=0.0001, alpha=1.0, gamma=1.5, layers=1
[LN795    ] [chunk_18_phase_4_ensemble.py] [info]    Transformer training time: 1240.2s
[LN796    ] [chunk_18_phase_4_ensemble.py] [info] [pass] Transformer trained successfully
[LN797    ] [chunk_18_phase_4_ensemble.py] [info] Running Feature Stability Analysis...
[LN798    ] [chunk_18_phase_4_ensemble.py] [info]    Feature Stability:
[LN799    ] [chunk_18_phase_4_ensemble.py] [info]       Volume: stability=0.008, importance=0.022
[LN800    ] [chunk_18_phase_4_ensemble.py] [info]       52W_Low: stability=0.007, importance=0.022
[LN801    ] [chunk_18_phase_4_ensemble.py] [info]       Change: stability=0.006, importance=0.022
[LN802    ] [chunk_18_phase_4_ensemble.py] [info]       Market_Cap: stability=0.005, importance=0.022
[LN803    ] [chunk_18_phase_4_ensemble.py] [info]       Avg_Volume: stability=0.004, importance=0.022
[LN804    ] [chunk_18_phase_4_ensemble.py] [info]       RSI_14: stability=0.003, importance=0.022
[LN805    ] [chunk_18_phase_4_ensemble.py] [info]       Perf_Week: stability=0.003, importance=0.022
[LN806    ] [chunk_18_phase_4_ensemble.py] [info]       52W_High: stability=0.003, importance=0.022
[LN807    ] [chunk_18_phase_4_ensemble.py] [info]       Ticker_id: stability=0.003, importance=0.022
[LN808    ] [chunk_18_phase_4_ensemble.py] [info]       SMA20: stability=0.003, importance=0.022
[LN809    ] [chunk_18_phase_4_ensemble.py] [info]       SMA200: stability=0.002, importance=0.022
[LN810    ] [chunk_18_phase_4_ensemble.py] [info]       Perf_Quarter: stability=0.002, importance=0.022
[LN811    ] [chunk_18_phase_4_ensemble.py] [info]       Perf_Year: stability=0.002, importance=0.022
[LN812    ] [chunk_18_phase_4_ensemble.py] [info]       Perf_YTD: stability=0.002, importance=0.022
[LN813    ] [chunk_18_phase_4_ensemble.py] [info]       Perf_Month: stability=0.001, importance=0.022
[LN814    ] [chunk_18_phase_4_ensemble.py] [info]       Perf_Half_Y: stability=0.001, importance=0.022
[LN815    ] [chunk_18_phase_4_ensemble.py] [info]       SMA50: stability=0.001, importance=0.022
[LN816    ] [chunk_18_phase_4_ensemble.py] [info]       Volume_to_Avg_Volume: stability=0.000, importance=0.022
[LN817    ] [chunk_18_phase_4_ensemble.py] [info]       ATR: stability=0.000, importance=0.022
[LN818    ] [chunk_18_phase_4_ensemble.py] [info]       Rel_Volume: stability=0.000, importance=0.022
[LN819    ] [chunk_18_phase_4_ensemble.py] [info]       Price_to_52W_Low: stability=0.000, importance=0.022
[LN820    ] [chunk_18_phase_4_ensemble.py] [info]       Price_to_52W_High: stability=0.000, importance=0.022
[LN821    ] [chunk_18_phase_4_ensemble.py] [info]       Price: stability=0.000, importance=0.022
[LN822    ] [chunk_18_phase_4_ensemble.py] [info]       Prev_Close: stability=0.000, importance=0.022
[LN823    ] [chunk_18_phase_4_ensemble.py] [info] Measuring Inference Latency...
[LN824    ] [chunk_18_phase_4_ensemble.py] [info]    Inference latency: 0.001 ms/sample (10000 samples)
[LN825    ] [chunk_18_phase_4_ensemble.py] [info] Running Sliding Window Validation...
[LN826    ] [chunk_18_phase_4_ensemble.py] [info]    sliding window: train_samples=125233, validation_samples=59175
[LN827    ] [chunk_18_phase_4_ensemble.py] [info]    Sliding Window validation: validation_precision=0.0053 validation_recall=0.3887 validation_f1=0.0106
[LN828    ] [chunk_18_phase_4_ensemble.py] [info]    temporal drift: Significant precision drift: -50.7% change (performance degrading over time)
[LN829    ] [chunk_18_phase_4_ensemble.py] [info]    drift: stability_score=0.670
[LN830    ] [chunk_18_phase_4_ensemble.py] [info] Running Permutation Importance on all trained models...
[LN831    ] [chunk_18_phase_4_ensemble.py] [info]    CatBoost Permutation Importance:
[LN832    ] [chunk_18_phase_4_ensemble.py] [info]       Ticker_id: 0.0023
[LN833    ] [chunk_18_phase_4_ensemble.py] [info]       SMA20: 0.0019
[LN834    ] [chunk_18_phase_4_ensemble.py] [info]       Perf_Quarter: 0.0012
[LN835    ] [chunk_18_phase_4_ensemble.py] [info]       SMA200: 0.0009
[LN836    ] [chunk_18_phase_4_ensemble.py] [info]       Perf_YTD: 0.0003
[LN837    ] [chunk_18_phase_4_ensemble.py] [info]       Perf_Year: 0.0002
[LN838    ] [chunk_18_phase_4_ensemble.py] [info]       SMA50: 0.0001
[LN839    ] [chunk_18_phase_4_ensemble.py] [info]       Perf_Half_Y: -0.0004
[LN840    ] [chunk_18_phase_4_ensemble.py] [info]       Perf_Week: -0.0007
[LN841    ] [chunk_18_phase_4_ensemble.py] [info]       52W_High: -0.0008
[LN842    ] [chunk_18_phase_4_ensemble.py] [info]       ATR: -0.0015
[LN843    ] [chunk_18_phase_4_ensemble.py] [info]       Volume: -0.0017
[LN844    ] [chunk_18_phase_4_ensemble.py] [info]       RSI_14: -0.0020
[LN845    ] [chunk_18_phase_4_ensemble.py] [info]       52W_Low: -0.0021
[LN846    ] [chunk_18_phase_4_ensemble.py] [info]       Market_Cap: -0.0023
[LN847    ] [chunk_18_phase_4_ensemble.py] [info]       Perf_Month: -0.0030
[LN848    ] [chunk_18_phase_4_ensemble.py] [info]       Avg_Volume: -0.0049
[LN849    ] [chunk_18_phase_4_ensemble.py] [info]       Prev_Close: -0.0056
[LN850    ] [chunk_18_phase_4_ensemble.py] [info]       Price: -0.0098
[LN851    ] [chunk_18_phase_4_ensemble.py] [info]    CatBoost [advanced] entropy=35430.5148, LogitComp=1.99, MI=0.0006
[LN852    ] [chunk_18_phase_4_ensemble.py] [info]    CatBoost [advanced] KS-stat=0.0507 (poor_separation), bhattacharyya=-3.1213
[LN853    ] [chunk_18_phase_4_ensemble.py] [info]    LightGBM Permutation Importance:
[LN854    ] [chunk_18_phase_4_ensemble.py] [info]       SMA200: 0.0035
[LN855    ] [chunk_18_phase_4_ensemble.py] [info]       Ticker_id: 0.0027
[LN856    ] [chunk_18_phase_4_ensemble.py] [info]       SMA20: 0.0011
[LN857    ] [chunk_18_phase_4_ensemble.py] [info]       Perf_Quarter: 0.0000
[LN858    ] [chunk_18_phase_4_ensemble.py] [info]       SMA50: -0.0003
[LN859    ] [chunk_18_phase_4_ensemble.py] [info]       Perf_YTD: -0.0003
[LN860    ] [chunk_18_phase_4_ensemble.py] [info]       Perf_Week: -0.0005
[LN861    ] [chunk_18_phase_4_ensemble.py] [info]       Perf_Year: -0.0007
[LN862    ] [chunk_18_phase_4_ensemble.py] [info]       Volume: -0.0026
[LN863    ] [chunk_18_phase_4_ensemble.py] [info]       Market_Cap: -0.0028
[LN864    ] [chunk_18_phase_4_ensemble.py] [info]       52W_High: -0.0031
[LN865    ] [chunk_18_phase_4_ensemble.py] [info]       Perf_Half_Y: -0.0034
[LN866    ] [chunk_18_phase_4_ensemble.py] [info]       RSI_14: -0.0036
[LN867    ] [chunk_18_phase_4_ensemble.py] [info]       52W_Low: -0.0043
[LN868    ] [chunk_18_phase_4_ensemble.py] [info]       Prev_Close: -0.0051
[LN869    ] [chunk_18_phase_4_ensemble.py] [info]       Avg_Volume: -0.0064
[LN870    ] [chunk_18_phase_4_ensemble.py] [info]       ATR: -0.0073
[LN871    ] [chunk_18_phase_4_ensemble.py] [info]       Perf_Month: -0.0079
[LN872    ] [chunk_18_phase_4_ensemble.py] [info]       Price: -0.0096
[LN873    ] [chunk_18_phase_4_ensemble.py] [info]    LightGBM [advanced] entropy=34302.4290, LogitComp=2.02, MI=0.0004
[LN874    ] [chunk_18_phase_4_ensemble.py] [info]    LightGBM [advanced] KS-stat=0.0406 (poor_separation), bhattacharyya=-3.0876
[LN875    ] [chunk_18_phase_4_ensemble.py] [info]    XGBoost Permutation Importance:
[LN876    ] [chunk_18_phase_4_ensemble.py] [info]       Perf_Quarter: 0.0245
[LN877    ] [chunk_18_phase_4_ensemble.py] [info]       SMA200: 0.0243
[LN878    ] [chunk_18_phase_4_ensemble.py] [info]       Market_Cap: 0.0171
[LN879    ] [chunk_18_phase_4_ensemble.py] [info]       Volume: 0.0162
[LN880    ] [chunk_18_phase_4_ensemble.py] [info]       52W_High: 0.0154
[LN881    ] [chunk_18_phase_4_ensemble.py] [info]       SMA50: 0.0152
[LN882    ] [chunk_18_phase_4_ensemble.py] [info]       SMA20: 0.0097
[LN883    ] [chunk_18_phase_4_ensemble.py] [info]       Perf_Week: 0.0060
[LN884    ] [chunk_18_phase_4_ensemble.py] [info]       52W_Low: 0.0036
[LN885    ] [chunk_18_phase_4_ensemble.py] [info]       Prev_Close: 0.0027
[LN886    ] [chunk_18_phase_4_ensemble.py] [info]       Perf_YTD: -0.0010
[LN887    ] [chunk_18_phase_4_ensemble.py] [info]       ATR: -0.0015
[LN888    ] [chunk_18_phase_4_ensemble.py] [info]       Price: -0.0019
[LN889    ] [chunk_18_phase_4_ensemble.py] [info]       Avg_Volume: -0.0096
[LN890    ] [chunk_18_phase_4_ensemble.py] [info]       RSI_14: -0.0124
[LN891    ] [chunk_18_phase_4_ensemble.py] [info]       Perf_Half_Y: -0.0144
[LN892    ] [chunk_18_phase_4_ensemble.py] [info]       Perf_Month: -0.0149
[LN893    ] [chunk_18_phase_4_ensemble.py] [info]       Ticker_id: -0.0237
[LN894    ] [chunk_18_phase_4_ensemble.py] [info]       Perf_Year: -0.0324
[LN895    ] [chunk_18_phase_4_ensemble.py] [info]    XGBoost [advanced] entropy=7943.8286, LogitComp=2.66, MI=0.0007
[LN896    ] [chunk_18_phase_4_ensemble.py] [info]    XGBoost [advanced] KS-stat=0.0869 (poor_separation), bhattacharyya=-3.0141
[LN897    ] [chunk_18_phase_4_ensemble.py] [info]    Dense Permutation Importance:
[LN898    ] [chunk_18_phase_4_ensemble.py] [info]       Prev_Close: 0.0072
[LN899    ] [chunk_18_phase_4_ensemble.py] [info]       SMA50: 0.0054
[LN900    ] [chunk_18_phase_4_ensemble.py] [info]       Price: 0.0035
[LN901    ] [chunk_18_phase_4_ensemble.py] [info]       Perf_Half_Y: 0.0033
[LN902    ] [chunk_18_phase_4_ensemble.py] [info]       SMA20: 0.0025
[LN903    ] [chunk_18_phase_4_ensemble.py] [info]       Avg_Volume: 0.0021
[LN904    ] [chunk_18_phase_4_ensemble.py] [info]       Ticker_id: 0.0011
[LN905    ] [chunk_18_phase_4_ensemble.py] [info]       Volume: 0.0003
[LN906    ] [chunk_18_phase_4_ensemble.py] [info]       Perf_Year: -0.0001
[LN907    ] [chunk_18_phase_4_ensemble.py] [info]       Perf_Week: -0.0006
[LN908    ] [chunk_18_phase_4_ensemble.py] [info]       Perf_YTD: -0.0013
[LN909    ] [chunk_18_phase_4_ensemble.py] [info]       52W_Low: -0.0030
[LN910    ] [chunk_18_phase_4_ensemble.py] [info]       ATR: -0.0034
[LN911    ] [chunk_18_phase_4_ensemble.py] [info]       Perf_Month: -0.0040
[LN912    ] [chunk_18_phase_4_ensemble.py] [info]       52W_High: -0.0047
[LN913    ] [chunk_18_phase_4_ensemble.py] [info]       RSI_14: -0.0051
[LN914    ] [chunk_18_phase_4_ensemble.py] [info]       Perf_Quarter: -0.0052
[LN915    ] [chunk_18_phase_4_ensemble.py] [info]       SMA200: -0.0054
[LN916    ] [chunk_18_phase_4_ensemble.py] [info]       Market_Cap: -0.0112
[LN917    ] [chunk_18_phase_4_ensemble.py] [info]    Dense [advanced] entropy=nan, LogitComp=2.49, MI=0.0002
[LN918    ] [chunk_18_phase_4_ensemble.py] [info]    Dense [advanced] KS-stat=0.0406 (poor_separation), bhattacharyya=-2.9939
[LN919    ] [chunk_18_phase_4_ensemble.py] [info]    CNN Permutation Importance:
[LN920    ] [chunk_18_phase_4_ensemble.py] [info]       Prev_Close: 0.0034
[LN921    ] [chunk_18_phase_4_ensemble.py] [info]       Volume: 0.0029
[LN922    ] [chunk_18_phase_4_ensemble.py] [info]       Perf_Half_Y: 0.0025
[LN923    ] [chunk_18_phase_4_ensemble.py] [info]       Perf_Quarter: 0.0014
[LN924    ] [chunk_18_phase_4_ensemble.py] [info]       SMA50: 0.0013
[LN925    ] [chunk_18_phase_4_ensemble.py] [info]       Perf_Year: 0.0003
[LN926    ] [chunk_18_phase_4_ensemble.py] [info]       Market_Cap: 0.0002
[LN927    ] [chunk_18_phase_4_ensemble.py] [info]       52W_Low: 0.0000
[LN928    ] [chunk_18_phase_4_ensemble.py] [info]       Perf_Month: -0.0005
[LN929    ] [chunk_18_phase_4_ensemble.py] [info]       52W_High: -0.0005
[LN930    ] [chunk_18_phase_4_ensemble.py] [info]       Avg_Volume: -0.0007
[LN931    ] [chunk_18_phase_4_ensemble.py] [info]       Ticker_id: -0.0011
[LN932    ] [chunk_18_phase_4_ensemble.py] [info]       SMA20: -0.0017
[LN933    ] [chunk_18_phase_4_ensemble.py] [info]       RSI_14: -0.0018
[LN934    ] [chunk_18_phase_4_ensemble.py] [info]       SMA200: -0.0019
[LN935    ] [chunk_18_phase_4_ensemble.py] [info]       ATR: -0.0021
[LN936    ] [chunk_18_phase_4_ensemble.py] [info]       Perf_Week: -0.0024
[LN937    ] [chunk_18_phase_4_ensemble.py] [info]       Price: -0.0032
[LN938    ] [chunk_18_phase_4_ensemble.py] [info]       Perf_YTD: -0.0049
[LN939    ] [chunk_18_phase_4_ensemble.py] [info]    CNN [advanced] entropy=nan, LogitComp=1.96, MI=0.0001
[LN940    ] [chunk_18_phase_4_ensemble.py] [info]    CNN [advanced] KS-stat=0.0232 (poor_separation), bhattacharyya=-2.9944
[LN941    ] [chunk_18_phase_4_ensemble.py] [info]    RNN Permutation Importance:
[LN942    ] [chunk_18_phase_4_ensemble.py] [info]       Volume: 0.0021
[LN943    ] [chunk_18_phase_4_ensemble.py] [info]       Perf_Half_Y: 0.0012
[LN944    ] [chunk_18_phase_4_ensemble.py] [info]       SMA50: 0.0012
[LN945    ] [chunk_18_phase_4_ensemble.py] [info]       52W_Low: 0.0000
[LN946    ] [chunk_18_phase_4_ensemble.py] [info]       Prev_Close: -0.0005
[LN947    ] [chunk_18_phase_4_ensemble.py] [info]       Perf_Year: -0.0006
[LN948    ] [chunk_18_phase_4_ensemble.py] [info]       Perf_Month: -0.0011
[LN949    ] [chunk_18_phase_4_ensemble.py] [info]       Price: -0.0012
[LN950    ] [chunk_18_phase_4_ensemble.py] [info]       SMA20: -0.0013
[LN951    ] [chunk_18_phase_4_ensemble.py] [info]       ATR: -0.0014
[LN952    ] [chunk_18_phase_4_ensemble.py] [info]       Avg_Volume: -0.0016
[LN953    ] [chunk_18_phase_4_ensemble.py] [info]       RSI_14: -0.0020
[LN954    ] [chunk_18_phase_4_ensemble.py] [info]       Perf_Quarter: -0.0020
[LN955    ] [chunk_18_phase_4_ensemble.py] [info]       SMA200: -0.0022
[LN956    ] [chunk_18_phase_4_ensemble.py] [info]       Perf_YTD: -0.0026
[LN957    ] [chunk_18_phase_4_ensemble.py] [info]       52W_High: -0.0031
[LN958    ] [chunk_18_phase_4_ensemble.py] [info]       Ticker_id: -0.0033
[LN959    ] [chunk_18_phase_4_ensemble.py] [info]       Perf_Week: -0.0038
[LN960    ] [chunk_18_phase_4_ensemble.py] [info]       Market_Cap: -0.0048
[LN961    ] [chunk_18_phase_4_ensemble.py] [info]    RNN [advanced] entropy=18901.5820, LogitComp=1.75, MI=0.0001
[LN962    ] [chunk_18_phase_4_ensemble.py] [info]    RNN [advanced] KS-stat=0.0400 (poor_separation), bhattacharyya=-3.0767
[LN963    ] [chunk_18_phase_4_ensemble.py] [info]    LSTM Permutation Importance:
[LN964    ] [chunk_18_phase_4_ensemble.py] [info]       52W_Low: 0.0042
[LN965    ] [chunk_18_phase_4_ensemble.py] [info]       Prev_Close: 0.0035
[LN966    ] [chunk_18_phase_4_ensemble.py] [info]       ATR: 0.0022
[LN967    ] [chunk_18_phase_4_ensemble.py] [info]       Perf_Quarter: 0.0018
[LN968    ] [chunk_18_phase_4_ensemble.py] [info]       SMA50: 0.0016
[LN969    ] [chunk_18_phase_4_ensemble.py] [info]       Perf_YTD: 0.0013
[LN970    ] [chunk_18_phase_4_ensemble.py] [info]       SMA20: 0.0011
[LN971    ] [chunk_18_phase_4_ensemble.py] [info]       Avg_Volume: 0.0003
[LN972    ] [chunk_18_phase_4_ensemble.py] [info]       52W_High: 0.0003
[LN973    ] [chunk_18_phase_4_ensemble.py] [info]       Perf_Half_Y: 0.0003
[LN974    ] [chunk_18_phase_4_ensemble.py] [info]       Perf_Month: 0.0003
[LN975    ] [chunk_18_phase_4_ensemble.py] [info]       RSI_14: 0.0002
[LN976    ] [chunk_18_phase_4_ensemble.py] [info]       Perf_Year: 0.0002
[LN977    ] [chunk_18_phase_4_ensemble.py] [info]       Volume: -0.0001
[LN978    ] [chunk_18_phase_4_ensemble.py] [info]       SMA200: -0.0003
[LN979    ] [chunk_18_phase_4_ensemble.py] [info]       Price: -0.0003
[LN980    ] [chunk_18_phase_4_ensemble.py] [info]       Ticker_id: -0.0013
[LN981    ] [chunk_18_phase_4_ensemble.py] [info]       Perf_Week: -0.0027
[LN982    ] [chunk_18_phase_4_ensemble.py] [info]       Market_Cap: -0.0041
[LN983    ] [chunk_18_phase_4_ensemble.py] [info]    LSTM [advanced] entropy=21134.6562, LogitComp=2.00, MI=0.0000
[LN984    ] [chunk_18_phase_4_ensemble.py] [info]    LSTM [advanced] KS-stat=0.0297 (poor_separation), bhattacharyya=-3.0067
[LN985    ] [chunk_18_phase_4_ensemble.py] [info]    VAE Permutation Importance:
[LN986    ] [chunk_18_phase_4_ensemble.py] [info]       Volume: 0.0004
[LN987    ] [chunk_18_phase_4_ensemble.py] [info]       52W_High: -0.0002
[LN988    ] [chunk_18_phase_4_ensemble.py] [info]       RSI_14: -0.0003
[LN989    ] [chunk_18_phase_4_ensemble.py] [info]       Perf_Half_Y: -0.0007
[LN990    ] [chunk_18_phase_4_ensemble.py] [info]       Perf_Week: -0.0008
[LN991    ] [chunk_18_phase_4_ensemble.py] [info]       ATR: -0.0010
[LN992    ] [chunk_18_phase_4_ensemble.py] [info]       Perf_Quarter: -0.0011
[LN993    ] [chunk_18_phase_4_ensemble.py] [info]       SMA20: -0.0013
[LN994    ] [chunk_18_phase_4_ensemble.py] [info]       Price: -0.0014
[LN995    ] [chunk_18_phase_4_ensemble.py] [info]       Market_Cap: -0.0015
[LN996    ] [chunk_18_phase_4_ensemble.py] [info]       Prev_Close: -0.0015
[LN997    ] [chunk_18_phase_4_ensemble.py] [info]       52W_Low: -0.0017
[LN998    ] [chunk_18_phase_4_ensemble.py] [info]       SMA50: -0.0020
[LN999    ] [chunk_18_phase_4_ensemble.py] [info]       Perf_Year: -0.0021
[LN1000   ] [chunk_18_phase_4_ensemble.py] [info]       Avg_Volume: -0.0024
[LN1001   ] [chunk_18_phase_4_ensemble.py] [info]       SMA200: -0.0026
[LN1002   ] [chunk_18_phase_4_ensemble.py] [info]       Perf_YTD: -0.0030
[LN1003   ] [chunk_18_phase_4_ensemble.py] [info]       Ticker_id: -0.0033
[LN1004   ] [chunk_18_phase_4_ensemble.py] [info]       Perf_Month: -0.0036
[LN1005   ] [chunk_18_phase_4_ensemble.py] [info]    VAE [advanced] entropy=36877.3906, LogitComp=1.16, MI=0.0000
[LN1006   ] [chunk_18_phase_4_ensemble.py] [info]    VAE [advanced] KS-stat=0.0086 (poor_separation), bhattacharyya=-4.7538
[LN1007   ] [chunk_18_phase_4_ensemble.py] [info]    Transformer Permutation Importance:
[LN1008   ] [chunk_18_phase_4_ensemble.py] [info]       Price: 0.0088
[LN1009   ] [chunk_18_phase_4_ensemble.py] [info]       Volume: 0.0055
[LN1010   ] [chunk_18_phase_4_ensemble.py] [info]       52W_Low: 0.0049
[LN1011   ] [chunk_18_phase_4_ensemble.py] [info]       SMA50: 0.0046
[LN1012   ] [chunk_18_phase_4_ensemble.py] [info]       Market_Cap: 0.0040
[LN1013   ] [chunk_18_phase_4_ensemble.py] [info]       Prev_Close: 0.0024
[LN1014   ] [chunk_18_phase_4_ensemble.py] [info]       Perf_Year: 0.0007
[LN1015   ] [chunk_18_phase_4_ensemble.py] [info]       Perf_Month: 0.0004
[LN1016   ] [chunk_18_phase_4_ensemble.py] [info]       Perf_Quarter: 0.0001
[LN1017   ] [chunk_18_phase_4_ensemble.py] [info]       Avg_Volume: -0.0001
[LN1018   ] [chunk_18_phase_4_ensemble.py] [info]       Perf_Half_Y: -0.0002
[LN1019   ] [chunk_18_phase_4_ensemble.py] [info]       Perf_Week: -0.0002
[LN1020   ] [chunk_18_phase_4_ensemble.py] [info]       RSI_14: -0.0002
[LN1021   ] [chunk_18_phase_4_ensemble.py] [info]       Perf_YTD: -0.0003
[LN1022   ] [chunk_18_phase_4_ensemble.py] [info]       SMA20: -0.0017
[LN1023   ] [chunk_18_phase_4_ensemble.py] [info]       52W_High: -0.0017
[LN1024   ] [chunk_18_phase_4_ensemble.py] [info]       Ticker_id: -0.0031
[LN1025   ] [chunk_18_phase_4_ensemble.py] [info]       SMA200: -0.0063
[LN1026   ] [chunk_18_phase_4_ensemble.py] [info]       ATR: -0.0082
[LN1027   ] [chunk_18_phase_4_ensemble.py] [info]    Transformer [advanced] entropy=30063.8457, LogitComp=2.07, MI=0.0001
[LN1028   ] [chunk_18_phase_4_ensemble.py] [info]    Transformer [advanced] KS-stat=0.0326 (poor_separation), bhattacharyya=-3.0127
[LN1029   ] [chunk_18_phase_4_ensemble.py] [info] Filtering architectures by minimum validation_precision > 0.53:
[LN1030   ] [chunk_18_phase_4_ensemble.py] [info]   CatBoost: validation_precision=0.5225 FAIL (Minimum Validation_Precision Required=0.53)
[LN1031   ] [chunk_18_phase_4_ensemble.py] [info]   LightGBM: validation_precision=0.5253 FAIL (Minimum Validation_Precision Required=0.53)
[LN1032   ] [chunk_18_phase_4_ensemble.py] [info]   XGBoost: validation_precision=0.0867 FAIL (Minimum Validation_Precision Required=0.53)
[LN1033   ] [chunk_18_phase_4_ensemble.py] [info]   Dense: validation_precision=0.5203 FAIL (Minimum Validation_Precision Required=0.53)
[LN1034   ] [chunk_18_phase_4_ensemble.py] [info]   CNN: validation_precision=0.0000 FAIL (Minimum Validation_Precision Required=0.53)
[LN1035   ] [chunk_18_phase_4_ensemble.py] [info]   RNN: validation_precision=0.5296 FAIL (Minimum Validation_Precision Required=0.53)
[LN1036   ] [chunk_18_phase_4_ensemble.py] [info]   LSTM: validation_precision=0.5305 PASS (Minimum Validation_Precision Required=0.53)
[LN1037   ] [chunk_18_phase_4_ensemble.py] [info]   VAE: validation_precision=0.5449 PASS (Minimum Validation_Precision Required=0.53)
[LN1038   ] [chunk_18_phase_4_ensemble.py] [info]   Transformer: validation_precision=0.5505 PASS (Minimum Validation_Precision Required=0.53)
[LN1039   ] [chunk_18_phase_4_ensemble.py] [info] ensemble: 3 architectures (LSTM, VAE, Transformer)
[LN1040   ] [chunk_18_phase_4_ensemble.py] [info]    [diagnostic-ensemble]  cumulative binary_split_predictions (1%) ≤ 0.1954, (5%) ≤ 0.2152, (10%) ≤ 0.2323, (25%) ≤ 0.2863, (50%) ≤ 0.3817, (75%) ≤ 0.5289, (90%) ≤ 0.6277, (95%) ≤ 0.6649, (99%) ≤ 0.7140, max=0.8063 binary_split_predictions distribution: 0% ≤ 0.01, 0% ≤ 0.02, 0% ≤ 0.05, 0% ≤ 0.1, 2% ≤ 0.2, 71% ≤ 0.5, 29% ≥ 0.50
[LN1041   ] [chunk_18_phase_4_ensemble.py] [info] Ensemble precision (validation): 0.5386 (LABEL_THRESHOLD=0.0, prediction_binary_split=0.50)
[LN1042   ] [chunk_18_phase_4_ensemble.py] [info] ARCHITECTURE RANKING (by validation_precision)
[LN1043   ] [chunk_18_phase_4_ensemble.py] [info] 1. Transformer  label_threshold=0.0 validation_precision=0.5505 VALIDATION_TRUE_POSITIVES=11547 VALIDATION_TRUE_NEGATIVES=15052 validation_false_positives=9428 validation_false_negatives=17227 validation_max_prediction=0.9947 validation_mean_prediction=0.4339 validation_recall=0.4013 validation_f1=0.4642 validation_auc=0.5163 validation_specificity=0.6149 validation_false_positive_rate=0.3851 validation_f2=0.4243 validation_mcc=0.0165 validation_prauc=0.5481 validation_balanced_accuracy=0.5081 validation_brier=0.3055 validation_kappa=0.0158 validation_informedness=0.0162 validation_markedness=0.1654 validation_gini=0.0326 validation_optimal_threshold=0.2705 validation_standard_deviation_prediction=0.2276 validation_percentage_above_threshold=39.39
[LN1044   ] [chunk_18_phase_4_ensemble.py] [info] 2. VAE          label_threshold=0.0 validation_precision=0.5449 VALIDATION_TRUE_POSITIVES=11846 VALIDATION_TRUE_NEGATIVES=14586 validation_false_positives=9894 validation_false_negatives=16928 validation_max_prediction=0.5790 validation_mean_prediction=0.4958 validation_recall=0.4117 validation_f1=0.4690 validation_auc=0.5043 validation_specificity=0.5930 validation_false_positive_rate=0.4070 validation_f2=0.4268 validation_mcc=-0.0014 validation_prauc=0.5380 validation_balanced_accuracy=0.4993 validation_brier=0.2507 validation_kappa=-0.0014 validation_informedness=-0.0014 validation_markedness=0.1324 validation_gini=0.0000 validation_optimal_threshold=0.4573 validation_standard_deviation_prediction=0.0175 validation_percentage_above_threshold=40.63
[LN1045   ] [chunk_18_phase_4_ensemble.py] [info] 3. LSTM         label_threshold=0.0 validation_precision=0.5305 VALIDATION_TRUE_POSITIVES=7746 VALIDATION_TRUE_NEGATIVES=17626 validation_false_positives=6854 validation_false_negatives=21028 validation_max_prediction=0.9363 validation_mean_prediction=0.2958 validation_recall=0.2692 validation_f1=0.3572 validation_auc=0.5000 validation_specificity=0.7200 validation_false_positive_rate=0.2800 validation_f2=0.2986 validation_mcc=-0.0120 validation_prauc=0.5364 validation_balanced_accuracy=0.4946 validation_brier=0.3850 validation_kappa=-0.0103 validation_informedness=-0.0108 validation_markedness=0.2506 validation_gini=0.0000 validation_optimal_threshold=0.0722 validation_standard_deviation_prediction=0.2730 validation_percentage_above_threshold=27.42
[LN1046   ] [chunk_18_phase_4_ensemble.py] [info] 4. RNN          label_threshold=0.0 validation_precision=0.5296 VALIDATION_TRUE_POSITIVES=8126 VALIDATION_TRUE_NEGATIVES=17261 validation_false_positives=7219 validation_false_negatives=20648 validation_max_prediction=0.8993 validation_mean_prediction=0.2877 validation_recall=0.2824 validation_f1=0.3684 validation_auc=0.5069 validation_specificity=0.7051 validation_false_positive_rate=0.2949 validation_f2=0.3115 validation_mcc=-0.0137 validation_prauc=0.5337 validation_balanced_accuracy=0.4938 validation_brier=0.4050 validation_kappa=-0.0120 validation_informedness=-0.0125 validation_markedness=0.2347 validation_gini=0.0137 validation_optimal_threshold=0.0343 validation_standard_deviation_prediction=0.3009 validation_percentage_above_threshold=28.81
[LN1047   ] [chunk_18_phase_4_ensemble.py] [info] 5. LightGBM     label_threshold=0.0 validation_precision=0.5253 VALIDATION_TRUE_POSITIVES=13206 VALIDATION_TRUE_NEGATIVES=12545 validation_false_positives=11935 validation_false_negatives=15568 validation_max_prediction=0.9957 validation_mean_prediction=0.4937 validation_recall=0.4590 validation_f1=0.4899 validation_auc=0.4811 validation_specificity=0.5125 validation_false_positive_rate=0.4875 validation_f2=0.4708 validation_mcc=-0.0285 validation_prauc=0.5488 validation_balanced_accuracy=0.4857 validation_brier=0.2769 validation_kappa=-0.0283 validation_informedness=-0.0286 validation_markedness=0.0377 validation_gini=0.0000 validation_optimal_threshold=0.7491 validation_standard_deviation_prediction=0.1523 validation_percentage_above_threshold=47.21
[LN1048   ] [chunk_18_phase_4_ensemble.py] [info] 6. CatBoost     label_threshold=0.0 validation_precision=0.5225 VALIDATION_TRUE_POSITIVES=12980 VALIDATION_TRUE_NEGATIVES=12618 validation_false_positives=11862 validation_false_negatives=15794 validation_max_prediction=0.9905 validation_mean_prediction=0.4989 validation_recall=0.4511 validation_f1=0.4842 validation_auc=0.4765 validation_specificity=0.5154 validation_false_positive_rate=0.4846 validation_f2=0.4638 validation_mcc=-0.0334 validation_prauc=0.5466 validation_balanced_accuracy=0.4833 validation_brier=0.2656 validation_kappa=-0.0331 validation_informedness=-0.0335 validation_markedness=0.0379 validation_gini=0.0000 validation_optimal_threshold=0.6930 validation_standard_deviation_prediction=0.1153 validation_percentage_above_threshold=46.65
[LN1049   ] [chunk_18_phase_4_ensemble.py] [info] 7. Dense        label_threshold=0.0 validation_precision=0.5203 VALIDATION_TRUE_POSITIVES=1228 VALIDATION_TRUE_NEGATIVES=23348 validation_false_positives=1132 validation_false_negatives=27546 validation_max_prediction=0.8283 validation_mean_prediction=0.1523 validation_recall=0.0427 validation_f1=0.0789 validation_auc=0.5223 validation_specificity=0.9538 validation_false_positive_rate=0.0462 validation_f2=0.0523 validation_mcc=-0.0086 validation_prauc=0.5493 validation_balanced_accuracy=0.4982 validation_brier=0.4195 validation_kappa=-0.0033 validation_informedness=-0.0036 validation_markedness=0.4741 validation_gini=0.0447 validation_optimal_threshold=0.1010 validation_standard_deviation_prediction=0.1539 validation_percentage_above_threshold=4.43
[LN1050   ] [chunk_18_phase_4_ensemble.py] [info] 8. XGBoost      label_threshold=10.0 validation_precision=0.0867 VALIDATION_TRUE_POSITIVES=253 VALIDATION_TRUE_NEGATIVES=49392 validation_false_positives=2665 validation_false_negatives=944 validation_max_prediction=0.9831 validation_mean_prediction=0.0843 validation_recall=0.2114 validation_f1=0.1230 validation_auc=0.8283 validation_specificity=0.9488 validation_false_positive_rate=0.0512 validation_f2=0.1642 validation_mcc=0.1043 validation_prauc=0.0762 validation_balanced_accuracy=0.5801 validation_brier=0.0490 validation_kappa=0.0941 validation_informedness=0.1602 validation_markedness=0.0355 validation_gini=0.6567 validation_optimal_threshold=0.0156 validation_standard_deviation_prediction=0.1784 validation_percentage_above_threshold=5.48
[LN1051   ] [chunk_18_phase_4_ensemble.py] [info] 9. CNN          label_threshold=20.0 validation_precision=0.0000 VALIDATION_TRUE_POSITIVES=0 VALIDATION_TRUE_NEGATIVES=52918 validation_false_positives=0 validation_false_negatives=336 validation_max_prediction=0.8290 validation_mean_prediction=0.5203 validation_recall=0.0000 validation_f1=0.0000 validation_auc=0.5420 validation_specificity=0.4022 validation_false_positive_rate=0.5978 validation_f2=0.0234 validation_mcc=-0.0220 validation_prauc=0.0049 validation_balanced_accuracy=0.4318 validation_brier=0.2745 validation_kappa=-0.0029 validation_informedness=-0.1365 validation_markedness=-0.5929 validation_gini=0.0000 validation_optimal_threshold=0.4078 validation_standard_deviation_prediction=0.0615 validation_percentage_above_threshold=59.69
[LN1052   ] [chunk_18_phase_4_ensemble.py] [info] hyperparameter_optimization IMPACT SUMMARY
[LN1053   ] [chunk_18_phase_4_ensemble.py] [info] CatBoost     pre_hpo_validation_precision=0.5225 post_hpo_validation_precision=0.5210 hpo_improved=No
[LN1054   ] [chunk_18_phase_4_ensemble.py] [info] LightGBM     pre_hpo_validation_precision=0.5230 post_hpo_validation_precision=0.5253 hpo_improved=Yes
[LN1055   ] [chunk_18_phase_4_ensemble.py] [info] XGBoost      pre_hpo_validation_precision=0.0867 post_hpo_validation_precision=0.0648 hpo_improved=No
[LN1056   ] [chunk_18_phase_4_ensemble.py] [info] Dense        pre_hpo_validation_precision=0.0000 post_hpo_validation_precision=0.0993 hpo_improved=Yes
[LN1057   ] [chunk_18_phase_4_ensemble.py] [info] CNN          pre_hpo_validation_precision=0.0000 post_hpo_validation_precision=0.0000 hpo_improved=No
[LN1058   ] [chunk_18_phase_4_ensemble.py] [info] RNN          pre_hpo_validation_precision=0.0000 post_hpo_validation_precision=0.0234 hpo_improved=Yes
[LN1059   ] [chunk_18_phase_4_ensemble.py] [info] LSTM         pre_hpo_validation_precision=0.0000 post_hpo_validation_precision=0.0284 hpo_improved=Yes
[LN1060   ] [chunk_18_phase_4_ensemble.py] [info] VAE          pre_hpo_validation_precision=0.5449 post_hpo_validation_precision=0.5385 hpo_improved=No
[LN1061   ] [chunk_18_phase_4_ensemble.py] [info] Transformer  pre_hpo_validation_precision=0.0000 post_hpo_validation_precision=0.0227 hpo_improved=Yes
[LN1062   ] [chunk_18_phase_4_ensemble.py] [info] TRAINING TIME SUMMARY
[LN1063   ] [chunk_18_phase_4_ensemble.py] [info]    CatBoost: 65.7s
[LN1064   ] [chunk_18_phase_4_ensemble.py] [info]    LightGBM: 39.0s
[LN1065   ] [chunk_18_phase_4_ensemble.py] [info]    XGBoost: 32.2s
[LN1066   ] [chunk_18_phase_4_ensemble.py] [info]    Dense: 926.3s
[LN1067   ] [chunk_18_phase_4_ensemble.py] [info]    CNN: 2985.7s
[LN1068   ] [chunk_18_phase_4_ensemble.py] [info]    RNN: 2784.1s
[LN1069   ] [chunk_18_phase_4_ensemble.py] [info]    LSTM: 2094.4s
[LN1070   ] [chunk_18_phase_4_ensemble.py] [info]    VAE: 488.7s
[LN1071   ] [chunk_18_phase_4_ensemble.py] [info]    Transformer: 1240.2s
[LN1072   ] [chunk_18_phase_4_ensemble.py] [info]    total: 10656.3s
[LN1073   ] [chunk_18_phase_4_ensemble.py] [info]    Skipping CatBoost (precision 0.5225 < 0.53)
[LN1074   ] [chunk_18_phase_4_ensemble.py] [info]    Skipping LightGBM (precision 0.5253 < 0.53)
[LN1075   ] [chunk_18_phase_4_ensemble.py] [info]    Skipping XGBoost (precision 0.0867 < 0.53)
[LN1076   ] [chunk_18_phase_4_ensemble.py] [info]    Skipping Dense (precision 0.5203 < 0.53)
[LN1077   ] [chunk_18_phase_4_ensemble.py] [info]    Skipping CNN (precision 0.0000 < 0.53)
[LN1078   ] [chunk_18_phase_4_ensemble.py] [info]    Skipping RNN (precision 0.5296 < 0.53)
[LN1079   ] [chunk_18_phase_4_ensemble.py] [info]    Saved LSTM model to ./saved_models/LSTM_model.keras
[LN1080   ] [chunk_18_phase_4_ensemble.py] [info]    Saved LSTM scaler to ./saved_models/LSTM_scaler.joblib
[LN1081   ] [chunk_18_phase_4_ensemble.py] [info]    Saved VAE model to ./saved_models/VAE_model.keras
[LN1082   ] [chunk_18_phase_4_ensemble.py] [info]    Saved VAE scaler to ./saved_models/VAE_scaler.joblib
[LN1083   ] [chunk_18_phase_4_ensemble.py] [info]    Saved Transformer model to ./saved_models/Transformer_model.keras
[LN1084   ] [chunk_18_phase_4_ensemble.py] [info]    Saved Transformer scaler to ./saved_models/Transformer_scaler.joblib
[LN1085   ] [chunk_18_phase_4_ensemble.py] [info]    Saved temporal weights to ./saved_models/temporal_weights.json
[LN1086   ] [chunk_18_phase_4_ensemble.py] [info]    Saved feature names to ./saved_models/feature_names.json
[LN1087   ] [chunk_18_phase_4_ensemble.py] [info]    Saved split date to ./saved_models/split_date.txt
[LN1088   ] [chunk_18_phase_4_ensemble.py] [info]    Saved all training dates to ./saved_models/all_dates.json
[LN1089   ] [chunk_18_phase_4_ensemble.py] [info]    Saved LSTM metadata to ./saved_models/LSTM_metadata.json
[LN1090   ] [chunk_18_phase_4_ensemble.py] [info]    Saved VAE metadata to ./saved_models/VAE_metadata.json
[LN1091   ] [chunk_18_phase_4_ensemble.py] [info]    Saved Transformer metadata to ./saved_models/Transformer_metadata.json
[LN1092   ] [chunk_18_phase_4_ensemble.py] [info]    3 model(s) and parameters saved to ./saved_models
[LN1093   ] [chunk_XX_phase_feature_analysis_b.py] [info] Phase Xb: Temporal Precision Gap Analysis - Starting
[LN1094   ] [chunk_XX_phase_feature_analysis_b.py] [info] Analyzing temporal precision gap for 9 architectures
[LN1095   ] [chunk_XX_phase_feature_analysis_b.py] [info] Label threshold: 20.0, Prediction threshold: 0.5
[LN1096   ] [chunk_XX_phase_feature_analysis_b.py] [info] Validation date split: 9 unique dates, tail=3 days each (N_DAYS=3, FRACTION=33%)
[LN1097   ] [chunk_XX_phase_feature_analysis_b.py] [info] Validation Recent dates (newest 3 days, 20251017..20251021): 17,747 samples, 91 signal cases
[LN1098   ] [chunk_XX_phase_feature_analysis_b.py] [info] Validation Older dates (oldest 3 days, 20251009..20251013): 17,755 samples, 139 signal cases
[LN1099   ] [chunk_XX_phase_feature_analysis_b.py] [info] Temporal Precision Gap (validation set): Recent = newest 3 days (20251017..20251021), Older = oldest 3 days (20251009..20251013), middle 3 days excluded as buffer
[LN1100   ] [chunk_XX_phase_feature_analysis_b.py] [info] Phase Xb: Temporal Precision Gap Analysis Report - FULL METRICS
[LN1101   ] [chunk_XX_phase_feature_analysis_b.py] [info] Architecture validation_recent_precision validation_recent_recall validation_recent_auc validation_recent_f1 validation_older_precision validation_older_recall validation_older_auc validation_older_f1    Gap
[LN1102   ] [chunk_XX_phase_feature_analysis_b.py] [info] Dense        validation_recent_precision=  0.0201 validation_recent_recall=  0.1648 validation_recent_auc=    0.4058 validation_recent_f1=  0.0358 validation_older_precision=  0.0082 validation_older_recall=  0.0504 validation_older_auc=    0.3214 validation_older_f1=  0.0141 Gap= +0.01
[LN1103   ] [chunk_XX_phase_feature_analysis_b.py] [info] XGBoost      validation_recent_precision=  0.0296 validation_recent_recall=  0.2637 validation_recent_auc=    0.8543 validation_recent_f1=  0.0532 validation_older_precision=  0.0308 validation_older_recall=  0.2446 validation_older_auc=    0.8489 validation_older_f1=  0.0547 Gap= -0.00
[LN1104   ] [chunk_XX_phase_feature_analysis_b.py] [info] RNN          validation_recent_precision=  0.0084 validation_recent_recall=  0.4615 validation_recent_auc=    0.5419 validation_recent_f1=  0.0164 validation_older_precision=  0.0097 validation_older_recall=  0.3597 validation_older_auc=    0.4769 validation_older_f1=  0.0189 Gap= -0.00
[LN1105   ] [chunk_XX_phase_feature_analysis_b.py] [info] LSTM         validation_recent_precision=  0.0069 validation_recent_recall=  0.3516 validation_recent_auc=    0.4986 validation_recent_f1=  0.0134 validation_older_precision=  0.0084 validation_older_recall=  0.3022 validation_older_auc=    0.4648 validation_older_f1=  0.0164 Gap= -0.00
[LN1106   ] [chunk_XX_phase_feature_analysis_b.py] [info] Transformer  validation_recent_precision=  0.0050 validation_recent_recall=  0.3956 validation_recent_auc=    0.5177 validation_recent_f1=  0.0098 validation_older_precision=  0.0071 validation_older_recall=  0.3453 validation_older_auc=    0.5122 validation_older_f1=  0.0138 Gap= -0.00
[LN1107   ] [chunk_XX_phase_feature_analysis_b.py] [info] VAE          validation_recent_precision=  0.0056 validation_recent_recall=  0.4396 validation_recent_auc=    0.5105 validation_recent_f1=  0.0110 validation_older_precision=  0.0078 validation_older_recall=  0.4101 validation_older_auc=    0.4995 validation_older_f1=  0.0154 Gap= -0.00
[LN1108   ] [chunk_XX_phase_feature_analysis_b.py] [info] CNN          validation_recent_precision=  0.0029 validation_recent_recall=  0.3187 validation_recent_auc=    0.3456 validation_recent_f1=  0.0057 validation_older_precision=  0.0069 validation_older_recall=  0.5468 validation_older_auc=    0.4392 validation_older_f1=  0.0136 Gap= -0.00
[LN1109   ] [chunk_XX_phase_feature_analysis_b.py] [info] LightGBM     validation_recent_precision=  0.0056 validation_recent_recall=  0.4286 validation_recent_auc=    0.5202 validation_recent_f1=  0.0111 validation_older_precision=  0.0101 validation_older_recall=  0.6906 validation_older_auc=    0.6158 validation_older_f1=  0.0200 Gap= -0.00
[LN1110   ] [chunk_XX_phase_feature_analysis_b.py] [info] CatBoost     validation_recent_precision=  0.0049 validation_recent_recall=  0.3626 validation_recent_auc=    0.5121 validation_recent_f1=  0.0097 validation_older_precision=  0.0108 validation_older_recall=  0.7338 validation_older_auc=    0.6359 validation_older_f1=  0.0212 Gap= -0.01
[LN1111   ] [chunk_XX_phase_feature_analysis_b.py] [info] BEST for recent signals: Dense (Gap: +0.0119)
[LN1112   ] [chunk_XX_phase_feature_analysis_b.py] [info] WORST for recent signals: CatBoost (Gap: -0.0059)
[LN1113   ] [chunk_XX_phase_feature_analysis_b.py] [info] 0/9 architectures show positive temporal precision gap
[LN1114   ] [chunk_XX_phase_feature_analysis_b.py] [warning] warning: No architecture shows meaningful improvement on recent signals
[LN1115   ] [chunk_XX_phase_feature_analysis_b.py] [warning] Consider: stronger temporal weighting or different architectures
[LN1116   ] [chunk_XX_phase_feature_analysis_b.py] [info] Phase Xb: Temporal Precision Gap Analysis - COMPLETE
[LN1117   ] [chunk_20_pipeline_main.py] [info] [skip] Phase Xb: Temporal Precision Gap validation skipped (no validator)
[LN1118   ] [chunk_19_phase_5_optimization.py] [info] Loading saved models from ./saved_models...
[LN1119   ] [chunk_22_model_loader.py] [info] Loaded Transformer model
[LN1120   ] [chunk_22_model_loader.py] [info] Loaded Transformer metadata: label_threshold=0.0
[LN1121   ] [chunk_22_model_loader.py] [info] Loaded VAE model
[LN1122   ] [chunk_22_model_loader.py] [info] Loaded VAE metadata: label_threshold=0.0
[LN1123   ] [chunk_22_model_loader.py] [info] Loaded LSTM model
[LN1124   ] [chunk_22_model_loader.py] [info] Loaded LSTM metadata: label_threshold=0.0
[LN1125   ] [chunk_19_phase_5_optimization.py] [info] Loaded architectures: ['Transformer', 'VAE', 'LSTM']
[LN1126   ] [chunk_19_phase_5_optimization.py] [info] Receiving inference data from context (NO CSV loading)...
[LN1127   ] [chunk_19_phase_5_optimization.py] [info]   Inference samples: 11,844
[LN1128   ] [chunk_19_phase_5_optimization.py] [info]   Inference date(s): [20251022 20251023]
[LN1129   ] [chunk_19_phase_5_optimization.py] [info]   Feature count: 24
[LN1130   ] [chunk_19_phase_5_optimization.py] [info]   Features will be selected per-architecture from 24 total
[LN1131   ] [chunk_19_phase_5_optimization.py] [info]   Label threshold: 20.0
[LN1132   ] [chunk_19_phase_5_optimization.py] [info]   Inference data: RAW (no temporal weighting applied)
[LN1133   ] [chunk_19_phase_5_optimization.py] [info]   X shape (RAW, no weighting): (11844, 24)
[LN1134   ] [chunk_19_phase_5_optimization.py] [info]   y shape: (11844,)
[LN1135   ] [chunk_19_phase_5_optimization.py] [info]   Temporal weights applied: min=1.00, max=2.24
[LN1136   ] [chunk_19_phase_5_optimization.py] [info] 
[LN1137   ] [chunk_19_phase_5_optimization.py] [info] Per-Architecture Results on Newest Data
[LN1138   ] [chunk_19_phase_5_optimization.py] [info]   Transformer: using 19 features (optimal threshold's pruning)
[LN1139   ] [chunk_19_phase_5_optimization.py] [info] Transformer (LABEL_THRESHOLD=0.0, prediction_binary_split=0.50, hyperparams={'loss_function': 'binary_crossentropy', 'dim': 64, 'heads': 2, 'dropout': 0.05, 'learning_rate': 0.0001, 'epochs': 50, 'alpha': 1.0, 'gamma': 1.5, 'ff_dim': 64, 'layers': 1}, VALIDATION_PRECISION=0.5505):
[LN1140   ] [chunk_19_phase_5_optimization.py] [info]    predictions: mean=0.3506, std=0.2126, min=0.0155, max=0.9845
[LN1141   ] [chunk_19_phase_5_optimization.py] [info]    INFERENCE predictions: 23.73% positive predictions (2,811 / 11,844)
[LN1142   ] [chunk_19_phase_5_optimization.py] [info]   Transformer t=0.0: inference_precision=0.5977 inference_recall=0.2184 inference_auc=0.4438 inference_f1=0.3199 inference_false_negatives=6012 inference_true_negatives=3021 inference_true_positives=1680 inference_false_positives=1131
[LN1143   ] [chunk_19_phase_5_optimization.py] [info]   Transformer - Inference: inference_precision=0.5977 inference_true_positives=1680 inference_true_negatives=3021 inference_false_positives=1131 inference_false_negatives=6012 inference_max_prediction=0.9845 inference_mean_prediction=0.3506 inference_recall=0.2184 inference_f1=0.3199 inference_auc=0.4438 inference_specificity=0.7276 inference_false_positive_rate=0.2724 inference_f2=0.2502 inference_mcc=-0.0606 inference_prauc=0.6105 inference_balanced_accuracy=0.4730 inference_standard_deviation_prediction=0.2126 inference_percentage_above_threshold=23.73 inference_brier=0.3807 inference_kappa=-0.0425 inference_informedness=-0.0540 inference_markedness=0.3253 inference_gini=0.0000 inference_optimal_threshold=0.0236
[LN1144   ] [chunk_19_phase_5_optimization.py] [info] 
[LN1145   ] [chunk_19_phase_5_optimization.py] [info] Transformer MODEL PREDICTED SIGNAL (2811 rows)
[LN1146   ] [chunk_19_phase_5_optimization.py] [info] Transformer inference_precision=0.5977 prediction_binary_split=0.5 predicted=2811
[LN1147   ] [chunk_19_phase_5_optimization.py] [info] Row,Market_Cap,52W_Low,Prev_Close,Price,Volume,52W_High,Ticker_id,Perf_YTD,Perf_Year,SMA200,Perf_Half_Y,Avg_Volume,Perf_Quarter,SMA50,Perf_Month,SMA20,ATR,RSI_14,Perf_Week,Rel_Volume,Change,Price_to_52W_High,Volume_to_Avg_Volume,Price_to_52W_Low
[LN1148   ] [chunk_19_phase_5_optimization.py] [info]   VAE: using 19 features (optimal threshold's pruning)
[LN1149   ] [chunk_19_phase_5_optimization.py] [info] VAE (LABEL_THRESHOLD=0.0, prediction_binary_split=0.50, hyperparams={'loss_function': 'binary_crossentropy', 'latent_dim': 256, 'learning_rate': 0.005, 'dropout': 0.1, 'epochs': 30, 'alpha': 0.25, 'gamma': 3.0, 'encoder_layers': 3, 'decoder_layers': 1}, VALIDATION_PRECISION=0.5449):
[LN1150   ] [chunk_19_phase_5_optimization.py] [info]    predictions: mean=0.4955, std=0.0176, min=0.4107, max=0.5613
[LN1151   ] [chunk_19_phase_5_optimization.py] [info]    INFERENCE predictions: 39.98% positive predictions (4,735 / 11,844)
[LN1152   ] [chunk_19_phase_5_optimization.py] [info]   VAE t=0.0: inference_precision=0.6541 inference_recall=0.4026 inference_auc=0.5040 inference_f1=0.4984 inference_false_negatives=4595 inference_true_negatives=2514 inference_true_positives=3097 inference_false_positives=1638
[LN1153   ] [chunk_19_phase_5_optimization.py] [info]   VAE - Inference: inference_precision=0.6541 inference_true_positives=3097 inference_true_negatives=2514 inference_false_positives=1638 inference_false_negatives=4595 inference_max_prediction=0.5613 inference_mean_prediction=0.4955 inference_recall=0.4026 inference_f1=0.4984 inference_auc=0.5040 inference_specificity=0.6055 inference_false_positive_rate=0.3945 inference_f2=0.4362 inference_mcc=0.0079 inference_prauc=0.6536 inference_balanced_accuracy=0.5041 inference_standard_deviation_prediction=0.0176 inference_percentage_above_threshold=39.98 inference_brier=0.2515 inference_kappa=0.0070 inference_informedness=0.0081 inference_markedness=0.2596 inference_gini=0.0079 inference_optimal_threshold=0.4767
[LN1154   ] [chunk_19_phase_5_optimization.py] [info] 
[LN1155   ] [chunk_19_phase_5_optimization.py] [info] VAE MODEL PREDICTED SIGNAL (4735 rows)
[LN1156   ] [chunk_19_phase_5_optimization.py] [info] VAE inference_precision=0.6541 prediction_binary_split=0.5 predicted=4735
[LN1157   ] [chunk_19_phase_5_optimization.py] [info] Row,Market_Cap,52W_Low,Prev_Close,Price,Volume,52W_High,Ticker_id,Perf_YTD,Perf_Year,SMA200,Perf_Half_Y,Avg_Volume,Perf_Quarter,SMA50,Perf_Month,SMA20,ATR,RSI_14,Perf_Week,Rel_Volume,Change,Price_to_52W_High,Volume_to_Avg_Volume,Price_to_52W_Low
[LN1158   ] [chunk_19_phase_5_optimization.py] [info]   LSTM: using 19 features (optimal threshold's pruning)
[LN1159   ] [chunk_19_phase_5_optimization.py] [info] LSTM (LABEL_THRESHOLD=0.0, prediction_binary_split=0.50, hyperparams={'lstm_units': 128, 'dropout': 0.2, 'learning_rate': 0.002, 'epochs': 30, 'loss_function': 'binary_crossentropy', 'alpha': 0.25, 'gamma': 3.0, 'layers': 1, 'bidirectional': True}, VALIDATION_PRECISION=0.5305):
[LN1160   ] [chunk_19_phase_5_optimization.py] [info]    predictions: mean=0.1657, std=0.1938, min=0.0040, max=0.9000
[LN1161   ] [chunk_19_phase_5_optimization.py] [info]    INFERENCE predictions: 10.26% positive predictions (1,215 / 11,844)
[LN1162   ] [chunk_19_phase_5_optimization.py] [info]   LSTM t=0.0: inference_precision=0.5391 inference_recall=0.0852 inference_auc=0.4378 inference_f1=0.1471 inference_false_negatives=7037 inference_true_negatives=3592 inference_true_positives=655 inference_false_positives=560
[LN1163   ] [chunk_19_phase_5_optimization.py] [info]   LSTM - Inference: inference_precision=0.5391 inference_true_positives=655 inference_true_negatives=3592 inference_false_positives=560 inference_false_negatives=7037 inference_max_prediction=0.9000 inference_mean_prediction=0.1657 inference_recall=0.0852 inference_f1=0.1471 inference_auc=0.4378 inference_specificity=0.8651 inference_false_positive_rate=0.1349 inference_f2=0.1024 inference_mcc=-0.0782 inference_prauc=0.6020 inference_balanced_accuracy=0.4751 inference_standard_deviation_prediction=0.1938 inference_percentage_above_threshold=10.26 inference_brier=0.5178 inference_kappa=-0.0366 inference_informedness=-0.0497 inference_markedness=0.4042 inference_gini=0.0000 inference_optimal_threshold=0.8746
[LN1164   ] [chunk_19_phase_5_optimization.py] [info] 
[LN1165   ] [chunk_19_phase_5_optimization.py] [info] LSTM MODEL PREDICTED SIGNAL (1215 rows)
[LN1166   ] [chunk_19_phase_5_optimization.py] [info] LSTM inference_precision=0.5391 prediction_binary_split=0.5 predicted=1215
[LN1167   ] [chunk_19_phase_5_optimization.py] [info] Row,Market_Cap,52W_Low,Prev_Close,Price,Volume,52W_High,Ticker_id,Perf_YTD,Perf_Year,SMA200,Perf_Half_Y,Avg_Volume,Perf_Quarter,SMA50,Perf_Month,SMA20,ATR,RSI_14,Perf_Week,Rel_Volume,Change,Price_to_52W_High,Volume_to_Avg_Volume,Price_to_52W_Low
[LN1168   ] [chunk_19_phase_5_optimization.py] [info] Majority label threshold: 0.0 (3 archs)
[LN1169   ] [chunk_19_phase_5_optimization.py] [info] 
[LN1170   ] [chunk_19_phase_5_optimization.py] [info] Consolidated Predicted Signal (3 architectures, min 3 votes):
[LN1171   ] [chunk_19_phase_5_optimization.py] [info] Row,Market_Cap,52W_Low,Prev_Close,Price,Volume,52W_High,Ticker_id,Perf_YTD,Perf_Year,SMA200,Perf_Half_Y,Avg_Volume,Perf_Quarter,SMA50,Perf_Month,SMA20,ATR,RSI_14,Perf_Week,Rel_Volume,Change,Price_to_52W_High,Volume_to_Avg_Volume,Price_to_52W_Low,VoteCount,VotingArchs
[LN1172   ] [chunk_19_phase_5_optimization.py] [info] 1,23.773487,4.455277,88.12,86.71,14.441378,4.766098,1087.0,-17.19,-16.55,-12.06,-13.47,2140000.0,-10.82,-4.2,-0.17,-1.15,1.54,41.07,-0.62,0.87,-1.6,18.19308,6.7483074e-06,19.462313,3,Transformer+VAE+LSTM
[LN1173   ] [chunk_19_phase_5_optimization.py] [info] 2,19.888556,1.8840348,5.96,5.76,14.966999,2.8201878,4349.0,-38.72,-54.18,-45.43,-45.76,3600000.0,-45.56,-11.61,-9.15,-6.58,0.26,35.53,-2.04,0.88,-3.36,2.0424173,4.1575e-06,3.0572684,3,Transformer+VAE+LSTM
[LN1174   ] [chunk_19_phase_5_optimization.py] [info] 3,19.658823,1.9906104,8.53,8.43,12.913817,4.0354786,4623.0,-75.48,-83.31,-49.1,-42.75,965120.0,5.77,-3.89,-8.17,0.06,0.45,48.45,-0.59,0.42,-1.17,2.0889714,1.3380531e-05,4.234882,3,Transformer+VAE+LSTM
[LN1175   ] [chunk_19_phase_5_optimization.py] [info] 4,17.640667,2.0881536,7.25,7.64,11.062709,2.6609585,1335.0,-22.83,-32.21,-21.17,-24.8,25900.0,-19.83,-3.95,2.83,2.25,0.21,52.16,4.8,2.46,5.38,2.8711457,0.0004271316,3.6587348,3,Transformer+VAE+LSTM
[LN1176   ] [chunk_19_phase_5_optimization.py] [info] 5,26.430376,4.1209865,70.81,69.94,16.452774,4.322542,2975.0,12.34,0.71,1.41,-3.56,15650000.0,1.11,3.11,5.25,3.78,1.03,62.43,3.48,0.89,-1.23,16.180294,1.0512955e-06,16.971664,3,Transformer+VAE+LSTM
[LN1177   ] [chunk_19_phase_5_optimization.py] [info] 6,21.1995,1.327075,4.95,5.19,15.955031,2.340844,2562.0,41.8,74.75,-7.57,-40.0,8810000.0,-30.24,-11.87,-25.54,-10.64,0.44,38.43,-10.21,0.96,4.85,2.2171493,1.8110138e-06,3.9108565,3,Transformer+VAE+LSTM
[LN1178   ] [chunk_19_phase_5_optimization.py] [info] 7,19.874073,2.7899373,17.88,17.06,12.019701,3.4965076,2943.0,-26.4,-36.15,-21.96,-21.6,177610.0,-25.01,-10.84,-9.69,-4.55,0.86,39.73,-4.16,0.93,-4.59,4.879154,6.7674686e-05,6.1148324,3,Transformer+VAE+LSTM
[LN1179   ] [chunk_19_phase_5_optimization.py] [info] 8,17.956898,1.0331845,6.1,5.59,11.7498455,2.520113,4634.0,92.76,0.0,116.06,0.0,1530000.0,0.0,116.06,152.94,77.96,1.21,59.86,17.44,0.08,-8.36,2.2181547,7.679638e-06,5.4104567,3,Transformer+VAE+LSTM
[LN1180   ] [chunk_19_phase_5_optimization.py] [info] 9,23.390493,5.5257316,274.34,273.74,13.332143,5.8534374,4596.0,1.66,-7.62,-6.55,-4.0,357080.0,-10.58,-4.09,-3.73,-1.52,6.96,41.56,1.68,1.73,-0.22,46.765682,3.7336573e-05,49.53914,3,Transformer+VAE+LSTM
[LN1181   ] [chunk_19_phase_5_optimization.py] [info] 10,17.46461,2.00148,9.53,9.3,6.989335,3.0325463,564.0,-30.08,-32.36,-32.88,-41.51,14580.0,-35.85,2.13,9.54,-5.01,0.54,45.79,-2.72,0.07,-2.41,3.0667298,0.00047937827,4.6465616,3,Transformer+VAE+LSTM
[LN1182   ] [chunk_19_phase_5_optimization.py] [info] 11,18.593794,2.177022,8.89,9.56,12.231209,6.880384,3414.0,-91.52,-94.83,-89.34,-96.33,481000.0,-23.46,-0.23,-12.45,-4.31,0.85,46.57,0.53,0.43,7.54,1.3894573,2.542871e-05,4.39132,3,Transformer+VAE+LSTM
[LN1183   ] [chunk_19_phase_5_optimization.py] [info] 12,23.964685,3.8811514,49.18,47.93,15.384539,4.248924,2249.0,-24.84,-30.3,-11.9,-15.0,5770000.0,-6.15,-3.34,-6.22,-2.78,0.99,41.51,0.46,0.83,-2.54,11.280503,2.6662979e-06,12.349428,3,Transformer+VAE+LSTM
[LN1184   ] [chunk_19_phase_5_optimization.py] [info] 13,16.135935,0.5187938,0.98,0.98,13.537869,4.59512,5851.0,-97.92,-95.33,-93.15,-63.25,2830000.0,-44.88,14.91,12.42,17.35,0.08,60.28,22.57,0.27,0.04,0.21326974,4.7836998e-06,1.8889971,3,Transformer+VAE+LSTM
[LN1185   ] [chunk_19_phase_5_optimization.py] [info] 14,19.242,1.4951488,3.61,3.79,13.344049,3.4265401,5274.0,-42.05,-63.94,-50.09,-14.12,1180000.0,-56.51,-61.18,-46.32,-30.74,0.67,25.84,-5.49,0.53,4.99,1.106072,1.1308517e-05,2.534865,3,Transformer+VAE+LSTM
[LN1186   ] [chunk_19_phase_5_optimization.py] [info] 15,15.2856865,1.3558352,3.0,2.98,9.08387,3.713572,3437.0,-76.79,-84.5,-62.03,-58.61,152290.0,-44.04,-28.43,-13.98,-17.29,0.28,33.24,-10.51,0.06,-0.67,0.80246186,5.9648497e-05,2.1979072,3,Transformer+VAE+LSTM
[LN1187   ] [chunk_19_phase_5_optimization.py] [info] 16,15.571643,0.88789123,1.48,1.53,13.162382,6.076954,5835.0,-98.75,-99.53,-94.71,-91.72,1570000.0,-50.16,-12.35,1.32,-3.04,0.12,42.34,3.38,0.33,3.38,0.25177088,8.383683e-06,1.723184,3,Transformer+VAE+LSTM
[LN1188   ] [chunk_19_phase_5_optimization.py] [info] 17,15.096445,1.1817272,2.37,2.48,9.380336,3.854394,1658.0,-93.54,-93.98,-84.85,-80.38,163520.0,-66.56,-40.64,-36.9,-22.81,0.43,33.64,-5.34,0.07,4.64,0.64342153,5.736507e-05,2.098623,3,Transformer+VAE+LSTM
[LN1189   ] [chunk_19_phase_5_optimization.py] [info] 18,15.748481,1.2029723,2.58,2.55,10.870396,3.6109178,173.0,-87.12,-90.37,-69.98,-62.5,212070.0,-69.64,-1.88,-7.27,-2.92,0.18,41.43,-2.3,0.25,-1.16,0.7061916,5.1258525e-05,2.1197495,3,Transformer+VAE+LSTM
[LN1190   ] [chunk_19_phase_5_optimization.py] [info] 19,15.882374,1.3001916,2.73,2.83,9.312807,4.01458,3097.0,-88.22,-93.9,-86.57,-83.88,91020.0,-91.48,-73.57,-60.67,-39.89,0.89,23.76,-18.68,0.12,3.66,0.7049306,0.00010231605,2.1766021,3,Transformer+VAE+LSTM
[LN1191   ] [chunk_19_phase_5_optimization.py] [info] 20,23.373688,4.2934685,74.59,74.52,12.656374,4.766864,3007.0,-21.32,-32.83,-16.12,-15.68,494990.0,-12.33,-11.68,-11.69,-3.04,2.23,33.42,0.81,0.63,-0.09,15.63292,2.5568948e-05,17.356596,3,Transformer+VAE+LSTM
[LN1192   ] [chunk_19_phase_5_optimization.py] [info] 21,23.435308,3.8258114,45.2,46.81,15.751874,4.5053496,3236.0,-36.97,-47.84,-24.01,-21.0,4950000.0,-26.87,-9.02,-8.88,-1.29,1.55,42.25,2.07,1.4,3.56,10.38987,3.182197e-06,12.235313,3,Transformer+VAE+LSTM
[LN1193   ] [chunk_19_phase_5_optimization.py] [info] 22,18.198412,0.70803577,2.55,2.15,11.758973,1.9878744,1855.0,-51.84,-49.29,-34.1,-42.07,116030.0,-32.23,1.4,16.49,-18.38,0.42,43.38,-36.99,1.1,-15.49,1.0815573,0.000101344245,3.0365696,3,Transformer+VAE+LSTM
[LN1194   ] [chunk_19_phase_5_optimization.py] [info] 23,24.286299,4.158883,67.88,67.52,15.044525,4.5323844,2002.0,-16.4,-25.52,-9.41,-15.46,3920000.0,-17.6,-0.22,5.29,0.76,1.39,50.98,2.6,0.87,-0.53,14.897236,3.837889e-06,16.235128,3,Transformer+VAE+LSTM
[LN1195   ] [chunk_19_phase_5_optimization.py] [info] 24,17.7491,0.7178398,1.52,1.43,12.998479,2.6026897,634.0,-81.18,-53.87,-66.72,-76.79,325260.0,-29.9,-33.43,-40.91,-18.54,0.17,27.12,-7.74,1.36,-5.92,0.5494316,3.996335e-05,1.992088,3,Transformer+VAE+LSTM
[LN1196   ] [chunk_19_phase_5_optimization.py] [info] 25,18.598158,0.87546873,2.36,2.52,10.410456,2.7278528,5920.0,-48.15,0.0,-59.56,-76.11,476080.0,-54.59,-59.05,-49.3,-4.04,0.68,35.4,-1.56,0.07,6.78,0.9238035,2.186703e-05,2.878458,3,Transformer+VAE+LSTM
[LN1197   ] [chunk_19_phase_5_optimization.py] [info] 26,18.940248,1.2149128,2.4,2.51,13.130544,2.2278616,3344.0,-61.38,-60.03,-43.97,-44.47,790030.0,-36.62,-14.32,-10.68,-6.19,0.13,37.78,-0.79,0.64,4.58,1.1266409,1.662031e-05,2.0659919,3,Transformer+VAE+LSTM
[LN1198   ] [chunk_19_phase_5_optimization.py] [info] 27,16.739746,1.427916,3.9,3.75,9.573802,2.1016922,5783.0,11.94,4.17,-28.1,-37.81,6230.0,-25.0,-8.74,6.53,2.8,0.27,47.84,7.14,2.31,-3.85,1.7842765,0.0015367259,2.6262047,3,Transformer+VAE+LSTM
[LN1199   ] [chunk_19_phase_5_optimization.py] [info] 28,0.0,0.95551145,1.76,1.71,11.69067,4.8812857,2631.0,-98.08,-98.08,-77.7,-21.92,47020.0,-34.98,-17.39,-21.2,-12.84,0.11,28.8,-7.07,2.54,-2.84,0.35031754,0.00024863187,1.7896174,3,Transformer+VAE+LSTM
[LN1200   ] [chunk_19_phase_5_optimization.py] [info] 29,18.52116,2.177022,9.62,8.89,12.483985,6.880384,3414.0,-92.12,-95.11,-90.13,-96.8,490830.0,-35.01,-7.43,-22.36,-11.43,0.85,40.81,-12.33,0.54,-7.59,1.292079,2.5434438e-05,4.0835605,3,Transformer+VAE+LSTM
[LN1201   ] [chunk_19_phase_5_optimization.py] [info] 30,18.366753,0.70803577,3.16,2.55,11.758449,1.9878744,1855.0,-43.02,-38.85,-22.32,-34.62,115390.0,-18.27,19.52,82.14,-2.56,0.41,49.45,-34.45,1.11,-19.3,1.2827772,0.0001019018,3.6015127,3,Transformer+VAE+LSTM
[LN1202   ] [chunk_19_phase_5_optimization.py] [info] 31,23.140072,5.646224,297.59,300.31,13.928885,5.9829283,4262.0,-11.92,-16.34,-5.03,4.02,529250.0,-7.57,-3.6,-3.35,-0.01,7.87,47.59,3.49,2.12,0.91,50.194485,2.631816e-05,53.18776,3,Transformer+VAE+LSTM
[LN1203   ] [chunk_19_phase_5_optimization.py] [info] 32,14.984892,0.07696104,0.15,0.15,14.712974,4.0432267,3996.0,-90.43,-98.32,-80.05,-83.97,41930000.0,-16.39,-5.34,-45.7,-13.99,0.03,44.01,-6.03,0.06,0.62,0.037099082,3.508937e-07,1.9490378,3,Transformer+VAE+LSTM
[LN1204   ] [chunk_19_phase_5_optimization.py] [info] 33,16.975485,0.7701082,1.43,1.27,14.394925,3.9783723,1344.0,-96.24,0.0,-69.55,-72.45,613380.0,-37.75,-14.65,-10.56,-9.74,0.19,41.91,-9.29,2.91,-11.19,0.31922603,2.3468201e-05,1.6491189,3,Transformer+VAE+LSTM
[LN1205   ] [chunk_19_phase_5_optimization.py] [info] 34,15.573369,0.6312718,1.07,1.16,16.062153,1.427916,1015.0,-25.16,-33.71,-14.33,-12.12,1090000.0,7.3,-8.54,-7.94,-13.59,0.32,46.36,8.41,8.68,8.41,0.8123727,1.4735921e-05,1.8375603,3,Transformer+VAE+LSTM
[LN1206   ] [chunk_19_phase_5_optimization.py] [info] 35,18.229883,2.1090004,7.29,7.39,9.504576,3.189653,2676.0,-62.45,-63.56,-48.48,-49.1,50370.0,-56.93,-24.63,-7.63,-6.78,0.38,28.86,-2.64,0.27,1.37,2.3168664,0.00018869518,3.5040298,3,Transformer+VAE+LSTM
[LN1207   ] [chunk_19_phase_5_optimization.py] [info] 36,19.688164,2.2159374,8.74,8.71,13.189362,3.5818508,1463.0,-71.81,-66.91,-51.09,-53.89,1150000.0,-41.74,-16.4,-7.14,-1.39,0.41,39.9,2.23,0.47,-0.34,2.4317036,1.146901e-05,3.9306166,3,Transformer+VAE+LSTM
[LN1208   ] [chunk_19_phase_5_optimization.py] [info] 37,19.08969,2.60417,16.25,17.22,11.4973545,3.5887828,4241.0,-42.39,-26.41,-24.39,-33.85,53970.0,-18.0,12.27,9.58,11.01,0.72,65.19,12.73,1.82,5.97,4.798284,0.00021303233,6.612471,3,Transformer+VAE+LSTM
[LN1209   ] [chunk_19_phase_5_optimization.py] [info] 38,18.397617,0.91629076,2.3,2.14,14.737069,1.3737155,1769.0,0.94,15.68,5.35,-8.94,162640.0,15.05,5.61,18.89,-2.86,0.19,48.19,-11.2,15.45,-6.96,1.5578188,9.061159e-05,2.3355033,3,Transformer+VAE+LSTM
[LN1210   ] [chunk_19_phase_5_optimization.py] [info] 39,18.044094,1.0331845,9.12,6.1,13.433103,2.520113,4634.0,110.34,0.0,141.49,0.0,1550000.0,0.0,141.49,190.48,105.45,1.24,62.6,181.11,0.44,-33.11,2.4205265,8.666518e-06,5.904076,3,Transformer+VAE+LSTM
[LN1211   ] [chunk_19_phase_5_optimization.py] [info] 40,22.186522,4.3138814,76.63,75.26,13.675091,5.1041865,2252.0,-49.81,-43.17,-27.14,-21.14,1000000.0,-20.19,-13.09,-9.1,-9.3,3.94,34.77,-11.8,0.87,-1.79,14.74476,1.36750905e-05,17.446005,3,Transformer+VAE+LSTM
[LN1212   ] [chunk_19_phase_5_optimization.py] [info] 41,23.99663,3.8903906,52.28,54.53,13.015255,4.2393103,1293.0,2.81,13.72,-5.6,-7.83,96210.0,-0.83,2.36,1.7,3.55,1.2,60.52,7.19,4.67,4.3,12.862942,0.00013527964,14.016587,3,Transformer+VAE+LSTM
[LN1213   ] [chunk_19_phase_5_optimization.py] [info] 42,13.963931,0.53062826,0.9,0.77,13.572255,3.583519,3522.0,-95.15,-96.88,-91.55,-94.5,820030.0,-88.82,-59.12,-46.9,-26.52,0.23,30.96,-22.21,0.96,-14.44,0.21487258,1.6550925e-05,1.45111,3,Transformer+VAE+LSTM
[LN1214   ] [chunk_19_phase_5_optimization.py] [info] 43,16.090725,1.5871923,4.85,5.5,11.477018,4.0253515,3408.0,-82.59,-84.55,-51.88,-52.17,62740.0,-12.74,0.04,1.1,3.91,0.45,51.8,1.29,1.54,13.4,1.3663403,0.00018292984,3.4652386,3,Transformer+VAE+LSTM
[LN1215   ] [chunk_19_phase_5_optimization.py] [info] 44,19.915695,3.1285133,22.53,22.76,13.090805,4.413525,4864.0,-57.85,-15.7,-39.33,-33.91,934290.0,-40.23,-21.34,-28.02,-15.81,1.74,28.69,-7.74,0.52,1.02,5.1568756,1.40115e-05,7.2750206,3,Transformer+VAE+LSTM
[LN1216   ] [chunk_19_phase_5_optimization.py] [info] 45,17.534191,0.8020016,1.34,1.36,11.088217,2.343727,5922.0,-83.02,-83.75,-58.1,-46.03,233070.0,-47.29,-8.91,-9.33,-3.73,0.08,41.13,1.49,0.28,1.49,0.5802724,4.757462e-05,1.6957573,3,Transformer+VAE+LSTM
[LN1217   ] [chunk_19_phase_5_optimization.py] [info] 46,20.905588,3.6568727,78.05,77.36,12.609923,5.204776,4578.0,6.57,102.2,-33.14,-48.48,555510.0,-37.41,-13.49,-17.15,-6.94,4.56,37.01,2.61,0.54,-0.88,14.863273,2.2699724e-05,21.154688,3,Transformer+VAE+LSTM
[LN1218   ] [chunk_19_phase_5_optimization.py] [info] 47,17.816826,0.22314355,0.44,0.57,16.623772,1.6639261,4613.0,-68.65,-62.17,-34.76,-36.94,8230000.0,20.36,17.13,92.83,2.62,0.09,52.61,-3.42,2.02,28.48,0.3425633,2.0198993e-06,2.5544093,3,Transformer+VAE+LSTM
[LN1219   ] [chunk_19_phase_5_optimization.py] [info] 48,16.077274,0.3852624,0.58,0.6,10.846265,2.4824035,2422.0,-84.37,0.0,-82.91,-92.93,397040.0,-27.56,-4.68,2.42,-0.54,0.06,45.39,-2.93,0.13,3.5,0.24170123,2.7317812e-05,1.5573801,3,Transformer+VAE+LSTM
[LN1220   ] [chunk_19_phase_5_optimization.py] [info] 49,23.10003,4.434382,108.4,105.98,14.487683,4.760463,1610.0,6.59,21.91,3.14,7.15,770410.0,5.81,-1.57,-4.11,-4.88,2.59,37.52,-3.31,2.54,-2.23,22.26254,1.880516e-05,23.89961,3,Transformer+VAE+LSTM
[LN1221   ] [chunk_19_phase_5_optimization.py] [info] 50,18.121735,0.7371641,1.21,1.27,10.99146,2.401525,2490.0,-78.57,0.0,-36.26,-55.57,101760.0,-17.21,-4.26,-13.85,-1.16,0.08,48.52,4.51,0.58,5.37,0.52883065,0.00010801356,1.7228186,3,Transformer+VAE+LSTM
[LN1222   ] [chunk_19_phase_5_optimization.py] [info] 51,15.566448,1.2697605,2.6,2.75,10.9695425,4.307438,1514.0,-92.03,-93.68,-68.41,-33.74,213720.0,-59.01,-47.23,-46.55,-35.96,0.54,31.03,-19.08,0.27,5.82,0.6384306,5.13267e-05,2.1657627,3,Transformer+VAE+LSTM
[LN1223   ] [chunk_19_phase_5_optimization.py] [info] 52,21.205692,2.867899,20.79,21.96,14.113551,3.3833728,4707.0,13.84,22.54,1.22,-15.96,1200000.0,-1.21,11.05,15.22,7.25,1.21,58.57,8.12,1.12,5.63,6.490565,1.1761293e-05,7.6571736,3,Transformer+VAE+LSTM
[LN1224   ] [chunk_19_phase_5_optimization.py] [info] 53,14.866333,1.2556161,2.6,2.08,13.276335,3.8416007,4831.0,-91.58,-94.55,-78.74,-84.97,1760000.0,-59.38,-43.96,-72.16,-44.78,0.66,35.36,-41.41,0.33,-20.0,0.54144096,7.5433722e-06,1.6565573,3,Transformer+VAE+LSTM
[LN1225   ] [chunk_19_phase_5_optimization.py] [info] 54,21.955826,3.2515366,26.18,26.51,14.045463,3.9108224,4380.0,-30.93,-20.39,-30.2,-35.53,1940000.0,-24.62,-8.62,-14.95,-4.3,1.13,40.47,4.82,0.65,1.26,6.7786255,7.2399293e-06,8.153069,3,Transformer+VAE+LSTM
[LN1226   ] [chunk_19_phase_5_optimization.py] [info] 55,17.487753,0.43825492,0.96,0.85,15.350677,1.0079579,3642.0,46.35,-27.6,-9.6,-10.83,634980.0,-10.83,25.53,38.51,26.53,0.1,64.48,32.57,7.31,-11.54,0.84328914,2.4175055e-05,1.9395103,3,Transformer+VAE+LSTM
[LN1227   ] [chunk_19_phase_5_optimization.py] [info] 56,19.603113,1.9586854,8.02,6.9,11.354481,2.7285063,4207.0,-31.82,-30.86,-29.33,-33.2,39760.0,-26.87,-25.07,-18.8,-16.54,0.85,32.48,-14.65,2.15,-14.01,2.5288563,0.00028557546,3.5227711,3,Transformer+VAE+LSTM
[LN1228   ] [chunk_19_phase_5_optimization.py] [info] 57,23.237732,4.564348,98.74,100.29,14.794201,5.2553577,565.0,-22.07,-38.56,-10.18,-15.96,1770000.0,-11.29,-2.72,1.02,0.21,2.76,49.19,3.09,1.51,1.57,19.083382,8.358305e-06,21.97247,3,Transformer+VAE+LSTM
[LN1229   ] [chunk_19_phase_5_optimization.py] [info] 58,18.644943,2.3655598,11.71,12.69,11.379416,3.133318,1352.0,-21.03,-1.09,-9.79,-20.79,19930.0,14.95,6.91,1.04,8.69,0.66,59.03,12.8,4.39,8.37,4.0500197,0.00057096925,5.3644805,3,Transformer+VAE+LSTM
[LN1230   ] [chunk_19_phase_5_optimization.py] [info] 59,15.983421,1.0402768,2.24,2.34,10.925705,4.091006,2312.0,-91.83,-93.39,-76.19,-68.23,990330.0,-65.13,-13.64,-2.9,0.65,0.37,47.27,11.43,0.06,4.46,0.5719865,1.1032388e-05,2.2494016,3,Transformer+VAE+LSTM
[LN1231   ] [chunk_19_phase_5_optimization.py] [info] 60,18.019754,1.8625286,5.96,6.67,12.503573,3.4719665,3182.0,-70.75,-61.33,-51.41,-46.59,396250.0,-56.41,-39.05,-30.68,-7.35,0.88,38.6,14.02,0.68,11.91,1.9211015,3.1554762e-05,3.5811532,3,Transformer+VAE+LSTM
[LN1232   ] [chunk_19_phase_5_optimization.py] [info] 61,17.804125,0.27763173,0.34,0.34,11.718589,1.211941,5899.0,-55.69,-85.33,-51.56,-59.91,282980.0,-46.84,-39.16,-37.33,-23.46,0.05,24.59,6.72,0.43,1.0,0.28054172,4.1411367e-05,1.2246438,3,Transformer+VAE+LSTM
[LN1233   ] [chunk_19_phase_5_optimization.py] [info] 62,23.31103,4.224934,77.77,76.91,13.990051,4.805659,381.0,-21.16,-35.65,-7.51,-0.45,1540000.0,-6.42,-4.88,-10.46,-1.89,2.06,42.8,2.23,0.77,-1.11,16.00405,9.084449e-06,18.203835,3,Transformer+VAE+LSTM
[LN1234   ] [chunk_19_phase_5_optimization.py] [info] 63,17.708351,1.8825139,5.71,5.23,13.115957,3.7988544,5368.0,-71.51,-45.2,-76.92,-71.7,212280.0,-80.84,-81.97,-86.04,-79.88,3.31,19.04,-21.23,2.34,-8.41,1.3767309,6.1786115e-05,2.7782,3,Transformer+VAE+LSTM
[LN1235   ] [chunk_19_phase_5_optimization.py] [info] 64,18.517353,0.88376755,7.0,5.53,14.366266,3.409496,5528.0,-45.33,-59.89,-27.08,-22.13,789380.0,-23.12,32.21,76.27,17.31,1.07,54.44,-16.26,2.2,-20.93,1.6219405,1.8199431e-05,6.2573013,3,Transformer+VAE+LSTM
[LN1236   ] [chunk_19_phase_5_optimization.py] [info] 65,22.93154,4.3661513,93.87,89.92,14.490926,4.7471905,4990.0,-9.61,-6.84,-5.26,0.19,783910.0,-8.71,-9.12,-10.3,-7.15,2.74,34.49,-1.63,2.51,-4.21,18.94173,1.8485445e-05,20.594797,3,Transformer+VAE+LSTM
[LN1237   ] [chunk_19_phase_5_optimization.py] [info] 66,15.1816025,1.4586151,3.65,3.34,11.573371,9.805379,5709.0,-99.86,-99.98,-98.68,-92.24,369120.0,-84.17,-54.75,-49.93,-30.92,0.75,26.8,-13.47,0.29,-8.49,0.34062937,3.1353953e-05,2.2898433,3,Transformer+VAE+LSTM
[LN1238   ] [chunk_19_phase_5_optimization.py] [info] 67,20.621355,2.0281482,6.8,7.16,13.339299,2.8166056,2520.0,-51.29,-48.78,-29.02,-24.23,494950.0,-23.83,-0.86,-2.45,2.13,0.33,51.97,3.92,1.25,5.29,2.5420668,2.69508e-05,3.530314,3,Transformer+VAE+LSTM
[LN1239   ] [chunk_19_phase_5_optimization.py] [info] 68,14.859315,1.5748465,4.11,4.18,10.2100525,3.2068033,1588.0,-69.07,-73.24,-48.94,-44.33,129760.0,-40.29,-18.36,-15.26,-8.23,0.39,40.46,4.64,0.21,1.58,1.3034788,7.868413e-05,2.654227,3,Transformer+VAE+LSTM
[LN1240   ] [chunk_19_phase_5_optimization.py] [info] 69,12.506181,0.06765865,0.08,0.08,16.838299,3.295837,1795.0,-98.14,0.0,-97.7,-99.3,25220000.0,-87.03,-76.61,-81.28,-61.37,0.05,28.59,-21.13,0.81,-5.2,0.024273045,6.676566e-07,1.182406,3,Transformer+VAE+LSTM
[LN1241   ] [chunk_19_phase_5_optimization.py] [info] 70,15.500056,1.512927,4.01,4.1,10.79526,6.675823,2114.0,-97.07,-98.86,-82.97,-55.51,160090.0,-72.22,-37.25,-38.35,-15.25,0.84,37.1,-9.09,0.3,2.24,0.6141565,6.743245e-05,2.7099786,3,Transformer+VAE+LSTM
[LN1242   ] [chunk_19_phase_5_optimization.py] [info] 71,22.447817,4.5293684,132.05,126.37,14.184238,5.2637777,1645.0,-4.48,34.85,-17.68,-19.66,1320000.0,-17.67,-11.06,-7.73,-1.47,5.0,39.6,-1.49,1.09,-4.3,24.007473,1.0745635e-05,27.900137,3,Transformer+VAE+LSTM
[LN1243   ] [chunk_19_phase_5_optimization.py] [info] 72,23.07178,3.9619553,53.37,54.55,14.624941,4.310933,773.0,-17.01,-22.38,-9.56,-13.05,2190000.0,-7.56,-1.44,1.45,1.2,1.38,52.62,3.02,1.02,2.21,12.6538725,6.6780553e-06,13.768454,3,Transformer+VAE+LSTM
[LN1244   ] [chunk_19_phase_5_optimization.py] [info] 73,19.453508,1.0647107,4.75,4.77,14.890473,3.1599748,5464.0,35.89,22.62,-21.62,-64.72,6760000.0,-21.93,-26.27,-22.56,-22.49,0.62,36.06,-14.97,0.43,0.42,1.5095057,2.2027327e-06,4.48009,3,Transformer+VAE+LSTM
[LN1245   ] [chunk_19_phase_5_optimization.py] [info] 74,15.98113,0.8241754,1.5,1.61,12.464938,2.733718,3584.0,-62.73,-86.14,-45.17,-49.69,237990.0,-21.08,-0.92,0.0,3.44,0.14,52.56,14.18,1.09,7.33,0.5889415,5.2375894e-05,1.9534675,3,Transformer+VAE+LSTM
[LN1246   ] [chunk_19_phase_5_optimization.py] [info] 75,16.6499,0.53649336,0.99,1.0,10.803222,2.501436,3570.0,-76.78,0.0,-65.47,-76.34,3460000.0,-22.61,-4.84,-14.68,-10.48,0.1,39.94,-8.41,0.01,0.69,0.39977038,3.1223185e-06,1.8639559,3,Transformer+VAE+LSTM
[LN1247   ] [chunk_19_phase_5_optimization.py] [info] 76,17.21804,0.9516579,1.65,1.76,12.132211,3.4965076,3998.0,-85.43,-94.13,-45.75,-30.16,40080.0,-44.63,-25.82,-30.38,-10.9,0.2,38.0,0.0,4.63,6.67,0.50335944,0.00030269986,1.8494041,3,Transformer+VAE+LSTM
[LN1248   ] [chunk_19_phase_5_optimization.py] [info] 77,23.618073,4.1691427,68.58,67.37,14.759964,4.4686627,3400.0,-11.63,-13.69,-8.6,-10.19,2590000.0,-5.87,-0.85,3.33,0.71,1.42,50.93,1.16,0.99,-1.76,15.0760975,5.698828e-06,16.159197,3,Transformer+VAE+LSTM
[LN1249   ] [chunk_19_phase_5_optimization.py] [info] 78,24.99715,5.922409,394.06,402.85,13.383191,6.254021,4414.0,-5.18,-16.1,-12.89,-11.81,643920.0,-22.18,-12.57,-16.18,-7.82,12.15,35.68,2.65,1.01,2.23,64.41456,2.0783935e-05,68.0213,3,Transformer+VAE+LSTM
[LN1250   ] [chunk_19_phase_5_optimization.py] [info] 79,20.962282,4.729156,122.65,117.21,13.31506,5.0236173,3153.0,-0.93,3.13,-12.97,-9.59,103560.0,-14.92,-14.72,-14.89,-12.91,4.47,17.46,-10.54,5.85,-4.44,23.331793,0.00012857337,24.784548,3,Transformer+VAE+LSTM
[LN1251   ] [chunk_19_phase_5_optimization.py] [info] 80,25.517733,4.385645,95.9,94.21,16.026062,4.6088634,3328.0,17.94,3.49,5.24,11.76,7010000.0,1.37,-0.1,-1.6,-1.77,1.86,44.01,-0.87,1.3,-1.76,20.441048,2.2861714e-06,21.481447,3,Transformer+VAE+LSTM
[LN1252   ] [chunk_19_phase_5_optimization.py] [info] 81,15.598902,0.79750717,1.48,1.45,11.459989,2.598979,5094.0,-77.52,-72.9,-34.61,-50.51,152120.0,10.69,1.81,4.32,-4.01,0.11,47.22,-3.33,0.62,-2.03,0.5579114,7.5335185e-05,1.8181654,3,Transformer+VAE+LSTM
[LN1253   ] [chunk_19_phase_5_optimization.py] [info] 82,22.763187,3.7614326,73.65,72.98,13.222614,4.7734776,1264.0,44.83,48.61,4.3,1.66,891120.0,6.87,-4.31,-12.95,-9.84,3.76,40.05,-8.17,0.62,-0.91,15.288645,1.4838197e-05,19.402182,3,Transformer+VAE+LSTM
[LN1254   ] [chunk_19_phase_5_optimization.py] [info] 83,16.45099,0.37156355,0.63,0.65,13.673071,2.6672282,4010.0,-94.4,-94.04,-74.54,-53.2,5490000.0,-34.09,2.15,-2.15,8.57,0.1,52.03,15.34,0.16,3.08,0.24369869,2.4905412e-06,1.7493641,3,Transformer+VAE+LSTM
[LN1255   ] [chunk_19_phase_5_optimization.py] [info] 84,23.23854,4.0800767,63.37,60.99,15.546857,4.3126764,1728.0,-8.42,-10.3,-3.98,-3.82,1810000.0,2.28,-0.09,1.89,-1.48,1.23,43.78,-1.96,3.12,-3.76,14.14203,8.5894235e-06,14.948249,3,Transformer+VAE+LSTM
[LN1256   ] [chunk_19_phase_5_optimization.py] [info] 85,21.073923,1.9125011,7.45,7.81,13.324893,2.5352829,2922.0,-28.87,-27.95,-28.22,-30.39,826830.0,-31.79,-20.82,-17.7,-2.03,0.88,42.76,-4.05,0.74,4.83,3.0805242,1.6115639e-05,4.0836577,3,Transformer+VAE+LSTM
[LN1257   ] [chunk_19_phase_5_optimization.py] [info] 86,21.8611,3.21165,29.09,28.02,13.444775,3.8141897,5903.0,6.99,0.07,-14.3,-17.1,693970.0,-24.62,-12.96,-13.76,-10.4,1.3,34.92,-2.84,0.99,-3.68,7.3462524,1.937371e-05,8.724488,3,Transformer+VAE+LSTM
[LN1258   ] [chunk_19_phase_5_optimization.py] [info] 87,15.814284,0.9439059,1.89,1.99,10.302062,3.5336866,2831.0,-92.12,-93.25,-73.57,-75.31,149020.0,-11.16,-0.13,-7.44,-7.18,0.19,46.17,-6.13,0.2,5.29,0.56315124,6.9132075e-05,2.1082609,3,Transformer+VAE+LSTM
[LN1259   ] [chunk_19_phase_5_optimization.py] [info] 88,21.445972,2.1701958,9.52,10.11,14.24443,3.256942,586.0,-46.88,-13.17,-39.71,-51.72,1120000.0,-36.29,-4.27,-0.49,11.94,0.73,55.07,5.53,1.37,6.2,3.1041389,1.2718241e-05,4.6585655,3,Transformer+VAE+LSTM
[LN1260   ] [chunk_19_phase_5_optimization.py] [info] 89,15.345905,1.3217559,3.2,3.33,12.105506,8.288032,2292.0,-99.73,-99.9,-98.57,-98.19,301270.0,-24.15,-6.93,-6.98,-12.94,0.42,40.06,-16.33,0.6,4.06,0.40178418,4.0181585e-05,2.519376,3,Transformer+VAE+LSTM
[LN1261   ] [chunk_19_phase_5_optimization.py] [info] 90,20.197817,1.3737155,3.53,3.73,14.956669,2.692598,5318.0,-62.96,-72.59,-36.87,-34.68,4730000.0,-35.91,-10.04,-15.42,-1.8,0.29,45.76,1.36,0.66,5.67,1.3852792,3.1620864e-06,2.7152636,3,Transformer+VAE+LSTM
[LN1262   ] [chunk_19_phase_5_optimization.py] [info] 91,14.834358,0.41210964,0.54,0.63,16.308174,3.772301,2818.0,-97.82,-97.95,-89.95,-88.99,5370000.0,-71.03,-33.21,-27.19,-20.05,0.2,42.97,-15.86,2.25,17.48,0.16700682,3.0369038e-06,1.5287193,3,Transformer+VAE+LSTM
[LN1263   ] [chunk_19_phase_5_optimization.py] [info] 92,17.891182,1.7833912,4.98,5.12,11.502057,2.6282852,4882.0,-46.67,-53.83,-36.38,-53.11,70930.0,-39.41,-12.93,-22.78,-7.71,0.29,35.73,-4.3,1.39,2.81,1.9480382,0.00016216068,2.8709347,3,Transformer+VAE+LSTM
[LN1264   ] [chunk_19_phase_5_optimization.py] [info] 93,17.690247,0.81536484,1.36,1.46,15.8090315,1.4996231,3255.0,-26.26,-45.11,-15.75,-30.48,470600.0,-14.12,-6.69,-8.75,-6.2,0.11,46.13,8.15,15.6,7.35,0.973578,3.359335e-05,1.7906095,3,Transformer+VAE+LSTM
[LN1265   ] [chunk_19_phase_5_optimization.py] [info] 94,13.815512,0.59332687,1.0,1.0,9.152711,4.484132,5807.0,-94.2,-98.79,-84.75,-58.44,742990.0,-24.81,-19.82,-35.9,-16.25,0.11,35.15,-9.09,0.01,0.0,0.2230086,1.2318755e-05,1.6854117,3,Transformer+VAE+LSTM
[LN1266   ] [chunk_19_phase_5_optimization.py] [info] 95,20.294971,3.115735,114.31,117.3,11.628315,5.221814,3820.0,270.15,425.54,24.15,-16.52,175780.0,23.45,20.82,16.94,11.69,8.15,62.54,21.3,0.64,2.62,22.463457,6.615266e-05,37.647617,3,Transformer+VAE+LSTM
[LN1267   ] [chunk_19_phase_5_optimization.py] [info] 96,17.071297,1.2383742,2.55,2.34,11.955969,6.329721,5839.0,-99.27,0.0,-98.27,-98.5,652840.0,-94.96,-80.25,-60.84,-26.55,1.25,28.31,-12.03,0.24,-8.24,0.36968455,1.8313782e-05,1.8895742,3,Transformer+VAE+LSTM
[LN1268   ] [chunk_19_phase_5_optimization.py] [info] 97,16.591219,0.96698385,3.13,3.23,12.1412945,3.8918202,1423.0,-76.9,-76.25,-51.59,-34.62,7690000.0,27.17,-24.65,-46.17,-21.28,0.78,38.22,-11.26,0.02,3.19,0.8299458,1.5788419e-06,3.3402832,3,Transformer+VAE+LSTM
[LN1269   ] [chunk_19_phase_5_optimization.py] [info] 98,18.629644,0.7514161,1.27,1.26,14.463993,1.899118,1477.0,-70.28,-63.16,-45.42,-43.24,1500000.0,-13.7,-12.96,-13.7,-1.22,0.11,46.19,3.28,1.27,-0.79,0.66346586,9.642662e-06,1.6768339,3,Transformer+VAE+LSTM
[LN1270   ] [chunk_19_phase_5_optimization.py] [info] 99,24.226719,4.191925,68.36,68.03,15.377864,4.51983,1381.0,-11.53,-11.5,-10.36,-5.67,4180000.0,-11.27,-1.48,-0.48,1.19,1.45,50.74,3.91,1.14,-0.48,15.051451,3.678915e-06,16.22882,3,Transformer+VAE+LSTM
[LN1271   ] [chunk_19_phase_5_optimization.py] [info] 100,18.985313,1.1505721,4.05,4.13,14.083482,3.8048832,3016.0,-85.46,75.36,-55.79,-60.89,2130000.0,-35.97,-11.64,-10.22,-11.83,0.4,40.53,-8.02,0.61,1.98,1.0854473,6.6119633e-06,3.5895188,3,Transformer+VAE+LSTM
[LN1272   ] [chunk_19_phase_5_optimization.py] [info] 101,25.22452,4.9648705,156.95,157.45,15.573894,5.2488647,2624.0,5.66,-5.34,-7.83,-3.39,3260000.0,-14.63,-6.78,-6.31,-1.46,2.72,37.68,2.67,1.78,0.32,29.996964,4.777268e-06,31.71281,3,Transformer+VAE+LSTM
[LN1273   ] [chunk_19_phase_5_optimization.py] [info] 102,15.568183,0.41871032,1.39,1.39,0.0,2.3978953,3015.0,-64.8,-83.85,-51.44,-66.51,395590.0,-47.15,7.56,-4.79,92.12,0.15,67.12,124.3,0.0,0.0,0.579675,0.0,3.3197174,3,Transformer+VAE+LSTM
[LN1274   ] [chunk_19_phase_5_optimization.py] [info] 103,21.627483,3.0286834,20.53,21.52,15.15156,3.859044,4854.0,-44.48,-48.93,-23.84,-7.12,2170000.0,-21.94,-16.18,-21.26,-8.82,1.1,35.21,-1.24,1.75,4.82,5.5765104,6.9822854e-06,7.1053977,3,Transformer+VAE+LSTM
[LN1275   ] [chunk_19_phase_5_optimization.py] [info] 104,24.800972,4.639765,106.21,108.08,15.34227,4.935768,1775.0,-11.83,-14.02,-9.61,-4.74,3270000.0,-8.71,-6.47,-7.39,-1.49,2.32,39.38,0.77,1.41,1.76,21.8973,4.691826e-06,23.294285,3,Transformer+VAE+LSTM
[LN1276   ] [chunk_19_phase_5_optimization.py] [info] 105,20.871685,3.193763,31.13,31.78,13.962406,4.2143474,1319.0,-41.35,-52.76,-11.34,-16.87,1430000.0,20.84,9.56,7.36,6.74,1.33,59.87,4.27,0.81,2.09,7.5409064,9.76392e-06,9.950644,3,Transformer+VAE+LSTM
[LN1277   ] [chunk_19_phase_5_optimization.py] [info] 106,16.594952,0.48242614,0.75,0.59,15.504388,0.8329091,573.0,-42.0,-39.15,-34.95,-34.91,83010.0,-25.37,-17.88,-19.75,-19.97,0.05,26.76,-19.74,65.21,-21.87,0.7083606,0.00018677735,1.2229851,3,Transformer+VAE+LSTM
[LN1278   ] [chunk_19_phase_5_optimization.py] [info] 107,23.081285,3.1705256,24.75,26.89,14.967516,3.8801196,5863.0,-36.74,8.12,-18.88,-16.59,2450000.0,-18.91,-2.8,-3.03,6.0,1.63,53.03,1.93,1.29,8.65,6.930199,6.10919e-06,8.481244,3,Transformer+VAE+LSTM
[LN1279   ] [chunk_19_phase_5_optimization.py] [info] 108,16.074144,0.29266962,0.49,0.44,13.367145,1.6292405,104.0,-87.88,0.0,-64.57,-76.72,1120000.0,-18.09,-3.05,-2.98,-2.74,0.06,47.52,4.73,0.57,-9.99,0.27006447,1.1934951e-05,1.5034016,3,Transformer+VAE+LSTM
[LN1280   ] [chunk_19_phase_5_optimization.py] [info] 109,16.170689,1.446919,3.33,3.37,10.8160715,4.1658897,4853.0,-88.82,-92.57,-73.32,-75.84,497660.0,-73.98,-31.85,-12.58,-8.63,0.33,32.64,-5.34,0.1,1.2,0.80895084,2.1733857e-05,2.3290868,3,Transformer+VAE+LSTM
[LN1281   ] [chunk_19_phase_5_optimization.py] [info] 110,17.848688,1.0224509,1.8,1.57,13.725855,2.0605135,5336.0,-69.22,-71.81,-52.83,-55.65,300280.0,-47.49,-31.95,-39.38,-25.25,0.16,25.04,-25.24,3.04,-12.78,0.76194596,4.571019e-05,1.535526,3,Transformer+VAE+LSTM
[LN1282   ] [chunk_19_phase_5_optimization.py] [info] 111,18.09023,1.2383742,2.63,2.6,10.390993,4.3307333,1454.0,-75.93,-74.85,-69.24,-75.24,65940.0,-50.1,-25.13,-18.24,-6.51,0.27,38.26,-0.76,0.49,-1.14,0.6003602,0.00015758254,2.099527,3,Transformer+VAE+LSTM
[LN1283   ] [chunk_19_phase_5_optimization.py] [info] 112,18.09675,1.7137979,10.15,8.93,11.908414,4.731803,2551.0,-89.27,-75.37,-67.94,-71.87,45510.0,52.91,13.69,12.33,14.31,0.96,57.08,31.71,3.26,-12.02,1.8872299,0.00026166587,5.2106495,3,Transformer+VAE+LSTM
[LN1284   ] [chunk_19_phase_5_optimization.py] [info] 113,16.98897,0.5653138,1.11,1.01,11.547617,2.104134,3106.0,-72.7,0.0,-43.69,-76.18,117930.0,-4.7,-4.2,-4.72,-6.35,0.1,45.01,3.79,0.88,-9.01,0.4800074,9.791925e-05,1.7866182,3,Transformer+VAE+LSTM
[LN1285   ] [chunk_19_phase_5_optimization.py] [info] 114,16.666218,0.79299253,1.27,1.37,17.69126,3.2445436,4436.0,-83.88,0.0,-49.4,-57.83,1840000.0,-55.52,-11.89,6.2,5.34,0.13,48.8,7.87,26.2,7.87,0.42224738,9.614815e-06,1.7276329,3,Transformer+VAE+LSTM
[LN1286   ] [chunk_19_phase_5_optimization.py] [info] 115,14.214288,0.25464222,0.3,0.3,14.281957,5.5451775,100.0,-99.37,-99.89,-95.74,-87.0,999200.0,-74.87,-64.34,-69.85,-47.87,0.07,19.79,-29.08,1.6,-0.27,0.054101065,1.4293391e-05,1.1781235,3,Transformer+VAE+LSTM
[LN1287   ] [chunk_19_phase_5_optimization.py] [info] 116,18.41928,1.5260563,3.96,4.02,11.653574,2.7186604,4441.0,-68.59,-61.79,-42.18,-59.35,650700.0,-30.33,-19.44,-23.43,-19.94,0.37,34.07,-25.28,0.18,1.52,1.4786694,1.7909288e-05,2.6342409,3,Transformer+VAE+LSTM
[LN1288   ] [chunk_19_phase_5_optimization.py] [info] 117,16.512836,0.45742485,0.64,0.65,11.157636,1.8625286,2260.0,-62.6,-85.65,-58.05,-64.37,3090000.0,-78.58,-14.02,-13.65,-5.27,0.07,38.2,1.94,0.02,1.08,0.34898794,3.6108852e-06,1.4209985,3,Transformer+VAE+LSTM
[LN1289   ] [chunk_19_phase_5_optimization.py] [info] 118,22.481123,4.569854,102.5,101.96,13.268325,4.9183006,656.0,-8.02,-21.69,-14.18,-14.84,642800.0,-11.39,-7.46,-5.17,-0.3,2.37,43.06,3.14,0.9,-0.53,20.730738,2.0641452e-05,22.311436,3,Transformer+VAE+LSTM
[LN1290   ] [chunk_19_phase_5_optimization.py] [info] 119,18.528639,1.2974632,2.83,3.0,9.950514,2.2407098,2516.0,-45.95,-40.36,-40.3,-48.98,9860.0,-27.54,-19.36,-21.88,-11.1,0.23,27.46,-9.09,2.13,6.01,1.3388615,0.00100918,2.3122044,3,Transformer+VAE+LSTM
[LN1291   ] [chunk_19_phase_5_optimization.py] [info] 120,22.117033,3.183456,25.86,25.3,13.850266,4.122446,5535.0,-52.58,-41.04,-29.94,-36.01,1600000.0,-26.05,0.98,1.57,1.06,0.88,50.54,3.77,0.65,-2.17,6.137133,8.656417e-06,7.947338,3,Transformer+VAE+LSTM
[LN1292   ] [chunk_19_phase_5_optimization.py] [info] 121,24.339037,5.502033,244.94,243.92,14.510762,6.082356,1110.0,-28.84,-22.67,-28.21,-27.26,2190000.0,-21.25,-8.02,-7.39,-7.93,7.64,31.44,-4.47,0.92,-0.42,40.102882,6.6259186e-06,44.3327,3,Transformer+VAE+LSTM
[LN1293   ] [chunk_19_phase_5_optimization.py] [info] 122,13.955274,0.5596158,0.78,0.87,15.94398,7.613577,4875.0,-99.82,-99.96,-98.14,-98.38,4500000.0,-88.95,-57.96,-42.27,-32.68,0.27,30.28,-27.83,1.87,11.01,0.11426955,3.5431067e-06,1.554638,3,Transformer+VAE+LSTM
[LN1294   ] [chunk_19_phase_5_optimization.py] [info] 123,17.84798,0.87546873,2.53,2.7,10.846381,3.4676092,1123.0,-35.87,0.0,-45.19,-34.31,3450000.0,-9.09,-1.19,8.87,-5.91,0.43,47.77,6.72,0.01,6.72,0.7786345,3.1438785e-06,3.084062,3,Transformer+VAE+LSTM
[LN1295   ] [chunk_19_phase_5_optimization.py] [info] 124,18.988605,1.3350011,3.0,3.04,14.392889,2.7694588,2746.0,-78.05,-74.45,-52.01,-35.18,358450.0,-39.2,-37.8,-47.68,-28.18,0.59,33.67,0.0,4.97,1.33,1.0976874,4.015313e-05,2.2771518,3,Transformer+VAE+LSTM
[LN1296   ] [chunk_19_phase_5_optimization.py] [info] 125,18.054966,0.85441536,3.1,3.09,12.399689,3.3261147,5805.0,-85.96,-79.23,-49.87,-44.98,3910000.0,69.78,-7.21,-13.45,-4.57,0.26,46.82,4.04,0.06,-0.32,0.9290119,3.171276e-06,3.616508,3,Transformer+VAE+LSTM
[LN1297   ] [chunk_19_phase_5_optimization.py] [info] 126,16.233208,0.17395331,0.21,0.22,14.944746,0.90421814,1041.0,-79.81,-82.0,-71.66,-74.18,2650000.0,-65.71,-54.67,-62.64,-42.37,0.04,21.39,3.75,1.17,4.15,0.24330412,5.639527e-06,1.2647071,3,Transformer+VAE+LSTM
[LN1298   ] [chunk_19_phase_5_optimization.py] [info] 127,18.564781,0.9122827,1.75,1.78,9.191973,3.5536323,5862.0,-84.11,-83.21,-77.22,-83.68,1770000.0,-20.89,2.92,9.2,1.45,0.15,48.47,2.89,0.01,1.71,0.5008959,5.1932047e-06,1.9511496,3,Transformer+VAE+LSTM
[LN1299   ] [chunk_19_phase_5_optimization.py] [info] 128,24.330664,4.7335634,189.95,191.31,14.013467,5.423319,2050.0,62.69,44.13,14.64,11.64,816010.0,17.48,-4.51,-8.74,-9.1,6.91,37.58,-11.08,1.49,0.72,35.275448,1.7173155e-05,40.41564,3,Transformer+VAE+LSTM
[LN1300   ] [chunk_19_phase_5_optimization.py] [info] 129,13.399997,0.14842,3.2,2.87,10.532069,3.8971124,1629.0,79.37,9.33,-59.19,-59.58,95440.0,-39.71,-32.52,-47.53,-17.85,0.43,33.31,-8.45,0.39,-10.31,0.7364427,0.00011035278,19.337015,3,Transformer+VAE+LSTM
[LN1301   ] [chunk_19_phase_5_optimization.py] [info] 130,17.870594,1.541159,3.67,3.91,10.45582,2.7073834,2226.0,-60.88,-66.75,-41.21,-24.81,22640.0,-50.25,-36.94,-43.23,-22.87,0.38,26.72,-15.37,1.53,6.54,1.4441988,0.0004618295,2.5370514,3,Transformer+VAE+LSTM
[LN1302   ] [chunk_19_phase_5_optimization.py] [info] 131,20.845484,0.4054651,3.58,2.84,20.47547,2.162173,911.0,-24.47,-54.85,-6.91,11.37,104000000.0,-21.98,20.87,-2.07,43.72,0.83,56.97,446.15,7.5,-20.67,1.3134935,1.9687953e-07,7.0043015,3,Transformer+VAE+LSTM
[LN1303   ] [chunk_19_phase_5_optimization.py] [info] 132,22.334702,3.4781585,50.38,52.1,15.632564,4.579134,5462.0,-15.38,-0.84,-12.79,11.54,7320000.0,-37.63,-13.32,-14.04,1.62,3.36,45.34,9.03,0.84,3.41,11.377697,2.135596e-06,14.979191,3,Transformer+VAE+LSTM
[LN1304   ] [chunk_19_phase_5_optimization.py] [info] 133,17.421553,0.3001046,0.37,0.4,15.724908,2.084429,5703.0,-89.43,0.0,-79.84,-90.56,2900000.0,-57.14,-59.85,-59.02,-37.93,0.11,26.8,-21.22,2.33,9.04,0.19189906,5.422382e-06,1.3328686,3,Transformer+VAE+LSTM
[LN1305   ] [chunk_19_phase_5_optimization.py] [info] 134,10.819798,0.0861777,0.1,0.09,14.05349,25.65052,702.0,-100.0,-100.0,-100.0,-100.0,2010000.0,-100.0,-99.75,-98.59,-92.3,937.94,11.87,-12.52,0.63,-13.2,0.0035087008,6.991786e-06,1.0443536,3,Transformer+VAE+LSTM
[LN1306   ] [chunk_19_phase_5_optimization.py] [info] 135,22.590443,3.9906492,61.4,63.54,14.322892,4.275554,1909.0,1.76,-1.4,2.73,1.5,697140.0,5.02,-1.06,-2.64,3.1,1.5,56.38,7.44,2.38,3.49,14.861231,2.0545216e-05,15.922221,3,Transformer+VAE+LSTM
[LN1307   ] [chunk_19_phase_5_optimization.py] [info] 136,21.694044,3.8661885,57.51,54.19,14.142206,5.1063695,2088.0,-63.41,-60.4,-34.72,-27.86,1540000.0,-23.42,-0.27,9.7,3.56,2.56,52.47,1.01,0.9,-5.77,10.612236,9.183251e-06,14.016389,3,Transformer+VAE+LSTM
[LN1308   ] [chunk_19_phase_5_optimization.py] [info] 137,15.245822,1.7917595,7.55,6.75,10.021092,4.5325994,636.0,-83.33,-88.16,-60.14,-52.46,136680.0,-23.74,0.08,7.14,-10.74,0.89,45.36,-16.77,0.16,-10.6,1.4892117,7.331792e-05,3.7672467,3,Transformer+VAE+LSTM
[LN1309   ] [chunk_19_phase_5_optimization.py] [info] 138,21.059738,2.5055258,11.82,14.02,16.101828,3.583519,4911.0,-38.78,-25.94,-41.92,-28.51,3970000.0,-51.05,-35.36,-35.57,-16.71,1.84,37.37,6.86,2.48,18.61,3.9123554,4.055876e-06,5.5956316,3,Transformer+VAE+LSTM
[LN1310   ] [chunk_19_phase_5_optimization.py] [info] 139,15.814284,0.48242614,0.67,0.68,11.99624,2.439735,3413.0,-91.52,-91.98,-87.4,-90.45,186590.0,-78.47,-44.53,-43.48,-17.05,0.1,22.9,-0.26,0.87,1.68,0.2787188,6.429198e-05,1.4095421,3,Transformer+VAE+LSTM
[LN1311   ] [chunk_19_phase_5_optimization.py] [info] 140,16.939196,1.8277699,6.19,6.3,11.713602,3.516904,2778.0,-73.75,-51.54,-40.12,-42.43,96800.0,-33.33,-1.37,1.61,0.81,0.4,50.66,8.25,1.26,1.78,1.7913482,0.00012100829,3.4468234,3,Transformer+VAE+LSTM
[LN1312   ] [chunk_19_phase_5_optimization.py] [info] 141,22.599672,4.8405585,182.81,160.2,13.798608,5.2805605,4410.0,2.13,9.12,-1.86,15.14,324130.0,-12.27,-13.35,-13.21,-13.08,6.11,25.4,-12.29,3.03,-12.37,30.337688,4.2571213e-05,33.095356,3,Transformer+VAE+LSTM
[LN1313   ] [chunk_19_phase_5_optimization.py] [info] 142,21.674923,4.6105556,109.11,73.89,16.464182,4.9928784,2806.0,-44.24,-42.18,-37.29,-39.17,414330.0,-31.9,-29.14,-28.24,-27.98,5.48,19.93,-28.35,34.12,-32.28,14.799078,3.973688e-05,16.026268,3,Transformer+VAE+LSTM
[LN1314   ] [chunk_19_phase_5_optimization.py] [info] 143,15.15314,0.44468582,0.67,0.61,13.260964,2.2321627,1771.0,-88.61,-92.41,-61.14,-54.13,498420.0,-53.26,-29.33,4.1,-12.08,0.08,40.0,-22.31,1.15,-8.26,0.27327758,2.6606005e-05,1.371755,3,Transformer+VAE+LSTM
[LN1315   ] [chunk_19_phase_5_optimization.py] [info] 144,17.089252,0.74668795,1.23,1.27,12.046455,2.237513,4392.0,-80.38,-84.45,-53.61,-43.96,378960.0,-41.24,-19.11,-16.12,-10.76,0.14,38.91,-0.39,0.45,3.66,0.56759447,3.1788197e-05,1.7008444,3,Transformer+VAE+LSTM
[LN1316   ] [chunk_19_phase_5_optimization.py] [info] 145,18.437439,1.2470323,2.87,3.23,14.310337,2.9204698,476.0,-72.16,-7.18,-40.81,-23.19,485120.0,-38.83,-16.21,-21.98,-27.48,0.48,37.37,-31.86,3.38,12.74,1.1059865,2.9498551e-05,2.5901494,3,Transformer+VAE+LSTM
[LN1317   ] [chunk_19_phase_5_optimization.py] [info] 146,16.30789,0.37156355,0.86,0.73,12.789723,1.686399,1125.0,-81.72,-26.88,-67.15,-74.25,384200.0,-32.92,-1.39,5.89,12.35,0.18,51.01,16.06,0.93,-14.98,0.43287504,3.328923e-05,1.9646705,3,Transformer+VAE+LSTM
[LN1318   ] [chunk_19_phase_5_optimization.py] [info] 147,15.51479,0.8329091,1.49,1.55,11.006391,3.0773122,1879.0,-87.19,-92.4,-45.26,-37.55,380020.0,-19.27,-21.88,-25.12,2.14,0.2,45.42,13.97,0.16,4.03,0.5036863,2.8962662e-05,1.8609473,3,Transformer+VAE+LSTM
[LN1319   ] [chunk_19_phase_5_optimization.py] [info] 148,21.322102,2.5541217,12.12,11.88,14.782221,3.0823686,3750.0,-29.2,-32.88,-30.09,-38.57,1590000.0,-33.93,-13.42,-10.0,-5.16,0.35,30.55,-1.57,1.66,-1.98,3.854179,9.296994e-06,4.651305,3,Transformer+VAE+LSTM
[LN1320   ] [chunk_19_phase_5_optimization.py] [info] 149,16.042294,0.46373403,1.0,1.04,12.583121,2.0202222,5842.0,-65.33,-75.0,-40.93,-49.02,3550000.0,9.47,16.34,55.53,-12.21,0.17,48.82,-0.95,0.08,4.0,0.5147949,3.5445412e-06,2.2426648,3,Transformer+VAE+LSTM
[LN1321   ] [chunk_19_phase_5_optimization.py] [info] 150,15.997057,0.41210964,0.61,0.62,10.31659,3.4965076,4345.0,-85.9,-87.26,-89.0,-78.85,1660000.0,-97.87,-18.37,-27.94,-11.96,0.12,30.27,2.76,0.02,1.75,0.1773198,6.2148133e-06,1.5044539,3,Transformer+VAE+LSTM
[LN1322   ] [chunk_19_phase_5_optimization.py] [info] 151,20.562428,0.7030975,1.69,1.85,10.847413,2.8039663,4931.0,-72.95,-85.47,-60.69,-61.05,407270.0,-73.68,2.21,-13.15,-5.83,0.21,45.43,0.0,0.13,9.47,0.65977967,2.663445e-05,2.631214,3,Transformer+VAE+LSTM
[LN1323   ] [chunk_19_phase_5_optimization.py] [info] 152,13.981026,1.3350011,2.91,3.1,11.4685135,7.69594,1026.0,-99.62,-99.76,-97.3,-95.22,691950.0,-80.63,-56.72,-45.04,-32.83,0.71,30.12,-15.53,0.14,6.53,0.4028098,1.6574195e-05,2.3220954,3,Transformer+VAE+LSTM
[LN1324   ] [chunk_19_phase_5_optimization.py] [info] 153,0.0,1.2059708,2.55,2.55,8.724695,3.4339871,4687.0,-78.11,-76.4,-69.52,-77.94,321160.0,-49.6,-18.29,-5.9,-2.37,0.28,42.68,0.39,0.02,0.0,0.742577,2.7166194e-05,2.114479,3,Transformer+VAE+LSTM
[LN1325   ] [chunk_19_phase_5_optimization.py] [info] 154,16.146683,0.64185387,0.98,1.03,11.004863,1.5040774,455.0,-57.08,-64.73,-36.53,-45.79,106290.0,-24.26,0.69,-0.96,-3.74,0.07,47.17,0.98,0.57,5.09,0.68480515,0.0001035362,1.6047266,3,Transformer+VAE+LSTM
[LN1326   ] [chunk_19_phase_5_optimization.py] [info] 155,17.437181,1.5040774,3.8,4.03,11.458586,4.298645,3084.0,-90.96,-92.48,-73.71,-66.77,177200.0,-66.17,-30.34,-40.72,-14.03,0.52,37.71,-3.36,0.53,6.05,0.9375047,6.46647e-05,2.6793833,3,Transformer+VAE+LSTM
[LN1327   ] [chunk_19_phase_5_optimization.py] [info] 156,16.571081,1.408545,4.55,4.9,10.650815,5.4310985,2376.0,-90.93,-96.32,-41.13,-31.94,303460.0,-17.51,15.49,22.81,11.22,0.55,54.7,4.93,0.14,7.69,0.9022116,3.509792e-05,3.4787672,3,Transformer+VAE+LSTM
[LN1328   ] [chunk_19_phase_5_optimization.py] [info] 157,19.344423,1.8515995,6.68,6.25,13.9380245,7.09091,2540.0,-98.76,-98.46,-96.49,-97.18,846280.0,-24.43,-45.26,-61.01,-54.52,2.48,32.85,-60.74,1.34,-6.44,0.8814102,1.6469756e-05,3.37546,3,Transformer+VAE+LSTM
[LN1329   ] [chunk_19_phase_5_optimization.py] [info] 158,16.526224,1.22083,3.09,2.91,13.046104,2.383243,1191.0,-59.81,-55.37,-41.26,-43.6,152440.0,-33.26,-6.62,11.92,-6.23,0.27,41.4,-11.28,3.04,-5.83,1.2210253,8.5581894e-05,2.3836243,3,Transformer+VAE+LSTM
[LN1330   ] [chunk_19_phase_5_optimization.py] [info] 159,15.134597,0.48858002,0.64,0.72,14.067016,1.0260416,5828.0,-36.42,-58.0,-21.16,-32.25,1860000.0,-13.99,-13.64,-16.76,-14.18,0.11,42.73,-15.51,0.69,12.24,0.7017259,7.5629114e-06,1.4736583,3,Transformer+VAE+LSTM
[LN1331   ] [chunk_19_phase_5_optimization.py] [info] 160,15.477541,0.32930374,0.48,0.42,13.54271,2.1972246,713.0,-89.93,0.0,-79.25,-90.32,691720.0,-48.02,-25.85,-28.64,-23.0,0.06,28.9,-13.02,1.1,-11.96,0.19115023,1.9578312e-05,1.2754182,3,Transformer+VAE+LSTM
[LN1332   ] [chunk_19_phase_5_optimization.py] [info] 161,15.088077,0.7030975,1.18,1.22,11.318491,2.7536607,1310.0,-84.11,-83.86,-72.45,-80.63,1600000.0,-41.9,-18.92,-41.06,-14.23,0.18,39.41,-13.48,0.05,3.39,0.4430466,7.0740566e-06,1.735179,3,Transformer+VAE+LSTM
[LN1333   ] [chunk_19_phase_5_optimization.py] [info] 162,22.702887,4.0566425,61.2,63.08,14.444301,4.691623,1747.0,-30.92,-41.5,-20.09,-21.95,1620000.0,-19.45,-2.7,-1.17,1.98,1.87,51.32,4.85,1.16,3.07,13.44524,8.916235e-06,15.549805,3,Transformer+VAE+LSTM
[LN1334   ] [chunk_19_phase_5_optimization.py] [info] 163,15.822382,0.6729445,1.14,1.18,12.998608,2.843746,948.0,-47.32,-91.57,-66.76,-42.44,2370000.0,-26.02,-3.66,-8.53,-1.54,0.13,49.0,7.27,0.19,3.51,0.41494566,5.4846446e-06,1.753488,3,Transformer+VAE+LSTM
[LN1335   ] [chunk_19_phase_5_optimization.py] [info] 164,17.808376,1.4182774,3.19,3.23,12.321177,3.430756,3655.0,-60.75,-62.57,-73.84,-68.11,2450000.0,-88.19,-65.28,-18.23,-8.9,0.46,25.37,-5.28,0.09,1.25,0.9414834,5.029052e-06,2.2774105,3,Transformer+VAE+LSTM
[LN1336   ] [chunk_19_phase_5_optimization.py] [info] 165,24.397032,4.780635,120.21,118.76,14.80382,5.0202556,2958.0,-9.37,-17.65,-10.12,-10.26,2320000.0,-6.77,-5.45,-4.17,-1.83,1.93,35.44,-0.79,1.16,-1.21,23.656166,6.3809566e-06,24.841888,3,Transformer+VAE+LSTM
[LN1337   ] [chunk_19_phase_5_optimization.py] [info] 166,18.741894,0.9242589,2.15,2.18,11.6754265,3.08603,3023.0,-81.83,-80.27,-61.79,-72.75,275280.0,-44.25,-7.33,-5.22,-13.88,0.27,42.04,-11.02,0.43,1.4,0.7064092,4.2412914e-05,2.3586464,3,Transformer+VAE+LSTM
[LN1338   ] [chunk_19_phase_5_optimization.py] [info] 167,15.473739,0.85015094,1.46,1.54,11.171744,6.937314,5062.0,-99.71,-99.88,-97.77,-48.32,98680.0,-6.95,4.08,6.21,2.7,0.08,52.65,-0.65,0.72,5.84,0.22198793,0.00011321184,1.8114431,3,Transformer+VAE+LSTM
[LN1339   ] [chunk_19_phase_5_optimization.py] [info] 168,21.694044,4.0138574,59.6,59.91,13.858557,5.477802,2266.0,-72.06,-73.2,-46.61,-49.38,1650000.0,-35.49,-2.09,3.22,1.8,2.61,50.53,5.9,0.63,0.52,10.93687,8.399125e-06,14.925792,3,Transformer+VAE+LSTM
[LN1340   ] [chunk_19_phase_5_optimization.py] [info] 169,15.576811,0.6729445,1.89,2.45,17.467909,2.6803365,4672.0,-61.96,-77.06,-41.18,-69.37,621220.0,27.6,23.06,11.87,9.64,0.29,59.31,11.87,62.08,29.63,0.9140644,2.8118717e-05,3.6407163,3,Transformer+VAE+LSTM
[LN1341   ] [chunk_19_phase_5_optimization.py] [info] 170,18.541924,1.5107219,3.79,3.57,10.452504,2.8243506,3174.0,-66.64,-55.98,-51.36,-47.42,28690.0,-45.5,-34.83,-41.48,-17.72,0.36,25.43,-7.51,1.21,-5.8,1.2640073,0.0003643257,2.3631086,3,Transformer+VAE+LSTM
[LN1342   ] [chunk_19_phase_5_optimization.py] [info] 171,17.122396,1.0508217,2.35,2.03,13.60544,2.9014215,166.0,-23.4,-49.88,-41.36,-34.52,1680000.0,-31.88,-26.19,-28.77,-26.61,0.16,24.0,-25.91,0.48,-13.62,0.699657,8.098476e-06,1.9318217,3,Transformer+VAE+LSTM
[LN1343   ] [chunk_19_phase_5_optimization.py] [info] 172,20.16955,1.943049,7.28,7.64,13.957604,3.2315946,1238.0,-66.9,-64.28,-37.08,-55.37,1340000.0,11.86,5.14,10.09,4.59,0.56,53.02,2.14,0.86,4.95,2.364158,1.0416123e-05,3.9319649,3,Transformer+VAE+LSTM
[LN1344   ] [chunk_19_phase_5_optimization.py] [info] 173,16.090725,1.0919234,2.32,2.38,9.48052,2.9657884,2091.0,-77.03,-49.25,-43.71,-51.08,71370.0,-25.06,3.0,2.59,4.99,0.18,53.01,9.58,0.18,2.72,0.80248475,0.00013283621,2.1796403,3,Transformer+VAE+LSTM
[LN1345   ] [chunk_19_phase_5_optimization.py] [info] 174,20.328695,2.1246538,7.85,7.96,13.686381,3.2771447,2195.0,-64.21,-48.78,-40.11,-43.18,1280000.0,-23.9,0.7,-2.33,0.16,0.37,50.37,3.92,0.69,1.4,2.4289436,1.0692485e-05,3.7464926,3,Transformer+VAE+LSTM
[LN1346   ] [chunk_19_phase_5_optimization.py] [info] 175,14.180155,1.0851892,3.31,3.44,9.211539,4.0402403,3591.0,-89.25,-93.48,-62.09,-60.91,143480.0,26.77,-0.28,-13.13,-6.64,0.37,47.63,3.3,0.07,3.93,0.8514345,6.420086e-05,3.1699538,3,Transformer+VAE+LSTM
[LN1347   ] [chunk_19_phase_5_optimization.py] [info] 176,23.503946,4.884089,134.36,134.43,13.638345,5.161237,3249.0,-13.03,-11.91,-11.12,-15.7,820720.0,-11.36,-3.57,-4.27,-0.64,2.05,41.51,2.28,1.02,0.05,26.046082,1.6617538e-05,27.524069,3,Transformer+VAE+LSTM
[LN1348   ] [chunk_19_phase_5_optimization.py] [info] 177,15.194277,1.0818052,2.2,2.21,10.414723,2.4882345,593.0,-60.83,-81.4,-46.12,-46.06,1980000.0,-26.82,-4.63,2.79,-12.67,0.21,40.87,-14.01,0.02,0.45,0.88817996,5.259961e-06,2.0428817,3,Transformer+VAE+LSTM
[LN1349   ] [chunk_19_phase_5_optimization.py] [info] 178,16.331593,1.7227666,4.7,4.91,11.101266,3.742894,2688.0,-60.38,-62.07,-51.86,-58.0,162160.0,-19.34,-11.31,-4.29,-4.15,0.35,41.1,-2.96,0.41,4.47,1.3118191,6.845872e-05,2.850067,3,Transformer+VAE+LSTM
[LN1350   ] [chunk_19_phase_5_optimization.py] [info] 179,17.407053,0.42526773,1.29,1.17,12.58004,2.5431755,4471.0,-86.75,-84.5,-59.18,-58.95,391940.0,54.68,41.81,35.62,19.65,0.15,61.02,-16.43,0.74,-9.65,0.46005476,3.2096854e-05,2.7512078,3,Transformer+VAE+LSTM
[LN1351   ] [chunk_19_phase_5_optimization.py] [info] 180,25.829697,8.318067,5230.59,5093.47,12.646329,8.672556,724.0,2.52,16.72,-1.62,5.5,216170.0,-9.57,-6.31,-7.82,-3.11,147.36,41.07,2.85,1.44,-2.62,587.30896,5.8501777e-05,612.3382,3,Transformer+VAE+LSTM
[LN1352   ] [chunk_19_phase_5_optimization.py] [info] 181,16.149595,0.5187938,0.69,0.71,11.589738,3.0910425,2721.0,-84.01,0.0,-60.38,-44.41,281390.0,-35.9,-20.17,-12.8,-0.52,0.04,38.47,3.46,0.38,2.97,0.22969598,4.1187457e-05,1.3685591,3,Transformer+VAE+LSTM
[LN1353   ] [chunk_19_phase_5_optimization.py] [info] 182,21.426363,4.04987,75.19,72.11,13.180396,4.375002,5013.0,6.85,6.36,7.26,10.07,168290.0,10.75,-0.07,-2.79,1.9,2.53,52.87,4.73,3.15,-4.1,16.482279,7.831954e-05,17.80551,3,Transformer+VAE+LSTM
[LN1354   ] [chunk_19_phase_5_optimization.py] [info] 183,14.173185,1.1085626,2.28,2.96,17.496317,4.8193135,4752.0,-90.36,-96.67,-90.41,-87.88,2380000.0,-92.29,-63.0,-63.0,-26.67,1.18,36.64,-3.9,16.66,29.82,0.6141954,7.351394e-06,2.6701243,3,Transformer+VAE+LSTM
[LN1355   ] [chunk_19_phase_5_optimization.py] [info] 184,21.311052,4.525044,94.08,92.21,11.895354,5.202907,2870.0,-40.56,-44.63,-22.65,-28.89,174100.0,-21.56,-9.92,-6.13,-2.5,2.45,35.65,-0.15,0.84,-1.99,17.722784,6.8324836e-05,20.3777,3,Transformer+VAE+LSTM
[LN1356   ] [chunk_19_phase_5_optimization.py] [info] 185,21.375591,3.2216718,31.06,31.83,14.017125,4.031227,5379.0,-31.5,-29.81,-11.24,-20.76,1790000.0,-11.56,12.29,17.8,3.92,2.24,55.2,3.51,0.69,2.48,7.8958583,7.830796e-06,9.879963,3,Transformer+VAE+LSTM
[LN1357   ] [chunk_19_phase_5_optimization.py] [info] 186,15.345905,1.7800242,8.59,8.05,10.274396,5.406903,1225.0,-88.86,-90.81,-61.38,-35.5,51640.0,-8.73,1.74,-3.36,-12.93,0.64,40.03,-15.17,0.56,-6.24,1.4888376,0.00019896196,4.5224104,3,Transformer+VAE+LSTM
[LN1358   ] [chunk_19_phase_5_optimization.py] [info] 187,14.84513,1.258461,2.58,2.34,12.532736,8.443546,5519.0,-99.78,-99.91,-98.89,-98.05,353560.0,-91.36,-83.23,-72.79,-52.33,1.17,20.0,-28.0,0.78,-9.3,0.27713472,3.544727e-05,1.859414,3,Transformer+VAE+LSTM
[LN1359   ] [chunk_19_phase_5_optimization.py] [info] 188,21.81519,3.4170706,29.64,29.27,15.76454,4.3746243,4513.0,-58.46,-55.35,-36.55,-34.97,1800000.0,-26.48,-15.48,-15.48,-10.22,1.25,27.16,-8.65,3.89,-1.25,6.6908603,8.7580775e-06,8.565816,3,Transformer+VAE+LSTM
[LN1360   ] [chunk_19_phase_5_optimization.py] [info] 189,14.543059,1.5173227,3.74,3.83,11.48259,4.8315086,5029.0,-94.4,-96.78,-85.36,-85.49,664920.0,-54.2,-21.3,-10.52,-7.44,0.51,42.27,-3.77,0.15,2.41,0.79271305,1.726913e-05,2.524183,3,Transformer+VAE+LSTM
[LN1361   ] [chunk_19_phase_5_optimization.py] [info] 190,16.745104,1.2612978,2.76,2.8,8.266165,2.3418057,309.0,-66.02,-65.43,-46.11,-56.25,96710.0,-37.85,-8.95,-6.04,-4.05,0.17,40.1,1.82,0.04,1.45,1.1956584,8.547373e-05,2.2199357,3,Transformer+VAE+LSTM
[LN1362   ] [chunk_19_phase_5_optimization.py] [info] 191,15.384127,0.6729445,2.45,2.02,13.336847,2.6803365,4672.0,-68.63,-82.53,-51.27,-71.91,1220000.0,-0.49,1.16,-7.76,-9.23,0.31,47.22,-1.94,0.51,-17.55,0.7536368,1.0931842e-05,3.0017335,3,Transformer+VAE+LSTM
[LN1363   ] [chunk_19_phase_5_optimization.py] [info] 192,17.65324,2.276241,11.08,10.33,6.783325,2.862201,2722.0,-24.87,-12.16,-16.84,-12.6,3860.0,-24.32,-6.69,-16.96,-10.23,0.41,36.94,-12.09,0.23,-6.77,3.6091108,0.0017573382,4.5381837,3,Transformer+VAE+LSTM
[LN1364   ] [chunk_19_phase_5_optimization.py] [info] 193,15.68114,1.011601,3.81,3.98,12.367749,3.6529932,4960.0,-47.35,-34.65,-41.3,-35.07,4640000.0,-45.18,3.52,3.92,-9.85,0.69,48.45,1.27,0.05,4.46,1.0895175,2.6654632e-06,3.934358,3,Transformer+VAE+LSTM
[LN1365   ] [chunk_19_phase_5_optimization.py] [info] 194,17.686712,1.4906543,6.83,6.0,15.286229,3.566712,637.0,-80.39,-81.37,-45.49,-39.42,148790.0,-28.18,-24.24,-25.74,-18.55,0.71,35.91,-19.14,29.25,-12.15,1.6822217,0.000102736936,4.025078,3,Transformer+VAE+LSTM
[LN1366   ] [chunk_19_phase_5_optimization.py] [info] 195,19.453474,1.8515995,6.25,6.97,13.883559,7.09091,2540.0,-98.61,-98.37,-96.02,-96.86,857120.0,-14.48,-39.05,-54.2,-47.97,2.36,35.35,-31.06,1.25,11.52,0.9829486,1.6197917e-05,3.764313,3,Transformer+VAE+LSTM
[LN1367   ] [chunk_19_phase_5_optimization.py] [info] 196,16.201517,0.32930374,0.42,0.47,13.278034,1.446919,4821.0,-59.45,-86.75,-34.58,-43.82,6190000.0,-30.3,-7.52,5.38,-9.46,0.06,45.2,-6.37,0.09,10.68,0.32482815,2.1450783e-06,1.4272537,3,Transformer+VAE+LSTM
[LN1368   ] [chunk_19_phase_5_optimization.py] [info] 197,15.255346,1.7917595,6.75,6.8,8.890273,4.5325994,636.0,-83.21,-88.63,-59.39,-56.41,136150.0,-22.73,0.85,6.08,-10.2,0.85,45.75,-18.47,0.05,0.74,1.5002428,6.529763e-05,3.7951522,3,Transformer+VAE+LSTM
[LN1369   ] [chunk_19_phase_5_optimization.py] [info] 198,20.036797,1.2089603,3.28,3.31,12.423134,3.4995332,3246.0,-33.8,0.0,-61.82,-65.05,482210.0,-43.71,-2.09,1.22,2.4,0.14,47.21,2.48,0.52,0.91,0.9458404,2.5762913e-05,2.7378895,3,Transformer+VAE+LSTM
[LN1370   ] [chunk_19_phase_5_optimization.py] [info] 199,18.800896,0.89199805,1.53,1.54,11.380798,2.182675,5165.0,-78.55,-66.52,-53.86,-59.47,407900.0,-47.8,-7.68,-10.47,-2.75,0.09,43.7,3.36,0.21,0.65,0.70555633,2.7900953e-05,1.7264612,3,Transformer+VAE+LSTM
[LN1371   ] [chunk_19_phase_5_optimization.py] [info] 200,20.324205,2.427454,11.3,11.4,13.726207,3.6189933,4965.0,-62.88,-59.79,-45.75,-45.69,1150000.0,-39.78,-15.75,-18.45,-3.34,0.57,38.68,5.36,0.79,0.88,3.1500473,1.1935832e-05,4.696278,3,Transformer+VAE+LSTM
[LN1372   ] [chunk_19_phase_5_optimization.py] [info] 201,18.31754,1.401183,4.25,2.87,15.135899,2.9204698,476.0,-75.3,-18.61,-48.13,-26.73,435490.0,-45.43,-25.83,-34.29,-36.16,0.48,31.37,-43.6,8.6,-32.59,0.9827186,3.4756016e-05,2.0482693,3,Transformer+VAE+LSTM
[LN1373   ] [chunk_19_phase_5_optimization.py] [info] 202,15.428941,1.141033,4.8,3.89,14.021267,5.5740533,777.0,-97.46,-98.62,-88.67,-69.91,1300000.0,-22.97,10.7,30.98,-6.88,0.77,50.35,8.96,0.94,-18.96,0.69787633,1.078559e-05,3.4091914,3,Transformer+VAE+LSTM
[LN1374   ] [chunk_19_phase_5_optimization.py] [info] 203,13.399997,0.14842,2.87,2.87,9.4779215,3.8971124,1629.0,79.37,43.5,-59.23,-55.5,95890.0,-38.54,-31.96,-47.0,-13.8,0.41,33.31,-8.89,0.14,0.0,0.7364427,9.884161e-05,19.337015,3,Transformer+VAE+LSTM
[LN1375   ] [chunk_19_phase_5_optimization.py] [info] 204,15.216694,1.5040774,3.92,4.9,14.485256,6.740082,5742.0,-98.98,-99.22,-95.17,-88.7,203150.0,-94.1,-90.04,-94.63,-29.28,3.37,19.03,-15.08,9.62,25.0,0.72699416,7.130326e-05,3.257811,3,Transformer+VAE+LSTM
[LN1376   ] [chunk_19_phase_5_optimization.py] [info] 205,14.523547,0.039220713,0.06,0.07,20.10191,2.0399208,5846.0,-85.68,-83.0,-95.03,-90.75,23450000.0,-95.02,-97.83,-97.95,-96.9,0.49,20.84,-64.32,22.91,19.93,0.034315057,8.572243e-07,1.7847707,3,Transformer+VAE+LSTM
[LN1377   ] [chunk_19_phase_5_optimization.py] [info] 206,22.570145,6.0147414,439.3,435.39,12.383696,6.4371114,1089.0,-17.82,-27.51,-16.48,-20.37,190040.0,-7.51,-2.9,-4.72,-0.95,8.87,44.19,1.04,1.26,-0.89,67.63748,6.516363e-05,72.38715,3,Transformer+VAE+LSTM
[LN1378   ] [chunk_19_phase_5_optimization.py] [info] 207,18.995495,2.3804717,12.73,12.79,11.327872,4.158883,972.0,-48.63,-20.06,-34.18,-48.98,118160.0,-3.76,-0.25,-1.46,7.32,0.85,55.93,3.56,0.7,0.47,3.075345,9.586893e-05,5.3728848,3,Transformer+VAE+LSTM
[LN1379   ] [chunk_19_phase_5_optimization.py] [info] 208,18.400988,0.97077894,1.75,1.95,14.472958,2.4492795,4303.0,-71.82,-78.11,-55.67,-45.98,2060000.0,-49.15,-7.23,-2.99,3.32,0.15,49.76,16.77,0.94,11.43,0.79615253,7.0257074e-06,2.0086963,3,Transformer+VAE+LSTM
[LN1380   ] [chunk_19_phase_5_optimization.py] [info] 209,20.215967,3.599775,38.54,40.5,13.296016,4.50932,4033.0,-48.59,-49.03,-23.74,-21.11,426100.0,-5.17,-4.17,-5.22,3.59,1.78,52.06,6.1,1.4,5.09,8.981399,3.120398e-05,11.250703,3,Transformer+VAE+LSTM
[LN1381   ] [chunk_19_phase_5_optimization.py] [info] 210,15.9544,0.05826891,0.07,0.07,18.185516,1.7404661,5775.0,-97.81,-98.39,-95.67,-95.71,4580000.0,-94.19,-92.88,-93.76,-91.79,0.13,16.13,-49.03,17.27,-7.05,0.04021911,3.9706365e-06,1.2013266,3,Transformer+VAE+LSTM
[LN1382   ] [chunk_19_phase_5_optimization.py] [info] 211,24.983126,4.640344,126.53,123.05,15.022889,5.2496,351.0,-25.5,-15.0,-12.51,-7.7,3500000.0,-18.58,-7.46,-10.29,-2.82,4.26,41.18,1.83,0.96,-2.75,23.439882,4.2922543e-06,26.51743,3,Transformer+VAE+LSTM
[LN1383   ] [chunk_19_phase_5_optimization.py] [info] 212,16.699753,0.26236427,0.33,0.32,13.307556,2.177022,2904.0,-76.67,-79.99,-86.07,-86.23,2860000.0,-70.59,-56.13,-70.18,-21.27,0.1,33.07,-2.4,0.21,-0.28,0.1469898,4.6529917e-06,1.2196783,3,Transformer+VAE+LSTM
[LN1384   ] [chunk_19_phase_5_optimization.py] [info] 213,16.700312,0.48858002,0.83,0.85,12.618205,1.2470323,3107.0,-50.87,-59.33,-35.27,-47.85,901560.0,-49.1,6.23,6.78,4.92,0.06,53.68,2.72,0.33,2.55,0.6816183,1.3995968e-05,1.7397355,3,Transformer+VAE+LSTM
[LN1385   ] [chunk_19_phase_5_optimization.py] [info] 214,20.337486,1.658228,5.87,6.11,15.148672,2.8069901,4759.0,-45.54,-54.44,-21.7,-26.03,3390000.0,-14.19,-4.16,-6.72,-9.63,0.65,46.08,-9.88,1.12,4.09,2.1767087,4.468635e-06,3.684656,3,Transformer+VAE+LSTM
[LN1386   ] [chunk_19_phase_5_optimization.py] [info] 215,20.028898,2.9156063,21.88,19.96,12.314783,3.4585226,1409.0,-26.77,-23.22,-15.03,-3.85,93730.0,-23.85,-11.82,-7.81,-6.53,0.76,34.97,-7.98,2.38,-8.78,5.7712507,0.00013138572,6.8459177,3,Transformer+VAE+LSTM
[LN1387   ] [chunk_19_phase_5_optimization.py] [info] 216,18.313763,0.41871032,1.16,1.06,13.573411,1.7227666,5042.0,-42.39,-70.88,1.18,-18.46,800060.0,19.48,16.59,20.87,15.04,0.11,59.26,20.36,0.98,-8.62,0.6152894,1.696549e-05,2.531583,3,Transformer+VAE+LSTM
[LN1388   ] [chunk_19_phase_5_optimization.py] [info] 217,19.894573,1.9035989,6.82,6.75,12.7879505,2.9145222,1777.0,-38.86,-58.44,-32.27,-41.56,1380000.0,-29.17,-0.24,10.84,6.17,0.28,55.19,7.14,0.26,-1.03,2.3159885,9.2666305e-06,3.545915,3,Transformer+VAE+LSTM
[LN1389   ] [chunk_19_phase_5_optimization.py] [info] 218,16.39041,0.57097954,1.13,1.39,13.380962,1.8718022,2202.0,-40.09,0.0,-15.16,-40.09,1270000.0,-27.23,4.37,-4.14,7.71,0.15,54.25,8.59,0.51,23.01,0.74259984,1.05361905e-05,2.434413,3,Transformer+VAE+LSTM
[LN1390   ] [chunk_19_phase_5_optimization.py] [info] 219,20.66203,2.084429,7.7,8.06,13.48597,2.7193198,3168.0,-32.5,-0.37,-24.45,-32.1,688040.0,-30.64,-3.87,1.26,4.68,0.46,51.92,2.68,1.05,4.68,2.9639766,1.960056e-05,3.8667662,3,Transformer+VAE+LSTM
[LN1391   ] [chunk_19_phase_5_optimization.py] [info] 220,21.141975,2.16791,8.16,8.75,15.561938,3.179303,2572.0,-51.47,-62.02,-31.19,-34.51,4920000.0,-21.81,-10.5,-7.6,0.88,0.4,46.36,4.17,1.16,7.23,2.7521756,3.1629957e-06,4.036145,3,Transformer+VAE+LSTM
[LN1392   ] [chunk_19_phase_5_optimization.py] [info] 221,16.170689,0.33647224,0.43,0.45,12.649543,1.0079579,1683.0,-56.51,-38.04,-34.04,-36.61,4030000.0,-28.84,-10.11,6.17,2.44,0.04,49.0,7.54,0.08,4.22,0.4464472,3.1388445e-06,1.337406,3,Transformer+VAE+LSTM
[LN1393   ] [chunk_19_phase_5_optimization.py] [info] 222,17.005163,0.22314355,0.45,0.49,15.275586,1.5368673,3291.0,-71.15,-81.63,-41.98,-55.82,3260000.0,-13.51,3.42,15.2,-0.46,0.04,51.56,1.66,1.32,9.81,0.3188304,4.6857626e-06,2.1958957,3,Transformer+VAE+LSTM
[LN1394   ] [chunk_19_phase_5_optimization.py] [info] 223,21.949978,4.6707706,109.08,108.2,13.3477745,5.377637,3786.0,-28.86,-51.2,-21.99,-21.35,358220.0,-25.8,-9.29,-5.22,-1.39,3.18,36.1,-0.51,1.75,-0.81,20.120363,3.726139e-05,23.165342,3,Transformer+VAE+LSTM
[LN1395   ] [chunk_19_phase_5_optimization.py] [info] 224,15.995928,0.47623417,0.8,0.8,9.406812,1.7681496,1955.0,-54.02,-79.11,-26.43,-33.88,160270.0,-24.53,8.74,22.61,9.06,0.08,56.7,7.38,0.08,0.5,0.4524504,5.8693524e-05,1.6798458,3,Transformer+VAE+LSTM
[LN1396   ] [chunk_19_phase_5_optimization.py] [info] 225,20.135738,1.7404661,4.74,4.83,12.432128,2.6376278,2998.0,-50.46,-59.17,-31.12,-37.35,362090.0,-21.34,-16.89,-18.14,-8.91,0.22,32.67,-3.4,0.69,1.9,1.831191,3.433436e-05,2.7751186,3,Transformer+VAE+LSTM
[LN1397   ] [chunk_19_phase_5_optimization.py] [info] 226,23.952885,2.7440608,17.17,16.31,16.649275,3.3225148,4028.0,-29.88,-31.36,-16.8,-11.69,9380000.0,-18.53,-7.97,-5.67,-1.4,0.7,44.35,2.64,1.81,-5.01,4.908932,1.7749759e-06,5.943746,3,Transformer+VAE+LSTM
[LN1398   ] [chunk_19_phase_5_optimization.py] [info] 227,22.05299,3.485232,35.65,39.74,15.146084,4.1378827,5559.0,-26.56,-17.79,-12.92,-18.73,1270000.0,-10.7,6.97,4.44,11.36,1.9,61.96,11.54,2.99,11.47,9.603945,1.192605e-05,11.402397,3,Transformer+VAE+LSTM
[LN1399   ] [chunk_19_phase_5_optimization.py] [info] 228,23.382826,4.209903,70.56,71.08,14.308344,4.6900625,1566.0,-20.97,-0.98,-11.8,-12.97,3070000.0,-11.01,-5.31,-15.39,0.01,2.66,46.23,5.9,0.53,0.74,15.155448,4.6606983e-06,16.883999,3,Transformer+VAE+LSTM
[LN1400   ] [chunk_19_phase_5_optimization.py] [info] 229,19.964725,1.141033,2.41,2.37,11.232047,8.48405,2238.0,-99.89,-99.89,-99.77,-99.89,540080.0,-83.02,-21.9,-8.14,-7.89,0.58,27.33,-5.95,0.14,-1.66,0.27934772,2.0797006e-05,2.0770652,3,Transformer+VAE+LSTM
[LN1401   ] [chunk_19_phase_5_optimization.py] [info] 230,21.28858,3.650918,42.57,43.51,12.738326,4.5953217,4852.0,-44.94,-48.64,-23.12,-27.98,394530.0,-12.21,-0.39,1.75,1.31,1.29,52.15,3.67,0.86,2.21,9.468325,3.2287346e-05,11.917551,3,Transformer+VAE+LSTM
[LN1402   ] [chunk_19_phase_5_optimization.py] [info] 231,22.858616,4.416911,89.26,88.94,13.999417,4.8202815,3435.0,-20.79,-14.96,-10.5,-16.09,883670.0,-13.44,-7.77,-8.54,-3.41,2.79,37.74,0.8,1.36,-0.36,18.451204,1.5842359e-05,20.136244,3,Transformer+VAE+LSTM
[LN1403   ] [chunk_19_phase_5_optimization.py] [info] 232,17.100924,1.1817272,2.34,2.41,10.925705,6.329721,5839.0,-99.25,0.0,-98.2,-98.65,655100.0,-92.99,-78.61,-71.63,-17.36,1.17,28.89,-8.37,0.08,2.99,0.38074347,1.667792e-05,2.0393877,3,Transformer+VAE+LSTM
[LN1404   ] [chunk_19_phase_5_optimization.py] [info] 233,21.91111,4.195697,68.39,69.61,14.212104,5.110782,308.0,-53.43,-56.46,-22.35,-4.74,2030000.0,-24.62,-19.08,-21.86,-8.41,2.73,30.94,0.78,0.73,1.78,13.620224,7.0010365e-06,16.590807,3,Transformer+VAE+LSTM
[LN1405   ] [chunk_19_phase_5_optimization.py] [info] 234,15.872195,0.24686007,0.3,0.31,12.28826,1.943049,2759.0,-91.41,0.0,-44.91,-69.19,228380.0,-40.77,-21.09,-19.03,-13.22,0.03,34.18,-5.04,0.95,2.11,0.15954307,5.3806205e-05,1.2557721,3,Transformer+VAE+LSTM
[LN1406   ] [chunk_19_phase_5_optimization.py] [info] 235,17.134775,0.7793249,2.04,2.13,10.841697,2.4492795,3525.0,-65.65,0.0,-47.13,-42.26,340230.0,-28.76,-8.16,-28.28,-13.34,0.19,41.24,-8.58,0.15,4.41,0.8696435,3.1865788e-05,2.7331347,3,Transformer+VAE+LSTM
[LN1407   ] [chunk_19_phase_5_optimization.py] [info] 236,19.93213,2.3145137,15.56,14.88,13.616241,4.295515,2999.0,-6.0,-75.32,10.57,3.19,588170.0,2.9,-3.23,-5.52,-3.3,0.7,46.07,8.3,1.39,-4.37,3.4640782,2.315018e-05,6.4289966,3,Transformer+VAE+LSTM
[LN1408   ] [chunk_19_phase_5_optimization.py] [info] 237,18.09951,0.27763173,0.38,0.38,17.366585,2.3960755,2328.0,-92.1,-95.3,-83.74,-81.18,37110000.0,-47.34,-19.2,-4.64,-16.32,0.08,42.83,5.61,0.94,-0.29,0.15859267,4.679759e-07,1.3687196,3,Transformer+VAE+LSTM
[LN1409   ] [chunk_19_phase_5_optimization.py] [info] 238,18.978065,1.0986123,2.13,2.02,12.737651,2.6454654,263.0,-78.42,-37.65,-74.65,-77.85,164440.0,-72.81,-46.46,-47.4,-28.53,0.35,24.66,-23.77,2.07,-5.16,0.7635708,7.7460776e-05,1.8386832,3,Transformer+VAE+LSTM
[LN1410   ] [chunk_19_phase_5_optimization.py] [info] 239,21.354538,4.3093214,75.89,75.65,11.600048,4.862522,2757.0,-31.26,-32.01,-16.35,-16.25,198070.0,-10.35,-6.14,-3.75,-0.76,1.78,41.41,1.97,0.55,-0.32,15.557771,5.8565394e-05,17.554968,3,Transformer+VAE+LSTM
[LN1411   ] [chunk_19_phase_5_optimization.py] [info] 240,21.647524,3.0445225,24.57,24.92,15.286465,3.9273057,2132.0,-48.29,-37.7,-24.08,-30.8,4400000.0,-21.14,7.37,12.71,11.94,1.48,59.31,17.22,0.99,1.42,6.3453174,3.4741965e-06,8.185192,3,Transformer+VAE+LSTM
[LN1412   ] [chunk_19_phase_5_optimization.py] [info] 241,19.953842,3.2172744,28.0,26.25,12.180381,3.66048,4160.0,-18.1,-7.73,-8.78,-5.1,119490.0,-0.57,-6.6,-7.64,-4.56,0.95,40.78,0.11,1.63,-6.25,7.1711907,0.0001019364,8.15908,3,Transformer+VAE+LSTM
[LN1413   ] [chunk_19_phase_5_optimization.py] [info] 242,15.993666,0.07696104,0.08,0.1,17.554897,1.3837912,1138.0,-95.76,-96.02,-93.59,-94.69,63160000.0,-96.2,-82.11,-34.55,-28.68,0.05,29.58,-15.98,0.67,21.51,0.07226524,2.7794326e-07,1.2993586,3,Transformer+VAE+LSTM
[LN1414   ] [chunk_19_phase_5_optimization.py] [info] 243,17.330334,1.1631508,2.43,2.5,9.977806,2.3589654,494.0,-58.47,-64.18,-49.49,-66.8,99020.0,-33.86,-23.93,1.21,-9.09,0.29,40.0,0.81,0.22,2.88,1.0597866,0.00010076557,2.1493344,3,Transformer+VAE+LSTM
[LN1415   ] [chunk_19_phase_5_optimization.py] [info] 244,12.57764,0.06765865,0.07,0.08,18.159489,3.295837,1795.0,-98.04,0.0,-97.58,-99.01,24010000.0,-85.72,-75.9,-82.07,-62.4,0.05,28.92,5.22,3.21,13.34,0.024273045,7.563302e-07,1.182406,3,Transformer+VAE+LSTM
[LN1416   ] [chunk_19_phase_5_optimization.py] [info] 245,18.49486,1.258461,6.03,4.97,12.292388,2.104134,155.0,59.29,0.0,8.48,0.0,323080.0,0.0,8.48,0.0,8.48,1.33,57.55,1.02,0.67,-17.58,2.3620167,3.8047507e-05,3.949268,3,Transformer+VAE+LSTM
[LN1417   ] [chunk_19_phase_5_optimization.py] [info] 246,24.10017,4.4749475,89.2,88.77,14.76037,4.8416643,830.0,-12.99,-16.29,-16.16,-24.62,2980000.0,-14.13,-5.24,-4.77,-4.11,1.87,37.07,1.54,0.86,-0.48,18.334604,4.9531445e-06,19.837103,3,Transformer+VAE+LSTM
[LN1418   ] [chunk_19_phase_5_optimization.py] [info] 247,15.104744,0.4054651,0.63,0.65,15.151283,3.6490986,2818.0,-97.79,-97.85,-89.49,-89.4,4750000.0,-71.18,-30.46,-25.11,-17.54,0.19,43.38,-53.89,0.8,1.77,0.17812619,3.189744e-06,1.6030972,3,Transformer+VAE+LSTM
[LN1419   ] [chunk_19_phase_5_optimization.py] [info] 248,15.440822,1.3217559,3.33,3.66,12.225346,8.288032,2292.0,-99.7,-99.9,-98.38,-67.47,301370.0,-19.91,2.24,7.33,-4.65,0.42,48.39,-7.58,0.68,9.91,0.44160062,4.05659e-05,2.769044,3,Transformer+VAE+LSTM
[LN1420   ] [chunk_19_phase_5_optimization.py] [info] 249,16.66042,0.32930374,0.41,0.41,13.507143,1.5871923,1924.0,-79.47,-86.56,-54.73,-68.16,721600.0,-39.31,-23.23,-31.82,-14.41,0.04,36.19,0.17,1.02,0.17,0.25831777,1.8718323e-05,1.245051,3,Transformer+VAE+LSTM
[LN1421   ] [chunk_19_phase_5_optimization.py] [info] 250,21.920214,4.421007,88.64,83.44,14.42465,4.7471037,1682.0,-18.86,-14.46,-15.71,-15.67,768120.0,-19.6,-7.26,-5.08,-4.06,2.41,37.54,-3.12,2.39,-5.87,17.577034,1.8779163e-05,18.873528,3,Transformer+VAE+LSTM
[LN1422   ] [chunk_19_phase_5_optimization.py] [info] 251,25.585478,5.385412,222.63,220.59,14.8678465,5.6835456,4164.0,-6.21,-10.37,-14.69,-16.82,3110000.0,-11.8,-8.76,-8.09,-6.43,5.36,32.7,-0.52,0.92,-0.92,38.81204,4.780658e-06,40.960655,3,Transformer+VAE+LSTM
[LN1423   ] [chunk_19_phase_5_optimization.py] [info] 252,16.801193,0.22314355,0.33,0.34,12.843329,2.6100698,1727.0,-74.16,-96.94,-79.03,-88.48,4330000.0,-86.62,-44.14,-0.84,-12.08,0.09,38.98,3.56,0.09,4.09,0.13026471,2.9661269e-06,1.5236827,3,Transformer+VAE+LSTM
[LN1424   ] [chunk_19_phase_5_optimization.py] [info] 253,18.575802,1.7316556,7.36,6.98,12.754983,2.419479,1271.0,21.82,-15.6,14.46,6.89,114260.0,4.65,12.88,25.54,10.74,0.54,59.08,10.79,3.03,-5.16,2.8849187,0.00011163122,4.0308247,3,Transformer+VAE+LSTM
[LN1425   ] [chunk_19_phase_5_optimization.py] [info] 254,19.747597,3.0387917,20.91,20.63,12.72456,3.7572389,5484.0,-42.52,-41.14,-30.27,-23.87,155350.0,-35.43,-26.37,-28.64,-13.86,1.07,24.43,-2.09,2.16,-1.34,5.490734,8.190898e-05,6.7888823,3,Transformer+VAE+LSTM
[LN1426   ] [chunk_19_phase_5_optimization.py] [info] 255,17.950518,1.6253113,4.13,4.29,13.84673,5.916202,2500.0,-97.82,-97.6,-78.98,-70.72,1810000.0,-16.21,-11.18,-16.05,-11.48,0.39,40.58,-2.94,0.57,3.87,0.72512734,7.650127e-06,2.6394944,3,Transformer+VAE+LSTM
[LN1427   ] [chunk_19_phase_5_optimization.py] [info] 256,17.364265,0.0861777,0.16,0.16,14.08647,1.0260416,2361.0,-76.07,-88.61,-70.51,-60.15,19900000.0,18.51,17.62,-2.27,1.39,0.02,49.67,6.98,0.07,-0.99,0.1559391,7.078628e-07,1.8566287,3,Transformer+VAE+LSTM
[LN1428   ] [chunk_19_phase_5_optimization.py] [info] 257,21.619354,2.6803365,17.09,17.34,14.42526,3.6232736,2208.0,-38.03,14.46,-31.98,-42.14,2810000.0,-33.56,-14.27,-19.35,-6.72,0.76,34.99,3.58,0.65,1.46,4.7857275,5.1335446e-06,6.4693375,3,Transformer+VAE+LSTM
[LN1429   ] [chunk_19_phase_5_optimization.py] [info] 258,16.218845,1.1249295,2.47,2.42,12.307175,3.443618,790.0,-84.18,-92.58,-70.62,-76.5,430410.0,-37.47,-16.71,-12.64,-19.31,0.33,39.77,-12.0,0.51,-2.02,0.70274925,2.8594073e-05,2.1512458,3,Transformer+VAE+LSTM
[LN1430   ] [chunk_19_phase_5_optimization.py] [info] 259,16.305405,1.5686159,3.92,3.78,11.647683,4.204693,1166.0,-57.86,-94.03,-48.06,-59.73,124110.0,-25.74,-24.02,-34.6,-24.14,0.4,30.06,-20.42,0.92,-3.57,0.8989956,9.384968e-05,2.4097676,3,Transformer+VAE+LSTM
[LN1431   ] [chunk_19_phase_5_optimization.py] [info] 260,20.281437,1.4838747,3.85,3.69,15.438725,1.9401795,635.0,-34.11,-42.34,-15.33,-6.58,2510000.0,-9.78,-10.68,-17.82,-4.98,0.14,35.71,0.0,2.02,-4.16,1.9018859,6.1508867e-06,2.486733,3,Transformer+VAE+LSTM
[LN1432   ] [chunk_19_phase_5_optimization.py] [info] 261,17.694597,1.8115621,5.23,5.16,13.097183,3.7988544,5368.0,-71.9,-46.03,-77.18,-71.01,219180.0,-80.54,-81.98,-86.07,-78.86,3.1,19.0,-20.37,2.22,-1.34,1.3583043,5.9755374e-05,2.8483706,3,Transformer+VAE+LSTM
[LN1433   ] [chunk_19_phase_5_optimization.py] [info] 262,20.594852,2.107786,7.9,7.44,15.645675,3.8312466,4750.0,-76.79,-79.82,-56.3,-61.09,6120000.0,-49.66,-11.61,-10.58,-4.47,0.46,39.87,0.95,1.02,-5.82,1.9419266,2.5564827e-06,3.5297701,3,Transformer+VAE+LSTM
[LN1434   ] [chunk_19_phase_5_optimization.py] [info] 263,20.809444,3.0204248,20.85,20.77,12.42802,3.8766031,1336.0,-47.5,-51.04,-28.45,-38.86,426510.0,-10.78,-6.86,-7.44,-0.75,0.7,45.34,4.9,0.59,-0.38,5.3577833,2.913887e-05,6.876516,3,Transformer+VAE+LSTM
[LN1435   ] [chunk_19_phase_5_optimization.py] [info] 264,17.518785,1.2296406,3.44,3.81,11.154506,2.5649493,5513.0,-25.59,-9.29,-18.1,-23.8,20930.0,-27.7,24.08,40.07,15.28,0.29,67.33,21.73,3.34,10.76,1.4854095,0.00053294346,3.0984664,3,Transformer+VAE+LSTM
[LN1436   ] [chunk_19_phase_5_optimization.py] [info] 265,0.0,0.5007753,0.76,0.79,13.589773,1.7101878,5011.0,-78.81,0.0,-58.83,-73.11,1160000.0,-55.84,-18.78,2.86,-3.08,0.09,44.26,4.01,0.69,4.33,0.46193758,1.1715322e-05,1.5775539,3,Transformer+VAE+LSTM
[LN1437   ] [chunk_19_phase_5_optimization.py] [info] 266,15.904902,1.137833,4.85,4.3,13.11977,3.109061,3663.0,25.36,19.4,-41.7,-15.85,123190.0,-48.81,-64.76,-61.05,-70.87,2.41,27.57,-75.06,4.05,-11.34,1.3830543,0.00010650029,3.7791135,3,Transformer+VAE+LSTM
[LN1438   ] [chunk_19_phase_5_optimization.py] [info] 267,14.159101,0.79750717,1.25,2.15,17.994766,7.5748153,382.0,-99.76,-99.85,-98.75,-96.5,524400.0,-92.04,-85.61,-91.26,-77.77,2.45,30.33,-44.44,124.56,72.0,0.28383532,3.4314962e-05,2.6959004,3,Transformer+VAE+LSTM
[LN1439   ] [chunk_19_phase_5_optimization.py] [info] 268,21.941141,3.749504,66.9,63.66,13.692631,4.51437,4844.0,41.62,18.44,-3.92,-14.24,1780000.0,-26.38,-0.66,-1.3,-0.75,4.02,48.63,-6.38,0.5,-4.84,14.101636,7.692489e-06,16.978245,3,Transformer+VAE+LSTM
[LN1440   ] [chunk_19_phase_5_optimization.py] [info] 269,17.229296,1.742219,5.45,5.53,10.359773,6.538617,2465.0,-98.76,-99.16,-92.82,-85.45,555800.0,-44.25,-24.1,1.28,2.6,0.57,44.64,9.29,0.06,1.47,0.84574455,1.863939e-05,3.174113,3,Transformer+VAE+LSTM
[LN1441   ] [chunk_19_phase_5_optimization.py] [info] 270,18.965502,3.0223742,21.91,19.79,12.558337,3.7900813,2701.0,-45.01,-45.23,-23.63,-2.8,45380.0,-14.85,-15.16,-18.43,-9.6,1.04,33.37,-5.17,6.27,-9.68,5.221524,0.00027673726,6.5478325,3,Transformer+VAE+LSTM
[LN1442   ] [chunk_19_phase_5_optimization.py] [info] 271,23.421938,4.6210437,104.4,104.98,14.038196,4.855384,1291.0,-9.53,-10.93,-7.3,-7.93,901230.0,-7.54,-1.62,-2.07,1.27,1.66,52.37,3.07,1.39,0.56,21.621359,1.5576707e-05,22.717812,3,Transformer+VAE+LSTM
[LN1443   ] [chunk_19_phase_5_optimization.py] [info] 272,20.781534,3.7771192,45.77,45.92,12.552286,4.7497897,3101.0,-48.64,-58.0,-26.61,-23.76,400650.0,-20.25,-18.15,-15.17,-4.34,2.25,37.66,1.55,0.71,0.33,9.667796,3.1329804e-05,12.1574135,3,Transformer+VAE+LSTM
[LN1444   ] [chunk_19_phase_5_optimization.py] [info] 273,15.538278,1.0986123,2.14,2.17,12.2933235,2.9755297,1134.0,-74.66,-87.53,-45.67,-42.89,1810000.0,-35.22,-13.61,-1.81,-5.67,0.32,46.27,4.83,0.12,1.4,0.72928196,6.7918913e-06,1.9752191,3,Transformer+VAE+LSTM
[LN1445   ] [chunk_19_phase_5_optimization.py] [info] 274,16.575521,0.86288995,2.63,2.69,12.373695,6.1614184,2432.0,-98.9,-97.68,-94.82,-94.0,1890000.0,-84.23,0.84,5.49,-1.81,0.32,47.68,2.67,0.13,2.28,0.43658778,6.5469285e-06,3.1174312,3,Transformer+VAE+LSTM
[LN1446   ] [chunk_19_phase_5_optimization.py] [info] 275,25.11512,5.3274393,280.81,284.92,16.015705,6.2989492,3524.0,-1.62,30.07,-18.24,-18.67,11530000.0,-29.8,-13.33,-11.87,-9.48,16.54,38.55,0.38,0.78,1.46,45.23294,1.3890464e-06,53.481606,3,Transformer+VAE+LSTM
[LN1447   ] [chunk_19_phase_5_optimization.py] [info] 276,15.191755,1.7595806,5.37,5.35,11.31877,5.213304,1054.0,-87.66,-96.54,-74.34,-73.38,120530.0,-71.69,-49.77,-43.24,-3.06,0.77,34.12,0.56,0.68,-0.37,1.0262206,9.3908326e-05,3.0404973,3,Transformer+VAE+LSTM
[LN1448   ] [chunk_19_phase_5_optimization.py] [info] 277,15.822382,0.33647224,0.54,0.56,13.383059,1.474763,4796.0,-37.29,-51.89,-40.41,-51.04,1340000.0,-16.24,-16.09,-29.96,-13.46,0.07,40.27,-7.31,0.49,3.16,0.37972203,9.987357e-06,1.6643275,3,Transformer+VAE+LSTM
[LN1449   ] [chunk_19_phase_5_optimization.py] [info] 278,13.742941,2.218116,9.44,7.59,12.787143,9.983463,4875.0,-99.86,-99.97,-98.44,-98.84,423180.0,-95.31,-64.6,-52.95,-43.89,2.9,27.86,-37.27,0.85,-19.59,0.76025724,3.0216792e-05,3.421823,3,Transformer+VAE+LSTM
[LN1450   ] [chunk_19_phase_5_optimization.py] [info] 279,17.566425,0.22314355,0.52,0.44,16.208862,1.6639261,4613.0,-75.6,-68.89,-49.63,-48.8,8090000.0,2.7,-8.43,53.9,-18.11,0.09,43.85,-29.93,1.35,-15.06,0.2644348,2.0035675e-06,1.9718248,3,Transformer+VAE+LSTM
[LN1451   ] [chunk_19_phase_5_optimization.py] [info] 280,14.848696,0.74668795,1.2,1.31,12.383377,7.09091,3701.0,-99.68,-99.89,-97.26,-92.72,472280.0,-49.69,-28.03,-32.92,-22.88,0.25,35.27,-35.41,0.51,9.46,0.18474357,2.6220414e-05,1.7544142,3,Transformer+VAE+LSTM
[LN1452   ] [chunk_19_phase_5_optimization.py] [info] 281,19.343868,1.0296195,1.86,2.07,15.901086,2.4807312,247.0,-55.48,-16.19,-64.8,-64.25,10000000.0,-70.76,-48.7,-39.47,-18.08,0.35,34.3,-5.48,0.81,11.29,0.83443135,1.5901086e-06,2.0104516,3,Transformer+VAE+LSTM
[LN1453   ] [chunk_19_phase_5_optimization.py] [info] 282,15.345905,0.9477894,1.94,1.99,11.226842,2.7080503,2852.0,-70.64,-83.85,-45.12,-52.4,825640.0,-26.02,2.47,8.74,2.6,0.26,50.46,9.34,0.09,2.58,0.73484606,1.3597745e-05,2.0996225,3,Transformer+VAE+LSTM
[LN1454   ] [chunk_19_phase_5_optimization.py] [info] 283,18.33806,3.1974478,26.36,28.07,11.589609,4.266335,4112.0,-39.96,-1.3,-35.08,-58.05,51630.0,-43.21,-22.25,-19.66,-7.33,2.25,40.32,17.42,2.09,6.49,6.579417,0.00022447431,8.778876,3,Transformer+VAE+LSTM
[LN1455   ] [chunk_19_phase_5_optimization.py] [info] 284,20.112122,1.7119945,6.04,6.87,15.168131,3.019937,5065.0,-53.94,-13.54,-41.31,-55.89,2210000.0,-33.62,3.18,8.87,20.48,0.61,57.28,9.74,1.75,13.74,2.2748818,6.8634076e-06,4.012863,3,Transformer+VAE+LSTM
[LN1456   ] [chunk_19_phase_5_optimization.py] [info] 285,15.569915,1.3083328,2.77,2.78,11.025311,5.1416636,5313.0,-90.25,-97.96,-70.5,-61.39,183850.0,-53.9,-20.9,-21.02,-14.59,0.31,34.84,-9.15,0.33,0.36,0.54068106,5.996906e-05,2.1248417,3,Transformer+VAE+LSTM
[LN1457   ] [chunk_19_phase_5_optimization.py] [info] 286,24.709469,4.547753,97.82,96.87,14.467092,4.917496,1497.0,-23.8,-29.33,-9.85,-13.22,1370000.0,-9.51,-5.29,1.48,0.72,1.57,45.04,-1.82,1.4,-0.97,19.699049,1.0559921e-05,21.300629,3,Transformer+VAE+LSTM
[LN1458   ] [chunk_19_phase_5_optimization.py] [info] 287,15.422947,0.90825856,1.6,1.64,13.478839,2.7080503,2564.0,-76.23,-67.2,-55.74,-36.56,558280.0,-53.8,-21.44,-23.72,-6.04,0.19,40.54,6.49,1.28,2.5,0.6056018,2.414351e-05,1.8056532,3,Transformer+VAE+LSTM
[LN1459   ] [chunk_19_phase_5_optimization.py] [info] 288,14.115616,0.5423243,0.73,0.9,14.560144,3.583519,3522.0,-94.34,-96.35,-90.21,-93.54,785910.0,-87.06,-54.07,-35.71,-16.54,0.23,33.75,-12.62,2.68,22.58,0.25114977,1.8526478e-05,1.6595236,3,Transformer+VAE+LSTM
[LN1460   ] [chunk_19_phase_5_optimization.py] [info]   Total consensus rows: 288
[LN1461   ] [chunk_19_phase_5_optimization.py] [info] 
[LN1462   ] [chunk_19_phase_5_optimization.py] [info] FINAL PREDICTION RESULTS (sorted by inference_precision)
[LN1463   ] [chunk_19_phase_5_optimization.py] [info] 1. VAE          inference_precision=0.6541 inference_recall=0.4026 inference_auc=0.5040 inference_f1=0.4984 inference_fn=4595 inference_tn=2514 inference_tp=3097 inference_fp=1638
[LN1464   ] [chunk_19_phase_5_optimization.py] [info] 2. Transformer  inference_precision=0.5977 inference_recall=0.2184 inference_auc=0.4438 inference_f1=0.3199 inference_fn=6012 inference_tn=3021 inference_tp=1680 inference_fp=1131
[LN1465   ] [chunk_19_phase_5_optimization.py] [info] 3. LSTM         inference_precision=0.5391 inference_recall=0.0852 inference_auc=0.4378 inference_f1=0.1471 inference_fn=7037 inference_tn=3592 inference_tp=655 inference_fp=560
[LN1466   ] [chunk_19_phase_5_optimization.py] [info] Best architecture: VAE (inference_precision: 0.6541)
[LN1467   ] [chunk_19_phase_5_optimization.py] [info] phase 5 total time: 3.7s
[LN1468   ] [chunk_19_phase_5_optimization.py] [info] data points evaluated: 11844 (date(s)=[20251022 20251023])
[LN1469   ] [chunk_20_pipeline_main.py] [info] [time] Total execution time: 13715.68s
[LN1470   ] [chunk_20_pipeline_main.py] [info] Phase timings:
[LN1471   ] [chunk_20_pipeline_main.py] [info]    Pipeline Setup: 8.62s
[LN1472   ] [chunk_20_pipeline_main.py] [info]    Temporal Weighting: 0.11s
[LN1473   ] [chunk_20_pipeline_main.py] [info]    Phase Xa: Raw Feature Importance: 937.08s
[LN1474   ] [chunk_20_pipeline_main.py] [info]    Neural Ensemble: 12756.01s
[LN1475   ] [chunk_20_pipeline_main.py] [info]    Phase Xb: Temporal Precision Gap: 0.07s
[LN1476   ] [chunk_20_pipeline_main.py] [info]    Prediction Optimization: 3.71s
[LN1477   ] [chunk_20_pipeline_main.py] [info] [stat] Final Results:
[LN1478   ] [chunk_20_pipeline_main.py] [info]    inference_precision=0.5417
[LN1479   ] [chunk_20_pipeline_main.py] [info]    inference_recall=0.0203
[LN1480   ] [chunk_20_pipeline_main.py] [info]    inference_f1=0.0391
[LN1481   ] [chunk_20_pipeline_main.py] [info]    inference_auc=0.4942
[LN1482   ] [chunk_20_pipeline_main.py] [info] METRICS REVIEW REPORT
[LN1483   ] [chunk_20_pipeline_main.py] [info] [architecture performance] (sorted by validation_precision)
[LN1484   ] [chunk_20_pipeline_main.py] [info] 1. Transformer     validation_precision=0.5505 validation_recall=0.4013 validation_auc=0.5163 validation_true_positives=11547 validation_false_positives= 9428 PASS (Minimum Validation_Precision Required=0.53)
[LN1485   ] [chunk_20_pipeline_main.py] [info] 2. VAE             validation_precision=0.5449 validation_recall=0.4117 validation_auc=0.5043 validation_true_positives=11846 validation_false_positives= 9894 PASS (Minimum Validation_Precision Required=0.53)
[LN1486   ] [chunk_20_pipeline_main.py] [info] 3. LSTM            validation_precision=0.5305 validation_recall=0.2692 validation_auc=0.5000 validation_true_positives= 7746 validation_false_positives= 6854 PASS (Minimum Validation_Precision Required=0.53)
[LN1487   ] [chunk_20_pipeline_main.py] [info] 4. RNN             validation_precision=0.5296 validation_recall=0.2824 validation_auc=0.5069 validation_true_positives= 8126 validation_false_positives= 7219 FAIL (Minimum Validation_Precision Required=0.53)
[LN1488   ] [chunk_20_pipeline_main.py] [info] 5. LightGBM        validation_precision=0.5253 validation_recall=0.4590 validation_auc=0.4811 validation_true_positives=13206 validation_false_positives=11935 FAIL (Minimum Validation_Precision Required=0.53)
[LN1489   ] [chunk_20_pipeline_main.py] [info] 6. CatBoost        validation_precision=0.5225 validation_recall=0.4511 validation_auc=0.4765 validation_true_positives=12980 validation_false_positives=11862 FAIL (Minimum Validation_Precision Required=0.53)
[LN1490   ] [chunk_20_pipeline_main.py] [info] 7. Dense           validation_precision=0.5203 validation_recall=0.0427 validation_auc=0.5223 validation_true_positives= 1228 validation_false_positives= 1132 FAIL (Minimum Validation_Precision Required=0.53)
[LN1491   ] [chunk_20_pipeline_main.py] [info] 8. XGBoost         validation_precision=0.0867 validation_recall=0.2114 validation_auc=0.8283 validation_true_positives=  253 validation_false_positives= 2665 FAIL (Minimum Validation_Precision Required=0.53)
[LN1492   ] [chunk_20_pipeline_main.py] [info] 9. CNN             validation_precision=0.0000 validation_recall=0.0000 validation_auc=0.5420 validation_true_positives=    0 validation_false_positives=    0 FAIL (Minimum Validation_Precision Required=0.53)
[LN1493   ] [chunk_20_pipeline_main.py] [info] [standardized metrics table]
[LN1494   ] [chunk_20_pipeline_main.py] [info] Architecture,Phase,Loss,Epochs,Precision,Recall,AUC,F1,TP,FP,TN,FN,MaxPred,MeanPred,StdPred,PctAboveThresh,BestEpoch,TrainingTime,LabelThresh,ThresholdSource,HPO_Trials,HPO_Improvement,KeyHyperparams,TrainLoss,ValLoss,LossDelta,MCC,PRAUC,Specificity,BalancedAccuracy,PredictionThreshold
[LN1495   ] [chunk_20_pipeline_main.py] [info] VAE,Train,binary_crossentropy,3,0.5022,0.4046,0.5023,0.4482,24163,23948,35641,35558,0.5790,0.4957,0.0174,N/A,0,0.0,0.0,section3,20,0.0000,dropout=0.1,learning_rate=0.005,latent_dim=256,0.0000,0.0000,0.0000,0.0028,0.5027,0.5981,0.5014,0.5
[LN1496   ] [chunk_20_pipeline_main.py] [info] VAE,Validation,binary_crossentropy,3,0.5449,0.4117,0.5043,0.4690,11846,9894,14586,16928,0.5790,0.4958,0.0175,N/A,0,0.0,0.0,section3,20,0.0000,dropout=0.1,learning_rate=0.005,latent_dim=256,0.0000,0.0000,0.0000,-0.0014,0.5380,0.5930,0.4993,0.5
[LN1497   ] [chunk_20_pipeline_main.py] [info] VAE,Inference,binary_crossentropy,N/A,0.6541,0.4026,0.5040,0.4984,3097,1638,2514,4595,0.5613,0.4955,0.0176,39.98,N/A,N/A,0.0,N/A,N/A,N/A,N/A,0.6055,0.3945,0.4362,0.0079,0.6536,0.5041,0.50
[LN1498   ] [chunk_20_pipeline_main.py] [info] Dense,Train,binary_crossentropy,20,0.4894,0.0132,0.4918,0.0257,787,821,58768,58934,0.8283,0.0757,0.1061,N/A,0,0.0,0.0,section4,20,0.0000,units=1024,layers=3,dropout=0.2,learning_rate=0.0001,0.0000,0.0000,0.0000,-0.0026,0.4947,0.9862,0.4997,0.5
[LN1499   ] [chunk_20_pipeline_main.py] [info] Dense,Validation,binary_crossentropy,20,0.5203,0.0427,0.5223,0.0789,1228,1132,23348,27546,0.8283,0.1523,0.1539,N/A,0,0.0,0.0,section4,20,0.0000,units=1024,layers=3,dropout=0.2,learning_rate=0.0001,0.0000,0.0000,0.0000,-0.0086,0.5493,0.9538,0.4982,0.5
[LN1500   ] [chunk_20_pipeline_main.py] [info] Dense,Inference,N/A,N/A,N/A,N/A,N/A,N/A,N/A,N/A,N/A,N/A,N/A,N/A,N/A,N/A,N/A,N/A,N/A,N/A,N/A,N/A,N/A,N/A,N/A,N/A,N/A,N/A,N/A,N/A,N/A,N/A,N/A,N/A
[LN1501   ] [chunk_20_pipeline_main.py] [info] CNN,Train,binary_crossentropy,3,0.0055,0.5501,0.4947,0.0109,379,68208,50413,310,0.8290,0.5051,0.0596,N/A,0,0.0,20.0,section3,20,0.0000,filters=256,layers=3,dropout=0.05,learning_rate=0.001,0.0000,0.0000,0.0000,-0.0038,0.0058,0.4250,0.4875,0.5
[LN1502   ] [chunk_20_pipeline_main.py] [info] CNN,Validation,binary_crossentropy,3,0.0000,0.0000,0.5420,0.0000,0,0,52918,336,0.8290,0.5203,0.0615,N/A,0,0.0,20.0,section3,20,0.0000,filters=256,layers=3,dropout=0.05,learning_rate=0.001,0.0000,0.0000,0.0000,-0.0220,0.0049,0.4022,0.4318,0.5
[LN1503   ] [chunk_20_pipeline_main.py] [info] CNN,Inference,N/A,N/A,N/A,N/A,N/A,N/A,N/A,N/A,N/A,N/A,N/A,N/A,N/A,N/A,N/A,N/A,N/A,N/A,N/A,N/A,N/A,N/A,N/A,N/A,N/A,N/A,N/A,N/A,N/A,N/A,N/A,N/A
[LN1504   ] [chunk_20_pipeline_main.py] [info] RNN,Train,binary_crossentropy,20,0.4822,0.1185,0.4830,0.1903,7078,7602,51987,52643,0.8993,0.1935,0.2291,N/A,0,0.0,0.0,section4,20,0.0000,units=64,layers=2,dropout=0.05,learning_rate=0.002,0.0000,0.0000,0.0000,-0.0138,0.4865,0.8724,0.4955,0.5
[LN1505   ] [chunk_20_pipeline_main.py] [info] RNN,Validation,binary_crossentropy,20,0.5296,0.2824,0.5069,0.3684,8126,7219,17261,20648,0.8993,0.2877,0.3009,N/A,0,0.0,0.0,section4,20,0.0000,units=64,layers=2,dropout=0.05,learning_rate=0.002,0.0000,0.0000,0.0000,-0.0137,0.5337,0.7051,0.4938,0.5
[LN1506   ] [chunk_20_pipeline_main.py] [info] RNN,Inference,N/A,N/A,N/A,N/A,N/A,N/A,N/A,N/A,N/A,N/A,N/A,N/A,N/A,N/A,N/A,N/A,N/A,N/A,N/A,N/A,N/A,N/A,N/A,N/A,N/A,N/A,N/A,N/A,N/A,N/A,N/A,N/A
[LN1507   ] [chunk_20_pipeline_main.py] [info] LSTM,Train,binary_crossentropy,30,0.5016,0.1124,0.4931,0.1837,6715,6672,52917,53006,0.9363,0.1848,0.1990,N/A,0,0.0,0.0,section4,20,0.0000,lstm_units=128,layers=1,dropout=0.2,learning_rate=0.002,0.0000,0.0000,0.0000,0.0007,0.4978,0.8880,0.5002,0.5
[LN1508   ] [chunk_20_pipeline_main.py] [info] LSTM,Validation,binary_crossentropy,30,0.5305,0.2692,0.5000,0.3572,7746,6854,17626,21028,0.9363,0.2958,0.2730,N/A,0,0.0,0.0,section4,20,0.0000,lstm_units=128,layers=1,dropout=0.2,learning_rate=0.002,0.0000,0.0000,0.0000,-0.0120,0.5364,0.7200,0.4946,0.5
[LN1509   ] [chunk_20_pipeline_main.py] [info] LSTM,Inference,binary_crossentropy,N/A,0.5391,0.0852,0.4378,0.1471,655,560,3592,7037,0.9000,0.1657,0.1938,10.26,N/A,N/A,0.0,N/A,N/A,N/A,N/A,0.8651,0.1349,0.1024,-0.0782,0.6020,0.4751,0.50
[LN1510   ] [chunk_20_pipeline_main.py] [info] Transformer,Train,binary_crossentropy,50,0.4857,0.2644,0.4893,0.3424,15792,16720,42869,43929,0.9947,0.3646,0.2187,N/A,0,0.0,0.0,section4,20,0.0000,layers=1,dim=64,heads=2,dropout=0.05,learning_rate=0.0001,0.0000,0.0000,0.0000,-0.0181,0.4916,0.7194,0.4919,0.5
[LN1511   ] [chunk_20_pipeline_main.py] [info] Transformer,Validation,binary_crossentropy,50,0.5505,0.4013,0.5163,0.4642,11547,9428,15052,17227,0.9947,0.4339,0.2276,N/A,0,0.0,0.0,section4,20,0.0000,layers=1,dim=64,heads=2,dropout=0.05,learning_rate=0.0001,0.0000,0.0000,0.0000,0.0165,0.5481,0.6149,0.5081,0.5
[LN1512   ] [chunk_20_pipeline_main.py] [info] Transformer,Inference,binary_crossentropy,N/A,0.5977,0.2184,0.4438,0.3199,1680,1131,3021,6012,0.9845,0.3506,0.2126,23.73,N/A,N/A,0.0,N/A,N/A,N/A,N/A,0.7276,0.2724,0.2502,-0.0606,0.6105,0.4730,0.50
[LN1513   ] [chunk_20_pipeline_main.py] [info] [info] CSV saved to metrics_summary.csv
[LN1514   ] [chunk_20_pipeline_main.py] [info] END OF METRICS REVIEW
[LN1515   ] [pipeline] [info] Pipeline execution validated successfully
Stock Analysis Pipeline completed successfully!
