[LN1      ] [pipeline] [info] Running in CPU mode
[LN2      ] [chunk_20_pipeline_main.py] [info] [running] Starting Stock Analysis Pipeline
[LN3      ] [chunk_20_pipeline_main.py] [info]    Data path: for_train_x_2025_10_24_clean.csv
[LN4      ] [chunk_20_pipeline_main.py] [info]    Dataset shape: 6,727,216 rows x 23 columns (937.4 MB)
[LN5      ] [chunk_20_pipeline_main.py] [info] date,Market_Cap,52W_Low,Prev_Close,Price,Volume,52W_High,Perf_YTD,Perf_Year,SMA200,Perf_Half_Y,Avg_Volume,Perf_Quarter,SMA50,Perf_Month,SMA20,ATR,RSI_14,Perf_Week,Rel_Volume,Change,ChangeY,Ticker_id
[LN6      ] [chunk_20_pipeline_main.py] [info] 20251023,4426490000000.0,86.62,180.28,182.16,110565391.0,195.62,35.65,26.76,24.47,71.15,173300000.0,4.99,1.48,2.93,-1.14,5.41,50.43,0.19,0.64,1.04,2.25,3830
[LN7      ] [chunk_20_pipeline_main.py] [info] 20251022,4380800000000.0,86.62,181.16,180.28,161368647.0,195.62,34.25,30.64,23.33,75.52,173780000.0,3.76,0.44,1.04,-2.04,5.58,47.71,0.25,0.93,-0.49,1.04,3830
[LN8      ] [chunk_20_pipeline_main.py] [info] 20220302,595250000000.0,109.4,234.77,242.2,38866671.0,-30.09,-17.65,89.15,4.22,8.2,52980000.0,-25.88,-6.9,-1.09,-1.43,15.31,47.85,8.19,0.73,3.16,-2.09,3830
[LN9      ] [chunk_20_pipeline_main.py] [info] 20220301,576990000000.0,102.97,243.85,234.77,41123365.0,-32.24,-20.18,75.12,1.22,3.48,53130000.0,-29.66,-10.09,2.79,-4.65,15.71,44.33,0.37,0.77,-3.72,3.16,3830
[LN10     ] [chunk_20_pipeline_main.py] [info]    Sampling: size=184408, enabled=True, forced=True
[LN11     ] [chunk_20_pipeline_main.py] [info]    hyperparameter_optimization: trials=3, continue_until_target=False, epochs_per_trial=5, stagnation_threshold=50
[LN12     ] [chunk_20_pipeline_main.py] [info]    Label_Thresholds: 20.0 to 0.0 (5 thresholds)
[LN13     ] [chunk_20_pipeline_main.py] [info] --- Configuration Summary ---
[LN14     ] [chunk_20_pipeline_main.py] [info]   [config] Preprocessing: winsor_features=True, winsor_low=3 (global), log1p=True, skewed_cols=[0, 1, 2, 3, 4, 5, 7, 8, 9, 10, 11, 12, 13, 14, 15, 16, 18, 19, 20], log1p_target=False
[LN15     ] [chunk_20_pipeline_main.py] [info]   [config] Per-arch winsor: CNN low=3 high=95, CatBoost low=1 high=99, Dense low=3 high=92, LSTM low=3 high=92, LightGBM low=1 high=99, RNN low=3 high=97, Transformer low=3 high=95, VAE low=3 high=97, XGBoost low=3 high=97
[LN16     ] [chunk_20_pipeline_main.py] [info]   [config] Top dates held out: 2
[LN17     ] [chunk_20_pipeline_main.py] [info]   [config] Gates: min_pos_ratio=0.0005, max_pos_ratio=0.65
[LN18     ] [chunk_20_pipeline_main.py] [info]   [config] Safeguards: NN={'MIN_POSITIVE_PERCENTAGE': 0, 'MIN_POSITIVE_ABSOLUTE': 5, 'PATIENCE': 10, 'MIN_PRECISION_OVER_BASELINE': 0.01}, trees={'MIN_PRECISION_OVER_BASELINE': 0.01, 'MIN_POSITIVE_PERCENTAGE': 0.001, 'MIN_POSITIVE_ABSOLUTE': 10, 'MAX_POS_PRED_RATIO': 1.0}
[LN19     ] [chunk_20_pipeline_main.py] [info]   [config] Training: hpo_epochs=5, retrain_epochs={'Dense': 15, 'VAE': 20, 'CNN': 15, 'RNN': 15, 'LSTM': 15, 'Transformer': 15}, final_epochs={'Dense': 15, 'VAE': 30, 'CNN': 15, 'RNN': 15, 'LSTM': 15, 'Transformer': 15}, tree_early_stopping=10
[LN20     ] [chunk_20_pipeline_main.py] [info]   [config] Archs: NN=['CNN', 'RNN', 'LSTM', 'Dense', 'VAE', 'Transformer'], trees=['CatBoost', 'LightGBM', 'XGBoost']
[LN21     ] [chunk_20_pipeline_main.py] [info]   [config] Ensemble: min_precision=0.5, weighting=uniform, fallback=VAE
[LN22     ] [chunk_20_pipeline_main.py] [info]   [config] Feature analysis: enabled=True
[LN23     ] [chunk_20_pipeline_main.py] [info]   [config] Temporal: multiplier=3.0
   [feature] Log-transformed 19 skewed features: columns [0, 1, 2, 3, 4, 5, 7, 8, 9, 10, 11, 12, 13, 14, 15, 16, 18, 19, 20]
   [feature] Added 5 ratio features
   [feature] Log-transformed 5 ratio features
   [feature] Added 4 polynomial interaction features
   [feature] Added 4 binned RSI zone features
   [feature] Total features: 21 -> 34
[LN24     ] [chunk_16_phase_1_setup.py] [info] Data loaded: 184408 samples, 34 features
[LN25     ] [chunk_16_phase_1_setup.py] [info] Per-arch winsorization active — global winsorization skipped in Phase 1
[LN26     ] [chunk_02_utils_logging.py] [info] [date] Temporal Coverage:  Date range: 20250910 to 20251023  Unique dates: 32  Total samples: 184408
[LN27     ] [chunk_16_phase_1_setup.py] [info] Target Distribution (ChangeY):
[LN28     ] [chunk_16_phase_1_setup.py] [info]    Min: -99.75 | Max: 32500.00 | Mean: 0.05
[LN29     ] [chunk_16_phase_1_setup.py] [info]    Median: 0.00 | Std: 15.36
[LN30     ] [chunk_16_phase_1_setup.py] [warning] sanity check: Extreme target values detected (max=32500.00)
[LN31     ] [chunk_16_phase_1_setup.py] [info] [class] Class Distribution (LABEL_THRESHOLD=20.0):
[LN32     ] [chunk_16_phase_1_setup.py] [info]   Total samples: 6,727,216
[LN33     ] [chunk_16_phase_1_setup.py] [info]   Signal cases: 25,902 (0.4%)
[LN34     ] [chunk_16_phase_1_setup.py] [info]   Normal cases: 6,701,314 (99.6%)
[LN35     ] [chunk_16_phase_1_setup.py] [info]   Imbalance ratio: 258.7:1
[LN36     ] [chunk_16_phase_1_setup.py] [info] [class] Class Distribution (LABEL_THRESHOLD=15.0):
[LN37     ] [chunk_16_phase_1_setup.py] [info]   Total samples: 6,727,216
[LN38     ] [chunk_16_phase_1_setup.py] [info]   Signal cases: 47,169 (0.7%)
[LN39     ] [chunk_16_phase_1_setup.py] [info]   Normal cases: 6,680,047 (99.3%)
[LN40     ] [chunk_16_phase_1_setup.py] [info]   Imbalance ratio: 141.6:1
[LN41     ] [chunk_16_phase_1_setup.py] [info] [class] Class Distribution (LABEL_THRESHOLD=10.0):
[LN42     ] [chunk_16_phase_1_setup.py] [info]   Total samples: 6,727,216
[LN43     ] [chunk_16_phase_1_setup.py] [info]   Signal cases: 106,942 (1.6%)
[LN44     ] [chunk_16_phase_1_setup.py] [info]   Normal cases: 6,620,274 (98.4%)
[LN45     ] [chunk_16_phase_1_setup.py] [info]   Imbalance ratio: 61.9:1
[LN46     ] [chunk_16_phase_1_setup.py] [info] [class] Class Distribution (LABEL_THRESHOLD= 5.0):
[LN47     ] [chunk_16_phase_1_setup.py] [info]   Total samples: 6,727,216
[LN48     ] [chunk_16_phase_1_setup.py] [info]   Signal cases: 363,801 (5.4%)
[LN49     ] [chunk_16_phase_1_setup.py] [info]   Normal cases: 6,363,415 (94.6%)
[LN50     ] [chunk_16_phase_1_setup.py] [info]   Imbalance ratio: 17.5:1
[LN51     ] [chunk_16_phase_1_setup.py] [info] [class] Class Distribution (LABEL_THRESHOLD= 0.0):
[LN52     ] [chunk_16_phase_1_setup.py] [info]   Total samples: 6,727,216
[LN53     ] [chunk_16_phase_1_setup.py] [info]   Signal cases: 3,465,261 (51.5%)
[LN54     ] [chunk_16_phase_1_setup.py] [info]   Normal cases: 3,261,955 (48.5%)
[LN55     ] [chunk_16_phase_1_setup.py] [info]   Imbalance ratio: 1.1:1
[LN56     ] [chunk_16_phase_1_setup.py] [info] [class] Class Distribution (LABEL_THRESHOLD=20.0):
[LN57     ] [chunk_16_phase_1_setup.py] [info]   Total samples: 184,408
[LN58     ] [chunk_16_phase_1_setup.py] [info]   Signal cases: 1,078 (0.6%)
[LN59     ] [chunk_16_phase_1_setup.py] [info]   Normal cases: 183,330 (99.4%)
[LN60     ] [chunk_16_phase_1_setup.py] [info]   Imbalance ratio: 170.1:1
[LN61     ] [chunk_16_phase_1_setup.py] [info] [class] Class Distribution (LABEL_THRESHOLD=15.0):
[LN62     ] [chunk_16_phase_1_setup.py] [info]   Total samples: 184,408
[LN63     ] [chunk_16_phase_1_setup.py] [info]   Signal cases: 1,896 (1.0%)
[LN64     ] [chunk_16_phase_1_setup.py] [info]   Normal cases: 182,512 (99.0%)
[LN65     ] [chunk_16_phase_1_setup.py] [info]   Imbalance ratio: 96.3:1
[LN66     ] [chunk_16_phase_1_setup.py] [info] [class] Class Distribution (LABEL_THRESHOLD=10.0):
[LN67     ] [chunk_16_phase_1_setup.py] [info]   Total samples: 184,408
[LN68     ] [chunk_16_phase_1_setup.py] [info]   Signal cases: 4,028 (2.2%)
[LN69     ] [chunk_16_phase_1_setup.py] [info]   Normal cases: 180,380 (97.8%)
[LN70     ] [chunk_16_phase_1_setup.py] [info]   Imbalance ratio: 44.8:1
[LN71     ] [chunk_16_phase_1_setup.py] [info] [class] Class Distribution (LABEL_THRESHOLD= 5.0):
[LN72     ] [chunk_16_phase_1_setup.py] [info]   Total samples: 184,408
[LN73     ] [chunk_16_phase_1_setup.py] [info]   Signal cases: 12,487 (6.8%)
[LN74     ] [chunk_16_phase_1_setup.py] [info]   Normal cases: 171,921 (93.2%)
[LN75     ] [chunk_16_phase_1_setup.py] [info]   Imbalance ratio: 13.8:1
[LN76     ] [chunk_16_phase_1_setup.py] [info] [class] Class Distribution (LABEL_THRESHOLD= 0.0):
[LN77     ] [chunk_16_phase_1_setup.py] [info]   Total samples: 184,408
[LN78     ] [chunk_16_phase_1_setup.py] [info]   Signal cases: 96,187 (52.2%)
[LN79     ] [chunk_16_phase_1_setup.py] [info]   Normal cases: 88,221 (47.8%)
[LN80     ] [chunk_16_phase_1_setup.py] [info]   Imbalance ratio: 1.1:1
[stat] Feature Quality Analysis:
  feature_0: μ=20.155, σ=3.260, skew=-2.282, kurt=13.057, missing=0.0%
  feature_1: μ=2.407, σ=1.424, skew=0.539, kurt=0.238, missing=0.0%
  feature_2: μ=2.780, σ=1.421, skew=0.474, kurt=0.244, missing=0.0%
  feature_3: μ=2.781, σ=1.421, skew=0.474, kurt=0.245, missing=0.0%
  feature_4: μ=12.567, σ=2.518, skew=-1.380, kurt=5.004, missing=0.0%
  feature_5: μ=3.241, σ=1.354, skew=1.276, kurt=11.927, missing=0.0%
  feature_6: μ=2978.626, σ=1718.375, skew=0.001, kurt=-1.200, missing=0.0%
  feature_7: μ=0.094, σ=3.266, skew=0.060, kurt=-1.515, missing=0.0%
  feature_8: μ=0.078, σ=3.301, skew=0.144, kurt=-1.428, missing=0.0%
  feature_9: μ=0.392, σ=2.828, skew=-0.179, kurt=-1.398, missing=0.0%
  feature_10: μ=1.171, σ=3.023, skew=-0.424, kurt=-1.175, missing=0.0%
  feature_11: μ=13.012, σ=1.993, skew=-0.915, kurt=4.562, missing=0.0%
  feature_12: μ=0.583, σ=2.773, skew=-0.172, kurt=-1.323, missing=0.0%
  feature_13: μ=0.263, σ=2.182, skew=-0.058, kurt=-1.147, missing=0.0%
  feature_14: μ=0.232, σ=2.280, skew=0.065, kurt=-1.152, missing=0.0%
  feature_15: μ=0.029, σ=1.786, skew=0.144, kurt=-0.866, missing=0.0%
  feature_16: μ=0.615, σ=0.634, skew=2.374, kurt=12.658, missing=0.0%
  feature_17: μ=50.725, σ=13.072, skew=-0.220, kurt=1.226, missing=0.0%
  feature_18: μ=-0.004, σ=1.695, skew=0.170, kurt=-0.716, missing=0.0%
  feature_19: μ=0.624, σ=0.417, skew=3.778, kurt=35.280, missing=0.0%
  feature_20: μ=0.025, σ=1.200, skew=0.104, kurt=-0.172, missing=0.0%
  feature_21: μ=0.608, σ=0.413, skew=40.793, kurt=1849.249, missing=0.0%
  feature_22: μ=0.679, σ=0.429, skew=45.730, kurt=2170.104, missing=0.0%
  feature_23: μ=0.821, σ=0.431, skew=35.001, kurt=1485.574, missing=0.0%
  feature_24: μ=0.695, σ=0.267, skew=68.446, kurt=4784.448, missing=0.0%
  feature_25: μ=0.310, σ=0.677, skew=-1.574, kurt=140.105, missing=0.0%
  feature_26: μ=-0.075, σ=4.146, skew=0.077, kurt=0.246, missing=0.0%
  feature_27: μ=0.435, σ=16.160, skew=0.240, kurt=1.066, missing=0.0%
  feature_28: μ=0.022, σ=1.001, skew=6.433, kurt=644.576, missing=0.0%
  feature_29: μ=1.669, σ=0.987, skew=0.539, kurt=0.238, missing=0.0%
  feature_30: μ=0.044, σ=0.204, skew=4.465, kurt=17.939, missing=0.0%
  feature_31: μ=0.444, σ=0.497, skew=0.227, kurt=-1.948, missing=0.0%
  feature_32: μ=0.442, σ=0.497, skew=0.235, kurt=-1.945, missing=0.0%
  feature_33: μ=0.071, σ=0.257, skew=3.335, kurt=9.123, missing=0.0%
  ... and 9 more features
[LN81     ] [chunk_16_phase_1_setup.py] [info] Data concentration: 184408 samples retained
[LN82     ] [chunk_16_phase_1_setup.py] [info] Data preprocessing complete: 34 features
[LN83     ] [chunk_16_phase_1_setup.py] [info]   Feature names (34): ['Market_Cap', '52W_Low', 'Prev_Close', 'Price', 'Volume', '52W_High', 'Ticker_id', 'Perf_YTD', 'Perf_Year', 'SMA200', 'Perf_Half_Y', 'Avg_Volume', 'Perf_Quarter', 'SMA50', 'Perf_Month', 'SMA20', 'ATR', 'RSI_14', 'Perf_Week', 'Rel_Volume', 'Change', 'Price_to_52W_High', 'Volume_to_Avg_Volume', 'Price_to_52W_Low', 'Price_to_Prev_Close', 'SMA50_to_SMA200', '52W_Low_x_SMA20', 'Change_x_Volume', 'Price_to_52W_High_x_Perf_Week', '52W_Low_x_Price_to_Prev_Close', 'RSI_oversold', 'RSI_neutral_low', 'RSI_neutral_high', 'RSI_overbought']
[LN84     ] [chunk_16_phase_1_setup.py] [info] [data split] Summary:
[LN85     ] [chunk_16_phase_1_setup.py] [info]   Total: 184,408 samples, 32 dates
[LN86     ] [chunk_16_phase_1_setup.py] [info]   train: 119,310 samples (64.7%), dates < 20251009
[LN87     ] [chunk_16_phase_1_setup.py] [info]   validation: 53,254 samples (28.9%), dates >= 20251009
[LN88     ] [chunk_16_phase_1_setup.py] [info]   Inference: 11,844 samples (6.4%), date(s) = [20251022 20251023]
[LN89     ] [chunk_17_phase_3_temporal.py] [info] Processing 184408 samples with temporal weighting
[LN90     ] [chunk_17_phase_3_temporal.py] [info] Extracted 9 temporal features
[LN91     ] [chunk_17_phase_3_temporal.py] [info] Temporal weights: min=1.000, max=4.000, mean=2.605
[LN92     ] [chunk_XX_phase_feature_analysis_a.py] [info] Phase Xa: Raw Feature Importance Analysis - Starting with methods: ['correlation', 'tree', 'permutation', 'neural', 'ablation'] (5/6 active)
[LN93     ] [chunk_XX_phase_feature_analysis_a.py] [info] Subsampling 184408 -> 100000 for feature analysis
[LN94     ] [chunk_XX_phase_feature_analysis_a.py] [info] Analyzing 34 raw features on 100000 samples
[LN95     ] [chunk_XX_feature_importance.py] [info] Starting feature importance analysis
[LN96     ] [chunk_XX_feature_importance.py] [info] Features: 34, Samples: 100000, Active methods: ['correlation', 'tree', 'permutation', 'neural', 'ablation']
[LN97     ] [chunk_XX_feature_importance.py] [info]   method=1 method_total=6 method_name=Statistical_Correlation label_threshold=20.0 signal_rate=0.006010 kept=34 kept_total=34 duration=3.9 Change=0.039074 Price_to_Prev_Close=0.038024 Change_x_Volume=0.036156 SMA20=0.029267 Perf_Half_Y=0.027114 Price_to_52W_High_x_Perf_Week=0.026894 Perf_Week=0.025437 52W_Low_x_SMA20=0.025376 RSI_neutral_low=0.025037 RSI_14=0.024981 Market_Cap=0.022944 Perf_YTD=0.022325 SMA50=0.021883 Perf_Month=0.020135 RSI_neutral_high=0.018583 Perf_Year=0.017532 SMA200=0.015797 Volume=0.014794 Price_to_52W_High=0.014087 Avg_Volume=0.012839 RSI_overbought=0.012297 Prev_Close=0.011708 Volume_to_Avg_Volume=0.011089 Price=0.010687 Rel_Volume=0.010538 SMA50_to_SMA200=0.008445 52W_Low=0.008245 52W_Low_x_Price_to_Prev_Close=0.007576 Perf_Quarter=0.006703 52W_High=0.004509 ATR=0.004374 Ticker_id=0.002931 Price_to_52W_Low=0.002889 RSI_oversold=0.000250
[LN98     ] [chunk_XX_feature_importance.py] [info]   method=2 method_total=6 method_name=Tree_Based_Importance label_threshold=20.0 signal_rate=0.006010 kept=34 kept_total=34 duration=132.2 Change=0.076560 Change_x_Volume=0.063950 Price_to_Prev_Close=0.057888 Perf_Week=0.048782 Rel_Volume=0.048109 Price_to_52W_High=0.046996 SMA20=0.043903 Volume_to_Avg_Volume=0.043288 52W_Low_x_Price_to_Prev_Close=0.042941 Perf_Month=0.038863 Price_to_52W_Low=0.037200 Volume=0.037133 52W_Low=0.032433 Ticker_id=0.029731 SMA50=0.028694 Market_Cap=0.027704 Perf_Half_Y=0.027664 SMA50_to_SMA200=0.025930 Price_to_52W_High_x_Perf_Week=0.025738 Perf_YTD=0.023798 Perf_Year=0.023307 SMA200=0.022663 Perf_Quarter=0.021736 Prev_Close=0.020394 Price=0.020010 ATR=0.019186 RSI_14=0.017840 Avg_Volume=0.016167 52W_Low_x_SMA20=0.015874 52W_High=0.012040 RSI_neutral_high=0.001638 RSI_neutral_low=0.000648 RSI_overbought=0.000616 RSI_oversold=0.000576
[LN99     ] [chunk_XX_feature_importance.py] [info]   method=3 method_total=6 method_name=Permutation_Importance label_threshold=20.0 signal_rate=0.006010 kept=34 kept_total=34 baseline_auc=0.5156 duration=82.1 Ticker_id=0.013989 Prev_Close=0.000020 Market_Cap=0.000018 Price_to_52W_Low=0.000012 Price=0.000009 SMA20=0.000009 Rel_Volume=0.000008 RSI_neutral_low=0.000007 Volume=0.000004 RSI_overbought=0.000004 52W_Low=0.000004 Price_to_Prev_Close=0.000000 Perf_YTD=0.000000 Perf_Year=0.000000 Perf_Half_Y=0.000000 SMA200=0.000000 Perf_Month=0.000000 SMA50=0.000000 Perf_Quarter=0.000000 Avg_Volume=0.000000 Perf_Week=0.000000 Change=0.000000 RSI_14=0.000000 ATR=0.000000 Volume_to_Avg_Volume=0.000000 Price_to_52W_High=0.000000 52W_Low_x_SMA20=0.000000 SMA50_to_SMA200=0.000000 Change_x_Volume=0.000000 Price_to_52W_High_x_Perf_Week=0.000000 52W_Low_x_Price_to_Prev_Close=0.000000 52W_High=0.000000 RSI_oversold=0.000000 RSI_neutral_high=0.000000
[LN100    ] [chunk_XX_feature_importance.py] [info]   method=4 method_total=6 method_name=Neural_Weight_Analysis label_threshold=20.0 signal_rate=0.006010 kept=34 kept_total=34 duration=4.5 52W_Low=0.151540 Volume=0.142572 SMA50_to_SMA200=0.141685 SMA200=0.141183 RSI_overbought=0.136004 52W_High=0.134537 Price=0.134218 Price_to_52W_High=0.134023 52W_Low_x_SMA20=0.131605 Price_to_52W_Low=0.131220 Change=0.131048 Avg_Volume=0.130045 Perf_Month=0.126403 Price_to_Prev_Close=0.126239 Change_x_Volume=0.125841 Prev_Close=0.125522 52W_Low_x_Price_to_Prev_Close=0.125446 Price_to_52W_High_x_Perf_Week=0.125128 SMA20=0.124211 RSI_neutral_high=0.123564 Perf_Year=0.123539 RSI_14=0.123435 Perf_Quarter=0.123263 RSI_oversold=0.121776 Volume_to_Avg_Volume=0.121631 Perf_YTD=0.121345 Perf_Week=0.119402 Market_Cap=0.115233 ATR=0.113457 SMA50=0.113075 Rel_Volume=0.112621 RSI_neutral_low=0.111304 Ticker_id=0.107112 Perf_Half_Y=0.097924
[LN101    ] [chunk_XX_feature_importance.py] [info]   method=6 method_total=6 method_name=Ablation_Study label_threshold=20.0 signal_rate=0.006010 kept=34 kept_total=34 duration=163.6 52W_Low=0.838041 52W_Low_x_Price_to_Prev_Close=0.837090 Change_x_Volume=0.778028 Prev_Close=0.773738 Price=0.769469 Market_Cap=0.767943 SMA20=0.761907 Price_to_52W_High=0.758667 Perf_Month=0.756748 52W_High=0.672579 Perf_YTD=0.662072 Change=0.661812 52W_Low_x_SMA20=0.658363 Perf_Week=0.622531 SMA50=0.620661 RSI_neutral_low=0.598822 ATR=0.574252 Perf_Year=0.547954 RSI_overbought=0.544987 Ticker_id=0.490346 Price_to_52W_High_x_Perf_Week=0.487930 RSI_oversold=0.476633 RSI_neutral_high=0.470825 Price_to_Prev_Close=0.463560 Rel_Volume=0.455593 Volume_to_Avg_Volume=0.454126 Avg_Volume=0.407197 RSI_14=0.395774 Volume=0.395591 SMA50_to_SMA200=0.368602 Perf_Half_Y=0.311769 SMA200=0.280884 Perf_Quarter=0.213862 Price_to_52W_Low=0.181488
[LN102    ] [chunk_XX_feature_importance.py] [info]   consolidated_ranking label_threshold=20.0 signal_rate=0.006010 kept=34 kept_total=34 rank=1 52W_Low=11.80 rank=2 Price=15.20 rank=3 Price_to_52W_High=15.30 rank=4 Prev_Close=15.60 rank=5 Change_x_Volume=16.50 rank=6 Market_Cap=16.60 rank=7 52W_Low_x_Price_to_Prev_Close=17.10 rank=8 Volume=17.60 rank=9 Change=18.90 rank=10 SMA20=19.60 rank=11 Perf_Month=20.10 rank=12 Price_to_Prev_Close=20.40 rank=13 Price_to_52W_Low=20.80 rank=14 52W_High=21.70 rank=15 52W_Low_x_SMA20=24.90 rank=16 Perf_Week=25.10 rank=17 Avg_Volume=25.30 rank=18 Perf_YTD=25.90 rank=19 Perf_Half_Y=26.10 rank=20 RSI_overbought=26.40 rank=21 SMA50=26.50 rank=22 Rel_Volume=26.80 rank=23 Volume_to_Avg_Volume=27.90 rank=24 Price_to_52W_High_x_Perf_Week=28.10 rank=25 RSI_neutral_low=29.00 rank=26 SMA200=30.30 rank=27 Ticker_id=31.20 rank=28 Perf_Year=31.30 rank=29 SMA50_to_SMA200=31.50 rank=29 Perf_Quarter=31.50 rank=31 ATR=33.10 rank=32 RSI_neutral_high=33.30 rank=33 RSI_14=34.70 rank=34 RSI_oversold=36.90
[LN103    ] [chunk_XX_feature_importance.py] [info]   consolidated_pruning label_threshold=20.0 signal_rate=0.006010 pruned=0 pruned_total=34 
[LN104    ] [chunk_XX_feature_importance.py] [info]   method=1 method_total=6 method_name=Statistical_Correlation label_threshold=15.0 signal_rate=0.010340 kept=34 kept_total=34 duration=3.3 Change=0.039074 Price_to_Prev_Close=0.038024 Change_x_Volume=0.036156 SMA20=0.029267 Perf_Half_Y=0.027114 Price_to_52W_High_x_Perf_Week=0.026894 Perf_Week=0.025437 52W_Low_x_SMA20=0.025376 RSI_neutral_low=0.025037 RSI_14=0.024981 Market_Cap=0.022944 Perf_YTD=0.022325 SMA50=0.021883 Perf_Month=0.020135 RSI_neutral_high=0.018583 Perf_Year=0.017532 SMA200=0.015797 Volume=0.014794 Price_to_52W_High=0.014087 Avg_Volume=0.012839 RSI_overbought=0.012297 Prev_Close=0.011708 Volume_to_Avg_Volume=0.011089 Price=0.010687 Rel_Volume=0.010538 SMA50_to_SMA200=0.008445 52W_Low=0.008245 52W_Low_x_Price_to_Prev_Close=0.007576 Perf_Quarter=0.006703 52W_High=0.004509 ATR=0.004374 Ticker_id=0.002931 Price_to_52W_Low=0.002889 RSI_oversold=0.000250
[LN105    ] [chunk_XX_feature_importance.py] [info]   method=2 method_total=6 method_name=Tree_Based_Importance label_threshold=15.0 signal_rate=0.010340 kept=34 kept_total=34 duration=121.7 Price_to_Prev_Close=0.078231 Change_x_Volume=0.070469 SMA20=0.059522 Change=0.057180 Price_to_52W_Low=0.049974 Perf_Week=0.044063 Perf_Month=0.041760 Price_to_52W_High=0.041628 52W_Low_x_Price_to_Prev_Close=0.039572 52W_Low=0.038726 Volume_to_Avg_Volume=0.037806 Rel_Volume=0.035171 Volume=0.034370 SMA50=0.033465 Perf_Half_Y=0.026509 Avg_Volume=0.025663 SMA50_to_SMA200=0.025578 Market_Cap=0.024249 Perf_Year=0.022984 Prev_Close=0.022450 Price_to_52W_High_x_Perf_Week=0.021472 Perf_Quarter=0.020970 Price=0.020814 Perf_YTD=0.020268 RSI_14=0.019611 52W_Low_x_SMA20=0.018642 SMA200=0.017856 ATR=0.016272 Ticker_id=0.016230 52W_High=0.016036 RSI_neutral_low=0.000703 RSI_overbought=0.000671 RSI_oversold=0.000657 RSI_neutral_high=0.000430
[LN106    ] [chunk_XX_feature_importance.py] [info]   method=3 method_total=6 method_name=Permutation_Importance label_threshold=15.0 signal_rate=0.010340 kept=34 kept_total=34 baseline_auc=0.4996 duration=79.7 Perf_Half_Y=0.000123 Perf_Year=0.000093 52W_Low_x_Price_to_Prev_Close=0.000086 SMA20=0.000083 52W_Low=0.000072 Prev_Close=0.000030 Perf_Month=0.000020 Price_to_52W_High_x_Perf_Week=0.000019 52W_Low_x_SMA20=0.000016 Rel_Volume=0.000012 RSI_overbought=0.000012 Volume=0.000010 Avg_Volume=0.000010 Price_to_52W_Low=0.000010 SMA50=0.000010 Price_to_52W_High=0.000007 RSI_neutral_high=0.000002 RSI_neutral_low=0.000001 RSI_oversold=0.000001 Volume_to_Avg_Volume=0.000001 Price=0.000000 52W_High=0.000000 Ticker_id=0.000000 SMA200=0.000000 Perf_Quarter=0.000000 ATR=0.000000 RSI_14=0.000000 Perf_Week=0.000000 Change=0.000000 Change_x_Volume=0.000000 Perf_YTD=0.000000 Market_Cap=0.000000 SMA50_to_SMA200=0.000000 Price_to_Prev_Close=0.000000
[LN107    ] [chunk_XX_feature_importance.py] [info]   method=4 method_total=6 method_name=Neural_Weight_Analysis label_threshold=15.0 signal_rate=0.010340 kept=34 kept_total=34 duration=4.6 SMA20=0.147934 Market_Cap=0.141373 Perf_YTD=0.138559 RSI_14=0.136226 SMA50_to_SMA200=0.135660 RSI_overbought=0.135132 SMA200=0.132862 Volume=0.131951 SMA50=0.131856 Perf_Month=0.131839 Price=0.131830 52W_Low_x_SMA20=0.131660 ATR=0.130688 Ticker_id=0.129068 52W_High=0.128970 Perf_Half_Y=0.128775 Volume_to_Avg_Volume=0.128399 Price_to_52W_High_x_Perf_Week=0.127841 Perf_Year=0.127833 RSI_neutral_high=0.127089 Perf_Quarter=0.126740 Price_to_52W_High=0.124987 Avg_Volume=0.124746 52W_Low=0.124181 RSI_oversold=0.122911 Price_to_52W_Low=0.122518 Price_to_Prev_Close=0.120791 RSI_neutral_low=0.120492 Rel_Volume=0.120172 Prev_Close=0.118997 Change=0.118109 Perf_Week=0.118022 52W_Low_x_Price_to_Prev_Close=0.117437 Change_x_Volume=0.114147
[LN108    ] [chunk_XX_feature_importance.py] [info]   method=6 method_total=6 method_name=Ablation_Study label_threshold=15.0 signal_rate=0.010340 kept=34 kept_total=34 duration=164.1 52W_Low=0.839698 52W_Low_x_Price_to_Prev_Close=0.838266 Prev_Close=0.796413 Price=0.790615 SMA20=0.771454 Change=0.769403 Market_Cap=0.768778 SMA50=0.762830 Price_to_52W_High=0.749642 Perf_Week=0.748969 Change_x_Volume=0.733927 Perf_Quarter=0.723432 Perf_Half_Y=0.702300 SMA200=0.699056 Perf_Month=0.690403 52W_High=0.685255 52W_Low_x_SMA20=0.667144 Perf_Year=0.647396 ATR=0.619714 Rel_Volume=0.590997 RSI_neutral_low=0.562751 RSI_overbought=0.549145 RSI_oversold=0.523444 Ticker_id=0.516074 Price_to_52W_High_x_Perf_Week=0.503185 RSI_neutral_high=0.502975 Price_to_Prev_Close=0.461507 RSI_14=0.440694 Perf_YTD=0.416830 Avg_Volume=0.405531 SMA50_to_SMA200=0.405236 Volume_to_Avg_Volume=0.404774 Volume=0.391934 Price_to_52W_Low=0.224246
[LN109    ] [chunk_XX_feature_importance.py] [info]   consolidated_ranking label_threshold=15.0 signal_rate=0.010340 kept=34 kept_total=34 rank=1 Perf_Half_Y=14.00 rank=2 SMA20=14.40 rank=3 52W_Low=14.60 rank=4 52W_Low_x_Price_to_Prev_Close=16.20 rank=5 Perf_Month=16.80 rank=6 Market_Cap=16.90 rank=7 Price_to_52W_High=17.20 rank=8 Prev_Close=18.20 rank=9 SMA50=19.00 rank=10 Price=19.90 rank=11 Volume=20.40 rank=12 Change_x_Volume=22.70 rank=13 52W_Low_x_SMA20=22.80 rank=14 Change=23.10 rank=15 Avg_Volume=23.60 rank=16 Price_to_52W_Low=24.80 rank=17 52W_High=25.50 rank=18 Perf_Year=26.20 rank=18 Price_to_52W_High_x_Perf_Week=26.20 rank=20 Price_to_Prev_Close=26.30 rank=21 Perf_Week=26.50 rank=21 Perf_YTD=26.50 rank=23 RSI_overbought=27.20 rank=24 Volume_to_Avg_Volume=27.30 rank=25 Rel_Volume=27.40 rank=26 Perf_Quarter=27.50 rank=27 SMA200=29.10 rank=28 RSI_neutral_low=31.00 rank=29 ATR=31.50 rank=29 RSI_14=31.50 rank=31 SMA50_to_SMA200=32.70 rank=32 RSI_neutral_high=33.20 rank=33 RSI_oversold=36.30 rank=34 Ticker_id=36.50
[LN110    ] [chunk_XX_feature_importance.py] [info]   consolidated_pruning label_threshold=15.0 signal_rate=0.010340 pruned=0 pruned_total=34 
[LN111    ] [chunk_XX_feature_importance.py] [info]   method=1 method_total=6 method_name=Statistical_Correlation label_threshold=10.0 signal_rate=0.021820 kept=34 kept_total=34 duration=3.1 Change=0.039074 Price_to_Prev_Close=0.038024 Change_x_Volume=0.036156 SMA20=0.029267 Perf_Half_Y=0.027114 Price_to_52W_High_x_Perf_Week=0.026894 Perf_Week=0.025437 52W_Low_x_SMA20=0.025376 RSI_neutral_low=0.025037 RSI_14=0.024981 Market_Cap=0.022944 Perf_YTD=0.022325 SMA50=0.021883 Perf_Month=0.020135 RSI_neutral_high=0.018583 Perf_Year=0.017532 SMA200=0.015797 Volume=0.014794 Price_to_52W_High=0.014087 Avg_Volume=0.012839 RSI_overbought=0.012297 Prev_Close=0.011708 Volume_to_Avg_Volume=0.011089 Price=0.010687 Rel_Volume=0.010538 SMA50_to_SMA200=0.008445 52W_Low=0.008245 52W_Low_x_Price_to_Prev_Close=0.007576 Perf_Quarter=0.006703 52W_High=0.004509 ATR=0.004374 Ticker_id=0.002931 Price_to_52W_Low=0.002889 RSI_oversold=0.000250
[LN112    ] [chunk_XX_feature_importance.py] [info]   method=2 method_total=6 method_name=Tree_Based_Importance label_threshold=10.0 signal_rate=0.021820 kept=34 kept_total=34 duration=121.0 Price_to_52W_Low=0.093126 Price_to_Prev_Close=0.077522 Change=0.069833 52W_Low=0.057117 Price_to_52W_High=0.053663 Change_x_Volume=0.051704 SMA20=0.043922 Perf_Week=0.042946 Perf_Month=0.041540 52W_Low_x_Price_to_Prev_Close=0.041090 SMA50=0.039048 Rel_Volume=0.033718 Volume=0.029050 Volume_to_Avg_Volume=0.024999 Market_Cap=0.023898 Prev_Close=0.022788 Perf_Half_Y=0.022677 Avg_Volume=0.021336 Price_to_52W_High_x_Perf_Week=0.020517 SMA50_to_SMA200=0.020077 ATR=0.019978 Perf_Year=0.019712 Perf_Quarter=0.019026 SMA200=0.018256 Perf_YTD=0.016627 Price=0.016471 RSI_14=0.015452 52W_Low_x_SMA20=0.014380 Ticker_id=0.013914 52W_High=0.013831 RSI_neutral_low=0.000938 RSI_neutral_high=0.000484 RSI_overbought=0.000199 RSI_oversold=0.000160
[LN113    ] [chunk_XX_feature_importance.py] [info]   method=3 method_total=6 method_name=Permutation_Importance label_threshold=10.0 signal_rate=0.021820 kept=34 kept_total=34 baseline_auc=0.7988 duration=79.0 RSI_14=0.057809 Change_x_Volume=0.027298 52W_Low=0.015891 Market_Cap=0.011565 Perf_Month=0.010655 Prev_Close=0.007993 52W_Low_x_Price_to_Prev_Close=0.006456 Price=0.005665 Change=0.004776 Volume=0.004207 Perf_YTD=0.003727 Rel_Volume=0.001652 Perf_Half_Y=0.000987 Perf_Year=0.000968 Price_to_52W_High=0.000683 Price_to_52W_Low=0.000462 SMA50_to_SMA200=0.000061 RSI_neutral_high=0.000019 Price_to_Prev_Close=0.000016 Perf_Quarter=0.000000 SMA200=0.000000 Ticker_id=0.000000 52W_High=0.000000 SMA50=0.000000 SMA20=0.000000 Volume_to_Avg_Volume=0.000000 ATR=0.000000 Perf_Week=0.000000 52W_Low_x_SMA20=0.000000 Price_to_52W_High_x_Perf_Week=0.000000 RSI_oversold=0.000000 Avg_Volume=0.000000 RSI_neutral_low=0.000000 RSI_overbought=0.000000
[LN114    ] [chunk_XX_feature_importance.py] [info]   method=4 method_total=6 method_name=Neural_Weight_Analysis label_threshold=10.0 signal_rate=0.021820 kept=34 kept_total=34 duration=4.4 52W_Low_x_Price_to_Prev_Close=0.157778 Market_Cap=0.157341 Prev_Close=0.154080 RSI_overbought=0.144462 Volume=0.142286 Price_to_52W_Low=0.137499 52W_High=0.137362 52W_Low_x_SMA20=0.137214 RSI_14=0.135884 52W_Low=0.133830 SMA20=0.132434 RSI_neutral_high=0.132124 Rel_Volume=0.131610 Price_to_52W_High_x_Perf_Week=0.131479 Avg_Volume=0.130926 Price_to_52W_High=0.130063 ATR=0.128170 Price_to_Prev_Close=0.126964 SMA50=0.125709 Perf_Quarter=0.125003 SMA200=0.124452 RSI_neutral_low=0.123548 Perf_Half_Y=0.123358 Perf_Year=0.123055 Perf_Week=0.119968 RSI_oversold=0.118794 SMA50_to_SMA200=0.116814 Volume_to_Avg_Volume=0.115923 Change=0.114320 Perf_Month=0.113771 Perf_YTD=0.111791 Change_x_Volume=0.111756 Price=0.110909 Ticker_id=0.073058
[LN115    ] [chunk_XX_feature_importance.py] [info]   method=6 method_total=6 method_name=Ablation_Study label_threshold=10.0 signal_rate=0.021820 kept=34 kept_total=34 duration=165.1 52W_Low=0.795909 52W_Low_x_Price_to_Prev_Close=0.795224 Price_to_52W_Low=0.776849 Change=0.765522 Change_x_Volume=0.759327 Prev_Close=0.741263 SMA20=0.740562 Perf_Month=0.739423 Perf_Week=0.739289 Price=0.738470 SMA50=0.725655 Market_Cap=0.715649 Price_to_52W_High=0.712567 Perf_Quarter=0.710954 Perf_YTD=0.706542 Perf_Half_Y=0.697667 SMA200=0.695016 52W_High=0.668118 Perf_Year=0.661282 52W_Low_x_SMA20=0.646625 Price_to_52W_High_x_Perf_Week=0.645826 Volume=0.585961 ATR=0.582262 RSI_neutral_low=0.577731 Rel_Volume=0.571442 Avg_Volume=0.562238 SMA50_to_SMA200=0.554042 RSI_overbought=0.534537 RSI_oversold=0.505467 Ticker_id=0.470339 RSI_neutral_high=0.454983 Price_to_Prev_Close=0.452854 Volume_to_Avg_Volume=0.419448 RSI_14=0.413452
[LN116    ] [chunk_XX_feature_importance.py] [info]   consolidated_ranking label_threshold=10.0 signal_rate=0.021820 kept=34 kept_total=34 rank=1 52W_Low=10.20 rank=2 52W_Low_x_Price_to_Prev_Close=10.80 rank=3 Prev_Close=12.60 rank=3 Market_Cap=12.60 rank=5 Price_to_52W_Low=14.20 rank=6 Price_to_52W_High=16.00 rank=7 Change_x_Volume=16.80 rank=8 Volume=17.20 rank=9 Change=18.40 rank=10 Perf_Half_Y=18.80 rank=11 Perf_Month=19.40 rank=12 Price=22.20 rank=12 SMA20=22.20 rank=14 SMA50=23.40 rank=15 Price_to_Prev_Close=24.00 rank=16 52W_High=24.20 rank=17 Avg_Volume=24.40 rank=18 Perf_Week=25.20 rank=19 Rel_Volume=25.60 rank=20 Perf_YTD=26.20 rank=21 52W_Low_x_SMA20=26.60 rank=22 Perf_Quarter=27.80 rank=23 Price_to_52W_High_x_Perf_Week=28.00 rank=24 RSI_14=28.80 rank=25 Perf_Year=30.40 rank=26 RSI_overbought=31.40 rank=27 ATR=31.60 rank=28 Volume_to_Avg_Volume=31.80 rank=28 SMA200=31.80 rank=30 RSI_neutral_low=32.20 rank=31 RSI_neutral_high=32.40 rank=32 SMA50_to_SMA200=34.80 rank=33 RSI_oversold=39.40 rank=34 Ticker_id=41.60
[LN117    ] [chunk_XX_feature_importance.py] [info]   consolidated_pruning label_threshold=10.0 signal_rate=0.021820 pruned=0 pruned_total=34 
[LN118    ] [chunk_XX_feature_importance.py] [info]   method=1 method_total=6 method_name=Statistical_Correlation label_threshold=5.0 signal_rate=0.066790 kept=34 kept_total=34 duration=3.2 Change=0.039074 Price_to_Prev_Close=0.038024 Change_x_Volume=0.036156 SMA20=0.029267 Perf_Half_Y=0.027114 Price_to_52W_High_x_Perf_Week=0.026894 Perf_Week=0.025437 52W_Low_x_SMA20=0.025376 RSI_neutral_low=0.025037 RSI_14=0.024981 Market_Cap=0.022944 Perf_YTD=0.022325 SMA50=0.021883 Perf_Month=0.020135 RSI_neutral_high=0.018583 Perf_Year=0.017532 SMA200=0.015797 Volume=0.014794 Price_to_52W_High=0.014087 Avg_Volume=0.012839 RSI_overbought=0.012297 Prev_Close=0.011708 Volume_to_Avg_Volume=0.011089 Price=0.010687 Rel_Volume=0.010538 SMA50_to_SMA200=0.008445 52W_Low=0.008245 52W_Low_x_Price_to_Prev_Close=0.007576 Perf_Quarter=0.006703 52W_High=0.004509 ATR=0.004374 Ticker_id=0.002931 Price_to_52W_Low=0.002889 RSI_oversold=0.000250
[LN119    ] [chunk_XX_feature_importance.py] [info]   method=2 method_total=6 method_name=Tree_Based_Importance label_threshold=5.0 signal_rate=0.066790 kept=34 kept_total=34 duration=119.7 Price_to_52W_Low=0.128146 52W_Low=0.094768 Change=0.081442 Price_to_52W_High=0.078378 52W_Low_x_Price_to_Prev_Close=0.061916 Change_x_Volume=0.044893 Price_to_Prev_Close=0.036235 Perf_Month=0.035378 Perf_Half_Y=0.034343 SMA20=0.032628 Perf_Week=0.027454 ATR=0.025698 Prev_Close=0.024682 Perf_YTD=0.024036 SMA50=0.023298 Volume=0.021942 Price_to_52W_High_x_Perf_Week=0.020862 SMA200=0.018915 Perf_Year=0.018836 Volume_to_Avg_Volume=0.018767 Price=0.018473 Perf_Quarter=0.018422 Market_Cap=0.017462 RSI_14=0.015616 Avg_Volume=0.015536 SMA50_to_SMA200=0.014003 Rel_Volume=0.013197 52W_High=0.012070 52W_Low_x_SMA20=0.011357 Ticker_id=0.010244 RSI_neutral_high=0.000438 RSI_neutral_low=0.000244 RSI_overbought=0.000236 RSI_oversold=0.000085
[LN120    ] [chunk_XX_feature_importance.py] [info]   method=3 method_total=6 method_name=Permutation_Importance label_threshold=5.0 signal_rate=0.066790 kept=34 kept_total=34 baseline_auc=0.5732 duration=78.9 52W_Low=0.018883 52W_Low_x_Price_to_Prev_Close=0.014080 Price=0.010404 RSI_14=0.009153 Prev_Close=0.005362 Change_x_Volume=0.003718 52W_High=0.003447 52W_Low_x_SMA20=0.002324 Avg_Volume=0.001710 SMA200=0.000973 Price_to_52W_High=0.000802 Perf_Month=0.000742 Price_to_52W_Low=0.000433 Perf_YTD=0.000372 RSI_neutral_high=0.000332 Perf_Week=0.000326 ATR=0.000138 Change=0.000088 RSI_overbought=0.000042 RSI_oversold=0.000039 Perf_Quarter=0.000017 SMA50_to_SMA200=0.000009 Volume_to_Avg_Volume=0.000000 Volume=0.000000 SMA20=0.000000 SMA50=0.000000 Perf_Year=0.000000 Perf_Half_Y=0.000000 Rel_Volume=0.000000 Price_to_Prev_Close=0.000000 Ticker_id=0.000000 Market_Cap=0.000000 RSI_neutral_low=0.000000 Price_to_52W_High_x_Perf_Week=0.000000
[LN121    ] [chunk_XX_feature_importance.py] [info]   method=4 method_total=6 method_name=Neural_Weight_Analysis label_threshold=5.0 signal_rate=0.066790 kept=34 kept_total=34 duration=4.5 52W_Low_x_Price_to_Prev_Close=0.154715 ATR=0.144438 Price_to_52W_High=0.143882 SMA50=0.142141 Rel_Volume=0.138344 Market_Cap=0.135359 Change_x_Volume=0.135350 Avg_Volume=0.134707 Price=0.131689 RSI_neutral_low=0.131054 Perf_Quarter=0.129475 Price_to_52W_Low=0.128477 52W_High=0.126915 52W_Low=0.125600 Ticker_id=0.125427 Prev_Close=0.124677 RSI_oversold=0.123919 Perf_YTD=0.123901 SMA50_to_SMA200=0.122309 Volume_to_Avg_Volume=0.121892 RSI_neutral_high=0.121810 52W_Low_x_SMA20=0.121576 Perf_Month=0.120839 RSI_14=0.120374 Volume=0.120322 Price_to_Prev_Close=0.119326 SMA200=0.119024 Perf_Week=0.117522 RSI_overbought=0.116873 Perf_Year=0.115762 Price_to_52W_High_x_Perf_Week=0.115555 Change=0.113558 SMA20=0.111704 Perf_Half_Y=0.109384
[LN122    ] [chunk_XX_feature_importance.py] [info]   method=6 method_total=6 method_name=Ablation_Study label_threshold=5.0 signal_rate=0.066790 kept=34 kept_total=34 duration=162.8 52W_Low=0.739939 52W_Low_x_Price_to_Prev_Close=0.739887 Price_to_52W_Low=0.731422 Change=0.719527 Change_x_Volume=0.719054 Perf_YTD=0.715335 SMA20=0.715246 Perf_Week=0.707785 SMA200=0.699834 SMA50=0.699818 Perf_Month=0.697534 Price_to_52W_High=0.697010 Prev_Close=0.696530 Price=0.696191 Perf_Half_Y=0.695237 Perf_Year=0.692521 Perf_Quarter=0.675409 Market_Cap=0.667816 52W_High=0.630928 Price_to_52W_High_x_Perf_Week=0.623260 Rel_Volume=0.595352 52W_Low_x_SMA20=0.581482 Volume_to_Avg_Volume=0.581222 Avg_Volume=0.574880 SMA50_to_SMA200=0.567822 Volume=0.566962 ATR=0.556209 RSI_14=0.538172 RSI_neutral_low=0.529154 RSI_overbought=0.520718 RSI_neutral_high=0.504801 RSI_oversold=0.503079 Price_to_Prev_Close=0.499055 Ticker_id=0.497341
[LN123    ] [chunk_XX_feature_importance.py] [info]   consolidated_ranking label_threshold=5.0 signal_rate=0.066790 kept=34 kept_total=34 rank=1 52W_Low_x_Price_to_Prev_Close=8.80 rank=2 52W_Low=10.20 rank=3 Price_to_52W_High=12.20 rank=4 Change_x_Volume=12.60 rank=5 Price_to_52W_Low=14.80 rank=6 Prev_Close=15.80 rank=7 Price=16.20 rank=8 Perf_Month=19.80 rank=9 Perf_YTD=20.20 rank=10 Avg_Volume=20.40 rank=11 Change=20.80 rank=12 Market_Cap=21.20 rank=12 52W_High=21.20 rank=14 SMA50=21.40 rank=15 Perf_Half_Y=22.40 rank=16 Perf_Week=24.00 rank=17 Perf_Quarter=25.20 rank=18 ATR=25.60 rank=19 52W_Low_x_SMA20=26.20 rank=20 Volume=26.40 rank=21 SMA200=26.80 rank=22 SMA20=27.60 rank=23 Volume_to_Avg_Volume=28.60 rank=24 Price_to_Prev_Close=28.80 rank=25 Rel_Volume=29.60 rank=26 RSI_14=30.60 rank=27 Price_to_52W_High_x_Perf_Week=31.20 rank=28 RSI_neutral_low=31.40 rank=29 Perf_Year=33.40 rank=29 RSI_neutral_high=33.40 rank=31 SMA50_to_SMA200=35.00 rank=32 RSI_overbought=35.20 rank=33 RSI_oversold=36.80 rank=34 Ticker_id=39.20
[LN124    ] [chunk_XX_feature_importance.py] [info]   consolidated_pruning label_threshold=5.0 signal_rate=0.066790 pruned=0 pruned_total=34 
[LN125    ] [chunk_XX_feature_importance.py] [info]   method=1 method_total=6 method_name=Statistical_Correlation label_threshold=0.0 signal_rate=0.520600 kept=34 kept_total=34 duration=3.1 Change=0.039074 Price_to_Prev_Close=0.038024 Change_x_Volume=0.036156 SMA20=0.029267 Perf_Half_Y=0.027114 Price_to_52W_High_x_Perf_Week=0.026894 Perf_Week=0.025437 52W_Low_x_SMA20=0.025376 RSI_neutral_low=0.025037 RSI_14=0.024981 Market_Cap=0.022944 Perf_YTD=0.022325 SMA50=0.021883 Perf_Month=0.020135 RSI_neutral_high=0.018583 Perf_Year=0.017532 SMA200=0.015797 Volume=0.014794 Price_to_52W_High=0.014087 Avg_Volume=0.012839 RSI_overbought=0.012297 Prev_Close=0.011708 Volume_to_Avg_Volume=0.011089 Price=0.010687 Rel_Volume=0.010538 SMA50_to_SMA200=0.008445 52W_Low=0.008245 52W_Low_x_Price_to_Prev_Close=0.007576 Perf_Quarter=0.006703 52W_High=0.004509 ATR=0.004374 Ticker_id=0.002931 Price_to_52W_Low=0.002889 RSI_oversold=0.000250
[LN126    ] [chunk_XX_feature_importance.py] [info]   method=2 method_total=6 method_name=Tree_Based_Importance label_threshold=0.0 signal_rate=0.520600 kept=34 kept_total=34 duration=121.9 Volume_to_Avg_Volume=0.086819 ATR=0.062631 Change=0.060338 Price_to_Prev_Close=0.056721 Price_to_52W_Low=0.043288 Volume=0.038391 Price_to_52W_High=0.038117 Change_x_Volume=0.035533 Price_to_52W_High_x_Perf_Week=0.034851 Perf_Half_Y=0.034661 52W_Low_x_SMA20=0.032742 SMA50=0.032731 Rel_Volume=0.030797 SMA20=0.030739 Perf_Month=0.028486 Perf_YTD=0.026962 Perf_Week=0.026445 SMA50_to_SMA200=0.026029 Market_Cap=0.025806 Avg_Volume=0.025665 Perf_Quarter=0.024620 SMA200=0.023635 RSI_14=0.023527 52W_Low_x_Price_to_Prev_Close=0.023332 Price=0.021771 Perf_Year=0.021720 Ticker_id=0.021690 52W_High=0.020744 Prev_Close=0.020125 52W_Low=0.017812 RSI_neutral_low=0.001466 RSI_neutral_high=0.001432 RSI_oversold=0.000233 RSI_overbought=0.000141
[LN127    ] [chunk_XX_feature_importance.py] [info]   method=3 method_total=6 method_name=Permutation_Importance label_threshold=0.0 signal_rate=0.520600 kept=34 kept_total=34 baseline_auc=0.5070 duration=80.1 Ticker_id=0.003279 Change_x_Volume=0.000550 Market_Cap=0.000460 Volume=0.000455 RSI_14=0.000363 SMA50=0.000102 Perf_Half_Y=0.000099 Perf_Month=0.000088 Rel_Volume=0.000087 Prev_Close=0.000070 Change=0.000060 ATR=0.000059 52W_Low=0.000058 Perf_YTD=0.000049 Perf_Year=0.000048 SMA20=0.000038 RSI_oversold=0.000037 Price_to_52W_Low=0.000031 52W_High=0.000020 Volume_to_Avg_Volume=0.000017 Price_to_Prev_Close=0.000014 Price_to_52W_High_x_Perf_Week=0.000010 RSI_neutral_high=0.000008 SMA200=0.000000 Perf_Quarter=0.000000 Avg_Volume=0.000000 Price_to_52W_High=0.000000 Perf_Week=0.000000 52W_Low_x_SMA20=0.000000 SMA50_to_SMA200=0.000000 52W_Low_x_Price_to_Prev_Close=0.000000 Price=0.000000 RSI_neutral_low=0.000000 RSI_overbought=0.000000
[LN128    ] [chunk_XX_feature_importance.py] [info]   method=4 method_total=6 method_name=Neural_Weight_Analysis label_threshold=0.0 signal_rate=0.520600 kept=34 kept_total=34 duration=6.1 Perf_Week=0.142714 Price_to_Prev_Close=0.141956 Volume_to_Avg_Volume=0.136490 52W_Low_x_Price_to_Prev_Close=0.135687 Price_to_52W_Low=0.135059 Volume=0.133805 RSI_overbought=0.132789 RSI_oversold=0.132396 SMA20=0.131464 Price=0.130704 RSI_14=0.130286 RSI_neutral_high=0.128590 SMA50_to_SMA200=0.128556 Perf_Half_Y=0.128523 Price_to_52W_High=0.126656 Price_to_52W_High_x_Perf_Week=0.125427 Avg_Volume=0.125111 Rel_Volume=0.124164 Change_x_Volume=0.123810 RSI_neutral_low=0.123803 Perf_Year=0.123566 52W_Low=0.123190 Perf_YTD=0.122668 Prev_Close=0.120285 Perf_Month=0.120093 Change=0.113773 52W_Low_x_SMA20=0.113286 ATR=0.112720 52W_High=0.111269 SMA200=0.110452 SMA50=0.105749 Market_Cap=0.103791 Perf_Quarter=0.096916 Ticker_id=0.077972
[LN129    ] [chunk_XX_feature_importance.py] [info]   method=6 method_total=6 method_name=Ablation_Study label_threshold=0.0 signal_rate=0.520600 kept=34 kept_total=34 duration=163.6 Change=0.534088 Change_x_Volume=0.532893 Price_to_Prev_Close=0.524772 SMA20=0.521911 ATR=0.521459 SMA50=0.520622 52W_Low_x_SMA20=0.519939 Perf_Year=0.516876 52W_Low_x_Price_to_Prev_Close=0.516708 Perf_Quarter=0.516267 52W_High=0.516205 Perf_Month=0.515952 52W_Low=0.515327 Price=0.515113 SMA50_to_SMA200=0.514193 Volume=0.514056 SMA200=0.513734 Perf_YTD=0.513608 Rel_Volume=0.512921 Price_to_52W_High_x_Perf_Week=0.512833 Perf_Half_Y=0.511994 Avg_Volume=0.511683 Perf_Week=0.510293 RSI_14=0.508681 Price_to_52W_High=0.508559 Volume_to_Avg_Volume=0.508516 RSI_neutral_low=0.506725 RSI_neutral_high=0.506122 Price_to_52W_Low=0.504410 RSI_overbought=0.501640 RSI_oversold=0.501037 Market_Cap=0.496341 Prev_Close=0.495505 Ticker_id=0.494755
[LN130    ] [chunk_XX_feature_importance.py] [info]   consolidated_ranking label_threshold=0.0 signal_rate=0.520600 kept=34 kept_total=34 rank=1 Volume=13.60 rank=2 Change_x_Volume=14.00 rank=3 Perf_Half_Y=15.40 rank=4 Price_to_Prev_Close=15.80 rank=5 Change=17.60 rank=6 52W_Low_x_Price_to_Prev_Close=20.00 rank=7 SMA20=20.40 rank=7 Price_to_52W_Low=20.40 rank=9 SMA50=20.80 rank=10 Perf_Month=21.00 rank=11 Volume_to_Avg_Volume=21.40 rank=11 Price_to_52W_High=21.40 rank=13 52W_Low=22.20 rank=14 Price=22.40 rank=15 Market_Cap=23.20 rank=16 ATR=23.40 rank=17 Perf_YTD=24.00 rank=18 52W_Low_x_SMA20=24.80 rank=18 Avg_Volume=24.80 rank=20 Rel_Volume=25.00 rank=21 Price_to_52W_High_x_Perf_Week=25.20 rank=21 52W_High=25.20 rank=23 Perf_Week=25.40 rank=24 Prev_Close=25.60 rank=25 RSI_14=27.20 rank=26 Perf_Year=28.60 rank=27 Perf_Quarter=29.60 rank=28 SMA50_to_SMA200=31.60 rank=29 RSI_neutral_low=32.80 rank=29 RSI_neutral_high=32.80 rank=31 RSI_overbought=33.00 rank=32 SMA200=33.60 rank=33 RSI_oversold=34.00 rank=34 Ticker_id=36.80
[LN131    ] [chunk_XX_feature_importance.py] [info]   consolidated_pruning label_threshold=0.0 signal_rate=0.520600 pruned=0 pruned_total=34 
[LN132    ] [chunk_XX_feature_importance.py] [info] cross_threshold always_pruned=
[LN133    ] [chunk_XX_feature_importance.py] [info] cross_threshold never_pruned=52W_High ,52W_Low ,52W_Low_x_Price_to_Prev_Close ,52W_Low_x_SMA20 ,ATR ,Avg_Volume ,Change ,Change_x_Volume ,Market_Cap ,Perf_Half_Y ,Perf_Month ,Perf_Quarter ,Perf_Week ,Perf_YTD ,Perf_Year ,Prev_Close ,Price ,Price_to_52W_High ,Price_to_52W_High_x_Perf_Week ,Price_to_52W_Low ,Price_to_Prev_Close ,RSI_14 ,RSI_neutral_high ,RSI_neutral_low ,RSI_overbought ,RSI_oversold ,Rel_Volume ,SMA20 ,SMA200 ,SMA50 ,SMA50_to_SMA200 ,Ticker_id ,Volume ,Volume_to_Avg_Volume
[LN134    ] [chunk_XX_feature_importance.py] [info] cross_threshold borderline=
[LN135    ] [chunk_XX_feature_importance.py] [info] Computing feature correlation matrix
[LN136    ] [chunk_XX_feature_importance.py] [info] total time: 1876.5s (31.3 min)
[LN137    ] [chunk_XX_feature_importance.py] [info] features: 34 total -> 34 kept, 0 pruned
[LN138    ] [chunk_XX_feature_importance.py] [info] dropped: []
[LN139    ] [chunk_XX_feature_importance.py] [info] FEATURE IMPORTANCE ANALYSIS REPORT

Original features: 34 | After pruning: 34 | Dropped: 0
runtime_total=31.3min correlation=3.9s tree=132.2s permutation=82.1s neural=4.5s shap=0.0s ablation=163.6s

Dropped features: []
Kept features: ['52W_Low', 'Price', 'Price_to_52W_High', 'Prev_Close', 'Change_x_Volume', 'Market_Cap', '52W_Low_x_Price_to_Prev_Close', 'Volume', 'Change', 'SMA20', 'Perf_Month', 'Price_to_Prev_Close', 'Price_to_52W_Low', '52W_High', '52W_Low_x_SMA20', 'Perf_Week', 'Avg_Volume', 'Perf_YTD', 'Perf_Half_Y', 'RSI_overbought', 'SMA50', 'Rel_Volume', 'Volume_to_Avg_Volume', 'Price_to_52W_High_x_Perf_Week', 'RSI_neutral_low', 'SMA200', 'Ticker_id', 'Perf_Year', 'SMA50_to_SMA200', 'Perf_Quarter', 'ATR', 'RSI_neutral_high', 'RSI_14', 'RSI_oversold']
CONSOLIDATED RANKING (1 = most important)
                      feature  mean_rank  consolidated_rank
                      52W_Low       11.8                1.0
                        Price       15.2                2.0
            Price_to_52W_High       15.3                3.0
                   Prev_Close       15.6                4.0
              Change_x_Volume       16.5                5.0
                   Market_Cap       16.6                6.0
52W_Low_x_Price_to_Prev_Close       17.1                7.0
                       Volume       17.6                8.0
                       Change       18.9                9.0
                        SMA20       19.6               10.0
                   Perf_Month       20.1               11.0
          Price_to_Prev_Close       20.4               12.0
             Price_to_52W_Low       20.8               13.0
                     52W_High       21.7               14.0
              52W_Low_x_SMA20       24.9               15.0
                    Perf_Week       25.1               16.0
                   Avg_Volume       25.3               17.0
                     Perf_YTD       25.9               18.0
                  Perf_Half_Y       26.1               19.0
               RSI_overbought       26.4               20.0
                        SMA50       26.5               21.0
                   Rel_Volume       26.8               22.0
         Volume_to_Avg_Volume       27.9               23.0
Price_to_52W_High_x_Perf_Week       28.1               24.0
              RSI_neutral_low       29.0               25.0
                       SMA200       30.3               26.0
                    Ticker_id       31.2               27.0
                    Perf_Year       31.3               28.0
              SMA50_to_SMA200       31.5               29.5
                 Perf_Quarter       31.5               29.5
                          ATR       33.1               31.0
             RSI_neutral_high       33.3               32.0
                       RSI_14       34.7               33.0
                 RSI_oversold       36.9               34.0
FEATURE IMPORTANCE RANKING PER METHOD
Spearman Correlation:
                        feature  rank  spearman_abs
                  Perf_Half_Y  25.0      0.027114
                   Market_Cap  30.0      0.022944
            Price_to_52W_High  31.0      0.014087
                   Prev_Close  32.0      0.011708
                      52W_Low  33.0      0.008245
                        Price  34.0      0.010687
52W_Low_x_Price_to_Prev_Close  34.0      0.007576
                       Volume  36.0      0.014794
                   Avg_Volume  36.0      0.012839
              Change_x_Volume  39.0      0.036156
                     52W_High  39.0      0.004509
                   Perf_Month  45.0      0.020135
             Price_to_52W_Low  45.0      0.002889
                       Change  47.0      0.039074
                        SMA50  49.0      0.021883
                     Perf_YTD  49.0      0.022325
          Price_to_Prev_Close  49.0      0.038024
              52W_Low_x_SMA20  50.0      0.025376
                 Perf_Quarter  55.0      0.006703
                    Perf_Week  57.0      0.025437
              RSI_neutral_low  57.0      0.025037
         Volume_to_Avg_Volume  57.0      0.011089
Price_to_52W_High_x_Perf_Week  59.0      0.026894
                        SMA20  59.0      0.029267
               RSI_overbought  65.0      0.012297
                   Rel_Volume  66.0      0.010538
             RSI_neutral_high  69.0      0.018583
                          ATR  70.0      0.004374
                       SMA200  70.0      0.015797
                    Perf_Year  73.0      0.017532
                       RSI_14  73.0      0.024981
                 RSI_oversold  81.0      0.000250
              SMA50_to_SMA200  83.0      0.008445
                    Ticker_id  88.0      0.002931

Tree Importance (Random Forest + Gradient Boosting):
                        feature  rank  combined_importance
                       Change   1.0             0.076560
              Change_x_Volume   2.0             0.063950
          Price_to_Prev_Close   3.0             0.057888
                    Perf_Week   4.0             0.048782
                   Rel_Volume   5.0             0.048109
            Price_to_52W_High   6.0             0.046996
                        SMA20   7.0             0.043903
         Volume_to_Avg_Volume   8.0             0.043288
52W_Low_x_Price_to_Prev_Close   9.0             0.042941
                   Perf_Month  10.0             0.038863
             Price_to_52W_Low  11.0             0.037200
                       Volume  12.0             0.037133
                      52W_Low  13.0             0.032433
                    Ticker_id  14.0             0.029731
                        SMA50  15.0             0.028694
                   Market_Cap  16.0             0.027704
                  Perf_Half_Y  17.0             0.027664
              SMA50_to_SMA200  18.0             0.025930
Price_to_52W_High_x_Perf_Week  19.0             0.025738
                     Perf_YTD  20.0             0.023798
                    Perf_Year  21.0             0.023307
                       SMA200  22.0             0.022663
                 Perf_Quarter  23.0             0.021736
                   Prev_Close  24.0             0.020394
                        Price  25.0             0.020010
                          ATR  26.0             0.019186
                       RSI_14  27.0             0.017840
                   Avg_Volume  28.0             0.016167
              52W_Low_x_SMA20  29.0             0.015874
                     52W_High  30.0             0.012040
             RSI_neutral_high  31.0             0.001638
              RSI_neutral_low  32.0             0.000648
               RSI_overbought  33.0             0.000616
                 RSI_oversold  34.0             0.000576

Permutation Importance:
                        feature  rank
                    Ticker_id   1.0
                   Prev_Close   2.0
                   Market_Cap   3.0
             Price_to_52W_Low   4.0
                        Price   5.0
                        SMA20   6.0
                   Rel_Volume   7.0
              RSI_neutral_low   8.0
                       Volume   9.0
               RSI_overbought  10.0
                      52W_Low  11.0
          Price_to_Prev_Close  12.0
                     Perf_YTD  23.5
                    Perf_Year  23.5
                  Perf_Half_Y  23.5
                       SMA200  23.5
                   Perf_Month  23.5
                        SMA50  23.5
                 Perf_Quarter  23.5
                   Avg_Volume  23.5
                    Perf_Week  23.5
                       Change  23.5
                       RSI_14  23.5
                          ATR  23.5
         Volume_to_Avg_Volume  23.5
            Price_to_52W_High  23.5
              52W_Low_x_SMA20  23.5
              SMA50_to_SMA200  23.5
              Change_x_Volume  23.5
Price_to_52W_High_x_Perf_Week  23.5
52W_Low_x_Price_to_Prev_Close  23.5
                     52W_High  23.5
                 RSI_oversold  23.5
             RSI_neutral_high  23.5

Neural Weight Magnitude:
                        feature  rank
                      52W_Low   1.0
                       Volume   2.0
              SMA50_to_SMA200   3.0
                       SMA200   4.0
               RSI_overbought   5.0
                     52W_High   6.0
                        Price   7.0
            Price_to_52W_High   8.0
              52W_Low_x_SMA20   9.0
             Price_to_52W_Low  10.0
                       Change  11.0
                   Avg_Volume  12.0
                   Perf_Month  13.0
          Price_to_Prev_Close  14.0
              Change_x_Volume  15.0
                   Prev_Close  16.0
52W_Low_x_Price_to_Prev_Close  17.0
Price_to_52W_High_x_Perf_Week  18.0
                        SMA20  19.0
             RSI_neutral_high  20.0
                    Perf_Year  21.0
                       RSI_14  22.0
                 Perf_Quarter  23.0
                 RSI_oversold  24.0
         Volume_to_Avg_Volume  25.0
                     Perf_YTD  26.0
                    Perf_Week  27.0
                   Market_Cap  28.0
                          ATR  29.0
                        SMA50  30.0
                   Rel_Volume  31.0
              RSI_neutral_low  32.0
                    Ticker_id  33.0
                  Perf_Half_Y  34.0

Ablation Study (AUC):
                        feature  rank      auc
                      52W_Low   1.0 0.838041
52W_Low_x_Price_to_Prev_Close   2.0 0.837090
              Change_x_Volume   3.0 0.778028
                   Prev_Close   4.0 0.773738
                        Price   5.0 0.769469
                   Market_Cap   6.0 0.767943
                        SMA20   7.0 0.761907
            Price_to_52W_High   8.0 0.758667
                   Perf_Month   9.0 0.756748
                     52W_High  10.0 0.672579
                     Perf_YTD  11.0 0.662072
                       Change  12.0 0.661812
              52W_Low_x_SMA20  13.0 0.658363
                    Perf_Week  14.0 0.622531
                        SMA50  15.0 0.620661
              RSI_neutral_low  16.0 0.598822
                          ATR  17.0 0.574252
                    Perf_Year  18.0 0.547954
               RSI_overbought  19.0 0.544987
                    Ticker_id  20.0 0.490346
Price_to_52W_High_x_Perf_Week  21.0 0.487930
                 RSI_oversold  22.0 0.476633
             RSI_neutral_high  23.0 0.470825
          Price_to_Prev_Close  24.0 0.463560
                   Rel_Volume  25.0 0.455593
         Volume_to_Avg_Volume  26.0 0.454126
                   Avg_Volume  27.0 0.407197
                       RSI_14  28.0 0.395774
                       Volume  29.0 0.395591
              SMA50_to_SMA200  30.0 0.368602
                  Perf_Half_Y  31.0 0.311769
                       SMA200  32.0 0.280884
                 Perf_Quarter  33.0 0.213862
             Price_to_52W_Low  34.0 0.181488
[LN140    ] [chunk_XX_feature_importance.py] [info] Report saved to ./feature_importance_report.txt
[LN141    ] [chunk_XX_feature_importance.py] [info] Consolidated ranking saved to ./feature_importance_report.csv
[LN142    ] [chunk_XX_feature_importance.py] [info] Metadata saved to ./feature_importance_report_meta.json
[LN143    ] [chunk_XX_phase_feature_analysis_a.py] [info] complete: 34 raw features (per-threshold pruning stored)
[LN144    ] [chunk_XX_phase_feature_analysis_a.py] [info]   First threshold (20.0): 34 kept
[LN145    ] [chunk_20_pipeline_main.py] [info] [skip] Phase Xa: Raw Feature Importance validation skipped (no validator)
[LN146    ] [chunk_XX_phase_backward_elimination.py] [info] Phase BE: Backward Elimination — Starting per-architecture elimination for 9 archs, 34 features, 5 thresholds
[LN147    ] [chunk_XX_phase_backward_elimination.py] [info] Phase BE: Backward Elimination — CNN: starting elimination
[LN148    ] [chunk_XX_phase_backward_elimination.py] [info] Phase BE: Backward Elimination — CNN @ LT=20.0 round 1: 17 features kept, val_prec=0.0000
[LN149    ] [chunk_XX_phase_backward_elimination.py] [info] Phase BE: Backward Elimination — CNN @ LT=20.0 round 2: 10 features kept, val_prec=0.0000
[LN150    ] [chunk_XX_phase_backward_elimination.py] [info] Phase BE: Backward Elimination — CNN @ LT=15.0 round 1: 17 features kept, val_prec=0.0000
[LN151    ] [chunk_XX_phase_backward_elimination.py] [info] Phase BE: Backward Elimination — CNN @ LT=15.0 round 2: 10 features kept, val_prec=0.0000
[LN152    ] [chunk_XX_phase_backward_elimination.py] [info] Phase BE: Backward Elimination — CNN @ LT=10.0 round 1: 17 features kept, val_prec=0.0000
[LN153    ] [chunk_XX_phase_backward_elimination.py] [info] Phase BE: Backward Elimination — CNN @ LT=10.0 round 2: 10 features kept, val_prec=0.0000
[LN154    ] [chunk_XX_phase_backward_elimination.py] [info] Phase BE: Backward Elimination — CNN @ LT=5.0 round 1: 17 features kept, val_prec=0.2000
[LN155    ] [chunk_XX_phase_backward_elimination.py] [info] Phase BE: Backward Elimination — CNN @ LT=5.0 round 2: 10 features kept, val_prec=0.5000
[LN156    ] [chunk_XX_phase_backward_elimination.py] [info] Phase BE: Backward Elimination — CNN @ LT=0.0 round 1: 17 features kept, val_prec=0.5508
[LN157    ] [chunk_XX_phase_backward_elimination.py] [info] Phase BE: Backward Elimination — CNN @ LT=0.0 round 2: 10 features kept, val_prec=0.5527
[LN158    ] [chunk_XX_phase_backward_elimination.py] [info] Phase BE: Backward Elimination — CNN: completed (50 total feature-kept entries across thresholds)
[LN159    ] [chunk_XX_phase_backward_elimination.py] [info] Phase BE: Backward Elimination — RNN: starting elimination
[LN160    ] [chunk_XX_phase_backward_elimination.py] [info] Phase BE: Backward Elimination — RNN @ LT=20.0 round 1: 17 features kept, val_prec=0.0000
[LN161    ] [chunk_XX_phase_backward_elimination.py] [info] Phase BE: Backward Elimination — RNN @ LT=20.0 round 2: 10 features kept, val_prec=0.0000
[LN162    ] [chunk_XX_phase_backward_elimination.py] [info] Phase BE: Backward Elimination — RNN @ LT=15.0 round 1: 17 features kept, val_prec=0.0000
[LN163    ] [chunk_XX_phase_backward_elimination.py] [info] Phase BE: Backward Elimination — RNN @ LT=15.0 round 2: 10 features kept, val_prec=0.0000
[LN164    ] [chunk_XX_phase_backward_elimination.py] [info] Phase BE: Backward Elimination — RNN @ LT=10.0 round 1: 17 features kept, val_prec=0.0000
[LN165    ] [chunk_XX_phase_backward_elimination.py] [info] Phase BE: Backward Elimination — RNN @ LT=10.0 round 2: 10 features kept, val_prec=0.0000
[LN166    ] [chunk_XX_phase_backward_elimination.py] [info] Phase BE: Backward Elimination — RNN @ LT=5.0 round 1: 17 features kept, val_prec=0.2000
[LN167    ] [chunk_XX_phase_backward_elimination.py] [info] Phase BE: Backward Elimination — RNN @ LT=5.0 round 2: 10 features kept, val_prec=0.5000
[LN168    ] [chunk_XX_phase_backward_elimination.py] [info] Phase BE: Backward Elimination — RNN @ LT=0.0 round 1: 17 features kept, val_prec=0.5508
[LN169    ] [chunk_XX_phase_backward_elimination.py] [info] Phase BE: Backward Elimination — RNN @ LT=0.0 round 2: 10 features kept, val_prec=0.5527
[LN170    ] [chunk_XX_phase_backward_elimination.py] [info] Phase BE: Backward Elimination — RNN: completed (50 total feature-kept entries across thresholds)
[LN171    ] [chunk_XX_phase_backward_elimination.py] [info] Phase BE: Backward Elimination — LSTM: starting elimination
[LN172    ] [chunk_XX_phase_backward_elimination.py] [info] Phase BE: Backward Elimination — LSTM @ LT=20.0 round 1: 17 features kept, val_prec=0.0000
[LN173    ] [chunk_XX_phase_backward_elimination.py] [info] Phase BE: Backward Elimination — LSTM @ LT=20.0 round 2: 10 features kept, val_prec=0.0000
[LN174    ] [chunk_XX_phase_backward_elimination.py] [info] Phase BE: Backward Elimination — LSTM @ LT=15.0 round 1: 17 features kept, val_prec=0.0000
[LN175    ] [chunk_XX_phase_backward_elimination.py] [info] Phase BE: Backward Elimination — LSTM @ LT=15.0 round 2: 10 features kept, val_prec=0.0000
[LN176    ] [chunk_XX_phase_backward_elimination.py] [info] Phase BE: Backward Elimination — LSTM @ LT=10.0 round 1: 17 features kept, val_prec=0.0000
[LN177    ] [chunk_XX_phase_backward_elimination.py] [info] Phase BE: Backward Elimination — LSTM @ LT=10.0 round 2: 10 features kept, val_prec=0.0000
[LN178    ] [chunk_XX_phase_backward_elimination.py] [info] Phase BE: Backward Elimination — LSTM @ LT=5.0 round 1: 17 features kept, val_prec=0.2000
[LN179    ] [chunk_XX_phase_backward_elimination.py] [info] Phase BE: Backward Elimination — LSTM @ LT=5.0 round 2: 10 features kept, val_prec=0.5000
[LN180    ] [chunk_XX_phase_backward_elimination.py] [info] Phase BE: Backward Elimination — LSTM @ LT=0.0 round 1: 17 features kept, val_prec=0.5508
[LN181    ] [chunk_XX_phase_backward_elimination.py] [info] Phase BE: Backward Elimination — LSTM @ LT=0.0 round 2: 10 features kept, val_prec=0.5527
[LN182    ] [chunk_XX_phase_backward_elimination.py] [info] Phase BE: Backward Elimination — LSTM: completed (50 total feature-kept entries across thresholds)
[LN183    ] [chunk_XX_phase_backward_elimination.py] [info] Phase BE: Backward Elimination — Dense: starting elimination
[LN184    ] [chunk_XX_phase_backward_elimination.py] [info] Phase BE: Backward Elimination — Dense @ LT=20.0 round 1: 17 features kept, val_prec=0.0000
[LN185    ] [chunk_XX_phase_backward_elimination.py] [info] Phase BE: Backward Elimination — Dense @ LT=20.0 round 2: 10 features kept, val_prec=0.0000
[LN186    ] [chunk_XX_phase_backward_elimination.py] [info] Phase BE: Backward Elimination — Dense @ LT=15.0 round 1: 17 features kept, val_prec=0.0000
[LN187    ] [chunk_XX_phase_backward_elimination.py] [info] Phase BE: Backward Elimination — Dense @ LT=15.0 round 2: 10 features kept, val_prec=0.0000
[LN188    ] [chunk_XX_phase_backward_elimination.py] [info] Phase BE: Backward Elimination — Dense @ LT=10.0 round 1: 17 features kept, val_prec=0.0000
[LN189    ] [chunk_XX_phase_backward_elimination.py] [info] Phase BE: Backward Elimination — Dense @ LT=10.0 round 2: 10 features kept, val_prec=0.0000
[LN190    ] [chunk_XX_phase_backward_elimination.py] [info] Phase BE: Backward Elimination — Dense @ LT=5.0 round 1: 17 features kept, val_prec=0.2000
[LN191    ] [chunk_XX_phase_backward_elimination.py] [info] Phase BE: Backward Elimination — Dense @ LT=5.0 round 2: 10 features kept, val_prec=0.5000
[LN192    ] [chunk_XX_phase_backward_elimination.py] [info] Phase BE: Backward Elimination — Dense @ LT=0.0 round 1: 17 features kept, val_prec=0.5508
[LN193    ] [chunk_XX_phase_backward_elimination.py] [info] Phase BE: Backward Elimination — Dense @ LT=0.0 round 2: 10 features kept, val_prec=0.5527
[LN194    ] [chunk_XX_phase_backward_elimination.py] [info] Phase BE: Backward Elimination — Dense: completed (50 total feature-kept entries across thresholds)
[LN195    ] [chunk_XX_phase_backward_elimination.py] [info] Phase BE: Backward Elimination — VAE: starting elimination
[LN196    ] [chunk_XX_phase_backward_elimination.py] [info] Phase BE: Backward Elimination — VAE @ LT=20.0 round 1: 17 features kept, val_prec=0.0000
[LN197    ] [chunk_XX_phase_backward_elimination.py] [info] Phase BE: Backward Elimination — VAE @ LT=20.0 round 2: 10 features kept, val_prec=0.0000
[LN198    ] [chunk_XX_phase_backward_elimination.py] [info] Phase BE: Backward Elimination — VAE @ LT=15.0 round 1: 17 features kept, val_prec=0.0000
[LN199    ] [chunk_XX_phase_backward_elimination.py] [info] Phase BE: Backward Elimination — VAE @ LT=15.0 round 2: 10 features kept, val_prec=0.0000
[LN200    ] [chunk_XX_phase_backward_elimination.py] [info] Phase BE: Backward Elimination — VAE @ LT=10.0 round 1: 17 features kept, val_prec=0.0000
[LN201    ] [chunk_XX_phase_backward_elimination.py] [info] Phase BE: Backward Elimination — VAE @ LT=10.0 round 2: 10 features kept, val_prec=0.0000
[LN202    ] [chunk_XX_phase_backward_elimination.py] [info] Phase BE: Backward Elimination — VAE @ LT=5.0 round 1: 17 features kept, val_prec=0.2000
[LN203    ] [chunk_XX_phase_backward_elimination.py] [info] Phase BE: Backward Elimination — VAE @ LT=5.0 round 2: 10 features kept, val_prec=0.5000
[LN204    ] [chunk_XX_phase_backward_elimination.py] [info] Phase BE: Backward Elimination — VAE @ LT=0.0 round 1: 17 features kept, val_prec=0.5508
[LN205    ] [chunk_XX_phase_backward_elimination.py] [info] Phase BE: Backward Elimination — VAE @ LT=0.0 round 2: 10 features kept, val_prec=0.5527
[LN206    ] [chunk_XX_phase_backward_elimination.py] [info] Phase BE: Backward Elimination — VAE: completed (50 total feature-kept entries across thresholds)
[LN207    ] [chunk_XX_phase_backward_elimination.py] [info] Phase BE: Backward Elimination — Transformer: starting elimination
[LN208    ] [chunk_XX_phase_backward_elimination.py] [info] Phase BE: Backward Elimination — Transformer @ LT=20.0 round 1: 17 features kept, val_prec=0.0000
[LN209    ] [chunk_XX_phase_backward_elimination.py] [info] Phase BE: Backward Elimination — Transformer @ LT=20.0 round 2: 10 features kept, val_prec=0.0000
[LN210    ] [chunk_XX_phase_backward_elimination.py] [info] Phase BE: Backward Elimination — Transformer @ LT=15.0 round 1: 17 features kept, val_prec=0.0000
[LN211    ] [chunk_XX_phase_backward_elimination.py] [info] Phase BE: Backward Elimination — Transformer @ LT=15.0 round 2: 10 features kept, val_prec=0.0000
[LN212    ] [chunk_XX_phase_backward_elimination.py] [info] Phase BE: Backward Elimination — Transformer @ LT=10.0 round 1: 17 features kept, val_prec=0.0000
[LN213    ] [chunk_XX_phase_backward_elimination.py] [info] Phase BE: Backward Elimination — Transformer @ LT=10.0 round 2: 10 features kept, val_prec=0.0000
[LN214    ] [chunk_XX_phase_backward_elimination.py] [info] Phase BE: Backward Elimination — Transformer @ LT=5.0 round 1: 17 features kept, val_prec=0.2000
[LN215    ] [chunk_XX_phase_backward_elimination.py] [info] Phase BE: Backward Elimination — Transformer @ LT=5.0 round 2: 10 features kept, val_prec=0.5000
[LN216    ] [chunk_XX_phase_backward_elimination.py] [info] Phase BE: Backward Elimination — Transformer @ LT=0.0 round 1: 17 features kept, val_prec=0.5508
[LN217    ] [chunk_XX_phase_backward_elimination.py] [info] Phase BE: Backward Elimination — Transformer @ LT=0.0 round 2: 10 features kept, val_prec=0.5527
[LN218    ] [chunk_XX_phase_backward_elimination.py] [info] Phase BE: Backward Elimination — Transformer: completed (50 total feature-kept entries across thresholds)
[LN219    ] [chunk_XX_phase_backward_elimination.py] [info] Phase BE: Backward Elimination — CatBoost: starting elimination
[LN220    ] [chunk_XX_phase_backward_elimination.py] [info] Phase BE: Backward Elimination — CatBoost @ LT=20.0 round 1: 17 features kept, val_prec=0.0266
[LN221    ] [chunk_XX_phase_backward_elimination.py] [info] Phase BE: Backward Elimination — CatBoost @ LT=20.0 round 2: stopped (val_prec 0.0252 < best 0.0266 × 0.9900)
[LN222    ] [chunk_XX_phase_backward_elimination.py] [info] Phase BE: Backward Elimination — CatBoost @ LT=15.0 round 1: 17 features kept, val_prec=0.0381
[LN223    ] [chunk_XX_phase_backward_elimination.py] [info] Phase BE: Backward Elimination — CatBoost @ LT=15.0 round 2: stopped (val_prec 0.0374 < best 0.0381 × 0.9900)
[LN224    ] [chunk_XX_phase_backward_elimination.py] [info] Phase BE: Backward Elimination — CatBoost @ LT=10.0 round 1: 17 features kept, val_prec=0.0678
[LN225    ] [chunk_XX_phase_backward_elimination.py] [info] Phase BE: Backward Elimination — CatBoost @ LT=10.0 round 2: stopped (val_prec 0.0671 < best 0.0678 × 0.9900)
[LN226    ] [chunk_XX_phase_backward_elimination.py] [info] Phase BE: Backward Elimination — CatBoost @ LT=5.0 round 1: 17 features kept, val_prec=0.1550
[LN227    ] [chunk_XX_phase_backward_elimination.py] [info] Phase BE: Backward Elimination — CatBoost @ LT=5.0 round 2: 10 features kept, val_prec=0.1542
[LN228    ] [chunk_XX_phase_backward_elimination.py] [info] Phase BE: Backward Elimination — CatBoost @ LT=0.0 round 1: 17 features kept, val_prec=0.5803
[LN229    ] [chunk_XX_phase_backward_elimination.py] [info] Phase BE: Backward Elimination — CatBoost @ LT=0.0 round 2: 10 features kept, val_prec=0.5800
[LN230    ] [chunk_XX_phase_backward_elimination.py] [info] Phase BE: Backward Elimination — CatBoost: completed (71 total feature-kept entries across thresholds)
[LN231    ] [chunk_XX_phase_backward_elimination.py] [info] Phase BE: Backward Elimination — LightGBM: starting elimination
[LN232    ] [chunk_XX_phase_backward_elimination.py] [info] Phase BE: Backward Elimination — LightGBM @ LT=20.0 round 1: 17 features kept, val_prec=0.1176
[LN233    ] [chunk_XX_phase_backward_elimination.py] [info] Phase BE: Backward Elimination — LightGBM @ LT=20.0 round 2: 10 features kept, val_prec=0.1549
[LN234    ] [chunk_XX_phase_backward_elimination.py] [info] Phase BE: Backward Elimination — LightGBM @ LT=15.0 round 1: 17 features kept, val_prec=0.1389
[LN235    ] [chunk_XX_phase_backward_elimination.py] [info] Phase BE: Backward Elimination — LightGBM @ LT=15.0 round 2: 10 features kept, val_prec=0.1613
[LN236    ] [chunk_XX_phase_backward_elimination.py] [info] Phase BE: Backward Elimination — LightGBM @ LT=10.0 round 1: 17 features kept, val_prec=0.1538
[LN237    ] [chunk_XX_phase_backward_elimination.py] [info] Phase BE: Backward Elimination — LightGBM @ LT=10.0 round 2: stopped (val_prec 0.1000 < best 0.1538 × 0.9900)
[LN238    ] [chunk_XX_phase_backward_elimination.py] [info] Phase BE: Backward Elimination — LightGBM @ LT=5.0 round 1: 17 features kept, val_prec=0.2857
[LN239    ] [chunk_XX_phase_backward_elimination.py] [info] Phase BE: Backward Elimination — LightGBM @ LT=5.0 round 2: 10 features kept, val_prec=0.4286
[LN240    ] [chunk_XX_phase_backward_elimination.py] [info] Phase BE: Backward Elimination — LightGBM @ LT=0.0 round 1: 17 features kept, val_prec=0.5603
[LN241    ] [chunk_XX_phase_backward_elimination.py] [info] Phase BE: Backward Elimination — LightGBM @ LT=0.0 round 2: 10 features kept, val_prec=0.5592
[LN242    ] [chunk_XX_phase_backward_elimination.py] [info] Phase BE: Backward Elimination — LightGBM: completed (57 total feature-kept entries across thresholds)
[LN243    ] [chunk_XX_phase_backward_elimination.py] [info] Phase BE: Backward Elimination — XGBoost: starting elimination
[LN244    ] [chunk_XX_phase_backward_elimination.py] [info] Phase BE: Backward Elimination — XGBoost @ LT=20.0 round 1: 17 features kept, val_prec=0.0000
[LN245    ] [chunk_XX_phase_backward_elimination.py] [info] Phase BE: Backward Elimination — XGBoost @ LT=20.0 round 2: 10 features kept, val_prec=0.0000
[LN246    ] [chunk_XX_phase_backward_elimination.py] [info] Phase BE: Backward Elimination — XGBoost @ LT=15.0 round 1: 17 features kept, val_prec=0.5000
[LN247    ] [chunk_XX_phase_backward_elimination.py] [info] Phase BE: Backward Elimination — XGBoost @ LT=15.0 round 2: stopped (val_prec 0.0000 < best 0.5000 × 0.9900)
[LN248    ] [chunk_XX_phase_backward_elimination.py] [info] Phase BE: Backward Elimination — XGBoost @ LT=10.0 round 1: 17 features kept, val_prec=0.0000
[LN249    ] [chunk_XX_phase_backward_elimination.py] [info] Phase BE: Backward Elimination — XGBoost @ LT=10.0 round 2: 10 features kept, val_prec=0.0000
[LN250    ] [chunk_XX_phase_backward_elimination.py] [info] Phase BE: Backward Elimination — XGBoost @ LT=5.0 round 1: 17 features kept, val_prec=0.0000
[LN251    ] [chunk_XX_phase_backward_elimination.py] [info] Phase BE: Backward Elimination — XGBoost @ LT=5.0 round 2: 10 features kept, val_prec=1.0000
[LN252    ] [chunk_XX_phase_backward_elimination.py] [info] Phase BE: Backward Elimination — XGBoost @ LT=0.0 round 1: 17 features kept, val_prec=0.5604
[LN253    ] [chunk_XX_phase_backward_elimination.py] [info] Phase BE: Backward Elimination — XGBoost @ LT=0.0 round 2: 10 features kept, val_prec=0.5607
[LN254    ] [chunk_XX_phase_backward_elimination.py] [info] Phase BE: Backward Elimination — XGBoost: completed (57 total feature-kept entries across thresholds)
[LN255    ] [chunk_XX_phase_backward_elimination.py] [info] Phase BE: Backward Elimination — complete: 9 architectures processed
[LN256    ] [chunk_20_pipeline_main.py] [info] [skip] Phase BE: Backward Elimination validation skipped (no validator)
[LN257    ] [chunk_18_phase_4_ensemble.py] [info] Target column: ChangeY
[LN258    ] [chunk_18_phase_4_ensemble.py] [info] Features (34): ['Market_Cap', '52W_Low', 'Prev_Close', 'Price', 'Volume', '52W_High', 'Ticker_id', 'Perf_YTD', 'Perf_Year', 'SMA200', 'Perf_Half_Y', 'Avg_Volume', 'Perf_Quarter', 'SMA50', 'Perf_Month', 'SMA20', 'ATR', 'RSI_14', 'Perf_Week', 'Rel_Volume', 'Change', 'Price_to_52W_High', 'Volume_to_Avg_Volume', 'Price_to_52W_Low', 'Price_to_Prev_Close', 'SMA50_to_SMA200', '52W_Low_x_SMA20', 'Change_x_Volume', 'Price_to_52W_High_x_Perf_Week', '52W_Low_x_Price_to_Prev_Close', 'RSI_oversold', 'RSI_neutral_low', 'RSI_neutral_high', 'RSI_overbought']
[LN259    ] [chunk_18_phase_4_ensemble.py] [info] Per-threshold feature pruning loaded for 9 thresholds
[LN260    ] [chunk_18_phase_4_ensemble.py] [info] Training ensemble on 184408 samples
[LN261    ] [chunk_18_phase_4_ensemble.py] [info] Date split: 32 total, top 2 held out (TOP_DATES_HELD_OUT=2)
[LN262    ] [chunk_18_phase_4_ensemble.py] [info]   Remaining dates: 30 (after excluding top 2)
[LN263    ] [chunk_18_phase_4_ensemble.py] [info]   Validation split: 30% = 9 dates
[LN264    ] [chunk_18_phase_4_ensemble.py] [info]   Training split: 70% = 21 dates
[LN265    ] [chunk_18_phase_4_ensemble.py] [info] Training set: 119,310 rows, 21 unique dates
[LN266    ] [chunk_18_phase_4_ensemble.py] [info] Validation set: 53,254 rows, 9 unique dates
[LN267    ] [chunk_18_phase_4_ensemble.py] [info] [stat] split ratio: train=70.0% | validation=30.0%
[LN268    ] [chunk_18_phase_4_ensemble.py] [info] [stat] Class Distribution at Label Thresholds (20.0 to 0.0, step -5.0):
[LN269    ] [chunk_18_phase_4_ensemble.py] [info]    LABEL_THRESHOLD= 20.0: train_positives=689 ( 0.58%) | validation_positives=336 ( 0.63%) [ok]
[LN270    ] [chunk_18_phase_4_ensemble.py] [info]    LABEL_THRESHOLD= 15.0: train_positives=1,206 ( 1.01%) | validation_positives=577 ( 1.08%) [ok]
[LN271    ] [chunk_18_phase_4_ensemble.py] [info]    LABEL_THRESHOLD= 10.0: train_positives=2,554 ( 2.14%) | validation_positives=1,197 ( 2.25%) [ok]
[LN272    ] [chunk_18_phase_4_ensemble.py] [info]    LABEL_THRESHOLD=  5.0: train_positives=7,591 ( 6.36%) | validation_positives=3,873 ( 7.27%) [ok]
[LN273    ] [chunk_18_phase_4_ensemble.py] [info]    LABEL_THRESHOLD=  0.0: train_positives=59,721 (50.06%) | validation_positives=28,774 (54.03%) [ok]
[LN274    ] [chunk_18_phase_4_ensemble.py] [info] [section 1] [baseline] Training 9 architectures
[LN275    ] [chunk_18_phase_4_ensemble.py] [info] [section 1] [baseline] Testing 5 thresholds per architecture (20.0 to 0.0, step -5.0)
[LN276    ] [chunk_18_phase_4_ensemble.py] [info] [CNN] Winsorization: LOW=3 HIGH=95 (training-only percentiles)
[LN277    ] [chunk_14_models_trainer.py] [info]    class_weight=balanced (no focal_loss, no sample_weight)
[LN278    ] [chunk_18_phase_4_ensemble.py] [info] [section 1] [CNN] [baseline] LABEL_THRESHOLD=20.0,
[LN279    ] [chunk_18_phase_4_ensemble.py] [info] [section 1] [CNN] [baseline] predictions: mean=0.0419, std=0.0498, min=0.0003, max=0.2026
[LN280    ] [chunk_18_phase_4_ensemble.py] [info] [section 1] [CNN] [baseline]  cumulative binary_split_predictions (1%) ≤ 0.0005, (5%) ≤ 0.0009, (10%) ≤ 0.0013, (25%) ≤ 0.0034, (50%) ≤ 0.0168, (75%) ≤ 0.0698, (90%) ≤ 0.1306, (95%) ≤ 0.1503, (99%) ≤ 0.1676, max=0.2026 binary_split_predictions distribution: 42% ≤ 0.01, 53% ≤ 0.02, 69% ≤ 0.05, 83% ≤ 0.1, 100% ≤ 0.2, 100% ≤ 0.5, 0% ≥ 0.50
[LN281    ] [chunk_18_phase_4_ensemble.py] [info] [section 1] [CNN] [baseline] prediction_binary_split=0.50, VALIDATION predictions at LABEL_THRESHOLD=20.0: 0.00%
[LN282    ] [chunk_18_phase_4_ensemble.py] [warning] [section 1] [CNN] [baseline] [warning] No predictions >= 0.5!
[LN283    ] [chunk_18_phase_4_ensemble.py] [info] [section 1] [CNN] [baseline] LABEL_THRESHOLD=20.0,
[LN284    ] [chunk_18_phase_4_ensemble.py] [info] [section 1] [CNN] [baseline] VALIDATION_PRECISION=0.0000 VALIDATION_TRUE_POSITIVES=0 VALIDATION_TRUE_NEGATIVES=52918 validation_false_positives=0 validation_false_negatives=336 validation_max_prediction=0.2026 validation_mean_prediction=0.0419 validation_recall=0.0000 validation_f1=0.0000 validation_auc=0.7887 validation_specificity=1.0000 validation_false_positive_rate=0.0000 validation_f2=0.0000 validation_mcc=0.0000 validation_prauc=0.0246 validation_balanced_accuracy=0.5000 validation_brier=0.0094 validation_kappa=0.0000 validation_informedness=0.0000 validation_markedness=0.0000 validation_gini=0.5773 validation_optimal_threshold=0.0417 validation_standard_deviation_prediction=0.0498 validation_percentage_above_threshold=0.00
[LN285    ] [chunk_18_phase_4_ensemble.py] [info] [section 1] [CNN] [baseline] prediction_binary_split=0.50 loss=binary_crossentropy, lr=0.001
[LN286    ] [chunk_12_evaluation_evaluator.py] [info] [CNN] label_threshold=20.0 train_below_prediction_binary_split=118,621 train_above_prediction_binary_split=689 train_positive_found=true val_below_prediction_binary_split=52,918 val_above_prediction_binary_split=336 val_positive_found=true
[LN287    ] [chunk_14_models_trainer.py] [info]    class_weight=balanced (no focal_loss, no sample_weight)
[LN288    ] [chunk_12_evaluation_evaluator.py] [info] [reject] threshold=20.0 action=skipped reason=insufficient_positive_predictions positive_predictions=0 minimum_positive_required=5
[LN289    ] [chunk_12_evaluation_evaluator.py] [info] [CNN] label_threshold=15.0 train_below_prediction_binary_split=118,104 train_above_prediction_binary_split=1,206 train_positive_found=true val_below_prediction_binary_split=52,677 val_above_prediction_binary_split=577 val_positive_found=true
[LN290    ] [chunk_14_models_trainer.py] [info]    class_weight=balanced (no focal_loss, no sample_weight)
[LN291    ] [chunk_12_evaluation_evaluator.py] [info] [reject] threshold=15.0 action=skipped reason=insufficient_positive_predictions positive_predictions=0 minimum_positive_required=5
[LN292    ] [chunk_12_evaluation_evaluator.py] [info] [CNN] label_threshold=10.0 train_below_prediction_binary_split=116,756 train_above_prediction_binary_split=2,554 train_positive_found=true val_below_prediction_binary_split=52,057 val_above_prediction_binary_split=1,197 val_positive_found=true
[LN293    ] [chunk_14_models_trainer.py] [info]    class_weight=balanced (no focal_loss, no sample_weight)
[LN294    ] [chunk_12_evaluation_evaluator.py] [info] [reject] threshold=10.0 action=skipped reason=insufficient_positive_predictions positive_predictions=0 minimum_positive_required=5
[LN295    ] [chunk_12_evaluation_evaluator.py] [info] [CNN] label_threshold=5.0 train_below_prediction_binary_split=111,719 train_above_prediction_binary_split=7,591 train_positive_found=true val_below_prediction_binary_split=49,381 val_above_prediction_binary_split=3,873 val_positive_found=true
[LN296    ] [chunk_14_models_trainer.py] [info]    class_weight=balanced (no focal_loss, no sample_weight)
[LN297    ] [chunk_12_evaluation_evaluator.py] [info] [reject] threshold=5.0 action=skipped reason=insufficient_positive_predictions positive_predictions=0 minimum_positive_required=5
[LN298    ] [chunk_12_evaluation_evaluator.py] [info] [CNN] label_threshold=0.0 train_below_prediction_binary_split=59,589 train_above_prediction_binary_split=59,721 train_positive_found=true val_below_prediction_binary_split=24,480 val_above_prediction_binary_split=28,774 val_positive_found=true
[LN299    ] [chunk_14_models_trainer.py] [info]    class_weight=balanced (no focal_loss, no sample_weight)
[LN300    ] [chunk_12_evaluation_evaluator.py] [info] [CNN] Safeguards: type=neural, min_precision_over_baseline=0.0100, min_pos_pct=0.0000, min_pos_abs=5, patience=10
[LN301    ] [chunk_12_evaluation_evaluator.py] [info] [CNN] [diagnostic] LABEL_THRESHOLD=0.0 train_precision=0.5675 train_true_positives=35142 train_true_negatives=32807 train_false_positives=26782 train_false_negatives=24579 train_max_prediction=0.9995 train_mean_prediction=0.5064 train_recall=0.5884 train_f1=0.5778 train_auc=0.6018 train_specificity=0.5506 train_false_positive_rate=0.4494 train_f2=0.5841 train_mcc=0.1391 train_prauc=0.6037 train_balanced_accuracy=0.5695 train_brier=0.2407 train_kappa=0.1390 train_informedness=0.1390 train_markedness=0.1181 train_gini=0.2036 train_optimal_threshold=0.5044 train_standard_deviation_prediction=0.0958 train_percentage_above_threshold=51.90
[LN302    ] [chunk_12_evaluation_evaluator.py] [info] [CNN] [diagnostic] LABEL_THRESHOLD=0.0 VALIDATION_PRECISION=0.5178 VALIDATION_TRUE_POSITIVES=12641 VALIDATION_TRUE_NEGATIVES=12708 validation_false_positives=11772 validation_false_negatives=16133 validation_max_prediction=0.9995 validation_mean_prediction=0.5150 validation_recall=0.4393 validation_f1=0.4753 validation_auc=0.4734 validation_specificity=0.5191 validation_false_positive_rate=0.4809 validation_f2=0.4531 validation_mcc=-0.0416 validation_prauc=0.5465 validation_balanced_accuracy=0.4792 validation_brier=0.2589 validation_kappa=-0.0410 validation_informedness=-0.0416 validation_markedness=0.0369 validation_gini=0.0000 validation_optimal_threshold=0.7050 validation_standard_deviation_prediction=0.0941 validation_percentage_above_threshold=45.84
[LN303    ] [chunk_18_phase_4_ensemble.py] [info] [section 1] [CNN] [label_threshold_optimal]  cumulative binary_split_predictions (1%) ≤ 0.3489, (5%) ≤ 0.3827, (10%) ≤ 0.4097, (25%) ≤ 0.4555, (50%) ≤ 0.4951, (75%) ≤ 0.5684, (90%) ≤ 0.6445, (95%) ≤ 0.6764, (99%) ≤ 0.7943, max=0.9995 binary_split_predictions distribution: 0% ≤ 0.01, 0% ≤ 0.02, 0% ≤ 0.05, 0% ≤ 0.1, 0% ≤ 0.2, 54% ≤ 0.5, 46% ≥ 0.50
[LN304    ] [chunk_18_phase_4_ensemble.py] [info] [section 1] [CNN] [label_threshold_optimal] LABEL_THRESHOLD=0.0
[LN305    ] [chunk_18_phase_4_ensemble.py] [info] [section 1] [CNN] [label_threshold_optimal] train_precision=0.5675 train_true_positives=35142 train_true_negatives=32807 train_false_positives=26782 train_false_negatives=24579 train_max_prediction=0.9995 train_mean_prediction=0.5064 train_recall=0.5884 train_f1=0.5778 train_auc=0.6018 train_specificity=0.5506 train_false_positive_rate=0.4494 train_f2=0.5841 train_mcc=0.1391 train_prauc=0.6037 train_balanced_accuracy=0.5695 train_brier=0.2407 train_kappa=0.1390 train_informedness=0.1390 train_markedness=0.1181 train_gini=0.2036 train_optimal_threshold=0.5044 train_standard_deviation_prediction=0.0958 train_percentage_above_threshold=51.90
[LN306    ] [chunk_18_phase_4_ensemble.py] [info] [section 1] [CNN] [label_threshold_optimal] VALIDATION_PRECISION=0.5178 VALIDATION_TRUE_POSITIVES=12641 VALIDATION_TRUE_NEGATIVES=12708 validation_false_positives=11772 validation_false_negatives=16133 validation_max_prediction=0.9995 validation_mean_prediction=0.5150 validation_recall=0.4393 validation_f1=0.4753 validation_auc=0.4734 validation_specificity=0.5191 validation_false_positive_rate=0.4809 validation_f2=0.4531 validation_mcc=-0.0416 validation_prauc=0.5465 validation_balanced_accuracy=0.4792 validation_brier=0.2589 validation_kappa=-0.0410 validation_informedness=-0.0416 validation_markedness=0.0369 validation_gini=0.0000 validation_optimal_threshold=0.7050 validation_standard_deviation_prediction=0.0941 validation_percentage_above_threshold=45.84
[LN307    ] [chunk_18_phase_4_ensemble.py] [info] [section 1] [CNN] [label_threshold_optimal] prediction_binary_split=0.50
[LN308    ] [chunk_21_hyperparam_optimizer.py] [info] [section 2] [CNN] [hyperparameter_optimization search] Running Bayesian optimization (3 trials)...
[LN309    ] [chunk_14_models_trainer.py] [info]    class_weight=None (focal_loss active — skipping balanced class_weight)
[LN310    ] [chunk_21_hyperparam_optimizer.py] [info] [section 2] [CNN] [hyperparameter_optimization search baseline] LABEL_THRESHOLD=0.0
[LN311    ] [chunk_21_hyperparam_optimizer.py] [info] [section 2] [CNN] [hyperparameter_optimization search baseline] VALIDATION_PRECISION=0.5385 VALIDATION_TRUE_POSITIVES=26692 VALIDATION_TRUE_NEGATIVES=1606 validation_false_positives=22874 validation_false_negatives=2082 validation_max_prediction=0.7606 validation_mean_prediction=0.5045 validation_recall=0.9276 validation_f1=0.6814 validation_auc=0.5019 validation_specificity=0.0656 validation_false_positive_rate=0.9344 validation_f2=0.8105 validation_mcc=-0.0133 validation_prauc=0.5480 validation_balanced_accuracy=0.4966 validation_brier=0.2494 validation_kappa=-0.0072 validation_informedness=-0.0068 validation_markedness=-0.3959 validation_gini=0.0038 validation_optimal_threshold=0.5191 validation_standard_deviation_prediction=0.0198 validation_percentage_above_threshold=93.07
[LN312    ] [chunk_21_hyperparam_optimizer.py] [info] [section 2] [CNN] [hyperparameter_optimization search baseline] TRIAL 1/3: loss_function=focal_loss, filters=512, kernel_size=5, dropout=0.1, learning_rate=0.002, epochs=100, alpha=1.0, gamma=2.5, layers=3, pooling=max
[LN313    ] [chunk_14_models_trainer.py] [info]    class_weight=None (focal_loss active — skipping balanced class_weight)
[LN314    ] [chunk_21_hyperparam_optimizer.py] [info] [section 2] [CNN] [hyperparameter_optimization search baseline] LABEL_THRESHOLD=0.0
[LN315    ] [chunk_21_hyperparam_optimizer.py] [info] [section 2] [CNN] [hyperparameter_optimization search baseline] VALIDATION_PRECISION=0.5372 VALIDATION_TRUE_POSITIVES=11938 VALIDATION_TRUE_NEGATIVES=14194 validation_false_positives=10286 validation_false_negatives=16836 validation_max_prediction=0.8003 validation_mean_prediction=0.5117 validation_recall=0.4149 validation_f1=0.4682 validation_auc=0.4908 validation_specificity=0.5798 validation_false_positive_rate=0.4202 validation_f2=0.4347 validation_mcc=-0.0053 validation_prauc=0.5546 validation_balanced_accuracy=0.4974 validation_brier=0.2495 validation_kappa=-0.0052 validation_informedness=-0.0053 validation_markedness=0.1170 validation_gini=0.0000 validation_optimal_threshold=0.5815 validation_standard_deviation_prediction=0.0378 validation_percentage_above_threshold=41.73
[LN316    ] [chunk_21_hyperparam_optimizer.py] [info] [section 2] [CNN] [hyperparameter_optimization search baseline] TRIAL 2/3: loss_function=focal_loss, filters=128, kernel_size=3, dropout=0.05, learning_rate=0.0005, epochs=50, alpha=0.25, gamma=2.5, layers=2, pooling=avg
[LN317    ] [chunk_14_models_trainer.py] [info]    class_weight=balanced (no focal_loss, no sample_weight)
[LN318    ] [chunk_21_hyperparam_optimizer.py] [info] [section 2] [CNN] [hyperparameter_optimization search baseline] LABEL_THRESHOLD=0.0
[LN319    ] [chunk_21_hyperparam_optimizer.py] [info] [section 2] [CNN] [hyperparameter_optimization search baseline] VALIDATION_PRECISION=0.5249 VALIDATION_TRUE_POSITIVES=16746 VALIDATION_TRUE_NEGATIVES=9321 validation_false_positives=15159 validation_false_negatives=12028 validation_max_prediction=0.9521 validation_mean_prediction=0.5162 validation_recall=0.5820 validation_f1=0.5520 validation_auc=0.4886 validation_specificity=0.3808 validation_false_positive_rate=0.6192 validation_f2=0.5696 validation_mcc=-0.0379 validation_prauc=0.5593 validation_balanced_accuracy=0.4814 validation_brier=0.2517 validation_kappa=-0.0376 validation_informedness=-0.0373 validation_markedness=-0.0944 validation_gini=0.0000 validation_optimal_threshold=0.5936 validation_standard_deviation_prediction=0.0614 validation_percentage_above_threshold=59.91
[LN320    ] [chunk_21_hyperparam_optimizer.py] [info] [section 2] [CNN] [hyperparameter_optimization search baseline] TRIAL 3/3: loss_function=binary_crossentropy, filters=256, kernel_size=5, dropout=0.0, learning_rate=0.0005, epochs=30, alpha=0.5, gamma=2.0, layers=2, pooling=avg
[LN321    ] [chunk_21_hyperparam_optimizer.py] [info] [section 2] [CNN] [best trial] LABEL_THRESHOLD=0.0
[LN322    ] [chunk_21_hyperparam_optimizer.py] [info] [section 2] [CNN] [best trial] VALIDATION_PRECISION=0.5385 VALIDATION_TRUE_POSITIVES=26692 VALIDATION_TRUE_NEGATIVES=1606 validation_false_positives=22874 validation_false_negatives=2082 validation_max_prediction=0.7606 validation_mean_prediction=0.5045 validation_recall=0.9276 validation_f1=0.6814 validation_auc=0.5019 validation_specificity=0.0656 validation_false_positive_rate=0.9344 validation_f2=0.8105 validation_mcc=-0.0133 validation_prauc=0.5480 validation_balanced_accuracy=0.4966 validation_brier=0.2494 validation_kappa=-0.0072 validation_informedness=-0.0068 validation_markedness=-0.3959 validation_gini=0.0038 validation_optimal_threshold=0.5191 validation_standard_deviation_prediction=0.0198 validation_percentage_above_threshold=93.07
[LN323    ] [chunk_21_hyperparam_optimizer.py] [info] [section 2] [CNN] [best trial] loss_function=focal_loss, filters=512, kernel_size=5, dropout=0.1, learning_rate=0.002, epochs=100, alpha=1.0, gamma=2.5, layers=3, pooling=max
[LN324    ] [chunk_18_phase_4_ensemble.py] [info]    [diagnostic-hyperparameter_optimization]  cumulative binary_split_predictions (1%) ≤ 0.4599, (5%) ≤ 0.4899, (10%) ≤ 0.5015, (25%) ≤ 0.5015, (50%) ≤ 0.5015, (75%) ≤ 0.5015, (90%) ≤ 0.5140, (95%) ≤ 0.5380, (99%) ≤ 0.5683, max=0.7606 binary_split_predictions distribution: 0% ≤ 0.01, 0% ≤ 0.02, 0% ≤ 0.05, 0% ≤ 0.1, 0% ≤ 0.2, 7% ≤ 0.5, 93% ≥ 0.50
[LN325    ] [chunk_18_phase_4_ensemble.py] [info]    hyperparameter_optimization improved: 0.5385 > 0.5178
[LN326    ] [chunk_18_phase_4_ensemble.py] [info] [section 3] [CNN] [HYPERPARAMETER_OPTIMIZATION] LABEL_THRESHOLD=0.0,
[LN327    ] [chunk_18_phase_4_ensemble.py] [info] [section 3] [CNN] [HYPERPARAMETER_OPTIMIZATION] VALIDATION_PRECISION=0.5385 VALIDATION_TRUE_POSITIVES=26692 VALIDATION_TRUE_NEGATIVES=1606 validation_false_positives=22874 validation_false_negatives=2082 validation_max_prediction=0.7606 validation_mean_prediction=0.5045 validation_recall=0.9276 validation_f1=0.6814 validation_auc=0.5019 validation_specificity=0.0656 validation_false_positive_rate=0.9344 validation_f2=0.8105 validation_mcc=-0.0133 validation_prauc=0.5480 validation_balanced_accuracy=0.4966 validation_brier=0.2494 validation_kappa=-0.0072 validation_informedness=-0.0068 validation_markedness=-0.3959 validation_gini=0.0038 validation_optimal_threshold=0.5191 validation_standard_deviation_prediction=0.0198 validation_percentage_above_threshold=93.07
[LN328    ] [chunk_18_phase_4_ensemble.py] [info] [section 3] [CNN] [HYPERPARAMETER_OPTIMIZATION] prediction_binary_split=0.50 hyperparams=(loss=focal_loss lr=0.002 dropout=0.1 alpha=1.0 gamma=2.5 latent_dim=0) improved=True {'loss_function': 'focal_loss', 'filters': 512, 'kernel_size': 5, 'dropout': 0.1, 'learning_rate': 0.002, 'epochs': 100, 'alpha': 1.0, 'gamma': 2.5, 'layers': 3, 'pooling': 'max'}
[LN329    ] [chunk_18_phase_4_ensemble.py] [info] [section 4] [CNN] [post hyperparameter_optimization] [diagnostic]  cumulative binary_split_predictions (1%) ≤ 0.4599, (5%) ≤ 0.4899, (10%) ≤ 0.5015, (25%) ≤ 0.5015, (50%) ≤ 0.5015, (75%) ≤ 0.5015, (90%) ≤ 0.5140, (95%) ≤ 0.5380, (99%) ≤ 0.5683, max=0.7606 binary_split_predictions distribution: 0% ≤ 0.01, 0% ≤ 0.02, 0% ≤ 0.05, 0% ≤ 0.1, 0% ≤ 0.2, 7% ≤ 0.5, 93% ≥ 0.50
[LN330    ] [chunk_18_phase_4_ensemble.py] [info] [section 4] [CNN] [post hyperparameter_optimization] LABEL_THRESHOLD=0.0,
[LN331    ] [chunk_18_phase_4_ensemble.py] [info] [section 4] [CNN] [post hyperparameter_optimization] VALIDATION_PRECISION=0.5385 VALIDATION_TRUE_POSITIVES=26692 VALIDATION_TRUE_NEGATIVES=1606 validation_false_positives=22874 validation_false_negatives=2082 validation_max_prediction=0.7606 validation_mean_prediction=0.5045 validation_recall=0.9276 validation_f1=0.6814 validation_auc=0.5019 validation_specificity=0.0656 validation_false_positive_rate=0.9344 validation_f2=0.8105 validation_mcc=-0.0133 validation_prauc=0.5480 validation_balanced_accuracy=0.4966 validation_brier=0.2494 validation_kappa=-0.0072 validation_informedness=-0.0068 validation_markedness=-0.3959 validation_gini=0.0038 validation_optimal_threshold=0.5191 validation_standard_deviation_prediction=0.0198 validation_percentage_above_threshold=93.07
[LN332    ] [chunk_18_phase_4_ensemble.py] [info] [section 4] [CNN] [post hyperparameter_optimization] prediction_binary_split=0.50 hyperparams=(loss=focal_loss lr=0.002 dropout=0.1 alpha=1.0 gamma=2.5 latent_dim=64) source=section3
[LN333    ] [chunk_18_phase_4_ensemble.py] [info]    Retraining HPO model for 15 epochs (FINAL_TRAIN_EPOCHS)
[LN334    ] [chunk_14_models_trainer.py] [info]    class_weight=None (focal_loss active — skipping balanced class_weight)
[LN335    ] [chunk_18_phase_4_ensemble.py] [info]    Train predictions: mean=0.5009, std=0.0431, min=0.2641, max=0.5185
[LN336    ] [chunk_18_phase_4_ensemble.py] [info]    validation predictions:   mean=0.5185, std=0.0006, min=0.4409, max=0.5185
[LN337    ] [chunk_18_phase_4_ensemble.py] [info] [section 5] [CNN] [final] [diagnostic] Train  cumulative binary_split_predictions (1%) ≤ 0.3385, (5%) ≤ 0.3891, (10%) ≤ 0.4289, (25%) ≤ 0.5185, (50%) ≤ 0.5185, (75%) ≤ 0.5185, (90%) ≤ 0.5185, (95%) ≤ 0.5185, (99%) ≤ 0.5185, max=0.5185 binary_split_predictions distribution: 0% ≤ 0.01, 0% ≤ 0.02, 0% ≤ 0.05, 0% ≤ 0.1, 0% ≤ 0.2, 17% ≤ 0.5, 83% ≥ 0.50
[LN338    ] [chunk_18_phase_4_ensemble.py] [info] [section 5] [CNN] [final] [diagnostic] validation    cumulative binary_split_predictions (1%) ≤ 0.5185, (5%) ≤ 0.5185, (10%) ≤ 0.5185, (25%) ≤ 0.5185, (50%) ≤ 0.5185, (75%) ≤ 0.5185, (90%) ≤ 0.5185, (95%) ≤ 0.5185, (99%) ≤ 0.5185, max=0.5185 binary_split_predictions distribution: 0% ≤ 0.01, 0% ≤ 0.02, 0% ≤ 0.05, 0% ≤ 0.1, 0% ≤ 0.2, 0% ≤ 0.5, 100% ≥ 0.50
[LN339    ] [chunk_18_phase_4_ensemble.py] [info]    Train predictions: 82.88% positive predictions (98,881 / 119,310)
[LN340    ] [chunk_18_phase_4_ensemble.py] [info]    validation predictions:   99.99% positive predictions (53,247 / 53,254)
[LN341    ] [chunk_18_phase_4_ensemble.py] [info]    [info] Section 4 all rejected - using Section 3 results for Section 5
[LN342    ] [chunk_18_phase_4_ensemble.py] [info]    [diagnostic] prediction_buckets: 0-10:0, 10-20:0, 20-30:2, 30-40:3686, 40-50:49404, 50-60:33, 60-70:129, 70-80:0, 80-90:0, 90-100:0
[LN343    ] [chunk_18_phase_4_ensemble.py] [info] [section 5] [CNN] [final] LABEL_THRESHOLD=0.0,
[LN344    ] [chunk_18_phase_4_ensemble.py] [info] [section 5] [CNN] [final] train_precision=0.5195 train_true_positives=51369 train_true_negatives=12077 train_false_positives=47512 train_false_negatives=8352 train_max_prediction=0.5185 train_mean_prediction=0.5009 train_recall=0.8601 train_f1=0.6478 train_auc=0.5339 train_specificity=0.2027 train_false_positive_rate=0.7973 train_f2=0.7604 train_mcc=0.0834 train_prauc=0.5191 train_balanced_accuracy=0.5314 train_standard_deviation_prediction=0.0431 train_percentage_above_threshold=82.88 train_brier=0.2478 train_kappa=0.0629 train_informedness=0.0628 train_markedness=-0.2778 train_gini=0.0678 train_optimal_threshold=0.5180
[LN345    ] [chunk_18_phase_4_ensemble.py] [info] [section 5] [CNN] [final] VALIDATION_PRECISION=0.5385 VALIDATION_TRUE_POSITIVES=26692 VALIDATION_TRUE_NEGATIVES=1606 validation_false_positives=22874 validation_false_negatives=2082 validation_max_prediction=0.7606 validation_mean_prediction=0.5045 validation_recall=0.9276 validation_f1=0.6814 validation_auc=0.5019 validation_specificity=0.0656 validation_false_positive_rate=0.9344 validation_f2=0.8105 validation_mcc=-0.0133 validation_prauc=0.5480 validation_balanced_accuracy=0.4966 validation_brier=0.2494 validation_kappa=-0.0072 validation_informedness=-0.0068 validation_markedness=-0.3959 validation_gini=0.0038 validation_optimal_threshold=0.5191 validation_standard_deviation_prediction=0.0198 validation_percentage_above_threshold=93.07
[LN346    ] [chunk_18_phase_4_ensemble.py] [info] [section 5] [CNN] [final] prediction_binary_split=0.50 hyperparams=(loss=focal_loss lr=0.002 dropout=0.1 alpha=1.0 gamma=2.5 latent_dim=64) (using HPO model directly)
[LN347    ] [chunk_18_phase_4_ensemble.py] [info]    CNN loss=focal_loss pred_threshold=0.5 epochs=15
[LN348    ] [chunk_18_phase_4_ensemble.py] [info]    [CNN] hyperparameter_optimization: filters=512, kernel_size=5, dropout=0.1, learning_rate=0.002, alpha=1.0, gamma=2.5, layers=3
[LN349    ] [chunk_18_phase_4_ensemble.py] [info]    CNN training time: 36526.8s
[LN350    ] [chunk_18_phase_4_ensemble.py] [info] [pass] CNN trained successfully
[LN351    ] [chunk_18_phase_4_ensemble.py] [info] [RNN] Winsorization: LOW=3 HIGH=97 (training-only percentiles)
[LN352    ] [chunk_14_models_trainer.py] [info]    class_weight=balanced (no focal_loss, no sample_weight)
[LN353    ] [chunk_18_phase_4_ensemble.py] [info] [section 1] [RNN] [baseline] LABEL_THRESHOLD=20.0,
[LN354    ] [chunk_18_phase_4_ensemble.py] [info] [section 1] [RNN] [baseline] predictions: mean=0.0312, std=0.0412, min=0.0010, max=0.1917
[LN355    ] [chunk_18_phase_4_ensemble.py] [info] [section 1] [RNN] [baseline]  cumulative binary_split_predictions (1%) ≤ 0.0014, (5%) ≤ 0.0018, (10%) ≤ 0.0021, (25%) ≤ 0.0038, (50%) ≤ 0.0109, (75%) ≤ 0.0427, (90%) ≤ 0.1008, (95%) ≤ 0.1281, (99%) ≤ 0.1613, max=0.1917 binary_split_predictions distribution: 48% ≤ 0.01, 62% ≤ 0.02, 78% ≤ 0.05, 90% ≤ 0.1, 100% ≤ 0.2, 100% ≤ 0.5, 0% ≥ 0.50
[LN356    ] [chunk_18_phase_4_ensemble.py] [info] [section 1] [RNN] [baseline] prediction_binary_split=0.50, VALIDATION predictions at LABEL_THRESHOLD=20.0: 0.00%
[LN357    ] [chunk_18_phase_4_ensemble.py] [warning] [section 1] [RNN] [baseline] [warning] No predictions >= 0.5!
[LN358    ] [chunk_18_phase_4_ensemble.py] [info] [section 1] [RNN] [baseline] LABEL_THRESHOLD=20.0,
[LN359    ] [chunk_18_phase_4_ensemble.py] [info] [section 1] [RNN] [baseline] VALIDATION_PRECISION=0.0000 VALIDATION_TRUE_POSITIVES=0 VALIDATION_TRUE_NEGATIVES=52918 validation_false_positives=0 validation_false_negatives=336 validation_max_prediction=0.1917 validation_mean_prediction=0.0312 validation_recall=0.0000 validation_f1=0.0000 validation_auc=0.8575 validation_specificity=1.0000 validation_false_positive_rate=0.0000 validation_f2=0.0000 validation_mcc=0.0000 validation_prauc=0.0360 validation_balanced_accuracy=0.5000 validation_brier=0.0078 validation_kappa=0.0000 validation_informedness=0.0000 validation_markedness=0.0000 validation_gini=0.7150 validation_optimal_threshold=0.0292 validation_standard_deviation_prediction=0.0412 validation_percentage_above_threshold=0.00
[LN360    ] [chunk_18_phase_4_ensemble.py] [info] [section 1] [RNN] [baseline] prediction_binary_split=0.50 loss=binary_crossentropy, lr=0.001
[LN361    ] [chunk_12_evaluation_evaluator.py] [info] [RNN] label_threshold=20.0 train_below_prediction_binary_split=118,621 train_above_prediction_binary_split=689 train_positive_found=true val_below_prediction_binary_split=52,918 val_above_prediction_binary_split=336 val_positive_found=true
[LN362    ] [chunk_14_models_trainer.py] [info]    class_weight=balanced (no focal_loss, no sample_weight)
[LN363    ] [chunk_12_evaluation_evaluator.py] [info] [reject] threshold=20.0 action=skipped reason=insufficient_positive_predictions positive_predictions=0 minimum_positive_required=5
[LN364    ] [chunk_12_evaluation_evaluator.py] [info] [RNN] label_threshold=15.0 train_below_prediction_binary_split=118,104 train_above_prediction_binary_split=1,206 train_positive_found=true val_below_prediction_binary_split=52,677 val_above_prediction_binary_split=577 val_positive_found=true
[LN365    ] [chunk_14_models_trainer.py] [info]    class_weight=balanced (no focal_loss, no sample_weight)
[LN366    ] [chunk_12_evaluation_evaluator.py] [info] [reject] threshold=15.0 action=skipped reason=insufficient_positive_predictions positive_predictions=0 minimum_positive_required=5
[LN367    ] [chunk_12_evaluation_evaluator.py] [info] [RNN] label_threshold=10.0 train_below_prediction_binary_split=116,756 train_above_prediction_binary_split=2,554 train_positive_found=true val_below_prediction_binary_split=52,057 val_above_prediction_binary_split=1,197 val_positive_found=true
[LN368    ] [chunk_14_models_trainer.py] [info]    class_weight=balanced (no focal_loss, no sample_weight)
[LN369    ] [chunk_12_evaluation_evaluator.py] [info] [reject] threshold=10.0 action=skipped reason=insufficient_positive_predictions positive_predictions=0 minimum_positive_required=5
[LN370    ] [chunk_12_evaluation_evaluator.py] [info] [RNN] label_threshold=5.0 train_below_prediction_binary_split=111,719 train_above_prediction_binary_split=7,591 train_positive_found=true val_below_prediction_binary_split=49,381 val_above_prediction_binary_split=3,873 val_positive_found=true
[LN371    ] [chunk_14_models_trainer.py] [info]    class_weight=balanced (no focal_loss, no sample_weight)
[LN372    ] [chunk_12_evaluation_evaluator.py] [info] [reject] threshold=5.0 action=skipped reason=insufficient_positive_predictions positive_predictions=0 minimum_positive_required=5
[LN373    ] [chunk_12_evaluation_evaluator.py] [info] [RNN] label_threshold=0.0 train_below_prediction_binary_split=59,589 train_above_prediction_binary_split=59,721 train_positive_found=true val_below_prediction_binary_split=24,480 val_above_prediction_binary_split=28,774 val_positive_found=true
[LN374    ] [chunk_14_models_trainer.py] [info]    class_weight=balanced (no focal_loss, no sample_weight)
[LN375    ] [chunk_12_evaluation_evaluator.py] [info] [RNN] Safeguards: type=neural, min_precision_over_baseline=0.0100, min_pos_pct=0.0000, min_pos_abs=5, patience=10
[LN376    ] [chunk_12_evaluation_evaluator.py] [info] [RNN] [diagnostic] LABEL_THRESHOLD=0.0 train_precision=0.5676 train_true_positives=38067 train_true_negatives=30589 train_false_positives=29000 train_false_negatives=21654 train_max_prediction=0.9804 train_mean_prediction=0.5048 train_recall=0.6374 train_f1=0.6005 train_auc=0.6102 train_specificity=0.5133 train_false_positive_rate=0.4867 train_f2=0.6221 train_mcc=0.1519 train_prauc=0.6094 train_balanced_accuracy=0.5754 train_brier=0.2397 train_kappa=0.1508 train_informedness=0.1507 train_markedness=0.0809 train_gini=0.2204 train_optimal_threshold=0.5093 train_standard_deviation_prediction=0.0856 train_percentage_above_threshold=56.21
[LN377    ] [chunk_12_evaluation_evaluator.py] [info] [RNN] [diagnostic] LABEL_THRESHOLD=0.0 VALIDATION_PRECISION=0.5223 VALIDATION_TRUE_POSITIVES=15893 VALIDATION_TRUE_NEGATIVES=9945 validation_false_positives=14535 validation_false_negatives=12881 validation_max_prediction=0.9804 validation_mean_prediction=0.5163 validation_recall=0.5523 validation_f1=0.5369 validation_auc=0.4802 validation_specificity=0.4062 validation_false_positive_rate=0.5938 validation_f2=0.5461 validation_mcc=-0.0417 validation_prauc=0.5466 validation_balanced_accuracy=0.4793 validation_brier=0.2542 validation_kappa=-0.0416 validation_informedness=-0.0414 validation_markedness=-0.0714 validation_gini=0.0000 validation_optimal_threshold=0.6326 validation_standard_deviation_prediction=0.0708 validation_percentage_above_threshold=57.14
[LN378    ] [chunk_18_phase_4_ensemble.py] [info] [section 1] [RNN] [label_threshold_optimal]  cumulative binary_split_predictions (1%) ≤ 0.3937, (5%) ≤ 0.4172, (10%) ≤ 0.4351, (25%) ≤ 0.4709, (50%) ≤ 0.5087, (75%) ≤ 0.5551, (90%) ≤ 0.6064, (95%) ≤ 0.6299, (99%) ≤ 0.7287, max=0.9804 binary_split_predictions distribution: 0% ≤ 0.01, 0% ≤ 0.02, 0% ≤ 0.05, 0% ≤ 0.1, 0% ≤ 0.2, 43% ≤ 0.5, 57% ≥ 0.50
[LN379    ] [chunk_18_phase_4_ensemble.py] [info] [section 1] [RNN] [label_threshold_optimal] LABEL_THRESHOLD=0.0
[LN380    ] [chunk_18_phase_4_ensemble.py] [info] [section 1] [RNN] [label_threshold_optimal] train_precision=0.5676 train_true_positives=38067 train_true_negatives=30589 train_false_positives=29000 train_false_negatives=21654 train_max_prediction=0.9804 train_mean_prediction=0.5048 train_recall=0.6374 train_f1=0.6005 train_auc=0.6102 train_specificity=0.5133 train_false_positive_rate=0.4867 train_f2=0.6221 train_mcc=0.1519 train_prauc=0.6094 train_balanced_accuracy=0.5754 train_brier=0.2397 train_kappa=0.1508 train_informedness=0.1507 train_markedness=0.0809 train_gini=0.2204 train_optimal_threshold=0.5093 train_standard_deviation_prediction=0.0856 train_percentage_above_threshold=56.21
[LN381    ] [chunk_18_phase_4_ensemble.py] [info] [section 1] [RNN] [label_threshold_optimal] VALIDATION_PRECISION=0.5223 VALIDATION_TRUE_POSITIVES=15893 VALIDATION_TRUE_NEGATIVES=9945 validation_false_positives=14535 validation_false_negatives=12881 validation_max_prediction=0.9804 validation_mean_prediction=0.5163 validation_recall=0.5523 validation_f1=0.5369 validation_auc=0.4802 validation_specificity=0.4062 validation_false_positive_rate=0.5938 validation_f2=0.5461 validation_mcc=-0.0417 validation_prauc=0.5466 validation_balanced_accuracy=0.4793 validation_brier=0.2542 validation_kappa=-0.0416 validation_informedness=-0.0414 validation_markedness=-0.0714 validation_gini=0.0000 validation_optimal_threshold=0.6326 validation_standard_deviation_prediction=0.0708 validation_percentage_above_threshold=57.14
[LN382    ] [chunk_18_phase_4_ensemble.py] [info] [section 1] [RNN] [label_threshold_optimal] prediction_binary_split=0.50
[LN383    ] [chunk_21_hyperparam_optimizer.py] [info] [section 2] [RNN] [hyperparameter_optimization search] Running Bayesian optimization (3 trials)...
[LN384    ] [chunk_14_models_trainer.py] [info]    class_weight=balanced (no focal_loss, no sample_weight)
[LN385    ] [chunk_21_hyperparam_optimizer.py] [info] [section 2] [RNN] [hyperparameter_optimization search baseline] LABEL_THRESHOLD=0.0
[LN386    ] [chunk_21_hyperparam_optimizer.py] [info] [section 2] [RNN] [hyperparameter_optimization search baseline] VALIDATION_PRECISION=0.5168 VALIDATION_TRUE_POSITIVES=16054 VALIDATION_TRUE_NEGATIVES=9470 validation_false_positives=15010 validation_false_negatives=12720 validation_max_prediction=0.8400 validation_mean_prediction=0.5176 validation_recall=0.5579 validation_f1=0.5366 validation_auc=0.4738 validation_specificity=0.3868 validation_false_positive_rate=0.6132 validation_f2=0.5492 validation_mcc=-0.0558 validation_prauc=0.5371 validation_balanced_accuracy=0.4724 validation_brier=0.2508 validation_kappa=-0.0556 validation_informedness=-0.0552 validation_markedness=-0.0963 validation_gini=0.0000 validation_optimal_threshold=0.6100 validation_standard_deviation_prediction=0.0433 validation_percentage_above_threshold=58.33
[LN387    ] [chunk_21_hyperparam_optimizer.py] [info] [section 2] [RNN] [hyperparameter_optimization search baseline] TRIAL 1/3: loss_function=binary_crossentropy, units=64, dropout=0.0, learning_rate=0.001, epochs=50, alpha=1.25, gamma=3.5, layers=1
[LN388    ] [chunk_14_models_trainer.py] [info]    class_weight=None (focal_loss active — skipping balanced class_weight)
[LN389    ] [chunk_21_hyperparam_optimizer.py] [info] [section 2] [RNN] [hyperparameter_optimization search baseline] LABEL_THRESHOLD=0.0
[LN390    ] [chunk_21_hyperparam_optimizer.py] [info] [section 2] [RNN] [hyperparameter_optimization search baseline] VALIDATION_PRECISION=0.5104 VALIDATION_TRUE_POSITIVES=14162 VALIDATION_TRUE_NEGATIVES=10895 validation_false_positives=13585 validation_false_negatives=14612 validation_max_prediction=0.6049 validation_mean_prediction=0.5069 validation_recall=0.4922 validation_f1=0.5011 validation_auc=0.4764 validation_specificity=0.4451 validation_false_positive_rate=0.5549 validation_f2=0.4957 validation_mcc=-0.0626 validation_prauc=0.5300 validation_balanced_accuracy=0.4686 validation_brier=0.2508 validation_kappa=-0.0626 validation_informedness=-0.0628 validation_markedness=-0.0445 validation_gini=0.0000 validation_optimal_threshold=0.5319 validation_standard_deviation_prediction=0.0240 validation_percentage_above_threshold=52.10
[LN391    ] [chunk_21_hyperparam_optimizer.py] [info] [section 2] [RNN] [hyperparameter_optimization search baseline] TRIAL 2/3: loss_function=focal_loss, units=128, dropout=0.1, learning_rate=0.0005, epochs=50, alpha=1.0, gamma=3.0, layers=2
[LN392    ] [chunk_14_models_trainer.py] [info]    class_weight=None (focal_loss active — skipping balanced class_weight)
[LN393    ] [chunk_21_hyperparam_optimizer.py] [info] [section 2] [RNN] [hyperparameter_optimization search baseline] LABEL_THRESHOLD=0.0
[LN394    ] [chunk_21_hyperparam_optimizer.py] [info] [section 2] [RNN] [hyperparameter_optimization search baseline] VALIDATION_PRECISION=0.5096 VALIDATION_TRUE_POSITIVES=12709 VALIDATION_TRUE_NEGATIVES=12249 validation_false_positives=12231 validation_false_negatives=16065 validation_max_prediction=0.6962 validation_mean_prediction=0.4990 validation_recall=0.4417 validation_f1=0.4732 validation_auc=0.4653 validation_specificity=0.5004 validation_false_positive_rate=0.4996 validation_f2=0.4538 validation_mcc=-0.0579 validation_prauc=0.5312 validation_balanced_accuracy=0.4710 validation_brier=0.2512 validation_kappa=-0.0573 validation_informedness=-0.0579 validation_markedness=0.0100 validation_gini=0.0000 validation_optimal_threshold=0.5375 validation_standard_deviation_prediction=0.0265 validation_percentage_above_threshold=46.83
[LN395    ] [chunk_21_hyperparam_optimizer.py] [info] [section 2] [RNN] [hyperparameter_optimization search baseline] TRIAL 3/3: loss_function=focal_loss, units=64, dropout=0.0, learning_rate=0.005, epochs=20, alpha=0.5, gamma=3.0, layers=1
[LN396    ] [chunk_21_hyperparam_optimizer.py] [info] [section 2] [RNN] [best trial] LABEL_THRESHOLD=0.0
[LN397    ] [chunk_21_hyperparam_optimizer.py] [info] [section 2] [RNN] [best trial] VALIDATION_PRECISION=0.5168 VALIDATION_TRUE_POSITIVES=16054 VALIDATION_TRUE_NEGATIVES=9470 validation_false_positives=15010 validation_false_negatives=12720 validation_max_prediction=0.8400 validation_mean_prediction=0.5176 validation_recall=0.5579 validation_f1=0.5366 validation_auc=0.4738 validation_specificity=0.3868 validation_false_positive_rate=0.6132 validation_f2=0.5492 validation_mcc=-0.0558 validation_prauc=0.5371 validation_balanced_accuracy=0.4724 validation_brier=0.2508 validation_kappa=-0.0556 validation_informedness=-0.0552 validation_markedness=-0.0963 validation_gini=0.0000 validation_optimal_threshold=0.6100 validation_standard_deviation_prediction=0.0433 validation_percentage_above_threshold=58.33
[LN398    ] [chunk_21_hyperparam_optimizer.py] [info] [section 2] [RNN] [best trial] loss_function=binary_crossentropy, units=64, dropout=0.0, learning_rate=0.001, epochs=50, alpha=1.25, gamma=3.5, layers=1
[LN399    ] [chunk_18_phase_4_ensemble.py] [info]    [diagnostic-hyperparameter_optimization]  cumulative binary_split_predictions (1%) ≤ 0.4530, (5%) ≤ 0.4668, (10%) ≤ 0.4740, (25%) ≤ 0.4881, (50%) ≤ 0.5083, (75%) ≤ 0.5451, (90%) ≤ 0.5640, (95%) ≤ 0.5721, (99%) ≤ 0.7081, max=0.8400 binary_split_predictions distribution: 0% ≤ 0.01, 0% ≤ 0.02, 0% ≤ 0.05, 0% ≤ 0.1, 0% ≤ 0.2, 42% ≤ 0.5, 58% ≥ 0.50
[LN400    ] [chunk_18_phase_4_ensemble.py] [info]    hyperparameter_optimization did NOT improve: 0.5168 <= 0.5223 - using pre hyperparameter_optimization model
[LN401    ] [chunk_18_phase_4_ensemble.py] [info] [section 3] [RNN] [PRE-HYPERPARAMETER_OPTIMIZATION] LABEL_THRESHOLD=0.0,
[LN402    ] [chunk_18_phase_4_ensemble.py] [info] [section 3] [RNN] [PRE-HYPERPARAMETER_OPTIMIZATION] VALIDATION_PRECISION=0.5223 VALIDATION_TRUE_POSITIVES=15893 VALIDATION_TRUE_NEGATIVES=9945 validation_false_positives=14535 validation_false_negatives=12881 validation_max_prediction=0.9804 validation_mean_prediction=0.5163 validation_recall=0.5523 validation_f1=0.5369 validation_auc=0.4802 validation_specificity=0.4062 validation_false_positive_rate=0.5938 validation_f2=0.5461 validation_mcc=-0.0417 validation_prauc=0.5466 validation_balanced_accuracy=0.4793 validation_brier=0.2542 validation_kappa=-0.0416 validation_informedness=-0.0414 validation_markedness=-0.0714 validation_gini=0.0000 validation_optimal_threshold=0.6326 validation_standard_deviation_prediction=0.0708 validation_percentage_above_threshold=57.14
[LN403    ] [chunk_18_phase_4_ensemble.py] [info] [section 3] [RNN] [PRE-HYPERPARAMETER_OPTIMIZATION] prediction_binary_split=0.50 hyperparams=(loss=binary_crossentropy lr=0.001 dropout=0.0 alpha=1.25 gamma=3.5 latent_dim=0) improved=False {'loss_function': 'binary_crossentropy', 'units': 64, 'dropout': 0.0, 'learning_rate': 0.001, 'epochs': 50, 'alpha': 1.25, 'gamma': 3.5, 'layers': 1}
[LN404    ] [chunk_18_phase_4_ensemble.py] [info] [section 4] [RNN] [post hyperparameter_optimization] [diagnostic]  cumulative binary_split_predictions (1%) ≤ 0.3937, (5%) ≤ 0.4172, (10%) ≤ 0.4351, (25%) ≤ 0.4709, (50%) ≤ 0.5087, (75%) ≤ 0.5551, (90%) ≤ 0.6064, (95%) ≤ 0.6299, (99%) ≤ 0.7287, max=0.9804 binary_split_predictions distribution: 0% ≤ 0.01, 0% ≤ 0.02, 0% ≤ 0.05, 0% ≤ 0.1, 0% ≤ 0.2, 43% ≤ 0.5, 57% ≥ 0.50
[LN405    ] [chunk_18_phase_4_ensemble.py] [info] [section 4] [RNN] [post hyperparameter_optimization] LABEL_THRESHOLD=0.0,
[LN406    ] [chunk_18_phase_4_ensemble.py] [info] [section 4] [RNN] [post hyperparameter_optimization] VALIDATION_PRECISION=0.5223 VALIDATION_TRUE_POSITIVES=15893 VALIDATION_TRUE_NEGATIVES=9945 validation_false_positives=14535 validation_false_negatives=12881 validation_max_prediction=0.9804 validation_mean_prediction=0.5163 validation_recall=0.5523 validation_f1=0.5369 validation_auc=0.4802 validation_specificity=0.4062 validation_false_positive_rate=0.5938 validation_f2=0.5461 validation_mcc=-0.0417 validation_prauc=0.5466 validation_balanced_accuracy=0.4793 validation_brier=0.2542 validation_kappa=-0.0416 validation_informedness=-0.0414 validation_markedness=-0.0714 validation_gini=0.0000 validation_optimal_threshold=0.6326 validation_standard_deviation_prediction=0.0708 validation_percentage_above_threshold=57.14
[LN407    ] [chunk_18_phase_4_ensemble.py] [info] [section 4] [RNN] [post hyperparameter_optimization] prediction_binary_split=0.50 hyperparams=(loss=binary_crossentropy lr=0.001 dropout=0.0 alpha=1.25 gamma=3.5 latent_dim=64) source=section3
[LN408    ] [chunk_18_phase_4_ensemble.py] [info]    Using threshold-optimized model (HPO did not improve)
[LN409    ] [chunk_18_phase_4_ensemble.py] [info]    Train predictions: mean=0.5048, std=0.0856, min=0.1255, max=0.9804
[LN410    ] [chunk_18_phase_4_ensemble.py] [info]    validation predictions:   mean=0.5163, std=0.0708, min=0.3142, max=0.9804
[LN411    ] [chunk_18_phase_4_ensemble.py] [info] [section 5] [RNN] [final] [diagnostic] Train  cumulative binary_split_predictions (1%) ≤ 0.2592, (5%) ≤ 0.3685, (10%) ≤ 0.4093, (25%) ≤ 0.4621, (50%) ≤ 0.5091, (75%) ≤ 0.5469, (90%) ≤ 0.5882, (95%) ≤ 0.6202, (99%) ≤ 0.7819, max=0.9804 binary_split_predictions distribution: 0% ≤ 0.01, 0% ≤ 0.02, 0% ≤ 0.05, 0% ≤ 0.1, 0% ≤ 0.2, 44% ≤ 0.5, 56% ≥ 0.50
[LN412    ] [chunk_18_phase_4_ensemble.py] [info] [section 5] [RNN] [final] [diagnostic] validation    cumulative binary_split_predictions (1%) ≤ 0.3937, (5%) ≤ 0.4172, (10%) ≤ 0.4351, (25%) ≤ 0.4709, (50%) ≤ 0.5087, (75%) ≤ 0.5551, (90%) ≤ 0.6064, (95%) ≤ 0.6299, (99%) ≤ 0.7287, max=0.9804 binary_split_predictions distribution: 0% ≤ 0.01, 0% ≤ 0.02, 0% ≤ 0.05, 0% ≤ 0.1, 0% ≤ 0.2, 43% ≤ 0.5, 57% ≥ 0.50
[LN413    ] [chunk_18_phase_4_ensemble.py] [info]    Train predictions: 56.21% positive predictions (67,067 / 119,310)
[LN414    ] [chunk_18_phase_4_ensemble.py] [info]    validation predictions:   57.14% positive predictions (30,428 / 53,254)
[LN415    ] [chunk_18_phase_4_ensemble.py] [info]    [info] Section 4 all rejected - using Section 3 results for Section 5
[LN416    ] [chunk_18_phase_4_ensemble.py] [info]    [diagnostic] prediction_buckets: 0-10:0, 10-20:0, 20-30:896, 30-40:21930, 40-50:24356, 50-60:5355, 60-70:387, 70-80:180, 80-90:150, 90-100:0
[LN417    ] [chunk_18_phase_4_ensemble.py] [info] [section 5] [RNN] [final] LABEL_THRESHOLD=0.0,
[LN418    ] [chunk_18_phase_4_ensemble.py] [info] [section 5] [RNN] [final] train_precision=0.5676 train_true_positives=38067 train_true_negatives=30589 train_false_positives=29000 train_false_negatives=21654 train_max_prediction=0.9804 train_mean_prediction=0.5048 train_recall=0.6374 train_f1=0.6005 train_auc=0.6102 train_specificity=0.5133 train_false_positive_rate=0.4867 train_f2=0.6221 train_mcc=0.1519 train_prauc=0.6094 train_balanced_accuracy=0.5754 train_standard_deviation_prediction=0.0856 train_percentage_above_threshold=56.21 train_brier=0.2397 train_kappa=0.1508 train_informedness=0.1507 train_markedness=0.0809 train_gini=0.2204 train_optimal_threshold=0.5093
[LN419    ] [chunk_18_phase_4_ensemble.py] [info] [section 5] [RNN] [final] VALIDATION_PRECISION=0.5223 VALIDATION_TRUE_POSITIVES=15893 VALIDATION_TRUE_NEGATIVES=9945 validation_false_positives=14535 validation_false_negatives=12881 validation_max_prediction=0.9804 validation_mean_prediction=0.5163 validation_recall=0.5523 validation_f1=0.5369 validation_auc=0.4802 validation_specificity=0.4062 validation_false_positive_rate=0.5938 validation_f2=0.5461 validation_mcc=-0.0417 validation_prauc=0.5466 validation_balanced_accuracy=0.4793 validation_brier=0.2542 validation_kappa=-0.0416 validation_informedness=-0.0414 validation_markedness=-0.0714 validation_gini=0.0000 validation_optimal_threshold=0.6326 validation_standard_deviation_prediction=0.0708 validation_percentage_above_threshold=57.14
[LN420    ] [chunk_18_phase_4_ensemble.py] [info] [section 5] [RNN] [final] prediction_binary_split=0.50 hyperparams=(loss=binary_crossentropy lr=0.001 dropout=0.0 alpha=1.25 gamma=3.5 latent_dim=64) (using HPO model directly)
[LN421    ] [chunk_18_phase_4_ensemble.py] [info]    RNN loss=binary_crossentropy pred_threshold=0.5 epochs=3
[LN422    ] [chunk_18_phase_4_ensemble.py] [info]    [RNN] hyperparameter_optimization: units=64, dropout=0.0, learning_rate=0.001, alpha=1.25, gamma=3.5, layers=1
[LN423    ] [chunk_18_phase_4_ensemble.py] [info]    RNN training time: 2023.3s
[LN424    ] [chunk_18_phase_4_ensemble.py] [info] [pass] RNN trained successfully
[LN425    ] [chunk_18_phase_4_ensemble.py] [info] [LSTM] Winsorization: LOW=3 HIGH=92 (training-only percentiles)
[LN426    ] [chunk_14_models_trainer.py] [info]    class_weight=balanced (no focal_loss, no sample_weight)
[LN427    ] [chunk_18_phase_4_ensemble.py] [info] [section 1] [LSTM] [baseline] LABEL_THRESHOLD=20.0,
[LN428    ] [chunk_18_phase_4_ensemble.py] [info] [section 1] [LSTM] [baseline] predictions: mean=0.0238, std=0.0337, min=0.0015, max=0.1456
[LN429    ] [chunk_18_phase_4_ensemble.py] [info] [section 1] [LSTM] [baseline]  cumulative binary_split_predictions (1%) ≤ 0.0015, (5%) ≤ 0.0018, (10%) ≤ 0.0020, (25%) ≤ 0.0028, (50%) ≤ 0.0052, (75%) ≤ 0.0320, (90%) ≤ 0.0837, (95%) ≤ 0.1048, (99%) ≤ 0.1261, max=0.1456 binary_split_predictions distribution: 61% ≤ 0.01, 69% ≤ 0.02, 82% ≤ 0.05, 94% ≤ 0.1, 100% ≤ 0.2, 100% ≤ 0.5, 0% ≥ 0.50
[LN430    ] [chunk_18_phase_4_ensemble.py] [info] [section 1] [LSTM] [baseline] prediction_binary_split=0.50, VALIDATION predictions at LABEL_THRESHOLD=20.0: 0.00%
[LN431    ] [chunk_18_phase_4_ensemble.py] [warning] [section 1] [LSTM] [baseline] [warning] No predictions >= 0.5!
[LN432    ] [chunk_18_phase_4_ensemble.py] [info] [section 1] [LSTM] [baseline] LABEL_THRESHOLD=20.0,
[LN433    ] [chunk_18_phase_4_ensemble.py] [info] [section 1] [LSTM] [baseline] VALIDATION_PRECISION=0.0000 VALIDATION_TRUE_POSITIVES=0 VALIDATION_TRUE_NEGATIVES=52918 validation_false_positives=0 validation_false_negatives=336 validation_max_prediction=0.1456 validation_mean_prediction=0.0238 validation_recall=0.0000 validation_f1=0.0000 validation_auc=0.8667 validation_specificity=1.0000 validation_false_positive_rate=0.0000 validation_f2=0.0000 validation_mcc=0.0000 validation_prauc=0.0335 validation_balanced_accuracy=0.5000 validation_brier=0.0070 validation_kappa=0.0000 validation_informedness=0.0000 validation_markedness=0.0000 validation_gini=0.7335 validation_optimal_threshold=0.0199 validation_standard_deviation_prediction=0.0337 validation_percentage_above_threshold=0.00
[LN434    ] [chunk_18_phase_4_ensemble.py] [info] [section 1] [LSTM] [baseline] prediction_binary_split=0.50 loss=binary_crossentropy, lr=0.001
[LN435    ] [chunk_12_evaluation_evaluator.py] [info] [LSTM] label_threshold=20.0 train_below_prediction_binary_split=118,621 train_above_prediction_binary_split=689 train_positive_found=true val_below_prediction_binary_split=52,918 val_above_prediction_binary_split=336 val_positive_found=true
[LN436    ] [chunk_14_models_trainer.py] [info]    class_weight=balanced (no focal_loss, no sample_weight)
[LN437    ] [chunk_12_evaluation_evaluator.py] [info] [reject] threshold=20.0 action=skipped reason=insufficient_positive_predictions positive_predictions=0 minimum_positive_required=5
[LN438    ] [chunk_12_evaluation_evaluator.py] [info] [LSTM] label_threshold=15.0 train_below_prediction_binary_split=118,104 train_above_prediction_binary_split=1,206 train_positive_found=true val_below_prediction_binary_split=52,677 val_above_prediction_binary_split=577 val_positive_found=true
[LN439    ] [chunk_14_models_trainer.py] [info]    class_weight=balanced (no focal_loss, no sample_weight)
[LN440    ] [chunk_12_evaluation_evaluator.py] [info] [reject] threshold=15.0 action=skipped reason=insufficient_positive_predictions positive_predictions=0 minimum_positive_required=5
[LN441    ] [chunk_12_evaluation_evaluator.py] [info] [LSTM] label_threshold=10.0 train_below_prediction_binary_split=116,756 train_above_prediction_binary_split=2,554 train_positive_found=true val_below_prediction_binary_split=52,057 val_above_prediction_binary_split=1,197 val_positive_found=true
[LN442    ] [chunk_14_models_trainer.py] [info]    class_weight=balanced (no focal_loss, no sample_weight)
[LN443    ] [chunk_12_evaluation_evaluator.py] [info] [reject] threshold=10.0 action=skipped reason=insufficient_positive_predictions positive_predictions=0 minimum_positive_required=5
[LN444    ] [chunk_12_evaluation_evaluator.py] [info] [LSTM] label_threshold=5.0 train_below_prediction_binary_split=111,719 train_above_prediction_binary_split=7,591 train_positive_found=true val_below_prediction_binary_split=49,381 val_above_prediction_binary_split=3,873 val_positive_found=true
[LN445    ] [chunk_14_models_trainer.py] [info]    class_weight=balanced (no focal_loss, no sample_weight)
[LN446    ] [chunk_12_evaluation_evaluator.py] [info] [reject] threshold=5.0 action=skipped reason=insufficient_positive_predictions positive_predictions=0 minimum_positive_required=5
[LN447    ] [chunk_12_evaluation_evaluator.py] [info] [LSTM] label_threshold=0.0 train_below_prediction_binary_split=59,589 train_above_prediction_binary_split=59,721 train_positive_found=true val_below_prediction_binary_split=24,480 val_above_prediction_binary_split=28,774 val_positive_found=true
[LN448    ] [chunk_14_models_trainer.py] [info]    class_weight=balanced (no focal_loss, no sample_weight)
[LN449    ] [chunk_12_evaluation_evaluator.py] [info] [LSTM] Safeguards: type=neural, min_precision_over_baseline=0.0100, min_pos_pct=0.0000, min_pos_abs=5, patience=10
[LN450    ] [chunk_12_evaluation_evaluator.py] [info] [LSTM] [diagnostic] LABEL_THRESHOLD=0.0 train_precision=0.5498 train_true_positives=35242 train_true_negatives=30731 train_false_positives=28858 train_false_negatives=24479 train_max_prediction=0.9693 train_mean_prediction=0.5005 train_recall=0.5901 train_f1=0.5692 train_auc=0.5789 train_specificity=0.5157 train_false_positive_rate=0.4843 train_f2=0.5816 train_mcc=0.1061 train_prauc=0.5797 train_balanced_accuracy=0.5529 train_brier=0.2440 train_kappa=0.1058 train_informedness=0.1058 train_markedness=0.0655 train_gini=0.1578 train_optimal_threshold=0.5051 train_standard_deviation_prediction=0.0726 train_percentage_above_threshold=53.73
[LN451    ] [chunk_12_evaluation_evaluator.py] [info] [LSTM] [diagnostic] LABEL_THRESHOLD=0.0 VALIDATION_PRECISION=0.5343 VALIDATION_TRUE_POSITIVES=11125 VALIDATION_TRUE_NEGATIVES=14783 validation_false_positives=9697 validation_false_negatives=17649 validation_max_prediction=0.9693 validation_mean_prediction=0.5052 validation_recall=0.3866 validation_f1=0.4486 validation_auc=0.4802 validation_specificity=0.6039 validation_false_positive_rate=0.3961 validation_f2=0.4093 validation_mcc=-0.0097 validation_prauc=0.5435 validation_balanced_accuracy=0.4953 validation_brier=0.2537 validation_kappa=-0.0093 validation_informedness=-0.0095 validation_markedness=0.1382 validation_gini=0.0000 validation_optimal_threshold=0.6404 validation_standard_deviation_prediction=0.0660 validation_percentage_above_threshold=39.10
[LN452    ] [chunk_18_phase_4_ensemble.py] [info] [section 1] [LSTM] [label_threshold_optimal]  cumulative binary_split_predictions (1%) ≤ 0.4422, (5%) ≤ 0.4449, (10%) ≤ 0.4474, (25%) ≤ 0.4578, (50%) ≤ 0.4744, (75%) ≤ 0.5452, (90%) ≤ 0.6004, (95%) ≤ 0.6278, (99%) ≤ 0.7093, max=0.9693 binary_split_predictions distribution: 0% ≤ 0.01, 0% ≤ 0.02, 0% ≤ 0.05, 0% ≤ 0.1, 0% ≤ 0.2, 61% ≤ 0.5, 39% ≥ 0.50
[LN453    ] [chunk_18_phase_4_ensemble.py] [info] [section 1] [LSTM] [label_threshold_optimal] LABEL_THRESHOLD=0.0
[LN454    ] [chunk_18_phase_4_ensemble.py] [info] [section 1] [LSTM] [label_threshold_optimal] train_precision=0.5498 train_true_positives=35242 train_true_negatives=30731 train_false_positives=28858 train_false_negatives=24479 train_max_prediction=0.9693 train_mean_prediction=0.5005 train_recall=0.5901 train_f1=0.5692 train_auc=0.5789 train_specificity=0.5157 train_false_positive_rate=0.4843 train_f2=0.5816 train_mcc=0.1061 train_prauc=0.5797 train_balanced_accuracy=0.5529 train_brier=0.2440 train_kappa=0.1058 train_informedness=0.1058 train_markedness=0.0655 train_gini=0.1578 train_optimal_threshold=0.5051 train_standard_deviation_prediction=0.0726 train_percentage_above_threshold=53.73
[LN455    ] [chunk_18_phase_4_ensemble.py] [info] [section 1] [LSTM] [label_threshold_optimal] VALIDATION_PRECISION=0.5343 VALIDATION_TRUE_POSITIVES=11125 VALIDATION_TRUE_NEGATIVES=14783 validation_false_positives=9697 validation_false_negatives=17649 validation_max_prediction=0.9693 validation_mean_prediction=0.5052 validation_recall=0.3866 validation_f1=0.4486 validation_auc=0.4802 validation_specificity=0.6039 validation_false_positive_rate=0.3961 validation_f2=0.4093 validation_mcc=-0.0097 validation_prauc=0.5435 validation_balanced_accuracy=0.4953 validation_brier=0.2537 validation_kappa=-0.0093 validation_informedness=-0.0095 validation_markedness=0.1382 validation_gini=0.0000 validation_optimal_threshold=0.6404 validation_standard_deviation_prediction=0.0660 validation_percentage_above_threshold=39.10
[LN456    ] [chunk_18_phase_4_ensemble.py] [info] [section 1] [LSTM] [label_threshold_optimal] prediction_binary_split=0.50
[LN457    ] [chunk_21_hyperparam_optimizer.py] [info] [section 2] [LSTM] [hyperparameter_optimization search] Running Bayesian optimization (3 trials)...
[LN458    ] [chunk_14_models_trainer.py] [info]    class_weight=None (focal_loss active — skipping balanced class_weight)
[LN459    ] [chunk_21_hyperparam_optimizer.py] [info] [section 2] [LSTM] [hyperparameter_optimization search baseline] LABEL_THRESHOLD=0.0
[LN460    ] [chunk_21_hyperparam_optimizer.py] [info] [section 2] [LSTM] [hyperparameter_optimization search baseline] VALIDATION_PRECISION=0.5302 VALIDATION_TRUE_POSITIVES=19663 VALIDATION_TRUE_NEGATIVES=7058 validation_false_positives=17422 validation_false_negatives=9111 validation_max_prediction=0.6988 validation_mean_prediction=0.5143 validation_recall=0.6834 validation_f1=0.5971 validation_auc=0.4799 validation_specificity=0.2883 validation_false_positive_rate=0.7117 validation_f2=0.6460 validation_mcc=-0.0307 validation_prauc=0.5305 validation_balanced_accuracy=0.4858 validation_brier=0.2497 validation_kappa=-0.0291 validation_informedness=-0.0283 validation_markedness=-0.1815 validation_gini=0.0000 validation_optimal_threshold=0.5312 validation_standard_deviation_prediction=0.0192 validation_percentage_above_threshold=69.64
[LN461    ] [chunk_21_hyperparam_optimizer.py] [info] [section 2] [LSTM] [hyperparameter_optimization search baseline] TRIAL 1/3: lstm_units=32, dropout=0.1, learning_rate=0.001, epochs=50, loss_function=focal_loss, alpha=1.0, gamma=3.0, layers=1, bidirectional=False
[LN462    ] [chunk_14_models_trainer.py] [info]    class_weight=None (focal_loss active — skipping balanced class_weight)
[LN463    ] [chunk_21_hyperparam_optimizer.py] [info] [section 2] [LSTM] [hyperparameter_optimization search baseline] LABEL_THRESHOLD=0.0
[LN464    ] [chunk_21_hyperparam_optimizer.py] [info] [section 2] [LSTM] [hyperparameter_optimization search baseline] VALIDATION_PRECISION=0.5245 VALIDATION_TRUE_POSITIVES=17129 VALIDATION_TRUE_NEGATIVES=8952 validation_false_positives=15528 validation_false_negatives=11645 validation_max_prediction=0.7149 validation_mean_prediction=0.5094 validation_recall=0.5953 validation_f1=0.5577 validation_auc=0.4869 validation_specificity=0.3657 validation_false_positive_rate=0.6343 validation_f2=0.5796 validation_mcc=-0.0399 validation_prauc=0.5498 validation_balanced_accuracy=0.4805 validation_brier=0.2488 validation_kappa=-0.0395 validation_informedness=-0.0390 validation_markedness=-0.1098 validation_gini=0.0000 validation_optimal_threshold=0.5240 validation_standard_deviation_prediction=0.0222 validation_percentage_above_threshold=61.32
[LN465    ] [chunk_21_hyperparam_optimizer.py] [info] [section 2] [LSTM] [hyperparameter_optimization search baseline] TRIAL 2/3: lstm_units=32, dropout=0.05, learning_rate=0.002, epochs=20, loss_function=focal_loss, alpha=0.75, gamma=3.0, layers=2, bidirectional=True
[LN466    ] [chunk_14_models_trainer.py] [info]    class_weight=balanced (no focal_loss, no sample_weight)
[LN467    ] [chunk_21_hyperparam_optimizer.py] [info] [section 2] [LSTM] [hyperparameter_optimization search baseline] LABEL_THRESHOLD=0.0
[LN468    ] [chunk_21_hyperparam_optimizer.py] [info] [section 2] [LSTM] [hyperparameter_optimization search baseline] VALIDATION_PRECISION=0.5273 VALIDATION_TRUE_POSITIVES=17708 VALIDATION_TRUE_NEGATIVES=8607 validation_false_positives=15873 validation_false_negatives=11066 validation_max_prediction=0.5904 validation_mean_prediction=0.5165 validation_recall=0.6154 validation_f1=0.5680 validation_auc=0.4887 validation_specificity=0.3516 validation_false_positive_rate=0.6484 validation_f2=0.5955 validation_mcc=-0.0341 validation_prauc=0.5406 validation_balanced_accuracy=0.4835 validation_brier=0.2503 validation_kappa=-0.0335 validation_informedness=-0.0330 validation_markedness=-0.1211 validation_gini=0.0000 validation_optimal_threshold=0.5531 validation_standard_deviation_prediction=0.0281 validation_percentage_above_threshold=63.06
[LN469    ] [chunk_21_hyperparam_optimizer.py] [info] [section 2] [LSTM] [hyperparameter_optimization search baseline] TRIAL 3/3: lstm_units=32, dropout=0.0, learning_rate=0.0005, epochs=30, loss_function=binary_crossentropy, alpha=0.25, gamma=3.0, layers=1, bidirectional=False
[LN470    ] [chunk_21_hyperparam_optimizer.py] [info] [section 2] [LSTM] [best trial] LABEL_THRESHOLD=0.0
[LN471    ] [chunk_21_hyperparam_optimizer.py] [info] [section 2] [LSTM] [best trial] VALIDATION_PRECISION=0.5302 VALIDATION_TRUE_POSITIVES=19663 VALIDATION_TRUE_NEGATIVES=7058 validation_false_positives=17422 validation_false_negatives=9111 validation_max_prediction=0.6988 validation_mean_prediction=0.5143 validation_recall=0.6834 validation_f1=0.5971 validation_auc=0.4799 validation_specificity=0.2883 validation_false_positive_rate=0.7117 validation_f2=0.6460 validation_mcc=-0.0307 validation_prauc=0.5305 validation_balanced_accuracy=0.4858 validation_brier=0.2497 validation_kappa=-0.0291 validation_informedness=-0.0283 validation_markedness=-0.1815 validation_gini=0.0000 validation_optimal_threshold=0.5312 validation_standard_deviation_prediction=0.0192 validation_percentage_above_threshold=69.64
[LN472    ] [chunk_21_hyperparam_optimizer.py] [info] [section 2] [LSTM] [best trial] lstm_units=32, dropout=0.1, learning_rate=0.001, epochs=50, loss_function=focal_loss, alpha=1.0, gamma=3.0, layers=1, bidirectional=False
[LN473    ] [chunk_18_phase_4_ensemble.py] [info]    [diagnostic-hyperparameter_optimization]  cumulative binary_split_predictions (1%) ≤ 0.4887, (5%) ≤ 0.4928, (10%) ≤ 0.4954, (25%) ≤ 0.4985, (50%) ≤ 0.5098, (75%) ≤ 0.5300, (90%) ≤ 0.5368, (95%) ≤ 0.5420, (99%) ≤ 0.5542, max=0.6988 binary_split_predictions distribution: 0% ≤ 0.01, 0% ≤ 0.02, 0% ≤ 0.05, 0% ≤ 0.1, 0% ≤ 0.2, 30% ≤ 0.5, 70% ≥ 0.50
[LN474    ] [chunk_18_phase_4_ensemble.py] [info]    hyperparameter_optimization did NOT improve: 0.5302 <= 0.5343 - using pre hyperparameter_optimization model
[LN475    ] [chunk_18_phase_4_ensemble.py] [info] [section 3] [LSTM] [PRE-HYPERPARAMETER_OPTIMIZATION] LABEL_THRESHOLD=0.0,
[LN476    ] [chunk_18_phase_4_ensemble.py] [info] [section 3] [LSTM] [PRE-HYPERPARAMETER_OPTIMIZATION] VALIDATION_PRECISION=0.5343 VALIDATION_TRUE_POSITIVES=11125 VALIDATION_TRUE_NEGATIVES=14783 validation_false_positives=9697 validation_false_negatives=17649 validation_max_prediction=0.9693 validation_mean_prediction=0.5052 validation_recall=0.3866 validation_f1=0.4486 validation_auc=0.4802 validation_specificity=0.6039 validation_false_positive_rate=0.3961 validation_f2=0.4093 validation_mcc=-0.0097 validation_prauc=0.5435 validation_balanced_accuracy=0.4953 validation_brier=0.2537 validation_kappa=-0.0093 validation_informedness=-0.0095 validation_markedness=0.1382 validation_gini=0.0000 validation_optimal_threshold=0.6404 validation_standard_deviation_prediction=0.0660 validation_percentage_above_threshold=39.10
[LN477    ] [chunk_18_phase_4_ensemble.py] [info] [section 3] [LSTM] [PRE-HYPERPARAMETER_OPTIMIZATION] prediction_binary_split=0.50 hyperparams=(loss=focal_loss lr=0.001 dropout=0.1 alpha=1.0 gamma=3.0 latent_dim=0) improved=False {'lstm_units': 32, 'dropout': 0.1, 'learning_rate': 0.001, 'epochs': 50, 'loss_function': 'focal_loss', 'alpha': 1.0, 'gamma': 3.0, 'layers': 1, 'bidirectional': False}
[LN478    ] [chunk_18_phase_4_ensemble.py] [info] [section 4] [LSTM] [post hyperparameter_optimization] [diagnostic]  cumulative binary_split_predictions (1%) ≤ 0.4422, (5%) ≤ 0.4449, (10%) ≤ 0.4474, (25%) ≤ 0.4578, (50%) ≤ 0.4744, (75%) ≤ 0.5452, (90%) ≤ 0.6004, (95%) ≤ 0.6278, (99%) ≤ 0.7093, max=0.9693 binary_split_predictions distribution: 0% ≤ 0.01, 0% ≤ 0.02, 0% ≤ 0.05, 0% ≤ 0.1, 0% ≤ 0.2, 61% ≤ 0.5, 39% ≥ 0.50
[LN479    ] [chunk_18_phase_4_ensemble.py] [info] [section 4] [LSTM] [post hyperparameter_optimization] LABEL_THRESHOLD=0.0,
[LN480    ] [chunk_18_phase_4_ensemble.py] [info] [section 4] [LSTM] [post hyperparameter_optimization] VALIDATION_PRECISION=0.5343 VALIDATION_TRUE_POSITIVES=11125 VALIDATION_TRUE_NEGATIVES=14783 validation_false_positives=9697 validation_false_negatives=17649 validation_max_prediction=0.9693 validation_mean_prediction=0.5052 validation_recall=0.3866 validation_f1=0.4486 validation_auc=0.4802 validation_specificity=0.6039 validation_false_positive_rate=0.3961 validation_f2=0.4093 validation_mcc=-0.0097 validation_prauc=0.5435 validation_balanced_accuracy=0.4953 validation_brier=0.2537 validation_kappa=-0.0093 validation_informedness=-0.0095 validation_markedness=0.1382 validation_gini=0.0000 validation_optimal_threshold=0.6404 validation_standard_deviation_prediction=0.0660 validation_percentage_above_threshold=39.10
[LN481    ] [chunk_18_phase_4_ensemble.py] [info] [section 4] [LSTM] [post hyperparameter_optimization] prediction_binary_split=0.50 hyperparams=(loss=focal_loss lr=0.001 dropout=0.1 alpha=1.0 gamma=3.0 latent_dim=64) source=section3
[LN482    ] [chunk_18_phase_4_ensemble.py] [info]    Using threshold-optimized model (HPO did not improve)
[LN483    ] [chunk_18_phase_4_ensemble.py] [info]    Train predictions: mean=0.5005, std=0.0726, min=0.1766, max=0.9693
[LN484    ] [chunk_18_phase_4_ensemble.py] [info]    validation predictions:   mean=0.5052, std=0.0660, min=0.3841, max=0.9693
[LN485    ] [chunk_18_phase_4_ensemble.py] [info] [section 5] [LSTM] [final] [diagnostic] Train  cumulative binary_split_predictions (1%) ≤ 0.2743, (5%) ≤ 0.3883, (10%) ≤ 0.4231, (25%) ≤ 0.4625, (50%) ≤ 0.5057, (75%) ≤ 0.5393, (90%) ≤ 0.5669, (95%) ≤ 0.5978, (99%) ≤ 0.7146, max=0.9693 binary_split_predictions distribution: 0% ≤ 0.01, 0% ≤ 0.02, 0% ≤ 0.05, 0% ≤ 0.1, 0% ≤ 0.2, 46% ≤ 0.5, 54% ≥ 0.50
[LN486    ] [chunk_18_phase_4_ensemble.py] [info] [section 5] [LSTM] [final] [diagnostic] validation    cumulative binary_split_predictions (1%) ≤ 0.4422, (5%) ≤ 0.4449, (10%) ≤ 0.4474, (25%) ≤ 0.4578, (50%) ≤ 0.4744, (75%) ≤ 0.5452, (90%) ≤ 0.6004, (95%) ≤ 0.6278, (99%) ≤ 0.7093, max=0.9693 binary_split_predictions distribution: 0% ≤ 0.01, 0% ≤ 0.02, 0% ≤ 0.05, 0% ≤ 0.1, 0% ≤ 0.2, 61% ≤ 0.5, 39% ≥ 0.50
[LN487    ] [chunk_18_phase_4_ensemble.py] [info]    Train predictions: 53.73% positive predictions (64,100 / 119,310)
[LN488    ] [chunk_18_phase_4_ensemble.py] [info]    validation predictions:   39.10% positive predictions (20,822 / 53,254)
[LN489    ] [chunk_18_phase_4_ensemble.py] [info]    [info] Section 4 all rejected - using Section 3 results for Section 5
[LN490    ] [chunk_18_phase_4_ensemble.py] [info]    [diagnostic] prediction_buckets: 0-10:0, 10-20:0, 20-30:11, 30-40:32421, 40-50:15457, 50-60:4740, 60-70:496, 70-80:0, 80-90:129, 90-100:0
[LN491    ] [chunk_18_phase_4_ensemble.py] [info] [section 5] [LSTM] [final] LABEL_THRESHOLD=0.0,
[LN492    ] [chunk_18_phase_4_ensemble.py] [info] [section 5] [LSTM] [final] train_precision=0.5498 train_true_positives=35242 train_true_negatives=30731 train_false_positives=28858 train_false_negatives=24479 train_max_prediction=0.9693 train_mean_prediction=0.5005 train_recall=0.5901 train_f1=0.5692 train_auc=0.5789 train_specificity=0.5157 train_false_positive_rate=0.4843 train_f2=0.5816 train_mcc=0.1061 train_prauc=0.5797 train_balanced_accuracy=0.5529 train_standard_deviation_prediction=0.0726 train_percentage_above_threshold=53.73 train_brier=0.2440 train_kappa=0.1058 train_informedness=0.1058 train_markedness=0.0655 train_gini=0.1578 train_optimal_threshold=0.5051
[LN493    ] [chunk_18_phase_4_ensemble.py] [info] [section 5] [LSTM] [final] VALIDATION_PRECISION=0.5343 VALIDATION_TRUE_POSITIVES=11125 VALIDATION_TRUE_NEGATIVES=14783 validation_false_positives=9697 validation_false_negatives=17649 validation_max_prediction=0.9693 validation_mean_prediction=0.5052 validation_recall=0.3866 validation_f1=0.4486 validation_auc=0.4802 validation_specificity=0.6039 validation_false_positive_rate=0.3961 validation_f2=0.4093 validation_mcc=-0.0097 validation_prauc=0.5435 validation_balanced_accuracy=0.4953 validation_brier=0.2537 validation_kappa=-0.0093 validation_informedness=-0.0095 validation_markedness=0.1382 validation_gini=0.0000 validation_optimal_threshold=0.6404 validation_standard_deviation_prediction=0.0660 validation_percentage_above_threshold=39.10
[LN494    ] [chunk_18_phase_4_ensemble.py] [info] [section 5] [LSTM] [final] prediction_binary_split=0.50 hyperparams=(loss=focal_loss lr=0.001 dropout=0.1 alpha=1.0 gamma=3.0 latent_dim=64) (using HPO model directly)
[LN495    ] [chunk_18_phase_4_ensemble.py] [info]    LSTM loss=focal_loss pred_threshold=0.5 epochs=3
[LN496    ] [chunk_18_phase_4_ensemble.py] [info]    [LSTM] hyperparameter_optimization: lstm_units=32, dropout=0.1, learning_rate=0.001, alpha=1.0, gamma=3.0, layers=1
[LN497    ] [chunk_18_phase_4_ensemble.py] [info]    LSTM training time: 1221.7s
[LN498    ] [chunk_18_phase_4_ensemble.py] [info] [pass] LSTM trained successfully
[LN499    ] [chunk_18_phase_4_ensemble.py] [info] [Dense] Winsorization: LOW=3 HIGH=92 (training-only percentiles)
[LN500    ] [chunk_14_models_trainer.py] [info]    class_weight=balanced (no focal_loss, no sample_weight)
[LN501    ] [chunk_18_phase_4_ensemble.py] [info] [section 1] [DENSE] [baseline] LABEL_THRESHOLD=20.0,
[LN502    ] [chunk_18_phase_4_ensemble.py] [info] [section 1] [DENSE] [baseline] predictions: mean=0.0371, std=0.0466, min=0.0006, max=0.6618
[LN503    ] [chunk_18_phase_4_ensemble.py] [info] [section 1] [DENSE] [baseline]  cumulative binary_split_predictions (1%) ≤ 0.0013, (5%) ≤ 0.0040, (10%) ≤ 0.0054, (25%) ≤ 0.0092, (50%) ≤ 0.0193, (75%) ≤ 0.0414, (90%) ≤ 0.0983, (95%) ≤ 0.1456, (99%) ≤ 0.2190, max=0.6618 binary_split_predictions distribution: 28% ≤ 0.01, 51% ≤ 0.02, 79% ≤ 0.05, 90% ≤ 0.1, 98% ≤ 0.2, 100% ≤ 0.5, 0% ≥ 0.50
[LN504    ] [chunk_18_phase_4_ensemble.py] [info] [section 1] [DENSE] [baseline] prediction_binary_split=0.50, VALIDATION predictions at LABEL_THRESHOLD=20.0: 0.01%
[LN505    ] [chunk_18_phase_4_ensemble.py] [info] [section 1] [DENSE] [baseline] LABEL_THRESHOLD=20.0,
[LN506    ] [chunk_18_phase_4_ensemble.py] [info] [section 1] [DENSE] [baseline] VALIDATION_PRECISION=0.0000 VALIDATION_TRUE_POSITIVES=0 VALIDATION_TRUE_NEGATIVES=52915 validation_false_positives=3 validation_false_negatives=336 validation_max_prediction=0.6618 validation_mean_prediction=0.0371 validation_recall=0.0000 validation_f1=0.0000 validation_auc=0.7992 validation_specificity=0.9999 validation_false_positive_rate=0.0001 validation_f2=0.0000 validation_mcc=-0.0006 validation_prauc=0.0305 validation_balanced_accuracy=0.5000 validation_brier=0.0086 validation_kappa=-0.0001 validation_informedness=-0.0001 validation_markedness=-0.0001 validation_gini=0.5985 validation_optimal_threshold=0.0327 validation_standard_deviation_prediction=0.0466 validation_percentage_above_threshold=0.01
[LN507    ] [chunk_18_phase_4_ensemble.py] [info] [section 1] [DENSE] [baseline] prediction_binary_split=0.50 loss=binary_crossentropy, lr=0.001
[LN508    ] [chunk_12_evaluation_evaluator.py] [info] [DENSE] label_threshold=20.0 train_below_prediction_binary_split=118,621 train_above_prediction_binary_split=689 train_positive_found=true val_below_prediction_binary_split=52,918 val_above_prediction_binary_split=336 val_positive_found=true
[LN509    ] [chunk_14_models_trainer.py] [info]    class_weight=balanced (no focal_loss, no sample_weight)
[LN510    ] [chunk_12_evaluation_evaluator.py] [info] [reject] threshold=20.0 action=skipped reason=insufficient_positive_predictions positive_predictions=0 minimum_positive_required=5
[LN511    ] [chunk_12_evaluation_evaluator.py] [info] [DENSE] label_threshold=15.0 train_below_prediction_binary_split=118,104 train_above_prediction_binary_split=1,206 train_positive_found=true val_below_prediction_binary_split=52,677 val_above_prediction_binary_split=577 val_positive_found=true
[LN512    ] [chunk_14_models_trainer.py] [info]    class_weight=balanced (no focal_loss, no sample_weight)
[LN513    ] [chunk_12_evaluation_evaluator.py] [info] [reject] threshold=15.0 action=skipped reason=insufficient_positive_predictions positive_predictions=0 minimum_positive_required=5
[LN514    ] [chunk_12_evaluation_evaluator.py] [info] [DENSE] label_threshold=10.0 train_below_prediction_binary_split=116,756 train_above_prediction_binary_split=2,554 train_positive_found=true val_below_prediction_binary_split=52,057 val_above_prediction_binary_split=1,197 val_positive_found=true
[LN515    ] [chunk_14_models_trainer.py] [info]    class_weight=balanced (no focal_loss, no sample_weight)
[LN516    ] [chunk_12_evaluation_evaluator.py] [info] [reject] threshold=10.0 action=skipped reason=insufficient_positive_predictions positive_predictions=0 minimum_positive_required=5
[LN517    ] [chunk_12_evaluation_evaluator.py] [info] [DENSE] label_threshold=5.0 train_below_prediction_binary_split=111,719 train_above_prediction_binary_split=7,591 train_positive_found=true val_below_prediction_binary_split=49,381 val_above_prediction_binary_split=3,873 val_positive_found=true
[LN518    ] [chunk_14_models_trainer.py] [info]    class_weight=balanced (no focal_loss, no sample_weight)
[LN519    ] [chunk_12_evaluation_evaluator.py] [info] [reject] threshold=5.0 action=skipped reason=insufficient_positive_predictions positive_predictions=0 minimum_positive_required=5
[LN520    ] [chunk_12_evaluation_evaluator.py] [info] [DENSE] label_threshold=0.0 train_below_prediction_binary_split=59,589 train_above_prediction_binary_split=59,721 train_positive_found=true val_below_prediction_binary_split=24,480 val_above_prediction_binary_split=28,774 val_positive_found=true
[LN521    ] [chunk_14_models_trainer.py] [info]    class_weight=balanced (no focal_loss, no sample_weight)
[LN522    ] [chunk_12_evaluation_evaluator.py] [info] [Dense] Safeguards: type=neural, min_precision_over_baseline=0.0100, min_pos_pct=0.0000, min_pos_abs=5, patience=10
[LN523    ] [chunk_12_evaluation_evaluator.py] [info] [DENSE] [diagnostic] LABEL_THRESHOLD=0.0 train_precision=0.5637 train_true_positives=33476 train_true_negatives=33676 train_false_positives=25913 train_false_negatives=26245 train_max_prediction=0.9072 train_mean_prediction=0.4985 train_recall=0.5605 train_f1=0.5621 train_auc=0.5925 train_specificity=0.5651 train_false_positive_rate=0.4349 train_f2=0.5612 train_mcc=0.1257 train_prauc=0.5925 train_balanced_accuracy=0.5628 train_brier=0.2425 train_kappa=0.1257 train_informedness=0.1257 train_markedness=0.1288 train_gini=0.1850 train_optimal_threshold=0.5002 train_standard_deviation_prediction=0.0738 train_percentage_above_threshold=49.78
[LN524    ] [chunk_12_evaluation_evaluator.py] [info] [DENSE] [diagnostic] LABEL_THRESHOLD=0.0 VALIDATION_PRECISION=0.5147 VALIDATION_TRUE_POSITIVES=11905 VALIDATION_TRUE_NEGATIVES=13256 validation_false_positives=11224 validation_false_negatives=16869 validation_max_prediction=0.8766 validation_mean_prediction=0.4959 validation_recall=0.4137 validation_f1=0.4587 validation_auc=0.4707 validation_specificity=0.5415 validation_false_positive_rate=0.4585 validation_f2=0.4306 validation_mcc=-0.0450 validation_prauc=0.5456 validation_balanced_accuracy=0.4776 validation_brier=0.2611 validation_kappa=-0.0440 validation_informedness=-0.0448 validation_markedness=0.0562 validation_gini=0.0000 validation_optimal_threshold=0.6343 validation_standard_deviation_prediction=0.0890 validation_percentage_above_threshold=43.43
[LN525    ] [chunk_18_phase_4_ensemble.py] [info] [section 1] [DENSE] [label_threshold_optimal]  cumulative binary_split_predictions (1%) ≤ 0.3256, (5%) ≤ 0.3581, (10%) ≤ 0.3828, (25%) ≤ 0.4351, (50%) ≤ 0.4855, (75%) ≤ 0.5589, (90%) ≤ 0.6140, (95%) ≤ 0.6444, (99%) ≤ 0.7294, max=0.8766 binary_split_predictions distribution: 0% ≤ 0.01, 0% ≤ 0.02, 0% ≤ 0.05, 0% ≤ 0.1, 0% ≤ 0.2, 57% ≤ 0.5, 43% ≥ 0.50
[LN526    ] [chunk_18_phase_4_ensemble.py] [info] [section 1] [DENSE] [label_threshold_optimal] LABEL_THRESHOLD=0.0
[LN527    ] [chunk_18_phase_4_ensemble.py] [info] [section 1] [DENSE] [label_threshold_optimal] train_precision=0.5637 train_true_positives=33476 train_true_negatives=33676 train_false_positives=25913 train_false_negatives=26245 train_max_prediction=0.9072 train_mean_prediction=0.4985 train_recall=0.5605 train_f1=0.5621 train_auc=0.5925 train_specificity=0.5651 train_false_positive_rate=0.4349 train_f2=0.5612 train_mcc=0.1257 train_prauc=0.5925 train_balanced_accuracy=0.5628 train_brier=0.2425 train_kappa=0.1257 train_informedness=0.1257 train_markedness=0.1288 train_gini=0.1850 train_optimal_threshold=0.5002 train_standard_deviation_prediction=0.0738 train_percentage_above_threshold=49.78
[LN528    ] [chunk_18_phase_4_ensemble.py] [info] [section 1] [DENSE] [label_threshold_optimal] VALIDATION_PRECISION=0.5147 VALIDATION_TRUE_POSITIVES=11905 VALIDATION_TRUE_NEGATIVES=13256 validation_false_positives=11224 validation_false_negatives=16869 validation_max_prediction=0.8766 validation_mean_prediction=0.4959 validation_recall=0.4137 validation_f1=0.4587 validation_auc=0.4707 validation_specificity=0.5415 validation_false_positive_rate=0.4585 validation_f2=0.4306 validation_mcc=-0.0450 validation_prauc=0.5456 validation_balanced_accuracy=0.4776 validation_brier=0.2611 validation_kappa=-0.0440 validation_informedness=-0.0448 validation_markedness=0.0562 validation_gini=0.0000 validation_optimal_threshold=0.6343 validation_standard_deviation_prediction=0.0890 validation_percentage_above_threshold=43.43
[LN529    ] [chunk_18_phase_4_ensemble.py] [info] [section 1] [DENSE] [label_threshold_optimal] prediction_binary_split=0.50
[LN530    ] [chunk_21_hyperparam_optimizer.py] [info] [section 2] [DENSE] [hyperparameter_optimization search] Running Bayesian optimization (3 trials)...
[LN531    ] [chunk_14_models_trainer.py] [info]    class_weight=None (focal_loss active — skipping balanced class_weight)
[LN532    ] [chunk_21_hyperparam_optimizer.py] [info] [section 2] [DENSE] [hyperparameter_optimization search baseline] LABEL_THRESHOLD=0.0
[LN533    ] [chunk_21_hyperparam_optimizer.py] [info] [section 2] [DENSE] [hyperparameter_optimization search baseline] VALIDATION_PRECISION=0.5156 VALIDATION_TRUE_POSITIVES=14740 VALIDATION_TRUE_NEGATIVES=10630 validation_false_positives=13850 validation_false_negatives=14034 validation_max_prediction=0.6674 validation_mean_prediction=0.5070 validation_recall=0.5123 validation_f1=0.5139 validation_auc=0.4723 validation_specificity=0.4342 validation_false_positive_rate=0.5658 validation_f2=0.5129 validation_mcc=-0.0535 validation_prauc=0.5367 validation_balanced_accuracy=0.4733 validation_brier=0.2509 validation_kappa=-0.0535 validation_informedness=-0.0535 validation_markedness=-0.0502 validation_gini=0.0000 validation_optimal_threshold=0.5617 validation_standard_deviation_prediction=0.0295 validation_percentage_above_threshold=53.69
[LN534    ] [chunk_21_hyperparam_optimizer.py] [info] [section 2] [DENSE] [hyperparameter_optimization search baseline] TRIAL 1/3: units=512, layers=3, dropout=0.1, learning_rate=0.0001, epochs=20, loss_function=focal_loss, alpha=1.0, gamma=3.0, batch_size=32, activation=selu
[LN535    ] [chunk_14_models_trainer.py] [info]    class_weight=balanced (no focal_loss, no sample_weight)
[LN536    ] [chunk_21_hyperparam_optimizer.py] [info] [section 2] [DENSE] [hyperparameter_optimization search baseline] LABEL_THRESHOLD=0.0
[LN537    ] [chunk_21_hyperparam_optimizer.py] [info] [section 2] [DENSE] [hyperparameter_optimization search baseline] VALIDATION_PRECISION=0.5085 VALIDATION_TRUE_POSITIVES=10363 VALIDATION_TRUE_NEGATIVES=14464 validation_false_positives=10016 validation_false_negatives=18411 validation_max_prediction=0.8228 validation_mean_prediction=0.4916 validation_recall=0.3602 validation_f1=0.4217 validation_auc=0.4636 validation_specificity=0.5908 validation_false_positive_rate=0.4092 validation_f2=0.3825 validation_mcc=-0.0502 validation_prauc=0.5359 validation_balanced_accuracy=0.4755 validation_brier=0.2546 validation_kappa=-0.0478 validation_informedness=-0.0490 validation_markedness=0.0994 validation_gini=0.0000 validation_optimal_threshold=0.5702 validation_standard_deviation_prediction=0.0518 validation_percentage_above_threshold=38.27
[LN538    ] [chunk_21_hyperparam_optimizer.py] [info] [section 2] [DENSE] [hyperparameter_optimization search baseline] TRIAL 2/3: units=128, layers=3, dropout=0.4, learning_rate=0.0003, epochs=30, loss_function=binary_crossentropy, alpha=0.5, gamma=4.0, batch_size=64, activation=leaky_relu
[LN539    ] [chunk_14_models_trainer.py] [info]    class_weight=None (focal_loss active — skipping balanced class_weight)
[LN540    ] [chunk_21_hyperparam_optimizer.py] [info] [section 2] [DENSE] [hyperparameter_optimization search baseline] LABEL_THRESHOLD=0.0
[LN541    ] [chunk_21_hyperparam_optimizer.py] [info] [section 2] [DENSE] [hyperparameter_optimization search baseline] VALIDATION_PRECISION=0.5454 VALIDATION_TRUE_POSITIVES=23876 VALIDATION_TRUE_NEGATIVES=4578 validation_false_positives=19902 validation_false_negatives=4898 validation_max_prediction=0.8463 validation_mean_prediction=0.5334 validation_recall=0.8298 validation_f1=0.6582 validation_auc=0.5118 validation_specificity=0.1870 validation_false_positive_rate=0.8130 validation_f2=0.7514 validation_mcc=0.0219 validation_prauc=0.5624 validation_balanced_accuracy=0.5084 validation_brier=0.2479 validation_kappa=0.0176 validation_informedness=0.0168 validation_markedness=-0.2676 validation_gini=0.0236 validation_optimal_threshold=0.5779 validation_standard_deviation_prediction=0.0438 validation_percentage_above_threshold=82.21
[LN542    ] [chunk_21_hyperparam_optimizer.py] [info] [section 2] [DENSE] [hyperparameter_optimization search baseline] TRIAL 3/3: units=1024, layers=3, dropout=0.1, learning_rate=0.0001, epochs=40, loss_function=focal_loss, alpha=1.5, gamma=2.5, batch_size=256, activation=leaky_relu
[LN543    ] [chunk_21_hyperparam_optimizer.py] [info] [section 2] [DENSE] [best trial] LABEL_THRESHOLD=0.0
[LN544    ] [chunk_21_hyperparam_optimizer.py] [info] [section 2] [DENSE] [best trial] VALIDATION_PRECISION=0.5454 VALIDATION_TRUE_POSITIVES=23876 VALIDATION_TRUE_NEGATIVES=4578 validation_false_positives=19902 validation_false_negatives=4898 validation_max_prediction=0.8463 validation_mean_prediction=0.5334 validation_recall=0.8298 validation_f1=0.6582 validation_auc=0.5118 validation_specificity=0.1870 validation_false_positive_rate=0.8130 validation_f2=0.7514 validation_mcc=0.0219 validation_prauc=0.5624 validation_balanced_accuracy=0.5084 validation_brier=0.2479 validation_kappa=0.0176 validation_informedness=0.0168 validation_markedness=-0.2676 validation_gini=0.0236 validation_optimal_threshold=0.5779 validation_standard_deviation_prediction=0.0438 validation_percentage_above_threshold=82.21
[LN545    ] [chunk_21_hyperparam_optimizer.py] [info] [section 2] [DENSE] [best trial] units=1024, layers=3, dropout=0.1, learning_rate=0.0001, epochs=40, loss_function=focal_loss, alpha=1.5, gamma=2.5, batch_size=256, activation=leaky_relu
[LN546    ] [chunk_18_phase_4_ensemble.py] [info]    [diagnostic-hyperparameter_optimization]  cumulative binary_split_predictions (1%) ≤ 0.4513, (5%) ≤ 0.4809, (10%) ≤ 0.4907, (25%) ≤ 0.5070, (50%) ≤ 0.5284, (75%) ≤ 0.5528, (90%) ≤ 0.5775, (95%) ≤ 0.5951, (99%) ≤ 0.7512, max=0.8463 binary_split_predictions distribution: 0% ≤ 0.01, 0% ≤ 0.02, 0% ≤ 0.05, 0% ≤ 0.1, 0% ≤ 0.2, 18% ≤ 0.5, 82% ≥ 0.50
[LN547    ] [chunk_18_phase_4_ensemble.py] [info]    hyperparameter_optimization improved: 0.5454 > 0.5147
[LN548    ] [chunk_18_phase_4_ensemble.py] [info] [section 3] [DENSE] [HYPERPARAMETER_OPTIMIZATION] LABEL_THRESHOLD=0.0,
[LN549    ] [chunk_18_phase_4_ensemble.py] [info] [section 3] [DENSE] [HYPERPARAMETER_OPTIMIZATION] VALIDATION_PRECISION=0.5454 VALIDATION_TRUE_POSITIVES=23876 VALIDATION_TRUE_NEGATIVES=4578 validation_false_positives=19902 validation_false_negatives=4898 validation_max_prediction=0.8463 validation_mean_prediction=0.5334 validation_recall=0.8298 validation_f1=0.6582 validation_auc=0.5118 validation_specificity=0.1870 validation_false_positive_rate=0.8130 validation_f2=0.7514 validation_mcc=0.0219 validation_prauc=0.5624 validation_balanced_accuracy=0.5084 validation_brier=0.2479 validation_kappa=0.0176 validation_informedness=0.0168 validation_markedness=-0.2676 validation_gini=0.0236 validation_optimal_threshold=0.5779 validation_standard_deviation_prediction=0.0438 validation_percentage_above_threshold=82.21
[LN550    ] [chunk_18_phase_4_ensemble.py] [info] [section 3] [DENSE] [HYPERPARAMETER_OPTIMIZATION] prediction_binary_split=0.50 hyperparams=(loss=focal_loss lr=0.0001 dropout=0.1 alpha=1.5 gamma=2.5 latent_dim=0) improved=True {'units': 1024, 'layers': 3, 'dropout': 0.1, 'learning_rate': 0.0001, 'epochs': 40, 'loss_function': 'focal_loss', 'alpha': 1.5, 'gamma': 2.5, 'batch_size': 256, 'activation': 'leaky_relu'}
[LN551    ] [chunk_18_phase_4_ensemble.py] [info] [section 4] [DENSE] [post hyperparameter_optimization] [diagnostic]  cumulative binary_split_predictions (1%) ≤ 0.4513, (5%) ≤ 0.4809, (10%) ≤ 0.4907, (25%) ≤ 0.5070, (50%) ≤ 0.5284, (75%) ≤ 0.5528, (90%) ≤ 0.5775, (95%) ≤ 0.5951, (99%) ≤ 0.7512, max=0.8463 binary_split_predictions distribution: 0% ≤ 0.01, 0% ≤ 0.02, 0% ≤ 0.05, 0% ≤ 0.1, 0% ≤ 0.2, 18% ≤ 0.5, 82% ≥ 0.50
[LN552    ] [chunk_18_phase_4_ensemble.py] [info] [section 4] [DENSE] [post hyperparameter_optimization] LABEL_THRESHOLD=0.0,
[LN553    ] [chunk_18_phase_4_ensemble.py] [info] [section 4] [DENSE] [post hyperparameter_optimization] VALIDATION_PRECISION=0.5454 VALIDATION_TRUE_POSITIVES=23876 VALIDATION_TRUE_NEGATIVES=4578 validation_false_positives=19902 validation_false_negatives=4898 validation_max_prediction=0.8463 validation_mean_prediction=0.5334 validation_recall=0.8298 validation_f1=0.6582 validation_auc=0.5118 validation_specificity=0.1870 validation_false_positive_rate=0.8130 validation_f2=0.7514 validation_mcc=0.0219 validation_prauc=0.5624 validation_balanced_accuracy=0.5084 validation_brier=0.2479 validation_kappa=0.0176 validation_informedness=0.0168 validation_markedness=-0.2676 validation_gini=0.0236 validation_optimal_threshold=0.5779 validation_standard_deviation_prediction=0.0438 validation_percentage_above_threshold=82.21
[LN554    ] [chunk_18_phase_4_ensemble.py] [info] [section 4] [DENSE] [post hyperparameter_optimization] prediction_binary_split=0.50 hyperparams=(loss=focal_loss lr=0.0001 dropout=0.1 alpha=1.5 gamma=2.5 latent_dim=64) source=section3
[LN555    ] [chunk_18_phase_4_ensemble.py] [info]    Retraining HPO model for 15 epochs (FINAL_TRAIN_EPOCHS)
[LN556    ] [chunk_14_models_trainer.py] [info]    class_weight=None (focal_loss active — skipping balanced class_weight)
[LN557    ] [chunk_18_phase_4_ensemble.py] [info]    Train predictions: mean=0.5007, std=0.0614, min=0.2549, max=0.8533
[LN558    ] [chunk_18_phase_4_ensemble.py] [info]    validation predictions:   mean=0.4887, std=0.0581, min=0.3588, max=0.8493
[LN559    ] [chunk_18_phase_4_ensemble.py] [info] [section 5] [DENSE] [final] [diagnostic] Train  cumulative binary_split_predictions (1%) ≤ 0.3455, (5%) ≤ 0.3938, (10%) ≤ 0.4193, (25%) ≤ 0.4627, (50%) ≤ 0.5068, (75%) ≤ 0.5392, (90%) ≤ 0.5679, (95%) ≤ 0.5919, (99%) ≤ 0.6563, max=0.8533 binary_split_predictions distribution: 0% ≤ 0.01, 0% ≤ 0.02, 0% ≤ 0.05, 0% ≤ 0.1, 0% ≤ 0.2, 45% ≤ 0.5, 55% ≥ 0.50
[LN560    ] [chunk_18_phase_4_ensemble.py] [info] [section 5] [DENSE] [final] [diagnostic] validation    cumulative binary_split_predictions (1%) ≤ 0.3832, (5%) ≤ 0.4033, (10%) ≤ 0.4193, (25%) ≤ 0.4500, (50%) ≤ 0.4815, (75%) ≤ 0.5233, (90%) ≤ 0.5605, (95%) ≤ 0.5866, (99%) ≤ 0.6727, max=0.8493 binary_split_predictions distribution: 0% ≤ 0.01, 0% ≤ 0.02, 0% ≤ 0.05, 0% ≤ 0.1, 0% ≤ 0.2, 62% ≤ 0.5, 38% ≥ 0.50
[LN561    ] [chunk_18_phase_4_ensemble.py] [info]    Train predictions: 54.63% positive predictions (65,185 / 119,310)
[LN562    ] [chunk_18_phase_4_ensemble.py] [info]    validation predictions:   37.56% positive predictions (20,002 / 53,254)
[LN563    ] [chunk_18_phase_4_ensemble.py] [info]    [info] Section 4 all rejected - using Section 3 results for Section 5
[LN564    ] [chunk_18_phase_4_ensemble.py] [info]    [diagnostic] prediction_buckets: 0-10:0, 10-20:0, 20-30:50, 30-40:9426, 40-50:41553, 50-60:1551, 60-70:553, 70-80:121, 80-90:0, 90-100:0
[LN565    ] [chunk_18_phase_4_ensemble.py] [info] [section 5] [DENSE] [final] LABEL_THRESHOLD=0.0,
[LN566    ] [chunk_18_phase_4_ensemble.py] [info] [section 5] [DENSE] [final] train_precision=0.5523 train_true_positives=36000 train_true_negatives=30404 train_false_positives=29185 train_false_negatives=23721 train_max_prediction=0.8533 train_mean_prediction=0.5007 train_recall=0.6028 train_f1=0.5764 train_auc=0.5831 train_specificity=0.5102 train_false_positive_rate=0.4898 train_f2=0.5920 train_mcc=0.1135 train_prauc=0.5810 train_balanced_accuracy=0.5565 train_standard_deviation_prediction=0.0614 train_percentage_above_threshold=54.63 train_brier=0.2442 train_kappa=0.1130 train_informedness=0.1130 train_markedness=0.0625 train_gini=0.1662 train_optimal_threshold=0.4998
[LN567    ] [chunk_18_phase_4_ensemble.py] [info] [section 5] [DENSE] [final] VALIDATION_PRECISION=0.5454 VALIDATION_TRUE_POSITIVES=23876 VALIDATION_TRUE_NEGATIVES=4578 validation_false_positives=19902 validation_false_negatives=4898 validation_max_prediction=0.8463 validation_mean_prediction=0.5334 validation_recall=0.8298 validation_f1=0.6582 validation_auc=0.5118 validation_specificity=0.1870 validation_false_positive_rate=0.8130 validation_f2=0.7514 validation_mcc=0.0219 validation_prauc=0.5624 validation_balanced_accuracy=0.5084 validation_brier=0.2479 validation_kappa=0.0176 validation_informedness=0.0168 validation_markedness=-0.2676 validation_gini=0.0236 validation_optimal_threshold=0.5779 validation_standard_deviation_prediction=0.0438 validation_percentage_above_threshold=82.21
[LN568    ] [chunk_18_phase_4_ensemble.py] [info] [section 5] [DENSE] [final] prediction_binary_split=0.50 hyperparams=(loss=focal_loss lr=0.0001 dropout=0.1 alpha=1.5 gamma=2.5 latent_dim=64) (using HPO model directly)
[LN569    ] [chunk_18_phase_4_ensemble.py] [info]    Dense loss=focal_loss pred_threshold=0.5 epochs=15
[LN570    ] [chunk_18_phase_4_ensemble.py] [info]    [Dense] hyperparameter_optimization: units=1024, layers=3, dropout=0.1, learning_rate=0.0001, alpha=1.5, gamma=2.5
[LN571    ] [chunk_18_phase_4_ensemble.py] [info]    Dense training time: 1274.0s
[LN572    ] [chunk_18_phase_4_ensemble.py] [info] [pass] Dense trained successfully
[LN573    ] [chunk_18_phase_4_ensemble.py] [info] [VAE] Winsorization: LOW=3 HIGH=97 (training-only percentiles)
[LN574    ] [chunk_14_models_trainer.py] [info]    class_weight=None (focal_loss active — skipping balanced class_weight)
[LN575    ] [chunk_18_phase_4_ensemble.py] [info] [section 1] [VAE] [baseline] LABEL_THRESHOLD=20.0,
[LN576    ] [chunk_18_phase_4_ensemble.py] [info] [section 1] [VAE] [baseline] predictions: mean=0.0125, std=0.0132, min=0.0000, max=0.2025
[LN577    ] [chunk_18_phase_4_ensemble.py] [info] [section 1] [VAE] [baseline]  cumulative binary_split_predictions (1%) ≤ 0.0006, (5%) ≤ 0.0014, (10%) ≤ 0.0021, (25%) ≤ 0.0041, (50%) ≤ 0.0083, (75%) ≤ 0.0160, (90%) ≤ 0.0279, (95%) ≤ 0.0381, (99%) ≤ 0.0641, max=0.2025 binary_split_predictions distribution: 57% ≤ 0.01, 82% ≤ 0.02, 98% ≤ 0.05, 100% ≤ 0.1, 100% ≤ 0.2, 100% ≤ 0.5, 0% ≥ 0.50
[LN578    ] [chunk_18_phase_4_ensemble.py] [info] [section 1] [VAE] [baseline] prediction_binary_split=0.50, VALIDATION predictions at LABEL_THRESHOLD=20.0: 0.00%
[LN579    ] [chunk_18_phase_4_ensemble.py] [warning] [section 1] [VAE] [baseline] [warning] No predictions >= 0.5!
[LN580    ] [chunk_18_phase_4_ensemble.py] [info] [section 1] [VAE] [baseline] LABEL_THRESHOLD=20.0,
[LN581    ] [chunk_18_phase_4_ensemble.py] [info] [section 1] [VAE] [baseline] VALIDATION_PRECISION=0.0000 VALIDATION_TRUE_POSITIVES=0 VALIDATION_TRUE_NEGATIVES=52918 validation_false_positives=0 validation_false_negatives=336 validation_max_prediction=0.2025 validation_mean_prediction=0.0125 validation_recall=0.0000 validation_f1=0.0000 validation_auc=0.5017 validation_specificity=1.0000 validation_false_positive_rate=0.0000 validation_f2=0.0000 validation_mcc=0.0000 validation_prauc=0.0065 validation_balanced_accuracy=0.5000 validation_brier=0.0065 validation_kappa=0.0000 validation_informedness=0.0000 validation_markedness=0.0000 validation_gini=0.0034 validation_optimal_threshold=0.0056 validation_standard_deviation_prediction=0.0132 validation_percentage_above_threshold=0.00
[LN582    ] [chunk_18_phase_4_ensemble.py] [info] [section 1] [VAE] [baseline] prediction_binary_split=0.50 loss=binary_crossentropy, lr=0.001, dropout=0.1
[LN583    ] [chunk_12_evaluation_evaluator.py] [info] [VAE] label_threshold=20.0 train_below_prediction_binary_split=118,621 train_above_prediction_binary_split=689 train_positive_found=true val_below_prediction_binary_split=52,918 val_above_prediction_binary_split=336 val_positive_found=true
[LN584    ] [chunk_14_models_trainer.py] [info]    class_weight=None (focal_loss active — skipping balanced class_weight)
[LN585    ] [chunk_12_evaluation_evaluator.py] [info] [reject] threshold=20.0 action=skipped reason=insufficient_positive_predictions positive_predictions=0 minimum_positive_required=5
[LN586    ] [chunk_12_evaluation_evaluator.py] [info] [VAE] label_threshold=15.0 train_below_prediction_binary_split=118,104 train_above_prediction_binary_split=1,206 train_positive_found=true val_below_prediction_binary_split=52,677 val_above_prediction_binary_split=577 val_positive_found=true
[LN587    ] [chunk_14_models_trainer.py] [info]    class_weight=None (focal_loss active — skipping balanced class_weight)
[LN588    ] [chunk_12_evaluation_evaluator.py] [info] [reject] threshold=15.0 action=skipped reason=insufficient_positive_predictions positive_predictions=0 minimum_positive_required=5
[LN589    ] [chunk_12_evaluation_evaluator.py] [info] [VAE] label_threshold=10.0 train_below_prediction_binary_split=116,756 train_above_prediction_binary_split=2,554 train_positive_found=true val_below_prediction_binary_split=52,057 val_above_prediction_binary_split=1,197 val_positive_found=true
[LN590    ] [chunk_14_models_trainer.py] [info]    class_weight=None (focal_loss active — skipping balanced class_weight)
[LN591    ] [chunk_12_evaluation_evaluator.py] [info] [reject] threshold=10.0 action=skipped reason=insufficient_positive_predictions positive_predictions=0 minimum_positive_required=5
[LN592    ] [chunk_12_evaluation_evaluator.py] [info] [VAE] label_threshold=5.0 train_below_prediction_binary_split=111,719 train_above_prediction_binary_split=7,591 train_positive_found=true val_below_prediction_binary_split=49,381 val_above_prediction_binary_split=3,873 val_positive_found=true
[LN593    ] [chunk_14_models_trainer.py] [info]    class_weight=None (focal_loss active — skipping balanced class_weight)
[LN594    ] [chunk_12_evaluation_evaluator.py] [info] [reject] threshold=5.0 action=skipped reason=insufficient_positive_predictions positive_predictions=0 minimum_positive_required=5
[LN595    ] [chunk_12_evaluation_evaluator.py] [info] [VAE] label_threshold=0.0 train_below_prediction_binary_split=59,589 train_above_prediction_binary_split=59,721 train_positive_found=true val_below_prediction_binary_split=24,480 val_above_prediction_binary_split=28,774 val_positive_found=true
[LN596    ] [chunk_14_models_trainer.py] [info]    class_weight=None (focal_loss active — skipping balanced class_weight)
[LN597    ] [chunk_12_evaluation_evaluator.py] [info] [VAE] [reject] skipping LABEL_THRESHOLD=0.0: pos_pred_ratio=87.84% outside [0%, 65%]
[LN598    ] [chunk_18_phase_4_ensemble.py] [warning] [section 1] [VAE] [label_threshold_optimal] [warning] All label thresholds rejected — using baseline metrics at LT=0.0 (fallback)
[LN599    ] [chunk_18_phase_4_ensemble.py] [info] [section 1] [VAE] [label_threshold_optimal] LABEL_THRESHOLD=0.0
[LN600    ] [chunk_18_phase_4_ensemble.py] [info] [section 1] [VAE] [label_threshold_optimal] train_precision=0.0000 train_true_positives=0 train_true_negatives=52918 train_false_positives=0 train_false_negatives=336 train_max_prediction=0.2025 train_mean_prediction=0.0125 train_recall=0.0000 train_f1=0.0000 train_auc=0.5017 train_specificity=1.0000 train_false_positive_rate=0.0000 train_f2=0.0000 train_mcc=0.0000 train_prauc=0.0065 train_balanced_accuracy=0.5000 train_brier=0.0065 train_kappa=0.0000 train_informedness=0.0000 train_markedness=0.0000 train_gini=0.0034 train_optimal_threshold=0.0056 train_standard_deviation_prediction=0.0132 train_percentage_above_threshold=0.00
[LN601    ] [chunk_18_phase_4_ensemble.py] [info] [section 1] [VAE] [label_threshold_optimal] VALIDATION_PRECISION=0.0000 VALIDATION_TRUE_POSITIVES=0 VALIDATION_TRUE_NEGATIVES=52918 validation_false_positives=0 validation_false_negatives=336 validation_max_prediction=0.2025 validation_mean_prediction=0.0125 validation_recall=0.0000 validation_f1=0.0000 validation_auc=0.5017 validation_specificity=1.0000 validation_false_positive_rate=0.0000 validation_f2=0.0000 validation_mcc=0.0000 validation_prauc=0.0065 validation_balanced_accuracy=0.5000 validation_brier=0.0065 validation_kappa=0.0000 validation_informedness=0.0000 validation_markedness=0.0000 validation_gini=0.0034 validation_optimal_threshold=0.0056 validation_standard_deviation_prediction=0.0132 validation_percentage_above_threshold=0.00
[LN602    ] [chunk_18_phase_4_ensemble.py] [info] [section 1] [VAE] [label_threshold_optimal] prediction_binary_split=0.50
[LN603    ] [chunk_21_hyperparam_optimizer.py] [info] [section 2] [VAE] [hyperparameter_optimization search] Running Bayesian optimization (3 trials)...
[LN604    ] [chunk_14_models_trainer.py] [info]    class_weight=None (focal_loss active — skipping balanced class_weight)
[LN605    ] [chunk_21_hyperparam_optimizer.py] [info] [section 2] [VAE] [hyperparameter_optimization search baseline] LABEL_THRESHOLD=0.0
[LN606    ] [chunk_21_hyperparam_optimizer.py] [info] [section 2] [VAE] [hyperparameter_optimization search baseline] VALIDATION_PRECISION=0.5401 VALIDATION_TRUE_POSITIVES=17664 VALIDATION_TRUE_NEGATIVES=9441 validation_false_positives=15039 validation_false_negatives=11110 validation_max_prediction=0.5458 validation_mean_prediction=0.5020 validation_recall=0.6139 validation_f1=0.5747 validation_auc=0.5000 validation_specificity=0.3857 validation_false_positive_rate=0.6143 validation_f2=0.5976 validation_mcc=-0.0005 validation_prauc=0.5405 validation_balanced_accuracy=0.4998 validation_brier=0.2499 validation_kappa=-0.0005 validation_informedness=-0.0005 validation_markedness=-0.0742 validation_gini=0.0000 validation_optimal_threshold=0.5138 validation_standard_deviation_prediction=0.0079 validation_percentage_above_threshold=61.41
[LN607    ] [chunk_21_hyperparam_optimizer.py] [info] [section 2] [VAE] [hyperparameter_optimization search baseline] TRIAL 1/3: loss_function=focal_loss, latent_dim=32, learning_rate=0.0005, dropout=0.05, epochs=50, alpha=0.25, gamma=2.0, encoder_layers=3, decoder_layers=3
[LN608    ] [chunk_14_models_trainer.py] [info]    class_weight=balanced (no focal_loss, no sample_weight)
[LN609    ] [chunk_21_hyperparam_optimizer.py] [warning]    TRIAL 2/3: REJECTED - degenerate predictions std_pred=0.0035 < 0.005
[LN610    ] [chunk_14_models_trainer.py] [info]    class_weight=balanced (no focal_loss, no sample_weight)
[LN611    ] [chunk_21_hyperparam_optimizer.py] [warning]    TRIAL 3/3: REJECTED - degenerate predictions std_pred=0.0044 < 0.005
[LN612    ] [chunk_21_hyperparam_optimizer.py] [info] [section 2] [VAE] [best trial] LABEL_THRESHOLD=0.0
[LN613    ] [chunk_21_hyperparam_optimizer.py] [info] [section 2] [VAE] [best trial] VALIDATION_PRECISION=0.5401 VALIDATION_TRUE_POSITIVES=17664 VALIDATION_TRUE_NEGATIVES=9441 validation_false_positives=15039 validation_false_negatives=11110 validation_max_prediction=0.5458 validation_mean_prediction=0.5020 validation_recall=0.6139 validation_f1=0.5747 validation_auc=0.5000 validation_specificity=0.3857 validation_false_positive_rate=0.6143 validation_f2=0.5976 validation_mcc=-0.0005 validation_prauc=0.5405 validation_balanced_accuracy=0.4998 validation_brier=0.2499 validation_kappa=-0.0005 validation_informedness=-0.0005 validation_markedness=-0.0742 validation_gini=0.0000 validation_optimal_threshold=0.5138 validation_standard_deviation_prediction=0.0079 validation_percentage_above_threshold=61.41
[LN614    ] [chunk_21_hyperparam_optimizer.py] [info] [section 2] [VAE] [best trial] loss_function=focal_loss, latent_dim=32, learning_rate=0.0005, dropout=0.05, epochs=50, alpha=0.25, gamma=2.0, encoder_layers=3, decoder_layers=3
[LN615    ] [chunk_18_phase_4_ensemble.py] [info]    [diagnostic-hyperparameter_optimization]  cumulative binary_split_predictions (1%) ≤ 0.4809, (5%) ≤ 0.4891, (10%) ≤ 0.4927, (25%) ≤ 0.4975, (50%) ≤ 0.5018, (75%) ≤ 0.5066, (90%) ≤ 0.5119, (95%) ≤ 0.5154, (99%) ≤ 0.5220, max=0.5429 binary_split_predictions distribution: 0% ≤ 0.01, 0% ≤ 0.02, 0% ≤ 0.05, 0% ≤ 0.1, 0% ≤ 0.2, 38% ≤ 0.5, 62% ≥ 0.50
[LN616    ] [chunk_18_phase_4_ensemble.py] [info]    hyperparameter_optimization improved: 0.5416 > 0.0000
[LN617    ] [chunk_18_phase_4_ensemble.py] [info] [section 3] [VAE] [HYPERPARAMETER_OPTIMIZATION] LABEL_THRESHOLD=0.0,
[LN618    ] [chunk_18_phase_4_ensemble.py] [info] [section 3] [VAE] [HYPERPARAMETER_OPTIMIZATION] VALIDATION_PRECISION=0.5392 VALIDATION_TRUE_POSITIVES=17679 VALIDATION_TRUE_NEGATIVES=9369 validation_false_positives=15111 validation_false_negatives=11095 validation_max_prediction=0.5453 validation_mean_prediction=0.5020 validation_recall=0.6144 validation_f1=0.5743 validation_auc=0.4990 validation_specificity=0.3827 validation_false_positive_rate=0.6173 validation_f2=0.5977 validation_mcc=-0.0029 validation_prauc=0.5393 validation_balanced_accuracy=0.4986 validation_brier=0.2499 validation_kappa=-0.0029 validation_informedness=-0.0029 validation_markedness=-0.0781 validation_gini=0.0000 validation_optimal_threshold=0.4987 validation_standard_deviation_prediction=0.0079 validation_percentage_above_threshold=61.57
[LN619    ] [chunk_18_phase_4_ensemble.py] [info] [section 3] [VAE] [HYPERPARAMETER_OPTIMIZATION] prediction_binary_split=0.50 hyperparams=(loss=focal_loss lr=0.0005 dropout=0.05 alpha=0.25 gamma=2.0 latent_dim=32) improved=True {'loss_function': 'focal_loss', 'latent_dim': 32, 'learning_rate': 0.0005, 'dropout': 0.05, 'epochs': 50, 'alpha': 0.25, 'gamma': 2.0, 'encoder_layers': 3, 'decoder_layers': 3}
[LN620    ] [chunk_18_phase_4_ensemble.py] [info] [section 4] [VAE] [post hyperparameter_optimization] [diagnostic]  cumulative binary_split_predictions (1%) ≤ 0.4809, (5%) ≤ 0.4893, (10%) ≤ 0.4929, (25%) ≤ 0.4975, (50%) ≤ 0.5018, (75%) ≤ 0.5066, (90%) ≤ 0.5118, (95%) ≤ 0.5151, (99%) ≤ 0.5222, max=0.5534 binary_split_predictions distribution: 0% ≤ 0.01, 0% ≤ 0.02, 0% ≤ 0.05, 0% ≤ 0.1, 0% ≤ 0.2, 38% ≤ 0.5, 62% ≥ 0.50
[LN621    ] [chunk_18_phase_4_ensemble.py] [info] [section 4] [VAE] [post hyperparameter_optimization] LABEL_THRESHOLD=0.0,
[LN622    ] [chunk_18_phase_4_ensemble.py] [info] [section 4] [VAE] [post hyperparameter_optimization] VALIDATION_PRECISION=0.5416 VALIDATION_TRUE_POSITIVES=17747 VALIDATION_TRUE_NEGATIVES=9459 validation_false_positives=15021 validation_false_negatives=11027 validation_max_prediction=0.5429 validation_mean_prediction=0.5020 validation_recall=0.6168 validation_f1=0.5767 validation_auc=0.5011 validation_specificity=0.3864 validation_false_positive_rate=0.6136 validation_f2=0.6001 validation_mcc=0.0032 validation_prauc=0.5407 validation_balanced_accuracy=0.5016 validation_brier=0.2499 validation_kappa=0.0032 validation_informedness=0.0032 validation_markedness=-0.0720 validation_gini=0.0021 validation_optimal_threshold=0.5059 validation_standard_deviation_prediction=0.0079 validation_percentage_above_threshold=61.53
[LN623    ] [chunk_18_phase_4_ensemble.py] [info] [section 4] [VAE] [post hyperparameter_optimization] prediction_binary_split=0.50 hyperparams=(loss=focal_loss lr=0.0005 dropout=0.05 alpha=0.25 gamma=2.0 latent_dim=32) source=section3
[LN624    ] [chunk_18_phase_4_ensemble.py] [info]    Retraining HPO model for 30 epochs (FINAL_TRAIN_EPOCHS)
[LN625    ] [chunk_14_models_trainer.py] [info]    class_weight=None (focal_loss active — skipping balanced class_weight)
[LN626    ] [chunk_18_phase_4_ensemble.py] [info]    Train predictions: mean=0.5016, std=0.0017, min=0.4881, max=0.5198
[LN627    ] [chunk_18_phase_4_ensemble.py] [info]    validation predictions:   mean=0.5016, std=0.0017, min=0.4880, max=0.5183
[LN628    ] [chunk_18_phase_4_ensemble.py] [info] [section 5] [VAE] [final] [diagnostic] Train  cumulative binary_split_predictions (1%) ≤ 0.4982, (5%) ≤ 0.4996, (10%) ≤ 0.5003, (25%) ≤ 0.5007, (50%) ≤ 0.5011, (75%) ≤ 0.5022, (90%) ≤ 0.5038, (95%) ≤ 0.5049, (99%) ≤ 0.5075, max=0.5198 binary_split_predictions distribution: 0% ≤ 0.01, 0% ≤ 0.02, 0% ≤ 0.05, 0% ≤ 0.1, 0% ≤ 0.2, 7% ≤ 0.5, 93% ≥ 0.50
[LN629    ] [chunk_18_phase_4_ensemble.py] [info] [section 5] [VAE] [final] [diagnostic] validation    cumulative binary_split_predictions (1%) ≤ 0.4983, (5%) ≤ 0.4997, (10%) ≤ 0.5003, (25%) ≤ 0.5007, (50%) ≤ 0.5011, (75%) ≤ 0.5022, (90%) ≤ 0.5037, (95%) ≤ 0.5049, (99%) ≤ 0.5075, max=0.5183 binary_split_predictions distribution: 0% ≤ 0.01, 0% ≤ 0.02, 0% ≤ 0.05, 0% ≤ 0.1, 0% ≤ 0.2, 7% ≤ 0.5, 93% ≥ 0.50
[LN630    ] [chunk_18_phase_4_ensemble.py] [info]    Train predictions: 92.69% positive predictions (110,592 / 119,310)
[LN631    ] [chunk_18_phase_4_ensemble.py] [info]    validation predictions:   92.92% positive predictions (49,484 / 53,254)
[LN632    ] [chunk_18_phase_4_ensemble.py] [info]    [info] Section 4 all rejected - using Section 3 results for Section 5
[LN633    ] [chunk_18_phase_4_ensemble.py] [info]    [diagnostic] prediction_buckets: 0-10:0, 10-20:0, 20-30:0, 30-40:20486, 40-50:32768, 50-60:0, 60-70:0, 70-80:0, 80-90:0, 90-100:0
[LN634    ] [chunk_18_phase_4_ensemble.py] [info] [section 5] [VAE] [final] LABEL_THRESHOLD=0.0,
[LN635    ] [chunk_18_phase_4_ensemble.py] [info] [section 5] [VAE] [final] train_precision=0.4999 train_true_positives=55290 train_true_negatives=4287 train_false_positives=55302 train_false_negatives=4431 train_max_prediction=0.5198 train_mean_prediction=0.5016 train_recall=0.9258 train_f1=0.6493 train_auc=0.4981 train_specificity=0.0719 train_false_positive_rate=0.9281 train_f2=0.7910 train_mcc=-0.0043 train_prauc=0.4998 train_balanced_accuracy=0.4989 train_standard_deviation_prediction=0.0017 train_percentage_above_threshold=92.69 train_brier=0.2500 train_kappa=-0.0023 train_informedness=-0.0023 train_markedness=-0.4281 train_gini=0.0000 train_optimal_threshold=0.5043
[LN636    ] [chunk_18_phase_4_ensemble.py] [info] [section 5] [VAE] [final] VALIDATION_PRECISION=0.5416 VALIDATION_TRUE_POSITIVES=17747 VALIDATION_TRUE_NEGATIVES=9459 validation_false_positives=15021 validation_false_negatives=11027 validation_max_prediction=0.5429 validation_mean_prediction=0.5020 validation_recall=0.6168 validation_f1=0.5767 validation_auc=0.5011 validation_specificity=0.3864 validation_false_positive_rate=0.6136 validation_f2=0.6001 validation_mcc=0.0032 validation_prauc=0.5407 validation_balanced_accuracy=0.5016 validation_brier=0.2499 validation_kappa=0.0032 validation_informedness=0.0032 validation_markedness=-0.0720 validation_gini=0.0021 validation_optimal_threshold=0.5059 validation_standard_deviation_prediction=0.0079 validation_percentage_above_threshold=61.53
[LN637    ] [chunk_18_phase_4_ensemble.py] [info] [section 5] [VAE] [final] prediction_binary_split=0.50 hyperparams=(loss=focal_loss lr=0.0005 dropout=0.05 alpha=0.25 gamma=2.0 latent_dim=32) (using HPO model directly)
[LN638    ] [chunk_18_phase_4_ensemble.py] [info]    VAE loss=focal_loss pred_threshold=0.5 epochs=30
[LN639    ] [chunk_18_phase_4_ensemble.py] [info]    [VAE] hyperparameter_optimization: latent_dim=32, learning_rate=0.0005, dropout=0.05, alpha=0.25, gamma=2.0
[LN640    ] [chunk_18_phase_4_ensemble.py] [info]    VAE training time: 970.0s
[LN641    ] [chunk_18_phase_4_ensemble.py] [info] [pass] VAE trained successfully
[LN642    ] [chunk_18_phase_4_ensemble.py] [info] [Transformer] Winsorization: LOW=3 HIGH=95 (training-only percentiles)
[LN643    ] [chunk_14_models_trainer.py] [info]    class_weight=balanced (no focal_loss, no sample_weight)
[LN644    ] [chunk_18_phase_4_ensemble.py] [info] [section 1] [TRANSFORMER] [baseline] LABEL_THRESHOLD=20.0,
[LN645    ] [chunk_18_phase_4_ensemble.py] [info] [section 1] [TRANSFORMER] [baseline] predictions: mean=0.0371, std=0.0179, min=0.0066, max=0.0984
[LN646    ] [chunk_18_phase_4_ensemble.py] [info] [section 1] [TRANSFORMER] [baseline]  cumulative binary_split_predictions (1%) ≤ 0.0095, (5%) ≤ 0.0113, (10%) ≤ 0.0133, (25%) ≤ 0.0242, (50%) ≤ 0.0357, (75%) ≤ 0.0457, (90%) ≤ 0.0653, (95%) ≤ 0.0720, (99%) ≤ 0.0810, max=0.0984 binary_split_predictions distribution: 2% ≤ 0.01, 20% ≤ 0.02, 79% ≤ 0.05, 100% ≤ 0.1, 100% ≤ 0.2, 100% ≤ 0.5, 0% ≥ 0.50
[LN647    ] [chunk_18_phase_4_ensemble.py] [info] [section 1] [TRANSFORMER] [baseline] prediction_binary_split=0.50, VALIDATION predictions at LABEL_THRESHOLD=20.0: 0.00%
[LN648    ] [chunk_18_phase_4_ensemble.py] [warning] [section 1] [TRANSFORMER] [baseline] [warning] No predictions >= 0.5!
[LN649    ] [chunk_18_phase_4_ensemble.py] [info] [section 1] [TRANSFORMER] [baseline] LABEL_THRESHOLD=20.0,
[LN650    ] [chunk_18_phase_4_ensemble.py] [info] [section 1] [TRANSFORMER] [baseline] VALIDATION_PRECISION=0.0000 VALIDATION_TRUE_POSITIVES=0 VALIDATION_TRUE_NEGATIVES=52918 validation_false_positives=0 validation_false_negatives=336 validation_max_prediction=0.0984 validation_mean_prediction=0.0371 validation_recall=0.0000 validation_f1=0.0000 validation_auc=0.6553 validation_specificity=1.0000 validation_false_positive_rate=0.0000 validation_f2=0.0000 validation_mcc=0.0000 validation_prauc=0.0154 validation_balanced_accuracy=0.5000 validation_brier=0.0074 validation_kappa=0.0000 validation_informedness=0.0000 validation_markedness=0.0000 validation_gini=0.3107 validation_optimal_threshold=0.0441 validation_standard_deviation_prediction=0.0179 validation_percentage_above_threshold=0.00
[LN651    ] [chunk_18_phase_4_ensemble.py] [info] [section 1] [TRANSFORMER] [baseline] prediction_binary_split=0.50 loss=binary_crossentropy, lr=0.001
[LN652    ] [chunk_12_evaluation_evaluator.py] [info] [TRANSFORMER] label_threshold=20.0 train_below_prediction_binary_split=118,621 train_above_prediction_binary_split=689 train_positive_found=true val_below_prediction_binary_split=52,918 val_above_prediction_binary_split=336 val_positive_found=true
[LN653    ] [chunk_14_models_trainer.py] [info]    class_weight=balanced (no focal_loss, no sample_weight)
[LN654    ] [chunk_12_evaluation_evaluator.py] [info] [reject] threshold=20.0 action=skipped reason=insufficient_positive_predictions positive_predictions=0 minimum_positive_required=5
[LN655    ] [chunk_12_evaluation_evaluator.py] [info] [TRANSFORMER] label_threshold=15.0 train_below_prediction_binary_split=118,104 train_above_prediction_binary_split=1,206 train_positive_found=true val_below_prediction_binary_split=52,677 val_above_prediction_binary_split=577 val_positive_found=true
[LN656    ] [chunk_14_models_trainer.py] [info]    class_weight=balanced (no focal_loss, no sample_weight)
[LN657    ] [chunk_12_evaluation_evaluator.py] [info] [reject] threshold=15.0 action=skipped reason=insufficient_positive_predictions positive_predictions=0 minimum_positive_required=5
[LN658    ] [chunk_12_evaluation_evaluator.py] [info] [TRANSFORMER] label_threshold=10.0 train_below_prediction_binary_split=116,756 train_above_prediction_binary_split=2,554 train_positive_found=true val_below_prediction_binary_split=52,057 val_above_prediction_binary_split=1,197 val_positive_found=true
[LN659    ] [chunk_14_models_trainer.py] [info]    class_weight=balanced (no focal_loss, no sample_weight)
[LN660    ] [chunk_12_evaluation_evaluator.py] [info] [reject] threshold=10.0 action=skipped reason=insufficient_positive_predictions positive_predictions=0 minimum_positive_required=5
[LN661    ] [chunk_12_evaluation_evaluator.py] [info] [TRANSFORMER] label_threshold=5.0 train_below_prediction_binary_split=111,719 train_above_prediction_binary_split=7,591 train_positive_found=true val_below_prediction_binary_split=49,381 val_above_prediction_binary_split=3,873 val_positive_found=true
[LN662    ] [chunk_14_models_trainer.py] [info]    class_weight=balanced (no focal_loss, no sample_weight)
[LN663    ] [chunk_12_evaluation_evaluator.py] [info] [reject] threshold=5.0 action=skipped reason=insufficient_positive_predictions positive_predictions=0 minimum_positive_required=5
[LN664    ] [chunk_12_evaluation_evaluator.py] [info] [TRANSFORMER] label_threshold=0.0 train_below_prediction_binary_split=59,589 train_above_prediction_binary_split=59,721 train_positive_found=true val_below_prediction_binary_split=24,480 val_above_prediction_binary_split=28,774 val_positive_found=true
[LN665    ] [chunk_14_models_trainer.py] [info]    class_weight=balanced (no focal_loss, no sample_weight)
[LN666    ] [chunk_12_evaluation_evaluator.py] [info] [Transformer] Safeguards: type=neural, min_precision_over_baseline=0.0100, min_pos_pct=0.0000, min_pos_abs=5, patience=10
[LN667    ] [chunk_12_evaluation_evaluator.py] [info] [TRANSFORMER] [diagnostic] LABEL_THRESHOLD=0.0 train_precision=0.5436 train_true_positives=28600 train_true_negatives=35574 train_false_positives=24015 train_false_negatives=31121 train_max_prediction=0.9221 train_mean_prediction=0.4976 train_recall=0.4789 train_f1=0.5092 train_auc=0.5518 train_specificity=0.5970 train_false_positive_rate=0.4030 train_f2=0.4906 train_mcc=0.0764 train_prauc=0.5568 train_balanced_accuracy=0.5379 train_brier=0.2473 train_kappa=0.0759 train_informedness=0.0759 train_markedness=0.1406 train_gini=0.1036 train_optimal_threshold=0.4980 train_standard_deviation_prediction=0.0548 train_percentage_above_threshold=44.10
[LN668    ] [chunk_12_evaluation_evaluator.py] [info] [TRANSFORMER] [diagnostic] LABEL_THRESHOLD=0.0 VALIDATION_PRECISION=0.5505 VALIDATION_TRUE_POSITIVES=10527 VALIDATION_TRUE_NEGATIVES=15886 validation_false_positives=8594 validation_false_negatives=18247 validation_max_prediction=0.8682 validation_mean_prediction=0.4840 validation_recall=0.3659 validation_f1=0.4396 validation_auc=0.5015 validation_specificity=0.6489 validation_false_positive_rate=0.3511 validation_f2=0.3922 validation_mcc=0.0154 validation_prauc=0.5600 validation_balanced_accuracy=0.5074 validation_brier=0.2532 validation_kappa=0.0144 validation_informedness=0.0148 validation_markedness=0.1995 validation_gini=0.0030 validation_optimal_threshold=0.5490 validation_standard_deviation_prediction=0.0527 validation_percentage_above_threshold=35.91
[LN669    ] [chunk_18_phase_4_ensemble.py] [info] [section 1] [TRANSFORMER] [label_threshold_optimal]  cumulative binary_split_predictions (1%) ≤ 0.4045, (5%) ≤ 0.4172, (10%) ≤ 0.4250, (25%) ≤ 0.4394, (50%) ≤ 0.4751, (75%) ≤ 0.5251, (90%) ≤ 0.5589, (95%) ≤ 0.5659, (99%) ≤ 0.5791, max=0.8682 binary_split_predictions distribution: 0% ≤ 0.01, 0% ≤ 0.02, 0% ≤ 0.05, 0% ≤ 0.1, 0% ≤ 0.2, 64% ≤ 0.5, 36% ≥ 0.50
[LN670    ] [chunk_18_phase_4_ensemble.py] [info] [section 1] [TRANSFORMER] [label_threshold_optimal] LABEL_THRESHOLD=0.0
[LN671    ] [chunk_18_phase_4_ensemble.py] [info] [section 1] [TRANSFORMER] [label_threshold_optimal] train_precision=0.5436 train_true_positives=28600 train_true_negatives=35574 train_false_positives=24015 train_false_negatives=31121 train_max_prediction=0.9221 train_mean_prediction=0.4976 train_recall=0.4789 train_f1=0.5092 train_auc=0.5518 train_specificity=0.5970 train_false_positive_rate=0.4030 train_f2=0.4906 train_mcc=0.0764 train_prauc=0.5568 train_balanced_accuracy=0.5379 train_brier=0.2473 train_kappa=0.0759 train_informedness=0.0759 train_markedness=0.1406 train_gini=0.1036 train_optimal_threshold=0.4980 train_standard_deviation_prediction=0.0548 train_percentage_above_threshold=44.10
[LN672    ] [chunk_18_phase_4_ensemble.py] [info] [section 1] [TRANSFORMER] [label_threshold_optimal] VALIDATION_PRECISION=0.5505 VALIDATION_TRUE_POSITIVES=10527 VALIDATION_TRUE_NEGATIVES=15886 validation_false_positives=8594 validation_false_negatives=18247 validation_max_prediction=0.8682 validation_mean_prediction=0.4840 validation_recall=0.3659 validation_f1=0.4396 validation_auc=0.5015 validation_specificity=0.6489 validation_false_positive_rate=0.3511 validation_f2=0.3922 validation_mcc=0.0154 validation_prauc=0.5600 validation_balanced_accuracy=0.5074 validation_brier=0.2532 validation_kappa=0.0144 validation_informedness=0.0148 validation_markedness=0.1995 validation_gini=0.0030 validation_optimal_threshold=0.5490 validation_standard_deviation_prediction=0.0527 validation_percentage_above_threshold=35.91
[LN673    ] [chunk_18_phase_4_ensemble.py] [info] [section 1] [TRANSFORMER] [label_threshold_optimal] prediction_binary_split=0.50
[LN674    ] [chunk_21_hyperparam_optimizer.py] [info] [section 2] [TRANSFORMER] [hyperparameter_optimization search] Running Bayesian optimization (3 trials)...
[LN675    ] [chunk_14_models_trainer.py] [info]    class_weight=balanced (no focal_loss, no sample_weight)
[LN676    ] [chunk_21_hyperparam_optimizer.py] [info] [section 2] [TRANSFORMER] [hyperparameter_optimization search baseline] LABEL_THRESHOLD=0.0
[LN677    ] [chunk_21_hyperparam_optimizer.py] [info] [section 2] [TRANSFORMER] [hyperparameter_optimization search baseline] VALIDATION_PRECISION=0.5638 VALIDATION_TRUE_POSITIVES=10807 VALIDATION_TRUE_NEGATIVES=16119 validation_false_positives=8361 validation_false_negatives=17967 validation_max_prediction=0.7449 validation_mean_prediction=0.4931 validation_recall=0.3756 validation_f1=0.4508 validation_auc=0.5208 validation_specificity=0.6585 validation_false_positive_rate=0.3415 validation_f2=0.4025 validation_mcc=0.0353 validation_prauc=0.5645 validation_balanced_accuracy=0.5170 validation_brier=0.2499 validation_kappa=0.0331 validation_informedness=0.0340 validation_markedness=0.2223 validation_gini=0.0416 validation_optimal_threshold=0.5029 validation_standard_deviation_prediction=0.0262 validation_percentage_above_threshold=35.99
[LN678    ] [chunk_21_hyperparam_optimizer.py] [info] [section 2] [TRANSFORMER] [hyperparameter_optimization search baseline] TRIAL 1/3: loss_function=binary_crossentropy, dim=64, heads=2, dropout=0.1, learning_rate=0.0001, epochs=20, alpha=1.0, gamma=2.0, ff_dim=128, layers=1
[LN679    ] [chunk_14_models_trainer.py] [info]    class_weight=None (focal_loss active — skipping balanced class_weight)
[LN680    ] [chunk_21_hyperparam_optimizer.py] [info] [section 2] [TRANSFORMER] [hyperparameter_optimization search baseline] LABEL_THRESHOLD=0.0
[LN681    ] [chunk_21_hyperparam_optimizer.py] [info] [section 2] [TRANSFORMER] [hyperparameter_optimization search baseline] VALIDATION_PRECISION=0.5584 VALIDATION_TRUE_POSITIVES=18193 VALIDATION_TRUE_NEGATIVES=10092 validation_false_positives=14388 validation_false_negatives=10581 validation_max_prediction=0.5770 validation_mean_prediction=0.5073 validation_recall=0.6323 validation_f1=0.5930 validation_auc=0.5281 validation_specificity=0.4123 validation_false_positive_rate=0.5877 validation_f2=0.6160 validation_mcc=0.0455 validation_prauc=0.5702 validation_balanced_accuracy=0.5223 validation_brier=0.2488 validation_kappa=0.0450 validation_informedness=0.0445 validation_markedness=-0.0294 validation_gini=0.0563 validation_optimal_threshold=0.5061 validation_standard_deviation_prediction=0.0201 validation_percentage_above_threshold=61.18
[LN682    ] [chunk_21_hyperparam_optimizer.py] [info] [section 2] [TRANSFORMER] [hyperparameter_optimization search baseline] TRIAL 2/3: loss_function=focal_loss, dim=128, heads=8, dropout=0.1, learning_rate=0.0001, epochs=30, alpha=0.75, gamma=2.5, ff_dim=128, layers=2
[LN683    ] [chunk_14_models_trainer.py] [info]    class_weight=None (focal_loss active — skipping balanced class_weight)
[LN684    ] [chunk_21_hyperparam_optimizer.py] [info] [section 2] [TRANSFORMER] [hyperparameter_optimization search baseline] LABEL_THRESHOLD=0.0
[LN685    ] [chunk_21_hyperparam_optimizer.py] [info] [section 2] [TRANSFORMER] [hyperparameter_optimization search baseline] VALIDATION_PRECISION=0.5458 VALIDATION_TRUE_POSITIVES=23379 VALIDATION_TRUE_NEGATIVES=5022 validation_false_positives=19458 validation_false_negatives=5395 validation_max_prediction=0.5893 validation_mean_prediction=0.5257 validation_recall=0.8125 validation_f1=0.6529 validation_auc=0.5105 validation_specificity=0.2051 validation_false_positive_rate=0.7949 validation_f2=0.7402 validation_mcc=0.0222 validation_prauc=0.5552 validation_balanced_accuracy=0.5088 validation_brier=0.2490 validation_kappa=0.0184 validation_informedness=0.0177 validation_markedness=-0.2491 validation_gini=0.0211 validation_optimal_threshold=0.5209 validation_standard_deviation_prediction=0.0317 validation_percentage_above_threshold=80.44
[LN686    ] [chunk_21_hyperparam_optimizer.py] [info] [section 2] [TRANSFORMER] [hyperparameter_optimization search baseline] TRIAL 3/3: loss_function=focal_loss, dim=128, heads=2, dropout=0.2, learning_rate=0.0001, epochs=30, alpha=0.5, gamma=2.5, ff_dim=128, layers=2
[LN687    ] [chunk_21_hyperparam_optimizer.py] [info] [section 2] [TRANSFORMER] [best trial] LABEL_THRESHOLD=0.0
[LN688    ] [chunk_21_hyperparam_optimizer.py] [info] [section 2] [TRANSFORMER] [best trial] VALIDATION_PRECISION=0.5458 VALIDATION_TRUE_POSITIVES=23379 VALIDATION_TRUE_NEGATIVES=5022 validation_false_positives=19458 validation_false_negatives=5395 validation_max_prediction=0.5893 validation_mean_prediction=0.5257 validation_recall=0.8125 validation_f1=0.6529 validation_auc=0.5105 validation_specificity=0.2051 validation_false_positive_rate=0.7949 validation_f2=0.7402 validation_mcc=0.0222 validation_prauc=0.5552 validation_balanced_accuracy=0.5088 validation_brier=0.2490 validation_kappa=0.0184 validation_informedness=0.0177 validation_markedness=-0.2491 validation_gini=0.0211 validation_optimal_threshold=0.5209 validation_standard_deviation_prediction=0.0317 validation_percentage_above_threshold=80.44
[LN689    ] [chunk_21_hyperparam_optimizer.py] [info] [section 2] [TRANSFORMER] [best trial] loss_function=focal_loss, dim=128, heads=2, dropout=0.2, learning_rate=0.0001, epochs=30, alpha=0.5, gamma=2.5, ff_dim=128, layers=2
[LN690    ] [chunk_18_phase_4_ensemble.py] [info]    [diagnostic-hyperparameter_optimization]  cumulative binary_split_predictions (1%) ≤ 0.4568, (5%) ≤ 0.4588, (10%) ≤ 0.4660, (25%) ≤ 0.5132, (50%) ≤ 0.5302, (75%) ≤ 0.5518, (90%) ≤ 0.5584, (95%) ≤ 0.5634, (99%) ≤ 0.5746, max=0.5893 binary_split_predictions distribution: 0% ≤ 0.01, 0% ≤ 0.02, 0% ≤ 0.05, 0% ≤ 0.1, 0% ≤ 0.2, 20% ≤ 0.5, 80% ≥ 0.50
[LN691    ] [chunk_18_phase_4_ensemble.py] [info]    hyperparameter_optimization did NOT improve: 0.5458 <= 0.5505 - using pre hyperparameter_optimization model
[LN692    ] [chunk_18_phase_4_ensemble.py] [info] [section 3] [TRANSFORMER] [PRE-HYPERPARAMETER_OPTIMIZATION] LABEL_THRESHOLD=0.0,
[LN693    ] [chunk_18_phase_4_ensemble.py] [info] [section 3] [TRANSFORMER] [PRE-HYPERPARAMETER_OPTIMIZATION] VALIDATION_PRECISION=0.5505 VALIDATION_TRUE_POSITIVES=10527 VALIDATION_TRUE_NEGATIVES=15886 validation_false_positives=8594 validation_false_negatives=18247 validation_max_prediction=0.8682 validation_mean_prediction=0.4840 validation_recall=0.3659 validation_f1=0.4396 validation_auc=0.5015 validation_specificity=0.6489 validation_false_positive_rate=0.3511 validation_f2=0.3922 validation_mcc=0.0154 validation_prauc=0.5600 validation_balanced_accuracy=0.5074 validation_brier=0.2532 validation_kappa=0.0144 validation_informedness=0.0148 validation_markedness=0.1995 validation_gini=0.0030 validation_optimal_threshold=0.5490 validation_standard_deviation_prediction=0.0527 validation_percentage_above_threshold=35.91
[LN694    ] [chunk_18_phase_4_ensemble.py] [info] [section 3] [TRANSFORMER] [PRE-HYPERPARAMETER_OPTIMIZATION] prediction_binary_split=0.50 hyperparams=(loss=focal_loss lr=0.0001 dropout=0.2 alpha=0.5 gamma=2.5 latent_dim=0) improved=False {'loss_function': 'focal_loss', 'dim': 128, 'heads': 2, 'dropout': 0.2, 'learning_rate': 0.0001, 'epochs': 30, 'alpha': 0.5, 'gamma': 2.5, 'ff_dim': 128, 'layers': 2}
[LN695    ] [chunk_18_phase_4_ensemble.py] [info] [section 4] [TRANSFORMER] [post hyperparameter_optimization] [diagnostic]  cumulative binary_split_predictions (1%) ≤ 0.4045, (5%) ≤ 0.4172, (10%) ≤ 0.4250, (25%) ≤ 0.4394, (50%) ≤ 0.4751, (75%) ≤ 0.5251, (90%) ≤ 0.5589, (95%) ≤ 0.5659, (99%) ≤ 0.5791, max=0.8682 binary_split_predictions distribution: 0% ≤ 0.01, 0% ≤ 0.02, 0% ≤ 0.05, 0% ≤ 0.1, 0% ≤ 0.2, 64% ≤ 0.5, 36% ≥ 0.50
[LN696    ] [chunk_18_phase_4_ensemble.py] [info] [section 4] [TRANSFORMER] [post hyperparameter_optimization] LABEL_THRESHOLD=0.0,
[LN697    ] [chunk_18_phase_4_ensemble.py] [info] [section 4] [TRANSFORMER] [post hyperparameter_optimization] VALIDATION_PRECISION=0.5505 VALIDATION_TRUE_POSITIVES=10527 VALIDATION_TRUE_NEGATIVES=15886 validation_false_positives=8594 validation_false_negatives=18247 validation_max_prediction=0.8682 validation_mean_prediction=0.4840 validation_recall=0.3659 validation_f1=0.4396 validation_auc=0.5015 validation_specificity=0.6489 validation_false_positive_rate=0.3511 validation_f2=0.3922 validation_mcc=0.0154 validation_prauc=0.5600 validation_balanced_accuracy=0.5074 validation_brier=0.2532 validation_kappa=0.0144 validation_informedness=0.0148 validation_markedness=0.1995 validation_gini=0.0030 validation_optimal_threshold=0.5490 validation_standard_deviation_prediction=0.0527 validation_percentage_above_threshold=35.91
[LN698    ] [chunk_18_phase_4_ensemble.py] [info] [section 4] [TRANSFORMER] [post hyperparameter_optimization] prediction_binary_split=0.50 hyperparams=(loss=focal_loss lr=0.0001 dropout=0.2 alpha=0.5 gamma=2.5 latent_dim=64) source=section3
[LN699    ] [chunk_18_phase_4_ensemble.py] [info]    Using threshold-optimized model (HPO did not improve)
[LN700    ] [chunk_18_phase_4_ensemble.py] [info]    Train predictions: mean=0.4976, std=0.0548, min=0.3997, max=0.9221
[LN701    ] [chunk_18_phase_4_ensemble.py] [info]    validation predictions:   mean=0.4840, std=0.0527, min=0.3997, max=0.8682
[LN702    ] [chunk_18_phase_4_ensemble.py] [info] [section 5] [TRANSFORMER] [final] [diagnostic] Train  cumulative binary_split_predictions (1%) ≤ 0.4135, (5%) ≤ 0.4242, (10%) ≤ 0.4339, (25%) ≤ 0.4601, (50%) ≤ 0.4921, (75%) ≤ 0.5340, (90%) ≤ 0.5567, (95%) ≤ 0.5673, (99%) ≤ 0.6695, max=0.9221 binary_split_predictions distribution: 0% ≤ 0.01, 0% ≤ 0.02, 0% ≤ 0.05, 0% ≤ 0.1, 0% ≤ 0.2, 56% ≤ 0.5, 44% ≥ 0.50
[LN703    ] [chunk_18_phase_4_ensemble.py] [info] [section 5] [TRANSFORMER] [final] [diagnostic] validation    cumulative binary_split_predictions (1%) ≤ 0.4045, (5%) ≤ 0.4172, (10%) ≤ 0.4250, (25%) ≤ 0.4394, (50%) ≤ 0.4751, (75%) ≤ 0.5251, (90%) ≤ 0.5589, (95%) ≤ 0.5659, (99%) ≤ 0.5791, max=0.8682 binary_split_predictions distribution: 0% ≤ 0.01, 0% ≤ 0.02, 0% ≤ 0.05, 0% ≤ 0.1, 0% ≤ 0.2, 64% ≤ 0.5, 36% ≥ 0.50
[LN704    ] [chunk_18_phase_4_ensemble.py] [info]    Train predictions: 44.10% positive predictions (52,615 / 119,310)
[LN705    ] [chunk_18_phase_4_ensemble.py] [info]    validation predictions:   35.91% positive predictions (19,121 / 53,254)
[LN706    ] [chunk_18_phase_4_ensemble.py] [info]    [info] Section 4 all rejected - using Section 3 results for Section 5
[LN707    ] [chunk_18_phase_4_ensemble.py] [info]    [diagnostic] prediction_buckets: 0-10:0, 10-20:0, 20-30:17, 30-40:34116, 40-50:18969, 50-60:23, 60-70:0, 70-80:129, 80-90:0, 90-100:0
[LN708    ] [chunk_18_phase_4_ensemble.py] [info] [section 5] [TRANSFORMER] [final] LABEL_THRESHOLD=0.0,
[LN709    ] [chunk_18_phase_4_ensemble.py] [info] [section 5] [TRANSFORMER] [final] train_precision=0.5436 train_true_positives=28600 train_true_negatives=35574 train_false_positives=24015 train_false_negatives=31121 train_max_prediction=0.9221 train_mean_prediction=0.4976 train_recall=0.4789 train_f1=0.5092 train_auc=0.5518 train_specificity=0.5970 train_false_positive_rate=0.4030 train_f2=0.4906 train_mcc=0.0764 train_prauc=0.5568 train_balanced_accuracy=0.5379 train_standard_deviation_prediction=0.0548 train_percentage_above_threshold=44.10 train_brier=0.2473 train_kappa=0.0759 train_informedness=0.0759 train_markedness=0.1406 train_gini=0.1036 train_optimal_threshold=0.4980
[LN710    ] [chunk_18_phase_4_ensemble.py] [info] [section 5] [TRANSFORMER] [final] VALIDATION_PRECISION=0.5505 VALIDATION_TRUE_POSITIVES=10527 VALIDATION_TRUE_NEGATIVES=15886 validation_false_positives=8594 validation_false_negatives=18247 validation_max_prediction=0.8682 validation_mean_prediction=0.4840 validation_recall=0.3659 validation_f1=0.4396 validation_auc=0.5015 validation_specificity=0.6489 validation_false_positive_rate=0.3511 validation_f2=0.3922 validation_mcc=0.0154 validation_prauc=0.5600 validation_balanced_accuracy=0.5074 validation_brier=0.2532 validation_kappa=0.0144 validation_informedness=0.0148 validation_markedness=0.1995 validation_gini=0.0030 validation_optimal_threshold=0.5490 validation_standard_deviation_prediction=0.0527 validation_percentage_above_threshold=35.91
[LN711    ] [chunk_18_phase_4_ensemble.py] [info] [section 5] [TRANSFORMER] [final] prediction_binary_split=0.50 hyperparams=(loss=focal_loss lr=0.0001 dropout=0.2 alpha=0.5 gamma=2.5 latent_dim=64) (using HPO model directly)
[LN712    ] [chunk_18_phase_4_ensemble.py] [info]    Transformer loss=focal_loss pred_threshold=0.5 epochs=3
[LN713    ] [chunk_18_phase_4_ensemble.py] [info]    [Transformer] hyperparameter_optimization: dim=128, heads=2, dropout=0.2, learning_rate=0.0001, alpha=0.5, gamma=2.5, layers=2
[LN714    ] [chunk_18_phase_4_ensemble.py] [info]    Transformer training time: 3445.7s
[LN715    ] [chunk_18_phase_4_ensemble.py] [info] [pass] Transformer trained successfully
[LN716    ] [chunk_18_phase_4_ensemble.py] [info] [CatBoost] Winsorization: LOW=1 HIGH=99 (training-only percentiles)
[LN717    ] [chunk_14_models_trainer.py] [info]    _train_sklearn_model: early_stopping_rounds=10, eval_set=None
[LN718    ] [chunk_14_models_trainer.py] [info]    scale_pos_weight=N/A (model=CatBoostClassifier)
[LN719    ] [chunk_18_phase_4_ensemble.py] [info] [section 1] [CATBOOST] [baseline] LABEL_THRESHOLD=20.0,
[LN720    ] [chunk_18_phase_4_ensemble.py] [info] [section 1] [CATBOOST] [baseline] predictions: mean=0.0244, std=0.0815, min=0.0000, max=0.9858
[LN721    ] [chunk_18_phase_4_ensemble.py] [info] [section 1] [CATBOOST] [baseline]  cumulative binary_split_predictions (1%) ≤ 0.0000, (5%) ≤ 0.0000, (10%) ≤ 0.0000, (25%) ≤ 0.0001, (50%) ≤ 0.0007, (75%) ≤ 0.0084, (90%) ≤ 0.0558, (95%) ≤ 0.1319, (99%) ≤ 0.4420, max=0.9858 binary_split_predictions distribution: 76% ≤ 0.01, 82% ≤ 0.02, 89% ≤ 0.05, 94% ≤ 0.1, 97% ≤ 0.2, 99% ≤ 0.5, 1% ≥ 0.50
[LN722    ] [chunk_18_phase_4_ensemble.py] [info] [section 1] [CATBOOST] [baseline] prediction_binary_split=0.50, VALIDATION predictions at LABEL_THRESHOLD=20.0: 0.81%
[LN723    ] [chunk_18_phase_4_ensemble.py] [info] [section 1] [CATBOOST] [baseline] LABEL_THRESHOLD=20.0,
[LN724    ] [chunk_18_phase_4_ensemble.py] [info] [section 1] [CATBOOST] [baseline] VALIDATION_PRECISION=0.0810 VALIDATION_TRUE_POSITIVES=35 VALIDATION_TRUE_NEGATIVES=52521 validation_false_positives=397 validation_false_negatives=301 validation_max_prediction=0.9858 validation_mean_prediction=0.0244 validation_recall=0.1042 validation_f1=0.0911 validation_auc=0.8675 validation_specificity=0.9925 validation_false_positive_rate=0.0075 validation_f2=0.0985 validation_mcc=0.0853 validation_prauc=0.0448 validation_balanced_accuracy=0.5483 validation_brier=0.0115 validation_kappa=0.0846 validation_informedness=0.0967 validation_markedness=0.0735 validation_gini=0.7351 validation_optimal_threshold=0.0086 validation_standard_deviation_prediction=0.0815 validation_percentage_above_threshold=0.81
[LN725    ] [chunk_18_phase_4_ensemble.py] [info] [section 1] [CATBOOST] [baseline] prediction_binary_split=0.50 loss=binary_crossentropy, lr=0.001
[LN726    ] [chunk_12_evaluation_evaluator.py] [info] [CATBOOST] label_threshold=20.0 train_below_prediction_binary_split=118,621 train_above_prediction_binary_split=689 train_positive_found=true val_below_prediction_binary_split=52,918 val_above_prediction_binary_split=336 val_positive_found=true
[LN727    ] [chunk_14_models_trainer.py] [info]    _train_sklearn_model: early_stopping_rounds=10, eval_set=None
[LN728    ] [chunk_14_models_trainer.py] [info]    scale_pos_weight=N/A (model=CatBoostClassifier)
[LN729    ] [chunk_12_evaluation_evaluator.py] [info] [reject] threshold=20.0 action=skipped reason=insufficient_positive_predictions positive_predictions=42 minimum_positive_required=53
[LN730    ] [chunk_12_evaluation_evaluator.py] [info] [CATBOOST] label_threshold=15.0 train_below_prediction_binary_split=118,104 train_above_prediction_binary_split=1,206 train_positive_found=true val_below_prediction_binary_split=52,677 val_above_prediction_binary_split=577 val_positive_found=true
[LN731    ] [chunk_14_models_trainer.py] [info]    _train_sklearn_model: early_stopping_rounds=10, eval_set=None
[LN732    ] [chunk_14_models_trainer.py] [info]    scale_pos_weight=N/A (model=CatBoostClassifier)
[LN733    ] [chunk_12_evaluation_evaluator.py] [info] [CatBoost] Safeguards: type=tree, min_precision_over_baseline=0.0100, min_pos_pct=0.0010, min_pos_abs=10, patience=5
[LN734    ] [chunk_12_evaluation_evaluator.py] [info] [CATBOOST] [diagnostic] LABEL_THRESHOLD=15.0 train_precision=0.9190 train_true_positives=1078 train_true_negatives=118009 train_false_positives=95 train_false_negatives=128 train_max_prediction=0.9779 train_mean_prediction=0.0341 train_recall=0.8939 train_f1=0.9063 train_auc=0.9981 train_specificity=0.9992 train_false_positive_rate=0.0008 train_f2=0.8988 train_mcc=0.9054 train_prauc=0.9542 train_balanced_accuracy=0.9465 train_brier=0.0044 train_kappa=0.9053 train_informedness=0.8931 train_markedness=0.9182 train_gini=0.9963 train_optimal_threshold=0.2390 train_standard_deviation_prediction=0.0889 train_percentage_above_threshold=0.98
[LN735    ] [chunk_12_evaluation_evaluator.py] [info] [CATBOOST] [diagnostic] LABEL_THRESHOLD=15.0 VALIDATION_PRECISION=0.1111 VALIDATION_TRUE_POSITIVES=8 VALIDATION_TRUE_NEGATIVES=52613 validation_false_positives=64 validation_false_negatives=569 validation_max_prediction=0.9318 validation_mean_prediction=0.0215 validation_recall=0.0139 validation_f1=0.0247 validation_auc=0.8540 validation_specificity=0.9988 validation_false_positive_rate=0.0012 validation_f2=0.0168 validation_mcc=0.0356 validation_prauc=0.0615 validation_balanced_accuracy=0.5063 validation_brier=0.0119 validation_kappa=0.0223 validation_informedness=0.0126 validation_markedness=0.1099 validation_gini=0.7081 validation_optimal_threshold=0.0181 validation_standard_deviation_prediction=0.0535 validation_percentage_above_threshold=0.14
[LN736    ] [chunk_12_evaluation_evaluator.py] [info] [CATBOOST] label_threshold=10.0 train_below_prediction_binary_split=116,756 train_above_prediction_binary_split=2,554 train_positive_found=true val_below_prediction_binary_split=52,057 val_above_prediction_binary_split=1,197 val_positive_found=true
[LN737    ] [chunk_14_models_trainer.py] [info]    _train_sklearn_model: early_stopping_rounds=10, eval_set=None
[LN738    ] [chunk_14_models_trainer.py] [info]    scale_pos_weight=N/A (model=CatBoostClassifier)
[LN739    ] [chunk_12_evaluation_evaluator.py] [info] [CATBOOST] [diagnostic] LABEL_THRESHOLD=10.0 train_precision=0.8724 train_true_positives=1839 train_true_negatives=116487 train_false_positives=269 train_false_negatives=715 train_max_prediction=0.9708 train_mean_prediction=0.0706 train_recall=0.7200 train_f1=0.7889 train_auc=0.9849 train_specificity=0.9977 train_false_positive_rate=0.0023 train_f2=0.7461 train_mcc=0.7885 train_prauc=0.8446 train_balanced_accuracy=0.8589 train_brier=0.0155 train_kappa=0.7848 train_informedness=0.7177 train_markedness=0.8701 train_gini=0.9698 train_optimal_threshold=0.2852 train_standard_deviation_prediction=0.1209 train_percentage_above_threshold=1.77
[LN740    ] [chunk_12_evaluation_evaluator.py] [info] [CATBOOST] [diagnostic] LABEL_THRESHOLD=10.0 VALIDATION_PRECISION=0.1479 VALIDATION_TRUE_POSITIVES=42 VALIDATION_TRUE_NEGATIVES=51815 validation_false_positives=242 validation_false_negatives=1155 validation_max_prediction=0.8917 validation_mean_prediction=0.0587 validation_recall=0.0351 validation_f1=0.0567 validation_auc=0.8434 validation_specificity=0.9954 validation_false_positive_rate=0.0046 validation_f2=0.0414 validation_mcc=0.0620 validation_prauc=0.0881 validation_balanced_accuracy=0.5152 validation_brier=0.0270 validation_kappa=0.0485 validation_informedness=0.0304 validation_markedness=0.1432 validation_gini=0.6868 validation_optimal_threshold=0.0391 validation_standard_deviation_prediction=0.0971 validation_percentage_above_threshold=0.53
[LN741    ] [chunk_12_evaluation_evaluator.py] [info] [CATBOOST] label_threshold=5.0 train_below_prediction_binary_split=111,719 train_above_prediction_binary_split=7,591 train_positive_found=true val_below_prediction_binary_split=49,381 val_above_prediction_binary_split=3,873 val_positive_found=true
[LN742    ] [chunk_14_models_trainer.py] [info]    _train_sklearn_model: early_stopping_rounds=10, eval_set=None
[LN743    ] [chunk_14_models_trainer.py] [info]    scale_pos_weight=N/A (model=CatBoostClassifier)
[LN744    ] [chunk_12_evaluation_evaluator.py] [info] [CATBOOST] [diagnostic] LABEL_THRESHOLD=5.0 train_precision=0.6367 train_true_positives=3460 train_true_negatives=109745 train_false_positives=1974 train_false_negatives=4131 train_max_prediction=0.9436 train_mean_prediction=0.1596 train_recall=0.4558 train_f1=0.5313 train_auc=0.9111 train_specificity=0.9823 train_false_positive_rate=0.0177 train_f2=0.4833 train_mcc=0.5129 train_prauc=0.5764 train_balanced_accuracy=0.7191 train_brier=0.0589 train_kappa=0.5050 train_informedness=0.4381 train_markedness=0.6191 train_gini=0.8223 train_optimal_threshold=0.3198 train_standard_deviation_prediction=0.1710 train_percentage_above_threshold=4.55
[LN745    ] [chunk_12_evaluation_evaluator.py] [info] [CATBOOST] [diagnostic] LABEL_THRESHOLD=5.0 VALIDATION_PRECISION=0.2318 VALIDATION_TRUE_POSITIVES=795 VALIDATION_TRUE_NEGATIVES=46747 validation_false_positives=2634 validation_false_negatives=3078 validation_max_prediction=0.9000 validation_mean_prediction=0.1527 validation_recall=0.2053 validation_f1=0.2177 validation_auc=0.7937 validation_specificity=0.9467 validation_false_positive_rate=0.0533 validation_f2=0.2101 validation_mcc=0.1607 validation_prauc=0.1911 validation_balanced_accuracy=0.5760 validation_brier=0.0806 validation_kappa=0.1604 validation_informedness=0.1519 validation_markedness=0.1785 validation_gini=0.5874 validation_optimal_threshold=0.1117 validation_standard_deviation_prediction=0.1804 validation_percentage_above_threshold=6.44
[LN746    ] [chunk_12_evaluation_evaluator.py] [info] [CATBOOST] label_threshold=0.0 train_below_prediction_binary_split=59,589 train_above_prediction_binary_split=59,721 train_positive_found=true val_below_prediction_binary_split=24,480 val_above_prediction_binary_split=28,774 val_positive_found=true
[LN747    ] [chunk_14_models_trainer.py] [info]    _train_sklearn_model: early_stopping_rounds=10, eval_set=None
[LN748    ] [chunk_14_models_trainer.py] [info]    scale_pos_weight=N/A (model=CatBoostClassifier)
[LN749    ] [chunk_12_evaluation_evaluator.py] [info] [CATBOOST] [diagnostic] LABEL_THRESHOLD=0.0 train_precision=0.6786 train_true_positives=40689 train_true_negatives=40316 train_false_positives=19273 train_false_negatives=19032 train_max_prediction=0.9947 train_mean_prediction=0.5003 train_recall=0.6813 train_f1=0.6799 train_auc=0.7463 train_specificity=0.6766 train_false_positive_rate=0.3234 train_f2=0.6808 train_mcc=0.3579 train_prauc=0.7433 train_balanced_accuracy=0.6789 train_brier=0.2107 train_kappa=0.3579 train_informedness=0.3579 train_markedness=0.3551 train_gini=0.4927 train_optimal_threshold=0.4993 train_standard_deviation_prediction=0.1381 train_percentage_above_threshold=50.26
[LN750    ] [chunk_12_evaluation_evaluator.py] [info] [CATBOOST] [diagnostic] LABEL_THRESHOLD=0.0 VALIDATION_PRECISION=0.5665 VALIDATION_TRUE_POSITIVES=4287 VALIDATION_TRUE_NEGATIVES=21199 validation_false_positives=3281 validation_false_negatives=24487 validation_max_prediction=0.9947 validation_mean_prediction=0.3369 validation_recall=0.1490 validation_f1=0.2359 validation_auc=0.4866 validation_specificity=0.8660 validation_false_positive_rate=0.1340 validation_f2=0.1747 validation_mcc=0.0214 validation_prauc=0.5559 validation_balanced_accuracy=0.5075 validation_brier=0.3137 validation_kappa=0.0141 validation_informedness=0.0150 validation_markedness=0.4324 validation_gini=0.0000 validation_optimal_threshold=0.6149 validation_standard_deviation_prediction=0.1581 validation_percentage_above_threshold=14.21
[LN751    ] [chunk_18_phase_4_ensemble.py] [info] [section 1] [CATBOOST] [label_threshold_optimal]  cumulative binary_split_predictions (1%) ≤ 0.0904, (5%) ≤ 0.1302, (10%) ≤ 0.1601, (25%) ≤ 0.2199, (50%) ≤ 0.3104, (75%) ≤ 0.4250, (90%) ≤ 0.5483, (95%) ≤ 0.6359, (99%) ≤ 0.8294, max=0.9947 binary_split_predictions distribution: 0% ≤ 0.01, 0% ≤ 0.02, 0% ≤ 0.05, 2% ≤ 0.1, 20% ≤ 0.2, 86% ≤ 0.5, 14% ≥ 0.50
[LN752    ] [chunk_18_phase_4_ensemble.py] [info] [section 1] [CATBOOST] [label_threshold_optimal] LABEL_THRESHOLD=0.0
[LN753    ] [chunk_18_phase_4_ensemble.py] [info] [section 1] [CATBOOST] [label_threshold_optimal] train_precision=0.6786 train_true_positives=40689 train_true_negatives=40316 train_false_positives=19273 train_false_negatives=19032 train_max_prediction=0.9947 train_mean_prediction=0.5003 train_recall=0.6813 train_f1=0.6799 train_auc=0.7463 train_specificity=0.6766 train_false_positive_rate=0.3234 train_f2=0.6808 train_mcc=0.3579 train_prauc=0.7433 train_balanced_accuracy=0.6789 train_brier=0.2107 train_kappa=0.3579 train_informedness=0.3579 train_markedness=0.3551 train_gini=0.4927 train_optimal_threshold=0.4993 train_standard_deviation_prediction=0.1381 train_percentage_above_threshold=50.26
[LN754    ] [chunk_18_phase_4_ensemble.py] [info] [section 1] [CATBOOST] [label_threshold_optimal] VALIDATION_PRECISION=0.5665 VALIDATION_TRUE_POSITIVES=4287 VALIDATION_TRUE_NEGATIVES=21199 validation_false_positives=3281 validation_false_negatives=24487 validation_max_prediction=0.9947 validation_mean_prediction=0.3369 validation_recall=0.1490 validation_f1=0.2359 validation_auc=0.4866 validation_specificity=0.8660 validation_false_positive_rate=0.1340 validation_f2=0.1747 validation_mcc=0.0214 validation_prauc=0.5559 validation_balanced_accuracy=0.5075 validation_brier=0.3137 validation_kappa=0.0141 validation_informedness=0.0150 validation_markedness=0.4324 validation_gini=0.0000 validation_optimal_threshold=0.6149 validation_standard_deviation_prediction=0.1581 validation_percentage_above_threshold=14.21
[LN755    ] [chunk_18_phase_4_ensemble.py] [info] [section 1] [CATBOOST] [label_threshold_optimal] prediction_binary_split=0.50
[LN756    ] [chunk_21_hyperparam_optimizer.py] [info] [section 2] [CATBOOST] [hyperparameter_optimization search] Running Bayesian optimization (3 trials)...
[LN757    ] [chunk_14_models_trainer.py] [info]    _train_sklearn_model: early_stopping_rounds=10, eval_set=provided
[LN758    ] [chunk_14_models_trainer.py] [info]    scale_pos_weight=N/A (model=CatBoostClassifier)
[LN759    ] [chunk_21_hyperparam_optimizer.py] [warning]    TRIAL 1/3: REJECTED - degenerate predictions std_pred=0.0038 < 0.005
[LN760    ] [chunk_14_models_trainer.py] [info]    _train_sklearn_model: early_stopping_rounds=10, eval_set=provided
[LN761    ] [chunk_14_models_trainer.py] [info]    scale_pos_weight=N/A (model=CatBoostClassifier)
[LN762    ] [chunk_21_hyperparam_optimizer.py] [warning]    TRIAL 2/3: REJECTED - degenerate predictions std_pred=0.0047 < 0.005
[LN763    ] [chunk_14_models_trainer.py] [info]    _train_sklearn_model: early_stopping_rounds=10, eval_set=provided
[LN764    ] [chunk_14_models_trainer.py] [info]    scale_pos_weight=N/A (model=CatBoostClassifier)
[LN765    ] [chunk_21_hyperparam_optimizer.py] [warning]    TRIAL 3/3: REJECTED - degenerate predictions std_pred=0.0043 < 0.005
[LN766    ] [chunk_21_hyperparam_optimizer.py] [info] [section 2] [CATBOOST] [best trial] LABEL_THRESHOLD=0.0
[LN767    ] [chunk_21_hyperparam_optimizer.py] [info] [section 2] [CATBOOST] [best trial] VALIDATION_PRECISION=0.0000 VALIDATION_TRUE_POSITIVES=0 VALIDATION_TRUE_NEGATIVES=0 validation_false_positives=0 validation_false_negatives=0 validation_max_prediction=0.0000 validation_mean_prediction=0.0000 validation_recall=0.0000 validation_f1=0.0000 validation_auc=0.0000 validation_specificity=0.0000 validation_false_positive_rate=0.0000 validation_f2=0.0000 validation_mcc=0.0000 validation_prauc=0.0000 validation_balanced_accuracy=0.0000 validation_brier=0.0000 validation_kappa=0.0000 validation_informedness=0.0000 validation_markedness=0.0000 validation_gini=0.0000 validation_optimal_threshold=0.0000 validation_standard_deviation_prediction=0.0000 validation_percentage_above_threshold=0.00
[LN768    ] [chunk_21_hyperparam_optimizer.py] [info] [section 2] [CATBOOST] [best trial] 
[LN769    ] [chunk_18_phase_4_ensemble.py] [info] [section 3] [CATBOOST] [PRE-HYPERPARAMETER_OPTIMIZATION] LABEL_THRESHOLD=0.0,
[LN770    ] [chunk_18_phase_4_ensemble.py] [info] [section 3] [CATBOOST] [PRE-HYPERPARAMETER_OPTIMIZATION] VALIDATION_PRECISION=0.5665 VALIDATION_TRUE_POSITIVES=4287 VALIDATION_TRUE_NEGATIVES=21199 validation_false_positives=3281 validation_false_negatives=24487 validation_max_prediction=0.9947 validation_mean_prediction=0.3369 validation_recall=0.1490 validation_f1=0.2359 validation_auc=0.4866 validation_specificity=0.8660 validation_false_positive_rate=0.1340 validation_f2=0.1747 validation_mcc=0.0214 validation_prauc=0.5559 validation_balanced_accuracy=0.5075 validation_brier=0.3137 validation_kappa=0.0141 validation_informedness=0.0150 validation_markedness=0.4324 validation_gini=0.0000 validation_optimal_threshold=0.6149 validation_standard_deviation_prediction=0.1581 validation_percentage_above_threshold=14.21
[LN771    ] [chunk_18_phase_4_ensemble.py] [info] [section 3] [CATBOOST] [PRE-HYPERPARAMETER_OPTIMIZATION] prediction_binary_split=0.50 hyperparams=(loss=binary_crossentropy lr=0.03 dropout=0.1 alpha=0.0 gamma=0.0 latent_dim=0) improved=False {'iterations': 500, 'depth': 6, 'learning_rate': 0.03, 'auto_class_weights': 'SqrtBalanced', 'l2_leaf_reg': 5}
[LN772    ] [chunk_18_phase_4_ensemble.py] [info] [section 4] [CATBOOST] [post hyperparameter_optimization] [diagnostic]  cumulative binary_split_predictions (1%) ≤ 0.0904, (5%) ≤ 0.1302, (10%) ≤ 0.1601, (25%) ≤ 0.2199, (50%) ≤ 0.3104, (75%) ≤ 0.4250, (90%) ≤ 0.5483, (95%) ≤ 0.6359, (99%) ≤ 0.8294, max=0.9947 binary_split_predictions distribution: 0% ≤ 0.01, 0% ≤ 0.02, 0% ≤ 0.05, 2% ≤ 0.1, 20% ≤ 0.2, 86% ≤ 0.5, 14% ≥ 0.50
[LN773    ] [chunk_18_phase_4_ensemble.py] [info] [section 4] [CATBOOST] [post hyperparameter_optimization] LABEL_THRESHOLD=0.0,
[LN774    ] [chunk_18_phase_4_ensemble.py] [info] [section 4] [CATBOOST] [post hyperparameter_optimization] VALIDATION_PRECISION=0.5665 VALIDATION_TRUE_POSITIVES=4287 VALIDATION_TRUE_NEGATIVES=21199 validation_false_positives=3281 validation_false_negatives=24487 validation_max_prediction=0.9947 validation_mean_prediction=0.3369 validation_recall=0.1490 validation_f1=0.2359 validation_auc=0.4866 validation_specificity=0.8660 validation_false_positive_rate=0.1340 validation_f2=0.1747 validation_mcc=0.0214 validation_prauc=0.5559 validation_balanced_accuracy=0.5075 validation_brier=0.3137 validation_kappa=0.0141 validation_informedness=0.0150 validation_markedness=0.4324 validation_gini=0.0000 validation_optimal_threshold=0.6149 validation_standard_deviation_prediction=0.1581 validation_percentage_above_threshold=14.21
[LN775    ] [chunk_18_phase_4_ensemble.py] [info] [section 4] [CATBOOST] [post hyperparameter_optimization] prediction_binary_split=0.50 hyperparams=(loss=binary_crossentropy lr=0.03 dropout=0.0 alpha=1.0 gamma=1.0 latent_dim=64) source=section3
[LN776    ] [chunk_18_phase_4_ensemble.py] [info]    Using threshold-optimized model (HPO did not improve)
[LN777    ] [chunk_18_phase_4_ensemble.py] [info]    Train predictions: mean=0.5003, std=0.1381, min=0.0507, max=0.9947
[LN778    ] [chunk_18_phase_4_ensemble.py] [info]    validation predictions:   mean=0.3369, std=0.1581, min=0.0466, max=0.9947
[LN779    ] [chunk_18_phase_4_ensemble.py] [info] [section 5] [CATBOOST] [final] [diagnostic] Train  cumulative binary_split_predictions (1%) ≤ 0.1762, (5%) ≤ 0.2698, (10%) ≤ 0.3227, (25%) ≤ 0.4148, (50%) ≤ 0.5008, (75%) ≤ 0.5824, (90%) ≤ 0.6745, (95%) ≤ 0.7384, (99%) ≤ 0.8415, max=0.9947 binary_split_predictions distribution: 0% ≤ 0.01, 0% ≤ 0.02, 0% ≤ 0.05, 0% ≤ 0.1, 2% ≤ 0.2, 50% ≤ 0.5, 50% ≥ 0.50
[LN780    ] [chunk_18_phase_4_ensemble.py] [info] [section 5] [CATBOOST] [final] [diagnostic] validation    cumulative binary_split_predictions (1%) ≤ 0.0904, (5%) ≤ 0.1302, (10%) ≤ 0.1601, (25%) ≤ 0.2199, (50%) ≤ 0.3104, (75%) ≤ 0.4250, (90%) ≤ 0.5483, (95%) ≤ 0.6359, (99%) ≤ 0.8294, max=0.9947 binary_split_predictions distribution: 0% ≤ 0.01, 0% ≤ 0.02, 0% ≤ 0.05, 2% ≤ 0.1, 20% ≤ 0.2, 86% ≤ 0.5, 14% ≥ 0.50
[LN781    ] [chunk_18_phase_4_ensemble.py] [info]    Train predictions: 50.26% positive predictions (59,962 / 119,310)
[LN782    ] [chunk_18_phase_4_ensemble.py] [info]    validation predictions:   14.21% positive predictions (7,568 / 53,254)
[LN783    ] [chunk_18_phase_4_ensemble.py] [info]    [info] Section 4 all rejected - using Section 3 results for Section 5
[LN784    ] [chunk_18_phase_4_ensemble.py] [info]    [diagnostic] prediction_buckets: 0-10:9531, 10-20:14772, 20-30:12263, 30-40:8253, 40-50:3985, 50-60:2065, 60-70:840, 70-80:367, 80-90:311, 90-100:0
[LN785    ] [chunk_18_phase_4_ensemble.py] [info] [section 5] [CATBOOST] [final] LABEL_THRESHOLD=0.0,
[LN786    ] [chunk_18_phase_4_ensemble.py] [info] [section 5] [CATBOOST] [final] train_precision=0.6786 train_true_positives=40689 train_true_negatives=40316 train_false_positives=19273 train_false_negatives=19032 train_max_prediction=0.9947 train_mean_prediction=0.5003 train_recall=0.6813 train_f1=0.6799 train_auc=0.7463 train_specificity=0.6766 train_false_positive_rate=0.3234 train_f2=0.6808 train_mcc=0.3579 train_prauc=0.7433 train_balanced_accuracy=0.6789 train_standard_deviation_prediction=0.1381 train_percentage_above_threshold=50.26 train_brier=0.2107 train_kappa=0.3579 train_informedness=0.3579 train_markedness=0.3551 train_gini=0.4927 train_optimal_threshold=0.4993
[LN787    ] [chunk_18_phase_4_ensemble.py] [info] [section 5] [CATBOOST] [final] VALIDATION_PRECISION=0.5665 VALIDATION_TRUE_POSITIVES=4287 VALIDATION_TRUE_NEGATIVES=21199 validation_false_positives=3281 validation_false_negatives=24487 validation_max_prediction=0.9947 validation_mean_prediction=0.3369 validation_recall=0.1490 validation_f1=0.2359 validation_auc=0.4866 validation_specificity=0.8660 validation_false_positive_rate=0.1340 validation_f2=0.1747 validation_mcc=0.0214 validation_prauc=0.5559 validation_balanced_accuracy=0.5075 validation_brier=0.3137 validation_kappa=0.0141 validation_informedness=0.0150 validation_markedness=0.4324 validation_gini=0.0000 validation_optimal_threshold=0.6149 validation_standard_deviation_prediction=0.1581 validation_percentage_above_threshold=14.21
[LN788    ] [chunk_18_phase_4_ensemble.py] [info] [section 5] [CATBOOST] [final] prediction_binary_split=0.50 hyperparams=(loss=binary_crossentropy lr=0.03 dropout=0.0 alpha=1.0 gamma=1.0 latent_dim=64) (using HPO model directly)
[LN789    ] [chunk_18_phase_4_ensemble.py] [info]    CatBoost loss=binary_crossentropy pred_threshold=0.5 epochs=3
[LN790    ] [chunk_18_phase_4_ensemble.py] [info]    [CatBoost] hyperparameter_optimization: learning_rate=0.03
[LN791    ] [chunk_18_phase_4_ensemble.py] [info]    CatBoost training time: 54.3s
[LN792    ] [chunk_18_phase_4_ensemble.py] [info] [pass] CatBoost trained successfully
[LN793    ] [chunk_18_phase_4_ensemble.py] [info] [LightGBM] Winsorization: LOW=1 HIGH=99 (training-only percentiles)
[LN794    ] [chunk_14_models_trainer.py] [info]    _train_sklearn_model: early_stopping_rounds=10, eval_set=None
[LN795    ] [chunk_14_models_trainer.py] [info]    class_weight=balanced (model=LGBMClassifier)
[LN796    ] [chunk_18_phase_4_ensemble.py] [info] [section 1] [LIGHTGBM] [baseline] LABEL_THRESHOLD=20.0,
[LN797    ] [chunk_18_phase_4_ensemble.py] [info] [section 1] [LIGHTGBM] [baseline] predictions: mean=0.0103, std=0.0594, min=0.0000, max=0.9754
[LN798    ] [chunk_18_phase_4_ensemble.py] [info] [section 1] [LIGHTGBM] [baseline]  cumulative binary_split_predictions (1%) ≤ 0.0000, (5%) ≤ 0.0000, (10%) ≤ 0.0000, (25%) ≤ 0.0000, (50%) ≤ 0.0000, (75%) ≤ 0.0005, (90%) ≤ 0.0087, (95%) ≤ 0.0325, (99%) ≤ 0.2635, max=0.9754 binary_split_predictions distribution: 91% ≤ 0.01, 93% ≤ 0.02, 96% ≤ 0.05, 98% ≤ 0.1, 99% ≤ 0.2, 99% ≤ 0.5, 1% ≥ 0.50
[LN799    ] [chunk_18_phase_4_ensemble.py] [info] [section 1] [LIGHTGBM] [baseline] prediction_binary_split=0.50, VALIDATION predictions at LABEL_THRESHOLD=20.0: 0.52%
[LN800    ] [chunk_18_phase_4_ensemble.py] [info] [section 1] [LIGHTGBM] [baseline] LABEL_THRESHOLD=20.0,
[LN801    ] [chunk_18_phase_4_ensemble.py] [info] [section 1] [LIGHTGBM] [baseline] VALIDATION_PRECISION=0.0288 VALIDATION_TRUE_POSITIVES=8 VALIDATION_TRUE_NEGATIVES=52648 validation_false_positives=270 validation_false_negatives=328 validation_max_prediction=0.9754 validation_mean_prediction=0.0103 validation_recall=0.0238 validation_f1=0.0261 validation_auc=0.8707 validation_specificity=0.9949 validation_false_positive_rate=0.0051 validation_f2=0.0247 validation_mcc=0.0206 validation_prauc=0.0367 validation_balanced_accuracy=0.5094 validation_brier=0.0091 validation_kappa=0.0205 validation_informedness=0.0187 validation_markedness=0.0237 validation_gini=0.7415 validation_optimal_threshold=0.0002 validation_standard_deviation_prediction=0.0594 validation_percentage_above_threshold=0.52
[LN802    ] [chunk_18_phase_4_ensemble.py] [info] [section 1] [LIGHTGBM] [baseline] prediction_binary_split=0.50 loss=binary_crossentropy, lr=0.001
[LN803    ] [chunk_12_evaluation_evaluator.py] [info] [LIGHTGBM] label_threshold=20.0 train_below_prediction_binary_split=118,621 train_above_prediction_binary_split=689 train_positive_found=true val_below_prediction_binary_split=52,918 val_above_prediction_binary_split=336 val_positive_found=true
[LN804    ] [chunk_14_models_trainer.py] [info]    _train_sklearn_model: early_stopping_rounds=10, eval_set=None
[LN805    ] [chunk_14_models_trainer.py] [info]    class_weight=balanced (model=LGBMClassifier)
[LN806    ] [chunk_12_evaluation_evaluator.py] [info] [LightGBM] Safeguards: type=tree, min_precision_over_baseline=0.0100, min_pos_pct=0.0010, min_pos_abs=10, patience=5
[LN807    ] [chunk_12_evaluation_evaluator.py] [info] [LIGHTGBM] [diagnostic] LABEL_THRESHOLD=20.0 train_precision=0.6600 train_true_positives=689 train_true_negatives=118266 train_false_positives=355 train_false_negatives=0 train_max_prediction=0.9994 train_mean_prediction=0.0137 train_recall=1.0000 train_f1=0.7952 train_auc=1.0000 train_specificity=0.9970 train_false_positive_rate=0.0030 train_f2=0.9066 train_mcc=0.8112 train_prauc=0.9982 train_balanced_accuracy=0.9985 train_brier=0.0021 train_kappa=0.7937 train_informedness=0.9970 train_markedness=0.6570 train_gini=1.0000 train_optimal_threshold=0.6975 train_standard_deviation_prediction=0.0872 train_percentage_above_threshold=0.88
[LN808    ] [chunk_12_evaluation_evaluator.py] [info] [LIGHTGBM] [diagnostic] LABEL_THRESHOLD=20.0 VALIDATION_PRECISION=0.0288 VALIDATION_TRUE_POSITIVES=8 VALIDATION_TRUE_NEGATIVES=52648 validation_false_positives=270 validation_false_negatives=328 validation_max_prediction=0.9754 validation_mean_prediction=0.0103 validation_recall=0.0238 validation_f1=0.0261 validation_auc=0.8707 validation_specificity=0.9949 validation_false_positive_rate=0.0051 validation_f2=0.0247 validation_mcc=0.0206 validation_prauc=0.0367 validation_balanced_accuracy=0.5094 validation_brier=0.0091 validation_kappa=0.0205 validation_informedness=0.0187 validation_markedness=0.0237 validation_gini=0.7415 validation_optimal_threshold=0.0002 validation_standard_deviation_prediction=0.0594 validation_percentage_above_threshold=0.52
[LN809    ] [chunk_12_evaluation_evaluator.py] [info] [LIGHTGBM] label_threshold=15.0 train_below_prediction_binary_split=118,104 train_above_prediction_binary_split=1,206 train_positive_found=true val_below_prediction_binary_split=52,677 val_above_prediction_binary_split=577 val_positive_found=true
[LN810    ] [chunk_14_models_trainer.py] [info]    _train_sklearn_model: early_stopping_rounds=10, eval_set=None
[LN811    ] [chunk_14_models_trainer.py] [info]    class_weight=balanced (model=LGBMClassifier)
[LN812    ] [chunk_12_evaluation_evaluator.py] [info] [LIGHTGBM] [diagnostic] LABEL_THRESHOLD=15.0 train_precision=0.6722 train_true_positives=1206 train_true_negatives=117516 train_false_positives=588 train_false_negatives=0 train_max_prediction=0.9984 train_mean_prediction=0.0327 train_recall=1.0000 train_f1=0.8040 train_auc=1.0000 train_specificity=0.9950 train_false_positive_rate=0.0050 train_f2=0.9112 train_mcc=0.8179 train_prauc=0.9988 train_balanced_accuracy=0.9975 train_brier=0.0056 train_kappa=0.8016 train_informedness=0.9950 train_markedness=0.6673 train_gini=1.0000 train_optimal_threshold=0.9091 train_standard_deviation_prediction=0.1189 train_percentage_above_threshold=1.50
[LN813    ] [chunk_12_evaluation_evaluator.py] [info] [LIGHTGBM] [diagnostic] LABEL_THRESHOLD=15.0 VALIDATION_PRECISION=0.0704 VALIDATION_TRUE_POSITIVES=46 VALIDATION_TRUE_NEGATIVES=52070 validation_false_positives=607 validation_false_negatives=531 validation_max_prediction=0.9883 validation_mean_prediction=0.0293 validation_recall=0.0797 validation_f1=0.0748 validation_auc=0.8246 validation_specificity=0.9885 validation_false_positive_rate=0.0115 validation_f2=0.0777 validation_mcc=0.0642 validation_prauc=0.0457 validation_balanced_accuracy=0.5341 validation_brier=0.0179 validation_kappa=0.0640 validation_informedness=0.0682 validation_markedness=0.0589 validation_gini=0.6492 validation_optimal_threshold=0.0022 validation_standard_deviation_prediction=0.0964 validation_percentage_above_threshold=1.23
[LN814    ] [chunk_12_evaluation_evaluator.py] [info] [LIGHTGBM] label_threshold=10.0 train_below_prediction_binary_split=116,756 train_above_prediction_binary_split=2,554 train_positive_found=true val_below_prediction_binary_split=52,057 val_above_prediction_binary_split=1,197 val_positive_found=true
[LN815    ] [chunk_14_models_trainer.py] [info]    _train_sklearn_model: early_stopping_rounds=10, eval_set=None
[LN816    ] [chunk_14_models_trainer.py] [info]    class_weight=balanced (model=LGBMClassifier)
[LN817    ] [chunk_12_evaluation_evaluator.py] [info] [LIGHTGBM] [diagnostic] LABEL_THRESHOLD=10.0 train_precision=0.6235 train_true_positives=2554 train_true_negatives=115214 train_false_positives=1542 train_false_negatives=0 train_max_prediction=0.9954 train_mean_prediction=0.0705 train_recall=1.0000 train_f1=0.7681 train_auc=1.0000 train_specificity=0.9868 train_false_positive_rate=0.0132 train_f2=0.8923 train_mcc=0.7844 train_prauc=0.9973 train_balanced_accuracy=0.9934 train_brier=0.0144 train_kappa=0.7618 train_informedness=0.9868 train_markedness=0.6103 train_gini=0.9999 train_optimal_threshold=0.7172 train_standard_deviation_prediction=0.1694 train_percentage_above_threshold=3.43
[LN818    ] [chunk_12_evaluation_evaluator.py] [info] [LIGHTGBM] [diagnostic] LABEL_THRESHOLD=10.0 VALIDATION_PRECISION=0.1300 VALIDATION_TRUE_POSITIVES=195 VALIDATION_TRUE_NEGATIVES=50752 validation_false_positives=1305 validation_false_negatives=1002 validation_max_prediction=0.9851 validation_mean_prediction=0.0586 validation_recall=0.1629 validation_f1=0.1446 validation_auc=0.8402 validation_specificity=0.9749 validation_false_positive_rate=0.0251 validation_f2=0.1551 validation_mcc=0.1235 validation_prauc=0.0907 validation_balanced_accuracy=0.5689 validation_brier=0.0344 validation_kappa=0.1227 validation_informedness=0.1378 validation_markedness=0.1049 validation_gini=0.6804 validation_optimal_threshold=0.0102 validation_standard_deviation_prediction=0.1366 validation_percentage_above_threshold=2.82
[LN819    ] [chunk_12_evaluation_evaluator.py] [info] [LIGHTGBM] label_threshold=5.0 train_below_prediction_binary_split=111,719 train_above_prediction_binary_split=7,591 train_positive_found=true val_below_prediction_binary_split=49,381 val_above_prediction_binary_split=3,873 val_positive_found=true
[LN820    ] [chunk_14_models_trainer.py] [info]    _train_sklearn_model: early_stopping_rounds=10, eval_set=None
[LN821    ] [chunk_14_models_trainer.py] [info]    class_weight=balanced (model=LGBMClassifier)
[LN822    ] [chunk_12_evaluation_evaluator.py] [info] [LIGHTGBM] [diagnostic] LABEL_THRESHOLD=5.0 train_precision=0.3497 train_true_positives=7560 train_true_negatives=97661 train_false_positives=14058 train_false_negatives=31 train_max_prediction=0.9877 train_mean_prediction=0.2219 train_recall=0.9959 train_f1=0.5176 train_auc=0.9910 train_specificity=0.8742 train_false_positive_rate=0.1258 train_f2=0.7272 train_mcc=0.5514 train_prauc=0.8707 train_balanced_accuracy=0.9350 train_brier=0.0782 train_kappa=0.4675 train_informedness=0.8701 train_markedness=0.2239 train_gini=0.9820 train_optimal_threshold=0.6357 train_standard_deviation_prediction=0.2637 train_percentage_above_threshold=18.12
[LN823    ] [chunk_12_evaluation_evaluator.py] [info] [LIGHTGBM] [diagnostic] LABEL_THRESHOLD=5.0 VALIDATION_PRECISION=0.1857 VALIDATION_TRUE_POSITIVES=1747 VALIDATION_TRUE_NEGATIVES=41721 validation_false_positives=7660 validation_false_negatives=2126 validation_max_prediction=0.9697 validation_mean_prediction=0.2000 validation_recall=0.4511 validation_f1=0.2631 validation_auc=0.7848 validation_specificity=0.8449 validation_false_positive_rate=0.1551 validation_f2=0.3508 validation_mcc=0.2015 validation_prauc=0.1799 validation_balanced_accuracy=0.6480 validation_brier=0.1164 validation_kappa=0.1785 validation_informedness=0.2960 validation_markedness=0.0306 validation_gini=0.5697 validation_optimal_threshold=0.1273 validation_standard_deviation_prediction=0.2606 validation_percentage_above_threshold=17.66
[LN824    ] [chunk_12_evaluation_evaluator.py] [info] [LIGHTGBM] label_threshold=0.0 train_below_prediction_binary_split=59,589 train_above_prediction_binary_split=59,721 train_positive_found=true val_below_prediction_binary_split=24,480 val_above_prediction_binary_split=28,774 val_positive_found=true
[LN825    ] [chunk_14_models_trainer.py] [info]    _train_sklearn_model: early_stopping_rounds=10, eval_set=None
[LN826    ] [chunk_14_models_trainer.py] [info]    class_weight=balanced (model=LGBMClassifier)
[LN827    ] [chunk_12_evaluation_evaluator.py] [info] [LIGHTGBM] [diagnostic] LABEL_THRESHOLD=0.0 train_precision=0.7648 train_true_positives=45269 train_true_negatives=45667 train_false_positives=13922 train_false_negatives=14452 train_max_prediction=0.9972 train_mean_prediction=0.5001 train_recall=0.7580 train_f1=0.7614 train_auc=0.8444 train_specificity=0.7664 train_false_positive_rate=0.2336 train_f2=0.7594 train_mcc=0.5244 train_prauc=0.8427 train_balanced_accuracy=0.7622 train_brier=0.1889 train_kappa=0.5244 train_informedness=0.5244 train_markedness=0.5312 train_gini=0.6888 train_optimal_threshold=0.5035 train_standard_deviation_prediction=0.1430 train_percentage_above_threshold=49.61
[LN828    ] [chunk_12_evaluation_evaluator.py] [info] [LIGHTGBM] [diagnostic] LABEL_THRESHOLD=0.0 VALIDATION_PRECISION=0.5246 VALIDATION_TRUE_POSITIVES=10605 VALIDATION_TRUE_NEGATIVES=14868 validation_false_positives=9612 validation_false_negatives=18169 validation_max_prediction=0.9972 validation_mean_prediction=0.4412 validation_recall=0.3686 validation_f1=0.4329 validation_auc=0.4801 validation_specificity=0.6074 validation_false_positive_rate=0.3926 validation_f2=0.3919 validation_mcc=-0.0247 validation_prauc=0.5498 validation_balanced_accuracy=0.4880 validation_brier=0.2938 validation_kappa=-0.0235 validation_informedness=-0.0241 validation_markedness=0.1319 validation_gini=0.0000 validation_optimal_threshold=0.6679 validation_standard_deviation_prediction=0.1769 validation_percentage_above_threshold=37.96
[LN829    ] [chunk_18_phase_4_ensemble.py] [info] [section 1] [LIGHTGBM] [label_threshold_optimal]  cumulative binary_split_predictions (1%) ≤ 0.0876, (5%) ≤ 0.1476, (10%) ≤ 0.1987, (25%) ≤ 0.3132, (50%) ≤ 0.4444, (75%) ≤ 0.5649, (90%) ≤ 0.6680, (95%) ≤ 0.7279, (99%) ≤ 0.8499, max=0.9972 binary_split_predictions distribution: 0% ≤ 0.01, 0% ≤ 0.02, 0% ≤ 0.05, 2% ≤ 0.1, 10% ≤ 0.2, 62% ≤ 0.5, 38% ≥ 0.50
[LN830    ] [chunk_18_phase_4_ensemble.py] [info] [section 1] [LIGHTGBM] [label_threshold_optimal] LABEL_THRESHOLD=0.0
[LN831    ] [chunk_18_phase_4_ensemble.py] [info] [section 1] [LIGHTGBM] [label_threshold_optimal] train_precision=0.7648 train_true_positives=45269 train_true_negatives=45667 train_false_positives=13922 train_false_negatives=14452 train_max_prediction=0.9972 train_mean_prediction=0.5001 train_recall=0.7580 train_f1=0.7614 train_auc=0.8444 train_specificity=0.7664 train_false_positive_rate=0.2336 train_f2=0.7594 train_mcc=0.5244 train_prauc=0.8427 train_balanced_accuracy=0.7622 train_brier=0.1889 train_kappa=0.5244 train_informedness=0.5244 train_markedness=0.5312 train_gini=0.6888 train_optimal_threshold=0.5035 train_standard_deviation_prediction=0.1430 train_percentage_above_threshold=49.61
[LN832    ] [chunk_18_phase_4_ensemble.py] [info] [section 1] [LIGHTGBM] [label_threshold_optimal] VALIDATION_PRECISION=0.5246 VALIDATION_TRUE_POSITIVES=10605 VALIDATION_TRUE_NEGATIVES=14868 validation_false_positives=9612 validation_false_negatives=18169 validation_max_prediction=0.9972 validation_mean_prediction=0.4412 validation_recall=0.3686 validation_f1=0.4329 validation_auc=0.4801 validation_specificity=0.6074 validation_false_positive_rate=0.3926 validation_f2=0.3919 validation_mcc=-0.0247 validation_prauc=0.5498 validation_balanced_accuracy=0.4880 validation_brier=0.2938 validation_kappa=-0.0235 validation_informedness=-0.0241 validation_markedness=0.1319 validation_gini=0.0000 validation_optimal_threshold=0.6679 validation_standard_deviation_prediction=0.1769 validation_percentage_above_threshold=37.96
[LN833    ] [chunk_18_phase_4_ensemble.py] [info] [section 1] [LIGHTGBM] [label_threshold_optimal] prediction_binary_split=0.50
[LN834    ] [chunk_21_hyperparam_optimizer.py] [info] [section 2] [LIGHTGBM] [hyperparameter_optimization search] Running Bayesian optimization (3 trials)...
[LN835    ] [chunk_14_models_trainer.py] [info]    _train_sklearn_model: early_stopping_rounds=10, eval_set=provided
[LN836    ] [chunk_21_hyperparam_optimizer.py] [warning]       TRIAL 1 failed: LGBMClassifier.fit() got an unexpected keyword argument 'verbose'
[LN837    ] [chunk_14_models_trainer.py] [info]    _train_sklearn_model: early_stopping_rounds=10, eval_set=provided
[LN838    ] [chunk_21_hyperparam_optimizer.py] [warning]       TRIAL 2 failed: LGBMClassifier.fit() got an unexpected keyword argument 'verbose'
[LN839    ] [chunk_14_models_trainer.py] [info]    _train_sklearn_model: early_stopping_rounds=10, eval_set=provided
[LN840    ] [chunk_21_hyperparam_optimizer.py] [warning]       TRIAL 3 failed: LGBMClassifier.fit() got an unexpected keyword argument 'verbose'
[LN841    ] [chunk_21_hyperparam_optimizer.py] [info] [section 2] [LIGHTGBM] [best trial] LABEL_THRESHOLD=0.0
[LN842    ] [chunk_21_hyperparam_optimizer.py] [info] [section 2] [LIGHTGBM] [best trial] VALIDATION_PRECISION=0.0000 VALIDATION_TRUE_POSITIVES=0 VALIDATION_TRUE_NEGATIVES=0 validation_false_positives=0 validation_false_negatives=0 validation_max_prediction=0.0000 validation_mean_prediction=0.0000 validation_recall=0.0000 validation_f1=0.0000 validation_auc=0.0000 validation_specificity=0.0000 validation_false_positive_rate=0.0000 validation_f2=0.0000 validation_mcc=0.0000 validation_prauc=0.0000 validation_balanced_accuracy=0.0000 validation_brier=0.0000 validation_kappa=0.0000 validation_informedness=0.0000 validation_markedness=0.0000 validation_gini=0.0000 validation_optimal_threshold=0.0000 validation_standard_deviation_prediction=0.0000 validation_percentage_above_threshold=0.00
[LN843    ] [chunk_21_hyperparam_optimizer.py] [info] [section 2] [LIGHTGBM] [best trial] 
[LN844    ] [chunk_18_phase_4_ensemble.py] [info] [section 3] [LIGHTGBM] [PRE-HYPERPARAMETER_OPTIMIZATION] LABEL_THRESHOLD=0.0,
[LN845    ] [chunk_18_phase_4_ensemble.py] [info] [section 3] [LIGHTGBM] [PRE-HYPERPARAMETER_OPTIMIZATION] VALIDATION_PRECISION=0.5246 VALIDATION_TRUE_POSITIVES=10605 VALIDATION_TRUE_NEGATIVES=14868 validation_false_positives=9612 validation_false_negatives=18169 validation_max_prediction=0.9972 validation_mean_prediction=0.4412 validation_recall=0.3686 validation_f1=0.4329 validation_auc=0.4801 validation_specificity=0.6074 validation_false_positive_rate=0.3926 validation_f2=0.3919 validation_mcc=-0.0247 validation_prauc=0.5498 validation_balanced_accuracy=0.4880 validation_brier=0.2938 validation_kappa=-0.0235 validation_informedness=-0.0241 validation_markedness=0.1319 validation_gini=0.0000 validation_optimal_threshold=0.6679 validation_standard_deviation_prediction=0.1769 validation_percentage_above_threshold=37.96
[LN846    ] [chunk_18_phase_4_ensemble.py] [info] [section 3] [LIGHTGBM] [PRE-HYPERPARAMETER_OPTIMIZATION] prediction_binary_split=0.50 hyperparams=(loss=binary_crossentropy lr=0.08 dropout=0.1 alpha=0.0 gamma=0.0 latent_dim=0) improved=False {'n_estimators': 500, 'num_leaves': 127, 'learning_rate': 0.08, 'min_child_samples': 100, 'reg_alpha': 0.01, 'reg_lambda': 0.5, 'subsample': 0.6, 'colsample_bytree': 0.8, 'min_split_gain': 0.01}
[LN847    ] [chunk_18_phase_4_ensemble.py] [info] [section 4] [LIGHTGBM] [post hyperparameter_optimization] [diagnostic]  cumulative binary_split_predictions (1%) ≤ 0.0876, (5%) ≤ 0.1476, (10%) ≤ 0.1987, (25%) ≤ 0.3132, (50%) ≤ 0.4444, (75%) ≤ 0.5649, (90%) ≤ 0.6680, (95%) ≤ 0.7279, (99%) ≤ 0.8499, max=0.9972 binary_split_predictions distribution: 0% ≤ 0.01, 0% ≤ 0.02, 0% ≤ 0.05, 2% ≤ 0.1, 10% ≤ 0.2, 62% ≤ 0.5, 38% ≥ 0.50
[LN848    ] [chunk_18_phase_4_ensemble.py] [info] [section 4] [LIGHTGBM] [post hyperparameter_optimization] LABEL_THRESHOLD=0.0,
[LN849    ] [chunk_18_phase_4_ensemble.py] [info] [section 4] [LIGHTGBM] [post hyperparameter_optimization] VALIDATION_PRECISION=0.5246 VALIDATION_TRUE_POSITIVES=10605 VALIDATION_TRUE_NEGATIVES=14868 validation_false_positives=9612 validation_false_negatives=18169 validation_max_prediction=0.9972 validation_mean_prediction=0.4412 validation_recall=0.3686 validation_f1=0.4329 validation_auc=0.4801 validation_specificity=0.6074 validation_false_positive_rate=0.3926 validation_f2=0.3919 validation_mcc=-0.0247 validation_prauc=0.5498 validation_balanced_accuracy=0.4880 validation_brier=0.2938 validation_kappa=-0.0235 validation_informedness=-0.0241 validation_markedness=0.1319 validation_gini=0.0000 validation_optimal_threshold=0.6679 validation_standard_deviation_prediction=0.1769 validation_percentage_above_threshold=37.96
[LN850    ] [chunk_18_phase_4_ensemble.py] [info] [section 4] [LIGHTGBM] [post hyperparameter_optimization] prediction_binary_split=0.50 hyperparams=(loss=binary_crossentropy lr=0.08 dropout=0.0 alpha=1.0 gamma=1.0 latent_dim=64) source=section3
[LN851    ] [chunk_18_phase_4_ensemble.py] [info]    Using threshold-optimized model (HPO did not improve)
[LN852    ] [chunk_18_phase_4_ensemble.py] [info]    Train predictions: mean=0.5001, std=0.1430, min=0.0362, max=0.9972
[LN853    ] [chunk_18_phase_4_ensemble.py] [info]    validation predictions:   mean=0.4412, std=0.1769, min=0.0249, max=0.9972
[LN854    ] [chunk_18_phase_4_ensemble.py] [info] [section 5] [LIGHTGBM] [final] [diagnostic] Train  cumulative binary_split_predictions (1%) ≤ 0.1577, (5%) ≤ 0.2680, (10%) ≤ 0.3218, (25%) ≤ 0.4074, (50%) ≤ 0.4987, (75%) ≤ 0.5905, (90%) ≤ 0.6752, (95%) ≤ 0.7316, (99%) ≤ 0.8870, max=0.9972 binary_split_predictions distribution: 0% ≤ 0.01, 0% ≤ 0.02, 0% ≤ 0.05, 0% ≤ 0.1, 2% ≤ 0.2, 50% ≤ 0.5, 50% ≥ 0.50
[LN855    ] [chunk_18_phase_4_ensemble.py] [info] [section 5] [LIGHTGBM] [final] [diagnostic] validation    cumulative binary_split_predictions (1%) ≤ 0.0876, (5%) ≤ 0.1476, (10%) ≤ 0.1987, (25%) ≤ 0.3132, (50%) ≤ 0.4444, (75%) ≤ 0.5649, (90%) ≤ 0.6680, (95%) ≤ 0.7279, (99%) ≤ 0.8499, max=0.9972 binary_split_predictions distribution: 0% ≤ 0.01, 0% ≤ 0.02, 0% ≤ 0.05, 2% ≤ 0.1, 10% ≤ 0.2, 62% ≤ 0.5, 38% ≥ 0.50
[LN856    ] [chunk_18_phase_4_ensemble.py] [info]    Train predictions: 49.61% positive predictions (59,191 / 119,310)
[LN857    ] [chunk_18_phase_4_ensemble.py] [info]    validation predictions:   37.96% positive predictions (20,217 / 53,254)
[LN858    ] [chunk_18_phase_4_ensemble.py] [info]    [info] Section 4 all rejected - using Section 3 results for Section 5
[LN859    ] [chunk_18_phase_4_ensemble.py] [info]    [diagnostic] prediction_buckets: 0-10:4545, 10-20:6880, 20-30:9395, 30-40:11366, 40-50:10053, 50-60:6438, 60-70:2748, 70-80:639, 80-90:339, 90-100:0
[LN860    ] [chunk_18_phase_4_ensemble.py] [info] [section 5] [LIGHTGBM] [final] LABEL_THRESHOLD=0.0,
[LN861    ] [chunk_18_phase_4_ensemble.py] [info] [section 5] [LIGHTGBM] [final] train_precision=0.7648 train_true_positives=45269 train_true_negatives=45667 train_false_positives=13922 train_false_negatives=14452 train_max_prediction=0.9972 train_mean_prediction=0.5001 train_recall=0.7580 train_f1=0.7614 train_auc=0.8444 train_specificity=0.7664 train_false_positive_rate=0.2336 train_f2=0.7594 train_mcc=0.5244 train_prauc=0.8427 train_balanced_accuracy=0.7622 train_standard_deviation_prediction=0.1430 train_percentage_above_threshold=49.61 train_brier=0.1889 train_kappa=0.5244 train_informedness=0.5244 train_markedness=0.5312 train_gini=0.6888 train_optimal_threshold=0.5035
[LN862    ] [chunk_18_phase_4_ensemble.py] [info] [section 5] [LIGHTGBM] [final] VALIDATION_PRECISION=0.5246 VALIDATION_TRUE_POSITIVES=10605 VALIDATION_TRUE_NEGATIVES=14868 validation_false_positives=9612 validation_false_negatives=18169 validation_max_prediction=0.9972 validation_mean_prediction=0.4412 validation_recall=0.3686 validation_f1=0.4329 validation_auc=0.4801 validation_specificity=0.6074 validation_false_positive_rate=0.3926 validation_f2=0.3919 validation_mcc=-0.0247 validation_prauc=0.5498 validation_balanced_accuracy=0.4880 validation_brier=0.2938 validation_kappa=-0.0235 validation_informedness=-0.0241 validation_markedness=0.1319 validation_gini=0.0000 validation_optimal_threshold=0.6679 validation_standard_deviation_prediction=0.1769 validation_percentage_above_threshold=37.96
[LN863    ] [chunk_18_phase_4_ensemble.py] [info] [section 5] [LIGHTGBM] [final] prediction_binary_split=0.50 hyperparams=(loss=binary_crossentropy lr=0.08 dropout=0.0 alpha=1.0 gamma=1.0 latent_dim=64) (using HPO model directly)
[LN864    ] [chunk_18_phase_4_ensemble.py] [info]    LightGBM loss=binary_crossentropy pred_threshold=0.5 epochs=3
[LN865    ] [chunk_18_phase_4_ensemble.py] [info]    [LightGBM] hyperparameter_optimization: learning_rate=0.08
[LN866    ] [chunk_18_phase_4_ensemble.py] [info]    LightGBM training time: 26.1s
[LN867    ] [chunk_18_phase_4_ensemble.py] [info] [pass] LightGBM trained successfully
[LN868    ] [chunk_18_phase_4_ensemble.py] [info] [XGBoost] Winsorization: LOW=3 HIGH=97 (training-only percentiles)
[LN869    ] [chunk_14_models_trainer.py] [info]    _train_sklearn_model: early_stopping_rounds=10, eval_set=None
[LN870    ] [chunk_14_models_trainer.py] [info]    scale_pos_weight=172.16400580551525 (model=XGBClassifier)
[LN871    ] [chunk_18_phase_4_ensemble.py] [info] [section 1] [XGBOOST] [baseline] LABEL_THRESHOLD=20.0,
[LN872    ] [chunk_18_phase_4_ensemble.py] [info] [section 1] [XGBOOST] [baseline] predictions: mean=0.0209, std=0.0868, min=0.0000, max=0.9918
[LN873    ] [chunk_18_phase_4_ensemble.py] [info] [section 1] [XGBOOST] [baseline]  cumulative binary_split_predictions (1%) ≤ 0.0000, (5%) ≤ 0.0000, (10%) ≤ 0.0001, (25%) ≤ 0.0001, (50%) ≤ 0.0004, (75%) ≤ 0.0035, (90%) ≤ 0.0304, (95%) ≤ 0.0980, (99%) ≤ 0.5133, max=0.9918 binary_split_predictions distribution: 83% ≤ 0.01, 88% ≤ 0.02, 92% ≤ 0.05, 95% ≤ 0.1, 97% ≤ 0.2, 99% ≤ 0.5, 1% ≥ 0.50
[LN874    ] [chunk_18_phase_4_ensemble.py] [info] [section 1] [XGBOOST] [baseline] prediction_binary_split=0.50, VALIDATION predictions at LABEL_THRESHOLD=20.0: 1.04%
[LN875    ] [chunk_18_phase_4_ensemble.py] [info] [section 1] [XGBOOST] [baseline] LABEL_THRESHOLD=20.0,
[LN876    ] [chunk_18_phase_4_ensemble.py] [info] [section 1] [XGBOOST] [baseline] VALIDATION_PRECISION=0.0396 VALIDATION_TRUE_POSITIVES=22 VALIDATION_TRUE_NEGATIVES=52384 validation_false_positives=534 validation_false_negatives=314 validation_max_prediction=0.9918 validation_mean_prediction=0.0209 validation_recall=0.0655 validation_f1=0.0493 validation_auc=0.8649 validation_specificity=0.9899 validation_false_positive_rate=0.0101 validation_f2=0.0579 validation_mcc=0.0431 validation_prauc=0.0379 validation_balanced_accuracy=0.5277 validation_brier=0.0126 validation_kappa=0.0418 validation_informedness=0.0554 validation_markedness=0.0295 validation_gini=0.7297 validation_optimal_threshold=0.0025 validation_standard_deviation_prediction=0.0868 validation_percentage_above_threshold=1.04
[LN877    ] [chunk_18_phase_4_ensemble.py] [info] [section 1] [XGBOOST] [baseline] prediction_binary_split=0.50 loss=binary_crossentropy, lr=0.001
[LN878    ] [chunk_12_evaluation_evaluator.py] [info] [XGBOOST] label_threshold=20.0 train_below_prediction_binary_split=118,621 train_above_prediction_binary_split=689 train_positive_found=true val_below_prediction_binary_split=52,918 val_above_prediction_binary_split=336 val_positive_found=true
[LN879    ] [chunk_14_models_trainer.py] [info]    _train_sklearn_model: early_stopping_rounds=10, eval_set=None
[LN880    ] [chunk_14_models_trainer.py] [info]    scale_pos_weight=172.16400580551525 (model=XGBClassifier)
[LN881    ] [chunk_12_evaluation_evaluator.py] [info] [XGBoost] Safeguards: type=tree, min_precision_over_baseline=0.0100, min_pos_pct=0.0010, min_pos_abs=10, patience=5
[LN882    ] [chunk_12_evaluation_evaluator.py] [info] [XGBOOST] [diagnostic] LABEL_THRESHOLD=20.0 train_precision=0.5657 train_true_positives=689 train_true_negatives=118092 train_false_positives=529 train_false_negatives=0 train_max_prediction=0.9989 train_mean_prediction=0.0209 train_recall=1.0000 train_f1=0.7226 train_auc=0.9999 train_specificity=0.9955 train_false_positive_rate=0.0045 train_f2=0.8669 train_mcc=0.7504 train_prauc=0.9871 train_balanced_accuracy=0.9978 train_brier=0.0040 train_kappa=0.7205 train_informedness=0.9955 train_markedness=0.5612 train_gini=0.9999 train_optimal_threshold=0.7132 train_standard_deviation_prediction=0.0955 train_percentage_above_threshold=1.02
[LN883    ] [chunk_12_evaluation_evaluator.py] [info] [XGBOOST] [diagnostic] LABEL_THRESHOLD=20.0 VALIDATION_PRECISION=0.0396 VALIDATION_TRUE_POSITIVES=22 VALIDATION_TRUE_NEGATIVES=52384 validation_false_positives=534 validation_false_negatives=314 validation_max_prediction=0.9918 validation_mean_prediction=0.0209 validation_recall=0.0655 validation_f1=0.0493 validation_auc=0.8649 validation_specificity=0.9899 validation_false_positive_rate=0.0101 validation_f2=0.0579 validation_mcc=0.0431 validation_prauc=0.0379 validation_balanced_accuracy=0.5277 validation_brier=0.0126 validation_kappa=0.0418 validation_informedness=0.0554 validation_markedness=0.0295 validation_gini=0.7297 validation_optimal_threshold=0.0025 validation_standard_deviation_prediction=0.0868 validation_percentage_above_threshold=1.04
[LN884    ] [chunk_12_evaluation_evaluator.py] [info] [XGBOOST] label_threshold=15.0 train_below_prediction_binary_split=118,104 train_above_prediction_binary_split=1,206 train_positive_found=true val_below_prediction_binary_split=52,677 val_above_prediction_binary_split=577 val_positive_found=true
[LN885    ] [chunk_14_models_trainer.py] [info]    _train_sklearn_model: early_stopping_rounds=10, eval_set=None
[LN886    ] [chunk_14_models_trainer.py] [info]    scale_pos_weight=97.93034825870647 (model=XGBClassifier)
[LN887    ] [chunk_12_evaluation_evaluator.py] [info] [XGBOOST] [diagnostic] LABEL_THRESHOLD=15.0 train_precision=0.6903 train_true_positives=1206 train_true_negatives=117563 train_false_positives=541 train_false_negatives=0 train_max_prediction=0.9973 train_mean_prediction=0.0307 train_recall=1.0000 train_f1=0.8168 train_auc=1.0000 train_specificity=0.9954 train_false_positive_rate=0.0046 train_f2=0.9177 train_mcc=0.8290 train_prauc=0.9977 train_balanced_accuracy=0.9977 train_brier=0.0046 train_kappa=0.8146 train_informedness=0.9954 train_markedness=0.6857 train_gini=1.0000 train_optimal_threshold=0.6584 train_standard_deviation_prediction=0.1156 train_percentage_above_threshold=1.46
[LN888    ] [chunk_12_evaluation_evaluator.py] [info] [XGBOOST] [diagnostic] LABEL_THRESHOLD=15.0 VALIDATION_PRECISION=0.0978 VALIDATION_TRUE_POSITIVES=48 VALIDATION_TRUE_NEGATIVES=52234 validation_false_positives=443 validation_false_negatives=529 validation_max_prediction=0.9860 validation_mean_prediction=0.0210 validation_recall=0.0832 validation_f1=0.0899 validation_auc=0.8677 validation_specificity=0.9916 validation_false_positive_rate=0.0084 validation_f2=0.0857 validation_mcc=0.0810 validation_prauc=0.0679 validation_balanced_accuracy=0.5374 validation_brier=0.0147 validation_kappa=0.0807 validation_informedness=0.0748 validation_markedness=0.0893 validation_gini=0.7354 validation_optimal_threshold=0.0024 validation_standard_deviation_prediction=0.0808 validation_percentage_above_threshold=0.92
[LN889    ] [chunk_12_evaluation_evaluator.py] [info] [XGBOOST] label_threshold=10.0 train_below_prediction_binary_split=116,756 train_above_prediction_binary_split=2,554 train_positive_found=true val_below_prediction_binary_split=52,057 val_above_prediction_binary_split=1,197 val_positive_found=true
[LN890    ] [chunk_14_models_trainer.py] [info]    _train_sklearn_model: early_stopping_rounds=10, eval_set=None
[LN891    ] [chunk_14_models_trainer.py] [info]    scale_pos_weight=45.714956930305405 (model=XGBClassifier)
[LN892    ] [chunk_12_evaluation_evaluator.py] [info] [XGBOOST] [diagnostic] LABEL_THRESHOLD=10.0 train_precision=0.4690 train_true_positives=2554 train_true_negatives=113864 train_false_positives=2892 train_false_negatives=0 train_max_prediction=0.9906 train_mean_prediction=0.0915 train_recall=1.0000 train_f1=0.6385 train_auc=0.9995 train_specificity=0.9752 train_false_positive_rate=0.0248 train_f2=0.8153 train_mcc=0.6763 train_prauc=0.9687 train_balanced_accuracy=0.9876 train_brier=0.0235 train_kappa=0.6276 train_informedness=0.9752 train_markedness=0.4442 train_gini=0.9989 train_optimal_threshold=0.7533 train_standard_deviation_prediction=0.1826 train_percentage_above_threshold=4.56
[LN893    ] [chunk_12_evaluation_evaluator.py] [info] [XGBOOST] [diagnostic] LABEL_THRESHOLD=10.0 VALIDATION_PRECISION=0.1268 VALIDATION_TRUE_POSITIVES=281 VALIDATION_TRUE_NEGATIVES=50122 validation_false_positives=1935 validation_false_negatives=916 validation_max_prediction=0.9775 validation_mean_prediction=0.0640 validation_recall=0.2348 validation_f1=0.1647 validation_auc=0.8308 validation_specificity=0.9628 validation_false_positive_rate=0.0372 validation_f2=0.2006 validation_mcc=0.1467 validation_prauc=0.0994 validation_balanced_accuracy=0.5988 validation_brier=0.0385 validation_kappa=0.1395 validation_informedness=0.1976 validation_markedness=0.0896 validation_gini=0.6615 validation_optimal_threshold=0.0153 validation_standard_deviation_prediction=0.1558 validation_percentage_above_threshold=4.16
[LN894    ] [chunk_12_evaluation_evaluator.py] [info] [XGBOOST] label_threshold=5.0 train_below_prediction_binary_split=111,719 train_above_prediction_binary_split=7,591 train_positive_found=true val_below_prediction_binary_split=49,381 val_above_prediction_binary_split=3,873 val_positive_found=true
[LN895    ] [chunk_14_models_trainer.py] [info]    _train_sklearn_model: early_stopping_rounds=10, eval_set=None
[LN896    ] [chunk_14_models_trainer.py] [info]    scale_pos_weight=14.717296798840733 (model=XGBClassifier)
[LN897    ] [chunk_12_evaluation_evaluator.py] [info] [XGBOOST] [diagnostic] LABEL_THRESHOLD=5.0 train_precision=0.3889 train_true_positives=7568 train_true_negatives=99828 train_false_positives=11891 train_false_negatives=23 train_max_prediction=0.9759 train_mean_prediction=0.2147 train_recall=0.9970 train_f1=0.5596 train_auc=0.9958 train_specificity=0.8936 train_false_positive_rate=0.1064 train_f2=0.7595 train_mcc=0.5883 train_prauc=0.9447 train_balanced_accuracy=0.9453 train_brier=0.0707 train_kappa=0.5152 train_informedness=0.8905 train_markedness=0.2825 train_gini=0.9916 train_optimal_threshold=0.6429 train_standard_deviation_prediction=0.2568 train_percentage_above_threshold=16.31
[LN898    ] [chunk_12_evaluation_evaluator.py] [info] [XGBOOST] [diagnostic] LABEL_THRESHOLD=5.0 VALIDATION_PRECISION=0.1891 VALIDATION_TRUE_POSITIVES=1749 VALIDATION_TRUE_NEGATIVES=41882 validation_false_positives=7499 validation_false_negatives=2124 validation_max_prediction=0.9369 validation_mean_prediction=0.1956 validation_recall=0.4516 validation_f1=0.2666 validation_auc=0.7878 validation_specificity=0.8481 validation_false_positive_rate=0.1519 validation_f2=0.3535 validation_mcc=0.2055 validation_prauc=0.1797 validation_balanced_accuracy=0.6499 validation_brier=0.1116 validation_kappa=0.1828 validation_informedness=0.2997 validation_markedness=0.0373 validation_gini=0.5757 validation_optimal_threshold=0.1546 validation_standard_deviation_prediction=0.2528 validation_percentage_above_threshold=17.37
[LN899    ] [chunk_12_evaluation_evaluator.py] [info] [XGBOOST] label_threshold=0.0 train_below_prediction_binary_split=59,589 train_above_prediction_binary_split=59,721 train_positive_found=true val_below_prediction_binary_split=24,480 val_above_prediction_binary_split=28,774 val_positive_found=true
[LN900    ] [chunk_14_models_trainer.py] [info]    _train_sklearn_model: early_stopping_rounds=10, eval_set=None
[LN901    ] [chunk_14_models_trainer.py] [info]    scale_pos_weight=0.9977897222082684 (model=XGBClassifier)
[LN902    ] [chunk_12_evaluation_evaluator.py] [info] [XGBOOST] [diagnostic] LABEL_THRESHOLD=0.0 train_precision=0.8383 train_true_positives=49676 train_true_negatives=50010 train_false_positives=9579 train_false_negatives=10045 train_max_prediction=0.9943 train_mean_prediction=0.5001 train_recall=0.8318 train_f1=0.8351 train_auc=0.9108 train_specificity=0.8392 train_false_positive_rate=0.1608 train_f2=0.8331 train_mcc=0.6711 train_prauc=0.9085 train_balanced_accuracy=0.8355 train_brier=0.1563 train_kappa=0.6710 train_informedness=0.6711 train_markedness=0.6776 train_gini=0.8216 train_optimal_threshold=0.5013 train_standard_deviation_prediction=0.1847 train_percentage_above_threshold=49.66
[LN903    ] [chunk_12_evaluation_evaluator.py] [info] [XGBOOST] [diagnostic] LABEL_THRESHOLD=0.0 VALIDATION_PRECISION=0.5460 VALIDATION_TRUE_POSITIVES=5446 VALIDATION_TRUE_NEGATIVES=19952 validation_false_positives=4528 validation_false_negatives=23328 validation_max_prediction=0.9944 validation_mean_prediction=0.3521 validation_recall=0.1893 validation_f1=0.2811 validation_auc=0.4874 validation_specificity=0.8150 validation_false_positive_rate=0.1850 validation_f2=0.2177 validation_mcc=0.0055 validation_prauc=0.5544 validation_balanced_accuracy=0.5022 validation_brier=0.3128 validation_kappa=0.0041 validation_informedness=0.0043 validation_markedness=0.3611 validation_gini=0.0000 validation_optimal_threshold=0.6509 validation_standard_deviation_prediction=0.1712 validation_percentage_above_threshold=18.73
[LN904    ] [chunk_18_phase_4_ensemble.py] [info] [section 1] [XGBOOST] [label_threshold_optimal]  cumulative binary_split_predictions (1%) ≤ 0.0831, (5%) ≤ 0.1268, (10%) ≤ 0.1567, (25%) ≤ 0.2208, (50%) ≤ 0.3240, (75%) ≤ 0.4551, (90%) ≤ 0.5880, (95%) ≤ 0.6728, (99%) ≤ 0.8573, max=0.9944 binary_split_predictions distribution: 0% ≤ 0.01, 0% ≤ 0.02, 0% ≤ 0.05, 2% ≤ 0.1, 20% ≤ 0.2, 81% ≤ 0.5, 19% ≥ 0.50
[LN905    ] [chunk_18_phase_4_ensemble.py] [info] [section 1] [XGBOOST] [label_threshold_optimal] LABEL_THRESHOLD=0.0
[LN906    ] [chunk_18_phase_4_ensemble.py] [info] [section 1] [XGBOOST] [label_threshold_optimal] train_precision=0.8383 train_true_positives=49676 train_true_negatives=50010 train_false_positives=9579 train_false_negatives=10045 train_max_prediction=0.9943 train_mean_prediction=0.5001 train_recall=0.8318 train_f1=0.8351 train_auc=0.9108 train_specificity=0.8392 train_false_positive_rate=0.1608 train_f2=0.8331 train_mcc=0.6711 train_prauc=0.9085 train_balanced_accuracy=0.8355 train_brier=0.1563 train_kappa=0.6710 train_informedness=0.6711 train_markedness=0.6776 train_gini=0.8216 train_optimal_threshold=0.5013 train_standard_deviation_prediction=0.1847 train_percentage_above_threshold=49.66
[LN907    ] [chunk_18_phase_4_ensemble.py] [info] [section 1] [XGBOOST] [label_threshold_optimal] VALIDATION_PRECISION=0.5460 VALIDATION_TRUE_POSITIVES=5446 VALIDATION_TRUE_NEGATIVES=19952 validation_false_positives=4528 validation_false_negatives=23328 validation_max_prediction=0.9944 validation_mean_prediction=0.3521 validation_recall=0.1893 validation_f1=0.2811 validation_auc=0.4874 validation_specificity=0.8150 validation_false_positive_rate=0.1850 validation_f2=0.2177 validation_mcc=0.0055 validation_prauc=0.5544 validation_balanced_accuracy=0.5022 validation_brier=0.3128 validation_kappa=0.0041 validation_informedness=0.0043 validation_markedness=0.3611 validation_gini=0.0000 validation_optimal_threshold=0.6509 validation_standard_deviation_prediction=0.1712 validation_percentage_above_threshold=18.73
[LN908    ] [chunk_18_phase_4_ensemble.py] [info] [section 1] [XGBOOST] [label_threshold_optimal] prediction_binary_split=0.50
[LN909    ] [chunk_21_hyperparam_optimizer.py] [info] [section 2] [XGBOOST] [hyperparameter_optimization search] Running Bayesian optimization (3 trials)...
[LN910    ] [chunk_14_models_trainer.py] [info]    _train_sklearn_model: early_stopping_rounds=10, eval_set=provided
[LN911    ] [chunk_14_models_trainer.py] [info]    scale_pos_weight=0.9977897222082684 (model=XGBClassifier)
[LN912    ] [chunk_21_hyperparam_optimizer.py] [warning]    TRIAL 1/3: REJECTED - degenerate predictions std_pred=0.0011 < 0.005
[LN913    ] [chunk_14_models_trainer.py] [info]    _train_sklearn_model: early_stopping_rounds=10, eval_set=provided
[LN914    ] [chunk_14_models_trainer.py] [info]    scale_pos_weight=0.9977897222082684 (model=XGBClassifier)
[LN915    ] [chunk_21_hyperparam_optimizer.py] [info] [section 2] [XGBOOST] [hyperparameter_optimization search baseline] LABEL_THRESHOLD=0.0
[LN916    ] [chunk_21_hyperparam_optimizer.py] [info] [section 2] [XGBOOST] [hyperparameter_optimization search baseline] VALIDATION_PRECISION=0.5542 VALIDATION_TRUE_POSITIVES=2433 VALIDATION_TRUE_NEGATIVES=22523 validation_false_positives=1957 validation_false_negatives=26341 validation_max_prediction=0.5168 validation_mean_prediction=0.4936 validation_recall=0.0846 validation_f1=0.1467 validation_auc=0.4749 validation_specificity=0.9201 validation_false_positive_rate=0.0799 validation_f2=0.1018 validation_mcc=0.0084 validation_prauc=0.5379 validation_balanced_accuracy=0.5023 validation_brier=0.2507 validation_kappa=0.0043 validation_informedness=0.0046 validation_markedness=0.4743 validation_gini=0.0000 validation_optimal_threshold=0.5097 validation_standard_deviation_prediction=0.0058 validation_percentage_above_threshold=8.24
[LN917    ] [chunk_21_hyperparam_optimizer.py] [info] [section 2] [XGBOOST] [hyperparameter_optimization search baseline] TRIAL 2/3: n_estimators=500, max_depth=7, learning_rate=0.05, min_child_weight=100, reg_alpha=1.0, reg_lambda=1.0, subsample=0.6, colsample_bytree=0.5, gamma=0
[LN918    ] [chunk_14_models_trainer.py] [info]    _train_sklearn_model: early_stopping_rounds=10, eval_set=provided
[LN919    ] [chunk_14_models_trainer.py] [info]    scale_pos_weight=0.9977897222082684 (model=XGBClassifier)
[LN920    ] [chunk_21_hyperparam_optimizer.py] [warning]    TRIAL 3/3: REJECTED - degenerate predictions std_pred=0.0023 < 0.005
[LN921    ] [chunk_21_hyperparam_optimizer.py] [info] [section 2] [XGBOOST] [best trial] LABEL_THRESHOLD=0.0
[LN922    ] [chunk_21_hyperparam_optimizer.py] [info] [section 2] [XGBOOST] [best trial] VALIDATION_PRECISION=0.5542 VALIDATION_TRUE_POSITIVES=2433 VALIDATION_TRUE_NEGATIVES=22523 validation_false_positives=1957 validation_false_negatives=26341 validation_max_prediction=0.5168 validation_mean_prediction=0.4936 validation_recall=0.0846 validation_f1=0.1467 validation_auc=0.4749 validation_specificity=0.9201 validation_false_positive_rate=0.0799 validation_f2=0.1018 validation_mcc=0.0084 validation_prauc=0.5379 validation_balanced_accuracy=0.5023 validation_brier=0.2507 validation_kappa=0.0043 validation_informedness=0.0046 validation_markedness=0.4743 validation_gini=0.0000 validation_optimal_threshold=0.5097 validation_standard_deviation_prediction=0.0058 validation_percentage_above_threshold=8.24
[LN923    ] [chunk_21_hyperparam_optimizer.py] [info] [section 2] [XGBOOST] [best trial] n_estimators=500, max_depth=7, learning_rate=0.05, min_child_weight=100, reg_alpha=1.0, reg_lambda=1.0, subsample=0.6, colsample_bytree=0.5, gamma=0
[LN924    ] [chunk_18_phase_4_ensemble.py] [info]    [diagnostic-hyperparameter_optimization]  cumulative binary_split_predictions (1%) ≤ 0.4861, (5%) ≤ 0.4861, (10%) ≤ 0.4861, (25%) ≤ 0.4882, (50%) ≤ 0.4933, (75%) ≤ 0.4979, (90%) ≤ 0.4993, (95%) ≤ 0.5039, (99%) ≤ 0.5118, max=0.5168 binary_split_predictions distribution: 0% ≤ 0.01, 0% ≤ 0.02, 0% ≤ 0.05, 0% ≤ 0.1, 0% ≤ 0.2, 92% ≤ 0.5, 8% ≥ 0.50
[LN925    ] [chunk_18_phase_4_ensemble.py] [info]    hyperparameter_optimization improved: 0.5542 > 0.5460
[LN926    ] [chunk_18_phase_4_ensemble.py] [info] [section 3] [XGBOOST] [HYPERPARAMETER_OPTIMIZATION] LABEL_THRESHOLD=0.0,
[LN927    ] [chunk_18_phase_4_ensemble.py] [info] [section 3] [XGBOOST] [HYPERPARAMETER_OPTIMIZATION] VALIDATION_PRECISION=0.5542 VALIDATION_TRUE_POSITIVES=2433 VALIDATION_TRUE_NEGATIVES=22523 validation_false_positives=1957 validation_false_negatives=26341 validation_max_prediction=0.5168 validation_mean_prediction=0.4936 validation_recall=0.0846 validation_f1=0.1467 validation_auc=0.4749 validation_specificity=0.9201 validation_false_positive_rate=0.0799 validation_f2=0.1018 validation_mcc=0.0084 validation_prauc=0.5379 validation_balanced_accuracy=0.5023 validation_brier=0.2507 validation_kappa=0.0043 validation_informedness=0.0046 validation_markedness=0.4743 validation_gini=0.0000 validation_optimal_threshold=0.5097 validation_standard_deviation_prediction=0.0058 validation_percentage_above_threshold=8.24
[LN928    ] [chunk_18_phase_4_ensemble.py] [info] [section 3] [XGBOOST] [HYPERPARAMETER_OPTIMIZATION] prediction_binary_split=0.50 hyperparams=(loss=binary_crossentropy lr=0.05 dropout=0.1 alpha=0.0 gamma=0 latent_dim=0) improved=True {'n_estimators': 500, 'max_depth': 7, 'learning_rate': 0.05, 'min_child_weight': 100, 'reg_alpha': 1.0, 'reg_lambda': 1.0, 'subsample': 0.6, 'colsample_bytree': 0.5, 'gamma': 0}
[LN929    ] [chunk_18_phase_4_ensemble.py] [info] [section 4] [XGBOOST] [post hyperparameter_optimization] [diagnostic]  cumulative binary_split_predictions (1%) ≤ 0.4861, (5%) ≤ 0.4861, (10%) ≤ 0.4861, (25%) ≤ 0.4882, (50%) ≤ 0.4933, (75%) ≤ 0.4979, (90%) ≤ 0.4993, (95%) ≤ 0.5039, (99%) ≤ 0.5118, max=0.5168 binary_split_predictions distribution: 0% ≤ 0.01, 0% ≤ 0.02, 0% ≤ 0.05, 0% ≤ 0.1, 0% ≤ 0.2, 92% ≤ 0.5, 8% ≥ 0.50
[LN930    ] [chunk_18_phase_4_ensemble.py] [info] [section 4] [XGBOOST] [post hyperparameter_optimization] LABEL_THRESHOLD=0.0,
[LN931    ] [chunk_18_phase_4_ensemble.py] [info] [section 4] [XGBOOST] [post hyperparameter_optimization] VALIDATION_PRECISION=0.5542 VALIDATION_TRUE_POSITIVES=2433 VALIDATION_TRUE_NEGATIVES=22523 validation_false_positives=1957 validation_false_negatives=26341 validation_max_prediction=0.5168 validation_mean_prediction=0.4936 validation_recall=0.0846 validation_f1=0.1467 validation_auc=0.4749 validation_specificity=0.9201 validation_false_positive_rate=0.0799 validation_f2=0.1018 validation_mcc=0.0084 validation_prauc=0.5379 validation_balanced_accuracy=0.5023 validation_brier=0.2507 validation_kappa=0.0043 validation_informedness=0.0046 validation_markedness=0.4743 validation_gini=0.0000 validation_optimal_threshold=0.5097 validation_standard_deviation_prediction=0.0058 validation_percentage_above_threshold=8.24
[LN932    ] [chunk_18_phase_4_ensemble.py] [info] [section 4] [XGBOOST] [post hyperparameter_optimization] prediction_binary_split=0.50 hyperparams=(loss=binary_crossentropy lr=0.05 dropout=0.0 alpha=1.0 gamma=0 latent_dim=64) source=section3
[LN933    ] [chunk_18_phase_4_ensemble.py] [info]    Retraining HPO model for 3 epochs (FINAL_TRAIN_EPOCHS)
[LN934    ] [chunk_14_models_trainer.py] [info]    _train_sklearn_model: early_stopping_rounds=10, eval_set=provided
[LN935    ] [chunk_14_models_trainer.py] [info]    scale_pos_weight=0.9977897222082684 (model=XGBClassifier)
[LN936    ] [chunk_18_phase_4_ensemble.py] [info]    Train predictions: mean=0.5009, std=0.0049, min=0.4843, max=0.5199
[LN937    ] [chunk_18_phase_4_ensemble.py] [info]    validation predictions:   mean=0.4940, std=0.0056, min=0.4843, max=0.5199
[LN938    ] [chunk_18_phase_4_ensemble.py] [info] [section 5] [XGBOOST] [final] [diagnostic] Train  cumulative binary_split_predictions (1%) ≤ 0.4893, (5%) ≤ 0.4928, (10%) ≤ 0.4951, (25%) ≤ 0.4981, (50%) ≤ 0.5006, (75%) ≤ 0.5035, (90%) ≤ 0.5065, (95%) ≤ 0.5090, (99%) ≤ 0.5131, max=0.5199 binary_split_predictions distribution: 0% ≤ 0.01, 0% ≤ 0.02, 0% ≤ 0.05, 0% ≤ 0.1, 0% ≤ 0.2, 36% ≤ 0.5, 64% ≥ 0.50
[LN939    ] [chunk_18_phase_4_ensemble.py] [info] [section 5] [XGBOOST] [final] [diagnostic] validation    cumulative binary_split_predictions (1%) ≤ 0.4843, (5%) ≤ 0.4843, (10%) ≤ 0.4870, (25%) ≤ 0.4893, (50%) ≤ 0.4941, (75%) ≤ 0.4985, (90%) ≤ 0.5010, (95%) ≤ 0.5037, (99%) ≤ 0.5061, max=0.5199 binary_split_predictions distribution: 0% ≤ 0.01, 0% ≤ 0.02, 0% ≤ 0.05, 0% ≤ 0.1, 0% ≤ 0.2, 88% ≤ 0.5, 12% ≥ 0.50
[LN940    ] [chunk_18_phase_4_ensemble.py] [info]    [diagnostic] xgboost_coverage_sweep: tested 9 coverage rates
[LN941    ] [chunk_18_phase_4_ensemble.py] [info]    [diag]   coverage=0.0250 thresh=0.5037: precision=0.4940 recall=0.0486 f1=0.0885
[LN942    ] [chunk_18_phase_4_ensemble.py] [info]    [diag]   coverage=0.0500 thresh=0.5037: precision=0.4940 recall=0.0486 f1=0.0885
[LN943    ] [chunk_18_phase_4_ensemble.py] [info]    [diag]   coverage=0.1000 thresh=0.5010: precision=0.5077 recall=0.1024 f1=0.1704
[LN944    ] [chunk_18_phase_4_ensemble.py] [info]    [diag]   coverage=0.2500 thresh=0.4985: precision=0.4920 recall=0.2408 f1=0.3233
[LN945    ] [chunk_18_phase_4_ensemble.py] [info]    [diag]   coverage=0.5000 thresh=0.4941: precision=0.5231 recall=0.5391 f1=0.5310
[LN946    ] [chunk_18_phase_4_ensemble.py] [info]    [diagnostic] precision_target=0.60 met at coverage=0.0010, threshold=0.5199
[LN947    ] [chunk_18_phase_4_ensemble.py] [info]    Train predictions: 0.47% positive predictions (555 / 119,310)
[LN948    ] [chunk_18_phase_4_ensemble.py] [info]    validation predictions:   0.24% positive predictions (129 / 53,254)
[LN949    ] [chunk_18_phase_4_ensemble.py] [info]    [info] Section 4 all rejected - using Section 3 results for Section 5
[LN950    ] [chunk_18_phase_4_ensemble.py] [info]    [diagnostic] prediction_buckets: 0-10:0, 10-20:0, 20-30:0, 30-40:48864, 40-50:4390, 50-60:0, 60-70:0, 70-80:0, 80-90:0, 90-100:0
[LN951    ] [chunk_18_phase_4_ensemble.py] [info] [section 5] [XGBOOST] [final] LABEL_THRESHOLD=0.0,
[LN952    ] [chunk_18_phase_4_ensemble.py] [info] [section 5] [XGBOOST] [final] train_precision=0.8721 train_true_positives=484 train_true_negatives=59518 train_false_positives=71 train_false_negatives=59237 train_max_prediction=0.5199 train_mean_prediction=0.5009 train_recall=0.0081 train_f1=0.0161 train_auc=0.6050 train_specificity=0.9988 train_false_positive_rate=0.0012 train_f2=0.0101 train_mcc=0.0508 train_prauc=0.5971 train_balanced_accuracy=0.5035 train_standard_deviation_prediction=0.0049 train_percentage_above_threshold=0.47 train_brier=0.2491 train_kappa=0.0069 train_informedness=0.0069 train_markedness=0.8709 train_gini=0.2100 train_optimal_threshold=0.5013
[LN953    ] [chunk_18_phase_4_ensemble.py] [info] [section 5] [XGBOOST] [final] VALIDATION_PRECISION=0.5542 VALIDATION_TRUE_POSITIVES=2433 VALIDATION_TRUE_NEGATIVES=22523 validation_false_positives=1957 validation_false_negatives=26341 validation_max_prediction=0.5168 validation_mean_prediction=0.4936 validation_recall=0.0846 validation_f1=0.1467 validation_auc=0.4749 validation_specificity=1.0000 validation_false_positive_rate=0.0000 validation_f2=0.0000 validation_mcc=0.0000 validation_prauc=0.5379 validation_balanced_accuracy=0.5000 validation_brier=0.2507 validation_kappa=0.0000 validation_informedness=0.0000 validation_markedness=0.0000 validation_gini=0.0000 validation_optimal_threshold=0.5097 validation_standard_deviation_prediction=0.0058 validation_percentage_above_threshold=0.00
[LN954    ] [chunk_18_phase_4_ensemble.py] [info] [section 5] [XGBOOST] [final] prediction_binary_split=0.52 hyperparams=(loss=binary_crossentropy lr=0.05 dropout=0.0 alpha=1.0 gamma=0 latent_dim=64) (using HPO model directly)
[LN955    ] [chunk_18_phase_4_ensemble.py] [info]    XGBoost loss=binary_crossentropy pred_threshold=0.5198755264282227 epochs=3
[LN956    ] [chunk_18_phase_4_ensemble.py] [info]    [XGBoost] hyperparameter_optimization: learning_rate=0.05, gamma=0
[LN957    ] [chunk_18_phase_4_ensemble.py] [info]    XGBoost training time: 20.6s
[LN958    ] [chunk_18_phase_4_ensemble.py] [info] [pass] XGBoost trained successfully
[LN959    ] [chunk_18_phase_4_ensemble.py] [info] Running Feature Stability Analysis...
[LN960    ] [chunk_18_phase_4_ensemble.py] [info]    Feature Stability:
[LN961    ] [chunk_18_phase_4_ensemble.py] [info]       Change: stability=0.031, importance=0.000
[LN962    ] [chunk_18_phase_4_ensemble.py] [info]       Change_x_Volume: stability=0.030, importance=0.000
[LN963    ] [chunk_18_phase_4_ensemble.py] [info]       Rel_Volume: stability=0.009, importance=0.000
[LN964    ] [chunk_18_phase_4_ensemble.py] [info]       Volume: stability=0.008, importance=0.000
[LN965    ] [chunk_18_phase_4_ensemble.py] [info]       ATR: stability=0.007, importance=0.000
[LN966    ] [chunk_18_phase_4_ensemble.py] [info]       52W_Low_x_Price_to_Prev_Close: stability=0.007, importance=0.000
[LN967    ] [chunk_18_phase_4_ensemble.py] [info]       52W_Low: stability=0.007, importance=0.000
[LN968    ] [chunk_18_phase_4_ensemble.py] [info]       Avg_Volume: stability=0.006, importance=0.000
[LN969    ] [chunk_18_phase_4_ensemble.py] [info]       Perf_YTD: stability=0.005, importance=0.000
[LN970    ] [chunk_18_phase_4_ensemble.py] [info]       Prev_Close: stability=0.005, importance=0.000
[LN971    ] [chunk_18_phase_4_ensemble.py] [info]       Price: stability=0.005, importance=0.000
[LN972    ] [chunk_18_phase_4_ensemble.py] [info]       Market_Cap: stability=0.005, importance=0.000
[LN973    ] [chunk_18_phase_4_ensemble.py] [info]       RSI_14: stability=0.003, importance=0.000
[LN974    ] [chunk_18_phase_4_ensemble.py] [info]       RSI_neutral_high: stability=0.003, importance=0.000
[LN975    ] [chunk_18_phase_4_ensemble.py] [info]       52W_High: stability=0.003, importance=0.000
[LN976    ] [chunk_18_phase_4_ensemble.py] [info]       Perf_Month: stability=0.003, importance=0.000
[LN977    ] [chunk_18_phase_4_ensemble.py] [info]       52W_Low_x_SMA20: stability=0.003, importance=0.000
[LN978    ] [chunk_18_phase_4_ensemble.py] [info]       SMA50_to_SMA200: stability=0.003, importance=0.000
[LN979    ] [chunk_18_phase_4_ensemble.py] [info]       Ticker_id: stability=0.003, importance=0.000
[LN980    ] [chunk_18_phase_4_ensemble.py] [info]       Perf_Week: stability=0.002, importance=0.000
[LN981    ] [chunk_18_phase_4_ensemble.py] [info]       Price_to_52W_High_x_Perf_Week: stability=0.002, importance=0.000
[LN982    ] [chunk_18_phase_4_ensemble.py] [info]       SMA200: stability=0.002, importance=0.000
[LN983    ] [chunk_18_phase_4_ensemble.py] [info]       RSI_oversold: stability=0.001, importance=0.000
[LN984    ] [chunk_18_phase_4_ensemble.py] [info]       Price_to_52W_High: stability=0.001, importance=0.000
[LN985    ] [chunk_18_phase_4_ensemble.py] [info]       Perf_Quarter: stability=0.001, importance=0.000
[LN986    ] [chunk_18_phase_4_ensemble.py] [info]       Price_to_52W_Low: stability=0.001, importance=0.000
[LN987    ] [chunk_18_phase_4_ensemble.py] [info]       SMA50: stability=0.001, importance=0.000
[LN988    ] [chunk_18_phase_4_ensemble.py] [info]       RSI_neutral_low: stability=0.001, importance=0.000
[LN989    ] [chunk_18_phase_4_ensemble.py] [info]       Price_to_Prev_Close: stability=0.001, importance=0.000
[LN990    ] [chunk_18_phase_4_ensemble.py] [info]       Perf_Half_Y: stability=0.001, importance=0.000
[LN991    ] [chunk_18_phase_4_ensemble.py] [info]       Volume_to_Avg_Volume: stability=0.000, importance=0.000
[LN992    ] [chunk_18_phase_4_ensemble.py] [info]       Perf_Year: stability=0.000, importance=0.000
[LN993    ] [chunk_18_phase_4_ensemble.py] [info]       RSI_overbought: stability=0.000, importance=0.000
[LN994    ] [chunk_18_phase_4_ensemble.py] [info]       SMA20: stability=0.000, importance=0.000
[LN995    ] [chunk_18_phase_4_ensemble.py] [info] Filtering architectures by minimum validation_precision > 0.50:
[LN996    ] [chunk_18_phase_4_ensemble.py] [info]   CNN: validation_precision=0.5385 PASS (Minimum Validation_Precision Required=0.50)
[LN997    ] [chunk_18_phase_4_ensemble.py] [info]   RNN: validation_precision=0.5223 PASS (Minimum Validation_Precision Required=0.50)
[LN998    ] [chunk_18_phase_4_ensemble.py] [info]   LSTM: validation_precision=0.5343 PASS (Minimum Validation_Precision Required=0.50)
[LN999    ] [chunk_18_phase_4_ensemble.py] [info]   Dense: validation_precision=0.5454 PASS (Minimum Validation_Precision Required=0.50)
[LN1000   ] [chunk_18_phase_4_ensemble.py] [info]   VAE: validation_precision=0.5416 PASS (Minimum Validation_Precision Required=0.50)
[LN1001   ] [chunk_18_phase_4_ensemble.py] [info]   Transformer: validation_precision=0.5505 PASS (Minimum Validation_Precision Required=0.50)
[LN1002   ] [chunk_18_phase_4_ensemble.py] [info]   CatBoost: validation_precision=0.5665 PASS (Minimum Validation_Precision Required=0.50)
[LN1003   ] [chunk_18_phase_4_ensemble.py] [info]   LightGBM: validation_precision=0.5246 PASS (Minimum Validation_Precision Required=0.50)
[LN1004   ] [chunk_18_phase_4_ensemble.py] [info]   XGBoost: validation_precision=0.5542 PASS (Minimum Validation_Precision Required=0.50)
[LN1005   ] [chunk_18_phase_4_ensemble.py] [info] ensemble: 9 architectures (CNN, RNN, LSTM, Dense, VAE, Transformer, CatBoost, LightGBM, XGBoost)
[LN1006   ] [chunk_18_phase_4_ensemble.py] [info]   Ensemble weighting: uniform
[LN1007   ] [chunk_18_phase_4_ensemble.py] [info]    [diagnostic-ensemble]  cumulative binary_split_predictions (1%) ≤ 0.4004, (5%) ≤ 0.4133, (10%) ≤ 0.4230, (25%) ≤ 0.4432, (50%) ≤ 0.4714, (75%) ≤ 0.5055, (90%) ≤ 0.5438, (95%) ≤ 0.5680, (99%) ≤ 0.6313, max=0.8171 binary_split_predictions distribution: 0% ≤ 0.01, 0% ≤ 0.02, 0% ≤ 0.05, 0% ≤ 0.1, 0% ≤ 0.2, 72% ≤ 0.5, 28% ≥ 0.50
[LN1008   ] [chunk_18_phase_4_ensemble.py] [info] Ensemble precision (validation): 0.5331 (LABEL_THRESHOLD=0.0, prediction_binary_split=0.50)
[LN1009   ] [chunk_18_phase_4_ensemble.py] [info] ARCHITECTURE RANKING (by validation_precision)
[LN1010   ] [chunk_18_phase_4_ensemble.py] [info] 1. CatBoost     label_threshold=0.0 validation_precision=0.5665 VALIDATION_TRUE_POSITIVES=4287 VALIDATION_TRUE_NEGATIVES=21199 validation_false_positives=3281 validation_false_negatives=24487 validation_max_prediction=0.9947 validation_mean_prediction=0.3369 validation_recall=0.1490 validation_f1=0.2359 validation_auc=0.4866 validation_specificity=0.8660 validation_false_positive_rate=0.1340 validation_f2=0.1747 validation_mcc=0.0214 validation_prauc=0.5559 validation_balanced_accuracy=0.5075 validation_brier=0.3137 validation_kappa=0.0141 validation_informedness=0.0150 validation_markedness=0.4324 validation_gini=0.0000 validation_optimal_threshold=0.6149 validation_standard_deviation_prediction=0.1581 validation_percentage_above_threshold=14.21
[LN1011   ] [chunk_18_phase_4_ensemble.py] [info] 2. XGBoost      label_threshold=0.0 validation_precision=0.5542 VALIDATION_TRUE_POSITIVES=2433 VALIDATION_TRUE_NEGATIVES=22523 validation_false_positives=1957 validation_false_negatives=26341 validation_max_prediction=0.5168 validation_mean_prediction=0.4936 validation_recall=0.0846 validation_f1=0.1467 validation_auc=0.4749 validation_specificity=1.0000 validation_false_positive_rate=0.0000 validation_f2=0.0000 validation_mcc=0.0000 validation_prauc=0.5379 validation_balanced_accuracy=0.5000 validation_brier=0.2507 validation_kappa=0.0000 validation_informedness=0.0000 validation_markedness=0.0000 validation_gini=0.0000 validation_optimal_threshold=0.5097 validation_standard_deviation_prediction=0.0058 validation_percentage_above_threshold=0.00
[LN1012   ] [chunk_18_phase_4_ensemble.py] [info] 3. Transformer  label_threshold=0.0 validation_precision=0.5505 VALIDATION_TRUE_POSITIVES=10527 VALIDATION_TRUE_NEGATIVES=15886 validation_false_positives=8594 validation_false_negatives=18247 validation_max_prediction=0.8682 validation_mean_prediction=0.4840 validation_recall=0.3659 validation_f1=0.4396 validation_auc=0.5015 validation_specificity=0.6489 validation_false_positive_rate=0.3511 validation_f2=0.3922 validation_mcc=0.0154 validation_prauc=0.5600 validation_balanced_accuracy=0.5074 validation_brier=0.2532 validation_kappa=0.0144 validation_informedness=0.0148 validation_markedness=0.1995 validation_gini=0.0030 validation_optimal_threshold=0.5490 validation_standard_deviation_prediction=0.0527 validation_percentage_above_threshold=35.91
[LN1013   ] [chunk_18_phase_4_ensemble.py] [info] 4. Dense        label_threshold=0.0 validation_precision=0.5454 VALIDATION_TRUE_POSITIVES=23876 VALIDATION_TRUE_NEGATIVES=4578 validation_false_positives=19902 validation_false_negatives=4898 validation_max_prediction=0.8463 validation_mean_prediction=0.5334 validation_recall=0.8298 validation_f1=0.6582 validation_auc=0.5118 validation_specificity=0.1870 validation_false_positive_rate=0.8130 validation_f2=0.7514 validation_mcc=0.0219 validation_prauc=0.5624 validation_balanced_accuracy=0.5084 validation_brier=0.2479 validation_kappa=0.0176 validation_informedness=0.0168 validation_markedness=-0.2676 validation_gini=0.0236 validation_optimal_threshold=0.5779 validation_standard_deviation_prediction=0.0438 validation_percentage_above_threshold=82.21
[LN1014   ] [chunk_18_phase_4_ensemble.py] [info] 5. VAE          label_threshold=0.0 validation_precision=0.5416 VALIDATION_TRUE_POSITIVES=17747 VALIDATION_TRUE_NEGATIVES=9459 validation_false_positives=15021 validation_false_negatives=11027 validation_max_prediction=0.5429 validation_mean_prediction=0.5020 validation_recall=0.6168 validation_f1=0.5767 validation_auc=0.5011 validation_specificity=0.3864 validation_false_positive_rate=0.6136 validation_f2=0.6001 validation_mcc=0.0032 validation_prauc=0.5407 validation_balanced_accuracy=0.5016 validation_brier=0.2499 validation_kappa=0.0032 validation_informedness=0.0032 validation_markedness=-0.0720 validation_gini=0.0021 validation_optimal_threshold=0.5059 validation_standard_deviation_prediction=0.0079 validation_percentage_above_threshold=61.53
[LN1015   ] [chunk_18_phase_4_ensemble.py] [info] 6. CNN          label_threshold=0.0 validation_precision=0.5385 VALIDATION_TRUE_POSITIVES=26692 VALIDATION_TRUE_NEGATIVES=1606 validation_false_positives=22874 validation_false_negatives=2082 validation_max_prediction=0.7606 validation_mean_prediction=0.5045 validation_recall=0.9276 validation_f1=0.6814 validation_auc=0.5019 validation_specificity=0.0656 validation_false_positive_rate=0.9344 validation_f2=0.8105 validation_mcc=-0.0133 validation_prauc=0.5480 validation_balanced_accuracy=0.4966 validation_brier=0.2494 validation_kappa=-0.0072 validation_informedness=-0.0068 validation_markedness=-0.3959 validation_gini=0.0038 validation_optimal_threshold=0.5191 validation_standard_deviation_prediction=0.0198 validation_percentage_above_threshold=93.07
[LN1016   ] [chunk_18_phase_4_ensemble.py] [info] 7. LSTM         label_threshold=0.0 validation_precision=0.5343 VALIDATION_TRUE_POSITIVES=11125 VALIDATION_TRUE_NEGATIVES=14783 validation_false_positives=9697 validation_false_negatives=17649 validation_max_prediction=0.9693 validation_mean_prediction=0.5052 validation_recall=0.3866 validation_f1=0.4486 validation_auc=0.4802 validation_specificity=0.6039 validation_false_positive_rate=0.3961 validation_f2=0.4093 validation_mcc=-0.0097 validation_prauc=0.5435 validation_balanced_accuracy=0.4953 validation_brier=0.2537 validation_kappa=-0.0093 validation_informedness=-0.0095 validation_markedness=0.1382 validation_gini=0.0000 validation_optimal_threshold=0.6404 validation_standard_deviation_prediction=0.0660 validation_percentage_above_threshold=39.10
[LN1017   ] [chunk_18_phase_4_ensemble.py] [info] 8. LightGBM     label_threshold=0.0 validation_precision=0.5246 VALIDATION_TRUE_POSITIVES=10605 VALIDATION_TRUE_NEGATIVES=14868 validation_false_positives=9612 validation_false_negatives=18169 validation_max_prediction=0.9972 validation_mean_prediction=0.4412 validation_recall=0.3686 validation_f1=0.4329 validation_auc=0.4801 validation_specificity=0.6074 validation_false_positive_rate=0.3926 validation_f2=0.3919 validation_mcc=-0.0247 validation_prauc=0.5498 validation_balanced_accuracy=0.4880 validation_brier=0.2938 validation_kappa=-0.0235 validation_informedness=-0.0241 validation_markedness=0.1319 validation_gini=0.0000 validation_optimal_threshold=0.6679 validation_standard_deviation_prediction=0.1769 validation_percentage_above_threshold=37.96
[LN1018   ] [chunk_18_phase_4_ensemble.py] [info] 9. RNN          label_threshold=0.0 validation_precision=0.5223 VALIDATION_TRUE_POSITIVES=15893 VALIDATION_TRUE_NEGATIVES=9945 validation_false_positives=14535 validation_false_negatives=12881 validation_max_prediction=0.9804 validation_mean_prediction=0.5163 validation_recall=0.5523 validation_f1=0.5369 validation_auc=0.4802 validation_specificity=0.4062 validation_false_positive_rate=0.5938 validation_f2=0.5461 validation_mcc=-0.0417 validation_prauc=0.5466 validation_balanced_accuracy=0.4793 validation_brier=0.2542 validation_kappa=-0.0416 validation_informedness=-0.0414 validation_markedness=-0.0714 validation_gini=0.0000 validation_optimal_threshold=0.6326 validation_standard_deviation_prediction=0.0708 validation_percentage_above_threshold=57.14
[LN1019   ] [chunk_18_phase_4_ensemble.py] [info] hyperparameter_optimization IMPACT SUMMARY
[LN1020   ] [chunk_18_phase_4_ensemble.py] [info] CNN          pre_hpo_validation_precision=0.5178 post_hpo_validation_precision=0.5385 hpo_improved=Yes
[LN1021   ] [chunk_18_phase_4_ensemble.py] [info] RNN          pre_hpo_validation_precision=0.5223 post_hpo_validation_precision=0.5168 hpo_improved=No
[LN1022   ] [chunk_18_phase_4_ensemble.py] [info] LSTM         pre_hpo_validation_precision=0.5343 post_hpo_validation_precision=0.5302 hpo_improved=No
[LN1023   ] [chunk_18_phase_4_ensemble.py] [info] Dense        pre_hpo_validation_precision=0.5147 post_hpo_validation_precision=0.5454 hpo_improved=Yes
[LN1024   ] [chunk_18_phase_4_ensemble.py] [info] VAE          pre_hpo_validation_precision=0.0000 post_hpo_validation_precision=0.5416 hpo_improved=Yes
[LN1025   ] [chunk_18_phase_4_ensemble.py] [info] Transformer  pre_hpo_validation_precision=0.5505 post_hpo_validation_precision=0.5458 hpo_improved=No
[LN1026   ] [chunk_18_phase_4_ensemble.py] [info] CatBoost     pre_hpo_validation_precision=0.5665 post_hpo_validation_precision=0.0000 hpo_improved=No
[LN1027   ] [chunk_18_phase_4_ensemble.py] [info] LightGBM     pre_hpo_validation_precision=0.5246 post_hpo_validation_precision=0.0000 hpo_improved=No
[LN1028   ] [chunk_18_phase_4_ensemble.py] [info] XGBoost      pre_hpo_validation_precision=0.5460 post_hpo_validation_precision=0.5542 hpo_improved=Yes
[LN1029   ] [chunk_18_phase_4_ensemble.py] [info] TRAINING TIME SUMMARY
[LN1030   ] [chunk_18_phase_4_ensemble.py] [info]    CNN: 36526.8s
[LN1031   ] [chunk_18_phase_4_ensemble.py] [info]    RNN: 2023.3s
[LN1032   ] [chunk_18_phase_4_ensemble.py] [info]    LSTM: 1221.7s
[LN1033   ] [chunk_18_phase_4_ensemble.py] [info]    Dense: 1274.0s
[LN1034   ] [chunk_18_phase_4_ensemble.py] [info]    VAE: 970.0s
[LN1035   ] [chunk_18_phase_4_ensemble.py] [info]    Transformer: 3445.7s
[LN1036   ] [chunk_18_phase_4_ensemble.py] [info]    CatBoost: 54.3s
[LN1037   ] [chunk_18_phase_4_ensemble.py] [info]    LightGBM: 26.1s
[LN1038   ] [chunk_18_phase_4_ensemble.py] [info]    XGBoost: 20.6s
[LN1039   ] [chunk_18_phase_4_ensemble.py] [info]    total: 45562.6s
[LN1040   ] [chunk_18_phase_4_ensemble.py] [info]    Saved CNN model to ./saved_models/CNN_model.keras
[LN1041   ] [chunk_18_phase_4_ensemble.py] [info]    Saved CNN scaler to ./saved_models/CNN_scaler.joblib
[LN1042   ] [chunk_18_phase_4_ensemble.py] [info]    Saved RNN model to ./saved_models/RNN_model.keras
[LN1043   ] [chunk_18_phase_4_ensemble.py] [info]    Saved RNN scaler to ./saved_models/RNN_scaler.joblib
[LN1044   ] [chunk_18_phase_4_ensemble.py] [info]    Saved LSTM model to ./saved_models/LSTM_model.keras
[LN1045   ] [chunk_18_phase_4_ensemble.py] [info]    Saved LSTM scaler to ./saved_models/LSTM_scaler.joblib
[LN1046   ] [chunk_18_phase_4_ensemble.py] [info]    Saved Dense model to ./saved_models/Dense_model.keras
[LN1047   ] [chunk_18_phase_4_ensemble.py] [info]    Saved Dense scaler to ./saved_models/Dense_scaler.joblib
[LN1048   ] [chunk_18_phase_4_ensemble.py] [info]    Saved VAE model to ./saved_models/VAE_model.keras
[LN1049   ] [chunk_18_phase_4_ensemble.py] [info]    Saved VAE scaler to ./saved_models/VAE_scaler.joblib
[LN1050   ] [chunk_18_phase_4_ensemble.py] [info]    Saved Transformer model to ./saved_models/Transformer_model.keras
[LN1051   ] [chunk_18_phase_4_ensemble.py] [info]    Saved Transformer scaler to ./saved_models/Transformer_scaler.joblib
[LN1052   ] [chunk_18_phase_4_ensemble.py] [info]    Saved CatBoost model to ./saved_models/CatBoost_model.joblib
[LN1053   ] [chunk_18_phase_4_ensemble.py] [info]    Saved LightGBM model to ./saved_models/LightGBM_model.joblib
[LN1054   ] [chunk_18_phase_4_ensemble.py] [info]    Saved XGBoost model to ./saved_models/XGBoost_model.joblib
[LN1055   ] [chunk_18_phase_4_ensemble.py] [info]    Saved temporal weights to ./saved_models/temporal_weights.json
[LN1056   ] [chunk_18_phase_4_ensemble.py] [info]    Saved feature names to ./saved_models/feature_names.json
[LN1057   ] [chunk_18_phase_4_ensemble.py] [info]    Saved split date to ./saved_models/split_date.txt
[LN1058   ] [chunk_18_phase_4_ensemble.py] [info]    Saved all training dates to ./saved_models/all_dates.json
[LN1059   ] [chunk_18_phase_4_ensemble.py] [info]    Saved CNN metadata to ./saved_models/CNN_metadata.json
[LN1060   ] [chunk_18_phase_4_ensemble.py] [info]    Saved RNN metadata to ./saved_models/RNN_metadata.json
[LN1061   ] [chunk_18_phase_4_ensemble.py] [info]    Saved LSTM metadata to ./saved_models/LSTM_metadata.json
[LN1062   ] [chunk_18_phase_4_ensemble.py] [info]    Saved Dense metadata to ./saved_models/Dense_metadata.json
[LN1063   ] [chunk_18_phase_4_ensemble.py] [info]    Saved VAE metadata to ./saved_models/VAE_metadata.json
[LN1064   ] [chunk_18_phase_4_ensemble.py] [info]    Saved Transformer metadata to ./saved_models/Transformer_metadata.json
[LN1065   ] [chunk_18_phase_4_ensemble.py] [info]    Saved CatBoost metadata to ./saved_models/CatBoost_metadata.json
[LN1066   ] [chunk_18_phase_4_ensemble.py] [info]    Saved LightGBM metadata to ./saved_models/LightGBM_metadata.json
[LN1067   ] [chunk_18_phase_4_ensemble.py] [info]    Saved XGBoost metadata to ./saved_models/XGBoost_metadata.json
[LN1068   ] [chunk_18_phase_4_ensemble.py] [info]    9 model(s) and parameters saved to ./saved_models
[LN1069   ] [chunk_XX_phase_feature_analysis_b.py] [info] Phase Xb: Temporal Precision Gap Analysis - Starting
[LN1070   ] [chunk_XX_phase_feature_analysis_b.py] [info] Analyzing temporal precision gap for 9 architectures
[LN1071   ] [chunk_XX_phase_feature_analysis_b.py] [info] Label threshold: 0.0, Prediction threshold: 0.5
[LN1072   ] [chunk_XX_phase_feature_analysis_b.py] [info] Validation date split: 9 unique dates, tail=3 days each (N_DAYS=3, FRACTION=33%)
[LN1073   ] [chunk_XX_phase_feature_analysis_b.py] [info] Validation Recent dates (newest 3 days, 20251017..20251021): 17,747 samples, 9,922 signal cases
[LN1074   ] [chunk_XX_phase_feature_analysis_b.py] [info] Validation Older dates (oldest 3 days, 20251009..20251013): 17,755 samples, 9,261 signal cases
[LN1075   ] [chunk_XX_phase_feature_analysis_b.py] [info] Temporal Precision Gap (validation set): Recent = newest 3 days (20251017..20251021), Older = oldest 3 days (20251009..20251013), middle 3 days excluded as buffer
[LN1076   ] [chunk_XX_phase_feature_analysis_b.py] [info] Phase Xb: Temporal Precision Gap Analysis Report - FULL METRICS
[LN1077   ] [chunk_XX_phase_feature_analysis_b.py] [info] Architecture validation_recent_precision validation_recent_recall validation_recent_auc validation_recent_f1 validation_older_precision validation_older_recall validation_older_auc validation_older_f1    Gap
[LN1078   ] [chunk_XX_phase_feature_analysis_b.py] [info] CNN          validation_recent_precision=  0.5598 validation_recent_recall=  0.9574 validation_recent_auc=    0.4735 validation_recent_f1=  0.7065 validation_older_precision=  0.5194 validation_older_recall=  0.9050 validation_older_auc=    0.5143 validation_older_f1=  0.6600 Gap= +0.04
[LN1079   ] [chunk_XX_phase_feature_analysis_b.py] [info] VAE          validation_recent_precision=  0.5562 validation_recent_recall=  0.6150 validation_recent_auc=    0.4959 validation_recent_f1=  0.5841 validation_older_precision=  0.5215 validation_older_recall=  0.6128 validation_older_auc=    0.5006 validation_older_f1=  0.5634 Gap= +0.03
[LN1080   ] [chunk_XX_phase_feature_analysis_b.py] [info] Dense        validation_recent_precision=  0.5528 validation_recent_recall=  0.8061 validation_recent_auc=    0.4549 validation_recent_f1=  0.6559 validation_older_precision=  0.5247 validation_older_recall=  0.8271 validation_older_auc=    0.5175 validation_older_f1=  0.6421 Gap= +0.03
[LN1081   ] [chunk_XX_phase_feature_analysis_b.py] [info] XGBoost      validation_recent_precision=  0.5614 validation_recent_recall=  0.0437 validation_recent_auc=    0.4315 validation_recent_f1=  0.0812 validation_older_precision=  0.5377 validation_older_recall=  0.1479 validation_older_auc=    0.4879 validation_older_f1=  0.2320 Gap= +0.02
[LN1082   ] [chunk_XX_phase_feature_analysis_b.py] [info] CatBoost     validation_recent_precision=  0.5339 validation_recent_recall=  0.0889 validation_recent_auc=    0.4770 validation_recent_f1=  0.1524 validation_older_precision=  0.5681 validation_older_recall=  0.2414 validation_older_auc=    0.5021 validation_older_f1=  0.3389 Gap= -0.03
[LN1083   ] [chunk_XX_phase_feature_analysis_b.py] [info] RNN          validation_recent_precision=  0.4703 validation_recent_recall=  0.4268 validation_recent_auc=    0.3711 validation_recent_f1=  0.4475 validation_older_precision=  0.5230 validation_older_recall=  0.6214 validation_older_auc=    0.5147 validation_older_f1=  0.5680 Gap= -0.05
[LN1084   ] [chunk_XX_phase_feature_analysis_b.py] [info] LightGBM     validation_recent_precision=  0.4620 validation_recent_recall=  0.2434 validation_recent_auc=    0.4190 validation_recent_f1=  0.3188 validation_older_precision=  0.5221 validation_older_recall=  0.4588 validation_older_auc=    0.4993 validation_older_f1=  0.4884 Gap= -0.06
[LN1085   ] [chunk_XX_phase_feature_analysis_b.py] [info] Transformer  validation_recent_precision=  0.4389 validation_recent_recall=  0.2039 validation_recent_auc=    0.4088 validation_recent_f1=  0.2784 validation_older_precision=  0.5765 validation_older_recall=  0.4969 validation_older_auc=    0.5598 validation_older_f1=  0.5338 Gap= -0.14
[LN1086   ] [chunk_XX_phase_feature_analysis_b.py] [info] LSTM         validation_recent_precision=  0.3958 validation_recent_recall=  0.1921 validation_recent_auc=    0.3761 validation_recent_f1=  0.2587 validation_older_precision=  0.5522 validation_older_recall=  0.5178 validation_older_auc=    0.5171 validation_older_f1=  0.5344 Gap= -0.16
[LN1087   ] [chunk_XX_phase_feature_analysis_b.py] [info] BEST for recent signals: CNN (Gap: +0.0404)
[LN1088   ] [chunk_XX_phase_feature_analysis_b.py] [info] WORST for recent signals: LSTM (Gap: -0.1563)
[LN1089   ] [chunk_XX_phase_feature_analysis_b.py] [info] 0/9 architectures show positive temporal precision gap
[LN1090   ] [chunk_XX_phase_feature_analysis_b.py] [warning] warning: No architecture shows meaningful improvement on recent signals
[LN1091   ] [chunk_XX_phase_feature_analysis_b.py] [warning] Consider: stronger temporal weighting or different architectures
[LN1092   ] [chunk_XX_phase_feature_analysis_b.py] [info] Phase Xb: Temporal Precision Gap Analysis - COMPLETE
[LN1093   ] [chunk_20_pipeline_main.py] [info] [skip] Phase Xb: Temporal Precision Gap validation skipped (no validator)
[LN1094   ] [chunk_19_phase_5_optimization.py] [info] Loading saved models from ./saved_models...
[LN1095   ] [chunk_22_model_loader.py] [info] Loaded CNN model
[LN1096   ] [chunk_22_model_loader.py] [info] Loaded CNN metadata: label_threshold=0.0
[LN1097   ] [chunk_22_model_loader.py] [info] Loaded RNN model
[LN1098   ] [chunk_22_model_loader.py] [info] Loaded RNN metadata: label_threshold=0.0
[LN1099   ] [chunk_22_model_loader.py] [info] Loaded Transformer model
[LN1100   ] [chunk_22_model_loader.py] [info] Loaded Transformer metadata: label_threshold=0.0
[LN1101   ] [chunk_22_model_loader.py] [info] Loaded Dense model
[LN1102   ] [chunk_22_model_loader.py] [info] Loaded Dense metadata: label_threshold=0.0
[LN1103   ] [chunk_22_model_loader.py] [info] Loaded CatBoost model (sklearn)
[LN1104   ] [chunk_22_model_loader.py] [info] Loaded CatBoost metadata: label_threshold=0.0
[LN1105   ] [chunk_22_model_loader.py] [info] Loaded LightGBM model (sklearn)
[LN1106   ] [chunk_22_model_loader.py] [info] Loaded LightGBM metadata: label_threshold=0.0
[LN1107   ] [chunk_22_model_loader.py] [info] Loaded VAE model
[LN1108   ] [chunk_22_model_loader.py] [info] Loaded VAE metadata: label_threshold=0.0
[LN1109   ] [chunk_22_model_loader.py] [info] Loaded XGBoost model (sklearn)
[LN1110   ] [chunk_22_model_loader.py] [info] Loaded XGBoost metadata: label_threshold=0.0
[LN1111   ] [chunk_22_model_loader.py] [info] Loaded LSTM model
[LN1112   ] [chunk_22_model_loader.py] [info] Loaded LSTM metadata: label_threshold=0.0
[LN1113   ] [chunk_19_phase_5_optimization.py] [info] Loaded architectures: ['CNN', 'RNN', 'Transformer', 'Dense', 'CatBoost', 'LightGBM', 'VAE', 'XGBoost', 'LSTM']
[LN1114   ] [chunk_19_phase_5_optimization.py] [info] Receiving inference data from context (NO CSV loading)...
[LN1115   ] [chunk_19_phase_5_optimization.py] [info]   Inference samples: 11,844
[LN1116   ] [chunk_19_phase_5_optimization.py] [info]   Inference date(s): [20251022 20251023]
[LN1117   ] [chunk_19_phase_5_optimization.py] [info]   Feature count: 34
[LN1118   ] [chunk_19_phase_5_optimization.py] [info]   Features will be selected per-architecture from 34 total
[LN1119   ] [chunk_19_phase_5_optimization.py] [info]   Label threshold: 20.0
[LN1120   ] [chunk_19_phase_5_optimization.py] [info]   Inference data: RAW (no temporal weighting applied)
[LN1121   ] [chunk_19_phase_5_optimization.py] [info]   X shape (RAW, no weighting): (11844, 34)
[LN1122   ] [chunk_19_phase_5_optimization.py] [info]   y shape: (11844,)
[LN1123   ] [chunk_19_phase_5_optimization.py] [info]   Temporal weights applied: min=1.00, max=1.41
[LN1124   ] [chunk_19_phase_5_optimization.py] [info] 
[LN1125   ] [chunk_19_phase_5_optimization.py] [info] Per-Architecture Results on Newest Data
[LN1126   ] [chunk_19_phase_5_optimization.py] [info]   CNN: using 10 features (optimal threshold's pruning)
[LN1127   ] [chunk_19_phase_5_optimization.py] [info] CNN (LABEL_THRESHOLD=0.0, prediction_binary_split=0.50, hyperparams={'loss_function': 'focal_loss', 'filters': 512, 'kernel_size': 5, 'dropout': 0.1, 'learning_rate': 0.002, 'epochs': 100, 'alpha': 1.0, 'gamma': 2.5, 'layers': 3, 'pooling': 'max'}, VALIDATION_PRECISION=0.5385):
[LN1128   ] [chunk_19_phase_5_optimization.py] [info]    Winsor bounds applied: percentiles [3%, 95%], n_features=10, clip_range=[-37.3038, 36.4199]
[LN1129   ] [chunk_19_phase_5_optimization.py] [info]    predictions: mean=0.5029, std=0.0417, min=0.2648, max=0.5185
[LN1130   ] [chunk_19_phase_5_optimization.py] [info]    INFERENCE predictions: 84.86% positive predictions (10,051 / 11,844)
[LN1131   ] [chunk_19_phase_5_optimization.py] [info]   CNN t=0.0: inference_precision=0.6716 inference_recall=0.8775 inference_auc=0.5431 inference_f1=0.7609 inference_false_negatives=942 inference_true_negatives=851 inference_true_positives=6750 inference_false_positives=3301
[LN1132   ] [chunk_19_phase_5_optimization.py] [info]   CNN - Inference: inference_precision=0.6716 inference_true_positives=6750 inference_true_negatives=851 inference_false_positives=3301 inference_false_negatives=942 inference_max_prediction=0.5185 inference_mean_prediction=0.5029 inference_recall=0.8775 inference_f1=0.7609 inference_auc=0.5431 inference_specificity=0.2050 inference_false_positive_rate=0.7950 inference_f2=0.8268 inference_mcc=0.1098 inference_prauc=0.6710 inference_balanced_accuracy=0.5412 inference_standard_deviation_prediction=0.0417 inference_percentage_above_threshold=84.86 inference_brier=0.2467 inference_kappa=0.0949 inference_informedness=0.0825 inference_markedness=-0.1235 inference_gini=0.0863 inference_optimal_threshold=0.5166
[LN1133   ] [chunk_19_phase_5_optimization.py] [info] 
[LN1134   ] [chunk_19_phase_5_optimization.py] [info] CNN MODEL PREDICTED SIGNAL (10051 rows)
[LN1135   ] [chunk_19_phase_5_optimization.py] [info] CNN inference_precision=0.6716 prediction_binary_split=0.5 predicted=10051
[LN1136   ] [chunk_19_phase_5_optimization.py] [info] Row,Market_Cap,52W_Low,Prev_Close,Price,Volume,52W_High,Ticker_id,Perf_YTD,Perf_Year,SMA200,Perf_Half_Y,Avg_Volume,Perf_Quarter,SMA50,Perf_Month,SMA20,ATR,RSI_14,Perf_Week,Rel_Volume,Change,Price_to_52W_High,Volume_to_Avg_Volume,Price_to_52W_Low,Price_to_Prev_Close,SMA50_to_SMA200,52W_Low_x_SMA20,Change_x_Volume,Price_to_52W_High_x_Perf_Week,52W_Low_x_Price_to_Prev_Close,RSI_oversold,RSI_neutral_low,RSI_neutral_high,RSI_overbought
[LN1137   ] [chunk_19_phase_5_optimization.py] [info]   RNN: using 10 features (optimal threshold's pruning)
[LN1138   ] [chunk_19_phase_5_optimization.py] [info] RNN (LABEL_THRESHOLD=0.0, prediction_binary_split=0.50, hyperparams={'loss_function': 'binary_crossentropy', 'units': 64, 'dropout': 0.0, 'learning_rate': 0.001, 'epochs': 50, 'alpha': 1.25, 'gamma': 3.5, 'layers': 1}, VALIDATION_PRECISION=0.5223):
[LN1139   ] [chunk_19_phase_5_optimization.py] [info]    Winsor bounds applied: percentiles [3%, 97%], n_features=10, clip_range=[-37.3038, 44.2563]
[LN1140   ] [chunk_19_phase_5_optimization.py] [info]    predictions: mean=0.5149, std=0.1081, min=0.1292, max=0.9804
[LN1141   ] [chunk_19_phase_5_optimization.py] [info]    INFERENCE predictions: 58.24% positive predictions (6,898 / 11,844)
[LN1142   ] [chunk_19_phase_5_optimization.py] [info]   RNN t=0.0: inference_precision=0.6824 inference_recall=0.6119 inference_auc=0.5694 inference_f1=0.6452 inference_false_negatives=2985 inference_true_negatives=1961 inference_true_positives=4707 inference_false_positives=2191
[LN1143   ] [chunk_19_phase_5_optimization.py] [info]   RNN - Inference: inference_precision=0.6824 inference_true_positives=4707 inference_true_negatives=1961 inference_false_positives=2191 inference_false_negatives=2985 inference_max_prediction=0.9804 inference_mean_prediction=0.5149 inference_recall=0.6119 inference_f1=0.6452 inference_auc=0.5694 inference_specificity=0.4723 inference_false_positive_rate=0.5277 inference_f2=0.6248 inference_mcc=0.0815 inference_prauc=0.7038 inference_balanced_accuracy=0.5421 inference_standard_deviation_prediction=0.1081 inference_percentage_above_threshold=58.24 inference_brier=0.2449 inference_kappa=0.0807 inference_informedness=0.0842 inference_markedness=0.1547 inference_gini=0.1387 inference_optimal_threshold=0.5395
[LN1144   ] [chunk_19_phase_5_optimization.py] [info] 
[LN1145   ] [chunk_19_phase_5_optimization.py] [info] RNN MODEL PREDICTED SIGNAL (6898 rows)
[LN1146   ] [chunk_19_phase_5_optimization.py] [info] RNN inference_precision=0.6824 prediction_binary_split=0.5 predicted=6898
[LN1147   ] [chunk_19_phase_5_optimization.py] [info] Row,Market_Cap,52W_Low,Prev_Close,Price,Volume,52W_High,Ticker_id,Perf_YTD,Perf_Year,SMA200,Perf_Half_Y,Avg_Volume,Perf_Quarter,SMA50,Perf_Month,SMA20,ATR,RSI_14,Perf_Week,Rel_Volume,Change,Price_to_52W_High,Volume_to_Avg_Volume,Price_to_52W_Low,Price_to_Prev_Close,SMA50_to_SMA200,52W_Low_x_SMA20,Change_x_Volume,Price_to_52W_High_x_Perf_Week,52W_Low_x_Price_to_Prev_Close,RSI_oversold,RSI_neutral_low,RSI_neutral_high,RSI_overbought
[LN1148   ] [chunk_19_phase_5_optimization.py] [info]   Transformer: using 10 features (optimal threshold's pruning)
[LN1149   ] [chunk_19_phase_5_optimization.py] [info] Transformer (LABEL_THRESHOLD=0.0, prediction_binary_split=0.50, hyperparams={'loss_function': 'focal_loss', 'dim': 128, 'heads': 2, 'dropout': 0.2, 'learning_rate': 0.0001, 'epochs': 30, 'alpha': 0.5, 'gamma': 2.5, 'ff_dim': 128, 'layers': 2}, VALIDATION_PRECISION=0.5505):
[LN1150   ] [chunk_19_phase_5_optimization.py] [info]    Winsor bounds applied: percentiles [3%, 95%], n_features=10, clip_range=[-37.3038, 36.4199]
[LN1151   ] [chunk_19_phase_5_optimization.py] [info]    predictions: mean=0.5206, std=0.0589, min=0.4127, max=0.9457
[LN1152   ] [chunk_19_phase_5_optimization.py] [info]    INFERENCE predictions: 61.47% positive predictions (7,281 / 11,844)
[LN1153   ] [chunk_19_phase_5_optimization.py] [info]   Transformer t=0.0: inference_precision=0.6646 inference_recall=0.6291 inference_auc=0.5306 inference_f1=0.6464 inference_false_negatives=2853 inference_true_negatives=1710 inference_true_positives=4839 inference_false_positives=2442
[LN1154   ] [chunk_19_phase_5_optimization.py] [info]   Transformer - Inference: inference_precision=0.6646 inference_true_positives=4839 inference_true_negatives=1710 inference_false_positives=2442 inference_false_negatives=2853 inference_max_prediction=0.9457 inference_mean_prediction=0.5206 inference_recall=0.6291 inference_f1=0.6464 inference_auc=0.5306 inference_specificity=0.4118 inference_false_positive_rate=0.5882 inference_f2=0.6359 inference_mcc=0.0401 inference_prauc=0.6719 inference_balanced_accuracy=0.5205 inference_standard_deviation_prediction=0.0589 inference_percentage_above_threshold=61.47 inference_brier=0.2446 inference_kappa=0.0400 inference_informedness=0.0409 inference_markedness=0.0765 inference_gini=0.0611 inference_optimal_threshold=0.4925
[LN1155   ] [chunk_19_phase_5_optimization.py] [info] 
[LN1156   ] [chunk_19_phase_5_optimization.py] [info] Transformer MODEL PREDICTED SIGNAL (7281 rows)
[LN1157   ] [chunk_19_phase_5_optimization.py] [info] Transformer inference_precision=0.6646 prediction_binary_split=0.5 predicted=7281
[LN1158   ] [chunk_19_phase_5_optimization.py] [info] Row,Market_Cap,52W_Low,Prev_Close,Price,Volume,52W_High,Ticker_id,Perf_YTD,Perf_Year,SMA200,Perf_Half_Y,Avg_Volume,Perf_Quarter,SMA50,Perf_Month,SMA20,ATR,RSI_14,Perf_Week,Rel_Volume,Change,Price_to_52W_High,Volume_to_Avg_Volume,Price_to_52W_Low,Price_to_Prev_Close,SMA50_to_SMA200,52W_Low_x_SMA20,Change_x_Volume,Price_to_52W_High_x_Perf_Week,52W_Low_x_Price_to_Prev_Close,RSI_oversold,RSI_neutral_low,RSI_neutral_high,RSI_overbought
[LN1159   ] [chunk_19_phase_5_optimization.py] [info]   Dense: using 10 features (optimal threshold's pruning)
[LN1160   ] [chunk_19_phase_5_optimization.py] [info] Dense (LABEL_THRESHOLD=0.0, prediction_binary_split=0.50, hyperparams={'units': 1024, 'layers': 3, 'dropout': 0.1, 'learning_rate': 0.0001, 'epochs': 40, 'loss_function': 'focal_loss', 'alpha': 1.5, 'gamma': 2.5, 'batch_size': 256, 'activation': 'leaky_relu'}, VALIDATION_PRECISION=0.5454):
[LN1161   ] [chunk_19_phase_5_optimization.py] [info]    Winsor bounds applied: percentiles [3%, 92%], n_features=10, clip_range=[-37.3038, 29.7464]
[LN1162   ] [chunk_19_phase_5_optimization.py] [info]    predictions: mean=0.5248, std=0.0639, min=0.2687, max=0.7615
[LN1163   ] [chunk_19_phase_5_optimization.py] [info]    INFERENCE predictions: 73.37% positive predictions (8,690 / 11,844)
[LN1164   ] [chunk_19_phase_5_optimization.py] [info]   Dense t=0.0: inference_precision=0.6833 inference_recall=0.7720 inference_auc=0.5759 inference_f1=0.7249 inference_false_negatives=1754 inference_true_negatives=1400 inference_true_positives=5938 inference_false_positives=2752
[LN1165   ] [chunk_19_phase_5_optimization.py] [info]   Dense - Inference: inference_precision=0.6833 inference_true_positives=5938 inference_true_negatives=1400 inference_false_positives=2752 inference_false_negatives=1754 inference_max_prediction=0.7615 inference_mean_prediction=0.5248 inference_recall=0.7720 inference_f1=0.7249 inference_auc=0.5759 inference_specificity=0.3372 inference_false_positive_rate=0.6628 inference_f2=0.7524 inference_mcc=0.1178 inference_prauc=0.7062 inference_balanced_accuracy=0.5546 inference_standard_deviation_prediction=0.0639 inference_percentage_above_threshold=73.37 inference_brier=0.2391 inference_kappa=0.1155 inference_informedness=0.1092 inference_markedness=0.0205 inference_gini=0.1518 inference_optimal_threshold=0.5037
[LN1166   ] [chunk_19_phase_5_optimization.py] [info] 
[LN1167   ] [chunk_19_phase_5_optimization.py] [info] Dense MODEL PREDICTED SIGNAL (8690 rows)
[LN1168   ] [chunk_19_phase_5_optimization.py] [info] Dense inference_precision=0.6833 prediction_binary_split=0.5 predicted=8690
[LN1169   ] [chunk_19_phase_5_optimization.py] [info] Row,Market_Cap,52W_Low,Prev_Close,Price,Volume,52W_High,Ticker_id,Perf_YTD,Perf_Year,SMA200,Perf_Half_Y,Avg_Volume,Perf_Quarter,SMA50,Perf_Month,SMA20,ATR,RSI_14,Perf_Week,Rel_Volume,Change,Price_to_52W_High,Volume_to_Avg_Volume,Price_to_52W_Low,Price_to_Prev_Close,SMA50_to_SMA200,52W_Low_x_SMA20,Change_x_Volume,Price_to_52W_High_x_Perf_Week,52W_Low_x_Price_to_Prev_Close,RSI_oversold,RSI_neutral_low,RSI_neutral_high,RSI_overbought
[LN1170   ] [chunk_19_phase_5_optimization.py] [info]   CatBoost: using 10 features (optimal threshold's pruning)
[LN1171   ] [chunk_19_phase_5_optimization.py] [info] CatBoost (LABEL_THRESHOLD=0.0, prediction_binary_split=0.50, hyperparams={'iterations': 500, 'depth': 6, 'learning_rate': 0.03, 'auto_class_weights': 'SqrtBalanced', 'l2_leaf_reg': 5}, VALIDATION_PRECISION=0.5665):
[LN1172   ] [chunk_19_phase_5_optimization.py] [info]    Winsor bounds applied: percentiles [1%, 99%], n_features=10, clip_range=[-49.8060, 62.5862]
[LN1173   ] [chunk_19_phase_5_optimization.py] [info]    predictions: mean=0.6249, std=0.1364, min=0.1248, max=0.9947
[LN1174   ] [chunk_19_phase_5_optimization.py] [info]    INFERENCE predictions: 84.86% positive predictions (10,051 / 11,844)
[LN1175   ] [chunk_19_phase_5_optimization.py] [info]   CatBoost t=0.0: inference_precision=0.6575 inference_recall=0.8592 inference_auc=0.5158 inference_f1=0.7450 inference_false_negatives=1083 inference_true_negatives=710 inference_true_positives=6609 inference_false_positives=3442
[LN1176   ] [chunk_19_phase_5_optimization.py] [info]   CatBoost - Inference: inference_precision=0.6575 inference_true_positives=6609 inference_true_negatives=710 inference_false_positives=3442 inference_false_negatives=1083 inference_max_prediction=0.9947 inference_mean_prediction=0.6249 inference_recall=0.8592 inference_f1=0.7450 inference_auc=0.5158 inference_specificity=0.1710 inference_false_positive_rate=0.8290 inference_f2=0.8095 inference_mcc=0.0402 inference_prauc=0.6547 inference_balanced_accuracy=0.5151 inference_standard_deviation_prediction=0.1364 inference_percentage_above_threshold=84.86 inference_brier=0.2437 inference_kappa=0.0347 inference_informedness=0.0302 inference_markedness=-0.1715 inference_gini=0.0316 inference_optimal_threshold=0.5613
[LN1177   ] [chunk_19_phase_5_optimization.py] [info] 
[LN1178   ] [chunk_19_phase_5_optimization.py] [info] CatBoost MODEL PREDICTED SIGNAL (10051 rows)
[LN1179   ] [chunk_19_phase_5_optimization.py] [info] CatBoost inference_precision=0.6575 prediction_binary_split=0.5 predicted=10051
[LN1180   ] [chunk_19_phase_5_optimization.py] [info] Row,Market_Cap,52W_Low,Prev_Close,Price,Volume,52W_High,Ticker_id,Perf_YTD,Perf_Year,SMA200,Perf_Half_Y,Avg_Volume,Perf_Quarter,SMA50,Perf_Month,SMA20,ATR,RSI_14,Perf_Week,Rel_Volume,Change,Price_to_52W_High,Volume_to_Avg_Volume,Price_to_52W_Low,Price_to_Prev_Close,SMA50_to_SMA200,52W_Low_x_SMA20,Change_x_Volume,Price_to_52W_High_x_Perf_Week,52W_Low_x_Price_to_Prev_Close,RSI_oversold,RSI_neutral_low,RSI_neutral_high,RSI_overbought
[LN1181   ] [chunk_19_phase_5_optimization.py] [info]   LightGBM: using 10 features (optimal threshold's pruning)
[LN1182   ] [chunk_19_phase_5_optimization.py] [info] LightGBM (LABEL_THRESHOLD=0.0, prediction_binary_split=0.50, hyperparams={'n_estimators': 500, 'num_leaves': 127, 'learning_rate': 0.08, 'min_child_samples': 100, 'reg_alpha': 0.01, 'reg_lambda': 0.5, 'subsample': 0.6, 'colsample_bytree': 0.8, 'min_split_gain': 0.01}, VALIDATION_PRECISION=0.5246):
[LN1183   ] [chunk_19_phase_5_optimization.py] [info]    Winsor bounds applied: percentiles [1%, 99%], n_features=10, clip_range=[-7.6312, 142.5673]
[LN1184   ] [chunk_19_phase_5_optimization.py] [info]    predictions: mean=0.5407, std=0.1396, min=0.0446, max=0.9972
[LN1185   ] [chunk_19_phase_5_optimization.py] [info]    INFERENCE predictions: 64.63% positive predictions (7,655 / 11,844)
[LN1186   ] [chunk_19_phase_5_optimization.py] [info]   LightGBM t=0.0: inference_precision=0.6734 inference_recall=0.6702 inference_auc=0.5558 inference_f1=0.6718 inference_false_negatives=2537 inference_true_negatives=1652 inference_true_positives=5155 inference_false_positives=2500
[LN1187   ] [chunk_19_phase_5_optimization.py] [info]   LightGBM - Inference: inference_precision=0.6734 inference_true_positives=5155 inference_true_negatives=1652 inference_false_positives=2500 inference_false_negatives=2537 inference_max_prediction=0.9972 inference_mean_prediction=0.5407 inference_recall=0.6702 inference_f1=0.6718 inference_auc=0.5558 inference_specificity=0.3979 inference_false_positive_rate=0.6021 inference_f2=0.6708 inference_mcc=0.0679 inference_prauc=0.6959 inference_balanced_accuracy=0.5340 inference_standard_deviation_prediction=0.1396 inference_percentage_above_threshold=64.63 inference_brier=0.2449 inference_kappa=0.0679 inference_informedness=0.0681 inference_markedness=0.0713 inference_gini=0.1116 inference_optimal_threshold=0.5449
[LN1188   ] [chunk_19_phase_5_optimization.py] [info] 
[LN1189   ] [chunk_19_phase_5_optimization.py] [info] LightGBM MODEL PREDICTED SIGNAL (7655 rows)
[LN1190   ] [chunk_19_phase_5_optimization.py] [info] LightGBM inference_precision=0.6734 prediction_binary_split=0.5 predicted=7655
[LN1191   ] [chunk_19_phase_5_optimization.py] [info] Row,Market_Cap,52W_Low,Prev_Close,Price,Volume,52W_High,Ticker_id,Perf_YTD,Perf_Year,SMA200,Perf_Half_Y,Avg_Volume,Perf_Quarter,SMA50,Perf_Month,SMA20,ATR,RSI_14,Perf_Week,Rel_Volume,Change,Price_to_52W_High,Volume_to_Avg_Volume,Price_to_52W_Low,Price_to_Prev_Close,SMA50_to_SMA200,52W_Low_x_SMA20,Change_x_Volume,Price_to_52W_High_x_Perf_Week,52W_Low_x_Price_to_Prev_Close,RSI_oversold,RSI_neutral_low,RSI_neutral_high,RSI_overbought
[LN1192   ] [chunk_19_phase_5_optimization.py] [info]   VAE: using 10 features (optimal threshold's pruning)
[LN1193   ] [chunk_19_phase_5_optimization.py] [info] VAE (LABEL_THRESHOLD=0.0, prediction_binary_split=0.50, hyperparams={'loss_function': 'focal_loss', 'latent_dim': 32, 'learning_rate': 0.0005, 'dropout': 0.05, 'epochs': 50, 'alpha': 0.25, 'gamma': 2.0, 'encoder_layers': 3, 'decoder_layers': 3}, VALIDATION_PRECISION=0.5416):
[LN1194   ] [chunk_19_phase_5_optimization.py] [info]    Winsor bounds applied: percentiles [3%, 97%], n_features=10, clip_range=[-37.3038, 44.2563]
[LN1195   ] [chunk_19_phase_5_optimization.py] [info]    predictions: mean=0.5016, std=0.0017, min=0.4864, max=0.5171
[LN1196   ] [chunk_19_phase_5_optimization.py] [info]    INFERENCE predictions: 92.58% positive predictions (10,965 / 11,844)
[LN1197   ] [chunk_19_phase_5_optimization.py] [info]   VAE t=0.0: inference_precision=0.6504 inference_recall=0.9272 inference_auc=0.5038 inference_f1=0.7645 inference_false_negatives=560 inference_true_negatives=319 inference_true_positives=7132 inference_false_positives=3833
[LN1198   ] [chunk_19_phase_5_optimization.py] [info]   VAE - Inference: inference_precision=0.6504 inference_true_positives=7132 inference_true_negatives=319 inference_false_positives=3833 inference_false_negatives=560 inference_max_prediction=0.5171 inference_mean_prediction=0.5016 inference_recall=0.9272 inference_f1=0.7645 inference_auc=0.5038 inference_specificity=0.0768 inference_false_positive_rate=0.9232 inference_f2=0.8545 inference_mcc=0.0073 inference_prauc=0.6517 inference_balanced_accuracy=0.5020 inference_standard_deviation_prediction=0.0017 inference_percentage_above_threshold=92.58 inference_brier=0.2495 inference_kappa=0.0049 inference_informedness=0.0040 inference_markedness=-0.2727 inference_gini=0.0077 inference_optimal_threshold=0.5010
[LN1199   ] [chunk_19_phase_5_optimization.py] [info] 
[LN1200   ] [chunk_19_phase_5_optimization.py] [info] VAE MODEL PREDICTED SIGNAL (10965 rows)
[LN1201   ] [chunk_19_phase_5_optimization.py] [info] VAE inference_precision=0.6504 prediction_binary_split=0.5 predicted=10965
[LN1202   ] [chunk_19_phase_5_optimization.py] [info] Row,Market_Cap,52W_Low,Prev_Close,Price,Volume,52W_High,Ticker_id,Perf_YTD,Perf_Year,SMA200,Perf_Half_Y,Avg_Volume,Perf_Quarter,SMA50,Perf_Month,SMA20,ATR,RSI_14,Perf_Week,Rel_Volume,Change,Price_to_52W_High,Volume_to_Avg_Volume,Price_to_52W_Low,Price_to_Prev_Close,SMA50_to_SMA200,52W_Low_x_SMA20,Change_x_Volume,Price_to_52W_High_x_Perf_Week,52W_Low_x_Price_to_Prev_Close,RSI_oversold,RSI_neutral_low,RSI_neutral_high,RSI_overbought
[LN1203   ] [chunk_19_phase_5_optimization.py] [info]   XGBoost: using 10 features (optimal threshold's pruning)
[LN1204   ] [chunk_19_phase_5_optimization.py] [info] XGBoost (LABEL_THRESHOLD=0.0, prediction_binary_split=0.52, hyperparams={'n_estimators': 500, 'max_depth': 7, 'learning_rate': 0.05, 'min_child_weight': 100, 'reg_alpha': 1.0, 'reg_lambda': 1.0, 'subsample': 0.6, 'colsample_bytree': 0.5, 'gamma': 0}, VALIDATION_PRECISION=0.5542):
[LN1205   ] [chunk_19_phase_5_optimization.py] [info]    Winsor bounds applied: percentiles [3%, 97%], n_features=10, clip_range=[-6.0368, 28.5934]
[LN1206   ] [chunk_19_phase_5_optimization.py] [info]    predictions: mean=0.5018, std=0.0026, min=0.4928, max=0.5199
[LN1207   ] [chunk_19_phase_5_optimization.py] [info]    INFERENCE predictions: 0.86% positive predictions (102 / 11,844)
[LN1208   ] [chunk_19_phase_5_optimization.py] [info]   XGBoost t=0.0: inference_precision=0.7745 inference_recall=0.0103 inference_auc=0.5154 inference_f1=0.0203 inference_false_negatives=7613 inference_true_negatives=4129 inference_true_positives=79 inference_false_positives=23
[LN1209   ] [chunk_19_phase_5_optimization.py] [info]   XGBoost - Inference: inference_precision=0.7745 inference_true_positives=79 inference_true_negatives=4129 inference_false_positives=23 inference_false_negatives=7613 inference_max_prediction=0.5199 inference_mean_prediction=0.5018 inference_recall=0.0103 inference_f1=0.0203 inference_auc=0.5154 inference_specificity=0.9945 inference_false_positive_rate=0.0055 inference_f2=0.0128 inference_mcc=0.0244 inference_prauc=0.6614 inference_balanced_accuracy=0.5024 inference_standard_deviation_prediction=0.0026 inference_percentage_above_threshold=0.86 inference_brier=0.2494 inference_kappa=0.0033 inference_informedness=0.0047 inference_markedness=0.7690 inference_gini=0.0307 inference_optimal_threshold=0.5015
[LN1210   ] [chunk_19_phase_5_optimization.py] [info] 
[LN1211   ] [chunk_19_phase_5_optimization.py] [info] XGBoost MODEL PREDICTED SIGNAL (102 rows)
[LN1212   ] [chunk_19_phase_5_optimization.py] [info] XGBoost inference_precision=0.7745 prediction_binary_split=0.5198755264282227 predicted=102
[LN1213   ] [chunk_19_phase_5_optimization.py] [info] Row,Market_Cap,52W_Low,Prev_Close,Price,Volume,52W_High,Ticker_id,Perf_YTD,Perf_Year,SMA200,Perf_Half_Y,Avg_Volume,Perf_Quarter,SMA50,Perf_Month,SMA20,ATR,RSI_14,Perf_Week,Rel_Volume,Change,Price_to_52W_High,Volume_to_Avg_Volume,Price_to_52W_Low,Price_to_Prev_Close,SMA50_to_SMA200,52W_Low_x_SMA20,Change_x_Volume,Price_to_52W_High_x_Perf_Week,52W_Low_x_Price_to_Prev_Close,RSI_oversold,RSI_neutral_low,RSI_neutral_high,RSI_overbought
[LN1214   ] [chunk_19_phase_5_optimization.py] [info]   LSTM: using 10 features (optimal threshold's pruning)
[LN1215   ] [chunk_19_phase_5_optimization.py] [info] LSTM (LABEL_THRESHOLD=0.0, prediction_binary_split=0.50, hyperparams={'lstm_units': 32, 'dropout': 0.1, 'learning_rate': 0.001, 'epochs': 50, 'loss_function': 'focal_loss', 'alpha': 1.0, 'gamma': 3.0, 'layers': 1, 'bidirectional': False}, VALIDATION_PRECISION=0.5343):
[LN1216   ] [chunk_19_phase_5_optimization.py] [info]    Winsor bounds applied: percentiles [3%, 92%], n_features=10, clip_range=[-37.3038, 29.7464]
[LN1217   ] [chunk_19_phase_5_optimization.py] [info]    predictions: mean=0.5071, std=0.0865, min=0.1745, max=0.9693
[LN1218   ] [chunk_19_phase_5_optimization.py] [info]    INFERENCE predictions: 62.67% positive predictions (7,423 / 11,844)
[LN1219   ] [chunk_19_phase_5_optimization.py] [info]   LSTM t=0.0: inference_precision=0.6893 inference_recall=0.6652 inference_auc=0.5770 inference_f1=0.6771 inference_false_negatives=2575 inference_true_negatives=1846 inference_true_positives=5117 inference_false_positives=2306
[LN1220   ] [chunk_19_phase_5_optimization.py] [info]   LSTM - Inference: inference_precision=0.6893 inference_true_positives=5117 inference_true_negatives=1846 inference_false_positives=2306 inference_false_negatives=2575 inference_max_prediction=0.9693 inference_mean_prediction=0.5071 inference_recall=0.6652 inference_f1=0.6771 inference_auc=0.5770 inference_specificity=0.4446 inference_false_positive_rate=0.5554 inference_f2=0.6699 inference_mcc=0.1084 inference_prauc=0.7016 inference_balanced_accuracy=0.5549 inference_standard_deviation_prediction=0.0865 inference_percentage_above_threshold=62.67 inference_brier=0.2441 inference_kappa=0.1082 inference_informedness=0.1098 inference_markedness=0.1339 inference_gini=0.1540 inference_optimal_threshold=0.5236
[LN1221   ] [chunk_19_phase_5_optimization.py] [info] 
[LN1222   ] [chunk_19_phase_5_optimization.py] [info] LSTM MODEL PREDICTED SIGNAL (7423 rows)
[LN1223   ] [chunk_19_phase_5_optimization.py] [info] LSTM inference_precision=0.6893 prediction_binary_split=0.5 predicted=7423
[LN1224   ] [chunk_19_phase_5_optimization.py] [info] Row,Market_Cap,52W_Low,Prev_Close,Price,Volume,52W_High,Ticker_id,Perf_YTD,Perf_Year,SMA200,Perf_Half_Y,Avg_Volume,Perf_Quarter,SMA50,Perf_Month,SMA20,ATR,RSI_14,Perf_Week,Rel_Volume,Change,Price_to_52W_High,Volume_to_Avg_Volume,Price_to_52W_Low,Price_to_Prev_Close,SMA50_to_SMA200,52W_Low_x_SMA20,Change_x_Volume,Price_to_52W_High_x_Perf_Week,52W_Low_x_Price_to_Prev_Close,RSI_oversold,RSI_neutral_low,RSI_neutral_high,RSI_overbought
[LN1225   ] [chunk_19_phase_5_optimization.py] [info] Majority label threshold: 0.0 (9 archs)
[LN1226   ] [chunk_19_phase_5_optimization.py] [info] 
[LN1227   ] [chunk_19_phase_5_optimization.py] [info] Consolidated Predicted Signal (9 architectures, min 9 votes):
[LN1228   ] [chunk_19_phase_5_optimization.py] [info] Row,Market_Cap,52W_Low,Prev_Close,Price,Volume,52W_High,Ticker_id,Perf_YTD,Perf_Year,SMA200,Perf_Half_Y,Avg_Volume,Perf_Quarter,SMA50,Perf_Month,SMA20,ATR,RSI_14,Perf_Week,Rel_Volume,Change,Price_to_52W_High,Volume_to_Avg_Volume,Price_to_52W_Low,Price_to_Prev_Close,SMA50_to_SMA200,52W_Low_x_SMA20,Change_x_Volume,Price_to_52W_High_x_Perf_Week,52W_Low_x_Price_to_Prev_Close,RSI_oversold,RSI_neutral_low,RSI_neutral_high,RSI_overbought,VoteCount,VotingArchs
[LN1229   ] [chunk_19_phase_5_optimization.py] [info] 1,17.964817,2.3915112,2.403335,2.3997118,5.583496,2.403335,3886.0,0.47000363,0.0,0.5068176,0.0,11.690243,0.0,0.5068176,0.5877867,0.45742485,0.019802628,65.5,0.4054651,0.0,-0.33647224,0.6923931,0.39043283,0.6948602,0.6923931,0.6931472,1.0939367,-1.8786914,0.28074124,1.6558659,0.0,0.0,1.0,0.0,9,CNN+RNN+Transformer+Dense+CatBoost+LightGBM+VAE+XGBoost+LSTM
[LN1230   ] [chunk_19_phase_5_optimization.py] [info] 2,17.842646,2.384165,2.417698,2.4159138,6.037871,2.4185889,2.0,1.4445633,0.0,0.8109302,0.0,11.155264,0.7371641,0.46373403,0.52472854,0.3220835,0.019802628,58.75,0.3987761,0.0099503305,-0.18232156,0.692594,0.43259868,0.6997833,0.6927781,0.45225605,0.7679002,-1.100834,0.27618995,1.6516974,0.0,0.0,1.0,0.0,9,CNN+RNN+Transformer+Dense+CatBoost+LightGBM+VAE+XGBoost+LSTM
[LN1231   ] [chunk_19_phase_5_optimization.py] [info] 3,0.0,2.373975,2.4078455,2.4078455,9.799404,2.4159138,5772.0,0.64185387,0.0,0.5068176,0.0,10.827965,0.0,0.5068176,0.5877867,0.43178242,0.019802628,76.97,0.4054651,0.3074847,0.0,0.691476,0.64448667,0.7002556,0.6931472,0.6931472,1.0250407,0.0,0.28036937,1.6455141,0.0,0.0,0.0,1.0,9,CNN+RNN+Transformer+Dense+CatBoost+LightGBM+VAE+XGBoost+LSTM
[LN1232   ] [chunk_19_phase_5_optimization.py] [info] 4,17.46591,2.3933394,2.3997118,2.401525,9.312807,2.4006188,4941.0,0.64185387,0.0,0.46373403,0.0,11.562106,0.0,0.46373403,0.64185387,0.3987761,0.0099503305,80.84,0.26236427,0.104360014,0.18232156,0.6933359,0.59081507,0.6948558,0.6935249,0.6931472,0.9544066,1.6979254,0.18190657,1.6598406,0.0,0.0,0.0,1.0,9,CNN+RNN+Transformer+Dense+CatBoost+LightGBM+VAE+XGBoost+LSTM
[LN1233   ] [chunk_19_phase_5_optimization.py] [info] 5,19.201197,2.3860066,2.4292178,2.4292178,9.165238,2.4336133,4413.0,1.7316556,0.0,0.9858168,0.0,10.69083,0.90421814,0.57661337,0.7371641,0.47623417,0.039220713,61.99,0.25464222,0.19885086,0.0,0.6922437,0.6191233,0.70216155,0.6931472,0.46052715,1.136298,0.0,0.17627446,1.6538538,0.0,0.0,1.0,0.0,9,CNN+RNN+Transformer+Dense+CatBoost+LightGBM+VAE+XGBoost+LSTM
[LN1234   ] [chunk_19_phase_5_optimization.py] [info] 6,0.0,0.0,0.0,0.0,0.0,0.0,1316.0,0.0,0.0,0.0,0.0,0.0,0.0,0.0,0.0,0.0,0.0,0.0,0.0,0.0,0.0,0.0,0.0,0.0,0.0,0.0,0.0,0.0,0.0,0.0,1.0,0.0,0.0,0.0,9,CNN+RNN+Transformer+Dense+CatBoost+LightGBM+VAE+XGBoost+LSTM
[LN1235   ] [chunk_19_phase_5_optimization.py] [info] 7,18.424473,1.3737155,1.410987,1.4060969,9.828441,1.446919,3361.0,0.28517893,-1.8531681,-0.26236427,0.0,10.976458,-0.6729445,-0.26236427,-0.27763173,-0.25464222,0.029558802,48.41,0.14842,0.27763173,-0.5007753,0.67894024,0.6394357,0.7048643,0.69141287,0.6931472,-0.34980598,-4.92184,0.10076831,0.9498046,0.0,1.0,0.0,0.0,9,CNN+RNN+Transformer+Dense+CatBoost+LightGBM+VAE+XGBoost+LSTM
[LN1236   ] [chunk_19_phase_5_optimization.py] [info] 8,18.307848,2.4042387,2.4265711,2.4248028,11.728198,2.439735,1001.0,0.9477894,0.0,0.85015094,0.0,11.820932,0.0,0.85015094,0.9858168,0.5187938,0.048790164,60.0,-0.32930374,0.64710325,-0.17395331,0.69008225,0.68921703,0.6974147,0.69278276,0.6931472,1.2473041,-2.0401587,-0.22724667,1.6656151,0.0,0.0,1.0,0.0,9,CNN+RNN+Transformer+Dense+CatBoost+LightGBM+VAE+XGBoost+LSTM
[LN1237   ] [chunk_19_phase_5_optimization.py] [info] 9,17.88812,2.3997118,2.4159138,2.4159138,0.0,2.442347,2856.0,0.7839016,0.0,0.42526773,0.0,11.880557,0.0,0.42526773,0.46373403,0.31481075,0.039220713,65.84,0.0,0.0,0.0,0.687721,0.0,0.6965173,0.6931472,0.6931472,0.7554551,0.0,0.0,1.6633534,0.0,0.0,1.0,0.0,9,CNN+RNN+Transformer+Dense+CatBoost+LightGBM+VAE+XGBoost+LSTM
[LN1238   ] [chunk_19_phase_5_optimization.py] [info] 10,18.149921,2.3960755,2.406945,2.406945,0.0,2.406945,337.0,0.64185387,0.0,0.5007753,0.0,12.490353,0.0,0.5007753,0.53062826,0.44468582,0.029558802,60.32,0.18232156,0.0,0.0,0.6931472,0.0,0.6954128,0.6931472,0.6931472,1.0655007,0.0,0.12637568,1.6608329,0.0,0.0,1.0,0.0,9,CNN+RNN+Transformer+Dense+CatBoost+LightGBM+VAE+XGBoost+LSTM
[LN1239   ] [chunk_19_phase_5_optimization.py] [info] 11,18.185719,2.3933394,2.4466856,2.4406064,3.5553482,2.4466856,2140.0,1.7119945,0.0,1.3912818,0.0,9.650594,1.5173227,0.97832614,0.81536484,0.41210964,0.029558802,59.97,0.45742485,0.0,-0.5068176,0.6919041,0.31364745,0.7029734,0.6919041,0.532499,0.9863183,-1.801913,0.31649414,1.6559614,0.0,0.0,1.0,0.0,9,CNN+RNN+Transformer+Dense+CatBoost+LightGBM+VAE+XGBoost+LSTM
[LN1240   ] [chunk_19_phase_5_optimization.py] [info] 12,19.674158,2.4024305,2.4141264,2.4123359,7.9237103,2.4292178,2763.0,-0.87962675,0.0,0.12221763,0.0,12.220276,0.048790164,0.31481075,0.52472854,0.36464313,0.029558802,57.51,0.18232156,0.0099503305,-0.18232156,0.6896664,0.49980924,0.69520664,0.69277626,1.2741947,0.87602973,-1.4446632,0.12574105,1.6643468,0.0,0.0,1.0,0.0,9,CNN+RNN+Transformer+Dense+CatBoost+LightGBM+VAE+XGBoost+LSTM
[LN1241   ] [chunk_19_phase_5_optimization.py] [info] 13,17.965448,2.3924258,2.401525,2.4006188,9.250618,2.401525,4043.0,0.47000363,0.0,0.48858002,0.0,11.659024,0.0,0.48858002,0.5877867,0.36464313,0.019802628,70.16,0.18232156,0.0861777,-0.09531018,0.6929585,0.5841299,0.694858,0.6929585,0.6931472,0.87238157,-0.8816781,0.12634127,1.6578518,0.0,0.0,0.0,1.0,9,CNN+RNN+Transformer+Dense+CatBoost+LightGBM+VAE+XGBoost+LSTM
[LN1242   ] [chunk_19_phase_5_optimization.py] [info] 14,0.0,0.0,0.0,0.0,0.0,0.0,1971.0,0.0,0.0,0.0,0.0,0.0,0.0,0.0,0.0,0.0,0.0,0.0,0.0,0.0,0.0,0.0,0.0,0.0,0.0,0.0,0.0,0.0,0.0,0.0,1.0,0.0,0.0,0.0,9,CNN+RNN+Transformer+Dense+CatBoost+LightGBM+VAE+XGBoost+LSTM
[LN1243   ] [chunk_19_phase_5_optimization.py] [info] 15,0.0,0.0,0.0,0.0,0.0,0.0,4281.0,0.0,0.0,0.0,0.0,0.0,0.0,0.0,0.0,0.0,0.0,0.0,0.0,0.0,0.0,0.0,0.0,0.0,0.0,0.0,0.0,0.0,0.0,0.0,1.0,0.0,0.0,0.0,9,CNN+RNN+Transformer+Dense+CatBoost+LightGBM+VAE+XGBoost+LSTM
[LN1244   ] [chunk_19_phase_5_optimization.py] [info] 16,18.149529,2.3915112,2.3960755,2.3960755,5.293305,2.3978953,4993.0,0.4054651,0.0,0.13976194,0.0,12.207227,0.0,0.13976194,0.0,0.13976194,0.019802628,0.0,0.09531018,0.0,0.0,0.6927676,0.36020312,0.694101,0.6931472,0.6931471,0.33424225,0.0,0.066027805,1.6576693,1.0,0.0,0.0,0.0,9,CNN+RNN+Transformer+Dense+CatBoost+LightGBM+VAE+XGBoost+LSTM
[LN1245   ] [chunk_19_phase_5_optimization.py] [info] 17,17.477276,2.3933394,2.4024305,2.401525,8.0712185,2.4024305,1996.0,0.64185387,0.0,0.35065687,0.0,11.008099,0.0,0.35065687,0.25464222,0.32930374,0.019802628,66.89,0.25464222,0.048790164,-0.104360014,0.6929587,0.54997367,0.6948558,0.6929587,0.6931472,0.78813565,-0.8423125,0.17645654,1.6584854,0.0,0.0,1.0,0.0,9,CNN+RNN+Transformer+Dense+CatBoost+LightGBM+VAE+XGBoost+LSTM
[LN1246   ] [chunk_19_phase_5_optimization.py] [info] 18,16.368076,2.3933394,2.4230313,2.4221444,6.1420374,2.4379897,4516.0,1.3887912,0.0,0.9202828,0.0,7.8284364,1.3635374,0.57097954,0.25464222,0.13976194,0.0099503305,65.58,0.0,0.16551444,-0.09531018,0.6898922,0.5791833,0.69914687,0.69296414,0.48269725,0.33449778,-0.5853987,0.0,1.6584984,0.0,0.0,1.0,0.0,9,CNN+RNN+Transformer+Dense+CatBoost+LightGBM+VAE+XGBoost+LSTM
[LN1247   ] [chunk_19_phase_5_optimization.py] [info] 19,0.0,0.0,0.0,0.0,0.0,0.0,4559.0,0.0,0.0,0.0,0.0,0.0,0.0,0.0,0.0,0.0,0.0,0.0,0.0,0.0,0.0,0.0,0.0,0.0,0.0,0.0,0.0,0.0,0.0,0.0,1.0,0.0,0.0,0.0,9,CNN+RNN+Transformer+Dense+CatBoost+LightGBM+VAE+XGBoost+LSTM
[LN1248   ] [chunk_19_phase_5_optimization.py] [info] 20,18.399559,2.3776925,2.4168062,2.4168062,0.0,2.4664032,3746.0,1.6034198,0.0,1.1631508,0.0,8.689632,1.1939225,0.6830968,0.7839016,0.28517893,0.019802628,67.73,0.15700375,0.0,0.0,0.6830418,0.0,0.70133865,0.6931472,0.46202275,0.67806786,0.0,0.10724012,1.6480908,0.0,0.0,1.0,0.0,9,CNN+RNN+Transformer+Dense+CatBoost+LightGBM+VAE+XGBoost+LSTM
[LN1249   ] [chunk_19_phase_5_optimization.py] [info] 21,19.792547,2.4042387,2.4239173,2.4221444,9.121618,2.4466856,3757.0,-0.8109302,0.0,0.64710325,0.0,11.500053,0.70803577,0.74193734,0.9477894,0.3435897,0.029558802,62.97,-0.17395331,0.0861777,-0.17395331,0.6881194,0.5839909,0.696864,0.6927814,0.7638627,0.8260717,-1.5867357,-0.11970064,1.6656119,0.0,0.0,1.0,0.0,9,CNN+RNN+Transformer+Dense+CatBoost+LightGBM+VAE+XGBoost+LSTM
[LN1250   ] [chunk_19_phase_5_optimization.py] [info] 22,18.594213,2.3978953,2.401525,2.4006188,11.084877,2.401525,3137.0,0.26236427,0.0,0.12221763,0.0,13.241197,0.0,0.12221763,0.0,0.12221763,0.0099503305,0.0,0.09531018,0.11332869,-0.09531018,0.6929585,0.60821587,0.6937149,0.6929585,0.6931471,0.29306507,-1.0565016,0.066046,1.6616418,1.0,0.0,0.0,0.0,9,CNN+RNN+Transformer+Dense+CatBoost+LightGBM+VAE+XGBoost+LSTM
[LN1251   ] [chunk_19_phase_5_optimization.py] [info] 23,0.0,0.0,0.0,0.0,0.0,0.0,4059.0,0.0,0.0,0.0,0.0,0.0,0.0,0.0,0.0,0.0,0.0,0.0,0.0,0.0,0.0,0.0,0.0,0.0,0.0,0.0,0.0,0.0,0.0,0.0,1.0,0.0,0.0,0.0,9,CNN+RNN+Transformer+Dense+CatBoost+LightGBM+VAE+XGBoost+LSTM
[LN1252   ] [chunk_19_phase_5_optimization.py] [info] 24,17.893894,2.3795462,2.4221444,2.4221444,11.411579,2.539237,3167.0,1.4861397,0.0,-0.14842,0.0,10.987172,-1.160021,0.52472854,0.5822156,0.41210964,0.029558802,60.03,0.24686007,0.9282193,0.0,0.66982055,0.71227676,0.70205826,0.6931472,-1.51192,0.9806339,0.0,0.16535196,1.6493757,0.0,0.0,1.0,0.0,9,CNN+RNN+Transformer+Dense+CatBoost+LightGBM+VAE+XGBoost+LSTM
[LN1253   ] [chunk_19_phase_5_optimization.py] [info] 25,18.105696,2.390596,2.406945,2.406945,3.988984,2.406945,4051.0,0.9593502,0.0,0.8197798,0.0,12.170865,0.0,0.8197798,0.9593502,0.70803577,0.029558802,78.51,0.33647224,0.0,0.0,0.6931472,0.28348473,0.6965608,0.6931472,0.6931472,1.6926275,0.0,0.23322478,1.6570349,0.0,0.0,0.0,1.0,9,CNN+RNN+Transformer+Dense+CatBoost+LightGBM+VAE+XGBoost+LSTM
[LN1254   ] [chunk_19_phase_5_optimization.py] [info] 26,17.868687,2.398804,2.4336133,2.4309783,9.768297,2.4379897,2366.0,1.5260563,0.0,1.0784096,0.0,13.102285,0.0,1.0784096,1.054312,0.85441536,0.048790164,70.08,0.57661337,0.039220713,-0.25464222,0.6917082,0.55706483,0.6998311,0.6926057,0.6931472,2.0495749,-2.487421,0.39884818,1.6614251,0.0,0.0,0.0,1.0,9,CNN+RNN+Transformer+Dense+CatBoost+LightGBM+VAE+XGBoost+LSTM
[LN1255   ] [chunk_19_phase_5_optimization.py] [info] 27,18.831133,2.3960755,2.401525,2.4024305,5.7430034,2.406945,3046.0,0.47000363,0.0,0.3435897,0.0,13.042261,0.0,0.3435897,0.5007753,0.3220835,0.029558802,61.21,-0.18232156,0.0,0.09531018,0.6922089,0.36487782,0.69447243,0.69333565,0.6931472,0.7717364,0.5473667,-0.12620461,1.6612846,0.0,0.0,1.0,0.0,9,CNN+RNN+Transformer+Dense+CatBoost+LightGBM+VAE+XGBoost+LSTM
[LN1256   ] [chunk_19_phase_5_optimization.py] [info] 28,16.445238,2.3813963,2.4078455,2.4078455,0.0,2.4265711,841.0,0.7178398,0.0,0.5596158,0.0,10.587367,0.0,0.5596158,0.5877867,0.43178242,0.029558802,80.24,0.4054651,0.0,0.0,0.6892813,0.0,0.69868517,0.6931472,0.6931472,1.0282451,0.0,0.2794795,1.6506581,0.0,0.0,0.0,1.0,9,CNN+RNN+Transformer+Dense+CatBoost+LightGBM+VAE+XGBoost+LSTM
[LN1257   ] [chunk_19_phase_5_optimization.py] [info] 29,18.024523,2.3887627,2.4060438,2.4024305,4.8520303,2.442347,5366.0,0.6151856,0.0,0.25464222,0.0,10.672229,0.0,0.2390169,0.09531018,0.0099503305,0.019802628,52.71,0.09531018,0.0,-0.33647224,0.6849418,0.37475896,0.6960039,0.692396,0.6619857,0.02376898,-1.6325735,0.06528193,1.6539698,0.0,0.0,1.0,0.0,9,CNN+RNN+Transformer+Dense+CatBoost+LightGBM+VAE+XGBoost+LSTM
[LN1258   ] [chunk_19_phase_5_optimization.py] [info] 30,19.676895,2.3978953,2.4141264,2.4141264,12.403057,2.4318573,5109.0,0.9932518,0.0,0.53062826,0.0,11.309229,0.87129337,0.3987761,0.5822156,0.3220835,0.019802628,64.03,0.0,1.3837912,0.0,0.68949497,0.7403742,0.69652593,0.6931472,0.5604822,0.7723225,0.0,0.0,1.6620944,0.0,0.0,1.0,0.0,9,CNN+RNN+Transformer+Dense+CatBoost+LightGBM+VAE+XGBoost+LSTM
[LN1259   ] [chunk_19_phase_5_optimization.py] [info] 31,0.0,0.0,0.0,0.0,0.0,0.0,2585.0,0.0,0.0,0.0,0.0,0.0,0.0,0.0,0.0,0.0,0.0,0.0,0.0,0.0,0.0,0.0,0.0,0.0,0.0,0.0,0.0,0.0,0.0,0.0,1.0,0.0,0.0,0.0,9,CNN+RNN+Transformer+Dense+CatBoost+LightGBM+VAE+XGBoost+LSTM
[LN1260   ] [chunk_19_phase_5_optimization.py] [info] 32,0.0,0.0,0.0,0.0,0.0,0.0,2785.0,0.0,0.0,0.0,0.0,0.0,0.0,0.0,0.0,0.0,0.0,0.0,0.0,0.0,0.0,0.0,0.0,0.0,0.0,0.0,0.0,0.0,0.0,0.0,1.0,0.0,0.0,0.0,9,CNN+RNN+Transformer+Dense+CatBoost+LightGBM+VAE+XGBoost+LSTM
[LN1261   ] [chunk_19_phase_5_optimization.py] [info] 33,18.05655,2.3978953,2.406945,2.4051416,3.637586,2.4087453,1071.0,0.53062826,0.0,0.36464313,0.0,11.666428,0.0,0.3220835,0.33647224,0.19062036,0.0099503305,58.61,0.0,0.0,-0.18232156,0.69239885,0.27139986,0.694657,0.6927725,0.6330171,0.45708767,-0.6632104,0.0,1.6611959,0.0,0.0,1.0,0.0,9,CNN+RNN+Transformer+Dense+CatBoost+LightGBM+VAE+XGBoost+LSTM
[LN1262   ] [chunk_19_phase_5_optimization.py] [info] 34,18.685503,2.3933394,2.3960755,2.3960755,5.556828,2.398804,1090.0,-0.09531018,0.0,0.05826891,0.0,12.995192,0.0,0.05826891,-0.09531018,0.09531018,0.0099503305,52.26,0.26236427,0.0,0.0,0.6925783,0.35599926,0.6937186,0.6931472,0.6931471,0.22810961,0.0,0.1817078,1.6589365,0.0,0.0,1.0,0.0,9,CNN+RNN+Transformer+Dense+CatBoost+LightGBM+VAE+XGBoost+LSTM
[LN1263   ] [chunk_19_phase_5_optimization.py] [info] 35,0.0,0.0,0.0,0.0,0.0,0.0,5616.0,0.0,0.0,0.0,0.0,0.0,0.0,0.0,0.0,0.0,0.0,0.0,0.0,0.0,0.0,0.0,0.0,0.0,0.0,0.0,0.0,0.0,0.0,0.0,1.0,0.0,0.0,0.0,9,CNN+RNN+Transformer+Dense+CatBoost+LightGBM+VAE+XGBoost+LSTM
[LN1264   ] [chunk_19_phase_5_optimization.py] [info] 36,0.0,0.0,0.0,0.0,0.0,0.0,1630.0,0.0,0.0,0.0,0.0,0.0,0.0,0.0,0.0,0.0,0.0,0.0,0.0,0.0,0.0,0.0,0.0,0.0,0.0,0.0,0.0,0.0,0.0,0.0,1.0,0.0,0.0,0.0,9,CNN+RNN+Transformer+Dense+CatBoost+LightGBM+VAE+XGBoost+LSTM
[LN1265   ] [chunk_19_phase_5_optimization.py] [info] 37,17.735502,2.3331144,2.4051416,2.4051416,7.698936,2.4327357,1697.0,0.5877867,0.0,0.41871032,0.0,11.073661,0.0,0.36464313,0.53062826,0.28517893,0.048790164,60.34,0.26236427,0.029558802,0.0,0.68745965,0.5278288,0.70846516,0.6931472,0.62640464,0.6653551,0.0,0.18036483,1.6171916,0.0,0.0,1.0,0.0,9,CNN+RNN+Transformer+Dense+CatBoost+LightGBM+VAE+XGBoost+LSTM
[LN1266   ] [chunk_19_phase_5_optimization.py] [info] 38,19.301634,2.3978953,2.4105422,2.4114394,9.853982,2.4114394,4017.0,0.91629076,0.0,0.57097954,0.0,13.39068,0.0,0.57097954,0.63657683,0.46373403,0.029558802,73.87,0.18232156,0.029558802,0.13976194,0.6931472,0.55151653,0.6959674,0.69333327,0.6931472,1.1119856,1.3772117,0.12637568,1.6625406,0.0,0.0,0.0,1.0,9,CNN+RNN+Transformer+Dense+CatBoost+LightGBM+VAE+XGBoost+LSTM
[LN1267   ] [chunk_19_phase_5_optimization.py] [info] 39,16.916954,2.387845,2.4248028,2.4248028,9.389574,2.4248028,4159.0,1.5973654,0.0,1.0612565,0.0,10.545368,1.0577903,0.52472854,0.46373403,0.3074847,0.019802628,64.65,0.21511137,0.27002713,0.0,0.6931472,0.63678735,0.70085615,0.6931472,0.40175208,0.7342258,0.0,0.14910385,1.655128,0.0,0.0,1.0,0.0,9,CNN+RNN+Transformer+Dense+CatBoost+LightGBM+VAE+XGBoost+LSTM
[LN1268   ] [chunk_19_phase_5_optimization.py] [info] 40,18.170937,2.387845,2.4132316,2.4132316,7.355641,2.4379897,5501.0,1.0296195,0.0,0.5877867,0.0,9.654449,0.95551145,0.42526773,0.46373403,0.20701417,0.029558802,63.72,0.09531018,0.09531018,0.0,0.68805665,0.56638783,0.6984489,0.6931472,0.5443611,0.49431774,0.0,0.0655788,1.655128,0.0,0.0,1.0,0.0,9,CNN+RNN+Transformer+Dense+CatBoost+LightGBM+VAE+XGBoost+LSTM
[LN1269   ] [chunk_19_phase_5_optimization.py] [info] 41,0.0,0.0,0.0,0.0,0.0,0.0,1983.0,0.0,0.0,0.0,0.0,0.0,0.0,0.0,0.0,0.0,0.0,0.0,0.0,0.0,0.0,0.0,0.0,0.0,0.0,0.0,0.0,0.0,0.0,0.0,1.0,0.0,0.0,0.0,9,CNN+RNN+Transformer+Dense+CatBoost+LightGBM+VAE+XGBoost+LSTM
[LN1270   ] [chunk_19_phase_5_optimization.py] [info] 42,16.558285,2.3933394,2.4292178,2.4292178,5.641907,2.4432163,433.0,1.6134299,0.0,1.0402768,0.0,9.323758,1.2149128,0.53062826,0.3987761,0.06765865,0.0099503305,60.69,-0.09531018,0.029558802,0.0,0.6902783,0.4731928,0.7006147,0.6931472,0.4121651,0.16193011,0.0,-0.06579055,1.6589365,0.0,0.0,1.0,0.0,9,CNN+RNN+Transformer+Dense+CatBoost+LightGBM+VAE+XGBoost+LSTM
[LN1271   ] [chunk_19_phase_5_optimization.py] [info] 43,18.613943,2.3005831,2.4078455,2.4078455,11.23737,2.4078455,4130.0,0.87546873,0.0,0.6097656,0.0,9.804275,0.6678294,0.5007753,0.47000363,0.28517893,0.019802628,61.81,0.18232156,1.6467336,0.0,0.6931472,0.76368505,0.71619165,0.6931472,0.59952784,0.65607786,0.0,0.12637568,1.5946426,0.0,0.0,1.0,0.0,9,CNN+RNN+Transformer+Dense+CatBoost+LightGBM+VAE+XGBoost+LSTM
[LN1272   ] [chunk_19_phase_5_optimization.py] [info] 44,0.0,0.0,0.0,0.0,0.0,0.0,1984.0,0.0,0.0,0.0,0.0,0.0,0.0,0.0,0.0,0.0,0.0,0.0,0.0,0.0,0.0,0.0,0.0,0.0,0.0,0.0,0.0,0.0,0.0,0.0,1.0,0.0,0.0,0.0,9,CNN+RNN+Transformer+Dense+CatBoost+LightGBM+VAE+XGBoost+LSTM
[LN1273   ] [chunk_19_phase_5_optimization.py] [info] 45,18.550041,2.390596,2.3951643,2.3960755,7.9505024,2.4185889,4405.0,0.13976194,0.0,0.12221763,0.0,12.118721,0.0,0.12221763,0.0,0.12221763,0.039220713,56.82,0.048790164,0.019802628,0.048790164,0.6884821,0.504436,0.69429255,0.6933374,0.6931471,0.29217297,0.3879063,0.033591155,1.6574895,0.0,0.0,1.0,0.0,9,CNN+RNN+Transformer+Dense+CatBoost+LightGBM+VAE+XGBoost+LSTM
[LN1274   ] [chunk_19_phase_5_optimization.py] [info] 46,17.887098,2.3915112,2.401525,2.403335,11.049492,2.403335,2373.0,0.72270596,0.0,0.57097954,0.0,12.07386,0.0,0.5481214,0.6151856,0.3852624,0.019802628,67.3,0.3001046,0.3074847,0.13976194,0.6931472,0.64980024,0.6956161,0.69352394,0.6729275,0.92135936,1.5442985,0.20801665,1.6585703,0.0,0.0,1.0,0.0,9,CNN+RNN+Transformer+Dense+CatBoost+LightGBM+VAE+XGBoost+LSTM
[LN1275   ] [chunk_19_phase_5_optimization.py] [info] 47,18.078894,2.3933394,2.4024305,2.4024305,8.66768,2.403335,561.0,0.6981347,0.0,0.48242614,0.0,11.479586,0.0,0.46373403,0.47000363,0.31481075,0.0099503305,66.77,0.09531018,0.05826891,0.0,0.69295895,0.5624983,0.6950446,0.6931472,0.673584,0.75344896,0.0,0.066046044,1.6589365,0.0,0.0,1.0,0.0,9,CNN+RNN+Transformer+Dense+CatBoost+LightGBM+VAE+XGBoost+LSTM
[LN1276   ] [chunk_19_phase_5_optimization.py] [info] 48,0.0,0.0,0.0,0.0,0.0,0.0,1984.0,0.0,0.0,0.0,0.0,0.0,0.0,0.0,0.0,0.0,0.0,0.0,0.0,0.0,0.0,0.0,0.0,0.0,0.0,0.0,0.0,0.0,0.0,0.0,1.0,0.0,0.0,0.0,9,CNN+RNN+Transformer+Dense+CatBoost+LightGBM+VAE+XGBoost+LSTM
[LN1277   ] [chunk_19_phase_5_optimization.py] [info] 49,18.360506,2.398804,2.4309783,2.4309783,0.0,2.437116,2545.0,1.5018528,0.0,1.0818052,0.0,8.903951,1.3812819,0.8020016,0.67803353,0.3074847,0.019802628,68.78,0.13102826,0.0,0.0,0.6918872,0.0,0.6998311,0.6931472,0.5546635,0.7375955,0.0,0.09065677,1.6627241,0.0,0.0,1.0,0.0,9,CNN+RNN+Transformer+Dense+CatBoost+LightGBM+VAE+XGBoost+LSTM
[LN1278   ] [chunk_19_phase_5_optimization.py] [info] 50,16.911089,2.3869262,2.4327357,2.4327357,2.3025851,2.5095992,1083.0,1.6714733,0.0,1.2612978,0.0,9.869983,1.2725656,0.59332687,0.57661337,0.35065687,0.029558802,64.37,0.32930374,0.0,0.0,0.6777148,0.20968679,0.70269734,0.6931472,0.3855411,0.8369921,0.0,0.22317402,1.6544912,0.0,0.0,1.0,0.0,9,CNN+RNN+Transformer+Dense+CatBoost+LightGBM+VAE+XGBoost+LSTM
[LN1279   ] [chunk_19_phase_5_optimization.py] [info] 51,17.866774,2.3915112,2.3978953,2.3978953,1.3862944,2.3978953,2580.0,0.33647224,0.0,0.28517893,0.0,11.428576,0.0,0.28517893,0.0,0.28517893,0.019802628,70.0,0.26236427,0.0,0.0,0.6931472,0.114489354,0.694481,0.6931472,0.6931472,0.6820087,0.0,0.18185705,1.6576693,0.0,0.0,0.0,1.0,9,CNN+RNN+Transformer+Dense+CatBoost+LightGBM+VAE+XGBoost+LSTM
[LN1280   ] [chunk_19_phase_5_optimization.py] [info] 52,0.0,0.0,0.0,0.0,0.0,0.0,1983.0,0.0,0.0,0.0,0.0,0.0,0.0,0.0,0.0,0.0,0.0,0.0,0.0,0.0,0.0,0.0,0.0,0.0,0.0,0.0,0.0,0.0,0.0,0.0,1.0,0.0,0.0,0.0,9,CNN+RNN+Transformer+Dense+CatBoost+LightGBM+VAE+XGBoost+LSTM
[LN1281   ] [chunk_19_phase_5_optimization.py] [info] 53,17.964659,2.3915112,2.3997118,2.401525,10.527686,2.4024305,754.0,0.47623417,0.0,0.47000363,0.0,11.45223,0.0,0.47000363,0.4054651,0.37156355,0.019802628,61.38,0.4054651,0.33647224,0.18232156,0.6929587,0.6519447,0.6952386,0.6935249,0.6931472,0.88859844,1.9194242,0.28097057,1.6585727,0.0,0.0,1.0,0.0,9,CNN+RNN+Transformer+Dense+CatBoost+LightGBM+VAE+XGBoost+LSTM
[LN1282   ] [chunk_19_phase_5_optimization.py] [info] 54,17.879225,2.3924258,2.406945,2.4051416,5.4026775,2.4096441,4912.0,0.78845733,0.0,0.57097954,0.0,11.854464,0.0,0.57097954,0.64185387,0.44468582,0.029558802,62.55,0.53062826,0.0,-0.18232156,0.69221246,0.37552157,0.6958012,0.6927725,0.6931472,1.0638778,-0.9850246,0.36730748,1.6574068,0.0,0.0,1.0,0.0,9,CNN+RNN+Transformer+Dense+CatBoost+LightGBM+VAE+XGBoost+LSTM
[LN1283   ] [chunk_19_phase_5_optimization.py] [info] 55,18.61221,2.3887627,2.4024305,2.4006188,11.510883,2.403335,1857.0,0.5877867,0.0,0.57097954,0.0,12.09537,0.0,0.57097954,0.64710325,0.4510756,0.039220713,66.31,0.26236427,0.44468582,-0.18232156,0.69258195,0.6686889,0.6956257,0.69277006,0.6931472,1.0775126,-2.0986822,0.18170875,1.6548634,0.0,0.0,1.0,0.0,9,CNN+RNN+Transformer+Dense+CatBoost+LightGBM+VAE+XGBoost+LSTM
[LN1284   ] [chunk_19_phase_5_optimization.py] [info] 56,0.0,0.0,0.0,0.0,0.0,0.0,2410.0,0.0,0.0,0.0,0.0,0.0,0.0,0.0,0.0,0.0,0.0,0.0,0.0,0.0,0.0,0.0,0.0,0.0,0.0,0.0,0.0,0.0,0.0,0.0,1.0,0.0,0.0,0.0,9,CNN+RNN+Transformer+Dense+CatBoost+LightGBM+VAE+XGBoost+LSTM
[LN1285   ] [chunk_19_phase_5_optimization.py] [info] 57,0.0,0.0,0.0,0.0,0.0,0.0,5616.0,0.0,0.0,0.0,0.0,0.0,0.0,0.0,0.0,0.0,0.0,0.0,0.0,0.0,0.0,0.0,0.0,0.0,0.0,0.0,0.0,0.0,0.0,0.0,1.0,0.0,0.0,0.0,9,CNN+RNN+Transformer+Dense+CatBoost+LightGBM+VAE+XGBoost+LSTM
[LN1286   ] [chunk_19_phase_5_optimization.py] [info] 58,18.019157,2.3915112,2.4006188,2.401525,6.1675167,2.403335,539.0,0.53062826,0.0,0.48242614,0.0,11.414552,0.0,0.48242614,0.5596158,0.42526773,0.019802628,66.11,0.0,0.0099503305,0.09531018,0.69277054,0.43199053,0.6952386,0.6933359,0.6931472,1.0170326,0.5878271,0.0,1.6581206,0.0,0.0,1.0,0.0,9,CNN+RNN+Transformer+Dense+CatBoost+LightGBM+VAE+XGBoost+LSTM
[LN1287   ] [chunk_19_phase_5_optimization.py] [info] 59,0.0,0.0,0.0,0.0,0.0,0.0,1630.0,0.0,0.0,0.0,0.0,0.0,0.0,0.0,0.0,0.0,0.0,0.0,0.0,0.0,0.0,0.0,0.0,0.0,0.0,0.0,0.0,0.0,0.0,0.0,1.0,0.0,0.0,0.0,9,CNN+RNN+Transformer+Dense+CatBoost+LightGBM+VAE+XGBoost+LSTM
[LN1288   ] [chunk_19_phase_5_optimization.py] [info] 60,18.185719,2.3804717,2.4024305,2.3978953,5.3423343,2.4024305,3226.0,0.09531018,0.0,0.19062036,0.0,11.19466,0.0,0.19062036,0.4054651,0.13102826,0.029558802,51.44,0.0,0.0,-0.4054651,0.69220287,0.39016306,0.6968002,0.69220287,0.6931472,0.31190905,-2.16613,0.0,1.6477693,0.0,0.0,1.0,0.0,9,CNN+RNN+Transformer+Dense+CatBoost+LightGBM+VAE+XGBoost+LSTM
[LN1289   ] [chunk_19_phase_5_optimization.py] [info] 61,0.0,0.0,0.0,0.0,0.0,0.0,2785.0,0.0,0.0,0.0,0.0,0.0,0.0,0.0,0.0,0.0,0.0,0.0,0.0,0.0,0.0,0.0,0.0,0.0,0.0,0.0,0.0,0.0,0.0,0.0,1.0,0.0,0.0,0.0,9,CNN+RNN+Transformer+Dense+CatBoost+LightGBM+VAE+XGBoost+LSTM
[LN1290   ] [chunk_19_phase_5_optimization.py] [info] 62,18.98121,2.3850863,2.4283364,2.427454,8.453188,2.4336133,3278.0,1.733424,0.0,1.2267123,0.0,11.067435,1.3584092,0.7178398,0.6830968,0.35065687,0.039220713,58.6,-0.17395331,0.06765865,-0.09531018,0.69188094,0.5674645,0.70198977,0.6929655,0.460694,0.8363469,-0.80567485,-0.12035497,1.6527826,0.0,0.0,1.0,0.0,9,CNN+RNN+Transformer+Dense+CatBoost+LightGBM+VAE+XGBoost+LSTM
[LN1291   ] [chunk_19_phase_5_optimization.py] [info] 63,18.420681,2.3924258,2.3978953,2.3978953,11.04911,2.4203682,5843.0,0.33647224,0.0,0.18232156,0.0,13.130909,0.0,0.18232156,0.0,0.18232156,0.029558802,66.47,0.0,0.11332869,0.0,0.6884939,0.61055773,0.6942896,0.6931472,0.6931472,0.43619078,0.0,0.0,1.6583031,0.0,0.0,1.0,0.0,9,CNN+RNN+Transformer+Dense+CatBoost+LightGBM+VAE+XGBoost+LSTM
[LN1292   ] [chunk_19_phase_5_optimization.py] [info] 64,18.216604,2.3933394,2.4212565,2.4221444,4.553877,2.4221444,1250.0,1.4134231,0.0,0.93609333,0.0,9.768297,1.3083328,0.67803353,0.52472854,0.36464313,0.0099503305,70.69,0.18232156,0.0099503305,0.07696104,0.6931472,0.3826668,0.69914687,0.69333047,0.54483426,0.87271476,0.3504711,0.12637568,1.6593752,0.0,0.0,0.0,1.0,9,CNN+RNN+Transformer+Dense+CatBoost+LightGBM+VAE+XGBoost+LSTM
[LN1293   ] [chunk_19_phase_5_optimization.py] [info] 65,0.0,0.0,0.0,0.0,0.0,0.0,2585.0,0.0,0.0,0.0,0.0,0.0,0.0,0.0,0.0,0.0,0.0,0.0,0.0,0.0,0.0,0.0,0.0,0.0,0.0,0.0,0.0,0.0,0.0,0.0,1.0,0.0,0.0,0.0,9,CNN+RNN+Transformer+Dense+CatBoost+LightGBM+VAE+XGBoost+LSTM
[LN1294   ] [chunk_19_phase_5_optimization.py] [info] 66,18.151886,2.384165,2.3969858,2.3951643,10.257098,2.3978953,2984.0,0.26236427,0.0,0.22314355,0.0,11.199734,0.0,0.22314355,0.33647224,0.19885086,0.019802628,57.58,0.09531018,0.32930374,-0.18232156,0.69257754,0.65015304,0.69545126,0.69276714,0.6931472,0.4740933,-1.87009,0.06600969,1.6516713,0.0,0.0,1.0,0.0,9,CNN+RNN+Transformer+Dense+CatBoost+LightGBM+VAE+XGBoost+LSTM
[LN1295   ] [chunk_19_phase_5_optimization.py] [info] 67,18.159315,2.390596,2.403335,2.403335,10.720157,2.437116,1297.0,0.5877867,0.0,0.47000363,0.0,10.797757,0.0,0.43178242,0.33647224,0.37156355,0.0099503305,68.62,0.27002713,0.65752,0.0,0.6861925,0.68954736,0.69580805,0.6931472,0.65163684,0.88825834,0.0,0.1852906,1.6570349,0.0,0.0,1.0,0.0,9,CNN+RNN+Transformer+Dense+CatBoost+LightGBM+VAE+XGBoost+LSTM
[LN1296   ] [chunk_19_phase_5_optimization.py] [info] 68,0.0,0.0,0.0,0.0,0.0,0.0,4059.0,0.0,0.0,0.0,0.0,0.0,0.0,0.0,0.0,0.0,0.0,0.0,0.0,0.0,0.0,0.0,0.0,0.0,0.0,0.0,0.0,0.0,0.0,0.0,1.0,0.0,0.0,0.0,9,CNN+RNN+Transformer+Dense+CatBoost+LightGBM+VAE+XGBoost+LSTM
[LN1297   ] [chunk_19_phase_5_optimization.py] [info] 69,16.691896,0.24686007,0.3435897,0.33647224,13.029291,1.3402504,2416.0,-4.4080596,-4.4411206,-3.7440777,0.09531018,13.566025,-3.4368863,-2.653946,-2.634045,-2.0579624,0.029558802,39.08,-1.9473377,0.45742485,-1.3350011,0.22398461,0.67316663,0.85993534,0.6827356,0.5358138,-0.5080288,-17.394117,-0.43617368,0.16854018,0.0,1.0,0.0,0.0,9,CNN+RNN+Transformer+Dense+CatBoost+LightGBM+VAE+XGBoost+LSTM
[LN1298   ] [chunk_19_phase_5_optimization.py] [info] 70,0.0,0.0,0.0,0.0,0.0,0.0,1295.0,0.0,0.0,0.0,0.0,0.0,0.0,0.0,0.0,0.0,0.0,0.0,0.0,0.0,0.0,0.0,0.0,0.0,0.0,0.0,0.0,0.0,0.0,0.0,1.0,0.0,0.0,0.0,9,CNN+RNN+Transformer+Dense+CatBoost+LightGBM+VAE+XGBoost+LSTM
[LN1299   ] [chunk_19_phase_5_optimization.py] [info] 71,18.18875,2.3887627,2.403335,2.401525,4.8441873,2.4185889,4036.0,0.5877867,0.0,0.21511137,0.0,11.485667,0.0,0.18232156,0.09531018,0.039220713,0.019802628,53.21,-0.11332869,0.0,-0.18232156,0.68961334,0.35189506,0.6958149,0.69277054,0.61387026,0.09368898,-0.88319975,-0.07815297,1.6548645,0.0,0.0,1.0,0.0,9,CNN+RNN+Transformer+Dense+CatBoost+LightGBM+VAE+XGBoost+LSTM
[LN1300   ] [chunk_19_phase_5_optimization.py] [info] 72,18.631914,2.3869262,2.3997118,2.3997118,12.3415165,2.401525,608.0,0.72270596,0.0,0.64710325,0.0,11.857514,0.0,0.64710325,0.7701082,0.41871032,0.019802628,72.46,0.13976194,0.96317434,0.048790164,0.6927696,0.7133508,0.6958218,0.6931472,0.6931472,0.99943066,0.6021446,0.09682282,1.6544912,0.0,0.0,0.0,1.0,9,CNN+RNN+Transformer+Dense+CatBoost+LightGBM+VAE+XGBoost+LSTM
[LN1301   ] [chunk_19_phase_5_optimization.py] [info] 73,18.315098,2.3978953,2.4096441,2.4078455,4.624973,2.419479,3061.0,0.74193734,0.0,0.43825492,0.0,10.329441,0.0,0.43825492,0.47000363,0.21511137,0.0099503305,64.8,0.18232156,0.0,-0.18232156,0.6907402,0.37000832,0.6952198,0.6927739,0.6931472,0.51581454,-0.8432322,0.12593684,1.6611993,0.0,0.0,1.0,0.0,9,CNN+RNN+Transformer+Dense+CatBoost+LightGBM+VAE+XGBoost+LSTM
[LN1302   ] [chunk_19_phase_5_optimization.py] [info] 74,18.259338,2.3915112,2.4078455,2.4060438,8.610501,2.4105422,2920.0,0.53062826,0.0,0.42526773,0.0,11.395953,0.0,0.41210964,0.47000363,0.23111172,0.019802628,58.07,0.18232156,0.05826891,-0.18232156,0.69221365,0.56279665,0.69618094,0.692773,0.6775559,0.5527063,-1.56988,0.12620547,1.6567744,0.0,0.0,1.0,0.0,9,CNN+RNN+Transformer+Dense+CatBoost+LightGBM+VAE+XGBoost+LSTM
[LN1303   ] [chunk_19_phase_5_optimization.py] [info] 75,0.0,0.0,0.0,0.0,0.0,0.0,4559.0,0.0,0.0,0.0,0.0,0.0,0.0,0.0,0.0,0.0,0.0,0.0,0.0,0.0,0.0,0.0,0.0,0.0,0.0,0.0,0.0,0.0,0.0,0.0,1.0,0.0,0.0,0.0,9,CNN+RNN+Transformer+Dense+CatBoost+LightGBM+VAE+XGBoost+LSTM
[LN1304   ] [chunk_19_phase_5_optimization.py] [info] 76,19.619621,2.3978953,2.4379897,2.4248028,4.8751974,2.4379897,4709.0,1.22083,0.0,1.0043017,0.0,11.417196,1.1878434,0.9858168,1.0577903,0.81536484,0.039220713,63.46,0.90825856,0.0,-0.89199805,0.69043905,0.35557768,0.69874215,0.69043905,0.6839017,1.9551594,-4.3486667,0.6270972,1.6556005,0.0,0.0,1.0,0.0,9,CNN+RNN+Transformer+Dense+CatBoost+LightGBM+VAE+XGBoost+LSTM
[LN1305   ] [chunk_19_phase_5_optimization.py] [info] 77,18.56841,2.3942523,2.4123359,2.4123359,7.472501,2.4203682,4395.0,0.95551145,0.0,0.5187938,0.0,9.531772,0.5877867,0.28517893,0.18232156,0.13102826,0.0099503305,61.13,0.09531018,0.12221763,0.0,0.69148654,0.57883406,0.6969165,0.6931472,0.43805885,0.3137147,0.0,0.065905705,1.6595693,0.0,0.0,1.0,0.0,9,CNN+RNN+Transformer+Dense+CatBoost+LightGBM+VAE+XGBoost+LSTM
[LN1306   ] [chunk_19_phase_5_optimization.py] [info] 78,0.0,0.0,0.0,0.0,0.0,0.0,1971.0,0.0,0.0,0.0,0.0,0.0,0.0,0.0,0.0,0.0,0.0,0.0,0.0,0.0,0.0,0.0,0.0,0.0,0.0,0.0,0.0,0.0,0.0,0.0,1.0,0.0,0.0,0.0,9,CNN+RNN+Transformer+Dense+CatBoost+LightGBM+VAE+XGBoost+LSTM
[LN1307   ] [chunk_19_phase_5_optimization.py] [info] 79,0.0,0.0,0.0,0.0,0.0,0.0,4281.0,0.0,0.0,0.0,0.0,0.0,0.0,0.0,0.0,0.0,0.0,0.0,0.0,0.0,0.0,0.0,0.0,0.0,0.0,0.0,0.0,0.0,0.0,0.0,1.0,0.0,0.0,0.0,9,CNN+RNN+Transformer+Dense+CatBoost+LightGBM+VAE+XGBoost+LSTM
[LN1308   ] [chunk_19_phase_5_optimization.py] [info] 80,17.882141,2.3978953,2.4123359,2.4123359,4.0430512,2.4123359,2770.0,0.8109302,0.0,0.6259384,0.0,10.86973,0.95551145,0.5653138,0.63657683,0.36464313,0.019802628,70.11,0.27002713,0.0,0.0,0.6931472,0.3162368,0.69615376,0.6931472,0.6435083,0.874376,0.0,0.18716855,1.6620944,0.0,0.0,0.0,1.0,9,CNN+RNN+Transformer+Dense+CatBoost+LightGBM+VAE+XGBoost+LSTM
[LN1309   ] [chunk_19_phase_5_optimization.py] [info] 81,18.283142,2.3960755,2.4078455,2.4078455,8.344267,2.4078455,3994.0,0.74193734,0.0,0.5068176,0.0,11.681748,0.0,0.5068176,0.64185387,0.3987761,0.019802628,76.07,0.09531018,0.039220713,0.0,0.6931472,0.53900456,0.69560033,0.6931472,0.6931472,0.9554977,0.0,0.066063985,1.6608329,0.0,0.0,0.0,1.0,9,CNN+RNN+Transformer+Dense+CatBoost+LightGBM+VAE+XGBoost+LSTM
[LN1310   ] [chunk_19_phase_5_optimization.py] [info] 82,18.615425,2.3978953,2.4096441,2.4087453,9.845434,2.4114394,171.0,0.7178398,0.0,0.36464313,0.0,13.263065,0.0,0.36464313,0.0,0.36464313,0.039220713,0.0,0.13976194,0.029558802,-0.048790164,0.6925884,0.5552174,0.69540703,0.6929606,0.6931472,0.874376,-0.48036036,0.096797496,1.6616471,1.0,0.0,0.0,0.0,9,CNN+RNN+Transformer+Dense+CatBoost+LightGBM+VAE+XGBoost+LSTM
[LN1311   ] [chunk_19_phase_5_optimization.py] [info] 83,17.969538,2.3869262,2.4353662,2.4344902,8.934982,2.4362414,3812.0,1.816452,0.0,1.2499018,0.0,9.755626,1.427916,0.57097954,0.53062826,0.3001046,0.029558802,59.53,0.32930374,0.36464313,-0.09531018,0.6927877,0.65017706,0.7030613,0.6929673,0.37625566,0.71632755,-0.85159475,0.22813758,1.6540618,0.0,0.0,1.0,0.0,9,CNN+RNN+Transformer+Dense+CatBoost+LightGBM+VAE+XGBoost+LSTM
[LN1312   ] [chunk_19_phase_5_optimization.py] [info] 84,16.445238,2.3804717,2.4096441,2.4096441,7.4389715,2.419479,1102.0,0.87546873,0.0,0.64710325,0.0,8.805525,0.0,0.6259384,0.74193734,0.53062826,0.019802628,70.17,0.53062826,0.22314355,0.0,0.6911127,0.6123748,0.69925594,0.6931472,0.67665845,1.2631454,0.0,0.36672392,1.6500171,0.0,0.0,0.0,1.0,9,CNN+RNN+Transformer+Dense+CatBoost+LightGBM+VAE+XGBoost+LSTM
[LN1313   ] [chunk_19_phase_5_optimization.py] [info]   Total consensus rows: 84
[LN1314   ] [chunk_19_phase_5_optimization.py] [info] 
[LN1315   ] [chunk_19_phase_5_optimization.py] [info] FINAL PREDICTION RESULTS (sorted by inference_precision)
[LN1316   ] [chunk_19_phase_5_optimization.py] [info] 1. XGBoost      inference_precision=0.7745 inference_recall=0.0103 inference_auc=0.5154 inference_f1=0.0203 inference_fn=7613 inference_tn=4129 inference_tp=79 inference_fp=23
[LN1317   ] [chunk_19_phase_5_optimization.py] [info] 2. LSTM         inference_precision=0.6893 inference_recall=0.6652 inference_auc=0.5770 inference_f1=0.6771 inference_fn=2575 inference_tn=1846 inference_tp=5117 inference_fp=2306
[LN1318   ] [chunk_19_phase_5_optimization.py] [info] 3. Dense        inference_precision=0.6833 inference_recall=0.7720 inference_auc=0.5759 inference_f1=0.7249 inference_fn=1754 inference_tn=1400 inference_tp=5938 inference_fp=2752
[LN1319   ] [chunk_19_phase_5_optimization.py] [info] 4. RNN          inference_precision=0.6824 inference_recall=0.6119 inference_auc=0.5694 inference_f1=0.6452 inference_fn=2985 inference_tn=1961 inference_tp=4707 inference_fp=2191
[LN1320   ] [chunk_19_phase_5_optimization.py] [info] 5. LightGBM     inference_precision=0.6734 inference_recall=0.6702 inference_auc=0.5558 inference_f1=0.6718 inference_fn=2537 inference_tn=1652 inference_tp=5155 inference_fp=2500
[LN1321   ] [chunk_19_phase_5_optimization.py] [info] 6. CNN          inference_precision=0.6716 inference_recall=0.8775 inference_auc=0.5431 inference_f1=0.7609 inference_fn=942 inference_tn=851 inference_tp=6750 inference_fp=3301
[LN1322   ] [chunk_19_phase_5_optimization.py] [info] 7. Transformer  inference_precision=0.6646 inference_recall=0.6291 inference_auc=0.5306 inference_f1=0.6464 inference_fn=2853 inference_tn=1710 inference_tp=4839 inference_fp=2442
[LN1323   ] [chunk_19_phase_5_optimization.py] [info] 8. CatBoost     inference_precision=0.6575 inference_recall=0.8592 inference_auc=0.5158 inference_f1=0.7450 inference_fn=1083 inference_tn=710 inference_tp=6609 inference_fp=3442
[LN1324   ] [chunk_19_phase_5_optimization.py] [info] 9. VAE          inference_precision=0.6504 inference_recall=0.9272 inference_auc=0.5038 inference_f1=0.7645 inference_fn=560 inference_tn=319 inference_tp=7132 inference_fp=3833
[LN1325   ] [chunk_19_phase_5_optimization.py] [info] Best architecture: XGBoost (inference_precision: 0.7745)
[LN1326   ] [chunk_19_phase_5_optimization.py] [info] phase 5 total time: 15.2s
[LN1327   ] [chunk_19_phase_5_optimization.py] [info] data points evaluated: 11844 (date(s)=[20251022 20251023])
[LN1328   ] [chunk_20_pipeline_main.py] [info] [time] Total execution time: 49478.19s
[LN1329   ] [chunk_20_pipeline_main.py] [info] Phase timings:
[LN1330   ] [chunk_20_pipeline_main.py] [info]    Pipeline Setup: 11.23s
[LN1331   ] [chunk_20_pipeline_main.py] [info]    Temporal Weighting: 0.09s
[LN1332   ] [chunk_20_pipeline_main.py] [info]    Phase Xa: Raw Feature Importance: 1876.48s
[LN1333   ] [chunk_20_pipeline_main.py] [info]    Phase BE: Backward Elimination: 2000.18s
[LN1334   ] [chunk_20_pipeline_main.py] [info]    Neural Ensemble: 45565.60s
[LN1335   ] [chunk_20_pipeline_main.py] [info]    Phase Xb: Temporal Precision Gap: 0.06s
[LN1336   ] [chunk_20_pipeline_main.py] [info]    Prediction Optimization: 15.18s
[LN1337   ] [chunk_20_pipeline_main.py] [info] [stat] Final Results:
[LN1338   ] [chunk_20_pipeline_main.py] [info]    inference_precision=0.7857
[LN1339   ] [chunk_20_pipeline_main.py] [info]    inference_recall=0.0086
[LN1340   ] [chunk_20_pipeline_main.py] [info]    inference_f1=0.0170
[LN1341   ] [chunk_20_pipeline_main.py] [info]    inference_auc=0.5021
[LN1342   ] [chunk_20_pipeline_main.py] [info] METRICS REVIEW REPORT
[LN1343   ] [chunk_20_pipeline_main.py] [info] [architecture performance] (sorted by validation_precision)
[LN1344   ] [chunk_20_pipeline_main.py] [info] 1. CatBoost        validation_precision=0.5665 validation_recall=0.1490 validation_auc=0.4866 validation_true_positives= 4287 validation_false_positives= 3281 PASS (Minimum Validation_Precision Required=0.5)
[LN1345   ] [chunk_20_pipeline_main.py] [info] 2. XGBoost         validation_precision=0.5542 validation_recall=0.0846 validation_auc=0.4749 validation_true_positives= 2433 validation_false_positives= 1957 PASS (Minimum Validation_Precision Required=0.5)
[LN1346   ] [chunk_20_pipeline_main.py] [info] 3. Transformer     validation_precision=0.5505 validation_recall=0.3659 validation_auc=0.5015 validation_true_positives=10527 validation_false_positives= 8594 PASS (Minimum Validation_Precision Required=0.5)
[LN1347   ] [chunk_20_pipeline_main.py] [info] 4. Dense           validation_precision=0.5454 validation_recall=0.8298 validation_auc=0.5118 validation_true_positives=23876 validation_false_positives=19902 PASS (Minimum Validation_Precision Required=0.5)
[LN1348   ] [chunk_20_pipeline_main.py] [info] 5. VAE             validation_precision=0.5416 validation_recall=0.6168 validation_auc=0.5011 validation_true_positives=17747 validation_false_positives=15021 PASS (Minimum Validation_Precision Required=0.5)
[LN1349   ] [chunk_20_pipeline_main.py] [info] 6. CNN             validation_precision=0.5385 validation_recall=0.9276 validation_auc=0.5019 validation_true_positives=26692 validation_false_positives=22874 PASS (Minimum Validation_Precision Required=0.5)
[LN1350   ] [chunk_20_pipeline_main.py] [info] 7. LSTM            validation_precision=0.5343 validation_recall=0.3866 validation_auc=0.4802 validation_true_positives=11125 validation_false_positives= 9697 PASS (Minimum Validation_Precision Required=0.5)
[LN1351   ] [chunk_20_pipeline_main.py] [info] 8. LightGBM        validation_precision=0.5246 validation_recall=0.3686 validation_auc=0.4801 validation_true_positives=10605 validation_false_positives= 9612 PASS (Minimum Validation_Precision Required=0.5)
[LN1352   ] [chunk_20_pipeline_main.py] [info] 9. RNN             validation_precision=0.5223 validation_recall=0.5523 validation_auc=0.4802 validation_true_positives=15893 validation_false_positives=14535 PASS (Minimum Validation_Precision Required=0.5)
[LN1353   ] [chunk_20_pipeline_main.py] [info] [standardized metrics table]
[LN1354   ] [chunk_20_pipeline_main.py] [info] Architecture,Phase,Loss,Epochs,Precision,Recall,AUC,F1,TP,FP,TN,FN,MaxPred,MeanPred,StdPred,PctAboveThresh,BestEpoch,TrainingTime,LabelThresh,ThresholdSource,HPO_Trials,HPO_Improvement,KeyHyperparams,TrainLoss,ValLoss,LossDelta,MCC,PRAUC,Specificity,BalancedAccuracy,PredictionThreshold
[LN1355   ] [chunk_20_pipeline_main.py] [info] CatBoost,Train,binary_crossentropy,3,0.6786,0.6813,0.7463,0.6799,40689,19273,40316,19032,0.9947,0.5003,0.1381,N/A,0,0.0,0.0,section3,3,0.0000,learning_rate=0.03,0.0000,0.0000,0.0000,0.3579,0.7433,0.6766,0.6789,0.5
[LN1356   ] [chunk_20_pipeline_main.py] [info] CatBoost,Validation,binary_crossentropy,3,0.5665,0.1490,0.4866,0.2359,4287,3281,21199,24487,0.9947,0.3369,0.1581,N/A,0,0.0,0.0,section3,3,0.0000,learning_rate=0.03,0.0000,0.0000,0.0000,0.0214,0.5559,0.8660,0.5075,0.5
[LN1357   ] [chunk_20_pipeline_main.py] [info] CatBoost,Inference,binary_crossentropy,N/A,0.6575,0.8592,0.5158,0.7450,6609,3442,710,1083,0.9947,0.6249,0.1364,84.86,N/A,N/A,0.0,N/A,N/A,N/A,N/A,0.1710,0.8290,0.8095,0.0402,0.6547,0.5151,0.50
[LN1358   ] [chunk_20_pipeline_main.py] [info] LightGBM,Train,binary_crossentropy,3,0.7648,0.7580,0.8444,0.7614,45269,13922,45667,14452,0.9972,0.5001,0.1430,N/A,0,0.0,0.0,section3,3,0.0000,learning_rate=0.08,0.0000,0.0000,0.0000,0.5244,0.8427,0.7664,0.7622,0.5
[LN1359   ] [chunk_20_pipeline_main.py] [info] LightGBM,Validation,binary_crossentropy,3,0.5246,0.3686,0.4801,0.4329,10605,9612,14868,18169,0.9972,0.4412,0.1769,N/A,0,0.0,0.0,section3,3,0.0000,learning_rate=0.08,0.0000,0.0000,0.0000,-0.0247,0.5498,0.6074,0.4880,0.5
[LN1360   ] [chunk_20_pipeline_main.py] [info] LightGBM,Inference,binary_crossentropy,N/A,0.6734,0.6702,0.5558,0.6718,5155,2500,1652,2537,0.9972,0.5407,0.1396,64.63,N/A,N/A,0.0,N/A,N/A,N/A,N/A,0.3979,0.6021,0.6708,0.0679,0.6959,0.5340,0.50
[LN1361   ] [chunk_20_pipeline_main.py] [info] XGBoost,Train,binary_crossentropy,3,0.8721,0.0081,0.6050,0.0161,484,71,59518,59237,0.5168,0.5009,0.0049,N/A,0,0.0,0.0,section3,3,0.5146,learning_rate=0.05,0.0000,0.0000,0.0000,0.0508,0.5971,0.9988,0.5035,0.5
[LN1362   ] [chunk_20_pipeline_main.py] [info] XGBoost,Validation,binary_crossentropy,3,0.5542,0.0846,0.4749,0.1467,2433,1957,22523,26341,0.5168,0.4936,0.0058,N/A,0,0.0,0.0,section3,3,0.5146,learning_rate=0.05,0.0000,0.0000,0.0000,0.0000,0.5379,1.0000,0.5000,0.5
[LN1363   ] [chunk_20_pipeline_main.py] [info] XGBoost,Inference,binary_crossentropy,N/A,0.7745,0.0103,0.5154,0.0203,79,23,4129,7613,0.5199,0.5018,0.0026,0.86,N/A,N/A,0.0,N/A,N/A,N/A,N/A,0.9945,0.0055,0.0128,0.0244,0.6614,0.5024,0.52
[LN1364   ] [chunk_20_pipeline_main.py] [info] VAE,Train,binary_crossentropy,30,0.4999,0.9258,0.4981,0.6493,55290,55302,4287,4431,0.5429,0.5016,0.0017,N/A,30,0.0,0.0,section3,3,0.0000,dropout=0.05,learning_rate=0.0005,latent_dim=32,0.1583,0.1438,0.0144,-0.0043,0.4998,0.0719,0.4989,0.5
[LN1365   ] [chunk_20_pipeline_main.py] [info] VAE,Validation,binary_crossentropy,30,0.5416,0.6168,0.5011,0.5767,17747,15021,9459,11027,0.5429,0.5020,0.0079,N/A,30,0.0,0.0,section3,3,0.0000,dropout=0.05,learning_rate=0.0005,latent_dim=32,0.1583,0.1438,0.0144,0.0032,0.5407,0.3864,0.5016,0.5
[LN1366   ] [chunk_20_pipeline_main.py] [info] VAE,Inference,binary_crossentropy,N/A,0.6504,0.9272,0.5038,0.7645,7132,3833,319,560,0.5171,0.5016,0.0017,92.58,N/A,N/A,0.0,N/A,N/A,N/A,N/A,0.0768,0.9232,0.8545,0.0073,0.6517,0.5020,0.50
[LN1367   ] [chunk_20_pipeline_main.py] [info] Dense,Train,binary_crossentropy,15,0.5523,0.6028,0.5831,0.5764,36000,29185,30404,23721,0.8463,0.5007,0.0614,N/A,15,0.0,0.0,section3,3,0.0000,units=1024,layers=3,dropout=0.1,learning_rate=0.0001,0.2422,0.1804,0.0618,0.1135,0.5810,0.5102,0.5565,0.5
[LN1368   ] [chunk_20_pipeline_main.py] [info] Dense,Validation,binary_crossentropy,15,0.5454,0.8298,0.5118,0.6582,23876,19902,4578,4898,0.8463,0.5334,0.0438,N/A,15,0.0,0.0,section3,3,0.0000,units=1024,layers=3,dropout=0.1,learning_rate=0.0001,0.2422,0.1804,0.0618,0.0219,0.5624,0.1870,0.5084,0.5
[LN1369   ] [chunk_20_pipeline_main.py] [info] Dense,Inference,binary_crossentropy,N/A,0.6833,0.7720,0.5759,0.7249,5938,2752,1400,1754,0.7615,0.5248,0.0639,73.37,N/A,N/A,0.0,N/A,N/A,N/A,N/A,0.3372,0.6628,0.7524,0.1178,0.7062,0.5546,0.50
[LN1370   ] [chunk_20_pipeline_main.py] [info] CNN,Train,binary_crossentropy,15,0.5195,0.8601,0.5339,0.6478,51369,47512,12077,8352,0.7606,0.5009,0.0431,N/A,15,0.0,0.0,section3,3,0.0000,filters=512,layers=3,dropout=0.1,learning_rate=0.002,0.1652,0.1226,0.0427,0.0834,0.5191,0.2027,0.5314,0.5
[LN1371   ] [chunk_20_pipeline_main.py] [info] CNN,Validation,binary_crossentropy,15,0.5385,0.9276,0.5019,0.6814,26692,22874,1606,2082,0.7606,0.5045,0.0198,N/A,15,0.0,0.0,section3,3,0.0000,filters=512,layers=3,dropout=0.1,learning_rate=0.002,0.1652,0.1226,0.0427,-0.0133,0.5480,0.0656,0.4966,0.5
[LN1372   ] [chunk_20_pipeline_main.py] [info] CNN,Inference,binary_crossentropy,N/A,0.6716,0.8775,0.5431,0.7609,6750,3301,851,942,0.5185,0.5029,0.0417,84.86,N/A,N/A,0.0,N/A,N/A,N/A,N/A,0.2050,0.7950,0.8268,0.1098,0.6710,0.5412,0.50
[LN1373   ] [chunk_20_pipeline_main.py] [info] RNN,Train,binary_crossentropy,3,0.5676,0.6374,0.6102,0.6005,38067,29000,30589,21654,0.9804,0.5048,0.0856,N/A,0,0.0,0.0,section3,3,0.0000,units=64,layers=1,dropout=0.0,learning_rate=0.001,0.0000,0.0000,0.0000,0.1519,0.6094,0.5133,0.5754,0.5
[LN1374   ] [chunk_20_pipeline_main.py] [info] RNN,Validation,binary_crossentropy,3,0.5223,0.5523,0.4802,0.5369,15893,14535,9945,12881,0.9804,0.5163,0.0708,N/A,0,0.0,0.0,section3,3,0.0000,units=64,layers=1,dropout=0.0,learning_rate=0.001,0.0000,0.0000,0.0000,-0.0417,0.5466,0.4062,0.4793,0.5
[LN1375   ] [chunk_20_pipeline_main.py] [info] RNN,Inference,binary_crossentropy,N/A,0.6824,0.6119,0.5694,0.6452,4707,2191,1961,2985,0.9804,0.5149,0.1081,58.24,N/A,N/A,0.0,N/A,N/A,N/A,N/A,0.4723,0.5277,0.6248,0.0815,0.7038,0.5421,0.50
[LN1376   ] [chunk_20_pipeline_main.py] [info] LSTM,Train,binary_crossentropy,3,0.5498,0.5901,0.5789,0.5692,35242,28858,30731,24479,0.9693,0.5005,0.0726,N/A,0,0.0,0.0,section3,3,0.0000,lstm_units=32,layers=1,dropout=0.1,learning_rate=0.001,0.0000,0.0000,0.0000,0.1061,0.5797,0.5157,0.5529,0.5
[LN1377   ] [chunk_20_pipeline_main.py] [info] LSTM,Validation,binary_crossentropy,3,0.5343,0.3866,0.4802,0.4486,11125,9697,14783,17649,0.9693,0.5052,0.0660,N/A,0,0.0,0.0,section3,3,0.0000,lstm_units=32,layers=1,dropout=0.1,learning_rate=0.001,0.0000,0.0000,0.0000,-0.0097,0.5435,0.6039,0.4953,0.5
[LN1378   ] [chunk_20_pipeline_main.py] [info] LSTM,Inference,binary_crossentropy,N/A,0.6893,0.6652,0.5770,0.6771,5117,2306,1846,2575,0.9693,0.5071,0.0865,62.67,N/A,N/A,0.0,N/A,N/A,N/A,N/A,0.4446,0.5554,0.6699,0.1084,0.7016,0.5549,0.50
[LN1379   ] [chunk_20_pipeline_main.py] [info] Transformer,Train,binary_crossentropy,3,0.5436,0.4789,0.5518,0.5092,28600,24015,35574,31121,0.8682,0.4976,0.0548,N/A,0,0.0,0.0,section3,3,0.0000,layers=2,dim=128,heads=2,dropout=0.2,learning_rate=0.0001,0.0000,0.0000,0.0000,0.0764,0.5568,0.5970,0.5379,0.5
[LN1380   ] [chunk_20_pipeline_main.py] [info] Transformer,Validation,binary_crossentropy,3,0.5505,0.3659,0.5015,0.4396,10527,8594,15886,18247,0.8682,0.4840,0.0527,N/A,0,0.0,0.0,section3,3,0.0000,layers=2,dim=128,heads=2,dropout=0.2,learning_rate=0.0001,0.0000,0.0000,0.0000,0.0154,0.5600,0.6489,0.5074,0.5
[LN1381   ] [chunk_20_pipeline_main.py] [info] Transformer,Inference,binary_crossentropy,N/A,0.6646,0.6291,0.5306,0.6464,4839,2442,1710,2853,0.9457,0.5206,0.0589,61.47,N/A,N/A,0.0,N/A,N/A,N/A,N/A,0.4118,0.5882,0.6359,0.0401,0.6719,0.5205,0.50
[LN1382   ] [chunk_20_pipeline_main.py] [info] [info] CSV saved to metrics_summary.csv
[LN1383   ] [chunk_20_pipeline_main.py] [info] END OF METRICS REVIEW
[LN1384   ] [pipeline] [info] Pipeline execution validated successfully
Stock Analysis Pipeline completed successfully!
